Timestamp,Buy_Price,Sell_Price
177427223.1669,13178.9,12061.4
177427225.1669,13178.9,12061.4
177427227.1669,13178.9,12061.4
177427229.1669,13178.9,12061.4
177427231.1669,13178.9,12061.4
177427233.1669,13178.9,12061.4
177427235.1669,13178.9,12061.4
177427237.1669,13178.9,12061.4
177427239.1669,13178.9,12061.4
177427241.1669,13178.9,12061.4
177427243.1669,13178.9,12061.4
177427245.1669,13178.9,12061.4
177427247.1669,13178.9,12061.4
177427249.1669,13178.9,12061.4
177427251.1669,13178.9,12061.4
177427253.1669,13178.9,12061.4
177427255.1669,13178.9,12061.4
177427257.1669,13178.9,12061.4
177427259.1669,13178.8,12061.4
177427261.1669,13178.8,12061.4
177427263.1669,13178.8,12061.4
177427265.1669,13178.8,12061.4
177427267.1669,13178.8,12061.4
177427269.1669,13178.8,12061.4
177427271.1669,13178.8,12061.4
177427273.1669,13178.8,12061.4
177427275.1669,13178.699999999999,12061.4
177427277.1669,13178.699999999999,12061.4
177427279.1669,13178.699999999999,12061.4
177427281.1669,13178.699999999999,12061.4
177427283.1669,13178.699999999999,12061.4
177427285.1669,13178.699999999999,12061.4
177427287.1669,13178.699999999999,12061.4
177427289.1669,13178.699999999999,12061.4
177427291.1669,13178.699999999999,12061.4
177427293.1669,13178.699999999999,12061.4
177427295.1669,13178.699999999999,12061.4
177427297.1669,13178.699999999999,12061.4
177427299.1669,13178.699999999999,12061.4
177427301.1669,13178.699999999999,12061.4
177427303.1669,13178.699999999999,12061.4
177427305.1669,13178.699999999999,12061.4
177427307.1669,13178.699999999999,12061.4
177427309.1669,13178.699999999999,12061.4
177427311.1669,13178.699999999999,12061.4
177427313.1669,13178.699999999999,12061.4
177427315.1669,13178.699999999999,12061.4
177427317.1669,13178.699999999999,12061.199999999999
177427319.1669,13178.699999999999,12061.199999999999
177427321.1669,13178.699999999999,12061.199999999999
177427323.1669,13178.699999999999,12061.199999999999
177427325.1669,13178.699999999999,12061.199999999999
177427327.1669,13178.699999999999,12061.199999999999
177427329.1669,13178.699999999999,12061.199999999999
177427331.1669,13178.699999999999,12061.199999999999
177427333.1669,13178.699999999999,12061.199999999999
177427335.1669,13178.699999999999,12061.199999999999
177427337.1669,13178.699999999999,12061.199999999999
177427339.1669,13178.699999999999,12061.199999999999
177427341.1669,13178.699999999999,12061.199999999999
177427343.1669,13178.699999999999,12061.199999999999
177427345.1669,13178.599999999999,12061.199999999999
177427347.1669,13178.599999999999,12061.199999999999
177427349.1669,13178.599999999999,12061.199999999999
177427351.1669,13178.599999999999,12061.199999999999
177427353.1669,13178.599999999999,12061.199999999999
177427355.1669,13178.599999999999,12061.199999999999
177427357.1669,13178.599999999999,12061.199999999999
177427359.1669,13178.599999999999,12061.199999999999
177427361.1669,13178.599999999999,12061.199999999999
177427363.1669,13178.599999999999,12061.199999999999
177427365.1669,13178.499999999998,12061.199999999999
177427367.1669,13178.499999999998,12061.199999999999
177427369.1669,13178.499999999998,12061.199999999999
177427371.1669,13178.499999999998,12061.199999999999
177427373.1669,13178.499999999998,12061.199999999999
177427375.1669,13178.499999999998,12061.199999999999
177427377.1669,13178.499999999998,12061.199999999999
177427379.1669,13178.499999999998,12061.199999999999
177427381.1669,13178.499999999998,12061.199999999999
177427383.1669,13178.499999999998,12061.199999999999
177427385.1669,13178.499999999998,12061.199999999999
177427387.1669,13178.499999999998,12061.199999999999
177427389.1669,13178.499999999998,12061.199999999999
177427391.1669,13178.499999999998,12061.199999999999
177427393.1669,13179.099999999999,12061.199999999999
177427395.1669,13179.099999999999,12061.099999999999
177427397.1669,13179.099999999999,12061.099999999999
177427399.1669,13179.099999999999,12061.099999999999
177427401.1669,13179.099999999999,12061.099999999999
177427403.1669,13179.099999999999,12061.099999999999
177427405.1669,13179.099999999999,12061.099999999999
177427407.1669,13179.099999999999,12061.099999999999
177427409.1669,13179.099999999999,12061.099999999999
177427411.1669,13179.099999999999,12061.199999999999
177427413.1669,13179.099999999999,12061.199999999999
177427415.1669,13179.099999999999,12061.199999999999
177427417.1669,13179.099999999999,12061.199999999999
177427419.1669,13179.099999999999,12061.199999999999
177427421.1669,13179.099999999999,12061.199999999999
177427423.1669,13179.099999999999,12061.199999999999
177427425.1669,13179.099999999999,12061.199999999999
177427427.1669,13179.099999999999,12061.199999999999
177427429.1669,13179.099999999999,12061.199999999999
177427431.1669,13178.999999999998,12061.199999999999
177427433.1669,13178.999999999998,12061.199999999999
177427435.1669,13178.999999999998,12061.199999999999
177427437.1669,13178.999999999998,12061.199999999999
177427439.1669,13178.999999999998,12061.199999999999
177427441.1669,13178.999999999998,12061.199999999999
177427443.1669,13178.899999999998,12061.199999999999
177427445.1669,13178.899999999998,12061.199999999999
177427447.1669,13178.899999999998,12061.199999999999
177427449.1669,13178.899999999998,12061.199999999999
177427451.1669,13178.899999999998,12061.199999999999
177427453.1669,13178.899999999998,12061.199999999999
177427455.1669,13178.899999999998,12061.199999999999
177427457.1669,13178.899999999998,12061.199999999999
177427459.1669,13178.899999999998,12061.199999999999
177427461.1669,13178.899999999998,12061.199999999999
177427463.1669,13178.899999999998,12061.199999999999
177427465.1669,13178.899999999998,12061.199999999999
177427467.1669,13178.899999999998,12061.199999999999
177427469.1669,13178.899999999998,12061.199999999999
177427471.1669,13178.899999999998,12061.199999999999
177427473.1669,13178.899999999998,12061.199999999999
177427475.1669,13178.899999999998,12061.199999999999
177427477.1669,13178.899999999998,12061.199999999999
177427479.1669,13178.899999999998,12061.199999999999
177427481.1669,13178.899999999998,12061.199999999999
177427483.1669,13178.899999999998,12061.199999999999
177427485.1669,13178.899999999998,12061.199999999999
177427487.1669,13178.899999999998,12061.199999999999
177427489.1669,13178.899999999998,12061.199999999999
177427491.1669,13178.899999999998,12061.199999999999
177427493.1669,13178.899999999998,12061.199999999999
177427495.1669,13178.899999999998,12061.199999999999
177427497.1669,13178.899999999998,12061.199999999999
177427499.1669,13178.899999999998,12061.199999999999
177427501.1669,13178.899999999998,12061.199999999999
177427503.1669,13178.899999999998,12061.199999999999
177427505.1669,13178.799999999997,12061.199999999999
177427507.1669,13178.799999999997,12061.199999999999
177427509.1669,13178.799999999997,12061.199999999999
177427511.1669,13178.799999999997,12061.199999999999
177427513.1669,13178.799999999997,12061.199999999999
177427515.1669,13178.799999999997,12061.199999999999
177427517.1669,13178.799999999997,12061.199999999999
177427519.1669,13178.699999999997,12061.199999999999
177427521.1669,13178.699999999997,12061.199999999999
177427523.1669,13178.699999999997,12061.199999999999
177427525.1669,13178.699999999997,12061.199999999999
177427527.1669,13178.699999999997,12061.199999999999
177427529.1669,13178.699999999997,12061.199999999999
177427531.1669,13178.699999999997,12061.199999999999
177427533.1669,13178.699999999997,12061.199999999999
177427535.1669,13178.699999999997,12061.199999999999
177427537.1669,13178.699999999997,12061.199999999999
177427539.1669,13178.699999999997,12061.199999999999
177427541.1669,13178.699999999997,12061.199999999999
177427543.1669,13178.699999999997,12061.199999999999
177427545.1669,13178.699999999997,12061.199999999999
177427547.1669,13178.699999999997,12061.199999999999
177427549.1669,13178.899999999998,12061.199999999999
177427551.1669,13178.899999999998,12061.199999999999
177427553.1669,13178.899999999998,12061.199999999999
177427555.1669,13178.799999999997,12061.199999999999
177427557.1669,13178.799999999997,12061.199999999999
177427559.1669,13178.799999999997,12061.199999999999
177427561.1669,13178.799999999997,12061.199999999999
177427563.1669,13178.799999999997,12299.999999999998
177427565.1669,13178.799999999997,12299.999999999998
177427567.1669,13178.799999999997,12299.999999999998
177427569.1669,13178.799999999997,12299.999999999998
177427571.1669,13178.799999999997,12299.999999999998
177427573.1669,13178.799999999997,12299.999999999998
177427575.1669,13178.799999999997,12299.999999999998
177427577.1669,13178.799999999997,12299.999999999998
177427579.1669,13178.799999999997,12299.999999999998
177427581.1669,13178.799999999997,12299.999999999998
177427583.1669,13178.799999999997,12299.999999999998
177427585.1669,13178.799999999997,12299.999999999998
177427587.1669,13178.799999999997,12299.999999999998
177427589.1669,13178.799999999997,12299.999999999998
177427591.1669,13178.799999999997,12299.999999999998
177427593.1669,13178.799999999997,12299.999999999998
177427595.1669,13178.799999999997,12299.999999999998
177427597.1669,13178.799999999997,12299.999999999998
177427599.1669,13178.799999999997,12299.999999999998
177427601.1669,13178.799999999997,12299.999999999998
177427603.1669,13178.799999999997,12299.999999999998
177427605.1669,13178.799999999997,12299.999999999998
177427607.1669,13178.799999999997,12299.999999999998
177427609.1669,13178.799999999997,12299.999999999998
177427611.1669,13178.799999999997,12299.999999999998
177427613.1669,13178.799999999997,12299.999999999998
177427615.1669,13178.799999999997,12299.999999999998
177427617.1669,13178.799999999997,12299.999999999998
177427619.1669,13178.799999999997,12299.999999999998
177427621.1669,13178.799999999997,12299.999999999998
177427623.1669,13178.799999999997,12299.999999999998
177427625.1669,13178.799999999997,12299.999999999998
177427627.1669,13178.799999999997,12299.999999999998
177427629.1669,13178.799999999997,12299.999999999998
177427631.1669,13178.799999999997,12299.999999999998
177427633.1669,13178.799999999997,12299.999999999998
177427635.1669,13178.799999999997,12299.999999999998
177427637.1669,13178.799999999997,12299.999999999998
177427639.1669,13178.799999999997,12299.999999999998
177427641.1669,13178.799999999997,12299.999999999998
177427643.1669,13178.799999999997,12299.999999999998
177427645.1669,13178.799999999997,12299.999999999998
177427647.1669,13178.799999999997,12299.999999999998
177427649.1669,13178.799999999997,12299.999999999998
177427651.1669,13178.799999999997,12299.999999999998
177427653.1669,13178.799999999997,12299.999999999998
177427655.1669,13178.799999999997,12299.999999999998
177427657.1669,13178.799999999997,12299.999999999998
177427659.1669,13178.799999999997,12299.999999999998
177427661.1669,13178.799999999997,12299.999999999998
177427663.1669,13178.799999999997,12299.999999999998
177427665.1669,13178.799999999997,12299.999999999998
177427667.1669,13178.799999999997,12299.999999999998
177427669.1669,13178.799999999997,12299.999999999998
177427671.1669,13178.799999999997,12299.999999999998
177427673.1669,13178.899999999998,12299.999999999998
177427675.1669,13178.899999999998,12299.999999999998
177427677.1669,13178.899999999998,12299.999999999998
177427679.1669,13178.899999999998,12299.999999999998
177427681.1669,13178.899999999998,12299.999999999998
177427683.1669,13178.899999999998,12299.999999999998
177427685.1669,13178.899999999998,12299.999999999998
177427687.1669,13178.899999999998,12299.999999999998
177427689.1669,13178.899999999998,12299.999999999998
177427691.1669,13178.899999999998,12299.999999999998
177427693.1669,13178.899999999998,12299.999999999998
177427695.1669,13178.899999999998,12299.999999999998
177427697.1669,13178.899999999998,12061.199999999999
177427699.1669,13178.899999999998,12061.199999999999
177427701.1669,13178.899999999998,12061.199999999999
177427703.1669,13178.899999999998,12061.199999999999
177427705.1669,13178.899999999998,12061.199999999999
177427707.1669,13178.899999999998,12061.199999999999
177427709.1669,13178.899999999998,12061.199999999999
177427711.1669,13178.899999999998,12061.199999999999
177427713.1669,13178.899999999998,12061.199999999999
177427715.1669,13178.899999999998,12061.199999999999
177427717.1669,13178.899999999998,12061.199999999999
177427719.1669,13178.899999999998,12061.199999999999
177427721.1669,13178.799999999997,12061.199999999999
177427723.1669,13178.799999999997,12061.199999999999
177427725.1669,13178.799999999997,12061.199999999999
177427727.1669,13178.799999999997,12061.199999999999
177427729.1669,13178.799999999997,12061.199999999999
177427731.1669,13178.799999999997,12061.199999999999
177427733.1669,13178.799999999997,12061.199999999999
177427735.1669,13178.799999999997,12061.199999999999
177427737.1669,13066.999999999998,12061.199999999999
177427739.1669,13066.899999999998,12061.199999999999
177427741.1669,13066.899999999998,12061.199999999999
177427743.1669,13066.899999999998,12061.199999999999
177427745.1669,13066.899999999998,12061.199999999999
177427747.1669,13066.999999999998,12061.199999999999
177427749.1669,13066.999999999998,12061.199999999999
177427751.1669,13066.999999999998,12061.199999999999
177427753.1669,13066.999999999998,12061.199999999999
177427755.1669,13066.999999999998,12061.199999999999
177427757.1669,13066.999999999998,12061.199999999999
177427759.1669,13066.999999999998,12061.199999999999
177427761.1669,13066.999999999998,12061.199999999999
177427763.1669,13066.999999999998,12061.199999999999
177427765.1669,13066.999999999998,12061.199999999999
177427767.1669,13066.999999999998,12061.199999999999
177427769.1669,13066.999999999998,12061.199999999999
177427771.1669,13066.999999999998,12061.199999999999
177427773.1669,13066.999999999998,12061.199999999999
177427775.1669,13066.999999999998,12061.199999999999
177427777.1669,13066.999999999998,12061.199999999999
177427779.1669,13066.999999999998,12061.199999999999
177427781.1669,13066.999999999998,12061.199999999999
177427783.1669,13066.999999999998,12061.199999999999
177427785.1669,13066.999999999998,12061.199999999999
177427787.1669,13066.999999999998,12061.199999999999
177427789.1669,13066.999999999998,12061.199999999999
177427791.1669,13066.999999999998,12061.199999999999
177427793.1669,13066.999999999998,12061.199999999999
177427795.1669,13066.999999999998,12061.199999999999
177427797.1669,13066.999999999998,12061.199999999999
177427799.1669,13066.999999999998,12061.199999999999
177427801.1669,13066.999999999998,12061.199999999999
177427805.1669,13066.999999999998,12061.199999999999
177427807.1669,13066.999999999998,12061.199999999999
177427809.1669,13066.999999999998,12061.199999999999
177427811.1669,13066.999999999998,12061.199999999999
177427813.1669,13066.999999999998,12061.199999999999
177427815.1669,13066.999999999998,12061.199999999999
177427817.1669,13066.999999999998,12061.199999999999
177427819.1669,13066.999999999998,12061.199999999999
177427821.1669,13066.899999999998,12061.199999999999
177427823.1669,13066.899999999998,12061.199999999999
177427825.1669,13066.899999999998,12061.199999999999
177427827.1669,13066.899999999998,12061.199999999999
177427829.1669,13066.899999999998,12061.199999999999
177427831.1669,13066.899999999998,12061.199999999999
177427833.1669,13066.899999999998,12061.199999999999
177427835.1669,13066.899999999998,12061.199999999999
177427837.1669,13066.899999999998,12061.199999999999
177427839.1669,13066.899999999998,12061.199999999999
177427841.1669,13066.899999999998,12061.199999999999
177427843.1669,13066.899999999998,12061.199999999999
177427845.1669,13066.899999999998,12061.199999999999
177427847.1669,13066.899999999998,12061.199999999999
177427849.1669,13066.899999999998,12061.199999999999
177427851.1669,13066.899999999998,12061.199999999999
177427853.1669,13066.899999999998,12061.199999999999
177427855.1669,13066.899999999998,12061.199999999999
177427857.1669,13178.899999999998,12061.199999999999
177427859.1669,13178.899999999998,12061.199999999999
177427861.1669,13178.899999999998,12061.199999999999
177427863.1669,13178.899999999998,12061.199999999999
177427865.1669,13178.899999999998,12061.199999999999
177427867.1669,13178.899999999998,12061.199999999999
177427869.1669,13178.799999999997,12061.199999999999
177427871.1669,13178.799999999997,12061.199999999999
177427873.1669,13178.799999999997,12061.199999999999
177427875.1669,13178.799999999997,12061.199999999999
177427877.1669,13178.799999999997,12061.199999999999
177427879.1669,13178.799999999997,12061.199999999999
177427881.1669,13178.799999999997,12061.199999999999
177427883.1669,13178.799999999997,12061.199999999999
177427885.1669,13178.799999999997,12061.199999999999
177427887.1669,13178.799999999997,12061.199999999999
177427889.1669,13178.799999999997,12061.199999999999
177427891.1669,13178.799999999997,12061.199999999999
177427893.1669,13178.799999999997,12061.199999999999
177427895.1669,13178.799999999997,12061.199999999999
177427897.1669,13178.799999999997,12061.199999999999
177427899.1669,13178.799999999997,12061.199999999999
177427901.1669,13178.799999999997,12061.199999999999
177427903.1669,13178.799999999997,12061.199999999999
177427905.1669,13178.799999999997,12061.199999999999
177427907.1669,13178.799999999997,12061.199999999999
177427909.1669,13178.799999999997,12061.199999999999
177427911.1669,13178.799999999997,12061.199999999999
177427913.1669,13178.799999999997,12061.199999999999
177427915.1669,13178.799999999997,12061.199999999999
177427917.1669,13178.799999999997,12061.099999999999
177427919.1669,13178.799999999997,12061.099999999999
177427921.1669,13178.799999999997,12061.099999999999
177427923.1669,13178.799999999997,12061.099999999999
177427925.1669,13178.899999999998,12061.099999999999
177427927.1669,13178.899999999998,12061.099999999999
177427929.1669,13178.899999999998,12061.099999999999
177427931.1669,13178.799999999997,12061.099999999999
177427933.1669,13178.799999999997,12061.099999999999
177427935.1669,13178.799999999997,12061.099999999999
177427937.1669,13178.899999999998,12061.099999999999
177427939.1669,13178.899999999998,12061.099999999999
177427941.1669,13178.899999999998,12061.099999999999
177427943.1669,13178.899999999998,12061.099999999999
177427945.1669,13178.899999999998,12061.099999999999
177427947.1669,13178.799999999997,12061.099999999999
177427949.1669,13178.799999999997,12061.099999999999
177427951.1669,13178.799999999997,12061.099999999999
177427953.1669,13178.799999999997,12061.099999999999
177427955.1669,13178.799999999997,12061.099999999999
177427957.1669,13178.799999999997,12061.099999999999
177427959.1669,13178.799999999997,12061.099999999999
177427961.1669,13178.799999999997,12061.099999999999
177427963.1669,13178.799999999997,12061.099999999999
177427965.1669,13178.799999999997,12061.099999999999
177427967.1669,13178.799999999997,12061.099999999999
177427969.1669,13178.799999999997,12061.099999999999
177427971.1669,13178.799999999997,12061.099999999999
177427973.1669,13178.799999999997,12061.099999999999
177427975.1669,13178.799999999997,12061.099999999999
177427977.1669,13178.799999999997,12061.099999999999
177427979.1669,13178.799999999997,12061.099999999999
177427981.1669,13178.799999999997,12061.099999999999
177427983.1669,13178.799999999997,12061.099999999999
177427985.1669,13178.799999999997,12061.099999999999
177427987.1669,13178.799999999997,12061.099999999999
177427989.1669,13178.799999999997,12061.099999999999
177427991.1669,13178.799999999997,12061.099999999999
177427993.1669,13178.799999999997,12061.099999999999
177427995.1669,13178.799999999997,12061.099999999999
177427997.1669,13178.799999999997,12061.099999999999
177427999.1669,13178.799999999997,12061.099999999999
177428001.1669,13178.799999999997,12061.099999999999
177428003.1669,13178.799999999997,12061.099999999999
177428005.1669,13178.799999999997,12061.099999999999
177428007.1669,13178.799999999997,12061.099999999999
177428009.1669,13178.799999999997,12061.099999999999
177428011.1669,13178.799999999997,12061.099999999999
177428013.1669,13178.799999999997,12061.099999999999
177428015.1669,13178.799999999997,12061.099999999999
177428017.1669,13178.799999999997,12061.099999999999
177428019.1669,13178.799999999997,12061.099999999999
177428021.1669,13178.799999999997,12061.099999999999
177428023.1669,13178.799999999997,12061.099999999999
177428025.1669,13178.799999999997,12061.099999999999
177428027.1669,13178.799999999997,12061.099999999999
177428029.1669,13178.799999999997,12061.099999999999
177428031.1669,13178.699999999997,12061.099999999999
177428033.1669,13178.699999999997,12061.099999999999
177428035.1669,13178.699999999997,12061.099999999999
177428037.1669,13178.699999999997,12061.099999999999
177428039.1669,13178.699999999997,12061.099999999999
177428041.1669,13178.699999999997,12061.099999999999
177428043.1669,13178.699999999997,12061.099999999999
177428045.1669,13178.699999999997,12061.099999999999
177428047.1669,13178.699999999997,12061.099999999999
177428049.1669,13178.699999999997,12061.099999999999
177428051.1669,13178.699999999997,12061.099999999999
177428053.1669,13178.599999999997,12061.099999999999
177428055.1669,13178.599999999997,12061.099999999999
177428057.1669,13178.599999999997,12061.099999999999
177428059.1669,13178.599999999997,12061.099999999999
177428061.1669,13178.599999999997,12061.099999999999
177428063.1669,13178.599999999997,12061.099999999999
177428065.1669,13178.599999999997,12061.099999999999
177428067.1669,13178.599999999997,12061.099999999999
177428069.1669,13178.599999999997,12061.099999999999
177428071.1669,13178.599999999997,12061.099999999999
177428073.1669,13178.599999999997,12061.099999999999
177428075.1669,13178.599999999997,12061.099999999999
177428077.1669,13178.599999999997,12061.099999999999
177428079.1669,13178.599999999997,12061.099999999999
177428081.1669,13178.599999999997,12061.099999999999
177428083.1669,13178.599999999997,12061.099999999999
177428085.1669,13178.599999999997,12061.099999999999
177428087.1669,13178.499999999996,12061.099999999999
177428089.1669,13178.499999999996,12061.099999999999
177428091.1669,13178.499999999996,12061.099999999999
177428093.1669,13178.299999999996,12061.099999999999
177428095.1669,13178.399999999996,12061.099999999999
177428097.1669,13178.399999999996,12061.099999999999
177428099.1669,13178.399999999996,12061.099999999999
177428101.1669,13178.399999999996,12061.099999999999
177428103.1669,13178.399999999996,12061.099999999999
177428105.1669,13178.399999999996,12061.099999999999
177428107.1669,13178.399999999996,12061.099999999999
177428109.1669,13178.399999999996,12061.099999999999
177428111.1669,13178.399999999996,12061.099999999999
177428113.1669,13178.399999999996,12061.099999999999
177428115.1669,13178.399999999996,12061.099999999999
177428117.1669,13178.399999999996,12061.099999999999
177428119.1669,13178.399999999996,12061.099999999999
177428121.1669,13178.399999999996,12061.099999999999
177428123.1669,13178.399999999996,12061.099999999999
177428125.1669,13178.399999999996,12061.099999999999
177428127.1669,13178.399999999996,12061.099999999999
177428129.1669,13178.399999999996,12061.099999999999
177428131.1669,13178.399999999996,12061.099999999999
177428133.1669,13178.399999999996,12061.099999999999
177428135.1669,13178.399999999996,12061.099999999999
177428137.1669,13178.399999999996,12061.099999999999
177428139.1669,13178.399999999996,12061.099999999999
177428141.1669,13178.399999999996,12061.099999999999
177428143.1669,13178.399999999996,12061.099999999999
177428145.1669,13178.399999999996,12061.099999999999
177428147.1669,13178.399999999996,12061.099999999999
177428149.1669,13178.399999999996,12061.099999999999
177428151.1669,13178.399999999996,12061.099999999999
177428153.1669,13178.399999999996,12061.099999999999
177428155.1669,13178.399999999996,12061.099999999999
177428157.1669,13178.399999999996,12061.099999999999
177428159.1669,13178.399999999996,12061.099999999999
177428161.1669,13178.399999999996,12061.099999999999
177428163.1669,13178.399999999996,12061.099999999999
177428165.1669,13178.399999999996,12061.099999999999
177428167.1669,13178.399999999996,12061.099999999999
177428169.1669,13066.699999999995,12061.099999999999
177428171.1669,13066.699999999995,12061.099999999999
177428173.1669,13066.699999999995,12061.099999999999
177428175.1669,13066.699999999995,12061.099999999999
177428177.1669,13066.699999999995,12061.099999999999
177428179.1669,13066.699999999995,12061.099999999999
177428181.1669,13066.699999999995,12061.099999999999
177428183.1669,13066.699999999995,12061.099999999999
177428185.1669,13066.699999999995,12061.099999999999
177428187.1669,13066.699999999995,12061.099999999999
177428189.1669,13066.599999999995,12061.099999999999
177428191.1669,13066.599999999995,12061.099999999999
177428193.1669,13066.599999999995,12061.099999999999
177428195.1669,13066.599999999995,12061.199999999999
177428197.1669,13066.599999999995,12061.199999999999
177428199.1669,13066.599999999995,12061.199999999999
177428201.1669,12966.099999999995,12061.199999999999
177428203.1669,12966.099999999995,12061.199999999999
177428205.1669,12966.099999999995,12061.3
177428207.1669,12966.099999999995,12061.3
177428209.1669,12966.099999999995,12061.3
177428211.1669,12966.099999999995,12061.3
177428213.1669,12966.099999999995,12061.3
177428215.1669,12966.099999999995,12061.3
177428217.1669,12966.099999999995,12061.3
177428219.1669,12966.099999999995,12061.3
177428221.1669,12966.099999999995,12061.3
177428223.1669,12965.999999999995,12061.3
177428225.1669,12965.999999999995,12061.3
177428227.1669,12965.999999999995,12061.3
177428229.1669,12965.999999999995,12061.3
177428231.1669,12965.999999999995,12061.3
177428233.1669,12965.999999999995,12061.3
177428235.1669,12965.999999999995,12061.3
177428237.1669,12965.999999999995,12061.3
177428239.1669,12965.999999999995,12061.3
177428241.1669,12965.999999999995,12061.3
177428243.1669,12965.999999999995,12061.3
177428245.1669,12965.999999999995,12061.3
177428247.1669,12965.999999999995,12061.3
177428249.1669,12965.999999999995,12061.3
177428251.1669,12965.999999999995,12061.3
177428253.1669,12965.999999999995,12061.3
177428255.1669,12965.999999999995,12061.3
177428257.1669,12965.999999999995,12061.3
177428259.1669,12965.999999999995,12061.3
177428261.1669,12965.999999999995,12061.3
177428263.1669,12965.999999999995,12061.3
177428265.1669,12965.999999999995,12061.5
177428267.1669,12965.999999999995,12061.5
177428269.1669,12965.999999999995,12061.5
177428271.1669,12965.999999999995,12061.5
177428273.1669,12965.999999999995,12061.5
177428275.1669,12965.999999999995,12061.5
177428277.1669,12875.499999999995,12061.5
177428279.1669,12875.499999999995,12061.5
177428281.1669,12875.499999999995,12061.5
177428283.1669,12875.499999999995,12061.5
177428285.1669,12875.499999999995,12061.5
177428287.1669,13066.599999999995,12061.3
177428289.1669,13066.399999999994,12061.3
177428291.1669,13066.399999999994,12061.3
177428293.1669,13066.399999999994,12061.3
177428295.1669,13066.399999999994,12061.3
177428297.1669,13066.399999999994,12061.3
177428299.1669,13066.399999999994,12061.4
177428301.1669,13066.399999999994,12061.4
177428303.1669,13066.399999999994,12061.4
177428305.1669,13066.399999999994,12061.4
177428307.1669,13066.399999999994,12061.4
177428309.1669,13066.399999999994,12061.4
177428311.1669,13066.399999999994,12061.4
177428313.1669,13066.399999999994,12061.4
177428315.1669,13066.499999999995,12061.4
177428317.1669,13066.499999999995,12061.4
177428319.1669,13066.499999999995,12061.4
177428321.1669,13066.499999999995,12061.4
177428323.1669,13066.499999999995,12061.4
177428325.1669,13066.499999999995,12061.4
177428327.1669,13066.499999999995,12061.4
177428329.1669,13066.499999999995,12061.4
177428331.1669,13066.499999999995,12061.4
177428333.1669,13066.499999999995,12061.4
177428335.1669,13066.499999999995,12061.4
177428337.1669,13066.499999999995,12061.4
177428339.1669,13066.499999999995,12061.4
177428341.1669,13066.499999999995,12061.4
177428343.1669,13066.499999999995,12061.4
177428345.1669,13066.499999999995,12061.4
177428347.1669,13066.499999999995,12061.4
177428349.1669,12965.999999999995,12061.4
177428351.1669,12965.999999999995,12061.4
177428353.1669,12965.999999999995,12061.4
177428355.1669,12965.999999999995,12061.4
177428357.1669,12965.999999999995,12061.4
177428359.1669,12965.999999999995,12061.4
177428361.1669,12965.999999999995,12061.4
177428363.1669,12965.999999999995,12061.4
177428365.1669,12965.999999999995,12061.4
177428367.1669,12965.999999999995,12061.4
177428369.1669,12965.999999999995,12061.4
177428371.1669,12965.999999999995,12061.4
177428373.1669,12965.999999999995,12061.4
177428375.1669,12965.999999999995,12061.5
177428377.1669,12965.999999999995,12061.5
177428379.1669,12965.999999999995,12061.5
177428381.1669,12965.999999999995,12061.5
177428383.1669,12965.999999999995,12061.5
177428385.1669,12965.999999999995,12061.6
177428387.1669,12965.999999999995,12061.6
177428389.1669,12965.999999999995,12061.6
177428391.1669,12965.999999999995,12061.6
177428393.1669,12965.999999999995,12061.6
177428395.0669,12965.899999999994,12061.6
177428397.0669,12965.899999999994,12061.6
177428399.0669,12965.899999999994,12061.6
177428401.0669,12965.899999999994,12061.6
177428403.0669,12965.899999999994,12061.6
177428405.0669,12965.899999999994,12061.6
177428407.0669,12965.899999999994,12061.7
177428409.0669,12965.899999999994,12061.7
177428411.0669,13066.599999999995,12061.7
177428413.0669,13066.599999999995,12061.7
177428415.0669,13066.599999999995,12061.7
177428417.0669,13066.599999999995,12061.7
177428419.0669,13066.599999999995,12061.7
177428421.0669,13066.599999999995,12061.7
177428423.0669,13066.599999999995,12061.7
177428425.0669,13066.599999999995,12061.7
177428427.0669,13066.599999999995,12061.7
177428429.0669,13066.599999999995,12061.7
177428431.0669,13066.599999999995,12061.7
177428433.0669,13066.599999999995,12061.7
177428435.0669,13066.599999999995,12061.7
177428437.0669,13066.599999999995,12061.7
177428439.0669,13066.599999999995,12061.7
177428441.0669,13066.599999999995,12061.7
177428443.0669,13066.599999999995,12061.7
177428445.0669,13066.599999999995,12061.7
177428447.0669,13066.599999999995,12061.7
177428449.0669,13066.599999999995,12061.7
177428451.0669,13066.599999999995,12061.7
177428453.0669,13066.599999999995,12061.7
177428455.0669,13066.599999999995,12061.7
177428457.0669,13066.599999999995,12061.7
177428459.0669,13066.599999999995,12061.7
177428461.0669,13066.599999999995,12061.7
177428463.0669,13066.599999999995,12061.7
177428465.0669,13066.599999999995,12061.7
177428467.0669,13066.599999999995,12061.7
177428469.0669,13066.599999999995,12061.7
177428471.0669,13066.599999999995,12061.7
177428473.0669,13066.599999999995,12061.7
177428475.0669,13066.599999999995,12061.7
177428477.0669,13066.599999999995,12061.7
177428479.0669,13066.599999999995,12061.7
177428481.0669,13066.599999999995,12061.7
177428483.0669,13066.599999999995,12061.7
177428485.0669,13066.599999999995,12061.7
177428487.0669,13066.599999999995,12061.7
177428489.0669,13066.599999999995,12061.7
177428491.0669,13066.599999999995,12061.7
177428493.0669,13066.599999999995,12061.7
177428495.0669,13066.599999999995,12061.7
177428497.0669,13066.599999999995,12061.7
177428499.0669,13066.599999999995,12061.7
177428501.0669,13066.599999999995,12061.7
177428503.0669,13066.599999999995,12061.7
177428505.0669,13066.599999999995,12061.7
177428507.0669,13066.599999999995,12061.7
177428509.0669,13066.599999999995,12061.7
177428511.0669,13066.599999999995,12061.7
177428513.1669,13066.599999999995,12061.7
177428515.0669,13066.599999999995,12061.7
177428517.0669,13066.599999999995,12061.7
177428519.0669,13066.599999999995,12061.7
177428521.0669,13066.599999999995,12061.7
177428523.0669,13066.599999999995,12061.800000000001
177428525.0669,13066.599999999995,12061.800000000001
177428527.0669,13066.599999999995,12061.800000000001
177428529.0669,13066.599999999995,12061.800000000001
177428531.0669,13066.599999999995,12061.800000000001
177428533.0669,13066.599999999995,12061.800000000001
177428535.0669,13066.599999999995,12061.900000000001
177428537.0669,13066.599999999995,12061.900000000001
177428539.0669,13066.599999999995,12061.900000000001
177428541.0669,13066.599999999995,12061.900000000001
177428543.0669,13066.599999999995,12061.900000000001
177428545.0669,13066.599999999995,12061.900000000001
177428547.0669,13066.599999999995,12061.900000000001
177428549.0669,13066.599999999995,12061.900000000001
177428551.0669,13066.599999999995,12061.900000000001
177428553.0669,13066.599999999995,12061.900000000001
177428555.0669,13066.599999999995,12061.900000000001
177428557.0669,13066.599999999995,12061.900000000001
177428559.0669,13066.599999999995,12062.000000000002
177428561.0669,13066.599999999995,12062.000000000002
177428563.0669,13066.599999999995,12062.000000000002
177428565.0669,13066.599999999995,12062.000000000002
177428567.0669,13066.599999999995,12062.000000000002
177428569.0669,13066.599999999995,12062.000000000002
177428571.0669,13066.599999999995,12062.000000000002
177428573.0669,13066.599999999995,12062.000000000002
177428575.0669,13066.599999999995,12061.900000000001
177428577.0669,13066.599999999995,12061.900000000001
177428579.0669,13066.599999999995,12061.900000000001
177428581.0669,13066.599999999995,12061.900000000001
177428583.0669,13066.599999999995,12061.900000000001
177428585.0669,13066.599999999995,12061.900000000001
177428587.0669,13066.599999999995,12061.7
177428589.0669,13066.599999999995,12061.7
177428591.0669,13066.599999999995,12061.7
177428593.0669,13066.599999999995,12061.7
177428595.0669,13066.599999999995,12061.7
177428597.0669,13066.599999999995,12061.7
177428599.0669,13066.599999999995,12061.7
177428601.0669,13066.599999999995,12061.7
177428603.0669,13066.599999999995,12061.7
177428605.0669,13066.599999999995,12061.7
177428607.0669,13066.599999999995,12061.7
177428609.0669,13066.599999999995,12061.7
177428611.0669,13066.599999999995,12061.7
177428613.0669,13066.599999999995,12061.7
177428615.0669,13066.499999999995,12061.7
177428617.0669,13066.499999999995,12061.7
177428619.0669,13066.499999999995,12061.7
177428621.0669,13066.499999999995,12061.7
177428623.0669,13066.499999999995,12061.7
177428625.0669,13066.499999999995,12061.7
177428627.0669,13066.399999999994,12061.7
177428629.0669,13066.399999999994,12061.7
177428631.0669,13066.399999999994,12061.7
177428633.0669,13066.399999999994,12061.7
177428635.0669,13066.399999999994,12061.7
177428637.0669,13066.399999999994,12061.800000000001
177428639.0669,13066.399999999994,12061.800000000001
177428641.0669,13066.399999999994,12061.800000000001
177428643.0669,13066.399999999994,12061.800000000001
177428645.0669,13066.399999999994,12061.800000000001
177428647.0669,13066.399999999994,12061.800000000001
177428649.0669,13066.399999999994,12061.800000000001
177428651.0669,13066.399999999994,12061.800000000001
177428653.0669,13066.399999999994,12061.800000000001
177428655.0669,13066.399999999994,12061.800000000001
177428657.0669,13066.399999999994,12061.800000000001
177428659.0669,13066.399999999994,12061.800000000001
177428661.0669,13066.399999999994,12061.800000000001
177428663.0669,13066.399999999994,12061.800000000001
177428665.0669,13066.399999999994,12061.800000000001
177428667.0669,13066.399999999994,12061.800000000001
177428669.0669,12965.899999999994,12061.800000000001
177428671.0669,12965.899999999994,12061.800000000001
177428673.0669,12965.899999999994,12061.800000000001
177428675.0669,12965.899999999994,12061.800000000001
177428677.0669,12965.899999999994,12061.800000000001
177428679.0669,12965.899999999994,12061.800000000001
177428681.0669,12965.899999999994,12061.7
177428683.0669,12965.899999999994,12061.7
177428685.0669,12965.899999999994,12061.7
177428687.0669,12965.899999999994,12061.7
177428689.0669,12965.899999999994,12061.7
177428691.0669,12965.799999999994,12061.5
177428693.0669,12965.799999999994,12061.5
177428695.0669,12965.799999999994,12061.5
177428697.0669,12965.799999999994,12061.5
177428699.0669,12965.799999999994,12061.5
177428701.0669,12965.699999999993,12061.5
177428703.0669,12965.699999999993,12061.5
177428705.0669,12965.699999999993,12061.5
177428707.0669,12965.699999999993,12061.5
177428709.0669,12965.699999999993,12061.5
177428711.0669,12965.699999999993,12061.5
177428713.0669,12965.699999999993,12061.5
177428715.0669,12965.699999999993,12061.5
177428717.0669,12965.699999999993,12061.5
177428719.0669,12965.699999999993,12061.5
177428721.0669,12965.699999999993,12061.5
177428723.0669,12965.699999999993,12061.5
177428725.0669,12965.699999999993,12061.5
177428727.0669,12965.699999999993,12061.5
177428729.0669,12965.699999999993,12061.5
177428731.0669,12965.699999999993,12061.5
177428733.0669,12965.699999999993,12061.5
177428735.0669,12965.699999999993,12061.5
177428737.0669,12965.699999999993,12061.5
177428739.0669,12965.699999999993,12061.5
177428741.0669,12965.699999999993,12061.5
177428742.96690002,12965.699999999993,12061.5
177428744.96690002,12965.699999999993,12061.5
177428746.96690002,12965.699999999993,12061.5
177428748.96690002,12965.599999999993,12061.5
177428750.96690002,12965.599999999993,12061.5
177428752.96690002,12965.599999999993,12061.5
177428754.96690002,12965.599999999993,12061.5
177428756.96690002,12965.599999999993,12061.5
177428758.96690002,12965.599999999993,12061.5
177428760.96690002,12965.599999999993,12061.5
177428762.96690002,12965.599999999993,12061.5
177428764.96690002,12965.599999999993,12061.5
177428766.96690002,12965.599999999993,12061.5
177428768.96690002,12965.599999999993,12061.5
177428770.96690002,12965.599999999993,12061.5
177428772.96690002,12965.599999999993,12061.5
177428774.96690002,12965.599999999993,12061.5
177428776.96690002,12965.599999999993,12061.5
177428778.96690002,12965.599999999993,12061.5
177428780.96690002,12965.599999999993,12061.5
177428782.96690002,12965.599999999993,12061.5
177428784.96690002,12965.599999999993,12061.5
177428786.96690002,12965.599999999993,12061.5
177428788.96690002,12965.599999999993,12061.5
177428790.96690002,12965.599999999993,12061.5
177428792.96690002,12965.599999999993,12061.5
177428794.96690002,12965.599999999993,12061.5
177428796.96690002,12965.599999999993,12061.5
177428798.96690002,12965.599999999993,12061.5
177428800.96690002,12965.599999999993,12061.5
177428802.96690002,12965.599999999993,12061.5
177428804.96690002,12965.599999999993,12061.5
177428806.96690002,12965.599999999993,12061.5
177428808.96690002,12965.599999999993,12061.5
177428810.96690002,12965.599999999993,12061.5
177428812.96690002,12965.599999999993,12061.5
177428814.96690002,12965.599999999993,12061.5
177428816.96690002,12965.599999999993,12061.5
177428818.96690002,12965.599999999993,12061.5
177428820.96690002,12965.599999999993,12061.5
177428822.96690002,12965.599999999993,12061.5
177428824.96690002,12965.599999999993,12061.5
177428826.96690002,12965.599999999993,12061.5
177428828.96690002,12965.599999999993,12061.5
177428830.96690002,12965.599999999993,12061.5
177428832.96690002,12965.599999999993,12061.5
177428834.96690002,12965.599999999993,12061.5
177428836.96690002,12965.599999999993,12061.5
177428838.96690002,12965.599999999993,12061.5
177428840.96690002,12965.599999999993,12061.5
177428842.96690002,12965.599999999993,12061.5
177428844.96690002,12965.499999999993,12061.5
177428846.96690002,12965.499999999993,12061.5
177428848.96690002,12965.499999999993,12061.5
177428850.96690002,12965.499999999993,12061.5
177428852.96690002,12965.499999999993,12061.5
177428854.96690002,12965.499999999993,12061.5
177428856.96690002,12965.499999999993,12061.5
177428858.96690002,12965.499999999993,12061.5
177428860.96690002,12965.499999999993,12061.5
177428862.96690002,12965.499999999993,12061.5
177428864.96690002,12965.499999999993,12061.5
177428866.96690002,12965.499999999993,12061.5
177428868.96690002,12965.499999999993,12061.5
177428870.96690002,12965.499999999993,12061.5
177428872.96690002,12965.499999999993,12061.5
177428874.96690002,12965.499999999993,12061.5
177428876.96690002,12965.499999999993,12061.5
177428878.96690002,12965.499999999993,12061.5
177428880.96690002,12965.499999999993,12061.5
177428882.96690002,12965.499999999993,12061.5
177428884.96690002,12965.499999999993,12061.5
177428886.96690002,12965.499999999993,12061.5
177428888.96690002,12965.499999999993,12061.5
177428890.96690002,12965.499999999993,12061.5
177428892.96690002,12965.499999999993,12061.5
177428894.96690002,12965.499999999993,12061.5
177428896.96690002,12965.399999999992,12061.5
177428898.96690002,12965.399999999992,12061.5
177428900.96690002,12965.399999999992,12061.5
177428902.96690002,12965.399999999992,12061.5
177428904.96690002,12965.399999999992,12061.5
177428906.96690002,12965.399999999992,12061.5
177428908.96690002,12965.399999999992,12061.5
177428910.96690002,12965.399999999992,12061.5
177428912.96690002,12965.399999999992,12061.5
177428914.96690002,12965.399999999992,12061.5
177428916.96690002,12965.299999999992,12061.5
177428918.96690002,12965.299999999992,12061.5
177428920.96690002,12965.299999999992,12061.5
177428922.96690002,12965.299999999992,12061.5
177428924.96690002,12965.299999999992,12061.5
177428926.96690002,12965.299999999992,12061.5
177428928.96690002,12965.299999999992,12061.5
177428930.96690002,12965.299999999992,12061.5
177428932.96690002,12965.299999999992,12061.5
177428934.96690002,12965.299999999992,12061.5
177428936.96690002,12965.299999999992,12061.5
177428938.96690002,12965.299999999992,12061.5
177428940.96690002,12965.299999999992,12061.5
177428942.96690002,12965.299999999992,12061.5
177428944.96690002,12965.299999999992,12061.5
177428946.96690002,12965.299999999992,12061.5
177428948.96690002,12965.299999999992,12061.5
177428950.96690002,12965.299999999992,12061.5
177428952.96690002,12965.299999999992,12061.5
177428954.96690002,12965.499999999993,12061.5
177428956.96690002,12965.499999999993,12061.5
177428958.96690002,12965.499999999993,12061.5
177428960.96690002,12965.499999999993,12061.5
177428962.96690002,12965.499999999993,12061.5
177428964.96690002,12965.499999999993,12061.5
177428966.96690002,12965.499999999993,12061.5
177428968.96690002,12965.499999999993,12061.5
177428970.96690002,12965.499999999993,12061.5
177428972.96690002,12965.499999999993,12061.5
177428974.96690002,12965.499999999993,12061.5
177428976.96690002,12965.499999999993,12061.5
177428978.96690002,12965.499999999993,12061.5
177428980.96690002,12965.499999999993,12061.5
177428982.96690002,12965.499999999993,12061.5
177428984.96690002,12965.499999999993,12061.5
177428986.96690002,12965.499999999993,12061.5
177428988.96690002,12965.499999999993,12061.5
177428990.96690002,12965.499999999993,12061.5
177428992.96690002,12965.499999999993,12061.5
177428994.96690002,12965.499999999993,12061.5
177428996.96690002,12965.499999999993,12061.5
177428998.96690002,12965.499999999993,12061.5
177429000.96690002,12965.499999999993,12061.5
177429002.96690002,12965.499999999993,12061.5
177429004.96690002,12965.499999999993,12061.5
177429006.96690002,12965.499999999993,12061.5
177429008.96690002,12965.499999999993,12061.5
177429010.96690002,12965.499999999993,12061.5
177429012.96690002,12965.499999999993,12061.5
177429014.96690002,12965.499999999993,12061.5
177429016.96690002,12965.499999999993,12061.5
177429018.96690002,12965.499999999993,12061.5
177429020.96690002,12965.499999999993,12061.6
177429022.96690002,12965.499999999993,12061.6
177429024.96690002,12965.499999999993,12061.6
177429026.96690002,12965.499999999993,12061.6
177429028.96690002,12965.499999999993,12061.6
177429030.96690002,12965.499999999993,12061.6
177429032.96690002,12965.499999999993,12061.6
177429034.96690002,12965.499999999993,12061.7
177429036.96690002,12965.499999999993,12061.7
177429038.96690002,12965.499999999993,12061.800000000001
177429040.96690002,12965.499999999993,12061.800000000001
177429042.96690002,12965.499999999993,12061.800000000001
177429044.96690002,12965.499999999993,12061.800000000001
177429046.96690002,12965.499999999993,12061.800000000001
177429048.96690002,12965.499999999993,12061.800000000001
177429050.96690002,12965.499999999993,12061.800000000001
177429052.96690002,12965.499999999993,12061.800000000001
177429054.96690002,12965.499999999993,12061.800000000001
177429056.96690002,12965.499999999993,12061.800000000001
177429058.96690002,12965.499999999993,12061.900000000001
177429060.96690002,12965.499999999993,12061.900000000001
177429062.96690002,12965.599999999993,12062.000000000002
177429065.0669,12965.599999999993,12062.000000000002
177429066.96690002,12965.599999999993,12062.000000000002
177429068.96690002,12965.599999999993,12062.000000000002
177429070.96690002,12965.599999999993,12062.000000000002
177429072.96690002,12965.599999999993,12062.000000000002
177429074.96690002,12965.599999999993,12062.000000000002
177429076.96690002,12965.599999999993,12062.000000000002
177429078.96690002,12965.599999999993,12062.000000000002
177429080.96690002,12965.599999999993,12062.000000000002
177429082.96690002,12965.599999999993,12062.000000000002
177429084.96690002,12965.599999999993,12062.000000000002
177429086.96690002,12965.599999999993,12062.000000000002
177429088.96690002,12965.599999999993,12062.000000000002
177429090.96690002,12965.599999999993,12062.000000000002
177429092.96690002,12965.599999999993,12062.000000000002
177429094.96690002,12965.599999999993,12062.000000000002
177429096.96690002,12965.599999999993,12062.000000000002
177429098.96690002,12965.599999999993,12062.000000000002
177429100.96690002,12965.599999999993,12062.000000000002
177429102.96690002,12965.599999999993,12062.000000000002
177429104.96690002,12965.599999999993,12062.000000000002
177429106.96690002,12965.599999999993,12062.000000000002
177429108.96690002,12965.599999999993,12062.000000000002
177429110.96690002,12965.599999999993,12062.000000000002
177429112.96690002,12965.599999999993,12062.000000000002
177429114.96690002,12965.599999999993,12062.000000000002
177429116.96690002,12965.599999999993,12062.000000000002
177429118.96690002,12965.599999999993,12062.000000000002
177429120.96690002,12965.599999999993,12062.000000000002
177429122.96690002,12965.599999999993,12062.000000000002
177429124.96690002,12965.599999999993,12062.000000000002
177429126.96690002,12965.599999999993,12062.000000000002
177429128.96690002,12965.599999999993,12062.000000000002
177429130.96690002,12965.599999999993,12062.000000000002
177429132.96690002,12965.599999999993,12062.000000000002
177429134.96690002,12965.599999999993,12062.000000000002
177429136.96690002,12965.599999999993,12062.000000000002
177429138.96690002,12965.599999999993,12061.900000000001
177429140.96690002,12965.599999999993,12061.900000000001
177429142.96690002,12965.599999999993,12061.900000000001
177429144.96690002,12965.599999999993,12061.900000000001
177429146.96690002,12965.599999999993,12061.900000000001
177429148.96690002,12965.599999999993,12061.900000000001
177429150.96690002,12965.599999999993,12061.900000000001
177429152.96690002,12965.599999999993,12061.900000000001
177429154.96690002,12965.599999999993,12061.900000000001
177429156.96690002,12965.599999999993,12061.900000000001
177429158.96690002,12965.599999999993,12061.900000000001
177429160.96690002,12965.599999999993,12061.900000000001
177429162.96690002,12965.599999999993,12061.900000000001
177429164.96690002,12965.599999999993,12061.900000000001
177429166.96690002,12965.599999999993,12061.900000000001
177429168.96690002,12965.599999999993,12061.900000000001
177429170.96690002,12965.599999999993,12061.900000000001
177429172.96690002,12965.599999999993,12061.900000000001
177429174.96690002,12965.599999999993,12061.900000000001
177429176.96690002,12965.599999999993,12061.900000000001
177429178.96690002,12965.599999999993,12061.900000000001
177429180.96690002,12965.599999999993,12061.900000000001
177429182.96690002,12965.599999999993,12061.900000000001
177429184.96690002,12965.599999999993,12061.900000000001
177429186.96690002,12965.599999999993,12061.900000000001
177429188.96690002,12965.599999999993,12061.900000000001
177429190.96690002,12965.599999999993,12061.900000000001
177429192.96690002,12965.599999999993,12061.900000000001
177429194.96690002,12965.599999999993,12061.900000000001
177429196.96690002,12965.599999999993,12061.900000000001
177429198.96690002,12965.599999999993,12061.900000000001
177429200.96690002,12965.599999999993,12061.900000000001
177429202.96690002,12965.599999999993,12061.900000000001
177429204.96690002,12965.599999999993,12061.900000000001
177429206.96690002,12965.599999999993,12061.900000000001
177429208.96690002,12965.599999999993,12061.900000000001
177429210.96690002,12965.599999999993,12061.900000000001
177429212.96690002,12965.599999999993,12061.900000000001
177429214.96690002,12965.599999999993,12061.900000000001
177429216.96690002,12965.599999999993,12061.900000000001
177429218.96690002,12965.599999999993,12061.900000000001
177429220.96690002,12965.599999999993,12061.900000000001
177429222.96690002,12965.599999999993,12061.900000000001
177429224.96690002,12965.599999999993,12061.900000000001
177429226.96690002,12965.599999999993,12061.900000000001
177429228.96690002,12965.599999999993,12061.900000000001
177429230.96690002,12965.599999999993,12061.900000000001
177429232.96690002,12965.599999999993,12061.900000000001
177429234.96690002,12965.599999999993,12061.900000000001
177429236.96690002,12965.599999999993,12061.900000000001
177429238.96690002,12965.599999999993,12061.900000000001
177429240.96690002,12965.599999999993,12061.900000000001
177429242.96690002,12965.599999999993,12061.900000000001
177429244.96690002,12965.599999999993,12061.900000000001
177429246.96690002,12965.599999999993,12061.900000000001
177429248.96690002,12965.599999999993,12061.900000000001
177429250.96690002,12965.599999999993,12061.900000000001
177429252.96690002,12965.599999999993,12061.900000000001
177429254.96690002,12965.599999999993,12061.900000000001
177429256.96690002,12965.599999999993,12061.900000000001
177429258.96690002,12965.599999999993,12061.900000000001
177429260.96690002,12965.599999999993,12061.900000000001
177429262.96690002,12965.599999999993,12061.900000000001
177429264.96690002,12965.599999999993,12061.900000000001
177429266.96690002,12965.599999999993,12061.900000000001
177429268.96690002,12965.599999999993,12061.900000000001
177429270.96690002,12965.599999999993,12061.900000000001
177429272.96690002,12965.599999999993,12061.900000000001
177429274.96690002,12965.599999999993,12061.900000000001
177429276.96690002,12965.599999999993,12061.900000000001
177429278.96690002,12965.599999999993,12061.900000000001
177429280.96690002,12965.599999999993,12061.900000000001
177429282.96690002,12965.599999999993,12061.900000000001
177429284.96690002,12965.599999999993,12061.900000000001
177429286.96690002,12965.599999999993,12061.900000000001
177429288.96690002,12965.599999999993,12061.900000000001
177429290.96690002,12965.599999999993,12061.900000000001
177429292.96690002,12965.599999999993,12061.900000000001
177429294.96690002,12965.599999999993,12061.900000000001
177429296.96690002,12965.599999999993,12061.900000000001
177429298.96690002,12965.599999999993,12061.900000000001
177429300.96690002,12965.599999999993,12061.900000000001
177429302.96690002,12965.599999999993,12061.900000000001
177429304.96690002,12965.599999999993,12061.900000000001
177429306.96690002,12965.599999999993,12061.900000000001
177429308.96690002,12965.599999999993,12061.900000000001
177429310.96690002,12965.599999999993,12061.900000000001
177429312.96690002,12965.599999999993,12061.900000000001
177429314.96690002,12965.599999999993,12061.900000000001
177429316.96690002,12965.599999999993,12061.900000000001
177429318.96690002,12965.599999999993,12061.900000000001
177429320.96690002,12965.499999999993,12061.900000000001
177429322.96690002,12965.499999999993,12061.900000000001
177429324.96690002,12965.499999999993,12061.900000000001
177429326.96690002,12965.499999999993,12061.900000000001
177429328.96690002,12965.499999999993,12061.900000000001
177429330.96690002,12965.499999999993,12061.900000000001
177429332.96690002,12965.499999999993,12061.900000000001
177429334.96690002,12965.399999999992,12061.900000000001
177429336.96690002,12965.399999999992,12061.900000000001
177429338.96690002,12965.299999999992,12061.900000000001
177429340.96690002,12965.099999999991,12061.900000000001
177429342.96690002,12964.99999999999,12061.900000000001
177429344.96690002,12964.99999999999,12061.900000000001
177429346.96690002,12964.99999999999,12061.900000000001
177429348.96690002,12964.99999999999,12061.900000000001
177429350.96690002,12964.99999999999,12061.900000000001
177429352.96690002,12964.99999999999,12061.900000000001
177429354.96690002,12964.99999999999,12061.900000000001
177429356.96690002,12964.99999999999,12061.900000000001
177429358.96690002,12964.99999999999,12061.900000000001
177429360.96690002,12964.99999999999,12061.900000000001
177429362.96690002,12964.99999999999,12061.900000000001
177429364.96690002,12964.99999999999,12061.900000000001
177429366.96690002,12964.99999999999,12061.900000000001
177429368.96690002,12964.99999999999,12061.900000000001
177429370.96690002,12964.99999999999,12061.900000000001
177429372.96690002,12964.99999999999,12061.900000000001
177429374.96690002,12964.99999999999,12061.900000000001
177429376.96690002,12964.99999999999,12061.900000000001
177429378.96690002,12964.99999999999,12061.900000000001
177429380.96690002,12964.99999999999,12061.900000000001
177429382.96690002,12964.99999999999,12061.900000000001
177429384.96690002,12964.99999999999,12061.900000000001
177429386.96690002,12964.99999999999,12061.900000000001
177429388.96690002,12964.89999999999,12061.900000000001
177429390.96690002,12964.89999999999,12061.900000000001
177429392.96690002,12964.99999999999,12061.900000000001
177429394.96690002,12964.99999999999,12061.900000000001
177429396.96690002,12964.99999999999,12061.900000000001
177429398.96690002,12964.99999999999,12061.900000000001
177429400.96690002,12964.89999999999,12061.900000000001
177429402.96690002,12964.89999999999,12061.900000000001
177429404.96690002,12964.89999999999,12061.900000000001
177429406.96690002,12964.89999999999,12061.900000000001
177429408.96690002,12964.89999999999,12061.900000000001
177429410.96690002,12964.89999999999,12061.900000000001
177429412.96690002,12964.89999999999,12061.900000000001
177429414.96690002,12964.89999999999,12061.900000000001
177429416.96690002,12964.89999999999,12061.900000000001
177429418.96690002,12964.89999999999,12061.900000000001
177429420.96690002,12964.89999999999,12061.900000000001
177429422.96690002,12964.89999999999,12061.900000000001
177429424.96690002,12964.89999999999,12061.900000000001
177429426.96690002,12964.89999999999,12061.900000000001
177429428.96690002,12964.89999999999,12061.900000000001
177429430.96690002,12964.89999999999,12061.900000000001
177429432.96690002,12964.89999999999,12061.900000000001
177429434.96690002,12964.89999999999,12061.900000000001
177429436.96690002,12964.89999999999,12061.900000000001
177429438.96690002,12964.89999999999,12061.900000000001
177429440.96690002,12964.89999999999,12061.900000000001
177429442.96690002,12964.89999999999,12061.900000000001
177429444.96690002,12964.89999999999,12061.900000000001
177429446.96690002,12964.89999999999,12061.900000000001
177429448.96690002,12964.89999999999,12061.900000000001
177429450.96690002,12964.89999999999,12061.900000000001
177429452.96690002,12964.89999999999,12061.900000000001
177429454.96690002,12964.89999999999,12061.900000000001
177429456.96690002,12964.89999999999,12061.900000000001
177429458.96690002,12964.89999999999,12061.900000000001
177429460.96690002,12964.89999999999,12061.900000000001
177429462.96690002,12964.89999999999,12061.900000000001
177429464.96690002,12964.89999999999,12061.900000000001
177429466.96690002,12964.89999999999,12061.900000000001
177429468.96690002,12964.89999999999,12061.900000000001
177429470.96690002,12964.89999999999,12061.900000000001
177429472.96690002,12964.89999999999,12061.900000000001
177429474.96690002,12964.89999999999,12061.900000000001
177429476.96690002,12964.89999999999,12061.900000000001
177429478.96690002,12964.89999999999,12061.900000000001
177429480.96690002,12964.89999999999,12061.900000000001
177429482.96690002,12964.89999999999,12061.900000000001
177429484.96690002,12964.89999999999,12061.900000000001
177429486.96690002,12964.89999999999,12061.900000000001
177429488.96690002,12964.89999999999,12061.900000000001
177429490.96690002,12964.89999999999,12061.900000000001
177429492.96690002,12964.89999999999,12062.000000000002
177429494.96690002,12964.89999999999,12062.000000000002
177429496.96690002,12964.89999999999,12062.000000000002
177429498.96690002,12964.89999999999,12062.000000000002
177429500.96690002,12964.89999999999,12062.000000000002
177429502.96690002,12964.89999999999,12062.000000000002
177429504.96690002,12964.89999999999,12062.000000000002
177429506.96690002,12964.89999999999,12062.000000000002
177429508.96690002,12964.89999999999,12062.000000000002
177429510.96690002,12964.89999999999,12062.000000000002
177429512.96690002,12964.89999999999,12062.000000000002
177429514.96690002,12964.89999999999,12062.000000000002
177429516.96690002,12874.599999999991,12062.000000000002
177429518.96690002,12874.599999999991,12062.000000000002
177429520.96690002,12874.599999999991,12062.000000000002
177429522.96690002,12874.599999999991,12062.000000000002
177429524.96690002,12874.49999999999,12062.000000000002
177429526.96690002,12874.49999999999,12062.000000000002
177429528.96690002,12874.49999999999,12062.000000000002
177429530.96690002,12874.49999999999,12062.000000000002
177429532.96690002,12874.49999999999,12062.000000000002
177429534.96690002,12874.49999999999,12062.000000000002
177429536.96690002,12874.49999999999,12062.000000000002
177429538.96690002,12874.49999999999,12062.000000000002
177429540.96690002,12874.49999999999,12062.000000000002
177429542.96690002,12874.49999999999,12062.000000000002
177429544.96690002,12874.49999999999,12062.000000000002
177429546.96690002,12874.49999999999,12062.000000000002
177429548.96690002,12874.49999999999,12062.000000000002
177429550.96690002,12874.49999999999,12062.000000000002
177429552.96690002,12874.49999999999,12062.000000000002
177429554.96690002,12874.49999999999,12062.000000000002
177429556.96690002,12874.49999999999,12062.000000000002
177429558.96690002,12874.49999999999,12062.000000000002
177429560.96690002,12874.49999999999,12061.900000000001
177429562.96690002,12874.49999999999,12062.100000000002
177429564.96690002,12874.49999999999,12062.100000000002
177429566.96690002,12874.49999999999,12062.100000000002
177429568.96690002,12874.49999999999,12062.100000000002
177429570.96690002,12874.49999999999,12062.100000000002
177429572.96690002,12874.49999999999,12062.200000000003
177429574.96690002,12874.49999999999,12062.200000000003
177429576.96690002,12874.49999999999,12062.200000000003
177429578.96690002,12874.49999999999,12061.900000000003
177429580.96690002,12874.49999999999,12061.900000000003
177429582.96690002,12874.49999999999,12061.900000000003
177429584.96690002,12874.49999999999,12061.900000000003
177429586.96690002,12874.49999999999,12061.900000000003
177429588.96690002,12874.49999999999,12061.900000000003
177429590.96690002,12874.39999999999,12061.900000000003
177429592.96690002,12874.39999999999,12061.900000000003
177429594.96690002,12874.39999999999,12061.900000000003
177429596.96690002,12874.39999999999,12061.900000000003
177429598.96690002,12874.29999999999,12061.900000000003
177429600.96690002,12874.29999999999,12061.900000000003
177429602.96690002,12874.29999999999,12061.900000000003
177429604.96690002,12874.29999999999,12061.900000000003
177429606.96690002,12874.29999999999,12061.900000000003
177429608.96690002,12874.29999999999,12061.900000000003
177429610.96690002,12874.29999999999,12061.900000000003
177429612.96690002,12874.29999999999,12061.900000000003
177429614.96690002,12874.29999999999,12061.900000000003
177429616.96690002,12874.29999999999,12061.900000000003
177429618.96690002,12874.29999999999,12061.900000000003
177429620.96690002,12874.29999999999,12061.900000000003
177429622.96690002,12874.29999999999,12061.900000000003
177429624.96690002,12874.29999999999,12061.900000000003
177429626.96690002,12874.29999999999,12061.900000000003
177429628.96690002,12874.29999999999,12061.900000000003
177429630.96690002,12874.19999999999,12061.900000000003
177429632.96690002,12874.09999999999,12061.900000000003
177429634.96690002,12874.09999999999,12061.900000000003
177429636.96690002,12874.09999999999,12061.900000000003
177429638.96690002,12874.09999999999,12061.900000000003
177429640.96690002,12874.09999999999,12061.900000000003
177429642.96690002,12874.09999999999,12061.900000000003
177429644.96690002,12874.09999999999,12061.900000000003
177429646.96690002,12874.09999999999,12061.900000000003
177429648.96690002,12874.09999999999,12061.900000000003
177429650.96690002,12874.09999999999,12061.900000000003
177429652.96690002,12874.09999999999,12061.900000000003
177429654.96690002,12873.899999999989,12061.900000000003
177429656.96690002,12873.899999999989,12061.900000000003
177429658.96690002,12873.799999999988,12061.900000000003
177429660.96690002,12873.799999999988,12061.900000000003
177429662.96690002,12873.799999999988,12061.900000000003
177429664.96690002,12873.699999999988,12061.900000000003
177429666.96690002,12873.699999999988,12061.900000000003
177429668.96690002,12873.699999999988,12062.000000000004
177429670.96690002,12873.699999999988,12062.000000000004
177429672.96690002,12873.699999999988,12062.000000000004
177429674.96690002,12873.699999999988,12062.000000000004
177429676.96690002,12873.699999999988,12062.000000000004
177429678.96690002,12873.699999999988,12062.000000000004
177429680.96690002,12873.699999999988,12062.000000000004
177429682.96690002,12873.699999999988,12062.000000000004
177429684.96690002,12873.699999999988,12062.000000000004
177429686.96690002,12873.699999999988,12062.000000000004
177429688.96690002,12873.699999999988,12062.000000000004
177429690.96690002,12873.699999999988,12062.000000000004
177429692.96690002,12873.699999999988,12062.000000000004
177429694.96690002,12873.699999999988,12062.000000000004
177429696.96690002,12873.699999999988,12062.000000000004
177429698.96690002,12873.699999999988,12062.000000000004
177429700.96690002,12873.699999999988,12062.000000000004
177429702.96690002,12873.699999999988,12062.000000000004
177429704.96690002,12873.699999999988,12062.000000000004
177429706.96690002,12873.599999999988,12062.000000000004
177429708.96690002,12873.599999999988,12062.000000000004
177429710.96690002,12873.599999999988,12062.000000000004
177429712.96690002,12873.599999999988,12062.000000000004
177429714.96690002,12873.599999999988,12062.000000000004
177429716.96690002,12873.599999999988,12062.000000000004
177429718.96690002,12873.599999999988,12062.000000000004
177429720.96690002,12873.599999999988,12062.000000000004
177429722.96690002,12873.599999999988,12062.000000000004
177429724.96690002,12873.599999999988,12062.000000000004
177429726.96690002,12873.599999999988,12062.000000000004
177429728.96690002,12873.599999999988,12062.000000000004
177429730.96690002,12873.499999999987,12062.000000000004
177429732.96690002,12873.499999999987,12062.000000000004
177429734.96690002,12873.499999999987,12062.000000000004
177429736.96690002,12873.499999999987,12062.000000000004
177429738.96690002,12873.499999999987,12062.000000000004
177429740.96690002,12873.399999999987,12062.000000000004
177429742.96690002,12873.399999999987,12062.000000000004
177429744.96690002,12873.399999999987,12062.000000000004
177429746.96690002,12873.399999999987,12062.000000000004
177429748.96690002,12873.399999999987,12062.000000000004
177429750.96690002,12873.399999999987,12062.000000000004
177429752.96690002,12873.399999999987,12061.800000000003
177429754.96690002,12874.399999999987,12061.700000000003
177429756.96690002,12874.399999999987,12061.700000000003
177429758.96690002,12874.399999999987,12061.700000000003
177429760.96690002,12874.399999999987,12061.700000000003
177429762.96690002,12874.399999999987,12061.700000000003
177429764.96690002,12874.399999999987,12061.700000000003
177429766.96690002,12874.399999999987,12061.700000000003
177429768.96690002,12874.399999999987,12061.700000000003
177429770.96690002,12874.399999999987,12061.700000000003
177429772.96690002,12874.399999999987,12061.700000000003
177429774.96690002,12874.399999999987,12061.700000000003
177429776.96690002,12874.399999999987,12061.700000000003
177429778.96690002,12874.399999999987,12061.700000000003
177429780.96690002,12874.399999999987,12061.700000000003
177429782.96690002,12874.399999999987,12061.700000000003
177429784.96690002,12874.399999999987,12061.700000000003
177429786.96690002,12874.399999999987,12061.700000000003
177429788.96690002,12874.399999999987,12061.700000000003
177429790.96690002,12874.399999999987,12061.700000000003
177429792.96690002,12874.399999999987,12061.700000000003
177429794.96690002,12874.299999999987,12061.700000000003
177429796.96690002,12792.999999999987,12061.700000000003
177429798.96690002,12792.899999999987,12061.700000000003
177429800.96690002,12792.899999999987,12061.700000000003
177429802.96690002,12792.899999999987,12061.700000000003
177429804.96690002,12792.899999999987,12061.700000000003
177429806.96690002,12792.899999999987,12061.700000000003
177429808.96690002,12792.899999999987,12061.700000000003
177429810.96690002,12792.899999999987,12061.700000000003
177429812.96690002,12792.899999999987,12061.200000000003
177429814.96690002,12792.899999999987,12061.200000000003
177429816.96690002,12792.899999999987,12061.200000000003
177429818.96690002,12792.899999999987,12061.200000000003
177429820.96690002,12792.899999999987,12061.200000000003
177429822.96690002,12792.899999999987,12061.200000000003
177429824.96690002,12792.899999999987,12061.200000000003
177429826.96690002,12792.899999999987,12061.200000000003
177429828.96690002,12792.899999999987,12061.200000000003
177429830.96690002,12792.899999999987,12061.200000000003
177429832.96690002,12792.899999999987,12061.200000000003
177429834.96690002,12792.899999999987,12061.200000000003
177429836.96690002,12792.899999999987,12061.200000000003
177429838.96690002,12792.899999999987,12061.200000000003
177429840.96690002,12792.899999999987,12061.200000000003
177429842.96690002,12792.899999999987,12061.200000000003
177429844.96690002,12792.899999999987,12061.200000000003
177429846.96690002,12792.699999999986,12061.200000000003
177429848.96690002,12792.699999999986,12061.200000000003
177429850.96690002,12792.699999999986,12061.200000000003
177429852.96690002,12792.699999999986,12061.200000000003
177429854.96690002,12792.699999999986,12061.200000000003
177429856.96690002,12792.699999999986,12061.200000000003
177429858.96690002,12792.699999999986,12061.200000000003
177429860.96690002,12792.699999999986,12061.200000000003
177429862.96690002,12792.699999999986,12061.200000000003
177429864.96690002,12792.699999999986,12061.200000000003
177429866.96690002,12792.699999999986,12061.200000000003
177429868.96690002,12792.699999999986,12061.200000000003
177429870.96690002,12792.699999999986,12061.200000000003
177429872.96690002,12792.699999999986,12061.200000000003
177429874.96690002,12792.699999999986,12061.200000000003
177429876.96690002,12792.699999999986,12061.200000000003
177429878.96690002,12792.699999999986,12061.200000000003
177429880.96690002,12792.699999999986,12061.200000000003
177429882.96690002,12792.699999999986,12061.200000000003
177429884.96690002,12792.699999999986,12061.200000000003
177429886.96690002,12792.699999999986,12061.200000000003
177429888.96690002,12792.699999999986,12061.200000000003
177429890.96690002,12792.699999999986,12061.200000000003
177429892.96690002,12792.699999999986,12061.200000000003
177429894.96690002,12792.699999999986,12061.200000000003
177429896.96690002,12792.699999999986,12061.200000000003
177429898.96690002,12792.599999999986,12061.200000000003
177429900.96690002,12792.599999999986,12061.200000000003
177429902.96690002,12792.599999999986,12061.200000000003
177429904.96690002,12792.599999999986,12061.200000000003
177429906.96690002,12792.599999999986,12061.200000000003
177429908.96690002,12792.599999999986,12061.200000000003
177429910.96690002,12792.599999999986,12061.200000000003
177429912.96690002,12792.599999999986,12061.200000000003
177429914.96690002,12792.599999999986,12061.200000000003
177429916.96690002,12792.599999999986,12061.200000000003
177429918.96690002,12792.599999999986,12061.200000000003
177429920.96690002,12792.599999999986,12061.200000000003
177429922.96690002,12792.599999999986,12061.200000000003
177429924.96690002,12792.599999999986,12061.200000000003
177429926.96690002,12792.599999999986,12061.200000000003
177429928.96690002,12792.599999999986,12061.200000000003
177429930.96690002,12792.599999999986,12061.200000000003
177429932.96690002,12792.599999999986,12061.200000000003
177429934.96690002,12792.599999999986,12061.200000000003
177429936.96690002,12792.599999999986,12061.200000000003
177429938.96690002,12792.599999999986,12061.200000000003
177429940.96690002,12792.599999999986,12061.200000000003
177429942.96690002,12792.599999999986,12061.200000000003
177429944.96690002,12792.599999999986,12061.200000000003
177429946.96690002,12792.599999999986,12061.200000000003
177429948.96690002,12792.599999999986,12061.200000000003
177429950.96690002,12792.599999999986,12060.900000000003
177429952.96690002,12792.599999999986,12060.900000000003
177429954.96690002,12792.599999999986,12060.900000000003
177429956.96690002,12792.599999999986,12060.900000000003
177429958.96690002,12792.599999999986,12060.900000000003
177429960.96690002,12792.599999999986,12060.900000000003
177429962.96690002,12792.599999999986,12060.900000000003
177429964.96690002,12792.499999999985,12060.900000000003
177429966.96690002,12792.499999999985,12060.900000000003
177429968.96690002,12792.499999999985,12060.900000000003
177429970.96690002,12792.499999999985,12060.900000000003
177429972.96690002,12792.499999999985,12060.900000000003
177429974.96690002,12792.499999999985,12060.900000000003
177429976.96690002,12792.499999999985,12060.900000000003
177429978.96690002,12792.499999999985,12060.900000000003
177429980.96690002,12792.499999999985,12060.900000000003
177429982.96690002,12792.399999999985,12060.900000000003
177429984.96690002,12792.399999999985,12060.900000000003
177429986.96690002,12792.399999999985,12060.900000000003
177429988.96690002,12792.399999999985,12060.900000000003
177429990.96690002,12792.399999999985,12060.900000000003
177429992.96690002,12792.399999999985,12060.900000000003
177429994.96690002,12792.399999999985,12060.900000000003
177429996.96690002,12792.399999999985,12060.900000000003
177429998.96690002,12792.399999999985,12060.900000000003
177430000.96690002,12792.399999999985,12060.900000000003
177430002.96690002,12792.399999999985,12060.900000000003
177430004.96690002,12792.399999999985,12060.900000000003
177430006.96690002,12792.399999999985,12060.900000000003
177430008.96690002,12792.299999999985,12060.900000000003
177430010.96690002,12792.299999999985,12060.900000000003
177430012.96690002,12792.299999999985,12060.900000000003
177430014.96690002,12792.299999999985,12060.900000000003
177430016.96690002,12792.299999999985,12060.900000000003
177430018.96690002,12792.299999999985,12060.900000000003
177430020.96690002,12792.299999999985,12060.900000000003
177430022.96690002,12792.299999999985,12060.900000000003
177430024.96690002,12792.299999999985,12060.900000000003
177430026.96690002,12792.299999999985,12060.900000000003
177430028.96690002,12792.299999999985,12060.900000000003
177430030.96690002,12792.299999999985,12060.900000000003
177430032.96690002,12792.299999999985,12060.900000000003
177430034.96690002,12792.299999999985,12060.900000000003
177430036.96690002,12792.299999999985,12060.900000000003
177430038.96690002,12792.299999999985,12060.900000000003
177430040.96690002,12792.299999999985,12060.900000000003
177430042.96690002,12792.299999999985,12060.900000000003
177430044.96690002,12792.299999999985,12060.900000000003
177430046.96690002,12792.299999999985,12060.900000000003
177430048.96690002,12792.299999999985,12060.900000000003
177430050.96690002,12792.299999999985,12060.900000000003
177430052.96690002,12792.299999999985,12060.900000000003
177430054.96690002,12792.299999999985,12060.900000000003
177430056.96690002,12792.299999999985,12060.900000000003
177430058.96690002,12792.299999999985,12060.900000000003
177430060.96690002,12792.199999999984,12060.900000000003
177430062.96690002,12792.199999999984,12060.900000000003
177430064.96690002,12792.199999999984,12060.900000000003
177430066.96690002,12792.199999999984,12060.900000000003
177430068.96690002,12792.199999999984,12060.900000000003
177430070.96690002,12792.199999999984,12060.900000000003
177430072.96690002,12792.099999999984,12060.900000000003
177430074.96690002,12791.999999999984,12060.900000000003
177430076.96690002,12791.999999999984,12060.900000000003
177430078.96690002,12791.999999999984,12060.900000000003
177430080.96690002,12791.999999999984,12060.900000000003
177430082.96690002,12791.999999999984,12060.900000000003
177430084.96690002,12791.999999999984,12060.900000000003
177430086.96690002,12791.999999999984,12060.900000000003
177430088.96690002,12791.999999999984,12060.900000000003
177430090.96690002,12791.899999999983,12060.900000000003
177430092.96690002,12791.899999999983,12060.900000000003
177430094.96690002,12791.899999999983,12060.900000000003
177430096.96690002,12791.899999999983,12060.900000000003
177430098.96690002,12791.899999999983,12060.900000000003
177430100.96690002,12791.899999999983,12060.900000000003
177430102.96690002,12791.899999999983,12060.900000000003
177430104.96690002,12791.899999999983,12060.900000000003
177430106.96690002,12792.299999999983,12060.900000000003
177430108.96690002,12792.299999999983,12060.900000000003
177430110.96690002,12792.299999999983,12060.900000000003
177430112.96690002,12792.299999999983,12060.900000000003
177430114.96690002,12792.199999999983,12060.900000000003
177430116.96690002,12792.199999999983,12060.900000000003
177430118.96690002,12792.299999999983,12060.900000000003
177430120.96690002,12792.299999999983,12060.900000000003
177430122.96690002,12792.299999999983,12060.900000000003
177430124.96690002,12792.299999999983,12060.900000000003
177430126.96690002,12792.299999999983,12060.900000000003
177430128.96690002,12792.299999999983,12060.900000000003
177430130.96690002,12792.299999999983,12060.900000000003
177430132.96690002,12792.299999999983,12060.900000000003
177430134.96690002,12792.299999999983,12060.900000000003
177430136.96690002,12792.299999999983,12060.900000000003
177430138.96690002,12792.299999999983,12060.900000000003
177430140.96690002,12792.299999999983,12060.900000000003
177430142.96690002,12792.299999999983,12060.900000000003
177430144.96690002,12792.299999999983,12060.900000000003
177430146.96690002,12792.299999999983,12060.900000000003
177430149.0669,12792.299999999983,12060.900000000003
177430150.96690002,12792.299999999983,12060.900000000003
177430152.96690002,12792.299999999983,12060.900000000003
177430154.96690002,12792.299999999983,12060.900000000003
177430156.96690002,12792.299999999983,12060.900000000003
177430158.96690002,12792.299999999983,12060.900000000003
177430160.96690002,12792.299999999983,12060.900000000003
177430162.96690002,12792.299999999983,12060.900000000003
177430164.96690002,12792.299999999983,12060.900000000003
177430166.96690002,12792.199999999983,12060.900000000003
177430168.96690002,12792.199999999983,12060.900000000003
177430170.96690002,12792.199999999983,12060.900000000003
177430172.96690002,12792.199999999983,12060.900000000003
177430174.96690002,12792.199999999983,12060.900000000003
177430176.96690002,12792.199999999983,12060.900000000003
177430178.96690002,12792.199999999983,12060.900000000003
177430180.96690002,12792.199999999983,12060.900000000003
177430182.96690002,12792.199999999983,12060.900000000003
177430184.96690002,12792.199999999983,12060.900000000003
177430186.96690002,12792.199999999983,12060.900000000003
177430188.96690002,12792.199999999983,12060.900000000003
177430190.96690002,12792.199999999983,12060.900000000003
177430192.96690002,12792.199999999983,12060.900000000003
177430194.96690002,12792.199999999983,12060.900000000003
177430196.96690002,12792.199999999983,12060.900000000003
177430198.96690002,12792.199999999983,12060.900000000003
177430200.96690002,12792.199999999983,12060.900000000003
177430202.96690002,12792.199999999983,12060.900000000003
177430204.96690002,12792.199999999983,12060.900000000003
177430206.96690002,12792.199999999983,12060.900000000003
177430208.96690002,12792.199999999983,12060.900000000003
177430210.96690002,12792.199999999983,12060.900000000003
177430212.96690002,12792.199999999983,12060.900000000003
177430214.96690002,12792.199999999983,12060.900000000003
177430216.96690002,12792.199999999983,12060.900000000003
177430218.96690002,12792.099999999982,12060.900000000003
177430220.96690002,12791.999999999982,12060.900000000003
177430222.96690002,12791.999999999982,12060.900000000003
177430224.96690002,12791.999999999982,12060.900000000003
177430226.96690002,12791.999999999982,12060.900000000003
177430228.96690002,12791.999999999982,12060.900000000003
177430230.96690002,12791.999999999982,12060.900000000003
177430232.96690002,12791.999999999982,12060.900000000003
177430234.96690002,12791.999999999982,12060.900000000003
177430236.96690002,12791.999999999982,12060.900000000003
177430238.96690002,12791.999999999982,12060.900000000003
177430240.96690002,12791.999999999982,12060.900000000003
177430242.96690002,12791.999999999982,12060.900000000003
177430244.96690002,12791.999999999982,12060.900000000003
177430246.96690002,12791.999999999982,12060.900000000003
177430248.96690002,12791.999999999982,12060.900000000003
177430250.96690002,12791.999999999982,12060.900000000003
177430252.96690002,12791.999999999982,12060.900000000003
177430254.96690002,12791.899999999981,12060.900000000003
177430256.96690002,12791.899999999981,12060.900000000003
177430258.96690002,12791.899999999981,12060.900000000003
177430260.96690002,12791.899999999981,12061.000000000004
177430262.96690002,12791.899999999981,12061.000000000004
177430264.96690002,12791.799999999981,12061.000000000004
177430266.96690002,12791.799999999981,12061.000000000004
177430268.96690002,12791.799999999981,12061.000000000004
177430270.96690002,12791.799999999981,12061.000000000004
177430272.96690002,12791.799999999981,12061.100000000004
177430274.96690002,12791.799999999981,12061.100000000004
177430276.96690002,12791.799999999981,12061.100000000004
177430278.96690002,12791.799999999981,12061.100000000004
177430280.96690002,12791.799999999981,12061.100000000004
177430282.96690002,12791.69999999998,12061.100000000004
177430284.96690002,12791.59999999998,12061.100000000004
177430286.96690002,12791.59999999998,12061.100000000004
177430288.96690002,12791.59999999998,12061.100000000004
177430290.96690002,12791.59999999998,12061.100000000004
177430292.96690002,12791.59999999998,12061.100000000004
177430294.96690002,12791.49999999998,12061.100000000004
177430296.96690002,12791.49999999998,12061.100000000004
177430298.96690002,12791.39999999998,12061.100000000004
177430300.96690002,12791.39999999998,12061.100000000004
177430302.96690002,12791.39999999998,12061.100000000004
177430304.96690002,12791.29999999998,12061.100000000004
177430306.96690002,12791.29999999998,12061.100000000004
177430308.96690002,12791.29999999998,12061.100000000004
177430310.96690002,12791.29999999998,12061.100000000004
177430312.96690002,12791.29999999998,12061.000000000004
177430314.96690002,12791.29999999998,12061.000000000004
177430316.96690002,12791.29999999998,12061.000000000004
177430318.96690002,12791.29999999998,12061.000000000004
177430320.96690002,12791.29999999998,12061.000000000004
177430322.96690002,12791.29999999998,12061.000000000004
177430324.96690002,12791.29999999998,12061.000000000004
177430326.96690002,12791.199999999979,12061.000000000004
177430328.96690002,12791.199999999979,12061.000000000004
177430330.96690002,12791.199999999979,12061.000000000004
177430332.96690002,12791.199999999979,12061.000000000004
177430334.96690002,12791.199999999979,12061.000000000004
177430336.96690002,12791.199999999979,12061.000000000004
177430338.96690002,12791.199999999979,12061.000000000004
177430340.96690002,12791.199999999979,12061.000000000004
177430342.96690002,12791.199999999979,12061.000000000004
177430344.96690002,12791.199999999979,12061.000000000004
177430346.96690002,12791.199999999979,12061.000000000004
177430348.96690002,12791.199999999979,12061.000000000004
177430350.96690002,12791.199999999979,12060.900000000003
177430352.96690002,12791.199999999979,12060.900000000003
177430354.96690002,12791.199999999979,12060.900000000003
177430356.96690002,12791.199999999979,12060.900000000003
177430358.96690002,12791.199999999979,12060.900000000003
177430360.96690002,12791.199999999979,12060.900000000003
177430362.96690002,12791.199999999979,12060.900000000003
177430364.96690002,12791.199999999979,12060.900000000003
177430366.96690002,12791.199999999979,12060.900000000003
177430368.96690002,12791.199999999979,12060.900000000003
177430370.96690002,12791.199999999979,12060.900000000003
177430372.96690002,12791.199999999979,12060.900000000003
177430374.96690002,12791.199999999979,12060.900000000003
177430376.96690002,12791.199999999979,12060.900000000003
177430378.96690002,12791.199999999979,12060.900000000003
177430380.96690002,12791.199999999979,12060.900000000003
177430382.96690002,12791.199999999979,12060.900000000003
177430384.96690002,12791.199999999979,12060.900000000003
177430386.96690002,12791.199999999979,12060.900000000003
177430388.96690002,12791.199999999979,12060.900000000003
177430390.96690002,12791.199999999979,12060.900000000003
177430392.96690002,12791.199999999979,12060.900000000003
177430394.96690002,12791.199999999979,12060.900000000003
177430396.96690002,12791.199999999979,12060.900000000003
177430398.96690002,12791.199999999979,12060.900000000003
177430400.96690002,12791.199999999979,12060.900000000003
177430402.96690002,12791.199999999979,12060.900000000003
177430404.96690002,12791.199999999979,12060.900000000003
177430406.96690002,12791.199999999979,12060.900000000003
177430408.96690002,12791.199999999979,12060.900000000003
177430410.96690002,12791.199999999979,12060.900000000003
177430412.96690002,12791.199999999979,12060.900000000003
177430414.96690002,12791.199999999979,12060.900000000003
177430416.96690002,12791.199999999979,12060.900000000003
177430418.96690002,12791.199999999979,12060.900000000003
177430420.96690002,12791.199999999979,12060.900000000003
177430422.96690002,12791.199999999979,12060.900000000003
177430424.96690002,12791.199999999979,12060.900000000003
177430426.96690002,12791.199999999979,12060.900000000003
177430428.96690002,12791.199999999979,12060.900000000003
177430430.96690002,12791.199999999979,12060.900000000003
177430432.96690002,12791.199999999979,12060.900000000003
177430434.96690002,12791.199999999979,12060.900000000003
177430436.96690002,12791.199999999979,12060.900000000003
177430438.96690002,12791.199999999979,12060.900000000003
177430440.96690002,12791.199999999979,12060.900000000003
177430442.96690002,12791.199999999979,12060.900000000003
177430444.96690002,12791.199999999979,12060.900000000003
177430446.96690002,12791.199999999979,12060.900000000003
177430448.96690002,12791.199999999979,12060.900000000003
177430450.96690002,12718.199999999979,12060.900000000003
177430452.96690002,12718.199999999979,12060.900000000003
177430454.96690002,12718.199999999979,12060.900000000003
177430456.96690002,12718.199999999979,12060.900000000003
177430458.96690002,12718.199999999979,12060.900000000003
177430460.96690002,12718.199999999979,12060.900000000003
177430462.96690002,12718.199999999979,12060.900000000003
177430464.96690002,12718.199999999979,12060.900000000003
177430466.96690002,12718.199999999979,12060.900000000003
177430468.96690002,12718.199999999979,12060.900000000003
177430470.96690002,12718.199999999979,12060.900000000003
177430472.96690002,12718.199999999979,12060.900000000003
177430474.96690002,12718.199999999979,12060.900000000003
177430476.96690002,12718.199999999979,12060.900000000003
177430478.96690002,12718.199999999979,12060.900000000003
177430480.96690002,12791.199999999979,12060.900000000003
177430482.96690002,12791.199999999979,12060.900000000003
177430484.96690002,12791.199999999979,12060.900000000003
177430486.96690002,12791.199999999979,12060.900000000003
177430488.96690002,12791.199999999979,12060.900000000003
177430490.96690002,12791.199999999979,12060.900000000003
177430492.96690002,12791.199999999979,12060.900000000003
177430494.96690002,12791.199999999979,12060.900000000003
177430496.96690002,12791.199999999979,12060.900000000003
177430498.96690002,12791.099999999979,12060.900000000003
177430500.96690002,12791.099999999979,12060.900000000003
177430502.96690002,12791.099999999979,12060.900000000003
177430504.96690002,12791.099999999979,12060.900000000003
177430506.96690002,12791.099999999979,12060.900000000003
177430508.96690002,12791.099999999979,12060.900000000003
177430510.96690002,12791.099999999979,12060.900000000003
177430512.96690002,12791.099999999979,12060.900000000003
177430514.96690002,12791.099999999979,12060.900000000003
177430516.96690002,12791.099999999979,12060.900000000003
177430518.96690002,12791.099999999979,12060.900000000003
177430520.96690002,12791.099999999979,12060.900000000003
177430522.96690002,12791.099999999979,12060.900000000003
177430524.96690002,12791.099999999979,12060.900000000003
177430526.96690002,12791.099999999979,12060.900000000003
177430528.96690002,12791.099999999979,12060.900000000003
177430530.96690002,12791.099999999979,12060.900000000003
177430532.96690002,12791.099999999979,12060.900000000003
177430534.96690002,12791.099999999979,12060.900000000003
177430536.96690002,12791.099999999979,12060.900000000003
177430538.96690002,12791.099999999979,12060.900000000003
177430540.96690002,12791.099999999979,12060.900000000003
177430542.96690002,12791.099999999979,12060.900000000003
177430544.96690002,12791.099999999979,12060.900000000003
177430546.96690002,12791.099999999979,12060.900000000003
177430548.96690002,12790.999999999978,12060.900000000003
177430550.96690002,12790.999999999978,12060.900000000003
177430552.96690002,12790.999999999978,12060.900000000003
177430554.96690002,12790.999999999978,12060.900000000003
177430556.96690002,12790.899999999978,12060.900000000003
177430558.96690002,12790.899999999978,12061.000000000004
177430560.96690002,12790.899999999978,12061.000000000004
177430562.96690002,12790.899999999978,12061.000000000004
177430564.96690002,12790.899999999978,12061.000000000004
177430566.96690002,12790.899999999978,12061.000000000004
177430568.96690002,12790.899999999978,12061.000000000004
177430570.96690002,12790.899999999978,12061.000000000004
177430572.96690002,12790.899999999978,12061.000000000004
177430574.96690002,12790.899999999978,12061.000000000004
177430576.96690002,12790.899999999978,12061.000000000004
177430578.96690002,12790.899999999978,12061.000000000004
177430580.96690002,12790.899999999978,12061.000000000004
177430582.96690002,12790.799999999977,12061.100000000004
177430584.96690002,12790.799999999977,12061.100000000004
177430586.96690002,12790.799999999977,12061.100000000004
177430588.96690002,12790.799999999977,12061.100000000004
177430590.96690002,12790.799999999977,12061.000000000004
177430592.96690002,12790.799999999977,12061.000000000004
177430594.96690002,12790.799999999977,12061.000000000004
177430596.96690002,12790.799999999977,12061.000000000004
177430598.96690002,12790.799999999977,12061.000000000004
177430600.96690002,12790.799999999977,12061.000000000004
177430602.96690002,12790.799999999977,12061.000000000004
177430604.96690002,12790.799999999977,12061.000000000004
177430606.96690002,12790.799999999977,12061.000000000004
177430608.96690002,12790.799999999977,12061.000000000004
177430610.96690002,12790.799999999977,12061.000000000004
177430612.96690002,12790.799999999977,12061.000000000004
177430614.96690002,12790.799999999977,12061.000000000004
177430616.96690002,12790.799999999977,12061.000000000004
177430618.96690002,12790.799999999977,12061.000000000004
177430620.96690002,12790.799999999977,12061.000000000004
177430622.96690002,12790.799999999977,12061.000000000004
177430624.96690002,12790.799999999977,12061.000000000004
177430626.96690002,12790.799999999977,12061.000000000004
177430628.96690002,12790.799999999977,12061.000000000004
177430630.96690002,12790.799999999977,12061.000000000004
177430632.96690002,12790.799999999977,12061.000000000004
177430634.96690002,12790.799999999977,12061.000000000004
177430636.96690002,12790.799999999977,12061.000000000004
177430638.96690002,12790.799999999977,12061.000000000004
177430640.96690002,12790.799999999977,12061.000000000004
177430642.96690002,12790.799999999977,12061.000000000004
177430644.96690002,12790.799999999977,12061.000000000004
177430646.96690002,12790.799999999977,12061.000000000004
177430648.96690002,12790.799999999977,12061.000000000004
177430650.96690002,12790.799999999977,12061.000000000004
177430652.96690002,12790.799999999977,12061.000000000004
177430654.96690002,12790.799999999977,12061.000000000004
177430656.96690002,12790.799999999977,12061.000000000004
177430658.96690002,12790.799999999977,12061.000000000004
177430660.96690002,12790.799999999977,12061.000000000004
177430662.96690002,12790.799999999977,12061.000000000004
177430664.96690002,12790.799999999977,12061.000000000004
177430666.96690002,12790.799999999977,12061.000000000004
177430668.96690002,12790.799999999977,12061.000000000004
177430670.96690002,12790.699999999977,12061.000000000004
177430672.96690002,12790.699999999977,12061.000000000004
177430674.96690002,12790.699999999977,12061.000000000004
177430676.96690002,12790.699999999977,12061.000000000004
177430678.96690002,12790.699999999977,12061.000000000004
177430680.96690002,12790.699999999977,12061.000000000004
177430682.96690002,12790.699999999977,12061.000000000004
177430684.96690002,12790.699999999977,12061.000000000004
177430686.96690002,12790.699999999977,12061.000000000004
177430688.96690002,12790.699999999977,12061.000000000004
177430690.96690002,12790.699999999977,12061.000000000004
177430692.96690002,12790.699999999977,12061.000000000004
177430694.96690002,12790.699999999977,12061.000000000004
177430696.96690002,12790.699999999977,12061.000000000004
177430698.96690002,12790.699999999977,12061.000000000004
177430700.96690002,12790.699999999977,12061.000000000004
177430702.96690002,12790.699999999977,12061.000000000004
177430704.96690002,12790.699999999977,12061.000000000004
177430706.96690002,12790.699999999977,12061.000000000004
177430708.96690002,12790.599999999977,12061.000000000004
177430710.96690002,12790.599999999977,12061.000000000004
177430712.96690002,12790.599999999977,12061.000000000004
177430714.96690002,12790.599999999977,12061.000000000004
177430716.96690002,12790.599999999977,12061.000000000004
177430718.96690002,12790.599999999977,12061.000000000004
177430720.96690002,12790.599999999977,12061.000000000004
177430722.96690002,12790.599999999977,12061.000000000004
177430724.96690002,12790.599999999977,12061.000000000004
177430726.96690002,12790.599999999977,12061.000000000004
177430728.96690002,12790.599999999977,12061.000000000004
177430730.96690002,12790.599999999977,12061.000000000004
177430732.96690002,12790.599999999977,12061.000000000004
177430734.96690002,12790.599999999977,12061.000000000004
177430736.96690002,12790.599999999977,12061.000000000004
177430738.96690002,12790.599999999977,12061.000000000004
177430740.96690002,12790.599999999977,12061.000000000004
177430742.96690002,12790.599999999977,12061.000000000004
177430744.96690002,12790.599999999977,12061.000000000004
177430746.96690002,12790.699999999977,12061.000000000004
177430748.96690002,12790.699999999977,12061.000000000004
177430750.96690002,12790.699999999977,12061.000000000004
177430752.96690002,12790.699999999977,12061.000000000004
177430754.96690002,12790.699999999977,12061.000000000004
177430756.96690002,12790.699999999977,12061.000000000004
177430758.96690002,12790.699999999977,12061.000000000004
177430760.96690002,12790.699999999977,12061.000000000004
177430762.96690002,12790.699999999977,12061.000000000004
177430764.96690002,12790.699999999977,12061.000000000004
177430766.96690002,12790.699999999977,12061.000000000004
177430768.96690002,12790.699999999977,12061.000000000004
177430770.96690002,12790.699999999977,12061.000000000004
177430772.96690002,12790.699999999977,12061.000000000004
177430774.96690002,12790.699999999977,12061.000000000004
177430776.96690002,12790.699999999977,12061.000000000004
177430779.0669,12790.699999999977,12061.000000000004
177430780.96690002,12790.699999999977,12061.000000000004
177430782.96690002,12790.699999999977,12061.000000000004
177430784.96690002,12790.699999999977,12061.000000000004
177430786.96690002,12790.699999999977,12061.000000000004
177430788.96690002,12790.699999999977,12061.000000000004
177430790.96690002,12790.699999999977,12061.000000000004
177430792.96690002,12790.699999999977,12061.000000000004
177430794.96690002,12790.599999999977,12061.100000000004
177430796.96690002,12790.599999999977,12061.100000000004
177430798.96690002,12790.599999999977,12061.100000000004
177430800.96690002,12790.599999999977,12061.100000000004
177430802.96690002,12790.599999999977,12061.100000000004
177430804.96690002,12790.599999999977,12061.100000000004
177430806.96690002,12790.599999999977,12061.100000000004
177430808.96690002,12790.599999999977,12061.100000000004
177430810.96690002,12790.599999999977,12061.100000000004
177430812.96690002,12790.599999999977,12061.100000000004
177430814.96690002,12790.599999999977,12061.100000000004
177430816.96690002,12790.599999999977,12061.100000000004
177430818.96690002,12790.599999999977,12061.100000000004
177430820.96690002,12790.599999999977,12061.100000000004
177430822.96690002,12790.599999999977,12061.100000000004
177430824.96690002,12790.599999999977,12061.100000000004
177430826.96690002,12790.599999999977,12061.100000000004
177430828.96690002,12790.599999999977,12061.100000000004
177430830.96690002,12790.599999999977,12061.100000000004
177430832.96690002,12790.599999999977,12061.100000000004
177430834.96690002,12790.599999999977,12061.100000000004
177430836.96690002,12790.599999999977,12061.100000000004
177430838.96690002,12790.599999999977,12061.100000000004
177430840.96690002,12790.599999999977,12061.100000000004
177430842.96690002,12790.599999999977,12061.100000000004
177430844.96690002,12790.599999999977,12061.100000000004
177430846.96690002,12790.599999999977,12061.100000000004
177430848.96690002,12790.599999999977,12061.100000000004
177430850.96690002,12790.599999999977,12061.100000000004
177430852.96690002,12790.599999999977,12061.100000000004
177430854.96690002,12790.599999999977,12061.100000000004
177430856.96690002,12790.599999999977,12061.100000000004
177430858.96690002,12790.599999999977,12061.100000000004
177430860.96690002,12790.599999999977,12061.100000000004
177430862.96690002,12790.499999999976,12061.100000000004
177430864.96690002,12790.499999999976,12061.100000000004
177430866.96690002,12790.499999999976,12061.100000000004
177430868.96690002,12790.499999999976,12061.100000000004
177430870.96690002,12790.499999999976,12061.100000000004
177430872.96690002,12790.499999999976,12061.100000000004
177430874.96690002,12790.499999999976,12061.100000000004
177430876.96690002,12790.499999999976,12061.100000000004
177430878.96690002,12790.499999999976,12061.200000000004
177430880.96690002,12790.499999999976,12061.200000000004
177430882.96690002,12790.499999999976,12061.200000000004
177430884.96690002,12790.499999999976,12061.200000000004
177430886.96690002,12790.499999999976,12061.200000000004
177430888.96690002,12790.499999999976,12061.200000000004
177430890.96690002,12790.499999999976,12061.200000000004
177430892.96690002,12790.499999999976,12061.200000000004
177430894.96690002,12790.499999999976,12061.200000000004
177430896.96690002,12790.499999999976,12061.200000000004
177430898.96690002,12790.499999999976,12061.200000000004
177430900.96690002,12790.499999999976,12061.200000000004
177430902.96690002,12790.499999999976,12061.200000000004
177430904.96690002,12790.499999999976,12061.200000000004
177430906.96690002,12790.499999999976,12061.200000000004
177430908.96690002,12790.499999999976,12061.200000000004
177430910.96690002,12790.499999999976,12061.200000000004
177430912.96690002,12790.499999999976,12061.200000000004
177430914.96690002,12790.499999999976,12061.300000000005
177430916.96690002,12790.499999999976,12061.300000000005
177430918.96690002,12790.499999999976,12061.300000000005
177430920.96690002,12790.499999999976,12061.300000000005
177430922.96690002,12790.499999999976,12061.300000000005
177430924.96690002,12790.399999999976,12061.300000000005
177430926.96690002,12790.399999999976,12061.300000000005
177430928.96690002,12790.399999999976,12061.300000000005
177430930.96690002,12790.399999999976,12061.300000000005
177430932.96690002,12790.399999999976,12061.300000000005
177430934.96690002,12790.399999999976,12061.300000000005
177430936.96690002,12790.399999999976,12061.300000000005
177430938.96690002,12790.399999999976,12061.300000000005
177430940.96690002,12790.399999999976,12061.300000000005
177430942.96690002,12790.399999999976,12061.300000000005
177430944.96690002,12790.399999999976,12061.300000000005
177430946.96690002,12790.399999999976,12061.300000000005
177430948.96690002,12790.299999999976,12061.300000000005
177430950.96690002,12790.299999999976,12061.300000000005
177430952.96690002,12790.299999999976,12061.300000000005
177430954.96690002,12790.299999999976,12061.300000000005
177430956.96690002,12790.299999999976,12061.300000000005
177430958.96690002,12790.299999999976,12061.300000000005
177430960.96690002,12790.299999999976,12061.400000000005
177430962.96690002,12790.299999999976,12061.400000000005
177430964.96690002,12790.299999999976,12061.400000000005
177430966.96690002,12790.199999999975,12061.400000000005
177430968.96690002,12790.599999999975,12061.400000000005
177430970.96690002,12790.599999999975,12061.400000000005
177430972.96690002,12790.599999999975,12061.400000000005
177430974.96690002,12790.599999999975,12061.400000000005
177430976.96690002,12790.599999999975,12061.400000000005
177430978.96690002,12790.599999999975,12061.400000000005
177430980.96690002,12790.499999999975,12061.400000000005
177430982.96690002,12790.499999999975,12061.400000000005
177430984.96690002,12790.399999999974,12061.400000000005
177430986.96690002,12790.399999999974,12061.400000000005
177430988.96690002,12790.399999999974,12061.400000000005
177430990.96690002,12790.399999999974,12061.400000000005
177430992.96690002,12790.399999999974,12061.400000000005
177430994.96690002,12790.399999999974,12061.400000000005
177430996.96690002,12790.399999999974,12061.400000000005
177430998.96690002,12790.399999999974,12061.400000000005
177431000.96690002,12790.399999999974,12061.400000000005
177431003.0669,12790.399999999974,12061.400000000005
177431005.0669,12790.399999999974,12061.400000000005
177431007.0669,12790.399999999974,12061.400000000005
177431009.0669,12790.399999999974,12061.400000000005
177431011.0669,12790.399999999974,12061.400000000005
177431013.0669,12790.399999999974,12061.400000000005
177431015.0669,12790.399999999974,12061.400000000005
177431017.0669,12790.399999999974,12061.400000000005
177431019.0669,12790.399999999974,12061.400000000005
177431021.0669,12790.399999999974,12061.400000000005
177431023.0669,12790.399999999974,12061.400000000005
177431025.0669,12790.399999999974,12061.400000000005
177431027.0669,12790.399999999974,12061.400000000005
177431029.0669,12790.399999999974,12061.400000000005
177431031.0669,12790.399999999974,12061.400000000005
177431033.0669,12790.399999999974,12061.400000000005
177431035.0669,12790.399999999974,12061.400000000005
177431037.0669,12790.399999999974,12061.400000000005
177431039.0669,12790.399999999974,12061.400000000005
177431041.0669,12790.399999999974,12061.400000000005
177431043.0669,12790.399999999974,12061.400000000005
177431045.0669,12790.399999999974,12061.400000000005
177431047.0669,12790.399999999974,12061.400000000005
177431049.0669,12790.399999999974,12061.400000000005
177431051.0669,12790.399999999974,12061.400000000005
177431053.0669,12790.399999999974,12061.400000000005
177431055.0669,12790.399999999974,12061.400000000005
177431057.0669,12790.399999999974,12061.400000000005
177431059.0669,12790.399999999974,12061.400000000005
177431061.0669,12790.399999999974,12061.400000000005
177431063.0669,12790.399999999974,12061.400000000005
177431065.0669,12790.399999999974,12061.400000000005
177431067.0669,12790.399999999974,12061.400000000005
177431069.0669,12790.399999999974,12061.400000000005
177431071.0669,12790.399999999974,12061.400000000005
177431073.0669,12790.399999999974,12061.400000000005
177431075.0669,12790.399999999974,12061.400000000005
177431077.0669,12790.399999999974,12061.400000000005
177431079.0669,12790.399999999974,12061.400000000005
177431081.0669,12790.399999999974,12061.400000000005
177431083.0669,12790.399999999974,12061.400000000005
177431085.0669,12790.399999999974,12061.400000000005
177431087.0669,12790.399999999974,12061.400000000005
177431089.0669,12790.399999999974,12061.400000000005
177431091.0669,12790.399999999974,12061.400000000005
177431093.0669,12790.399999999974,12061.400000000005
177431095.0669,12790.399999999974,12061.400000000005
177431097.0669,12790.399999999974,12061.400000000005
177431099.0669,12790.399999999974,12061.400000000005
177431101.0669,12790.399999999974,12061.400000000005
177431103.0669,12790.399999999974,12061.400000000005
177431105.0669,12790.399999999974,12061.400000000005
177431107.0669,12790.399999999974,12061.400000000005
177431109.0669,12790.399999999974,12061.400000000005
177431111.0669,12790.399999999974,12061.400000000005
177431113.0669,12790.399999999974,12061.400000000005
177431115.0669,12790.599999999975,12061.400000000005
177431117.0669,12790.599999999975,12061.400000000005
177431119.0669,12790.599999999975,12061.400000000005
177431121.0669,12790.599999999975,12061.400000000005
177431123.0669,12790.599999999975,12061.400000000005
177431125.0669,12790.599999999975,12061.400000000005
177431127.0669,12790.599999999975,12061.400000000005
177431129.0669,12790.599999999975,12061.400000000005
177431131.0669,12790.599999999975,12061.400000000005
177431133.0669,12790.599999999975,12061.400000000005
177431135.0669,12790.599999999975,12061.400000000005
177431137.0669,12790.599999999975,12061.400000000005
177431139.0669,12790.599999999975,12061.400000000005
177431141.0669,12790.599999999975,12061.400000000005
177431143.0669,12790.599999999975,12061.400000000005
177431145.0669,12790.599999999975,12061.400000000005
177431147.0669,12790.599999999975,12061.400000000005
177431149.0669,12790.599999999975,12061.400000000005
177431151.0669,12790.599999999975,12061.400000000005
177431153.0669,12790.599999999975,12061.400000000005
177431155.0669,12790.599999999975,12061.400000000005
177431157.0669,12790.599999999975,12061.400000000005
177431159.0669,12790.599999999975,12061.400000000005
177431161.0669,12790.599999999975,12061.400000000005
177431163.0669,12790.599999999975,12061.400000000005
177431165.0669,12790.599999999975,12061.400000000005
177431167.0669,12790.599999999975,12061.400000000005
177431169.0669,12790.599999999975,12061.400000000005
177431171.0669,12790.599999999975,12061.400000000005
177431173.0669,12790.599999999975,12061.400000000005
177431175.0669,12790.599999999975,12061.400000000005
177431177.0669,12790.599999999975,12061.400000000005
177431179.0669,12790.599999999975,12061.400000000005
177431181.0669,12790.599999999975,12061.400000000005
177431183.0669,12790.499999999975,12061.400000000005
177431185.0669,12790.399999999974,12097.900000000005
177431187.0669,12790.399999999974,12097.900000000005
177431189.0669,12790.399999999974,12097.900000000005
177431191.0669,12790.399999999974,12097.900000000005
177431193.0669,12790.399999999974,12097.900000000005
177431195.0669,12790.399999999974,12097.900000000005
177431197.0669,12790.399999999974,12061.400000000005
177431199.0669,12790.599999999975,12061.400000000005
177431201.0669,12790.599999999975,12061.300000000005
177431203.0669,12790.599999999975,12061.300000000005
177431205.0669,12790.599999999975,12061.300000000005
177431207.0669,12790.599999999975,12061.300000000005
177431209.0669,12790.599999999975,12061.300000000005
177431211.0669,12790.599999999975,12061.300000000005
177431213.0669,12790.599999999975,12061.300000000005
177431215.0669,12790.599999999975,12061.300000000005
177431217.0669,12790.599999999975,12061.300000000005
177431219.0669,12790.599999999975,12061.300000000005
177431221.0669,12790.599999999975,12061.300000000005
177431223.0669,12790.599999999975,12061.300000000005
177431225.0669,12790.599999999975,12061.300000000005
177431227.0669,12790.599999999975,12061.300000000005
177431229.0669,12790.599999999975,12061.300000000005
177431231.0669,12790.599999999975,12061.300000000005
177431233.0669,12790.599999999975,12061.300000000005
177431235.0669,12790.599999999975,12061.300000000005
177431237.0669,12790.599999999975,12061.300000000005
177431239.0669,12790.599999999975,12061.300000000005
177431241.0669,12790.499999999975,12061.300000000005
177431243.0669,12790.499999999975,12061.300000000005
177431245.0669,12790.399999999974,12061.300000000005
177431247.0669,12790.399999999974,12061.300000000005
177431249.0669,12790.399999999974,12061.300000000005
177431251.0669,12790.399999999974,12061.300000000005
177431253.0669,12790.399999999974,12061.300000000005
177431255.0669,12790.399999999974,12061.300000000005
177431257.0669,12790.399999999974,12061.300000000005
177431259.0669,12790.399999999974,12061.300000000005
177431261.0669,12790.399999999974,12061.300000000005
177431263.0669,12790.399999999974,12061.300000000005
177431265.0669,12790.399999999974,12061.300000000005
177431267.0669,12790.399999999974,12061.300000000005
177431269.0669,12790.399999999974,12061.300000000005
177431271.0669,12790.399999999974,12061.300000000005
177431273.0669,12790.399999999974,12061.300000000005
177431275.0669,12790.399999999974,12061.300000000005
177431277.0669,12790.399999999974,12061.300000000005
177431279.0669,12790.399999999974,12061.300000000005
177431281.0669,12790.399999999974,12061.300000000005
177431283.0669,12790.399999999974,12061.300000000005
177431285.0669,12790.399999999974,12061.300000000005
177431287.0669,12790.399999999974,12061.300000000005
177431289.0669,12790.399999999974,12061.300000000005
177431291.0669,12790.399999999974,12061.300000000005
177431293.0669,12790.399999999974,12061.300000000005
177431295.0669,12790.399999999974,12061.300000000005
177431297.0669,12790.399999999974,12061.300000000005
177431299.0669,12790.399999999974,12061.300000000005
177431301.0669,12790.399999999974,12061.300000000005
177431303.0669,12790.399999999974,12061.300000000005
177431305.0669,12790.399999999974,12061.300000000005
177431307.0669,12790.399999999974,12061.300000000005
177431309.0669,12790.399999999974,12061.300000000005
177431311.0669,12790.399999999974,12061.300000000005
177431313.0669,12790.399999999974,12061.400000000005
177431315.0669,12790.399999999974,12061.400000000005
177431317.0669,12790.399999999974,12061.400000000005
177431319.0669,12790.399999999974,12061.400000000005
177431321.0669,12790.399999999974,12061.400000000005
177431323.0669,12790.399999999974,12061.400000000005
177431325.0669,12790.399999999974,12061.400000000005
177431327.0669,12790.299999999974,12061.400000000005
177431329.0669,12790.299999999974,12061.400000000005
177431331.0669,12717.399999999974,12061.400000000005
177431333.0669,12717.399999999974,12061.400000000005
177431335.0669,12717.299999999974,12061.400000000005
177431337.0669,12717.299999999974,12061.400000000005
177431339.0669,12717.299999999974,12061.400000000005
177431341.0669,12717.299999999974,12061.400000000005
177431343.0669,12717.299999999974,12061.400000000005
177431345.0669,12717.299999999974,12061.400000000005
177431347.0669,12717.299999999974,12061.400000000005
177431349.0669,12717.299999999974,12061.400000000005
177431351.0669,12717.299999999974,12061.400000000005
177431353.0669,12717.299999999974,12061.400000000005
177431355.0669,12651.699999999973,12061.400000000005
177431357.0669,12651.699999999973,12061.400000000005
177431359.0669,12651.699999999973,12061.400000000005
177431361.0669,12651.699999999973,12061.400000000005
177431363.0669,12651.699999999973,12061.400000000005
177431365.0669,12651.699999999973,12061.400000000005
177431367.0669,12651.699999999973,12061.400000000005
177431369.0669,12651.699999999973,12061.400000000005
177431371.0669,12651.699999999973,12061.400000000005
177431373.0669,12651.699999999973,12061.400000000005
177431375.0669,12651.599999999973,12061.300000000005
177431377.0669,12651.599999999973,12061.300000000005
177431379.0669,12651.599999999973,12061.300000000005
177431381.0669,12651.599999999973,12061.300000000005
177431383.0669,12651.699999999973,12061.300000000005
177431385.0669,12651.699999999973,12061.300000000005
177431387.0669,12651.699999999973,12061.300000000005
177431389.0669,12651.699999999973,12061.300000000005
177431391.0669,12651.699999999973,12061.300000000005
177431393.0669,12651.699999999973,12061.300000000005
177431395.0669,12651.699999999973,12061.300000000005
177431397.0669,12651.699999999973,12061.300000000005
177431399.0669,12651.699999999973,12061.300000000005
177431401.0669,12651.699999999973,12061.300000000005
177431403.0669,12651.699999999973,12061.300000000005
177431405.0669,12651.699999999973,12061.300000000005
177431407.0669,12651.699999999973,12061.300000000005
177431409.0669,12651.699999999973,12061.300000000005
177431411.0669,12651.699999999973,12061.300000000005
177431413.0669,12717.299999999974,12061.300000000005
177431415.0669,12717.299999999974,12061.300000000005
177431417.0669,12717.299999999974,12061.300000000005
177431419.0669,12717.299999999974,12061.300000000005
177431421.0669,12717.299999999974,12061.300000000005
177431423.0669,12717.299999999974,12061.300000000005
177431425.0669,12717.299999999974,12061.300000000005
177431427.0669,12717.299999999974,12061.300000000005
177431429.0669,12717.299999999974,12061.300000000005
177431431.0669,12717.299999999974,12061.300000000005
177431433.0669,12717.199999999973,12061.300000000005
177431435.0669,12717.199999999973,12061.300000000005
177431437.0669,12717.199999999973,12061.300000000005
177431439.0669,12717.199999999973,12061.300000000005
177431441.0669,12717.199999999973,12061.300000000005
177431443.1669,12717.199999999973,12061.300000000005
177431445.0669,12717.199999999973,12061.300000000005
177431447.0669,12717.099999999973,12061.300000000005
177431449.0669,12717.099999999973,12061.300000000005
177431451.0669,12717.099999999973,12061.300000000005
177431453.0669,12717.099999999973,12061.300000000005
177431455.0669,12717.099999999973,12061.300000000005
177431457.0669,12717.099999999973,12061.300000000005
177431459.0669,12717.099999999973,12061.300000000005
177431461.0669,12717.099999999973,12061.300000000005
177431463.0669,12717.099999999973,12061.300000000005
177431465.0669,12717.099999999973,12061.300000000005
177431467.0669,12717.099999999973,12061.300000000005
177431469.0669,12717.099999999973,12061.400000000005
177431471.0669,12717.099999999973,12061.400000000005
177431473.0669,12717.099999999973,12061.400000000005
177431475.0669,12717.099999999973,12061.400000000005
177431477.0669,12717.099999999973,12061.400000000005
177431479.0669,12717.099999999973,12061.400000000005
177431481.0669,12717.099999999973,12061.400000000005
177431483.0669,12717.099999999973,12061.400000000005
177431485.0669,12717.099999999973,12061.400000000005
177431487.0669,12717.099999999973,12061.400000000005
177431489.0669,12717.099999999973,12061.400000000005
177431491.0669,12717.099999999973,12061.400000000005
177431493.0669,12716.999999999973,12061.400000000005
177431495.0669,12716.999999999973,12061.400000000005
177431497.0669,12716.999999999973,12061.400000000005
177431499.0669,12716.999999999973,12061.400000000005
177431501.0669,12716.999999999973,12061.400000000005
177431503.0669,12716.999999999973,12061.400000000005
177431505.0669,12716.999999999973,12061.400000000005
177431507.0669,12716.999999999973,12061.400000000005
177431509.0669,12716.999999999973,12061.400000000005
177431511.0669,12716.999999999973,12061.400000000005
177431513.0669,12716.999999999973,12061.400000000005
177431515.0669,12716.999999999973,12061.400000000005
177431517.0669,12716.999999999973,12061.400000000005
177431519.0669,12716.999999999973,12061.400000000005
177431521.0669,12716.999999999973,12061.400000000005
177431523.0669,12716.999999999973,12061.400000000005
177431525.0669,12716.899999999972,12061.400000000005
177431527.0669,12716.899999999972,12061.400000000005
177431529.0669,12716.899999999972,12061.400000000005
177431531.0669,12716.899999999972,12061.400000000005
177431533.0669,12716.899999999972,12061.400000000005
177431535.0669,12716.899999999972,12061.400000000005
177431537.0669,12716.899999999972,12061.400000000005
177431539.0669,12716.899999999972,12061.400000000005
177431541.0669,12716.899999999972,12061.400000000005
177431543.0669,12716.899999999972,12061.400000000005
177431545.0669,12716.899999999972,12061.400000000005
177431547.0669,12716.999999999973,12061.400000000005
177431549.0669,12716.999999999973,12061.400000000005
177431551.0669,12716.999999999973,12061.400000000005
177431553.0669,12716.999999999973,12061.400000000005
177431555.0669,12716.999999999973,12061.400000000005
177431557.0669,12716.999999999973,12061.400000000005
177431559.0669,12716.999999999973,12061.400000000005
177431561.0669,12716.999999999973,12061.400000000005
177431563.0669,12716.999999999973,12061.400000000005
177431565.0669,12716.999999999973,12061.400000000005
177431567.0669,12716.999999999973,12061.400000000005
177431569.0669,12716.999999999973,12061.400000000005
177431571.0669,12716.999999999973,12061.400000000005
177431573.0669,12716.999999999973,12061.300000000005
177431575.0669,12716.999999999973,12061.300000000005
177431577.0669,12716.999999999973,12061.300000000005
177431579.0669,12716.999999999973,12061.300000000005
177431581.0669,12716.899999999972,12061.300000000005
177431583.0669,12716.899999999972,12061.300000000005
177431585.0669,12716.899999999972,12061.300000000005
177431587.0669,12716.899999999972,12061.300000000005
177431589.0669,12716.899999999972,12061.300000000005
177431591.0669,12716.899999999972,12061.300000000005
177431593.0669,12716.899999999972,12061.300000000005
177431595.0669,12716.899999999972,12061.300000000005
177431597.0669,12716.899999999972,12061.300000000005
177431599.0669,12716.899999999972,12061.300000000005
177431601.0669,12716.899999999972,12061.300000000005
177431603.0669,12716.899999999972,12061.300000000005
177431605.0669,12716.899999999972,12061.300000000005
177431607.0669,12716.899999999972,12061.300000000005
177431609.0669,12716.899999999972,12061.300000000005
177431611.0669,12716.899999999972,12061.300000000005
177431613.0669,12716.899999999972,12061.300000000005
177431615.0669,12716.899999999972,12061.400000000005
177431617.0669,12716.899999999972,12061.400000000005
177431619.0669,12716.899999999972,12061.400000000005
177431621.0669,12716.899999999972,12061.400000000005
177431623.0669,12651.299999999972,12061.400000000005
177431625.0669,12651.299999999972,12061.400000000005
177431627.0669,12651.299999999972,12061.400000000005
177431629.0669,12651.299999999972,12061.400000000005
177431631.0669,12651.199999999972,12061.400000000005
177431633.0669,12651.199999999972,12061.400000000005
177431635.0669,12651.199999999972,12061.400000000005
177431637.0669,12651.199999999972,12061.400000000005
177431639.0669,12651.199999999972,12061.400000000005
177431641.0669,12651.199999999972,12061.400000000005
177431643.0669,12651.199999999972,12061.400000000005
177431645.0669,12651.199999999972,12061.400000000005
177431647.0669,12651.199999999972,12061.400000000005
177431649.0669,12651.099999999971,12061.400000000005
177431651.0669,12651.099999999971,12061.400000000005
177431653.0669,12651.099999999971,12061.400000000005
177431655.0669,12651.099999999971,12061.400000000005
177431657.0669,12651.099999999971,12061.400000000005
177431659.0669,12651.099999999971,12061.400000000005
177431661.0669,12651.099999999971,12061.400000000005
177431663.1669,12651.099999999971,12061.400000000005
177431665.0669,12651.099999999971,12061.400000000005
177431667.0669,12651.099999999971,12061.400000000005
177431669.0669,12651.099999999971,12061.400000000005
177431671.0669,12651.099999999971,12061.400000000005
177431673.0669,12651.099999999971,12061.400000000005
177431675.0669,12651.099999999971,12061.400000000005
177431677.0669,12651.099999999971,12061.400000000005
177431679.0669,12651.099999999971,12061.400000000005
177431681.0669,12651.099999999971,12061.400000000005
177431683.0669,12651.099999999971,12061.400000000005
177431685.0669,12651.099999999971,12061.400000000005
177431687.0669,12651.099999999971,12061.400000000005
177431689.0669,12651.099999999971,12061.400000000005
177431691.0669,12651.099999999971,12061.400000000005
177431693.0669,12651.099999999971,12061.400000000005
177431695.0669,12651.099999999971,12061.400000000005
177431697.0669,12651.099999999971,12061.400000000005
177431699.0669,12651.099999999971,12061.400000000005
177431701.0669,12651.099999999971,12061.400000000005
177431703.0669,12651.099999999971,12061.400000000005
177431705.0669,12651.099999999971,12061.400000000005
177431707.0669,12651.099999999971,12061.400000000005
177431709.0669,12651.099999999971,12061.400000000005
177431711.0669,12651.099999999971,12061.400000000005
177431713.0669,12651.099999999971,12061.400000000005
177431715.0669,12651.099999999971,12061.400000000005
177431717.0669,12651.099999999971,12061.400000000005
177431719.0669,12651.099999999971,12061.400000000005
177431721.0669,12651.099999999971,12061.400000000005
177431723.0669,12651.099999999971,12061.400000000005
177431725.0669,12651.099999999971,12061.400000000005
177431727.0669,12651.099999999971,12061.400000000005
177431729.0669,12651.099999999971,12061.400000000005
177431731.0669,12651.099999999971,12061.400000000005
177431733.0669,12651.099999999971,12061.400000000005
177431735.0669,12651.099999999971,12061.400000000005
177431737.0669,12651.099999999971,12061.400000000005
177431739.0669,12651.099999999971,12061.400000000005
177431741.0669,12651.099999999971,12061.400000000005
177431743.0669,12651.099999999971,12061.400000000005
177431745.0669,12651.099999999971,12061.400000000005
177431747.0669,12651.099999999971,12061.400000000005
177431749.0669,12651.099999999971,12061.400000000005
177431751.0669,12651.099999999971,12061.400000000005
177431753.0669,12651.099999999971,12061.400000000005
177431755.0669,12651.099999999971,12061.400000000005
177431757.0669,12651.099999999971,12061.400000000005
177431759.0669,12651.099999999971,12061.400000000005
177431761.0669,12651.099999999971,12061.400000000005
177431763.0669,12651.099999999971,12061.400000000005
177431765.0669,12651.099999999971,12061.400000000005
177431767.0669,12651.099999999971,12061.400000000005
177431769.0669,12651.099999999971,12061.400000000005
177431771.0669,12651.099999999971,12061.400000000005
177431773.0669,12651.099999999971,12061.400000000005
177431775.0669,12651.099999999971,12061.400000000005
177431777.0669,12651.099999999971,12061.400000000005
177431779.0669,12651.099999999971,12061.400000000005
177431781.0669,12651.099999999971,12061.400000000005
177431783.0669,12651.099999999971,12061.400000000005
177431785.0669,12651.099999999971,12061.400000000005
177431787.0669,12651.099999999971,12061.400000000005
177431789.0669,12651.099999999971,12061.400000000005
177431791.0669,12651.099999999971,12061.400000000005
177431793.0669,12651.099999999971,12061.400000000005
177431795.0669,12651.099999999971,12061.400000000005
177431797.0669,12651.099999999971,12061.400000000005
177431799.0669,12651.099999999971,12061.400000000005
177431801.0669,12651.099999999971,12061.400000000005
177431803.0669,12651.099999999971,12061.400000000005
177431805.0669,12651.099999999971,12061.400000000005
177431807.0669,12651.099999999971,12061.400000000005
177431809.0669,12651.099999999971,12061.400000000005
177431811.0669,12651.099999999971,12061.400000000005
177431813.0669,12651.099999999971,12061.400000000005
177431815.0669,12651.099999999971,12061.400000000005
177431817.0669,12651.099999999971,12061.500000000005
177431819.0669,12651.099999999971,12061.500000000005
177431821.0669,12651.099999999971,12061.500000000005
177431823.0669,12651.099999999971,12061.500000000005
177431825.0669,12651.099999999971,12061.500000000005
177431827.0669,12651.099999999971,12061.500000000005
177431829.0669,12651.099999999971,12061.500000000005
177431831.0669,12651.099999999971,12061.500000000005
177431833.0669,12651.099999999971,12061.500000000005
177431835.0669,12651.099999999971,12061.500000000005
177431837.0669,12651.099999999971,12061.500000000005
177431839.0669,12650.99999999997,12061.500000000005
177431841.0669,12650.99999999997,12061.500000000005
177431843.0669,12650.99999999997,12061.500000000005
177431845.0669,12650.99999999997,12061.500000000005
177431847.0669,12650.99999999997,12061.500000000005
177431849.0669,12650.99999999997,12061.500000000005
177431851.0669,12650.99999999997,12061.500000000005
177431853.0669,12650.99999999997,12061.500000000005
177431855.0669,12650.99999999997,12061.500000000005
177431857.0669,12650.99999999997,12061.500000000005
177431859.0669,12650.99999999997,12061.500000000005
177431861.0669,12650.99999999997,12061.500000000005
177431863.0669,12650.89999999997,12061.500000000005
177431865.0669,12650.89999999997,12061.500000000005
177431867.0669,12650.89999999997,12061.500000000005
177431869.0669,12650.89999999997,12061.500000000005
177431871.0669,12650.89999999997,12061.500000000005
177431873.0669,12650.89999999997,12061.500000000005
177431875.0669,12650.89999999997,12061.500000000005
177431877.0669,12650.89999999997,12061.500000000005
177431879.0669,12650.89999999997,12061.500000000005
177431881.0669,12650.89999999997,12061.500000000005
177431883.0669,12650.89999999997,12061.500000000005
177431885.0669,12650.79999999997,12061.500000000005
177431887.0669,12591.99999999997,12061.500000000005
177431889.0669,12591.99999999997,12061.500000000005
177431891.0669,12591.99999999997,12061.500000000005
177431893.0669,12591.89999999997,12061.500000000005
177431895.0669,12591.89999999997,12061.500000000005
177431897.0669,12591.89999999997,12061.500000000005
177431899.0669,12591.89999999997,12061.500000000005
177431901.0669,12591.89999999997,12061.500000000005
177431903.0669,12591.89999999997,12061.500000000005
177431905.0669,12591.89999999997,12061.500000000005
177431907.0669,12591.89999999997,12061.500000000005
177431909.0669,12591.89999999997,12061.500000000005
177431911.0669,12591.89999999997,12061.500000000005
177431913.0669,12591.89999999997,12061.500000000005
177431915.0669,12591.89999999997,12061.500000000005
177431917.0669,12591.89999999997,12061.500000000005
177431919.0669,12591.89999999997,12061.500000000005
177431921.0669,12591.89999999997,12061.500000000005
177431923.0669,12591.89999999997,12061.500000000005
177431925.0669,12591.89999999997,12061.500000000005
177431927.0669,12591.89999999997,12061.500000000005
177431929.0669,12591.89999999997,12061.500000000005
177431931.0669,12591.89999999997,12061.500000000005
177431933.0669,12591.89999999997,12061.500000000005
177431935.0669,12591.89999999997,12061.500000000005
177431937.0669,12591.89999999997,12061.500000000005
177431939.0669,12591.89999999997,12061.500000000005
177431941.0669,12591.89999999997,12061.500000000005
177431943.0669,12591.89999999997,12061.500000000005
177431945.0669,12591.89999999997,12061.500000000005
177431947.0669,12591.89999999997,12061.500000000005
177431949.0669,12591.89999999997,12061.500000000005
177431951.0669,12591.89999999997,12061.500000000005
177431953.0669,12591.89999999997,12061.500000000005
177431955.0669,12591.89999999997,12061.500000000005
177431957.0669,12591.89999999997,12061.500000000005
177431959.0669,12591.89999999997,12061.500000000005
177431961.0669,12591.89999999997,12061.500000000005
177431963.0669,12591.89999999997,12061.500000000005
177431965.0669,12591.89999999997,12061.500000000005
177431967.0669,12591.89999999997,12061.500000000005
177431969.0669,12591.89999999997,12061.300000000005
177431971.0669,12591.89999999997,12061.300000000005
177431973.0669,12591.89999999997,12061.300000000005
177431975.0669,12591.89999999997,12061.400000000005
177431977.0669,12591.89999999997,12061.400000000005
177431979.0669,12591.89999999997,12061.400000000005
177431981.0669,12591.89999999997,12061.400000000005
177431983.0669,12591.79999999997,12061.400000000005
177431985.0669,12591.79999999997,12061.400000000005
177431987.0669,12591.79999999997,12061.400000000005
177431989.0669,12591.79999999997,12061.400000000005
177431991.0669,12591.79999999997,12061.400000000005
177431993.0669,12591.69999999997,12061.400000000005
177431995.0669,12591.69999999997,12061.400000000005
177431997.0669,12591.69999999997,12061.400000000005
177431999.0669,12591.69999999997,12061.400000000005
177432001.0669,12591.59999999997,12061.400000000005
177432003.0669,12591.59999999997,12061.400000000005
177432005.0669,12591.59999999997,12061.400000000005
177432007.0669,12591.499999999969,12061.400000000005
177432009.0669,12591.499999999969,12061.400000000005
177432011.0669,12591.499999999969,12061.500000000005
177432013.0669,12591.499999999969,12061.500000000005
177432015.0669,12591.499999999969,12061.500000000005
177432017.0669,12591.499999999969,12061.500000000005
177432019.0669,12591.499999999969,12061.500000000005
177432021.0669,12591.499999999969,12061.500000000005
177432023.0669,12591.499999999969,12061.500000000005
177432025.0669,12591.499999999969,12061.500000000005
177432027.0669,12591.499999999969,12061.500000000005
177432029.0669,12591.499999999969,12061.500000000005
177432031.0669,12591.499999999969,12061.500000000005
177432033.0669,12591.499999999969,12061.500000000005
177432035.0669,12591.499999999969,12061.500000000005
177432037.0669,12591.499999999969,12061.500000000005
177432039.0669,12591.499999999969,12061.500000000005
177432041.0669,12591.499999999969,12061.500000000005
177432043.0669,12591.499999999969,12061.500000000005
177432045.0669,12591.499999999969,12061.500000000005
177432047.0669,12591.499999999969,12061.500000000005
177432049.0669,12591.499999999969,12061.500000000005
177432051.0669,12591.499999999969,12061.500000000005
177432053.0669,12591.499999999969,12061.500000000005
177432055.0669,12591.499999999969,12061.500000000005
177432057.0669,12591.499999999969,12061.500000000005
177432059.0669,12591.499999999969,12061.500000000005
177432061.0669,12591.499999999969,12061.500000000005
177432063.0669,12591.499999999969,12061.500000000005
177432065.0669,12591.499999999969,12061.500000000005
177432067.0669,12591.499999999969,12061.500000000005
177432069.0669,12591.499999999969,12061.500000000005
177432071.0669,12591.399999999969,12061.500000000005
177432073.0669,12591.399999999969,12061.500000000005
177432075.0669,12591.399999999969,12061.500000000005
177432077.0669,12591.399999999969,12061.500000000005
177432079.0669,12591.299999999968,12061.500000000005
177432081.0669,12591.299999999968,12061.500000000005
177432083.0669,12591.299999999968,12061.500000000005
177432085.0669,12591.299999999968,12061.500000000005
177432087.0669,12591.299999999968,12061.600000000006
177432089.0669,12591.199999999968,12061.600000000006
177432091.0669,12591.199999999968,12061.600000000006
177432093.0669,12591.199999999968,12061.600000000006
177432095.0669,12591.099999999968,12061.600000000006
177432097.0669,12591.099999999968,12061.600000000006
177432099.0669,12591.099999999968,12061.600000000006
177432101.0669,12591.099999999968,12061.600000000006
177432103.0669,12590.999999999967,12061.600000000006
177432105.0669,12590.999999999967,12061.600000000006
177432107.0669,12590.999999999967,12061.600000000006
177432109.0669,12590.999999999967,12061.600000000006
177432111.0669,12590.999999999967,12061.600000000006
177432113.0669,12590.999999999967,12061.600000000006
177432115.0669,12590.899999999967,12061.600000000006
177432117.0669,12590.899999999967,12061.600000000006
177432119.0669,12590.899999999967,12061.600000000006
177432121.0669,12590.899999999967,12061.600000000006
177432123.0669,12590.899999999967,12061.600000000006
177432125.0669,12590.899999999967,12061.600000000006
177432127.0669,12590.899999999967,12061.600000000006
177432129.0669,12590.899999999967,12061.600000000006
177432131.0669,12590.799999999967,12061.600000000006
177432133.0669,12590.699999999966,12061.600000000006
177432135.0669,12590.699999999966,12061.600000000006
177432137.0669,12590.699999999966,12061.600000000006
177432139.0669,12590.699999999966,12061.600000000006
177432141.0669,12590.699999999966,12061.600000000006
177432143.0669,12590.699999999966,12061.500000000005
177432145.0669,12590.699999999966,12061.600000000006
177432147.0669,12590.699999999966,12061.600000000006
177432149.0669,12590.699999999966,12061.600000000006
177432151.0669,12590.699999999966,12061.600000000006
177432153.0669,12590.699999999966,12061.600000000006
177432155.0669,12590.699999999966,12061.600000000006
177432157.0669,12590.699999999966,12061.600000000006
177432159.0669,12590.699999999966,12061.600000000006
177432161.0669,12590.699999999966,12061.600000000006
177432163.0669,12590.699999999966,12061.600000000006
177432165.0669,12590.699999999966,12061.600000000006
177432167.0669,12590.699999999966,12061.600000000006
177432169.0669,12590.599999999966,12061.600000000006
177432171.0669,12590.599999999966,12061.600000000006
177432173.0669,12590.599999999966,12061.600000000006
177432175.0669,12590.599999999966,12061.600000000006
177432177.0669,12590.599999999966,12061.600000000006
177432179.0669,12590.599999999966,12061.600000000006
177432181.0669,12590.599999999966,12061.600000000006
177432183.0669,12590.599999999966,12061.600000000006
177432185.0669,12590.599999999966,12061.600000000006
177432187.0669,12590.599999999966,12061.600000000006
177432189.0669,12590.599999999966,12061.600000000006
177432191.0669,12590.599999999966,12061.600000000006
177432193.0669,12590.599999999966,12061.600000000006
177432195.0669,12590.599999999966,12061.600000000006
177432197.0669,12590.599999999966,12061.600000000006
177432199.0669,12590.599999999966,12061.600000000006
177432201.0669,12590.599999999966,12061.600000000006
177432203.0669,12590.599999999966,12061.600000000006
177432205.0669,12590.599999999966,12061.600000000006
177432207.0669,12590.599999999966,12061.600000000006
177432209.0669,12590.599999999966,12061.600000000006
177432211.0669,12590.599999999966,12061.600000000006
177432213.0669,12590.599999999966,12061.600000000006
177432215.0669,12590.599999999966,12061.600000000006
177432217.0669,12590.599999999966,12061.600000000006
177432219.0669,12590.599999999966,12061.600000000006
177432221.0669,12590.599999999966,12061.600000000006
177432223.0669,12590.599999999966,12061.600000000006
177432225.0669,12590.599999999966,12061.600000000006
177432227.0669,12590.599999999966,12061.600000000006
177432229.0669,12590.599999999966,12061.600000000006
177432231.0669,12590.599999999966,12061.600000000006
177432233.0669,12590.599999999966,12061.600000000006
177432235.0669,12590.599999999966,12061.600000000006
177432237.0669,12590.599999999966,12061.600000000006
177432239.0669,12590.599999999966,12061.600000000006
177432241.0669,12590.599999999966,12061.700000000006
177432243.0669,12590.599999999966,12061.700000000006
177432245.0669,12590.599999999966,12061.700000000006
177432247.0669,12590.599999999966,12061.700000000006
177432249.0669,12590.599999999966,12061.700000000006
177432251.0669,12590.599999999966,12061.700000000006
177432253.0669,12590.599999999966,12061.700000000006
177432255.0669,12590.599999999966,12061.700000000006
177432257.0669,12590.599999999966,12061.700000000006
177432259.0669,12590.599999999966,12061.700000000006
177432261.0669,12590.599999999966,12061.700000000006
177432263.0669,12590.599999999966,12061.700000000006
177432265.0669,12590.599999999966,12061.700000000006
177432267.0669,12590.599999999966,12061.700000000006
177432269.0669,12590.599999999966,12061.700000000006
177432271.0669,12590.599999999966,12061.700000000006
177432273.0669,12590.599999999966,12061.700000000006
177432275.0669,12590.599999999966,12061.700000000006
177432277.0669,12590.599999999966,12061.700000000006
177432279.0669,12590.599999999966,12061.700000000006
177432281.0669,12590.599999999966,12061.700000000006
177432283.0669,12590.599999999966,12061.700000000006
177432285.0669,12590.599999999966,12061.700000000006
177432287.0669,12590.599999999966,12061.700000000006
177432289.0669,12590.599999999966,12061.700000000006
177432291.0669,12590.599999999966,12061.700000000006
177432293.0669,12590.599999999966,12061.700000000006
177432295.0669,12590.599999999966,12061.700000000006
177432297.0669,12590.599999999966,12061.800000000007
177432299.0669,12590.599999999966,12061.800000000007
177432301.0669,12590.499999999965,12061.900000000007
177432303.0669,12590.499999999965,12061.900000000007
177432305.0669,12590.499999999965,12061.900000000007
177432307.0669,12590.499999999965,12061.900000000007
177432309.0669,12590.499999999965,12061.900000000007
177432311.0669,12590.499999999965,12061.900000000007
177432313.0669,12590.499999999965,12061.900000000007
177432315.0669,12590.499999999965,12061.900000000007
177432317.0669,12590.499999999965,12061.900000000007
177432319.0669,12590.499999999965,12061.900000000007
177432321.0669,12590.499999999965,12061.900000000007
177432323.0669,12590.499999999965,12061.900000000007
177432325.0669,12590.699999999966,12061.900000000007
177432327.0669,12590.699999999966,12061.900000000007
177432329.0669,12590.699999999966,12061.900000000007
177432331.0669,12590.699999999966,12061.900000000007
177432333.0669,12590.699999999966,12061.900000000007
177432335.0669,12590.699999999966,12061.900000000007
177432337.0669,12590.699999999966,12061.900000000007
177432339.0669,12590.699999999966,12061.900000000007
177432341.0669,12590.699999999966,12061.900000000007
177432343.0669,12590.699999999966,12061.900000000007
177432345.0669,12590.699999999966,12061.900000000007
177432347.0669,12590.699999999966,12061.900000000007
177432349.0669,12590.699999999966,12061.900000000007
177432351.0669,12590.699999999966,12061.900000000007
177432353.0669,12590.699999999966,12061.900000000007
177432355.0669,12590.699999999966,12061.900000000007
177432357.0669,12590.699999999966,12061.900000000007
177432359.0669,12590.699999999966,12061.900000000007
177432361.0669,12590.699999999966,12061.900000000007
177432363.0669,12590.699999999966,12061.900000000007
177432365.0669,12590.699999999966,12061.900000000007
177432367.0669,12590.699999999966,12061.700000000006
177432369.0669,12716.899999999967,12061.700000000006
177432371.0669,12716.899999999967,12061.700000000006
177432373.0669,12716.899999999967,12061.700000000006
177432375.0669,12716.899999999967,12061.700000000006
177432377.0669,12716.899999999967,12061.700000000006
177432379.0669,12716.899999999967,12061.700000000006
177432381.0669,12716.899999999967,12061.700000000006
177432383.0669,12716.899999999967,12061.700000000006
177432385.0669,12716.899999999967,12061.700000000006
177432387.0669,12716.899999999967,12061.700000000006
177432389.0669,12716.899999999967,12061.700000000006
177432391.0669,12716.899999999967,12061.700000000006
177432393.0669,12716.899999999967,12061.700000000006
177432395.0669,12716.899999999967,12061.700000000006
177432397.0669,12716.899999999967,12061.700000000006
177432399.0669,12716.899999999967,12061.700000000006
177432401.0669,12716.899999999967,12061.700000000006
177432403.0669,12716.899999999967,12061.700000000006
177432405.0669,12716.899999999967,12061.700000000006
177432407.0669,12716.899999999967,12061.700000000006
177432409.0669,12716.899999999967,12061.700000000006
177432411.0669,12716.899999999967,12061.700000000006
177432413.0669,12716.899999999967,12061.700000000006
177432415.0669,12716.899999999967,12061.700000000006
177432417.0669,12716.899999999967,12061.700000000006
177432419.0669,12716.899999999967,12061.700000000006
177432421.0669,12716.899999999967,12061.700000000006
177432423.0669,12716.899999999967,12061.700000000006
177432425.0669,12716.899999999967,12061.700000000006
177432427.0669,12716.899999999967,12061.700000000006
177432429.0669,12716.899999999967,12061.700000000006
177432431.0669,12716.899999999967,12061.700000000006
177432433.0669,12716.899999999967,12061.700000000006
177432435.0669,12716.899999999967,12061.700000000006
177432437.0669,12716.899999999967,12061.700000000006
177432439.0669,12716.899999999967,12061.700000000006
177432441.0669,12716.899999999967,12061.700000000006
177432443.0669,12716.899999999967,12061.700000000006
177432445.0669,12716.899999999967,12061.700000000006
177432447.0669,12716.899999999967,12061.700000000006
177432449.0669,12716.899999999967,12061.700000000006
177432451.0669,12716.899999999967,12061.700000000006
177432453.0669,12716.899999999967,12061.700000000006
177432455.0669,12716.899999999967,12061.700000000006
177432457.0669,12716.899999999967,12061.700000000006
177432459.0669,12716.899999999967,12061.700000000006
177432461.0669,12716.899999999967,12061.700000000006
177432463.0669,12716.899999999967,12061.700000000006
177432465.0669,12716.899999999967,12061.700000000006
177432467.0669,12716.899999999967,12061.700000000006
177432469.0669,12716.899999999967,12061.700000000006
177432471.0669,12716.899999999967,12061.700000000006
177432473.0669,12716.899999999967,12061.700000000006
177432475.0669,12716.899999999967,12061.700000000006
177432477.0669,12716.899999999967,12061.700000000006
177432479.0669,12716.899999999967,12061.700000000006
177432481.0669,12716.899999999967,12061.700000000006
177432483.0669,12716.899999999967,12061.700000000006
177432485.0669,12716.899999999967,12061.700000000006
177432487.0669,12716.899999999967,12061.700000000006
177432489.0669,12716.899999999967,12061.500000000005
177432491.0669,12716.899999999967,12061.500000000005
177432493.0669,12716.899999999967,12061.500000000005
177432495.0669,12716.899999999967,12061.500000000005
177432497.0669,12716.899999999967,12061.500000000005
177432499.0669,12716.899999999967,12061.500000000005
177432501.0669,12716.899999999967,12061.500000000005
177432503.0669,12716.899999999967,12061.500000000005
177432505.0669,12716.899999999967,12061.500000000005
177432507.0669,12716.899999999967,12061.500000000005
177432509.0669,12716.899999999967,12061.500000000005
177432511.0669,12716.899999999967,12061.500000000005
177432513.0669,12716.799999999967,12061.500000000005
177432515.0669,12716.799999999967,12061.500000000005
177432517.0669,12716.799999999967,12061.500000000005
177432519.0669,12716.799999999967,12061.500000000005
177432521.0669,12716.799999999967,12061.500000000005
177432523.0669,12716.799999999967,12061.500000000005
177432525.0669,12716.799999999967,12061.500000000005
177432527.0669,12716.799999999967,12061.500000000005
177432529.0669,12716.799999999967,12061.500000000005
177432531.0669,12716.799999999967,12061.500000000005
177432533.0669,12716.799999999967,12061.500000000005
177432535.0669,12716.699999999966,12061.500000000005
177432537.0669,12716.699999999966,12061.500000000005
177432539.0669,12716.699999999966,12061.500000000005
177432541.0669,12716.699999999966,12061.500000000005
177432543.0669,12716.699999999966,12061.500000000005
177432545.0669,12716.699999999966,12061.500000000005
177432547.0669,12716.699999999966,12061.500000000005
177432549.0669,12716.699999999966,12061.500000000005
177432551.0669,12716.699999999966,12061.500000000005
177432553.0669,12716.699999999966,12061.500000000005
177432555.0669,12716.699999999966,12061.500000000005
177432557.0669,12716.699999999966,12061.500000000005
177432559.0669,12716.699999999966,12061.500000000005
177432561.0669,12716.699999999966,12061.500000000005
177432563.0669,12716.699999999966,12061.500000000005
177432565.0669,12716.699999999966,12061.500000000005
177432567.0669,12716.699999999966,12061.500000000005
177432569.0669,12716.699999999966,12061.500000000005
177432571.0669,12716.699999999966,12061.500000000005
177432573.0669,12716.699999999966,12061.500000000005
177432575.0669,12716.699999999966,12061.500000000005
177432577.0669,12716.699999999966,12061.500000000005
177432579.0669,12716.699999999966,12061.500000000005
177432581.0669,12716.699999999966,12061.500000000005
177432583.0669,12716.699999999966,12061.500000000005
177432585.0669,12716.699999999966,12061.500000000005
177432587.0669,12716.699999999966,12061.500000000005
177432589.0669,12716.699999999966,12061.500000000005
177432591.0669,12716.699999999966,12061.500000000005
177432593.0669,12716.699999999966,12061.500000000005
177432595.0669,12716.699999999966,12061.500000000005
177432597.0669,12716.699999999966,12061.500000000005
177432599.0669,12716.699999999966,12061.500000000005
177432601.0669,12716.699999999966,12061.500000000005
177432603.0669,12716.699999999966,12061.500000000005
177432605.0669,12716.699999999966,12061.500000000005
177432607.0669,12716.699999999966,12061.500000000005
177432609.0669,12716.699999999966,12061.500000000005
177432611.0669,12716.699999999966,12061.500000000005
177432613.0669,12716.699999999966,12061.500000000005
177432615.0669,12716.699999999966,12061.500000000005
177432617.1669,12716.699999999966,12061.500000000005
177432619.0669,12716.699999999966,12061.500000000005
177432621.0669,12716.699999999966,12061.500000000005
177432623.0669,12716.699999999966,12061.500000000005
177432625.0669,12716.699999999966,12061.500000000005
177432627.0669,12716.699999999966,12061.500000000005
177432629.0669,12716.699999999966,12061.500000000005
177432631.0669,12716.699999999966,12061.500000000005
177432633.0669,12716.699999999966,12061.500000000005
177432635.0669,12716.699999999966,12061.500000000005
177432637.0669,12716.699999999966,12061.500000000005
177432639.0669,12716.699999999966,12061.500000000005
177432641.0669,12716.699999999966,12061.500000000005
177432643.0669,12716.699999999966,12061.500000000005
177432645.0669,12716.699999999966,12061.500000000005
177432647.0669,12716.699999999966,12061.500000000005
177432649.0669,12716.699999999966,12061.500000000005
177432651.0669,12716.699999999966,12061.500000000005
177432653.0669,12716.699999999966,12061.500000000005
177432655.0669,12716.699999999966,12061.500000000005
177432657.0669,12716.699999999966,12061.500000000005
177432659.0669,12716.699999999966,12061.500000000005
177432661.0669,12716.699999999966,12061.500000000005
177432663.0669,12716.699999999966,12061.500000000005
177432665.0669,12716.699999999966,12061.500000000005
177432667.0669,12716.599999999966,12061.500000000005
177432669.0669,12716.599999999966,12061.500000000005
177432671.0669,12716.599999999966,12061.500000000005
177432673.0669,12716.599999999966,12061.500000000005
177432675.0669,12716.599999999966,12061.500000000005
177432677.0669,12716.599999999966,12061.500000000005
177432679.0669,12716.599999999966,12061.500000000005
177432681.0669,12716.599999999966,12061.500000000005
177432683.0669,12716.599999999966,12061.500000000005
177432685.0669,12716.599999999966,12061.500000000005
177432687.0669,12716.599999999966,12061.500000000005
177432689.0669,12716.599999999966,12061.500000000005
177432691.0669,12716.599999999966,12061.500000000005
177432693.0669,12716.599999999966,12061.500000000005
177432695.0669,12716.599999999966,12061.500000000005
177432697.0669,12716.599999999966,12061.500000000005
177432699.0669,12716.599999999966,12061.500000000005
177432701.0669,12716.599999999966,12061.500000000005
177432703.0669,12716.599999999966,12061.500000000005
177432705.0669,12716.599999999966,12061.500000000005
177432707.0669,12716.599999999966,12061.500000000005
177432709.0669,12716.599999999966,12061.500000000005
177432711.0669,12716.599999999966,12061.500000000005
177432713.0669,12716.599999999966,12061.500000000005
177432715.0669,12716.599999999966,12061.500000000005
177432717.0669,12716.599999999966,12061.500000000005
177432719.0669,12716.599999999966,12061.500000000005
177432721.0669,12716.599999999966,12061.500000000005
177432723.0669,12716.599999999966,12061.500000000005
177432725.0669,12716.599999999966,12061.500000000005
177432727.0669,12716.599999999966,12061.500000000005
177432729.0669,12716.599999999966,12061.500000000005
177432731.0669,12716.599999999966,12061.500000000005
177432733.0669,12716.599999999966,12061.500000000005
177432735.0669,12716.599999999966,12061.500000000005
177432737.0669,12716.599999999966,12061.500000000005
177432739.0669,12716.599999999966,12061.500000000005
177432741.0669,12716.599999999966,12061.500000000005
177432743.0669,12716.599999999966,12061.500000000005
177432745.0669,12716.599999999966,12061.500000000005
177432747.0669,12716.699999999966,12061.500000000005
177432749.0669,12716.699999999966,12061.500000000005
177432751.0669,12716.699999999966,12061.500000000005
177432753.0669,12716.699999999966,12061.500000000005
177432755.0669,12716.699999999966,12061.500000000005
177432757.0669,12716.699999999966,12061.500000000005
177432759.0669,12716.699999999966,12061.500000000005
177432761.0669,12716.699999999966,12061.500000000005
177432763.0669,12716.699999999966,12061.500000000005
177432765.0669,12716.699999999966,12061.500000000005
177432767.0669,12716.699999999966,12061.500000000005
177432769.0669,12716.699999999966,12061.500000000005
177432771.0669,12716.699999999966,12061.500000000005
177432773.0669,12716.699999999966,12061.500000000005
177432775.0669,12716.699999999966,12061.500000000005
177432777.0669,12716.699999999966,12061.500000000005
177432779.0669,12716.699999999966,12061.500000000005
177432781.0669,12716.699999999966,12061.500000000005
177432783.0669,12716.699999999966,12061.500000000005
177432785.0669,12716.699999999966,12061.500000000005
177432787.0669,12716.699999999966,12061.500000000005
177432789.0669,12716.699999999966,12061.500000000005
177432791.0669,12716.699999999966,12061.500000000005
177432793.0669,12716.699999999966,12061.500000000005
177432795.0669,12716.699999999966,12061.500000000005
177432797.0669,12716.699999999966,12061.500000000005
177432799.0669,12716.699999999966,12061.500000000005
177432801.0669,12716.699999999966,12061.500000000005
177432803.0669,12716.699999999966,12061.500000000005
177432805.0669,12716.899999999967,12061.500000000005
177432807.0669,12716.899999999967,12061.500000000005
177432809.0669,12716.899999999967,12061.500000000005
177432811.0669,12716.899999999967,12061.500000000005
177432813.0669,12716.899999999967,12061.500000000005
177432815.0669,12716.899999999967,12061.500000000005
177432817.0669,12716.899999999967,12061.500000000005
177432819.0669,12716.899999999967,12061.500000000005
177432821.0669,12716.899999999967,12061.500000000005
177432823.0669,12716.899999999967,12061.500000000005
177432825.0669,12716.899999999967,12061.500000000005
177432827.0669,12716.899999999967,12061.500000000005
177432829.0669,12716.899999999967,12061.500000000005
177432831.0669,12716.899999999967,12061.500000000005
177432833.0669,12716.899999999967,12061.500000000005
177432835.0669,12716.899999999967,12061.500000000005
177432837.0669,12716.899999999967,12061.500000000005
177432839.0669,12716.899999999967,12061.500000000005
177432841.0669,12716.899999999967,12061.500000000005
177432843.0669,12716.899999999967,12061.500000000005
177432845.0669,12716.899999999967,12061.500000000005
177432847.0669,12716.899999999967,12061.500000000005
177432849.0669,12716.899999999967,12061.500000000005
177432851.0669,12716.899999999967,12061.500000000005
177432853.0669,12716.899999999967,12061.500000000005
177432855.0669,12716.899999999967,12061.500000000005
177432857.0669,12716.899999999967,12061.500000000005
177432859.0669,12716.899999999967,12061.500000000005
177432861.0669,12716.899999999967,12061.500000000005
177432863.0669,12716.899999999967,12061.500000000005
177432865.0669,12716.899999999967,12061.500000000005
177432867.0669,12716.899999999967,12061.500000000005
177432869.0669,12716.899999999967,12061.500000000005
177432871.0669,12716.899999999967,12061.700000000006
177432873.0669,12716.899999999967,12061.700000000006
177432875.0669,12716.899999999967,12061.700000000006
177432877.0669,12716.899999999967,12061.700000000006
177432879.0669,12716.899999999967,12061.700000000006
177432881.0669,12716.899999999967,12061.700000000006
177432883.0669,12716.899999999967,12061.700000000006
177432885.0669,12716.899999999967,12061.700000000006
177432887.0669,12716.899999999967,12061.700000000006
177432889.0669,12716.899999999967,12061.700000000006
177432891.0669,12716.899999999967,12061.700000000006
177432893.0669,12716.899999999967,12061.700000000006
177432895.0669,12716.899999999967,12061.700000000006
177432897.0669,12716.899999999967,12061.700000000006
177432899.0669,12716.899999999967,12061.600000000006
177432901.0669,12716.899999999967,12061.800000000007
177432903.0669,12716.899999999967,12061.800000000007
177432905.0669,12716.899999999967,12061.800000000007
177432907.0669,12716.899999999967,12061.800000000007
177432909.0669,12716.899999999967,12061.800000000007
177432911.0669,12716.899999999967,12061.800000000007
177432913.0669,12716.899999999967,12061.800000000007
177432915.0669,12716.899999999967,12061.800000000007
177432917.0669,12716.899999999967,12061.800000000007
177432919.0669,12716.899999999967,12061.800000000007
177432921.0669,12716.899999999967,12061.800000000007
177432923.0669,12716.799999999967,12061.800000000007
177432925.0669,12716.799999999967,12061.800000000007
177432927.0669,12716.799999999967,12061.800000000007
177432929.0669,12716.699999999966,12061.800000000007
177432931.0669,12716.699999999966,12061.800000000007
177432933.0669,12716.699999999966,12061.800000000007
177432935.0669,12716.699999999966,12061.900000000007
177432937.0669,12716.699999999966,12061.900000000007
177432939.0669,12716.699999999966,12061.900000000007
177432941.0669,12716.699999999966,12061.900000000007
177432943.0669,12716.699999999966,12061.900000000007
177432945.0669,12716.699999999966,12061.900000000007
177432947.0669,12716.699999999966,12061.900000000007
177432949.0669,12716.699999999966,12061.900000000007
177432951.0669,12716.699999999966,12061.900000000007
177432953.0669,12716.699999999966,12061.900000000007
177432955.0669,12716.699999999966,12061.900000000007
177432957.0669,12716.699999999966,12061.900000000007
177432959.0669,12716.699999999966,12061.900000000007
177432961.0669,12716.699999999966,12061.900000000007
177432963.0669,12716.699999999966,12061.900000000007
177432965.0669,12716.699999999966,12061.900000000007
177432967.0669,12716.699999999966,12061.900000000007
177432969.0669,12716.699999999966,12061.900000000007
177432971.0669,12716.699999999966,12061.900000000007
177432973.0669,12716.699999999966,12061.900000000007
177432975.0669,12716.699999999966,12061.900000000007
177432977.0669,12716.699999999966,12061.900000000007
177432979.0669,12716.699999999966,12061.900000000007
177432981.0669,12716.699999999966,12061.900000000007
177432983.0669,12716.699999999966,12061.900000000007
177432985.0669,12716.699999999966,12061.900000000007
177432987.0669,12716.699999999966,12061.900000000007
177432989.0669,12716.699999999966,12061.900000000007
177432991.0669,12716.699999999966,12061.900000000007
177432993.0669,12716.699999999966,12061.900000000007
177432995.0669,12716.699999999966,12061.900000000007
177432997.0669,12716.699999999966,12061.900000000007
177432999.0669,12716.699999999966,12061.900000000007
177433001.0669,12716.699999999966,12061.900000000007
177433003.0669,12716.699999999966,12061.900000000007
177433005.0669,12716.699999999966,12061.900000000007
177433007.0669,12716.699999999966,12061.900000000007
177433009.0669,12716.699999999966,12061.900000000007
177433011.0669,12716.699999999966,12061.900000000007
177433013.0669,12716.699999999966,12061.900000000007
177433015.0669,12716.699999999966,12061.900000000007
177433017.0669,12716.699999999966,12061.900000000007
177433019.0669,12716.699999999966,12061.900000000007
177433021.0669,12716.699999999966,12061.900000000007
177433023.0669,12716.899999999967,12061.900000000007
177433025.0669,12716.899999999967,12061.900000000007
177433027.0669,12716.899999999967,12061.900000000007
177433029.0669,12716.899999999967,12061.900000000007
177433031.0669,12716.899999999967,12061.900000000007
177433033.0669,12716.899999999967,12061.900000000007
177433035.0669,12716.899999999967,12061.900000000007
177433037.0669,12716.899999999967,12061.900000000007
177433039.0669,12716.899999999967,12061.900000000007
177433041.0669,12716.899999999967,12061.900000000007
177433043.0669,12716.899999999967,12061.900000000007
177433045.0669,12716.899999999967,12061.900000000007
177433047.0669,12716.899999999967,12061.900000000007
177433049.0669,12716.899999999967,12061.900000000007
177433051.0669,12716.899999999967,12061.900000000007
177433053.0669,12716.899999999967,12061.900000000007
177433055.0669,12716.899999999967,12061.900000000007
177433057.0669,12716.899999999967,12061.900000000007
177433059.0669,12716.899999999967,12061.900000000007
177433061.0669,12716.899999999967,12061.900000000007
177433063.0669,12716.899999999967,12061.900000000007
177433065.0669,12716.899999999967,12061.900000000007
177433067.0669,12716.899999999967,12061.900000000007
177433069.0669,12716.899999999967,12061.900000000007
177433071.0669,12716.899999999967,12061.900000000007
177433073.0669,12716.899999999967,12061.900000000007
177433075.0669,12716.899999999967,12061.900000000007
177433077.0669,12716.899999999967,12061.900000000007
177433079.0669,12716.899999999967,12061.900000000007
177433081.0669,12716.899999999967,12061.900000000007
177433083.0669,12716.899999999967,12061.900000000007
177433085.0669,12716.799999999967,12061.900000000007
177433087.0669,12716.799999999967,12061.900000000007
177433089.0669,12716.799999999967,12061.900000000007
177433091.0669,12716.799999999967,12061.900000000007
177433093.0669,12716.799999999967,12061.900000000007
177433095.0669,12716.799999999967,12061.900000000007
177433097.0669,12716.799999999967,12061.900000000007
177433099.0669,12716.799999999967,12061.900000000007
177433101.0669,12716.799999999967,12061.900000000007
177433103.0669,12716.799999999967,12061.900000000007
177433105.0669,12716.799999999967,12061.900000000007
177433107.0669,12716.799999999967,12061.900000000007
177433109.0669,12716.799999999967,12061.900000000007
177433111.0669,12716.799999999967,12061.900000000007
177433113.0669,12716.799999999967,12061.900000000007
177433115.0669,12716.699999999966,12061.900000000007
177433117.0669,12716.699999999966,12061.900000000007
177433119.0669,12716.699999999966,12061.900000000007
177433121.0669,12716.699999999966,12061.900000000007
177433123.0669,12716.699999999966,12061.900000000007
177433125.0669,12716.699999999966,12061.900000000007
177433127.0669,12716.699999999966,12061.900000000007
177433129.0669,12716.699999999966,12061.900000000007
177433131.0669,12716.699999999966,12061.900000000007
177433133.0669,12716.699999999966,12061.900000000007
177433135.0669,12716.699999999966,12061.900000000007
177433137.0669,12716.699999999966,12061.900000000007
177433139.0669,12716.699999999966,12061.500000000007
177433141.0669,12716.699999999966,12061.500000000007
177433143.0669,12716.699999999966,12061.500000000007
177433145.0669,12716.699999999966,12061.500000000007
177433147.0669,12716.699999999966,12061.500000000007
177433149.0669,12716.699999999966,12061.500000000007
177433151.0669,12716.699999999966,12061.500000000007
177433153.0669,12716.699999999966,12061.500000000007
177433155.0669,12716.699999999966,12061.500000000007
177433157.0669,12716.699999999966,12061.500000000007
177433159.0669,12716.699999999966,12061.500000000007
177433161.0669,12716.699999999966,12061.500000000007
177433163.0669,12716.699999999966,12061.500000000007
177433165.0669,12716.699999999966,12061.500000000007
177433167.0669,12716.699999999966,12061.500000000007
177433169.0669,12716.699999999966,12061.500000000007
177433171.0669,12716.699999999966,12061.500000000007
177433173.0669,12716.699999999966,12061.500000000007
177433175.0669,12716.699999999966,12061.500000000007
177433177.0669,12716.699999999966,12061.500000000007
177433179.0669,12716.699999999966,12061.500000000007
177433181.0669,12716.699999999966,12061.500000000007
177433183.0669,12716.699999999966,12061.500000000007
177433185.0669,12716.699999999966,12061.500000000007
177433187.0669,12716.699999999966,12061.500000000007
177433189.0669,12716.699999999966,12061.500000000007
177433191.0669,12716.699999999966,12061.500000000007
177433193.0669,12716.599999999966,12061.500000000007
177433195.0669,12716.599999999966,12061.500000000007
177433197.0669,12716.599999999966,12061.500000000007
177433199.0669,12716.599999999966,12061.500000000007
177433201.0669,12716.599999999966,12061.500000000007
177433203.0669,12716.599999999966,12061.500000000007
177433205.0669,12716.599999999966,12061.500000000007
177433207.0669,12716.599999999966,12061.500000000007
177433209.0669,12716.599999999966,12061.500000000007
177433211.0669,12716.599999999966,12061.500000000007
177433213.0669,12716.599999999966,12061.500000000007
177433215.0669,12716.699999999966,12061.500000000007
177433217.0669,12716.699999999966,12061.500000000007
177433219.0669,12716.699999999966,12061.500000000007
177433221.0669,12716.699999999966,12061.500000000007
177433223.0669,12716.699999999966,12061.500000000007
177433225.0669,12716.699999999966,12061.500000000007
177433227.0669,12716.699999999966,12061.500000000007
177433229.0669,12716.699999999966,12061.500000000007
177433231.0669,12716.699999999966,12061.500000000007
177433233.0669,12716.699999999966,12061.500000000007
177433235.0669,12716.699999999966,12061.500000000007
177433237.0669,12716.699999999966,12061.500000000007
177433239.0669,12716.699999999966,12061.500000000007
177433241.0669,12716.699999999966,12061.500000000007
177433243.0669,12716.699999999966,12061.500000000007
177433245.0669,12716.699999999966,12061.500000000007
177433247.0669,12716.699999999966,12061.500000000007
177433249.0669,12716.699999999966,12061.500000000007
177433251.0669,12716.699999999966,12061.500000000007
177433253.0669,12716.699999999966,12061.500000000007
177433255.0669,12716.699999999966,12061.500000000007
177433257.0669,12716.699999999966,12061.500000000007
177433259.0669,12716.699999999966,12061.500000000007
177433261.0669,12716.699999999966,12061.500000000007
177433263.0669,12716.699999999966,12061.500000000007
177433265.0669,12716.699999999966,12061.500000000007
177433267.0669,12716.699999999966,12061.500000000007
177433269.0669,12716.699999999966,12061.500000000007
177433271.0669,12716.699999999966,12061.500000000007
177433273.0669,12716.699999999966,12061.500000000007
177433275.0669,12716.599999999966,12061.500000000007
177433277.0669,12716.599999999966,12061.500000000007
177433279.0669,12716.599999999966,12061.500000000007
177433281.0669,12716.599999999966,12061.500000000007
177433283.0669,12716.599999999966,12061.500000000007
177433285.0669,12716.599999999966,12061.500000000007
177433287.0669,12716.599999999966,12061.500000000007
177433289.0669,12716.599999999966,12061.500000000007
177433291.0669,12716.599999999966,12061.500000000007
177433293.0669,12716.599999999966,12061.500000000007
177433295.1669,12716.599999999966,12061.500000000007
177433297.0669,12716.599999999966,12061.500000000007
177433299.0669,12716.599999999966,12061.500000000007
177433301.0669,12716.599999999966,12061.500000000007
177433303.0669,12716.599999999966,12061.500000000007
177433305.0669,12716.599999999966,12061.500000000007
177433307.0669,12716.599999999966,12061.500000000007
177433309.0669,12716.599999999966,12061.500000000007
177433311.0669,12716.599999999966,12061.500000000007
177433313.0669,12716.599999999966,12061.500000000007
177433315.0669,12716.599999999966,12061.500000000007
177433317.0669,12716.599999999966,12061.500000000007
177433319.0669,12716.599999999966,12061.500000000007
177433321.0669,12716.599999999966,12061.500000000007
177433323.0669,12716.599999999966,12061.500000000007
177433325.0669,12716.599999999966,12061.500000000007
177433327.0669,12716.599999999966,12061.500000000007
177433329.0669,12716.599999999966,12061.500000000007
177433331.0669,12716.599999999966,12061.500000000007
177433333.0669,12716.599999999966,12061.500000000007
177433335.0669,12716.599999999966,12061.500000000007
177433337.0669,12716.599999999966,12061.500000000007
177433339.0669,12716.599999999966,12061.500000000007
177433341.0669,12716.599999999966,12061.500000000007
177433343.0669,12716.599999999966,12061.500000000007
177433345.0669,12716.599999999966,12061.500000000007
177433347.0669,12716.599999999966,12061.500000000007
177433349.0669,12716.599999999966,12061.500000000007
177433351.0669,12716.599999999966,12061.500000000007
177433353.0669,12716.599999999966,12061.500000000007
177433355.0669,12716.599999999966,12061.500000000007
177433357.0669,12716.599999999966,12061.500000000007
177433359.0669,12716.599999999966,12061.500000000007
177433361.0669,12716.599999999966,12061.500000000007
177433363.0669,12716.599999999966,12061.500000000007
177433365.0669,12716.599999999966,12061.500000000007
177433367.0669,12716.599999999966,12061.500000000007
177433369.0669,12716.599999999966,12061.500000000007
177433371.0669,12716.599999999966,12061.500000000007
177433373.0669,12716.599999999966,12061.500000000007
177433375.0669,12716.599999999966,12061.500000000007
177433377.0669,12716.599999999966,12061.500000000007
177433379.0669,12716.599999999966,12061.500000000007
177433381.0669,12716.599999999966,12061.500000000007
177433383.0669,12716.599999999966,12061.500000000007
177433385.0669,12716.599999999966,12061.500000000007
177433387.0669,12716.599999999966,12061.500000000007
177433389.0669,12716.599999999966,12061.600000000008
177433391.0669,12716.599999999966,12061.600000000008
177433393.0669,12716.599999999966,12061.600000000008
177433395.0669,12716.599999999966,12061.600000000008
177433397.0669,12716.599999999966,12061.600000000008
177433399.0669,12716.599999999966,12061.600000000008
177433401.0669,12716.599999999966,12061.600000000008
177433403.0669,12716.599999999966,12061.600000000008
177433405.0669,12716.599999999966,12061.600000000008
177433407.0669,12716.599999999966,12061.600000000008
177433409.0669,12716.599999999966,12061.600000000008
177433411.0669,12716.599999999966,12061.600000000008
177433413.0669,12716.599999999966,12061.600000000008
177433415.0669,12716.599999999966,12061.600000000008
177433417.0669,12716.599999999966,12061.600000000008
177433419.0669,12716.599999999966,12061.600000000008
177433421.0669,12716.599999999966,12061.600000000008
177433423.0669,12716.599999999966,12061.600000000008
177433425.0669,12716.599999999966,12061.600000000008
177433427.0669,12716.599999999966,12061.600000000008
177433429.0669,12716.599999999966,12061.600000000008
177433431.0669,12716.599999999966,12061.600000000008
177433433.0669,12716.599999999966,12061.600000000008
177433435.0669,12716.599999999966,12061.600000000008
177433437.0669,12716.599999999966,12061.600000000008
177433439.0669,12716.599999999966,12061.600000000008
177433441.0669,12716.599999999966,12061.600000000008
177433443.0669,12716.599999999966,12061.600000000008
177433445.0669,12716.599999999966,12061.600000000008
177433447.0669,12716.599999999966,12061.600000000008
177433449.0669,12716.599999999966,12061.600000000008
177433451.0669,12716.599999999966,12061.600000000008
177433453.0669,12716.599999999966,12061.600000000008
177433455.0669,12716.599999999966,12061.600000000008
177433457.0669,12716.599999999966,12061.600000000008
177433459.0669,12716.599999999966,12061.600000000008
177433461.0669,12716.599999999966,12061.600000000008
177433463.0669,12716.599999999966,12061.600000000008
177433465.0669,12716.599999999966,12061.600000000008
177433467.0669,12716.599999999966,12061.600000000008
177433469.0669,12716.599999999966,12061.600000000008
177433471.0669,12716.599999999966,12061.600000000008
177433473.0669,12716.899999999965,12061.600000000008
177433475.0669,12716.899999999965,12061.600000000008
177433477.0669,12716.899999999965,12061.600000000008
177433479.0669,12716.899999999965,12061.600000000008
177433481.0669,12716.899999999965,12061.600000000008
177433483.0669,12716.899999999965,12061.600000000008
177433485.0669,12716.899999999965,12061.600000000008
177433487.0669,12716.899999999965,12061.600000000008
177433489.0669,12716.899999999965,12061.600000000008
177433491.0669,12716.899999999965,12061.600000000008
177433493.0669,12716.899999999965,12061.500000000007
177433495.0669,12716.899999999965,12061.500000000007
177433497.0669,12716.899999999965,12061.500000000007
177433499.0669,12716.899999999965,12061.500000000007
177433501.0669,12716.899999999965,12061.500000000007
177433503.0669,12716.899999999965,12061.500000000007
177433505.0669,12716.899999999965,12061.500000000007
177433507.0669,12716.899999999965,12061.500000000007
177433509.0669,12716.899999999965,12061.500000000007
177433511.0669,12716.899999999965,12061.500000000007
177433513.0669,12716.899999999965,12061.500000000007
177433515.0669,12716.899999999965,12061.500000000007
177433517.0669,12716.899999999965,12061.500000000007
177433519.0669,12716.899999999965,12061.500000000007
177433521.0669,12716.899999999965,12061.500000000007
177433523.0669,12716.899999999965,12061.500000000007
177433525.0669,12716.899999999965,12061.600000000008
177433527.0669,12716.899999999965,12061.600000000008
177433529.0669,12716.899999999965,12061.600000000008
177433531.0669,12716.899999999965,12061.600000000008
177433533.0669,12716.899999999965,12061.600000000008
177433535.0669,12716.899999999965,12061.600000000008
177433537.0669,12716.899999999965,12061.600000000008
177433539.0669,12716.899999999965,12061.600000000008
177433541.0669,12716.899999999965,12061.600000000008
177433543.0669,12716.899999999965,12061.600000000008
177433545.0669,12716.899999999965,12061.600000000008
177433547.0669,12716.899999999965,12061.600000000008
177433549.0669,12716.899999999965,12061.600000000008
177433551.0669,12716.899999999965,12061.600000000008
177433553.0669,12716.899999999965,12061.600000000008
177433555.0669,12716.899999999965,12061.500000000007
177433557.0669,12716.899999999965,12061.600000000008
177433559.0669,12716.899999999965,12061.600000000008
177433561.0669,12716.899999999965,12061.600000000008
177433563.0669,12716.899999999965,12061.600000000008
177433565.0669,12716.899999999965,12061.600000000008
177433567.0669,12716.899999999965,12061.600000000008
177433569.0669,12716.899999999965,12061.600000000008
177433571.0669,12716.899999999965,12061.600000000008
177433573.0669,12716.899999999965,12061.600000000008
177433575.0669,12716.899999999965,12061.600000000008
177433577.0669,12716.899999999965,12061.600000000008
177433579.0669,12716.899999999965,12061.600000000008
177433581.0669,12716.899999999965,12061.600000000008
177433583.0669,12716.899999999965,12061.600000000008
177433585.0669,12716.899999999965,12061.600000000008
177433587.0669,12716.899999999965,12061.600000000008
177433589.0669,12716.899999999965,12061.600000000008
177433591.0669,12716.899999999965,12061.600000000008
177433593.0669,12716.899999999965,12061.600000000008
177433595.0669,12716.899999999965,12061.600000000008
177433597.0669,12716.899999999965,12061.600000000008
177433599.0669,12716.899999999965,12061.600000000008
177433601.0669,12716.899999999965,12061.600000000008
177433603.0669,12716.899999999965,12061.600000000008
177433605.0669,12716.899999999965,12061.600000000008
177433607.0669,12716.899999999965,12061.600000000008
177433609.0669,12716.899999999965,12061.600000000008
177433611.0669,12716.899999999965,12061.600000000008
177433613.0669,12716.899999999965,12061.600000000008
177433615.0669,12716.899999999965,12061.600000000008
177433617.0669,12716.899999999965,12061.600000000008
177433619.0669,12716.899999999965,12061.600000000008
177433621.0669,12716.899999999965,12061.600000000008
177433623.0669,12716.899999999965,12061.600000000008
177433625.0669,12716.899999999965,12061.600000000008
177433627.0669,12716.899999999965,12061.600000000008
177433629.0669,12716.899999999965,12061.600000000008
177433631.0669,12716.899999999965,12061.600000000008
177433633.0669,12716.899999999965,12061.600000000008
177433635.0669,12716.899999999965,12061.600000000008
177433637.0669,12716.899999999965,12061.600000000008
177433639.0669,12716.899999999965,12061.600000000008
177433641.0669,12716.899999999965,12061.600000000008
177433643.0669,12716.899999999965,12061.600000000008
177433645.0669,12716.899999999965,12061.600000000008
177433647.0669,12716.899999999965,12061.600000000008
177433649.0669,12716.899999999965,12061.600000000008
177433651.0669,12716.899999999965,12061.600000000008
177433653.0669,12716.899999999965,12061.600000000008
177433655.0669,12716.899999999965,12061.600000000008
177433657.0669,12716.899999999965,12061.600000000008
177433659.0669,12716.899999999965,12061.600000000008
177433661.0669,12716.899999999965,12061.600000000008
177433663.0669,12716.899999999965,12061.600000000008
177433665.0669,12716.899999999965,12061.600000000008
177433667.0669,12716.899999999965,12061.600000000008
177433669.0669,12716.899999999965,12061.600000000008
177433671.0669,12716.899999999965,12061.600000000008
177433673.0669,12716.899999999965,12061.600000000008
177433675.0669,12716.899999999965,12061.600000000008
177433677.0669,12716.899999999965,12061.600000000008
177433679.0669,12716.899999999965,12061.600000000008
177433681.0669,12716.899999999965,12061.600000000008
177433683.0669,12716.899999999965,12061.600000000008
177433685.0669,12716.899999999965,12061.600000000008
177433687.0669,12716.899999999965,12061.600000000008
177433689.0669,12716.899999999965,12061.600000000008
177433691.0669,12716.899999999965,12061.600000000008
177433693.0669,12716.899999999965,12061.600000000008
177433695.0669,12716.899999999965,12061.600000000008
177433697.0669,12716.899999999965,12061.600000000008
177433699.0669,12716.899999999965,12061.600000000008
177433701.0669,12716.899999999965,12061.600000000008
177433703.0669,12716.899999999965,12061.600000000008
177433705.0669,12716.899999999965,12061.600000000008
177433707.0669,12716.899999999965,12061.600000000008
177433709.0669,12716.899999999965,12061.600000000008
177433711.0669,12716.899999999965,12061.600000000008
177433713.0669,12716.899999999965,12061.600000000008
177433715.0669,12716.899999999965,12061.600000000008
177433717.0669,12716.899999999965,12061.600000000008
177433719.0669,12716.899999999965,12061.600000000008
177433721.0669,12716.899999999965,12061.600000000008
177433723.0669,12716.899999999965,12061.600000000008
177433725.0669,12716.899999999965,12061.600000000008
177433727.0669,12716.899999999965,12061.600000000008
177433729.0669,12716.899999999965,12061.600000000008
177433731.0669,12716.899999999965,12061.600000000008
177433733.0669,12716.899999999965,12061.600000000008
177433735.0669,12716.899999999965,12061.600000000008
177433737.0669,12716.899999999965,12061.600000000008
177433739.0669,12716.899999999965,12061.600000000008
177433741.0669,12716.899999999965,12061.600000000008
177433743.0669,12716.899999999965,12061.600000000008
177433745.0669,12716.899999999965,12061.600000000008
177433747.0669,12716.899999999965,12061.600000000008
177433749.0669,12716.899999999965,12061.600000000008
177433751.0669,12716.899999999965,12061.600000000008
177433753.0669,12716.899999999965,12061.600000000008
177433755.0669,12716.899999999965,12061.600000000008
177433757.0669,12716.899999999965,12061.600000000008
177433759.0669,12716.899999999965,12061.600000000008
177433761.0669,12716.799999999965,12061.600000000008
177433763.0669,12716.799999999965,12061.600000000008
177433765.0669,12716.799999999965,12061.600000000008
177433767.0669,12716.799999999965,12061.600000000008
177433769.0669,12716.799999999965,12061.600000000008
177433771.0669,12716.799999999965,12061.600000000008
177433773.0669,12716.799999999965,12061.600000000008
177433775.0669,12716.799999999965,12061.600000000008
177433777.0669,12716.799999999965,12061.600000000008
177433779.0669,12716.799999999965,12061.600000000008
177433781.0669,12716.799999999965,12061.600000000008
177433783.0669,12716.799999999965,12061.600000000008
177433785.0669,12716.799999999965,12061.600000000008
177433787.0669,12716.799999999965,12061.600000000008
177433789.0669,12716.799999999965,12061.600000000008
177433791.0669,12716.799999999965,12061.600000000008
177433793.0669,12716.799999999965,12061.600000000008
177433795.0669,12716.799999999965,12061.600000000008
177433797.0669,12716.799999999965,12061.600000000008
177433799.0669,12716.799999999965,12061.600000000008
177433801.0669,12716.799999999965,12061.600000000008
177433803.0669,12716.799999999965,12061.600000000008
177433805.0669,12716.799999999965,12061.600000000008
177433807.0669,12716.799999999965,12061.600000000008
177433809.0669,12716.799999999965,12061.600000000008
177433811.0669,12716.799999999965,12061.600000000008
177433813.0669,12716.799999999965,12061.600000000008
177433815.0669,12716.799999999965,12061.600000000008
177433817.0669,12716.799999999965,12061.600000000008
177433819.0669,12716.799999999965,12061.600000000008
177433821.0669,12716.799999999965,12061.600000000008
177433823.0669,12716.799999999965,12061.600000000008
177433825.0669,12716.799999999965,12061.600000000008
177433827.0669,12716.799999999965,12061.600000000008
177433829.0669,12716.799999999965,12061.600000000008
177433831.0669,12716.799999999965,12061.600000000008
177433833.0669,12716.799999999965,12061.600000000008
177433835.0669,12716.799999999965,12061.600000000008
177433837.0669,12716.799999999965,12061.600000000008
177433839.0669,12716.799999999965,12061.600000000008
177433841.0669,12716.799999999965,12061.600000000008
177433843.0669,12716.799999999965,12061.600000000008
177433845.0669,12716.799999999965,12061.600000000008
177433847.0669,12716.799999999965,12061.600000000008
177433849.0669,12716.799999999965,12061.600000000008
177433851.0669,12716.799999999965,12061.600000000008
177433853.0669,12716.799999999965,12061.600000000008
177433855.0669,12716.799999999965,12061.600000000008
177433857.0669,12716.799999999965,12061.600000000008
177433859.0669,12716.799999999965,12061.600000000008
177433861.0669,12716.799999999965,12061.600000000008
177433863.0669,12716.799999999965,12061.600000000008
177433865.0669,12716.799999999965,12061.600000000008
177433867.0669,12716.799999999965,12061.600000000008
177433869.0669,12716.799999999965,12061.600000000008
177433871.0669,12716.799999999965,12061.600000000008
177433873.0669,12716.799999999965,12061.600000000008
177433875.0669,12716.799999999965,12061.600000000008
177433877.0669,12716.799999999965,12061.600000000008
177433879.0669,12716.799999999965,12061.600000000008
177433881.0669,12716.799999999965,12061.600000000008
177433883.0669,12716.799999999965,12061.600000000008
177433885.0669,12716.799999999965,12061.600000000008
177433887.0669,12716.799999999965,12061.600000000008
177433889.0669,12716.799999999965,12061.600000000008
177433891.0669,12716.799999999965,12061.600000000008
177433893.0669,12716.799999999965,12061.600000000008
177433895.0669,12716.799999999965,12061.600000000008
177433897.0669,12716.799999999965,12061.600000000008
177433899.0669,12716.799999999965,12061.600000000008
177433901.0669,12716.799999999965,12061.600000000008
177433903.0669,12716.799999999965,12061.600000000008
177433905.0669,12716.799999999965,12061.600000000008
177433907.0669,12716.799999999965,12061.600000000008
177433909.0669,12716.799999999965,12061.600000000008
177433911.0669,12716.799999999965,12061.600000000008
177433913.0669,12716.799999999965,12061.600000000008
177433915.0669,12716.799999999965,12061.600000000008
177433917.0669,12716.799999999965,12061.600000000008
177433919.0669,12716.799999999965,12061.600000000008
177433921.0669,12716.799999999965,12061.600000000008
177433923.0669,12716.799999999965,12061.600000000008
177433925.0669,12716.799999999965,12061.600000000008
177433927.0669,12716.799999999965,12061.600000000008
177433929.0669,12716.799999999965,12061.600000000008
177433931.0669,12716.799999999965,12061.600000000008
177433933.0669,12716.799999999965,12061.600000000008
177433935.0669,12716.799999999965,12061.600000000008
177433937.0669,12716.799999999965,12061.600000000008
177433939.0669,12716.799999999965,12061.600000000008
177433941.0669,12716.799999999965,12061.600000000008
177433943.0669,12716.799999999965,12061.600000000008
177433945.0669,12716.799999999965,12061.600000000008
177433947.0669,12716.799999999965,12061.600000000008
177433949.0669,12716.799999999965,12061.600000000008
177433951.0669,12716.799999999965,12061.600000000008
177433953.0669,12716.799999999965,12061.600000000008
177433955.0669,12716.799999999965,12061.600000000008
177433957.0669,12716.799999999965,12061.600000000008
177433959.0669,12716.799999999965,12061.600000000008
177433961.0669,12716.799999999965,12061.600000000008
177433963.0669,12716.799999999965,12061.600000000008
177433965.0669,12716.799999999965,12061.600000000008
177433967.0669,12716.799999999965,12061.600000000008
177433969.0669,12716.799999999965,12061.600000000008
177433971.0669,12716.799999999965,12061.600000000008
177433973.0669,12716.799999999965,12061.600000000008
177433975.0669,12716.799999999965,12100.000000000007
177433977.0669,12716.799999999965,12100.000000000007
177433979.0669,12716.799999999965,12100.000000000007
177433981.0669,12716.799999999965,12100.000000000007
177433983.0669,12716.799999999965,12100.000000000007
177433985.0669,12716.799999999965,12100.000000000007
177433987.0669,12716.799999999965,12100.000000000007
177433989.0669,12716.799999999965,12100.000000000007
177433991.0669,12716.799999999965,12100.000000000007
177433993.0669,12716.799999999965,12100.000000000007
177433995.0669,12716.799999999965,12100.000000000007
177433997.0669,12716.799999999965,12100.000000000007
177433999.0669,12716.799999999965,12100.000000000007
177434001.0669,12716.799999999965,12100.000000000007
177434003.0669,12716.799999999965,12100.000000000007
177434005.0669,12716.799999999965,12100.000000000007
177434007.0669,12716.799999999965,12100.000000000007
177434009.0669,12716.799999999965,12100.000000000007
177434011.0669,12716.799999999965,12100.000000000007
177434013.0669,12716.799999999965,12100.000000000007
177434015.0669,12716.799999999965,12100.000000000007
177434017.0669,12716.799999999965,12100.000000000007
177434019.0669,12716.799999999965,12100.000000000007
177434021.0669,12716.799999999965,12100.000000000007
177434023.0669,12716.799999999965,12100.000000000007
177434025.0669,12716.799999999965,12100.000000000007
177434027.0669,12716.799999999965,12100.000000000007
177434029.0669,12716.799999999965,12100.000000000007
177434031.0669,12716.799999999965,12100.000000000007
177434033.0669,12716.699999999964,12100.000000000007
177434035.0669,12716.699999999964,12100.100000000008
177434037.0669,12716.699999999964,12100.100000000008
177434039.0669,12716.699999999964,12100.100000000008
177434041.0669,12716.699999999964,12100.100000000008
177434043.0669,12716.699999999964,12100.100000000008
177434045.0669,12716.699999999964,12100.100000000008
177434047.0669,12716.699999999964,12100.100000000008
177434049.0669,12716.699999999964,12100.100000000008
177434051.0669,12716.699999999964,12100.100000000008
177434053.0669,12716.699999999964,12100.100000000008
177434055.0669,12716.699999999964,12100.100000000008
177434057.0669,12716.699999999964,12100.100000000008
177434059.0669,12716.699999999964,12100.100000000008
177434061.0669,12716.699999999964,12100.100000000008
177434063.0669,12716.699999999964,12100.100000000008
177434065.0669,12716.699999999964,12100.100000000008
177434067.0669,12716.699999999964,12100.100000000008
177434069.0669,12716.699999999964,12100.100000000008
177434071.0669,12716.699999999964,12100.100000000008
177434073.0669,12716.699999999964,12100.100000000008
177434075.0669,12716.699999999964,12100.100000000008
177434077.0669,12716.699999999964,12100.100000000008
177434079.0669,12716.699999999964,12100.100000000008
177434081.0669,12716.699999999964,12100.100000000008
177434083.0669,12716.699999999964,12100.100000000008
177434085.0669,12716.699999999964,12100.100000000008
177434087.0669,12716.699999999964,12100.100000000008
177434089.0669,12716.699999999964,12100.100000000008
177434091.0669,12716.699999999964,12100.100000000008
177434093.0669,12716.699999999964,12100.100000000008
177434095.0669,12716.699999999964,12100.100000000008
177434097.0669,12716.699999999964,12100.100000000008
177434099.0669,12716.699999999964,12100.100000000008
177434101.0669,12716.699999999964,12100.100000000008
177434103.0669,12716.699999999964,12100.100000000008
177434105.0669,12716.699999999964,12100.100000000008
177434107.0669,12716.699999999964,12100.100000000008
177434109.0669,12716.699999999964,12100.100000000008
177434111.0669,12716.699999999964,12100.100000000008
177434113.0669,12716.699999999964,12100.100000000008
177434115.0669,12716.699999999964,12100.100000000008
177434117.0669,12716.699999999964,12100.100000000008
177434119.0669,12716.799999999965,12100.100000000008
177434121.0669,12716.799999999965,12100.100000000008
177434123.0669,12716.799999999965,12100.100000000008
177434125.0669,12716.799999999965,12100.100000000008
177434127.0669,12716.799999999965,12100.100000000008
177434129.0669,12716.799999999965,12100.100000000008
177434131.0669,12716.799999999965,12100.100000000008
177434133.0669,12716.799999999965,12100.100000000008
177434135.0669,12716.799999999965,12100.100000000008
177434137.0669,12716.799999999965,12100.100000000008
177434139.0669,12716.799999999965,12100.100000000008
177434141.0669,12716.799999999965,12100.200000000008
177434143.0669,12716.799999999965,12100.200000000008
177434145.0669,12716.799999999965,12100.200000000008
177434147.0669,12716.799999999965,12100.200000000008
177434149.0669,12716.799999999965,12100.200000000008
177434151.0669,12716.799999999965,12100.200000000008
177434153.0669,12716.799999999965,12100.200000000008
177434155.0669,12716.799999999965,12100.200000000008
177434157.0669,12716.799999999965,12100.200000000008
177434159.0669,12716.799999999965,12100.200000000008
177434161.0669,12716.799999999965,12100.200000000008
177434163.0669,12716.799999999965,12100.200000000008
177434165.0669,12716.799999999965,12131.000000000007
177434167.0669,12716.799999999965,12131.000000000007
177434169.0669,12716.799999999965,12131.000000000007
177434171.0669,12716.799999999965,12131.000000000007
177434173.0669,12716.799999999965,12131.000000000007
177434175.0669,12716.799999999965,12131.000000000007
177434177.0669,12716.799999999965,12131.000000000007
177434179.0669,12716.799999999965,12131.000000000007
177434181.0669,12716.799999999965,12131.000000000007
177434183.0669,12716.799999999965,12131.000000000007
177434185.0669,12716.799999999965,12131.000000000007
177434187.0669,12716.799999999965,12131.000000000007
177434189.0669,12716.799999999965,12131.000000000007
177434191.0669,12716.799999999965,12131.000000000007
177434193.0669,12716.799999999965,12131.000000000007
177434195.0669,12716.799999999965,12131.000000000007
177434197.0669,12716.799999999965,12100.000000000007
177434199.0669,12716.799999999965,12100.000000000007
177434201.0669,12716.799999999965,12100.000000000007
177434203.0669,12716.799999999965,12100.000000000007
177434205.0669,12716.799999999965,12100.000000000007
177434207.0669,12716.799999999965,12100.000000000007
177434209.0669,12716.799999999965,12100.000000000007
177434211.0669,12716.799999999965,12100.000000000007
177434213.0669,12716.799999999965,12100.000000000007
177434215.0669,12716.799999999965,12100.000000000007
177434217.0669,12716.799999999965,12100.000000000007
177434219.0669,12716.799999999965,12100.000000000007
177434221.0669,12716.799999999965,12100.000000000007
177434223.0669,12716.799999999965,12100.000000000007
177434225.0669,12716.799999999965,12100.000000000007
177434227.0669,12716.799999999965,12100.000000000007
177434229.0669,12716.799999999965,12100.000000000007
177434231.0669,12716.799999999965,12100.000000000007
177434233.0669,12716.799999999965,12100.000000000007
177434235.0669,12716.799999999965,12100.000000000007
177434237.0669,12716.799999999965,12100.000000000007
177434239.0669,12716.799999999965,12100.000000000007
177434241.0669,12716.799999999965,12100.000000000007
177434243.0669,12716.799999999965,12100.000000000007
177434245.0669,12716.799999999965,12100.000000000007
177434247.0669,12716.799999999965,12100.000000000007
177434249.0669,12716.699999999964,12100.000000000007
177434251.0669,12716.699999999964,12100.000000000007
177434253.0669,12716.699999999964,12100.000000000007
177434255.0669,12716.699999999964,12100.000000000007
177434257.0669,12716.699999999964,12100.000000000007
177434259.0669,12716.699999999964,12100.000000000007
177434261.0669,12716.699999999964,12100.000000000007
177434263.0669,12716.699999999964,12100.000000000007
177434265.0669,12716.699999999964,12100.000000000007
177434267.0669,12716.599999999964,12100.000000000007
177434269.0669,12716.599999999964,12100.000000000007
177434271.0669,12716.599999999964,12100.000000000007
177434273.0669,12716.599999999964,12100.000000000007
177434275.0669,12716.599999999964,12100.000000000007
177434277.0669,12716.599999999964,12100.000000000007
177434279.0669,12716.599999999964,12100.000000000007
177434281.0669,12716.599999999964,12100.000000000007
177434283.0669,12716.599999999964,12100.000000000007
177434285.0669,12716.599999999964,12100.000000000007
177434287.0669,12716.599999999964,12100.000000000007
177434289.0669,12716.599999999964,12100.000000000007
177434291.0669,12716.599999999964,12100.000000000007
177434293.0669,12716.599999999964,12100.000000000007
177434295.0669,12716.599999999964,12100.000000000007
177434297.0669,12716.599999999964,12100.000000000007
177434299.0669,12716.599999999964,12100.000000000007
177434301.0669,12716.599999999964,12100.000000000007
177434303.0669,12716.599999999964,12100.000000000007
177434305.0669,12716.599999999964,12100.000000000007
177434307.0669,12716.599999999964,12100.000000000007
177434309.0669,12716.599999999964,12100.000000000007
177434311.0669,12716.599999999964,12100.000000000007
177434313.0669,12716.599999999964,12100.000000000007
177434315.0669,12716.599999999964,12100.000000000007
177434317.0669,12716.499999999964,12100.000000000007
177434319.0669,12716.499999999964,12100.000000000007
177434321.0669,12716.499999999964,12100.000000000007
177434323.0669,12716.499999999964,12100.000000000007
177434325.0669,12716.499999999964,12100.000000000007
177434327.0669,12716.499999999964,12100.000000000007
177434329.0669,12716.499999999964,12100.000000000007
177434331.0669,12716.499999999964,12100.000000000007
177434333.0669,12716.499999999964,12100.000000000007
177434335.0669,12716.499999999964,12100.000000000007
177434337.0669,12716.499999999964,12100.000000000007
177434339.0669,12716.499999999964,12100.000000000007
177434341.0669,12716.499999999964,12100.000000000007
177434343.0669,12716.499999999964,12100.000000000007
177434345.0669,12716.499999999964,12100.000000000007
177434347.0669,12716.499999999964,12100.000000000007
177434349.0669,12716.499999999964,12100.000000000007
177434351.0669,12716.499999999964,12100.000000000007
177434353.0669,12716.499999999964,12100.000000000007
177434355.0669,12716.499999999964,12100.000000000007
177434357.0669,12716.399999999963,12100.000000000007
177434359.0669,12716.399999999963,12100.000000000007
177434361.0669,12716.399999999963,12100.000000000007
177434363.0669,12716.399999999963,12100.000000000007
177434365.0669,12716.399999999963,12100.000000000007
177434367.0669,12716.399999999963,12100.000000000007
177434369.0669,12716.399999999963,12100.000000000007
177434371.0669,12716.399999999963,12100.000000000007
177434373.0669,12716.399999999963,12100.000000000007
177434375.0669,12716.399999999963,12100.000000000007
177434377.0669,12716.399999999963,12100.000000000007
177434379.0669,12716.399999999963,12100.000000000007
177434381.0669,12716.399999999963,12100.000000000007
177434383.0669,12716.399999999963,12100.000000000007
177434385.0669,12716.399999999963,12100.000000000007
177434387.0669,12716.399999999963,12100.000000000007
177434389.0669,12716.399999999963,12100.000000000007
177434391.0669,12716.399999999963,12100.000000000007
177434393.0669,12716.399999999963,12100.000000000007
177434395.0669,12716.399999999963,12100.000000000007
177434397.0669,12716.399999999963,12100.000000000007
177434399.0669,12716.399999999963,12100.000000000007
177434401.0669,12716.399999999963,12100.000000000007
177434403.0669,12716.399999999963,12100.000000000007
177434405.0669,12716.399999999963,12100.000000000007
177434407.0669,12716.399999999963,12100.000000000007
177434409.0669,12716.399999999963,12100.000000000007
177434411.0669,12716.399999999963,12100.000000000007
177434413.0669,12716.399999999963,12100.000000000007
177434415.0669,12716.399999999963,12100.000000000007
177434417.0669,12716.399999999963,12100.000000000007
177434419.0669,12716.399999999963,12100.000000000007
177434421.0669,12716.399999999963,12100.000000000007
177434423.0669,12716.399999999963,12100.000000000007
177434425.0669,12716.399999999963,12100.000000000007
177434427.0669,12716.399999999963,12100.000000000007
177434429.0669,12716.399999999963,12100.000000000007
177434431.0669,12716.399999999963,12100.000000000007
177434433.0669,12716.399999999963,12100.000000000007
177434435.0669,12716.399999999963,12100.000000000007
177434437.0669,12716.399999999963,12100.000000000007
177434439.0669,12716.399999999963,12100.000000000007
177434441.0669,12716.399999999963,12100.000000000007
177434443.0669,12716.399999999963,12100.000000000007
177434445.0669,12716.399999999963,12100.000000000007
177434447.0669,12716.399999999963,12100.000000000007
177434449.0669,12716.399999999963,12100.000000000007
177434451.0669,12716.399999999963,12100.000000000007
177434453.0669,12716.399999999963,12100.000000000007
177434455.0669,12716.399999999963,12100.000000000007
177434457.0669,12716.399999999963,12100.000000000007
177434459.0669,12716.399999999963,12100.000000000007
177434461.0669,12716.399999999963,12100.000000000007
177434463.0669,12716.399999999963,12061.500000000007
177434465.0669,12716.399999999963,12061.500000000007
177434467.0669,12716.399999999963,12061.500000000007
177434469.0669,12716.399999999963,12061.500000000007
177434471.0669,12716.399999999963,12061.500000000007
177434473.0669,12716.399999999963,12061.500000000007
177434475.0669,12716.399999999963,12061.500000000007
177434477.0669,12716.399999999963,12061.500000000007
177434479.0669,12716.399999999963,12061.500000000007
177434481.0669,12716.399999999963,12061.500000000007
177434483.0669,12716.399999999963,12061.500000000007
177434485.0669,12716.299999999963,12061.500000000007
177434487.0669,12716.299999999963,12061.500000000007
177434489.0669,12716.299999999963,12061.500000000007
177434491.0669,12716.299999999963,12061.500000000007
177434493.0669,12716.299999999963,12061.500000000007
177434495.0669,12716.299999999963,12061.500000000007
177434497.0669,12716.299999999963,12061.500000000007
177434499.0669,12716.299999999963,12061.500000000007
177434501.0669,12716.299999999963,12061.500000000007
177434503.0669,12716.199999999963,12061.500000000007
177434505.0669,12716.199999999963,12061.500000000007
177434507.0669,12716.199999999963,12061.500000000007
177434509.0669,12716.199999999963,12061.500000000007
177434511.0669,12716.199999999963,12061.500000000007
177434513.0669,12716.199999999963,12061.500000000007
177434515.0669,12716.199999999963,12061.500000000007
177434517.0669,12716.199999999963,12061.500000000007
177434519.0669,12716.199999999963,12061.500000000007
177434521.0669,12716.199999999963,12061.500000000007
177434523.0669,12716.199999999963,12061.500000000007
177434525.0669,12716.199999999963,12061.500000000007
177434527.0669,12716.199999999963,12061.500000000007
177434529.0669,12716.199999999963,12061.500000000007
177434531.0669,12716.199999999963,12061.500000000007
177434533.0669,12716.199999999963,12061.500000000007
177434535.0669,12716.199999999963,12061.500000000007
177434537.0669,12716.199999999963,12061.500000000007
177434539.0669,12716.199999999963,12061.500000000007
177434541.0669,12716.199999999963,12061.500000000007
177434543.0669,12716.199999999963,12061.500000000007
177434545.0669,12716.199999999963,12061.500000000007
177434547.0669,12716.199999999963,12061.500000000007
177434549.0669,12716.199999999963,12061.500000000007
177434551.0669,12716.199999999963,12061.500000000007
177434553.0669,12716.199999999963,12061.500000000007
177434555.0669,12716.199999999963,12061.500000000007
177434557.0669,12716.199999999963,12061.500000000007
177434559.0669,12716.199999999963,12061.500000000007
177434561.0669,12716.199999999963,12061.500000000007
177434563.0669,12716.199999999963,12061.500000000007
177434565.0669,12716.199999999963,12061.500000000007
177434567.0669,12716.199999999963,12061.500000000007
177434569.0669,12716.199999999963,12061.500000000007
177434571.0669,12716.199999999963,12061.500000000007
177434573.0669,12716.199999999963,12061.500000000007
177434575.0669,12716.199999999963,12061.500000000007
177434577.0669,12716.199999999963,12061.500000000007
177434579.0669,12716.199999999963,12061.500000000007
177434581.0669,12716.199999999963,12061.500000000007
177434583.0669,12716.199999999963,12061.500000000007
177434585.0669,12716.199999999963,12061.500000000007
177434587.0669,12716.199999999963,12061.500000000007
177434589.0669,12716.199999999963,12061.500000000007
177434591.0669,12716.199999999963,12061.500000000007
177434593.0669,12716.199999999963,12061.500000000007
177434595.0669,12716.199999999963,12061.500000000007
177434597.0669,12716.199999999963,12061.500000000007
177434599.0669,12716.199999999963,12061.500000000007
177434601.0669,12716.199999999963,12061.500000000007
177434603.0669,12716.199999999963,12061.500000000007
177434605.0669,12716.199999999963,12061.500000000007
177434607.0669,12716.199999999963,12061.500000000007
177434609.0669,12716.199999999963,12061.500000000007
177434611.0669,12716.199999999963,12061.500000000007
177434613.0669,12716.199999999963,12061.500000000007
177434615.0669,12716.199999999963,12061.500000000007
177434617.0669,12716.199999999963,12061.500000000007
177434619.0669,12716.199999999963,12061.500000000007
177434621.0669,12716.199999999963,12061.500000000007
177434623.0669,12716.199999999963,12061.500000000007
177434625.0669,12716.199999999963,12061.500000000007
177434627.0669,12716.199999999963,12061.500000000007
177434629.0669,12716.199999999963,12061.500000000007
177434631.0669,12716.199999999963,12061.500000000007
177434633.0669,12716.199999999963,12061.500000000007
177434635.0669,12716.199999999963,12061.500000000007
177434637.0669,12716.199999999963,12061.500000000007
177434639.0669,12716.199999999963,12061.500000000007
177434641.0669,12716.199999999963,12061.500000000007
177434643.0669,12716.199999999963,12061.500000000007
177434645.0669,12716.199999999963,12061.500000000007
177434647.0669,12716.199999999963,12061.500000000007
177434649.0669,12716.199999999963,12061.500000000007
177434651.0669,12716.199999999963,12061.500000000007
177434653.0669,12716.199999999963,12061.500000000007
177434655.0669,12716.199999999963,12061.500000000007
177434657.0669,12716.199999999963,12061.500000000007
177434659.0669,12716.199999999963,12061.500000000007
177434661.0669,12716.199999999963,12061.500000000007
177434663.0669,12716.199999999963,12061.500000000007
177434665.0669,12716.199999999963,12061.500000000007
177434667.0669,12716.199999999963,12061.500000000007
177434669.0669,12716.199999999963,12061.500000000007
177434671.0669,12716.199999999963,12061.500000000007
177434673.0669,12716.199999999963,12061.500000000007
177434675.0669,12716.199999999963,12061.500000000007
177434677.0669,12716.199999999963,12061.500000000007
177434679.0669,12716.099999999962,12061.500000000007
177434681.0669,12716.099999999962,12061.500000000007
177434683.0669,12716.099999999962,12061.500000000007
177434685.0669,12716.099999999962,12061.500000000007
177434687.0669,12716.099999999962,12061.500000000007
177434689.0669,12716.099999999962,12061.500000000007
177434691.0669,12716.099999999962,12061.500000000007
177434693.0669,12716.099999999962,12061.500000000007
177434695.0669,12716.099999999962,12061.500000000007
177434697.0669,12716.099999999962,12061.500000000007
177434699.0669,12716.199999999963,12061.500000000007
177434701.0669,12716.199999999963,12061.500000000007
177434703.0669,12716.199999999963,12061.500000000007
177434705.0669,12716.199999999963,12061.500000000007
177434707.0669,12716.199999999963,12061.500000000007
177434709.0669,12716.199999999963,12061.500000000007
177434711.0669,12716.199999999963,12061.500000000007
177434713.0669,12716.199999999963,12061.500000000007
177434715.0669,12716.199999999963,12061.500000000007
177434717.0669,12716.199999999963,12061.500000000007
177434719.0669,12716.199999999963,12061.500000000007
177434721.0669,12716.199999999963,12061.500000000007
177434723.0669,12716.199999999963,12061.500000000007
177434725.0669,12716.199999999963,12061.500000000007
177434727.0669,12716.199999999963,12061.500000000007
177434729.0669,12716.199999999963,12061.500000000007
177434731.0669,12716.199999999963,12061.500000000007
177434733.0669,12716.199999999963,12061.500000000007
177434735.0669,12716.199999999963,12061.500000000007
177434737.0669,12716.199999999963,12061.500000000007
177434739.0669,12716.199999999963,12061.500000000007
177434741.0669,12716.199999999963,12061.500000000007
177434743.0669,12716.199999999963,12061.500000000007
177434745.0669,12716.199999999963,12061.500000000007
177434747.0669,12716.199999999963,12061.500000000007
177434749.0669,12716.199999999963,12061.500000000007
177434751.0669,12716.199999999963,12061.500000000007
177434753.0669,12716.199999999963,12061.500000000007
177434755.0669,12716.199999999963,12061.500000000007
177434757.0669,12716.199999999963,12061.500000000007
177434759.0669,12716.199999999963,12061.500000000007
177434761.0669,12716.199999999963,12061.500000000007
177434763.0669,12716.199999999963,12061.500000000007
177434765.0669,12716.199999999963,12061.500000000007
177434767.0669,12716.199999999963,12061.500000000007
177434769.0669,12716.199999999963,12061.500000000007
177434771.0669,12716.199999999963,12061.500000000007
177434773.0669,12716.199999999963,12061.500000000007
177434775.0669,12716.199999999963,12061.500000000007
177434777.0669,12716.199999999963,12061.500000000007
177434779.0669,12716.199999999963,12061.500000000007
177434781.0669,12716.199999999963,12061.500000000007
177434783.0669,12716.199999999963,12061.500000000007
177434785.0669,12716.199999999963,12061.500000000007
177434787.0669,12716.199999999963,12061.500000000007
177434789.0669,12716.199999999963,12061.500000000007
177434791.0669,12716.199999999963,12061.500000000007
177434793.0669,12716.199999999963,12061.500000000007
177434795.0669,12716.099999999962,12061.500000000007
177434797.0669,12716.099999999962,12061.500000000007
177434799.0669,12716.099999999962,12061.500000000007
177434801.0669,12716.099999999962,12061.500000000007
177434803.0669,12716.099999999962,12061.500000000007
177434805.0669,12716.099999999962,12061.500000000007
177434807.0669,12716.099999999962,12061.500000000007
177434809.0669,12716.099999999962,12061.500000000007
177434811.0669,12716.099999999962,12061.500000000007
177434813.0669,12716.099999999962,12061.500000000007
177434815.0669,12716.099999999962,12061.500000000007
177434817.0669,12716.099999999962,12061.500000000007
177434819.0669,12716.099999999962,12061.500000000007
177434821.0669,12716.099999999962,12061.500000000007
177434823.0669,12716.099999999962,12061.500000000007
177434825.0669,12716.199999999963,12061.500000000007
177434827.0669,12716.199999999963,12061.500000000007
177434829.0669,12716.199999999963,12061.500000000007
177434831.0669,12716.199999999963,12061.500000000007
177434833.0669,12716.199999999963,12061.500000000007
177434835.0669,12716.199999999963,12061.500000000007
177434837.0669,12716.199999999963,12061.500000000007
177434839.0669,12716.199999999963,12061.500000000007
177434841.0669,12716.199999999963,12061.500000000007
177434843.0669,12716.199999999963,12061.500000000007
177434845.0669,12716.199999999963,12061.500000000007
177434847.0669,12716.199999999963,12061.500000000007
177434849.0669,12716.199999999963,12061.500000000007
177434851.0669,12716.199999999963,12061.500000000007
177434853.0669,12716.199999999963,12061.500000000007
177434855.0669,12716.199999999963,12061.500000000007
177434857.0669,12716.199999999963,12061.500000000007
177434859.0669,12716.199999999963,12061.500000000007
177434861.0669,12716.199999999963,12061.500000000007
177434863.0669,12716.199999999963,12061.500000000007
177434865.0669,12716.199999999963,12061.500000000007
177434867.0669,12716.199999999963,12061.500000000007
177434869.0669,12716.199999999963,12061.500000000007
177434871.0669,12716.199999999963,12061.500000000007
177434873.0669,12716.199999999963,12061.500000000007
177434875.0669,12716.199999999963,12061.500000000007
177434877.0669,12716.199999999963,12061.500000000007
177434879.0669,12716.199999999963,12061.500000000007
177434881.0669,12716.199999999963,12061.500000000007
177434883.0669,12716.199999999963,12061.500000000007
177434885.0669,12716.199999999963,12061.500000000007
177434887.0669,12716.199999999963,12061.500000000007
177434889.0669,12716.199999999963,12061.500000000007
177434891.0669,12716.199999999963,12061.500000000007
177434893.0669,12716.199999999963,12061.500000000007
177434895.0669,12716.199999999963,12061.500000000007
177434897.0669,12716.199999999963,12061.500000000007
177434899.0669,12716.199999999963,12061.500000000007
177434901.0669,12716.199999999963,12061.500000000007
177434903.0669,12716.199999999963,12061.500000000007
177434905.0669,12716.199999999963,12061.500000000007
177434907.0669,12716.199999999963,12061.500000000007
177434909.0669,12716.199999999963,12061.500000000007
177434911.0669,12716.199999999963,12061.500000000007
177434913.0669,12716.199999999963,12061.500000000007
177434915.0669,12716.199999999963,12061.500000000007
177434917.0669,12716.199999999963,12061.500000000007
177434919.0669,12716.199999999963,12061.500000000007
177434921.0669,12716.199999999963,12061.500000000007
177434923.0669,12716.199999999963,12061.500000000007
177434925.0669,12716.199999999963,12061.500000000007
177434927.0669,12716.199999999963,12061.500000000007
177434929.0669,12716.199999999963,12061.500000000007
177434931.0669,12716.199999999963,12061.500000000007
177434933.0669,12716.199999999963,12061.500000000007
177434935.0669,12716.199999999963,12061.500000000007
177434937.0669,12716.199999999963,12061.500000000007
177434939.0669,12716.199999999963,12061.500000000007
177434941.0669,12716.199999999963,12061.500000000007
177434943.0669,12716.199999999963,12061.500000000007
177434945.0669,12716.199999999963,12061.500000000007
177434947.0669,12716.199999999963,12061.500000000007
177434949.0669,12716.199999999963,12061.500000000007
177434951.0669,12716.199999999963,12061.500000000007
177434953.0669,12716.199999999963,12061.500000000007
177434955.0669,12716.199999999963,12061.500000000007
177434957.0669,12716.199999999963,12061.500000000007
177434959.0669,12716.199999999963,12061.500000000007
177434961.0669,12716.199999999963,12061.500000000007
177434963.0669,12716.199999999963,12061.500000000007
177434965.0669,12716.199999999963,12061.500000000007
177434967.0669,12716.199999999963,12061.500000000007
177434969.0669,12716.199999999963,12061.500000000007
177434971.0669,12716.199999999963,12061.500000000007
177434973.0669,12716.199999999963,12061.500000000007
177434975.0669,12716.199999999963,12061.500000000007
177434977.0669,12716.199999999963,12061.500000000007
177434979.0669,12716.199999999963,12061.500000000007
177434981.0669,12716.199999999963,12061.500000000007
177434983.0669,12716.199999999963,12061.500000000007
177434985.0669,12716.199999999963,12061.500000000007
177434987.0669,12716.199999999963,12061.500000000007
177434989.0669,12716.199999999963,12061.500000000007
177434991.0669,12716.199999999963,12061.500000000007
177434993.0669,12716.199999999963,12061.500000000007
177434995.0669,12716.199999999963,12061.500000000007
177434997.0669,12716.199999999963,12061.500000000007
177434999.0669,12716.199999999963,12061.500000000007
177435001.0669,12716.199999999963,12061.500000000007
177435003.0669,12716.199999999963,12061.500000000007
177435005.0669,12716.199999999963,12061.500000000007
177435007.0669,12716.199999999963,12061.500000000007
177435009.0669,12716.199999999963,12061.500000000007
177435011.0669,12716.199999999963,12061.500000000007
177435013.0669,12716.199999999963,12061.500000000007
177435015.0669,12716.199999999963,12061.500000000007
177435017.0669,12716.199999999963,12061.500000000007
177435019.0669,12716.199999999963,12061.500000000007
177435021.0669,12716.199999999963,12061.500000000007
177435023.0669,12716.199999999963,12061.500000000007
177435025.0669,12716.199999999963,12061.500000000007
177435027.0669,12716.199999999963,12061.500000000007
177435029.0669,12716.199999999963,12061.500000000007
177435031.0669,12716.199999999963,12061.500000000007
177435033.0669,12716.199999999963,12061.500000000007
177435035.0669,12716.199999999963,12061.500000000007
177435037.0669,12716.199999999963,12061.500000000007
177435039.0669,12716.199999999963,12061.500000000007
177435041.0669,12716.199999999963,12061.500000000007
177435043.0669,12716.199999999963,12061.500000000007
177435045.0669,12716.199999999963,12061.500000000007
177435047.0669,12716.099999999962,12061.500000000007
177435049.0669,12716.099999999962,12061.500000000007
177435051.0669,12716.099999999962,12061.500000000007
177435053.0669,12716.099999999962,12061.500000000007
177435055.0669,12716.099999999962,12061.500000000007
177435057.0669,12716.099999999962,12061.500000000007
177435059.0669,12716.099999999962,12061.500000000007
177435061.0669,12716.099999999962,12061.500000000007
177435063.0669,12716.099999999962,12061.500000000007
177435065.0669,12716.099999999962,12061.500000000007
177435067.0669,12716.099999999962,12061.500000000007
177435069.0669,12716.099999999962,12061.500000000007
177435071.0669,12716.099999999962,12061.500000000007
177435073.0669,12716.099999999962,12061.500000000007
177435075.0669,12716.099999999962,12061.500000000007
177435077.0669,12716.099999999962,12061.500000000007
177435079.0669,12716.099999999962,12061.500000000007
177435081.0669,12716.099999999962,12061.500000000007
177435083.0669,12716.099999999962,12061.500000000007
177435085.0669,12716.099999999962,12061.500000000007
177435087.0669,12716.099999999962,12061.500000000007
177435089.0669,12716.099999999962,12061.500000000007
177435091.0669,12716.099999999962,12061.500000000007
177435093.0669,12716.099999999962,12061.500000000007
177435095.0669,12716.099999999962,12061.500000000007
177435097.0669,12716.099999999962,12061.500000000007
177435099.0669,12716.099999999962,12061.500000000007
177435101.0669,12716.199999999963,12061.500000000007
177435103.0669,12716.199999999963,12061.500000000007
177435105.0669,12716.199999999963,12061.500000000007
177435107.0669,12716.199999999963,12061.500000000007
177435109.0669,12716.199999999963,12061.500000000007
177435111.0669,12716.199999999963,12061.500000000007
177435113.0669,12716.199999999963,12061.500000000007
177435115.0669,12716.199999999963,12061.500000000007
177435117.0669,12716.199999999963,12061.500000000007
177435119.0669,12716.199999999963,12061.500000000007
177435121.0669,12716.199999999963,12061.500000000007
177435123.0669,12716.199999999963,12061.500000000007
177435125.0669,12716.199999999963,12061.500000000007
177435127.0669,12716.199999999963,12061.500000000007
177435129.0669,12716.199999999963,12061.500000000007
177435131.0669,12716.199999999963,12061.500000000007
177435133.0669,12716.199999999963,12061.500000000007
177435135.0669,12716.199999999963,12061.500000000007
177435137.0669,12716.199999999963,12061.300000000007
177435139.0669,12716.199999999963,12061.300000000007
177435141.0669,12716.199999999963,12061.300000000007
177435143.0669,12716.199999999963,12061.300000000007
177435145.0669,12716.199999999963,12061.300000000007
177435147.0669,12716.199999999963,12061.300000000007
177435149.0669,12716.199999999963,12061.300000000007
177435151.0669,12716.199999999963,12061.300000000007
177435153.0669,12716.199999999963,12061.300000000007
177435155.0669,12716.399999999963,12061.300000000007
177435157.0669,12716.399999999963,12061.300000000007
177435159.0669,12716.399999999963,12061.300000000007
177435161.0669,12716.399999999963,12061.300000000007
177435163.0669,12716.399999999963,12061.300000000007
177435165.0669,12716.399999999963,12061.300000000007
177435167.0669,12716.399999999963,12061.300000000007
177435169.0669,12716.399999999963,12061.300000000007
177435171.0669,12716.399999999963,12061.300000000007
177435173.0669,12716.399999999963,12061.300000000007
177435175.0669,12716.399999999963,12061.300000000007
177435177.0669,12716.399999999963,12061.300000000007
177435179.0669,12716.399999999963,12061.300000000007
177435181.0669,12716.399999999963,12061.300000000007
177435183.0669,12716.399999999963,12061.300000000007
177435185.0669,12716.399999999963,12061.300000000007
177435187.0669,12716.399999999963,12061.300000000007
177435189.0669,12716.399999999963,12061.300000000007
177435191.0669,12716.399999999963,12061.300000000007
177435193.0669,12716.399999999963,12061.300000000007
177435195.0669,12716.399999999963,12061.300000000007
177435197.0669,12716.299999999963,12061.300000000007
177435199.0669,12716.299999999963,12061.300000000007
177435201.0669,12716.299999999963,12061.300000000007
177435203.0669,12716.299999999963,12061.300000000007
177435205.0669,12716.299999999963,12061.300000000007
177435207.0669,12716.299999999963,12061.300000000007
177435209.0669,12716.299999999963,12061.300000000007
177435211.0669,12716.199999999963,12061.300000000007
177435213.0669,12716.199999999963,12061.300000000007
177435215.0669,12716.199999999963,12061.300000000007
177435217.0669,12716.199999999963,12061.300000000007
177435219.0669,12716.199999999963,12061.300000000007
177435221.0669,12716.199999999963,12061.300000000007
177435223.0669,12716.199999999963,12061.300000000007
177435225.0669,12716.199999999963,12061.300000000007
177435227.0669,12716.199999999963,12061.300000000007
177435229.0669,12716.199999999963,12061.300000000007
177435231.0669,12716.199999999963,12061.300000000007
177435233.0669,12716.199999999963,12061.300000000007
177435235.0669,12716.199999999963,12061.300000000007
177435237.0669,12716.199999999963,12061.300000000007
177435239.0669,12716.199999999963,12061.300000000007
177435241.0669,12716.199999999963,12061.300000000007
177435243.0669,12716.199999999963,12061.300000000007
177435245.0669,12716.199999999963,12061.300000000007
177435247.0669,12716.199999999963,12061.300000000007
177435249.0669,12716.199999999963,12061.300000000007
177435251.0669,12716.199999999963,12061.300000000007
177435253.0669,12716.199999999963,12061.300000000007
177435255.0669,12716.199999999963,12061.300000000007
177435257.0669,12716.199999999963,12061.300000000007
177435259.0669,12716.199999999963,12061.300000000007
177435261.0669,12716.199999999963,12061.300000000007
177435263.0669,12716.199999999963,12061.300000000007
177435265.0669,12716.199999999963,12061.300000000007
177435267.0669,12716.199999999963,12061.300000000007
177435269.0669,12716.199999999963,12061.300000000007
177435271.0669,12716.199999999963,12061.300000000007
177435273.0669,12716.199999999963,12061.300000000007
177435275.0669,12716.199999999963,12061.300000000007
177435277.0669,12716.199999999963,12061.300000000007
177435281.0669,12716.199999999963,12061.300000000007
177435291.0669,12716.199999999963,12061.300000000007
177435293.0669,12716.199999999963,12061.300000000007
177435295.0669,12716.199999999963,12061.300000000007
177435297.0669,12716.199999999963,12061.300000000007
177435299.0669,12716.199999999963,12061.300000000007
177435301.0669,12716.199999999963,12061.300000000007
177435303.0669,12716.199999999963,12061.300000000007
177435305.0669,12716.199999999963,12061.300000000007
177435307.0669,12716.199999999963,12061.300000000007
177435309.0669,12716.199999999963,12061.300000000007
177435311.0669,12716.199999999963,12061.300000000007
177435313.0669,12716.199999999963,12061.300000000007
177435315.0669,12716.199999999963,12061.300000000007
177435317.0669,12716.199999999963,12061.300000000007
177435319.0669,12716.199999999963,12061.300000000007
177435321.0669,12716.199999999963,12061.300000000007
177435323.0669,12716.199999999963,12061.300000000007
177435325.0669,12716.199999999963,12061.300000000007
177435327.0669,12716.199999999963,12061.300000000007
177435329.0669,12716.199999999963,12061.300000000007
177435331.0669,12716.199999999963,12061.300000000007
177435333.0669,12716.199999999963,12061.300000000007
177435335.0669,12716.199999999963,12061.300000000007
177435337.0669,12716.199999999963,12061.300000000007
177435339.0669,12716.199999999963,12061.300000000007
177435341.0669,12716.199999999963,12061.300000000007
177435343.0669,12716.199999999963,12061.300000000007
177435345.0669,12716.199999999963,12061.300000000007
177435347.0669,12716.199999999963,12061.300000000007
177435349.0669,12716.199999999963,12061.300000000007
177435351.0669,12716.199999999963,12061.300000000007
177435353.0669,12716.199999999963,12061.300000000007
177435355.0669,12716.199999999963,12061.300000000007
177435357.0669,12716.199999999963,12061.300000000007
177435359.0669,12716.199999999963,12061.300000000007
177435361.0669,12716.199999999963,12061.300000000007
177435363.0669,12716.199999999963,12061.300000000007
177435365.0669,12716.199999999963,12061.300000000007
177435367.0669,12716.199999999963,12061.300000000007
177435369.0669,12716.199999999963,12061.300000000007
177435371.0669,12716.199999999963,12061.300000000007
177435373.0669,12716.199999999963,12061.300000000007
177435375.0669,12716.199999999963,12061.300000000007
177435377.0669,12716.199999999963,12061.300000000007
177435379.0669,12716.199999999963,12061.300000000007
177435381.0669,12716.199999999963,12061.300000000007
177435383.0669,12716.199999999963,12061.300000000007
177435385.0669,12716.099999999962,12061.300000000007
177435387.0669,12716.099999999962,12061.300000000007
177435389.0669,12716.099999999962,12061.300000000007
177435391.0669,12716.099999999962,12061.300000000007
177435393.0669,12716.099999999962,12061.300000000007
177435395.0669,12716.099999999962,12061.300000000007
177435397.0669,12716.099999999962,12061.300000000007
177435399.0669,12716.099999999962,12061.300000000007
177435401.0669,12716.099999999962,12061.300000000007
177435403.0669,12716.099999999962,12061.300000000007
177435405.0669,12716.099999999962,12061.300000000007
177435407.0669,12716.099999999962,12061.300000000007
177435409.0669,12716.099999999962,12061.300000000007
177435411.0669,12716.099999999962,12061.300000000007
177435413.0669,12716.099999999962,12061.300000000007
177435415.0669,12716.099999999962,12061.300000000007
177435417.0669,12716.099999999962,12061.300000000007
177435419.0669,12716.099999999962,12061.300000000007
177435421.0669,12716.099999999962,12061.300000000007
177435423.0669,12716.099999999962,12061.300000000007
177435425.0669,12716.099999999962,12061.300000000007
177435427.0669,12716.099999999962,12061.300000000007
177435429.0669,12650.599999999962,12061.300000000007
177435431.0669,12650.599999999962,12061.300000000007
177435433.0669,12650.599999999962,12061.300000000007
177435435.0669,12650.599999999962,12061.300000000007
177435437.0669,12650.599999999962,12061.300000000007
177435439.0669,12650.599999999962,12061.300000000007
177435441.0669,12716.099999999962,12061.300000000007
177435443.0669,12716.099999999962,12061.300000000007
177435445.0669,12716.099999999962,12061.300000000007
177435447.0669,12716.099999999962,12061.300000000007
177435449.0669,12716.099999999962,12061.300000000007
177435451.0669,12716.099999999962,12061.300000000007
177435453.0669,12716.099999999962,12061.300000000007
177435455.0669,12716.099999999962,12061.300000000007
177435457.0669,12716.099999999962,12061.300000000007
177435459.0669,12716.099999999962,12061.300000000007
177435461.0669,12716.099999999962,12061.300000000007
177435463.0669,12716.099999999962,12061.300000000007
177435465.0669,12716.099999999962,12061.300000000007
177435467.0669,12716.099999999962,12061.300000000007
177435469.0669,12716.099999999962,12061.300000000007
177435471.0669,12716.099999999962,12061.300000000007
177435473.0669,12716.099999999962,12061.300000000007
177435475.0669,12716.099999999962,12061.300000000007
177435477.0669,12716.099999999962,12061.300000000007
177435479.0669,12716.099999999962,12061.300000000007
177435481.0669,12716.099999999962,12061.300000000007
177435483.0669,12716.099999999962,12061.300000000007
177435485.0669,12716.099999999962,12061.300000000007
177435487.0669,12716.099999999962,12061.300000000007
177435489.0669,12716.099999999962,12061.300000000007
177435491.0669,12716.099999999962,12061.300000000007
177435493.0669,12716.099999999962,12061.300000000007
177435495.0669,12716.099999999962,12061.300000000007
177435497.0669,12716.099999999962,12061.300000000007
177435499.0669,12716.099999999962,12061.300000000007
177435501.0669,12716.099999999962,12061.300000000007
177435503.0669,12716.099999999962,12061.300000000007
177435505.0669,12716.099999999962,12061.300000000007
177435507.0669,12716.099999999962,12061.300000000007
177435509.0669,12716.099999999962,12061.300000000007
177435511.0669,12716.099999999962,12061.400000000007
177435513.0669,12716.099999999962,12061.400000000007
177435515.0669,12716.099999999962,12061.400000000007
177435517.0669,12716.099999999962,12061.400000000007
177435519.0669,12716.099999999962,12061.400000000007
177435521.0669,12715.999999999962,12061.400000000007
177435523.0669,12715.999999999962,12061.400000000007
177435525.0669,12715.999999999962,12061.400000000007
177435527.0669,12715.999999999962,12061.400000000007
177435529.0669,12715.999999999962,12061.300000000007
177435531.0669,12715.999999999962,12061.300000000007
177435533.0669,12715.999999999962,12061.300000000007
177435535.0669,12715.999999999962,12061.300000000007
177435537.0669,12715.899999999961,12061.300000000007
177435539.0669,12715.899999999961,12061.300000000007
177435541.0669,12715.899999999961,12061.300000000007
177435543.0669,12715.899999999961,12061.300000000007
177435545.0669,12715.899999999961,12061.300000000007
177435547.0669,12715.899999999961,12061.300000000007
177435549.0669,12715.899999999961,12061.300000000007
177435551.0669,12715.899999999961,12061.300000000007
177435553.0669,12715.899999999961,12061.300000000007
177435555.0669,12715.899999999961,12061.300000000007
177435557.0669,12715.899999999961,12061.300000000007
177435559.0669,12715.899999999961,12061.300000000007
177435561.0669,12715.899999999961,12061.300000000007
177435563.0669,12715.899999999961,12061.300000000007
177435565.0669,12715.899999999961,12061.300000000007
177435567.0669,12715.899999999961,12061.300000000007
177435569.0669,12715.899999999961,12061.300000000007
177435571.0669,12715.899999999961,12061.300000000007
177435573.0669,12715.899999999961,12061.300000000007
177435575.0669,12715.899999999961,12061.300000000007
177435577.0669,12715.899999999961,12061.300000000007
177435579.0669,12715.899999999961,12061.300000000007
177435581.0669,12715.899999999961,12061.300000000007
177435583.0669,12715.899999999961,12061.300000000007
177435585.0669,12715.899999999961,12061.300000000007
177435587.0669,12715.899999999961,12061.300000000007
177435589.0669,12715.899999999961,12061.300000000007
177435591.0669,12715.899999999961,12061.300000000007
177435593.0669,12715.899999999961,12061.300000000007
177435595.0669,12715.899999999961,12061.300000000007
177435597.0669,12715.899999999961,12061.300000000007
177435599.0669,12715.899999999961,12061.300000000007
177435601.0669,12715.899999999961,12061.300000000007
177435603.0669,12715.899999999961,12061.300000000007
177435605.0669,12715.899999999961,12061.300000000007
177435607.0669,12715.899999999961,12061.300000000007
177435609.0669,12715.899999999961,12061.300000000007
177435611.0669,12715.899999999961,12061.300000000007
177435613.0669,12715.899999999961,12061.300000000007
177435615.0669,12715.899999999961,12061.300000000007
177435617.0669,12715.899999999961,12061.300000000007
177435619.0669,12715.899999999961,12061.300000000007
177435621.0669,12715.899999999961,12061.300000000007
177435623.0669,12715.899999999961,12061.300000000007
177435625.0669,12715.899999999961,12061.300000000007
177435627.0669,12715.899999999961,12061.300000000007
177435629.0669,12715.899999999961,12061.300000000007
177435631.0669,12715.899999999961,12061.400000000007
177435633.0669,12715.899999999961,12061.300000000007
177435635.0669,12715.899999999961,12061.300000000007
177435637.0669,12715.899999999961,12061.300000000007
177435639.0669,12715.899999999961,12061.300000000007
177435641.0669,12715.899999999961,12061.300000000007
177435643.0669,12715.899999999961,12061.300000000007
177435645.0669,12715.899999999961,12061.300000000007
177435647.0669,12715.899999999961,12061.400000000007
177435649.0669,12715.899999999961,12061.400000000007
177435651.0669,12715.899999999961,12061.400000000007
177435653.0669,12715.899999999961,12061.400000000007
177435655.0669,12715.899999999961,12061.400000000007
177435657.0669,12715.899999999961,12061.400000000007
177435659.0669,12715.899999999961,12061.400000000007
177435661.0669,12715.899999999961,12061.400000000007
177435663.0669,12715.899999999961,12061.300000000007
177435665.0669,12715.899999999961,12094.000000000007
177435667.0669,12715.899999999961,12094.000000000007
177435669.0669,12715.899999999961,12094.000000000007
177435671.0669,12715.899999999961,12094.000000000007
177435673.0669,12715.899999999961,12061.300000000007
177435675.0669,12715.899999999961,12061.300000000007
177435677.0669,12715.899999999961,12100.000000000007
177435679.0669,12715.899999999961,12100.000000000007
177435681.0669,12715.899999999961,12100.000000000007
177435683.0669,12715.899999999961,12100.000000000007
177435685.0669,12715.899999999961,12100.000000000007
177435687.0669,12715.899999999961,12100.000000000007
177435689.0669,12715.899999999961,12100.000000000007
177435691.0669,12715.899999999961,12100.000000000007
177435693.0669,12715.899999999961,12100.000000000007
177435695.0669,12715.799999999961,12100.000000000007
177435697.0669,12715.799999999961,12100.100000000008
177435699.0669,12715.799999999961,12100.100000000008
177435701.0669,12715.799999999961,12100.200000000008
177435703.0669,12715.799999999961,12100.200000000008
177435705.0669,12715.799999999961,12100.200000000008
177435707.0669,12715.799999999961,12100.200000000008
177435709.0669,12715.799999999961,12100.200000000008
177435711.0669,12715.799999999961,12100.300000000008
177435713.0669,12715.799999999961,12100.300000000008
177435715.0669,12715.799999999961,12200.00000000001
177435717.0669,12715.799999999961,12200.00000000001
177435719.0669,12715.799999999961,12200.00000000001
177435721.0669,12715.799999999961,12200.10000000001
177435723.0669,12715.799999999961,12200.10000000001
177435725.0669,12715.799999999961,12225.900000000009
177435727.0669,12715.799999999961,12061.300000000008
177435729.0669,12715.799999999961,12061.300000000008
177435731.0669,12715.799999999961,12061.300000000008
177435733.0669,12715.799999999961,12061.300000000008
177435735.0669,12715.799999999961,12061.300000000008
177435737.0669,12715.799999999961,12061.300000000008
177435739.0669,12715.799999999961,12061.300000000008
177435741.0669,12715.799999999961,12061.300000000008
177435743.0669,12715.799999999961,12061.300000000008
177435745.0669,12715.799999999961,12061.300000000008
177435747.0669,12715.799999999961,12061.300000000008
177435749.0669,12715.799999999961,12061.300000000008
177435751.0669,12715.799999999961,12061.300000000008
177435753.0669,12715.799999999961,12061.300000000008
177435755.0669,12715.799999999961,12061.300000000008
177435757.0669,12715.799999999961,12061.300000000008
177435759.0669,12715.799999999961,12061.300000000008
177435761.0669,12715.799999999961,12061.300000000008
177435763.0669,12715.799999999961,12061.300000000008
177435765.0669,12715.799999999961,12061.300000000008
177435767.0669,12715.69999999996,12061.300000000008
177435769.0669,12715.69999999996,12061.300000000008
177435771.0669,12715.69999999996,12061.300000000008
177435773.0669,12715.69999999996,12061.300000000008
177435775.0669,12715.69999999996,12061.300000000008
177435777.0669,12715.69999999996,12061.300000000008
177435779.1669,12715.69999999996,12061.300000000008
177435781.0669,12715.69999999996,12061.300000000008
177435783.0669,12715.69999999996,12061.300000000008
177435785.0669,12715.69999999996,12061.300000000008
177435787.0669,12715.69999999996,12061.300000000008
177435789.0669,12715.69999999996,12061.300000000008
177435791.0669,12715.69999999996,12061.300000000008
177435793.0669,12715.69999999996,12061.300000000008
177435795.0669,12715.69999999996,12061.300000000008
177435797.0669,12715.69999999996,12061.300000000008
177435799.0669,12715.69999999996,12061.300000000008
177435801.0669,12715.69999999996,12061.300000000008
177435803.0669,12715.69999999996,12061.300000000008
177435805.0669,12715.69999999996,12061.300000000008
177435807.0669,12715.69999999996,12061.300000000008
177435809.0669,12715.69999999996,12061.300000000008
177435811.0669,12715.69999999996,12061.300000000008
177435813.0669,12715.69999999996,12061.300000000008
177435815.0669,12715.69999999996,12061.300000000008
177435817.0669,12715.69999999996,12061.300000000008
177435819.0669,12715.69999999996,12061.300000000008
177435821.0669,12715.69999999996,12061.300000000008
177435823.0669,12715.69999999996,12061.300000000008
177435825.0669,12715.69999999996,12061.300000000008
177435827.0669,12715.69999999996,12061.300000000008
177435829.0669,12715.69999999996,12061.300000000008
177435831.0669,12715.69999999996,12061.300000000008
177435833.0669,12715.69999999996,12061.300000000008
177435835.0669,12715.69999999996,12061.300000000008
177435837.0669,12715.69999999996,12061.300000000008
177435839.0669,12715.69999999996,12061.300000000008
177435841.0669,12715.69999999996,12061.300000000008
177435843.0669,12715.69999999996,12061.300000000008
177435845.0669,12715.69999999996,12061.300000000008
177435847.0669,12715.69999999996,12061.300000000008
177435849.0669,12715.69999999996,12061.300000000008
177435851.0669,12715.69999999996,12061.300000000008
177435853.0669,12715.69999999996,12061.300000000008
177435855.0669,12715.69999999996,12061.300000000008
177435857.0669,12715.69999999996,12061.300000000008
177435859.0669,12715.69999999996,12061.300000000008
177435861.0669,12715.69999999996,12061.300000000008
177435863.0669,12715.69999999996,12061.300000000008
