Timestamp,Buy_Price,Sell_Price
177427485.1647,2708.6,2584.5
177427487.1647,2708.6,2584.5
177427489.1647,2708.6,2584.5
177427491.1647,2708.6,2584.4
177427493.1647,2708.6,2584.4
177427495.1647,2708.6,2584.4
177427497.1647,2708.6,2584.5
177427499.1647,2708.6,2584.4
177427501.1647,2708.6,2584.5
177427503.1647,2708.6,2584.5
177427505.1647,2708.6,2584.5
177427507.1647,2708.6,2584.5
177427509.1647,2708.6,2584.4
177427511.1647,2708.6,2584.5
177427513.1647,2708.6,2584.5
177427515.1647,2708.6,2584.5
177427517.1647,2708.6,2584.6
177427519.1647,2708.6,2584.6
177427521.1647,2708.6,2584.6
177427523.1647,2708.6,2584.6
177427525.1647,2708.9,2584.6
177427527.1647,2708.9,2584.6
177427529.1647,2708.9,2584.6
177427531.1647,2708.9,2584.6
177427533.1647,2708.9,2584.6
177427535.1647,2708.9,2584.6
177427537.1647,2708.9,2584.6
177427539.1647,2708.9,2584.6
177427541.1647,2708.9,2584.7999999999997
177427543.1647,2708.9,2584.7999999999997
177427545.1647,2708.9,2584.7
177427547.1647,2708.9,2584.7999999999997
177427549.1647,2708.9,2584.7999999999997
177427551.1647,2708.9,2584.7999999999997
177427553.1647,2708.9,2584.7999999999997
177427555.1647,2708.9,2584.7
177427557.1647,2708.9,2584.7999999999997
177427559.1647,2708.9,2584.7999999999997
177427561.1647,2708.9,2584.7999999999997
177427563.1647,2708.8,2584.8999999999996
177427565.1647,2708.8,2584.9999999999995
177427567.1647,2708.8,2585.0999999999995
177427569.1647,2708.8,2585.0999999999995
177427571.1647,2708.8,2584.9999999999995
177427573.1647,2708.8,2585.0999999999995
177427575.1647,2708.8,2585.0999999999995
177427577.1647,2708.8,2584.9999999999995
177427579.1647,2708.8,2585.0999999999995
177427581.1647,2708.8,2585.0999999999995
177427583.1647,2708.8,2584.9999999999995
177427585.1647,2708.8,2585.0999999999995
177427587.1647,2708.8,2585.0999999999995
177427589.1647,2708.7000000000003,2585.0999999999995
177427591.1647,2708.9,2585.0999999999995
177427593.1647,2708.9,2584.9999999999995
177427595.1647,2708.9,2585.0999999999995
177427597.1647,2708.9,2585.0999999999995
177427599.1647,2708.9,2584.9999999999995
177427601.1647,2708.9,2585.0999999999995
177427603.1647,2708.9,2584.9999999999995
177427605.1647,2708.9,2585.0999999999995
177427607.1647,2708.9,2585.0999999999995
177427609.1647,2708.9,2584.9999999999995
177427611.1647,2708.9,2584.9999999999995
177427613.1647,2708.9,2584.9999999999995
177427615.1647,2708.9,2585.0999999999995
177427617.1647,2708.9,2585.0999999999995
177427619.1647,2708.9,2585.0999999999995
177427621.1647,2708.9,2585.0999999999995
177427623.1647,2708.9,2585.0999999999995
177427625.1647,2708.9,2585.0999999999995
177427627.1647,2708.9,2585.0999999999995
177427629.1647,2708.9,2585.0999999999995
177427631.1647,2708.9,2585.0999999999995
177427633.1647,2708.9,2585.0999999999995
177427635.1647,2708.8,2584.9999999999995
177427637.1647,2708.8,2584.9999999999995
177427639.1647,2708.8,2584.9999999999995
177427641.1647,2708.8,2584.9999999999995
177427643.1647,2708.8,2584.9999999999995
177427645.1647,2708.8,2584.9999999999995
177427647.1647,2708.8,2584.9999999999995
177427649.1647,2708.8,2584.9999999999995
177427651.1647,2708.8,2584.9999999999995
177427653.1647,2708.8,2584.9999999999995
177427655.1647,2708.8,2584.9999999999995
177427657.1647,2708.8,2584.9999999999995
177427659.1647,2708.7000000000003,2584.9999999999995
177427661.1647,2708.7000000000003,2584.9999999999995
177427663.1647,2708.6000000000004,2584.9999999999995
177427665.1647,2708.6000000000004,2584.9999999999995
177427667.1647,2708.6000000000004,2584.9999999999995
177427669.1647,2708.6000000000004,2584.9999999999995
177427671.1647,2708.6000000000004,2584.9999999999995
177427673.1647,2708.7000000000003,2584.9999999999995
177427675.1647,2708.7000000000003,2585.0999999999995
177427677.1647,2708.7000000000003,2585.0999999999995
177427679.1647,2708.7000000000003,2584.9999999999995
177427681.1647,2708.7000000000003,2585.0999999999995
177427683.1647,2708.7000000000003,2585.0999999999995
177427685.1647,2708.7000000000003,2584.9999999999995
177427687.1647,2708.7000000000003,2584.9999999999995
177427689.1647,2708.7000000000003,2584.9999999999995
177427691.1647,2708.7000000000003,2584.9999999999995
177427693.1647,2708.7000000000003,2585.0999999999995
177427695.1647,2708.7000000000003,2585.0999999999995
177427697.1647,2708.7000000000003,2585.0999999999995
177427699.1647,2708.7000000000003,2585.0999999999995
177427701.1647,2708.7000000000003,2585.0999999999995
177427703.1647,2709.1000000000004,2585.0999999999995
177427705.1647,2709.1000000000004,2585.0999999999995
177427707.1647,2709.1000000000004,2585.0999999999995
177427709.1647,2709.5000000000005,2585.0999999999995
177427711.1647,2709.5000000000005,2585.0999999999995
177427713.1647,2709.5000000000005,2584.9999999999995
177427715.1647,2709.5000000000005,2584.9999999999995
177427717.1647,2709.4000000000005,2584.9999999999995
177427719.1647,2709.4000000000005,2584.9999999999995
177427721.1647,2709.3000000000006,2584.9999999999995
177427723.1647,2709.3000000000006,2584.9999999999995
177427725.1647,2709.3000000000006,2591.1999999999994
177427727.1647,2709.3000000000006,2591.1999999999994
177427729.1647,2709.3000000000006,2584.9999999999995
177427731.1647,2709.3000000000006,2584.9999999999995
177427733.1647,2709.3000000000006,2584.9999999999995
177427735.1647,2709.3000000000006,2584.9999999999995
177427737.1647,2709.2000000000007,2584.9999999999995
177427739.1647,2709.2000000000007,2585.0999999999995
177427741.1647,2709.2000000000007,2585.1999999999994
177427743.1647,2709.2000000000007,2585.1999999999994
177427745.1647,2709.2000000000007,2585.2999999999993
177427747.1647,2709.2000000000007,2585.1999999999994
177427749.1647,2709.2000000000007,2584.9999999999995
177427751.1647,2709.100000000001,2584.9999999999995
177427753.1647,2709.100000000001,2584.9999999999995
177427755.1647,2709.100000000001,2584.9999999999995
177427757.1647,2709.100000000001,2584.9999999999995
177427759.1647,2709.100000000001,2585.0999999999995
177427761.1647,2709.100000000001,2585.0999999999995
177427763.1647,2709.100000000001,2585.0999999999995
177427765.1647,2709.100000000001,2584.9999999999995
177427767.1647,2709.100000000001,2584.9999999999995
177427769.1647,2709.100000000001,2584.9999999999995
177427771.1647,2709.100000000001,2584.9999999999995
177427773.1647,2709.100000000001,2584.9999999999995
177427775.1647,2709.100000000001,2584.6999999999994
177427777.1647,2709.000000000001,2584.6999999999994
177427779.1647,2709.000000000001,2584.6999999999994
177427781.1647,2709.000000000001,2584.6999999999994
177427783.1647,2709.000000000001,2584.6999999999994
177427785.1647,2709.000000000001,2584.7999999999993
177427787.1647,2709.000000000001,2584.7999999999993
177427789.1647,2709.300000000001,2584.6999999999994
177427791.1647,2709.300000000001,2584.6999999999994
177427793.1647,2709.300000000001,2584.6999999999994
177427795.1647,2709.300000000001,2584.7999999999993
177427797.1647,2709.300000000001,2584.7999999999993
177427799.1647,2709.300000000001,2584.6999999999994
177427801.1647,2709.300000000001,2584.7999999999993
177427805.1647,2709.200000000001,2584.6999999999994
177427807.1647,2709.400000000001,2584.7999999999993
177427809.1647,2709.400000000001,2584.7999999999993
177427811.1647,2709.400000000001,2584.6999999999994
177427813.1647,2709.400000000001,2584.7999999999993
177427815.1647,2709.400000000001,2584.7999999999993
177427817.1647,2709.400000000001,2584.7999999999993
177427819.1647,2709.400000000001,2584.7999999999993
177427821.1647,2709.400000000001,2584.899999999999
177427823.1647,2709.400000000001,2584.999999999999
177427825.1647,2709.400000000001,2584.999999999999
177427827.1647,2709.400000000001,2584.699999999999
177427829.1647,2709.400000000001,2584.799999999999
177427831.1647,2709.500000000001,2584.8999999999987
177427833.1647,2709.400000000001,2584.8999999999987
177427835.1647,2709.600000000001,2585.0999999999985
177427837.1647,2709.600000000001,2585.0999999999985
177427839.1647,2709.500000000001,2584.8999999999987
177427841.1647,2709.500000000001,2584.9999999999986
177427843.1647,2709.500000000001,2584.8999999999987
177427845.1647,2709.500000000001,2584.9999999999986
177427847.1647,2709.500000000001,2584.9999999999986
177427849.1647,2709.500000000001,2584.8999999999987
177427851.1647,2709.500000000001,2584.9999999999986
177427853.1647,2709.500000000001,2584.9999999999986
177427855.1647,2709.400000000001,2584.9999999999986
177427857.1647,2709.400000000001,2584.9999999999986
177427859.1647,2709.400000000001,2584.8999999999987
177427861.1647,2709.400000000001,2584.9999999999986
177427863.1647,2709.400000000001,2584.8999999999987
177427865.1647,2709.400000000001,2584.9999999999986
177427867.1647,2709.400000000001,2584.9999999999986
177427869.1647,2709.400000000001,2584.8999999999987
177427871.1647,2709.400000000001,2584.9999999999986
177427873.1647,2709.400000000001,2584.9999999999986
177427875.1647,2709.400000000001,2584.8999999999987
177427877.1647,2709.300000000001,2584.9999999999986
177427879.1647,2709.300000000001,2584.9999999999986
177427881.1647,2709.300000000001,2584.9999999999986
177427883.1647,2709.300000000001,2584.9999999999986
177427885.1647,2709.300000000001,2584.8999999999987
177427887.1647,2709.300000000001,2584.9999999999986
177427889.1647,2709.200000000001,2584.9999999999986
177427891.1647,2709.1000000000013,2584.8999999999987
177427893.1647,2709.1000000000013,2584.9999999999986
177427895.1647,2709.1000000000013,2585.0999999999985
177427897.1647,2709.1000000000013,2585.1999999999985
177427899.1647,2709.5000000000014,2585.2999999999984
177427901.1647,2709.5000000000014,2585.2999999999984
177427903.1647,2709.5000000000014,2585.3999999999983
177427905.1647,2709.5000000000014,2585.3999999999983
177427907.1647,2709.5000000000014,2585.3999999999983
177427909.1647,2709.5000000000014,2585.499999999998
177427911.1647,2709.5000000000014,2585.3999999999983
177427913.1647,2709.5000000000014,2585.499999999998
177427915.1647,2709.5000000000014,2585.499999999998
177427917.1647,2709.5000000000014,2585.499999999998
177427919.1647,2709.5000000000014,2585.499999999998
177427921.1647,2709.5000000000014,2585.499999999998
177427923.1647,2709.5000000000014,2585.599999999998
177427925.1647,2709.5000000000014,2585.599999999998
177427927.1647,2709.5000000000014,2585.599999999998
177427929.1647,2709.5000000000014,2584.699999999998
177427931.1647,2709.5000000000014,2584.699999999998
177427933.1647,2709.5000000000014,2584.699999999998
177427935.1647,2709.5000000000014,2584.699999999998
177427937.1647,2709.5000000000014,2584.699999999998
177427939.1647,2709.5000000000014,2584.699999999998
177427941.1647,2709.5000000000014,2584.699999999998
177427943.1647,2709.5000000000014,2584.699999999998
177427945.1647,2709.6000000000013,2584.699999999998
177427947.1647,2709.6000000000013,2584.699999999998
177427949.1647,2709.6000000000013,2584.699999999998
177427951.1647,2709.6000000000013,2584.699999999998
177427953.1647,2709.6000000000013,2584.699999999998
177427955.1647,2709.6000000000013,2584.699999999998
177427957.1647,2709.6000000000013,2584.699999999998
177427959.1647,2709.6000000000013,2584.699999999998
177427961.1647,2709.6000000000013,2584.699999999998
177427963.1647,2709.6000000000013,2584.699999999998
177427965.1647,2709.6000000000013,2584.699999999998
177427967.1647,2709.700000000001,2584.699999999998
177427969.1647,2709.700000000001,2584.699999999998
177427971.1647,2709.700000000001,2584.699999999998
177427973.1647,2709.700000000001,2584.699999999998
177427975.1647,2709.700000000001,2584.699999999998
177427977.1647,2709.700000000001,2584.699999999998
177427979.1647,2709.700000000001,2584.699999999998
177427981.1647,2709.700000000001,2584.699999999998
177427983.1647,2709.700000000001,2584.699999999998
177427985.1647,2709.700000000001,2584.699999999998
177427987.1647,2709.700000000001,2584.699999999998
177427989.1647,2709.6000000000013,2584.699999999998
177427991.1647,2709.6000000000013,2584.699999999998
177427993.1647,2709.6000000000013,2584.699999999998
177427995.1647,2709.6000000000013,2584.599999999998
177427997.1647,2709.6000000000013,2584.599999999998
177427999.1647,2709.6000000000013,2584.599999999998
177428001.1647,2709.6000000000013,2584.599999999998
177428003.1647,2709.6000000000013,2584.599999999998
177428005.1647,2709.6000000000013,2584.599999999998
177428007.1647,2709.6000000000013,2584.599999999998
177428009.1647,2709.6000000000013,2584.599999999998
177428011.1647,2709.700000000001,2584.599999999998
177428013.1647,2709.700000000001,2584.599999999998
177428015.1647,2709.6000000000013,2584.599999999998
177428017.1647,2709.6000000000013,2584.599999999998
177428019.1647,2709.6000000000013,2584.599999999998
177428021.1647,2709.6000000000013,2584.599999999998
177428023.1647,2709.6000000000013,2584.599999999998
177428025.1647,2709.5000000000014,2584.599999999998
177428027.1647,2709.6000000000013,2584.599999999998
177428029.1647,2709.6000000000013,2584.599999999998
177428031.1647,2709.6000000000013,2584.699999999998
177428033.1647,2709.6000000000013,2584.699999999998
177428035.1647,2709.6000000000013,2584.699999999998
177428037.1647,2709.6000000000013,2584.599999999998
177428039.1647,2709.6000000000013,2584.699999999998
177428041.1647,2709.6000000000013,2584.699999999998
177428043.1647,2709.6000000000013,2584.699999999998
177428045.1647,2709.6000000000013,2584.599999999998
177428047.1647,2709.6000000000013,2584.599999999998
177428049.1647,2709.6000000000013,2584.599999999998
177428051.1647,2709.6000000000013,2584.599999999998
177428053.1647,2709.6000000000013,2584.599999999998
177428055.1647,2709.6000000000013,2584.699999999998
177428057.1647,2709.6000000000013,2584.699999999998
177428059.1647,2709.6000000000013,2584.699999999998
177428061.1647,2709.6000000000013,2584.699999999998
177428063.1647,2709.5000000000014,2584.699999999998
177428065.1647,2709.5000000000014,2584.699999999998
177428067.1647,2709.5000000000014,2584.699999999998
177428069.1647,2709.5000000000014,2584.699999999998
177428071.1647,2709.5000000000014,2584.699999999998
177428073.1647,2709.5000000000014,2584.699999999998
177428075.1647,2709.4000000000015,2584.699999999998
177428077.1647,2709.4000000000015,2584.699999999998
177428079.1647,2709.4000000000015,2584.699999999998
177428081.1647,2709.4000000000015,2584.699999999998
177428083.1647,2709.4000000000015,2584.699999999998
177428085.1647,2709.4000000000015,2584.699999999998
177428087.1647,2709.4000000000015,2584.699999999998
177428089.1647,2709.6000000000013,2584.699999999998
177428091.1647,2709.700000000001,2584.699999999998
177428093.1647,2709.700000000001,2584.699999999998
177428095.1647,2709.700000000001,2584.699999999998
177428097.1647,2709.700000000001,2584.699999999998
177428099.1647,2709.700000000001,2584.699999999998
177428101.1647,2709.6000000000013,2584.699999999998
177428103.1647,2709.6000000000013,2584.699999999998
177428105.1647,2709.6000000000013,2584.699999999998
177428107.1647,2709.6000000000013,2584.699999999998
177428109.1647,2709.6000000000013,2584.699999999998
177428111.1647,2709.6000000000013,2584.699999999998
177428113.1647,2709.6000000000013,2584.699999999998
177428115.1647,2709.6000000000013,2584.699999999998
177428117.1647,2709.5000000000014,2584.699999999998
177428119.1647,2709.4000000000015,2584.699999999998
177428121.1647,2709.4000000000015,2584.699999999998
177428123.1647,2709.3000000000015,2584.699999999998
177428125.1647,2709.3000000000015,2584.699999999998
177428127.1647,2709.3000000000015,2584.699999999998
177428129.1647,2709.2000000000016,2584.699999999998
177428131.1647,2709.2000000000016,2584.699999999998
177428133.1647,2709.3000000000015,2584.699999999998
177428135.1647,2709.3000000000015,2584.699999999998
177428137.1647,2709.2000000000016,2584.699999999998
177428139.1647,2709.2000000000016,2584.699999999998
177428141.1647,2709.2000000000016,2584.599999999998
177428143.1647,2709.2000000000016,2584.599999999998
177428145.1647,2709.2000000000016,2584.599999999998
177428147.1647,2709.2000000000016,2584.599999999998
177428149.1647,2696.7000000000016,2584.599999999998
177428151.1647,2696.7000000000016,2584.599999999998
177428153.1647,2696.7000000000016,2584.599999999998
177428155.1647,2696.7000000000016,2584.599999999998
177428157.1647,2696.7000000000016,2584.599999999998
177428159.1647,2696.500000000002,2584.599999999998
177428161.1647,2696.500000000002,2584.599999999998
177428163.1647,2696.500000000002,2584.599999999998
177428165.1647,2696.400000000002,2584.599999999998
177428167.1647,2696.400000000002,2584.599999999998
177428169.1647,2696.400000000002,2584.599999999998
177428171.1647,2696.400000000002,2584.599999999998
177428173.1647,2696.400000000002,2584.599999999998
177428175.1647,2696.400000000002,2584.599999999998
177428177.1647,2696.500000000002,2584.599999999998
177428179.1647,2696.500000000002,2584.599999999998
177428181.1647,2696.500000000002,2584.599999999998
177428183.1647,2696.500000000002,2584.599999999998
177428185.1647,2696.500000000002,2584.599999999998
177428187.1647,2696.500000000002,2584.599999999998
177428189.1647,2696.500000000002,2584.699999999998
177428191.1647,2696.500000000002,2584.699999999998
177428193.1647,2696.400000000002,2584.699999999998
177428195.1647,2696.400000000002,2584.699999999998
177428197.1647,2696.400000000002,2584.699999999998
177428199.1647,2696.400000000002,2584.699999999998
177428201.1647,2696.300000000002,2584.699999999998
177428203.1647,2696.300000000002,2584.699999999998
177428205.1647,2696.300000000002,2584.699999999998
177428207.1647,2696.300000000002,2584.699999999998
177428209.1647,2696.300000000002,2584.699999999998
177428211.1647,2696.300000000002,2584.699999999998
177428213.1647,2696.300000000002,2584.699999999998
177428215.1647,2696.300000000002,2584.699999999998
177428217.1647,2696.300000000002,2584.699999999998
177428219.1647,2696.300000000002,2584.599999999998
177428221.1647,2696.300000000002,2584.599999999998
177428223.1647,2696.300000000002,2584.599999999998
177428225.1647,2696.200000000002,2584.599999999998
177428227.1647,2696.100000000002,2584.599999999998
177428229.1647,2696.100000000002,2584.599999999998
177428231.1647,2696.200000000002,2584.599999999998
177428233.1647,2696.200000000002,2584.599999999998
177428235.1647,2696.200000000002,2584.599999999998
177428237.1647,2696.100000000002,2584.599999999998
177428239.1647,2690.0000000000023,2584.599999999998
177428241.1647,2690.0000000000023,2584.599999999998
177428243.1647,2690.0000000000023,2584.599999999998
177428245.1647,2690.0000000000023,2584.599999999998
177428247.1647,2690.0000000000023,2584.599999999998
177428249.1647,2690.0000000000023,2584.599999999998
177428251.1647,2690.0000000000023,2584.599999999998
177428253.1647,2690.0000000000023,2584.599999999998
177428255.1647,2690.0000000000023,2584.599999999998
177428257.1647,2690.0000000000023,2584.599999999998
177428259.1647,2690.0000000000023,2584.599999999998
177428261.1647,2690.0000000000023,2584.3999999999983
177428263.1647,2690.0000000000023,2584.3999999999983
177428265.1647,2690.0000000000023,2584.3999999999983
177428267.1647,2690.0000000000023,2584.3999999999983
177428269.1647,2689.9000000000024,2584.3999999999983
177428271.1647,2689.9000000000024,2584.3999999999983
177428273.1647,2689.8000000000025,2584.3999999999983
177428275.1647,2689.8000000000025,2584.3999999999983
177428277.1647,2689.8000000000025,2584.3999999999983
177428279.1647,2689.8000000000025,2584.3999999999983
177428281.1647,2689.8000000000025,2584.3999999999983
177428283.1647,2690.0000000000023,2584.3999999999983
177428285.1647,2696.200000000002,2584.3999999999983
177428287.1647,2696.5000000000023,2583.499999999998
177428289.1647,2696.5000000000023,2583.599999999998
177428291.1647,2696.5000000000023,2583.599999999998
177428293.1647,2696.5000000000023,2583.599999999998
177428295.1647,2696.5000000000023,2583.599999999998
177428297.1647,2696.5000000000023,2583.599999999998
177428299.1647,2696.5000000000023,2583.599999999998
177428301.1647,2696.4000000000024,2583.599999999998
177428303.1647,2696.5000000000023,2583.599999999998
177428305.1647,2696.5000000000023,2583.599999999998
177428307.1647,2696.5000000000023,2583.599999999998
177428309.1647,2696.5000000000023,2583.599999999998
177428311.1647,2696.5000000000023,2583.599999999998
177428313.1647,2696.5000000000023,2583.599999999998
177428315.1647,2696.5000000000023,2583.599999999998
177428317.1647,2696.4000000000024,2583.599999999998
177428319.1647,2696.4000000000024,2583.599999999998
177428321.1647,2696.4000000000024,2583.599999999998
177428323.1647,2696.4000000000024,2583.599999999998
177428325.1647,2696.5000000000023,2583.599999999998
177428327.1647,2696.600000000002,2583.599999999998
177428329.1647,2696.600000000002,2583.599999999998
177428331.1647,2696.600000000002,2583.599999999998
177428333.1647,2696.600000000002,2583.599999999998
177428335.1647,2696.600000000002,2583.599999999998
177428337.1647,2696.600000000002,2583.599999999998
177428339.1647,2696.600000000002,2583.599999999998
177428341.1647,2696.600000000002,2583.599999999998
177428343.1647,2696.600000000002,2583.599999999998
177428345.1647,2696.600000000002,2583.599999999998
177428347.1647,2696.600000000002,2583.599999999998
177428349.1647,2696.600000000002,2583.699999999998
177428351.1647,2696.600000000002,2583.699999999998
177428353.1647,2696.600000000002,2583.599999999998
177428355.1647,2696.600000000002,2583.599999999998
177428357.1647,2696.5000000000023,2583.599999999998
177428359.1647,2696.200000000002,2583.599999999998
177428361.1647,2695.900000000002,2583.599999999998
177428363.1647,2695.900000000002,2583.599999999998
177428365.1647,2695.900000000002,2583.599999999998
177428367.1647,2695.900000000002,2583.599999999998
177428369.1647,2695.900000000002,2583.599999999998
177428371.1647,2695.900000000002,2583.599999999998
177428373.1647,2695.900000000002,2583.599999999998
177428375.1647,2695.900000000002,2583.599999999998
177428377.1647,2695.900000000002,2583.599999999998
177428379.1647,2695.900000000002,2583.599999999998
177428381.1647,2695.900000000002,2583.599999999998
177428383.1647,2695.900000000002,2583.599999999998
177428385.1647,2695.900000000002,2583.599999999998
177428387.1647,2695.900000000002,2583.599999999998
177428389.1647,2695.900000000002,2583.599999999998
177428391.1647,2695.800000000002,2583.599999999998
177428393.1647,2695.800000000002,2583.599999999998
177428395.0647,2695.800000000002,2583.599999999998
177428397.0647,2695.800000000002,2583.599999999998
177428399.0647,2695.800000000002,2583.599999999998
177428401.0647,2695.800000000002,2583.599999999998
177428403.0647,2695.800000000002,2583.599999999998
177428405.0647,2695.900000000002,2583.599999999998
177428407.0647,2695.900000000002,2583.599999999998
177428409.0647,2690.000000000002,2583.599999999998
177428411.0647,2690.000000000002,2583.599999999998
177428413.0647,2690.000000000002,2583.599999999998
177428415.0647,2690.000000000002,2583.699999999998
177428417.0647,2689.900000000002,2583.699999999998
177428419.0647,2689.800000000002,2583.699999999998
177428421.0647,2690.000000000002,2583.799999999998
177428423.0647,2690.000000000002,2583.899999999998
177428425.0647,2690.000000000002,2583.899999999998
177428427.0647,2690.000000000002,2583.899999999998
177428429.0647,2690.000000000002,2583.899999999998
177428431.0647,2690.000000000002,2583.899999999998
177428433.0647,2690.000000000002,2583.899999999998
177428435.0647,2690.000000000002,2583.899999999998
177428437.0647,2690.000000000002,2583.899999999998
177428439.0647,2690.000000000002,2583.799999999998
177428441.0647,2690.000000000002,2584.099999999998
177428443.0647,2690.000000000002,2584.199999999998
177428445.0647,2690.000000000002,2584.199999999998
177428447.0647,2690.000000000002,2584.299999999998
177428449.0647,2695.900000000002,2584.299999999998
177428451.0647,2695.900000000002,2584.399999999998
177428453.0647,2695.900000000002,2584.5999999999976
177428455.0647,2695.900000000002,2584.5999999999976
177428457.0647,2695.800000000002,2584.5999999999976
177428459.0647,2695.800000000002,2584.5999999999976
177428461.0647,2695.800000000002,2584.6999999999975
177428463.0647,2695.800000000002,2584.6999999999975
177428465.0647,2695.800000000002,2584.7999999999975
177428467.0647,2695.800000000002,2584.7999999999975
177428469.0647,2695.800000000002,2584.7999999999975
177428471.0647,2684.900000000002,2584.7999999999975
177428473.0647,2684.900000000002,2584.7999999999975
177428475.0647,2684.900000000002,2584.7999999999975
177428477.0647,2696.000000000002,2584.7999999999975
177428479.0647,2696.1000000000017,2584.7999999999975
177428481.0647,2696.1000000000017,2584.7999999999975
177428483.0647,2696.1000000000017,2584.7999999999975
177428485.0647,2696.1000000000017,2584.7999999999975
177428487.0647,2696.2000000000016,2584.8999999999974
177428489.0647,2696.2000000000016,2584.9999999999973
177428491.0647,2696.1000000000017,2584.9999999999973
177428493.0647,2696.1000000000017,2584.9999999999973
177428495.0647,2696.1000000000017,2584.9999999999973
177428497.0647,2696.1000000000017,2584.9999999999973
177428499.0647,2696.1000000000017,2584.9999999999973
177428501.0647,2696.1000000000017,2584.9999999999973
177428503.0647,2696.1000000000017,2584.9999999999973
177428505.0647,2696.1000000000017,2584.9999999999973
177428507.0647,2696.1000000000017,2584.9999999999973
177428509.0647,2696.1000000000017,2584.9999999999973
177428511.0647,2696.1000000000017,2584.9999999999973
177428513.1647,2696.1000000000017,2584.9999999999973
177428515.0647,2696.1000000000017,2584.9999999999973
177428517.0647,2696.1000000000017,2584.9999999999973
177428519.0647,2696.1000000000017,2584.9999999999973
177428521.0647,2696.1000000000017,2584.9999999999973
177428523.0647,2696.1000000000017,2584.8999999999974
177428525.0647,2696.1000000000017,2584.8999999999974
177428527.0647,2696.1000000000017,2584.8999999999974
177428529.0647,2696.1000000000017,2584.9999999999973
177428531.0647,2696.1000000000017,2584.9999999999973
177428533.0647,2696.1000000000017,2584.9999999999973
177428535.0647,2696.2000000000016,2584.9999999999973
177428537.0647,2696.3000000000015,2584.9999999999973
177428539.0647,2696.3000000000015,2584.8999999999974
177428541.0647,2696.3000000000015,2584.8999999999974
177428543.0647,2649.9000000000015,2584.8999999999974
177428545.0647,2649.9000000000015,2584.8999999999974
177428547.0647,2696.4000000000015,2584.9999999999973
177428549.0647,2696.4000000000015,2584.9999999999973
177428551.0647,2696.4000000000015,2584.9999999999973
177428553.0647,2696.4000000000015,2584.9999999999973
177428555.0647,2696.4000000000015,2584.9999999999973
177428557.0647,2696.4000000000015,2585.099999999997
177428559.0647,2696.4000000000015,2585.099999999997
177428561.0647,2696.4000000000015,2585.099999999997
177428563.0647,2696.4000000000015,2585.099999999997
177428565.0647,2696.4000000000015,2585.099999999997
177428567.0647,2696.4000000000015,2585.099999999997
177428569.0647,2696.4000000000015,2585.099999999997
177428571.0647,2696.4000000000015,2585.099999999997
177428573.0647,2696.4000000000015,2585.199999999997
177428575.0647,2696.4000000000015,2585.199999999997
177428577.0647,2696.4000000000015,2585.199999999997
177428579.0647,2696.4000000000015,2585.199999999997
177428581.0647,2696.4000000000015,2585.199999999997
177428583.0647,2696.4000000000015,2585.299999999997
177428585.0647,2696.4000000000015,2585.299999999997
177428587.0647,2696.4000000000015,2585.299999999997
177428589.0647,2696.4000000000015,2585.299999999997
177428591.0647,2696.4000000000015,2585.299999999997
177428593.0647,2696.4000000000015,2585.299999999997
177428595.0647,2696.4000000000015,2585.299999999997
177428597.0647,2696.4000000000015,2585.299999999997
177428599.0647,2696.4000000000015,2585.299999999997
177428601.0647,2696.4000000000015,2585.299999999997
177428603.0647,2696.4000000000015,2585.199999999997
177428605.0647,2696.4000000000015,2585.199999999997
177428607.0647,2696.4000000000015,2585.199999999997
177428609.0647,2696.4000000000015,2585.199999999997
177428611.0647,2696.3000000000015,2585.199999999997
177428613.0647,2696.2000000000016,2583.4999999999973
177428615.0647,2696.2000000000016,2583.4999999999973
177428617.0647,2696.2000000000016,2583.4999999999973
177428619.0647,2696.2000000000016,2583.4999999999973
177428621.0647,2696.2000000000016,2583.4999999999973
177428623.0647,2696.2000000000016,2583.4999999999973
177428625.0647,2696.2000000000016,2583.4999999999973
177428627.0647,2696.2000000000016,2583.4999999999973
177428629.0647,2696.2000000000016,2583.4999999999973
177428631.0647,2696.2000000000016,2583.4999999999973
177428633.0647,2696.2000000000016,2583.4999999999973
177428635.0647,2696.2000000000016,2583.4999999999973
177428637.0647,2696.2000000000016,2583.4999999999973
177428639.0647,2696.3000000000015,2583.4999999999973
177428641.0647,2696.6000000000017,2583.4999999999973
177428643.0647,2710.000000000002,2583.4999999999973
177428645.0647,2710.000000000002,2583.4999999999973
177428647.0647,2710.000000000002,2583.4999999999973
177428649.0647,2710.000000000002,2583.4999999999973
177428651.0647,2710.000000000002,2583.4999999999973
177428653.0647,2709.800000000002,2583.4999999999973
177428655.0647,2709.800000000002,2583.4999999999973
177428657.0647,2709.900000000002,2583.4999999999973
177428659.0647,2709.900000000002,2583.4999999999973
177428661.0647,2709.800000000002,2583.4999999999973
177428663.0647,2709.900000000002,2583.599999999997
177428665.0647,2709.900000000002,2583.599999999997
177428667.0647,2709.900000000002,2583.699999999997
177428669.0647,2709.900000000002,2583.699999999997
177428671.0647,2709.900000000002,2583.699999999997
177428673.0647,2709.900000000002,2583.699999999997
177428675.0647,2710.000000000002,2583.699999999997
177428677.0647,2709.900000000002,2583.4999999999973
177428679.0647,2709.900000000002,2583.4999999999973
177428681.0647,2709.900000000002,2583.4999999999973
177428683.0647,2709.900000000002,2583.4999999999973
177428685.0647,2709.900000000002,2583.4999999999973
177428687.0647,2709.800000000002,2583.4999999999973
177428689.0647,2709.700000000002,2583.4999999999973
177428691.0647,2709.700000000002,2583.4999999999973
177428693.0647,2709.600000000002,2583.4999999999973
177428695.0647,2709.600000000002,2583.4999999999973
177428697.0647,2709.600000000002,2583.4999999999973
177428699.0647,2709.600000000002,2583.4999999999973
177428701.0647,2709.600000000002,2583.4999999999973
177428703.0647,2709.600000000002,2583.4999999999973
177428705.0647,2709.600000000002,2583.4999999999973
177428707.0647,2709.600000000002,2583.4999999999973
177428709.0647,2709.600000000002,2583.4999999999973
177428711.0647,2709.600000000002,2583.4999999999973
177428713.0647,2709.600000000002,2583.4999999999973
177428715.0647,2709.600000000002,2583.4999999999973
177428717.0647,2709.600000000002,2583.4999999999973
177428719.0647,2709.600000000002,2583.4999999999973
177428721.0647,2709.600000000002,2583.4999999999973
177428723.0647,2709.600000000002,2583.4999999999973
177428725.0647,2709.9000000000024,2583.4999999999973
177428727.0647,2709.9000000000024,2583.599999999997
177428729.0647,2710.0000000000023,2583.599999999997
177428731.0647,2710.0000000000023,2583.599999999997
177428733.0647,2709.9000000000024,2583.599999999997
177428735.0647,2709.9000000000024,2583.599999999997
177428737.0647,2709.9000000000024,2583.599999999997
177428739.0647,2709.9000000000024,2583.599999999997
177428741.0647,2709.9000000000024,2583.599999999997
177428742.9647,2710.0000000000023,2583.599999999997
177428744.9647,2710.0000000000023,2583.599999999997
177428746.9647,2710.0000000000023,2583.599999999997
177428748.9647,2710.0000000000023,2583.599999999997
177428750.9647,2710.0000000000023,2583.599999999997
177428752.9647,2710.0000000000023,2583.4999999999973
177428754.9647,2710.0000000000023,2583.4999999999973
177428756.9647,2710.0000000000023,2583.4999999999973
177428758.9647,2710.0000000000023,2583.4999999999973
177428760.9647,2710.0000000000023,2583.4999999999973
177428762.9647,2710.0000000000023,2583.4999999999973
177428764.9647,2710.0000000000023,2583.4999999999973
177428766.9647,2709.9000000000024,2583.4999999999973
177428768.9647,2709.9000000000024,2583.4999999999973
177428770.9647,2709.9000000000024,2583.4999999999973
177428772.9647,2709.9000000000024,2583.4999999999973
177428774.9647,2709.9000000000024,2583.4999999999973
177428776.9647,2709.9000000000024,2583.4999999999973
177428778.9647,2709.9000000000024,2583.4999999999973
177428780.9647,2709.9000000000024,2583.4999999999973
177428782.9647,2709.9000000000024,2583.4999999999973
177428784.9647,2709.8000000000025,2583.4999999999973
177428786.9647,2709.8000000000025,2583.4999999999973
177428788.9647,2709.8000000000025,2583.4999999999973
177428790.9647,2709.8000000000025,2583.4999999999973
177428792.9647,2709.8000000000025,2583.4999999999973
177428794.9647,2709.8000000000025,2583.4999999999973
177428796.9647,2709.8000000000025,2583.4999999999973
177428798.9647,2709.8000000000025,2583.199999999997
177428800.9647,2709.8000000000025,2583.199999999997
177428802.9647,2709.8000000000025,2583.199999999997
177428804.9647,2709.8000000000025,2583.299999999997
177428806.9647,2709.8000000000025,2583.299999999997
177428808.9647,2709.6000000000026,2583.399999999997
177428810.9647,2709.6000000000026,2583.399999999997
177428812.9647,2709.6000000000026,2583.499999999997
177428814.9647,2709.6000000000026,2583.499999999997
177428816.9647,2709.6000000000026,2583.499999999997
177428818.9647,2709.7000000000025,2583.5999999999967
177428820.9647,2709.7000000000025,2583.5999999999967
177428822.9647,2709.7000000000025,2583.5999999999967
177428824.9647,2709.7000000000025,2583.5999999999967
177428826.9647,2709.7000000000025,2583.5999999999967
177428828.9647,2709.7000000000025,2583.5999999999967
177428830.9647,2709.7000000000025,2583.5999999999967
177428832.9647,2709.7000000000025,2583.6999999999966
177428834.9647,2709.7000000000025,2583.6999999999966
177428836.9647,2709.7000000000025,2583.6999999999966
177428838.9647,2709.7000000000025,2583.6999999999966
177428840.9647,2709.7000000000025,2583.6999999999966
177428842.9647,2709.7000000000025,2583.6999999999966
177428844.9647,2709.7000000000025,2583.3999999999965
177428846.9647,2709.7000000000025,2583.3999999999965
177428848.9647,2709.7000000000025,2583.3999999999965
177428850.9647,2709.7000000000025,2583.3999999999965
177428852.9647,2709.7000000000025,2583.3999999999965
177428854.9647,2709.7000000000025,2583.3999999999965
177428856.9647,2709.7000000000025,2583.3999999999965
177428858.9647,2709.8000000000025,2583.3999999999965
177428860.9647,2709.8000000000025,2583.3999999999965
177428862.9647,2709.8000000000025,2583.3999999999965
177428864.9647,2709.8000000000025,2583.3999999999965
177428866.9647,2709.7000000000025,2583.3999999999965
177428868.9647,2709.7000000000025,2583.3999999999965
177428870.9647,2709.7000000000025,2583.3999999999965
177428872.9647,2709.6000000000026,2583.3999999999965
177428874.9647,2709.6000000000026,2583.3999999999965
177428876.9647,2709.6000000000026,2583.3999999999965
177428878.9647,2709.6000000000026,2583.3999999999965
177428880.9647,2709.6000000000026,2583.3999999999965
177428882.9647,2709.5000000000027,2583.3999999999965
177428884.9647,2709.5000000000027,2583.3999999999965
177428886.9647,2709.400000000003,2583.3999999999965
177428888.9647,2709.400000000003,2583.4999999999964
177428890.9647,2709.400000000003,2583.4999999999964
177428892.9647,2709.400000000003,2583.4999999999964
177428894.9647,2709.300000000003,2583.3999999999965
177428896.9647,2709.200000000003,2583.3999999999965
177428898.9647,2709.200000000003,2583.3999999999965
177428900.9647,2709.200000000003,2583.3999999999965
177428902.9647,2709.200000000003,2583.3999999999965
177428904.9647,2709.200000000003,2583.3999999999965
177428906.9647,2709.200000000003,2583.3999999999965
177428908.9647,2709.200000000003,2583.3999999999965
177428910.9647,2709.200000000003,2583.3999999999965
177428912.9647,2709.200000000003,2583.3999999999965
177428914.9647,2709.200000000003,2583.3999999999965
177428916.9647,2709.200000000003,2583.3999999999965
177428918.9647,2709.100000000003,2583.3999999999965
177428920.9647,2709.300000000003,2583.3999999999965
177428922.9647,2709.300000000003,2583.3999999999965
177428924.9647,2709.200000000003,2583.3999999999965
177428926.9647,2709.000000000003,2583.4999999999964
177428928.9647,2708.9000000000033,2583.4999999999964
177428930.9647,2708.8000000000034,2583.4999999999964
177428932.9647,2708.9000000000033,2583.4999999999964
177428934.9647,2708.9000000000033,2583.4999999999964
177428936.9647,2708.8000000000034,2583.4999999999964
177428938.9647,2708.8000000000034,2583.4999999999964
177428940.9647,2708.8000000000034,2583.4999999999964
177428942.9647,2708.8000000000034,2583.4999999999964
177428944.9647,2709.3000000000034,2583.5999999999963
177428946.9647,2709.3000000000034,2583.799999999996
177428948.9647,2709.3000000000034,2583.799999999996
177428950.9647,2709.2000000000035,2583.799999999996
177428952.9647,2709.2000000000035,2583.799999999996
177428954.9647,2709.2000000000035,2583.799999999996
177428956.9647,2709.2000000000035,2583.799999999996
177428958.9647,2709.2000000000035,2583.799999999996
177428960.9647,2709.3000000000034,2583.799999999996
177428962.9647,2709.3000000000034,2583.799999999996
177428964.9647,2709.4000000000033,2583.799999999996
177428966.9647,2709.4000000000033,2583.799999999996
177428968.9647,2709.4000000000033,2583.799999999996
177428970.9647,2709.4000000000033,2583.699999999996
177428972.9647,2709.3000000000034,2583.699999999996
177428974.9647,2709.3000000000034,2583.699999999996
177428976.9647,2709.3000000000034,2583.699999999996
177428978.9647,2709.3000000000034,2583.799999999996
177428980.9647,2709.3000000000034,2583.799999999996
177428982.9647,2709.3000000000034,2583.799999999996
177428984.9647,2709.2000000000035,2583.699999999996
177428986.9647,2709.2000000000035,2583.699999999996
177428988.9647,2709.2000000000035,2583.699999999996
177428990.9647,2709.2000000000035,2583.699999999996
177428992.9647,2709.1000000000035,2583.699999999996
177428994.9647,2709.1000000000035,2583.699999999996
177428996.9647,2709.1000000000035,2583.699999999996
177428998.9647,2709.1000000000035,2583.799999999996
177429000.9647,2709.1000000000035,2583.799999999996
177429002.9647,2709.1000000000035,2583.799999999996
177429004.9647,2709.1000000000035,2583.799999999996
177429006.9647,2709.1000000000035,2583.799999999996
177429008.9647,2709.1000000000035,2583.799999999996
177429010.9647,2709.1000000000035,2583.799999999996
177429012.9647,2709.0000000000036,2583.699999999996
177429014.9647,2709.0000000000036,2583.699999999996
177429016.9647,2708.9000000000037,2583.699999999996
177429018.9647,2708.9000000000037,2583.699999999996
177429020.9647,2708.9000000000037,2583.699999999996
177429022.9647,2708.9000000000037,2583.699999999996
177429024.9647,2708.9000000000037,2583.699999999996
177429026.9647,2708.800000000004,2583.699999999996
177429028.9647,2708.800000000004,2583.699999999996
177429030.9647,2708.700000000004,2583.699999999996
177429032.9647,2708.700000000004,2583.699999999996
177429034.9647,2708.600000000004,2583.699999999996
177429036.9647,2708.600000000004,2583.699999999996
177429038.9647,2708.600000000004,2583.699999999996
177429040.9647,2708.600000000004,2583.699999999996
177429042.9647,2708.500000000004,2583.699999999996
177429044.9647,2708.600000000004,2583.699999999996
177429046.9647,2708.700000000004,2583.699999999996
177429048.9647,2708.500000000004,2583.699999999996
177429050.9647,2708.500000000004,2583.799999999996
177429052.9647,2708.400000000004,2583.799999999996
177429054.9647,2708.3000000000043,2583.799999999996
177429056.9647,2708.3000000000043,2583.799999999996
177429058.9647,2708.3000000000043,2583.799999999996
177429060.9647,2708.3000000000043,2583.799999999996
177429062.9647,2708.3000000000043,2583.799999999996
177429065.0647,2708.3000000000043,2583.799999999996
177429066.9647,2708.3000000000043,2583.799999999996
177429068.9647,2708.3000000000043,2583.799999999996
177429070.9647,2708.2000000000044,2583.799999999996
177429072.9647,2708.2000000000044,2583.799999999996
177429074.9647,2708.3000000000043,2583.799999999996
177429076.9647,2708.1000000000045,2583.799999999996
177429078.9647,2708.0000000000045,2583.799999999996
177429080.9647,2708.0000000000045,2583.799999999996
177429082.9647,2708.0000000000045,2583.799999999996
177429084.9647,2707.9000000000046,2583.799999999996
177429086.9647,2707.9000000000046,2583.799999999996
177429088.9647,2707.9000000000046,2583.799999999996
177429090.9647,2707.9000000000046,2583.799999999996
177429092.9647,2707.9000000000046,2583.799999999996
177429094.9647,2707.700000000005,2583.799999999996
177429096.9647,2707.600000000005,2583.799999999996
177429098.9647,2707.600000000005,2583.799999999996
177429100.9647,2707.900000000005,2583.799999999996
177429102.9647,2707.800000000005,2583.799999999996
177429104.9647,2707.7000000000053,2583.799999999996
177429106.9647,2707.7000000000053,2583.799999999996
177429108.9647,2707.6000000000054,2583.799999999996
177429110.9647,2707.5000000000055,2583.699999999996
177429112.9647,2707.5000000000055,2583.699999999996
177429114.9647,2707.5000000000055,2583.699999999996
177429116.9647,2707.5000000000055,2583.699999999996
177429118.9647,2707.5000000000055,2583.699999999996
177429120.9647,2707.5000000000055,2583.699999999996
177429122.9647,2707.5000000000055,2583.699999999996
177429124.9647,2695.1000000000054,2583.699999999996
177429126.9647,2674.0000000000055,2583.699999999996
177429128.9647,2656.9000000000055,2583.699999999996
177429130.9647,2656.8000000000056,2583.699999999996
177429132.9647,2656.8000000000056,2583.699999999996
177429134.9647,2656.8000000000056,2583.699999999996
177429136.9647,2656.8000000000056,2583.699999999996
177429138.9647,2656.8000000000056,2583.699999999996
177429140.9647,2656.7000000000057,2583.699999999996
177429142.9647,2656.9000000000055,2583.699999999996
177429144.9647,2656.9000000000055,2583.699999999996
177429146.9647,2656.9000000000055,2583.699999999996
177429148.9647,2656.9000000000055,2583.699999999996
177429150.9647,2656.9000000000055,2583.699999999996
177429152.9647,2656.9000000000055,2583.699999999996
177429154.9647,2656.9000000000055,2583.799999999996
177429156.9647,2656.9000000000055,2583.799999999996
177429158.9647,2656.9000000000055,2583.799999999996
177429160.9647,2656.9000000000055,2583.799999999996
177429162.9647,2656.9000000000055,2583.799999999996
177429164.9647,2656.9000000000055,2583.799999999996
177429166.9647,2656.9000000000055,2583.799999999996
177429168.9647,2656.8000000000056,2583.799999999996
177429170.9647,2656.8000000000056,2583.799999999996
177429172.9647,2656.8000000000056,2583.799999999996
177429174.9647,2656.8000000000056,2583.799999999996
177429176.9647,2656.8000000000056,2583.699999999996
177429178.9647,2656.8000000000056,2583.699999999996
177429180.9647,2656.600000000006,2583.699999999996
177429182.9647,2656.600000000006,2583.799999999996
177429184.9647,2656.600000000006,2583.799999999996
177429186.9647,2656.600000000006,2583.799999999996
177429188.9647,2656.600000000006,2583.799999999996
177429190.9647,2656.600000000006,2583.799999999996
177429192.9647,2656.500000000006,2583.699999999996
177429194.9647,2656.500000000006,2583.699999999996
177429196.9647,2656.300000000006,2583.699999999996
177429198.9647,2656.300000000006,2583.699999999996
177429200.9647,2656.200000000006,2583.699999999996
177429202.9647,2656.200000000006,2583.699999999996
177429204.9647,2656.200000000006,2583.699999999996
177429206.9647,2656.200000000006,2583.699999999996
177429208.9647,2656.200000000006,2583.699999999996
177429210.9647,2656.200000000006,2583.699999999996
177429212.9647,2656.200000000006,2583.699999999996
177429214.9647,2656.200000000006,2583.699999999996
177429216.9647,2656.200000000006,2583.699999999996
177429218.9647,2656.900000000006,2583.699999999996
177429220.9647,2656.900000000006,2583.799999999996
177429222.9647,2656.900000000006,2583.799999999996
177429224.9647,2656.900000000006,2583.799999999996
177429226.9647,2665.000000000006,2583.799999999996
177429228.9647,2665.000000000006,2583.799999999996
177429230.9647,2665.000000000006,2583.799999999996
177429232.9647,2665.000000000006,2583.399999999996
177429234.9647,2664.900000000006,2583.399999999996
177429236.9647,2664.800000000006,2583.399999999996
177429238.9647,2664.800000000006,2583.399999999996
177429240.9647,2664.800000000006,2583.399999999996
177429242.9647,2664.800000000006,2583.399999999996
177429244.9647,2656.700000000006,2583.399999999996
177429246.9647,2656.6000000000063,2583.399999999996
177429248.9647,2664.9000000000065,2583.399999999996
177429250.9647,2664.9000000000065,2583.399999999996
177429252.9647,2664.9000000000065,2583.399999999996
177429254.9647,2664.9000000000065,2583.399999999996
177429256.9647,2664.9000000000065,2583.399999999996
177429258.9647,2664.9000000000065,2583.399999999996
177429260.9647,2664.9000000000065,2583.399999999996
177429262.9647,2664.9000000000065,2583.499999999996
177429264.9647,2664.9000000000065,2583.499999999996
177429266.9647,2664.9000000000065,2583.499999999996
177429268.9647,2664.8000000000065,2583.499999999996
177429270.9647,2664.8000000000065,2583.499999999996
177429272.9647,2664.8000000000065,2583.499999999996
177429274.9647,2664.8000000000065,2583.499999999996
177429276.9647,2665.0000000000064,2583.499999999996
177429278.9647,2665.0000000000064,2583.499999999996
177429280.9647,2665.0000000000064,2583.599999999996
177429282.9647,2665.0000000000064,2583.499999999996
177429284.9647,2664.9000000000065,2583.499999999996
177429286.9647,2664.8000000000065,2583.499999999996
177429288.9647,2664.7000000000066,2583.499999999996
177429290.9647,2664.7000000000066,2583.499999999996
177429292.9647,2664.7000000000066,2583.499999999996
177429294.9647,2664.7000000000066,2583.599999999996
177429296.9647,2664.7000000000066,2583.599999999996
177429298.9647,2664.7000000000066,2583.499999999996
177429300.9647,2664.7000000000066,2583.499999999996
177429302.9647,2664.7000000000066,2583.499999999996
177429304.9647,2664.7000000000066,2583.499999999996
177429306.9647,2664.7000000000066,2583.399999999996
177429308.9647,2664.7000000000066,2583.399999999996
177429310.9647,2665.000000000007,2583.399999999996
177429312.9647,2665.000000000007,2583.499999999996
177429314.9647,2665.000000000007,2583.499999999996
177429316.9647,2665.000000000007,2583.499999999996
177429318.9647,2665.000000000007,2583.499999999996
177429320.9647,2674.000000000007,2583.499999999996
177429322.9647,2674.000000000007,2583.499999999996
177429324.9647,2674.000000000007,2583.499999999996
177429326.9647,2674.000000000007,2583.499999999996
177429328.9647,2674.000000000007,2583.499999999996
177429330.9647,2673.900000000007,2583.499999999996
177429332.9647,2673.900000000007,2583.499999999996
177429334.9647,2673.900000000007,2583.499999999996
177429336.9647,2673.900000000007,2583.399999999996
177429338.9647,2673.900000000007,2583.399999999996
177429340.9647,2673.900000000007,2583.499999999996
177429342.9647,2673.900000000007,2583.599999999996
177429344.9647,2673.900000000007,2583.599999999996
177429346.9647,2673.900000000007,2583.599999999996
177429348.9647,2673.900000000007,2583.399999999996
177429350.9647,2673.900000000007,2583.399999999996
177429352.9647,2673.800000000007,2583.399999999996
177429354.9647,2673.800000000007,2583.399999999996
177429356.9647,2673.800000000007,2583.399999999996
177429358.9647,2673.800000000007,2583.499999999996
177429360.9647,2673.800000000007,2583.399999999996
177429362.9647,2673.800000000007,2583.399999999996
177429364.9647,2673.800000000007,2583.399999999996
177429366.9647,2673.900000000007,2583.399999999996
177429368.9647,2684.000000000007,2583.399999999996
177429370.9647,2695.1000000000067,2583.399999999996
177429372.9647,2707.8000000000065,2583.399999999996
177429374.9647,2707.8000000000065,2583.399999999996
177429376.9647,2708.4000000000065,2583.399999999996
177429378.9647,2708.4000000000065,2583.199999999996
177429380.9647,2708.4000000000065,2583.199999999996
177429382.9647,2708.4000000000065,2583.299999999996
177429384.9647,2708.4000000000065,2583.299999999996
177429386.9647,2708.4000000000065,2583.299999999996
177429388.9647,2708.4000000000065,2583.299999999996
177429390.9647,2708.4000000000065,2583.299999999996
177429392.9647,2708.4000000000065,2583.299999999996
177429394.9647,2708.4000000000065,2583.299999999996
177429396.9647,2708.4000000000065,2583.299999999996
177429398.9647,2708.4000000000065,2583.299999999996
177429400.9647,2708.4000000000065,2583.299999999996
177429402.9647,2708.3000000000065,2583.299999999996
177429404.9647,2708.3000000000065,2583.299999999996
177429406.9647,2708.2000000000066,2583.299999999996
177429408.9647,2708.2000000000066,2583.299999999996
177429410.9647,2708.2000000000066,2583.299999999996
177429412.9647,2708.8000000000065,2583.299999999996
177429414.9647,2710.0000000000064,2583.299999999996
177429416.9647,2709.9000000000065,2583.299999999996
177429418.9647,2709.9000000000065,2583.299999999996
177429420.9647,2709.9000000000065,2583.299999999996
177429422.9647,2709.9000000000065,2583.299999999996
177429424.9647,2710.0000000000064,2582.399999999996
177429426.9647,2710.0000000000064,2582.399999999996
177429428.9647,2710.0000000000064,2582.199999999996
177429430.9647,2710.0000000000064,2582.199999999996
177429432.9647,2709.9000000000065,2582.299999999996
177429434.9647,2709.9000000000065,2582.299999999996
177429436.9647,2709.9000000000065,2582.299999999996
177429438.9647,2709.9000000000065,2582.299999999996
177429440.9647,2710.0000000000064,2582.299999999996
177429442.9647,2710.0000000000064,2582.299999999996
177429444.9647,2710.0000000000064,2582.399999999996
177429446.9647,2710.0000000000064,2582.399999999996
177429448.9647,2710.0000000000064,2582.399999999996
177429450.9647,2710.0000000000064,2582.299999999996
177429452.9647,2710.0000000000064,2582.299999999996
177429454.9647,2710.0000000000064,2582.299999999996
177429456.9647,2710.0000000000064,2582.299999999996
177429458.9647,2710.0000000000064,2582.299999999996
177429460.9647,2709.9000000000065,2582.299999999996
177429462.9647,2709.9000000000065,2582.399999999996
177429464.9647,2709.9000000000065,2582.399999999996
177429466.9647,2710.0000000000064,2582.399999999996
177429468.9647,2710.0000000000064,2582.299999999996
177429470.9647,2710.0000000000064,2582.299999999996
177429472.9647,2710.0000000000064,2582.299999999996
177429474.9647,2710.0000000000064,2582.299999999996
177429476.9647,2710.0000000000064,2582.299999999996
177429478.9647,2710.0000000000064,2582.299999999996
177429480.9647,2710.0000000000064,2582.299999999996
177429482.9647,2709.9000000000065,2582.299999999996
177429484.9647,2709.9000000000065,2582.299999999996
177429486.9647,2710.0000000000064,2582.299999999996
177429488.9647,2710.0000000000064,2582.299999999996
177429490.9647,2709.9000000000065,2582.299999999996
177429492.9647,2709.9000000000065,2582.299999999996
177429494.9647,2710.0000000000064,2582.399999999996
177429496.9647,2710.0000000000064,2582.399999999996
177429498.9647,2710.0000000000064,2582.399999999996
177429500.9647,2710.0000000000064,2582.399999999996
177429502.9647,2709.9000000000065,2582.399999999996
177429504.9647,2709.9000000000065,2582.399999999996
177429506.9647,2709.9000000000065,2582.399999999996
177429508.9647,2709.9000000000065,2582.399999999996
177429510.9647,2710.0000000000064,2582.399999999996
177429512.9647,2710.0000000000064,2582.399999999996
177429514.9647,2710.0000000000064,2582.399999999996
177429516.9647,2710.0000000000064,2582.399999999996
177429518.9647,2709.0000000000064,2582.399999999996
177429520.9647,2709.0000000000064,2582.399999999996
177429522.9647,2709.0000000000064,2582.399999999996
177429524.9647,2709.0000000000064,2582.399999999996
177429526.9647,2709.0000000000064,2582.399999999996
177429528.9647,2709.0000000000064,2582.499999999996
177429530.9647,2696.3000000000065,2582.499999999996
177429532.9647,2696.3000000000065,2582.499999999996
177429534.9647,2696.3000000000065,2582.499999999996
177429536.9647,2696.3000000000065,2582.499999999996
177429538.9647,2696.2000000000066,2582.499999999996
177429540.9647,2696.2000000000066,2582.499999999996
177429542.9647,2696.1000000000067,2582.499999999996
177429544.9647,2696.1000000000067,2582.499999999996
177429546.9647,2696.000000000007,2582.499999999996
177429548.9647,2696.000000000007,2582.499999999996
177429550.9647,2696.000000000007,2582.499999999996
177429552.9647,2695.900000000007,2582.499999999996
177429554.9647,2695.900000000007,2582.499999999996
177429556.9647,2695.800000000007,2582.499999999996
177429558.9647,2695.700000000007,2582.499999999996
177429560.9647,2695.700000000007,2582.499999999996
177429562.9647,2695.700000000007,2582.499999999996
177429564.9647,2695.700000000007,2582.599999999996
177429566.9647,2695.700000000007,2582.599999999996
177429568.9647,2695.700000000007,2582.599999999996
177429570.9647,2695.700000000007,2582.599999999996
177429572.9647,2695.600000000007,2582.599999999996
177429574.9647,2695.600000000007,2582.599999999996
177429576.9647,2695.700000000007,2582.599999999996
177429578.9647,2695.700000000007,2582.599999999996
177429580.9647,2695.600000000007,2582.599999999996
177429582.9647,2695.600000000007,2582.6999999999957
177429584.9647,2695.600000000007,2582.6999999999957
177429586.9647,2695.700000000007,2582.599999999996
177429588.9647,2695.700000000007,2582.599999999996
177429590.9647,2695.700000000007,2582.599999999996
177429592.9647,2695.700000000007,2582.599999999996
177429594.9647,2695.700000000007,2582.599999999996
177429596.9647,2695.700000000007,2582.599999999996
177429598.9647,2695.800000000007,2582.599999999996
177429600.9647,2695.600000000007,2582.599999999996
177429602.9647,2695.5000000000073,2582.599999999996
177429604.9647,2695.5000000000073,2582.599999999996
177429606.9647,2695.5000000000073,2582.599999999996
177429608.9647,2695.5000000000073,2582.599999999996
177429610.9647,2695.5000000000073,2582.599999999996
177429612.9647,2695.5000000000073,2582.599999999996
177429614.9647,2695.5000000000073,2582.599999999996
177429616.9647,2695.5000000000073,2582.599999999996
177429618.9647,2695.5000000000073,2582.599999999996
177429620.9647,2695.5000000000073,2582.599999999996
177429622.9647,2695.5000000000073,2582.599999999996
177429624.9647,2695.5000000000073,2582.599999999996
177429626.9647,2695.5000000000073,2582.599999999996
177429628.9647,2695.5000000000073,2582.599999999996
177429630.9647,2695.5000000000073,2582.6999999999957
177429632.9647,2695.4000000000074,2582.6999999999957
177429634.9647,2695.3000000000075,2582.6999999999957
177429636.9647,2695.3000000000075,2582.6999999999957
177429638.9647,2695.2000000000075,2582.6999999999957
177429640.9647,2695.2000000000075,2582.6999999999957
177429642.9647,2695.2000000000075,2582.6999999999957
177429644.9647,2695.2000000000075,2582.7999999999956
177429646.9647,2695.1000000000076,2582.7999999999956
177429648.9647,2695.2000000000075,2582.599999999996
177429650.9647,2695.0000000000077,2582.599999999996
177429652.9647,2695.2000000000075,2582.599999999996
177429654.9647,2695.2000000000075,2582.599999999996
177429656.9647,2695.2000000000075,2582.599999999996
177429658.9647,2695.2000000000075,2582.599999999996
177429660.9647,2695.2000000000075,2582.599999999996
177429662.9647,2695.1000000000076,2582.599999999996
177429664.9647,2695.1000000000076,2582.599999999996
177429666.9647,2695.1000000000076,2582.599999999996
177429668.9647,2695.1000000000076,2582.599999999996
177429670.9647,2695.1000000000076,2582.599999999996
177429672.9647,2695.1000000000076,2582.6999999999957
177429674.9647,2695.1000000000076,2582.6999999999957
177429676.9647,2695.1000000000076,2582.6999999999957
177429678.9647,2695.1000000000076,2588.2999999999956
177429680.9647,2695.1000000000076,2588.2999999999956
177429682.9647,2695.1000000000076,2588.2999999999956
177429684.9647,2695.2000000000075,2588.2999999999956
177429686.9647,2695.2000000000075,2588.3999999999955
177429688.9647,2695.2000000000075,2588.3999999999955
177429690.9647,2695.2000000000075,2588.3999999999955
177429692.9647,2695.2000000000075,2588.3999999999955
177429694.9647,2695.2000000000075,2588.3999999999955
177429696.9647,2695.3000000000075,2588.3999999999955
177429698.9647,2695.4000000000074,2588.2999999999956
177429700.9647,2695.3000000000075,2588.3999999999955
177429702.9647,2695.3000000000075,2588.3999999999955
177429704.9647,2695.3000000000075,2588.3999999999955
177429706.9647,2695.3000000000075,2588.3999999999955
177429708.9647,2695.3000000000075,2588.3999999999955
177429710.9647,2695.3000000000075,2588.3999999999955
177429712.9647,2695.3000000000075,2588.3999999999955
177429714.9647,2695.3000000000075,2588.2999999999956
177429716.9647,2695.3000000000075,2588.2999999999956
177429718.9647,2695.2000000000075,2588.2999999999956
177429720.9647,2695.1000000000076,2588.2999999999956
177429722.9647,2695.1000000000076,2588.2999999999956
177429724.9647,2695.1000000000076,2588.2999999999956
177429726.9647,2695.0000000000077,2588.2999999999956
177429728.9647,2695.0000000000077,2588.2999999999956
177429730.9647,2695.0000000000077,2588.2999999999956
177429732.9647,2695.1000000000076,2588.2999999999956
177429734.9647,2695.1000000000076,2588.2999999999956
177429736.9647,2684.400000000008,2588.2999999999956
177429738.9647,2684.400000000008,2588.2999999999956
177429740.9647,2684.400000000008,2588.2999999999956
177429742.9647,2684.200000000008,2588.3999999999955
177429744.9647,2684.100000000008,2588.2999999999956
177429746.9647,2684.100000000008,2588.2999999999956
177429748.9647,2684.100000000008,2588.2999999999956
177429750.9647,2684.100000000008,2588.2999999999956
177429752.9647,2684.100000000008,2588.2999999999956
177429754.9647,2684.100000000008,2588.2999999999956
177429756.9647,2684.000000000008,2588.2999999999956
177429758.9647,2684.000000000008,2588.2999999999956
177429760.9647,2683.8000000000084,2588.2999999999956
177429762.9647,2683.9000000000083,2588.2999999999956
177429764.9647,2683.9000000000083,2588.2999999999956
177429766.9647,2683.9000000000083,2588.2999999999956
177429768.9647,2683.9000000000083,2588.3999999999955
177429770.9647,2683.9000000000083,2582.5999999999954
177429772.9647,2683.8000000000084,2582.5999999999954
177429774.9647,2683.8000000000084,2582.5999999999954
177429776.9647,2683.8000000000084,2582.6999999999953
177429778.9647,2683.8000000000084,2582.5999999999954
177429780.9647,2683.8000000000084,2582.6999999999953
177429782.9647,2683.8000000000084,2582.6999999999953
177429784.9647,2683.8000000000084,2582.6999999999953
177429786.9647,2683.8000000000084,2582.6999999999953
177429788.9647,2683.8000000000084,2582.6999999999953
177429790.9647,2683.7000000000085,2582.6999999999953
177429792.9647,2683.7000000000085,2582.6999999999953
177429794.9647,2683.8000000000084,2582.6999999999953
177429796.9647,2683.7000000000085,2582.6999999999953
177429798.9647,2683.7000000000085,2582.6999999999953
177429800.9647,2683.6000000000085,2582.6999999999953
177429802.9647,2683.8000000000084,2582.6999999999953
177429804.9647,2683.8000000000084,2582.799999999995
177429806.9647,2683.8000000000084,2582.799999999995
177429808.9647,2683.8000000000084,2582.799999999995
177429810.9647,2683.8000000000084,2582.799999999995
177429812.9647,2683.8000000000084,2582.799999999995
177429814.9647,2683.8000000000084,2582.799999999995
177429816.9647,2683.8000000000084,2582.799999999995
177429818.9647,2683.8000000000084,2582.799999999995
177429820.9647,2683.8000000000084,2582.799999999995
177429822.9647,2683.8000000000084,2582.799999999995
177429824.9647,2683.8000000000084,2582.799999999995
177429826.9647,2683.8000000000084,2582.799999999995
177429828.9647,2683.8000000000084,2582.799999999995
177429830.9647,2683.8000000000084,2582.799999999995
177429832.9647,2683.8000000000084,2582.799999999995
177429834.9647,2683.8000000000084,2582.799999999995
177429836.9647,2683.8000000000084,2582.799999999995
177429838.9647,2683.8000000000084,2582.799999999995
177429840.9647,2683.8000000000084,2582.799999999995
177429842.9647,2683.6000000000085,2582.799999999995
177429844.9647,2683.6000000000085,2582.799999999995
177429846.9647,2683.5000000000086,2582.799999999995
177429848.9647,2683.5000000000086,2582.799999999995
177429850.9647,2683.4000000000087,2582.799999999995
177429852.9647,2683.800000000009,2582.799999999995
177429854.9647,2683.800000000009,2582.799999999995
177429856.9647,2683.9000000000087,2582.899999999995
177429858.9647,2683.9000000000087,2582.899999999995
177429860.9647,2683.9000000000087,2582.899999999995
177429862.9647,2683.9000000000087,2582.899999999995
177429864.9647,2683.9000000000087,2582.899999999995
177429866.9647,2683.9000000000087,2582.899999999995
177429868.9647,2683.9000000000087,2582.799999999995
177429870.9647,2683.9000000000087,2582.799999999995
177429872.9647,2683.9000000000087,2582.799999999995
177429874.9647,2683.9000000000087,2582.799999999995
177429876.9647,2683.9000000000087,2582.799999999995
177429878.9647,2683.9000000000087,2582.799999999995
177429880.9647,2683.9000000000087,2582.799999999995
177429882.9647,2683.9000000000087,2582.799999999995
177429884.9647,2683.9000000000087,2582.799999999995
177429886.9647,2683.9000000000087,2582.799999999995
177429888.9647,2683.9000000000087,2582.799999999995
177429890.9647,2683.9000000000087,2582.799999999995
177429892.9647,2683.9000000000087,2582.799999999995
177429894.9647,2683.800000000009,2582.799999999995
177429896.9647,2683.800000000009,2582.799999999995
177429898.9647,2683.800000000009,2582.799999999995
177429900.9647,2683.800000000009,2582.799999999995
177429902.9647,2683.9000000000087,2582.799999999995
177429904.9647,2683.9000000000087,2582.799999999995
177429906.9647,2683.9000000000087,2582.799999999995
177429908.9647,2683.9000000000087,2582.799999999995
177429910.9647,2683.9000000000087,2582.799999999995
177429912.9647,2683.700000000009,2582.799999999995
177429914.9647,2683.700000000009,2582.799999999995
177429916.9647,2683.700000000009,2582.799999999995
177429918.9647,2683.700000000009,2582.799999999995
177429920.9647,2683.700000000009,2582.799999999995
177429922.9647,2683.700000000009,2582.799999999995
177429924.9647,2683.800000000009,2582.799999999995
177429926.9647,2683.800000000009,2582.799999999995
177429928.9647,2683.700000000009,2582.799999999995
177429930.9647,2683.700000000009,2582.799999999995
177429932.9647,2683.700000000009,2582.799999999995
177429934.9647,2683.800000000009,2582.799999999995
177429936.9647,2683.800000000009,2582.799999999995
177429938.9647,2683.800000000009,2582.799999999995
177429940.9647,2683.800000000009,2582.799999999995
177429942.9647,2683.800000000009,2582.799999999995
177429944.9647,2683.800000000009,2582.799999999995
177429946.9647,2683.800000000009,2582.799999999995
177429948.9647,2683.800000000009,2582.799999999995
177429950.9647,2683.800000000009,2582.799999999995
177429952.9647,2683.800000000009,2582.799999999995
177429954.9647,2683.600000000009,2582.799999999995
177429956.9647,2683.600000000009,2582.799999999995
177429958.9647,2683.600000000009,2582.799999999995
177429960.9647,2683.600000000009,2582.799999999995
177429962.9647,2683.600000000009,2582.799999999995
177429964.9647,2683.600000000009,2582.799999999995
177429966.9647,2683.500000000009,2582.799999999995
177429968.9647,2683.500000000009,2582.799999999995
177429970.9647,2683.500000000009,2582.799999999995
177429972.9647,2683.500000000009,2582.799999999995
177429974.9647,2683.500000000009,2582.799999999995
177429976.9647,2683.3000000000093,2582.799999999995
177429978.9647,2683.3000000000093,2582.799999999995
177429980.9647,2683.3000000000093,2582.799999999995
177429982.9647,2683.3000000000093,2582.899999999995
177429984.9647,2683.3000000000093,2582.899999999995
177429986.9647,2683.3000000000093,2582.899999999995
177429988.9647,2683.3000000000093,2582.899999999995
177429990.9647,2683.3000000000093,2582.899999999995
177429992.9647,2683.3000000000093,2582.899999999995
177429994.9647,2683.3000000000093,2582.899999999995
177429996.9647,2683.3000000000093,2582.899999999995
177429998.9647,2683.3000000000093,2582.899999999995
177430000.9647,2683.3000000000093,2582.899999999995
177430002.9647,2673.3000000000093,2582.899999999995
177430004.9647,2673.3000000000093,2582.899999999995
177430006.9647,2673.2000000000094,2582.899999999995
177430008.9647,2673.2000000000094,2582.899999999995
177430010.9647,2673.2000000000094,2582.899999999995
177430012.9647,2673.2000000000094,2582.899999999995
177430014.9647,2673.1000000000095,2582.899999999995
177430016.9647,2673.1000000000095,2582.899999999995
177430018.9647,2673.1000000000095,2582.899999999995
177430020.9647,2673.1000000000095,2582.899999999995
177430022.9647,2673.2000000000094,2582.899999999995
177430024.9647,2673.2000000000094,2582.899999999995
177430026.9647,2673.2000000000094,2582.899999999995
177430028.9647,2673.2000000000094,2582.899999999995
177430030.9647,2673.2000000000094,2582.899999999995
177430032.9647,2673.2000000000094,2582.899999999995
177430034.9647,2673.2000000000094,2582.899999999995
177430036.9647,2673.2000000000094,2582.899999999995
177430038.9647,2673.2000000000094,2582.899999999995
177430040.9647,2673.2000000000094,2582.899999999995
177430042.9647,2673.2000000000094,2582.899999999995
177430044.9647,2673.2000000000094,2582.899999999995
177430046.9647,2673.2000000000094,2582.899999999995
177430048.9647,2673.3000000000093,2582.799999999995
177430050.9647,2673.2000000000094,2582.799999999995
177430052.9647,2673.1000000000095,2582.799999999995
177430054.9647,2673.1000000000095,2582.799999999995
177430056.9647,2673.1000000000095,2582.799999999995
177430058.9647,2673.1000000000095,2582.799999999995
177430060.9647,2673.1000000000095,2582.799999999995
177430062.9647,2673.1000000000095,2582.799999999995
177430064.9647,2673.1000000000095,2582.799999999995
177430066.9647,2673.0000000000095,2582.799999999995
177430068.9647,2673.0000000000095,2582.799999999995
177430070.9647,2673.0000000000095,2582.799999999995
177430072.9647,2673.0000000000095,2582.799999999995
177430074.9647,2673.0000000000095,2582.899999999995
177430076.9647,2673.0000000000095,2582.799999999995
177430078.9647,2673.0000000000095,2582.899999999995
177430080.9647,2673.0000000000095,2582.899999999995
177430082.9647,2673.0000000000095,2582.899999999995
177430084.9647,2673.0000000000095,2582.899999999995
177430086.9647,2673.0000000000095,2582.899999999995
177430088.9647,2673.1000000000095,2582.899999999995
177430090.9647,2673.1000000000095,2582.899999999995
177430092.9647,2673.1000000000095,2582.899999999995
177430094.9647,2673.1000000000095,2582.899999999995
177430096.9647,2673.1000000000095,2582.999999999995
177430098.9647,2673.1000000000095,2583.099999999995
177430100.9647,2673.1000000000095,2583.099999999995
177430102.9647,2673.1000000000095,2583.099999999995
177430104.9647,2673.1000000000095,2583.099999999995
177430106.9647,2673.0000000000095,2582.999999999995
177430108.9647,2673.1000000000095,2583.099999999995
177430110.9647,2673.1000000000095,2583.099999999995
177430112.9647,2673.1000000000095,2582.999999999995
177430114.9647,2673.1000000000095,2583.099999999995
177430116.9647,2673.1000000000095,2582.999999999995
177430118.9647,2673.1000000000095,2583.099999999995
177430120.9647,2673.1000000000095,2583.199999999995
177430122.9647,2673.0000000000095,2583.199999999995
177430124.9647,2673.0000000000095,2583.199999999995
177430126.9647,2673.0000000000095,2583.199999999995
177430128.9647,2673.0000000000095,2583.199999999995
177430130.9647,2673.0000000000095,2583.199999999995
177430132.9647,2673.0000000000095,2583.199999999995
177430134.9647,2672.9000000000096,2583.3999999999946
177430136.9647,2672.9000000000096,2583.3999999999946
177430138.9647,2672.9000000000096,2583.4999999999945
177430140.9647,2672.9000000000096,2583.4999999999945
177430142.9647,2672.8000000000097,2583.1999999999944
177430144.9647,2672.8000000000097,2583.2999999999943
177430146.9647,2672.8000000000097,2583.1999999999944
177430149.0647,2672.8000000000097,2583.2999999999943
177430150.9647,2672.9000000000096,2583.2999999999943
177430152.9647,2672.9000000000096,2583.1999999999944
177430154.9647,2672.9000000000096,2583.2999999999943
177430156.9647,2672.9000000000096,2583.2999999999943
177430158.9647,2672.8000000000097,2583.1999999999944
177430160.9647,2672.8000000000097,2583.4999999999945
177430162.9647,2672.8000000000097,2583.4999999999945
177430164.9647,2672.8000000000097,2583.3999999999946
177430166.9647,2672.9000000000096,2583.2999999999947
177430168.9647,2672.9000000000096,2583.2999999999947
177430170.9647,2672.9000000000096,2583.2999999999947
177430172.9647,2672.9000000000096,2582.9999999999945
177430174.9647,2672.9000000000096,2583.3999999999946
177430176.9647,2672.9000000000096,2583.3999999999946
177430178.9647,2672.9000000000096,2583.3999999999946
177430180.9647,2672.9000000000096,2583.3999999999946
177430182.9647,2672.9000000000096,2583.4999999999945
177430184.9647,2672.9000000000096,2583.5999999999945
177430186.9647,2672.9000000000096,2583.5999999999945
177430188.9647,2672.8000000000097,2583.7999999999943
177430190.9647,2672.8000000000097,2583.899999999994
177430192.9647,2672.8000000000097,2583.899999999994
177430194.9647,2672.8000000000097,2583.7999999999943
177430196.9647,2672.8000000000097,2583.999999999994
177430198.9647,2672.8000000000097,2583.999999999994
177430200.9647,2672.8000000000097,2583.899999999994
177430202.9647,2672.8000000000097,2583.999999999994
177430204.9647,2672.8000000000097,2584.099999999994
177430206.9647,2672.8000000000097,2584.199999999994
177430208.9647,2672.70000000001,2584.199999999994
177430210.9647,2672.70000000001,2584.099999999994
177430212.9647,2672.70000000001,2584.199999999994
177430214.9647,2672.70000000001,2584.099999999994
177430216.9647,2672.8000000000097,2584.099999999994
177430218.9647,2672.8000000000097,2584.199999999994
177430220.9647,2672.70000000001,2584.199999999994
177430222.9647,2672.8000000000097,2584.099999999994
177430224.9647,2672.8000000000097,2584.299999999994
177430226.9647,2672.8000000000097,2584.199999999994
177430228.9647,2672.8000000000097,2584.199999999994
177430230.9647,2672.8000000000097,2584.299999999994
177430232.9647,2672.8000000000097,2584.299999999994
177430234.9647,2672.8000000000097,2584.3999999999937
177430236.9647,2672.8000000000097,2584.5999999999935
177430238.9647,2672.8000000000097,2584.0999999999935
177430240.9647,2672.60000000001,2584.0999999999935
177430242.9647,2672.60000000001,2584.1999999999935
177430244.9647,2672.60000000001,2584.0999999999935
177430246.9647,2672.50000000001,2584.0999999999935
177430248.9647,2672.70000000001,2584.1999999999935
177430250.9647,2672.9000000000096,2584.2999999999934
177430252.9647,2672.9000000000096,2584.3999999999933
177430254.9647,2672.9000000000096,2584.499999999993
177430256.9647,2672.9000000000096,2584.499999999993
177430258.9647,2672.9000000000096,2584.499999999993
177430260.9647,2672.9000000000096,2584.3999999999933
177430262.9647,2672.9000000000096,2584.3999999999933
177430264.9647,2672.9000000000096,2584.3999999999933
177430266.9647,2672.9000000000096,2584.3999999999933
177430268.9647,2673.0000000000095,2584.3999999999933
177430270.9647,2673.0000000000095,2584.3999999999933
177430272.9647,2673.0000000000095,2584.3999999999933
177430274.9647,2672.9000000000096,2584.3999999999933
177430276.9647,2673.1000000000095,2584.3999999999933
177430278.9647,2673.1000000000095,2584.3999999999933
177430280.9647,2673.1000000000095,2584.499999999993
177430282.9647,2673.1000000000095,2584.499999999993
177430284.9647,2673.1000000000095,2584.599999999993
177430286.9647,2673.1000000000095,2584.599999999993
177430288.9647,2673.1000000000095,2584.599999999993
177430290.9647,2664.2000000000094,2584.599999999993
177430292.9647,2664.2000000000094,2584.499999999993
177430294.9647,2673.1000000000095,2584.599999999993
177430296.9647,2673.1000000000095,2584.599999999993
177430298.9647,2673.1000000000095,2584.799999999993
177430300.9647,2673.1000000000095,2584.799999999993
177430302.9647,2673.1000000000095,2584.4999999999927
177430304.9647,2673.1000000000095,2584.5999999999926
177430306.9647,2673.1000000000095,2584.5999999999926
177430308.9647,2673.1000000000095,2584.4999999999927
177430310.9647,2673.0000000000095,2584.5999999999926
177430312.9647,2673.0000000000095,2584.5999999999926
177430314.9647,2673.0000000000095,2584.6999999999925
177430316.9647,2673.1000000000095,2584.6999999999925
177430318.9647,2673.1000000000095,2584.6999999999925
177430320.9647,2673.1000000000095,2584.6999999999925
177430322.9647,2673.1000000000095,2584.5999999999926
177430324.9647,2673.1000000000095,2584.6999999999925
177430326.9647,2673.1000000000095,2584.6999999999925
177430328.9647,2673.1000000000095,2584.5999999999926
177430330.9647,2673.2000000000094,2584.6999999999925
177430332.9647,2673.2000000000094,2584.6999999999925
177430334.9647,2673.2000000000094,2584.5999999999926
177430336.9647,2673.2000000000094,2584.6999999999925
177430338.9647,2673.2000000000094,2584.6999999999925
177430340.9647,2673.2000000000094,2584.5999999999926
177430342.9647,2673.2000000000094,2584.6999999999925
177430344.9647,2673.2000000000094,2584.6999999999925
177430346.9647,2673.2000000000094,2584.5999999999926
177430348.9647,2673.2000000000094,2584.5999999999926
177430350.9647,2673.2000000000094,2584.5999999999926
177430352.9647,2673.2000000000094,2584.5999999999926
177430354.9647,2673.2000000000094,2584.5999999999926
177430356.9647,2673.2000000000094,2584.6999999999925
177430358.9647,2673.2000000000094,2584.6999999999925
177430360.9647,2673.2000000000094,2584.5999999999926
177430362.9647,2673.2000000000094,2584.6999999999925
177430364.9647,2673.2000000000094,2584.6999999999925
177430366.9647,2673.2000000000094,2584.5999999999926
177430368.9647,2673.1000000000095,2584.6999999999925
177430370.9647,2673.1000000000095,2584.6999999999925
177430372.9647,2673.1000000000095,2584.6999999999925
177430374.9647,2673.1000000000095,2584.6999999999925
177430376.9647,2673.2000000000094,2584.5999999999926
177430378.9647,2673.2000000000094,2584.6999999999925
177430380.9647,2673.2000000000094,2584.6999999999925
177430382.9647,2673.2000000000094,2584.5999999999926
177430384.9647,2673.1000000000095,2584.5999999999926
177430386.9647,2673.2000000000094,2584.6999999999925
177430388.9647,2673.2000000000094,2584.6999999999925
177430390.9647,2673.2000000000094,2584.7999999999925
177430392.9647,2673.2000000000094,2584.8999999999924
177430394.9647,2673.2000000000094,2584.8999999999924
177430396.9647,2673.2000000000094,2584.7999999999925
177430398.9647,2673.1000000000095,2584.8999999999924
177430400.9647,2673.1000000000095,2584.8999999999924
177430402.9647,2673.1000000000095,2584.6999999999925
177430404.9647,2673.1000000000095,2584.6999999999925
177430406.9647,2673.0000000000095,2584.5999999999926
177430408.9647,2673.0000000000095,2584.6999999999925
177430410.9647,2673.0000000000095,2584.6999999999925
177430412.9647,2664.3000000000097,2584.5999999999926
177430414.9647,2673.20000000001,2584.6999999999925
177430416.9647,2673.20000000001,2584.6999999999925
177430418.9647,2673.20000000001,2584.6999999999925
177430420.9647,2673.20000000001,2584.6999999999925
177430422.9647,2673.20000000001,2584.5999999999926
177430424.9647,2673.20000000001,2584.6999999999925
177430426.9647,2673.20000000001,2584.6999999999925
177430428.9647,2673.20000000001,2584.5999999999926
177430430.9647,2673.20000000001,2584.6999999999925
177430432.9647,2673.20000000001,2584.6999999999925
177430434.9647,2683.4000000000096,2584.5999999999926
177430436.9647,2684.1000000000095,2584.6999999999925
177430438.9647,2695.3000000000093,2584.6999999999925
177430440.9647,2695.900000000009,2584.5999999999926
177430442.9647,2695.900000000009,2584.6999999999925
177430444.9647,2695.900000000009,2584.6999999999925
177430446.9647,2695.900000000009,2584.6999999999925
177430448.9647,2695.900000000009,2584.6999999999925
177430450.9647,2695.900000000009,2584.6999999999925
177430452.9647,2695.900000000009,2584.5999999999926
177430454.9647,2695.900000000009,2584.6999999999925
177430456.9647,2696.000000000009,2584.6999999999925
177430458.9647,2696.000000000009,2584.5999999999926
177430460.9647,2696.000000000009,2584.6999999999925
177430462.9647,2696.000000000009,2584.6999999999925
177430464.9647,2696.000000000009,2584.5999999999926
177430466.9647,2696.000000000009,2584.6999999999925
177430468.9647,2695.8000000000093,2584.5999999999926
177430470.9647,2696.1000000000095,2584.6999999999925
177430472.9647,2696.1000000000095,2584.6999999999925
177430474.9647,2696.1000000000095,2584.5999999999926
177430476.9647,2696.1000000000095,2584.6999999999925
177430478.9647,2696.0000000000095,2584.6999999999925
177430480.9647,2696.0000000000095,2584.5999999999926
177430482.9647,2696.0000000000095,2584.6999999999925
177430484.9647,2695.9000000000096,2584.6999999999925
177430486.9647,2695.9000000000096,2584.5999999999926
177430488.9647,2695.9000000000096,2584.6999999999925
177430490.9647,2695.8000000000097,2584.6999999999925
177430492.9647,2695.70000000001,2584.5999999999926
177430494.9647,2695.70000000001,2584.6999999999925
177430496.9647,2695.70000000001,2584.6999999999925
177430498.9647,2695.70000000001,2584.5999999999926
177430500.9647,2695.70000000001,2584.6999999999925
177430502.9647,2695.70000000001,2584.6999999999925
177430504.9647,2695.70000000001,2584.5999999999926
177430506.9647,2695.70000000001,2584.6999999999925
177430508.9647,2695.70000000001,2584.6999999999925
177430510.9647,2695.70000000001,2584.6999999999925
177430512.9647,2695.70000000001,2584.3999999999924
177430514.9647,2695.70000000001,2584.4999999999923
177430516.9647,2695.9000000000096,2584.4999999999923
177430518.9647,2695.9000000000096,2584.4999999999923
177430520.9647,2695.9000000000096,2584.4999999999923
177430522.9647,2709.0000000000095,2584.3999999999924
177430524.9647,2709.0000000000095,2584.4999999999923
177430526.9647,2709.0000000000095,2584.4999999999923
177430528.9647,2708.9000000000096,2584.099999999992
177430530.9647,2708.9000000000096,2584.199999999992
177430532.9647,2708.8000000000097,2584.199999999992
177430534.9647,2708.8000000000097,2584.099999999992
177430536.9647,2708.8000000000097,2584.199999999992
177430538.9647,2708.70000000001,2584.199999999992
177430540.9647,2708.60000000001,2584.099999999992
177430542.9647,2708.50000000001,2584.199999999992
177430544.9647,2708.50000000001,2584.199999999992
177430546.9647,2708.40000000001,2584.099999999992
177430548.9647,2708.40000000001,2584.199999999992
177430550.9647,2708.40000000001,2584.099999999992
177430552.9647,2708.60000000001,2584.199999999992
177430554.9647,2708.60000000001,2584.199999999992
177430556.9647,2708.60000000001,2584.099999999992
177430558.9647,2708.60000000001,2584.099999999992
177430560.9647,2708.50000000001,2584.099999999992
177430562.9647,2708.50000000001,2584.099999999992
177430564.9647,2708.40000000001,2584.199999999992
177430566.9647,2708.50000000001,2584.199999999992
177430568.9647,2708.50000000001,2584.199999999992
177430570.9647,2708.50000000001,2584.199999999992
177430572.9647,2708.50000000001,2584.199999999992
177430574.9647,2708.50000000001,2584.199999999992
177430576.9647,2708.50000000001,2584.199999999992
177430578.9647,2708.50000000001,2584.199999999992
177430580.9647,2708.50000000001,2584.099999999992
177430582.9647,2708.50000000001,2584.199999999992
177430584.9647,2708.50000000001,2584.199999999992
177430586.9647,2708.50000000001,2584.099999999992
177430588.9647,2708.50000000001,2584.199999999992
177430590.9647,2708.50000000001,2584.199999999992
177430592.9647,2708.50000000001,2584.099999999992
177430594.9647,2708.70000000001,2584.199999999992
177430596.9647,2708.70000000001,2584.099999999992
177430598.9647,2708.70000000001,2584.099999999992
177430600.9647,2708.60000000001,2584.199999999992
177430602.9647,2708.60000000001,2584.299999999992
177430604.9647,2708.60000000001,2584.399999999992
177430606.9647,2708.60000000001,2584.399999999992
177430608.9647,2710.00000000001,2584.299999999992
177430610.9647,2709.90000000001,2584.399999999992
177430612.9647,2709.90000000001,2584.399999999992
177430614.9647,2709.90000000001,2584.299999999992
177430616.9647,2709.90000000001,2584.399999999992
177430618.9647,2709.90000000001,2584.299999999992
177430620.9647,2709.90000000001,2584.399999999992
177430622.9647,2710.00000000001,2584.399999999992
177430624.9647,2710.00000000001,2584.299999999992
177430626.9647,2710.00000000001,2584.299999999992
177430628.9647,2710.00000000001,2584.299999999992
177430630.9647,2709.90000000001,2584.399999999992
177430632.9647,2709.80000000001,2584.399999999992
177430634.9647,2709.6000000000104,2584.299999999992
177430636.9647,2709.6000000000104,2584.399999999992
177430638.9647,2709.5000000000105,2584.399999999992
177430640.9647,2709.5000000000105,2584.299999999992
177430642.9647,2709.2000000000103,2584.399999999992
177430644.9647,2708.90000000001,2584.399999999992
177430646.9647,2708.60000000001,2584.299999999992
177430648.9647,2708.60000000001,2584.399999999992
177430650.9647,2708.60000000001,2584.399999999992
177430652.9647,2708.60000000001,2584.299999999992
177430654.9647,2708.60000000001,2584.399999999992
177430656.9647,2708.60000000001,2584.299999999992
177430658.9647,2708.60000000001,2584.299999999992
177430660.9647,2708.40000000001,2584.399999999992
177430662.9647,2708.40000000001,2584.399999999992
177430664.9647,2708.40000000001,2584.299999999992
177430666.9647,2708.40000000001,2584.399999999992
177430668.9647,2708.40000000001,2584.399999999992
177430670.9647,2708.40000000001,2584.299999999992
177430672.9647,2708.40000000001,2584.299999999992
177430674.9647,2708.30000000001,2584.299999999992
177430676.9647,2708.40000000001,2584.299999999992
177430678.9647,2708.40000000001,2584.299999999992
177430680.9647,2708.40000000001,2584.299999999992
177430682.9647,2708.40000000001,2584.299999999992
177430684.9647,2708.40000000001,2584.299999999992
177430686.9647,2708.30000000001,2584.299999999992
177430688.9647,2708.2000000000103,2584.299999999992
177430690.9647,2708.40000000001,2584.299999999992
177430692.9647,2708.40000000001,2584.299999999992
177430694.9647,2708.40000000001,2584.299999999992
177430696.9647,2708.40000000001,2584.299999999992
177430698.9647,2708.40000000001,2584.299999999992
177430700.9647,2708.40000000001,2584.299999999992
177430702.9647,2708.50000000001,2584.299999999992
177430704.9647,2708.50000000001,2584.299999999992
177430706.9647,2708.50000000001,2584.299999999992
177430708.9647,2708.50000000001,2584.299999999992
177430710.9647,2708.50000000001,2584.299999999992
177430712.9647,2708.50000000001,2584.299999999992
177430714.9647,2708.40000000001,2584.299999999992
177430716.9647,2708.40000000001,2584.299999999992
177430718.9647,2708.40000000001,2584.299999999992
177430720.9647,2708.40000000001,2584.299999999992
177430722.9647,2708.40000000001,2584.299999999992
177430724.9647,2708.40000000001,2584.299999999992
177430726.9647,2708.40000000001,2584.299999999992
177430728.9647,2708.40000000001,2584.299999999992
177430730.9647,2708.40000000001,2584.299999999992
177430732.9647,2708.40000000001,2584.299999999992
177430734.9647,2708.30000000001,2584.299999999992
177430736.9647,2708.30000000001,2584.399999999992
177430738.9647,2708.30000000001,2584.399999999992
177430740.9647,2708.30000000001,2584.299999999992
177430742.9647,2708.30000000001,2584.399999999992
177430744.9647,2708.30000000001,2584.399999999992
177430746.9647,2708.50000000001,2584.299999999992
177430748.9647,2708.50000000001,2584.399999999992
177430750.9647,2708.30000000001,2584.399999999992
177430752.9647,2708.30000000001,2584.299999999992
177430754.9647,2708.30000000001,2584.399999999992
177430756.9647,2708.30000000001,2584.399999999992
177430758.9647,2708.30000000001,2584.399999999992
177430760.9647,2708.40000000001,2584.499999999992
177430762.9647,2708.60000000001,2584.399999999992
177430764.9647,2708.50000000001,2584.499999999992
177430766.9647,2708.50000000001,2584.499999999992
177430768.9647,2708.50000000001,2584.399999999992
177430770.9647,2708.50000000001,2584.499999999992
177430772.9647,2708.50000000001,2584.499999999992
177430774.9647,2708.40000000001,2584.399999999992
177430776.9647,2708.40000000001,2584.499999999992
177430779.0647,2708.40000000001,2584.399999999992
177430780.9647,2708.40000000001,2584.499999999992
177430782.9647,2708.40000000001,2584.499999999992
177430784.9647,2708.40000000001,2584.399999999992
177430786.9647,2708.40000000001,2584.499999999992
177430788.9647,2708.40000000001,2584.499999999992
177430790.9647,2708.40000000001,2584.399999999992
177430792.9647,2708.40000000001,2584.499999999992
177430794.9647,2708.40000000001,2584.499999999992
177430796.9647,2708.40000000001,2584.6999999999916
177430798.9647,2708.40000000001,2584.6999999999916
177430800.9647,2708.40000000001,2584.6999999999916
177430802.9647,2708.40000000001,2584.5999999999917
177430804.9647,2708.40000000001,2584.6999999999916
177430806.9647,2708.40000000001,2584.6999999999916
177430808.9647,2708.40000000001,2584.5999999999917
177430810.9647,2708.40000000001,2584.6999999999916
177430812.9647,2708.30000000001,2584.6999999999916
177430814.9647,2708.30000000001,2584.5999999999917
177430816.9647,2708.30000000001,2584.6999999999916
177430818.9647,2708.30000000001,2584.6999999999916
177430820.9647,2708.30000000001,2584.5999999999917
177430822.9647,2708.30000000001,2584.6999999999916
177430824.9647,2708.30000000001,2584.6999999999916
177430826.9647,2708.30000000001,2584.5999999999917
177430828.9647,2708.30000000001,2584.6999999999916
177430830.9647,2708.30000000001,2584.6999999999916
177430832.9647,2708.30000000001,2584.6999999999916
177430834.9647,2708.30000000001,2584.6999999999916
177430836.9647,2708.30000000001,2584.5999999999917
177430838.9647,2708.30000000001,2584.5999999999917
177430840.9647,2708.30000000001,2584.5999999999917
177430842.9647,2708.30000000001,2584.5999999999917
177430844.9647,2708.30000000001,2584.5999999999917
177430846.9647,2708.30000000001,2584.5999999999917
177430848.9647,2708.2000000000103,2584.5999999999917
177430850.9647,2708.2000000000103,2584.5999999999917
177430852.9647,2708.2000000000103,2584.5999999999917
177430854.9647,2708.2000000000103,2584.5999999999917
177430856.9647,2708.2000000000103,2584.5999999999917
177430858.9647,2708.2000000000103,2584.6999999999916
177430860.9647,2708.2000000000103,2584.6999999999916
177430862.9647,2708.2000000000103,2584.6999999999916
177430864.9647,2708.2000000000103,2584.7999999999915
177430866.9647,2708.2000000000103,2584.7999999999915
177430868.9647,2708.1000000000104,2584.6999999999916
177430870.9647,2695.80000000001,2584.7999999999915
177430872.9647,2695.80000000001,2584.7999999999915
177430874.9647,2695.80000000001,2584.6999999999916
177430876.9647,2708.1000000000104,2584.7999999999915
177430878.9647,2708.1000000000104,2584.7999999999915
177430880.9647,2708.1000000000104,2584.6999999999916
177430882.9647,2708.2000000000103,2584.7999999999915
177430884.9647,2708.1000000000104,2584.7999999999915
177430886.9647,2708.1000000000104,2584.6999999999916
177430888.9647,2708.1000000000104,2584.7999999999915
177430890.9647,2708.1000000000104,2584.7999999999915
177430892.9647,2708.1000000000104,2584.6999999999916
177430894.9647,2708.1000000000104,2584.7999999999915
177430896.9647,2708.1000000000104,2584.6999999999916
177430898.9647,2708.4000000000106,2584.6999999999916
177430900.9647,2708.4000000000106,2584.6999999999916
177430902.9647,2708.4000000000106,2584.6999999999916
177430904.9647,2708.2000000000107,2584.6999999999916
177430906.9647,2708.100000000011,2584.7999999999915
177430908.9647,2708.100000000011,2584.7999999999915
177430910.9647,2708.100000000011,2584.6999999999916
177430912.9647,2708.100000000011,2584.6999999999916
177430914.9647,2708.100000000011,2584.6999999999916
177430916.9647,2708.100000000011,2584.6999999999916
177430918.9647,2708.2000000000107,2584.6999999999916
177430920.9647,2708.2000000000107,2584.7999999999915
177430922.9647,2708.2000000000107,2584.7999999999915
177430924.9647,2708.2000000000107,2584.6999999999916
177430926.9647,2708.2000000000107,2584.7999999999915
177430928.9647,2708.2000000000107,2584.7999999999915
177430930.9647,2708.2000000000107,2584.7999999999915
177430932.9647,2708.2000000000107,2584.7999999999915
177430934.9647,2708.2000000000107,2584.6999999999916
177430936.9647,2708.2000000000107,2584.7999999999915
177430938.9647,2708.2000000000107,2584.7999999999915
177430940.9647,2708.2000000000107,2584.6999999999916
177430942.9647,2708.2000000000107,2584.7999999999915
177430944.9647,2708.2000000000107,2584.7999999999915
177430946.9647,2708.2000000000107,2584.6999999999916
177430948.9647,2708.2000000000107,2584.7999999999915
177430950.9647,2708.2000000000107,2584.7999999999915
177430952.9647,2708.2000000000107,2584.6999999999916
177430954.9647,2708.2000000000107,2584.7999999999915
177430956.9647,2708.2000000000107,2584.7999999999915
177430958.9647,2708.2000000000107,2584.6999999999916
177430960.9647,2708.2000000000107,2584.7999999999915
177430962.9647,2708.2000000000107,2584.7999999999915
177430964.9647,2708.2000000000107,2584.8999999999915
177430966.9647,2708.2000000000107,2584.9999999999914
177430968.9647,2708.2000000000107,2584.9999999999914
177430970.9647,2708.2000000000107,2584.8999999999915
177430972.9647,2708.2000000000107,2584.9999999999914
177430974.9647,2708.2000000000107,2584.9999999999914
177430976.9647,2708.2000000000107,2585.0999999999913
177430978.9647,2708.2000000000107,2584.8999999999915
177430980.9647,2708.2000000000107,2584.8999999999915
177430982.9647,2708.2000000000107,2584.8999999999915
177430984.9647,2708.2000000000107,2584.8999999999915
177430986.9647,2708.2000000000107,2584.8999999999915
177430988.9647,2708.2000000000107,2584.8999999999915
177430990.9647,2708.2000000000107,2584.9999999999914
177430992.9647,2708.2000000000107,2591.199999999991
177430994.9647,2708.2000000000107,2591.299999999991
177430996.9647,2708.2000000000107,2591.299999999991
177430998.9647,2708.100000000011,2591.399999999991
177431000.9647,2708.2000000000107,2591.399999999991
177431003.0647,2708.2000000000107,2591.199999999991
177431005.0647,2708.2000000000107,2591.299999999991
177431007.0647,2708.2000000000107,2591.299999999991
177431009.0647,2708.2000000000107,2591.199999999991
177431011.0647,2708.2000000000107,2591.299999999991
177431013.0647,2708.2000000000107,2591.399999999991
177431015.0647,2708.2000000000107,2591.399999999991
177431017.0647,2708.2000000000107,2591.399999999991
177431019.0647,2708.2000000000107,2591.399999999991
177431021.0647,2708.2000000000107,2591.399999999991
177431023.0647,2708.2000000000107,2591.399999999991
177431025.0647,2708.2000000000107,2591.399999999991
177431027.0647,2708.2000000000107,2591.399999999991
177431029.0647,2708.2000000000107,2591.399999999991
177431031.0647,2708.2000000000107,2591.399999999991
177431033.0647,2708.3000000000106,2591.399999999991
177431035.0647,2708.3000000000106,2591.399999999991
177431037.0647,2708.3000000000106,2591.399999999991
177431039.0647,2708.3000000000106,2591.399999999991
177431041.0647,2708.2000000000107,2591.399999999991
177431043.0647,2708.2000000000107,2591.399999999991
177431045.0647,2708.100000000011,2591.499999999991
177431047.0647,2708.100000000011,2591.499999999991
177431049.0647,2708.000000000011,2591.399999999991
177431051.0647,2708.000000000011,2591.499999999991
177431053.0647,2708.000000000011,2591.499999999991
177431055.0647,2707.900000000011,2591.499999999991
177431057.0647,2707.900000000011,2591.499999999991
177431059.0647,2707.900000000011,2591.499999999991
177431061.0647,2707.900000000011,2591.499999999991
177431063.0647,2708.300000000011,2591.399999999991
177431065.0647,2708.300000000011,2591.299999999991
177431067.0647,2708.300000000011,2591.299999999991
177431069.0647,2708.300000000011,2591.199999999991
177431071.0647,2708.300000000011,2591.299999999991
177431073.0647,2708.300000000011,2591.399999999991
177431075.0647,2708.300000000011,2591.499999999991
177431077.0647,2708.300000000011,2591.599999999991
177431079.0647,2708.300000000011,2591.599999999991
177431081.0647,2708.200000000011,2591.6999999999907
177431083.0647,2708.200000000011,2591.6999999999907
177431085.0647,2708.1000000000113,2591.599999999991
177431087.0647,2708.1000000000113,2591.6999999999907
177431089.0647,2708.1000000000113,2591.1999999999907
177431091.0647,2708.1000000000113,2591.499999999991
177431093.0647,2708.300000000011,2591.499999999991
177431095.0647,2708.300000000011,2591.499999999991
177431097.0647,2708.300000000011,2591.599999999991
177431099.0647,2708.300000000011,2591.6999999999907
177431101.0647,2708.300000000011,2591.8999999999905
177431103.0647,2708.200000000011,2591.8999999999905
177431105.0647,2708.200000000011,2591.9999999999905
177431107.0647,2708.200000000011,2592.0999999999904
177431109.0647,2708.200000000011,2592.1999999999903
177431111.0647,2708.200000000011,2592.1999999999903
177431113.0647,2708.200000000011,2592.29999999999
177431115.0647,2708.200000000011,2592.29999999999
177431117.0647,2708.200000000011,2592.1999999999903
177431119.0647,2708.1000000000113,2592.29999999999
177431121.0647,2708.0000000000114,2592.29999999999
177431123.0647,2708.0000000000114,2591.99999999999
177431125.0647,2708.0000000000114,2592.09999999999
177431127.0647,2708.0000000000114,2592.09999999999
177431129.0647,2707.9000000000115,2592.19999999999
177431131.0647,2707.9000000000115,2592.19999999999
177431133.0647,2707.9000000000115,2592.09999999999
177431135.0647,2707.9000000000115,2592.19999999999
177431137.0647,2707.9000000000115,2592.19999999999
177431139.0647,2707.9000000000115,2591.99999999999
177431141.0647,2707.9000000000115,2591.19999999999
177431143.0647,2707.9000000000115,2591.19999999999
177431145.0647,2707.9000000000115,2591.19999999999
177431147.0647,2707.9000000000115,2591.2999999999897
177431149.0647,2707.9000000000115,2591.3999999999896
177431151.0647,2707.9000000000115,2591.3999999999896
177431153.0647,2707.9000000000115,2591.3999999999896
177431155.0647,2707.9000000000115,2591.3999999999896
177431157.0647,2707.9000000000115,2591.3999999999896
177431159.0647,2707.9000000000115,2591.3999999999896
177431161.0647,2707.9000000000115,2591.3999999999896
177431163.0647,2707.9000000000115,2591.3999999999896
177431165.0647,2707.9000000000115,2591.19999999999
177431167.0647,2707.8000000000116,2591.19999999999
177431169.0647,2707.8000000000116,2591.19999999999
177431171.0647,2707.8000000000116,2591.19999999999
177431173.0647,2707.8000000000116,2591.19999999999
177431175.0647,2707.8000000000116,2591.19999999999
177431177.0647,2707.8000000000116,2591.19999999999
177431179.0647,2707.8000000000116,2591.19999999999
177431181.0647,2707.8000000000116,2591.19999999999
177431183.0647,2707.8000000000116,2591.19999999999
177431185.0647,2707.8000000000116,2591.19999999999
177431187.0647,2707.7000000000116,2591.19999999999
177431189.0647,2707.7000000000116,2591.2999999999897
177431191.0647,2707.9000000000115,2591.19999999999
177431193.0647,2707.9000000000115,2591.19999999999
177431195.0647,2707.9000000000115,2591.19999999999
177431197.0647,2707.9000000000115,2591.19999999999
177431199.0647,2707.9000000000115,2591.19999999999
177431201.0647,2707.9000000000115,2591.2999999999897
177431203.0647,2707.9000000000115,2591.2999999999897
177431205.0647,2707.9000000000115,2591.19999999999
177431207.0647,2707.9000000000115,2591.2999999999897
177431209.0647,2707.9000000000115,2591.2999999999897
177431211.0647,2707.9000000000115,2591.2999999999897
177431213.0647,2707.9000000000115,2591.2999999999897
177431215.0647,2707.9000000000115,2591.19999999999
177431217.0647,2707.7000000000116,2591.2999999999897
177431219.0647,2707.7000000000116,2591.2999999999897
177431221.0647,2707.7000000000116,2591.19999999999
177431223.0647,2707.7000000000116,2591.2999999999897
177431225.0647,2707.7000000000116,2591.3999999999896
177431227.0647,2707.7000000000116,2591.3999999999896
177431229.0647,2707.7000000000116,2591.4999999999895
177431231.0647,2707.7000000000116,2591.3999999999896
177431233.0647,2707.7000000000116,2591.4999999999895
177431235.0647,2707.7000000000116,2591.3999999999896
177431237.0647,2707.7000000000116,2591.3999999999896
177431239.0647,2707.7000000000116,2591.3999999999896
177431241.0647,2707.6000000000117,2591.3999999999896
177431243.0647,2707.6000000000117,2591.3999999999896
177431245.0647,2707.6000000000117,2591.3999999999896
177431247.0647,2707.6000000000117,2591.19999999999
177431249.0647,2707.6000000000117,2591.19999999999
177431251.0647,2707.6000000000117,2584.8999999999896
177431253.0647,2708.2000000000116,2707.9999999999895
177431255.0647,2708.3000000000116,2707.9999999999895
177431257.0647,2708.3000000000116,2707.9999999999895
177431259.0647,2708.3000000000116,2707.9999999999895
177431261.0647,2708.3000000000116,2708.0999999999894
177431263.0647,2708.3000000000116,2708.0999999999894
177431265.0647,2708.3000000000116,2584.8999999999896
177431267.0647,2708.3000000000116,2584.9999999999895
177431269.0647,2708.3000000000116,2584.9999999999895
177431271.0647,2708.3000000000116,2584.8999999999896
177431273.0647,2708.3000000000116,2584.8999999999896
177431275.0647,2708.2000000000116,2584.8999999999896
177431277.0647,2708.2000000000116,2584.9999999999895
177431279.0647,2708.2000000000116,2584.9999999999895
177431281.0647,2708.2000000000116,2584.8999999999896
177431283.0647,2708.2000000000116,2584.9999999999895
177431285.0647,2708.1000000000117,2584.9999999999895
177431287.0647,2708.1000000000117,2584.8999999999896
177431289.0647,2708.1000000000117,2584.9999999999895
177431291.0647,2708.1000000000117,2584.9999999999895
177431293.0647,2708.1000000000117,2585.1999999999894
177431295.0647,2707.900000000012,2585.1999999999894
177431297.0647,2707.700000000012,2584.899999999989
177431299.0647,2707.600000000012,2584.999999999989
177431301.0647,2707.600000000012,2584.999999999989
177431303.0647,2707.600000000012,2584.899999999989
177431305.0647,2707.600000000012,2584.999999999989
177431307.0647,2707.600000000012,2584.999999999989
177431309.0647,2707.600000000012,2584.899999999989
177431311.0647,2707.600000000012,2585.099999999989
177431313.0647,2707.800000000012,2585.099999999989
177431315.0647,2707.800000000012,2585.099999999989
177431317.0647,2707.800000000012,2585.099999999989
177431319.0647,2707.900000000012,2585.099999999989
177431321.0647,2708.000000000012,2585.299999999989
177431323.0647,2708.000000000012,2585.299999999989
177431325.0647,2708.000000000012,2585.3999999999887
177431327.0647,2708.000000000012,2585.3999999999887
177431329.0647,2708.000000000012,2585.0999999999885
177431331.0647,2707.900000000012,2585.0999999999885
177431333.0647,2707.900000000012,2585.1999999999884
177431335.0647,2707.900000000012,2585.0999999999885
177431337.0647,2707.900000000012,2585.0999999999885
177431339.0647,2707.800000000012,2585.1999999999884
177431341.0647,2707.800000000012,2585.1999999999884
177431343.0647,2707.800000000012,2585.0999999999885
177431345.0647,2707.800000000012,2585.1999999999884
177431347.0647,2708.000000000012,2585.1999999999884
177431349.0647,2708.000000000012,2585.2999999999884
177431351.0647,2708.000000000012,2585.3999999999883
177431353.0647,2708.000000000012,2585.499999999988
177431355.0647,2708.000000000012,2585.499999999988
177431357.0647,2708.000000000012,2585.499999999988
177431359.0647,2708.000000000012,2585.499999999988
177431361.0647,2708.000000000012,2585.499999999988
177431363.0647,2708.000000000012,2585.099999999988
177431365.0647,2707.800000000012,2585.099999999988
177431367.0647,2707.800000000012,2585.099999999988
177431369.0647,2707.800000000012,2585.099999999988
177431371.0647,2707.800000000012,2585.199999999988
177431373.0647,2707.800000000012,2585.199999999988
177431375.0647,2707.800000000012,2585.199999999988
177431377.0647,2707.800000000012,2585.199999999988
177431379.0647,2707.800000000012,2585.199999999988
177431381.0647,2707.800000000012,2585.199999999988
177431383.0647,2707.800000000012,2585.299999999988
177431385.0647,2707.800000000012,2585.399999999988
177431387.0647,2707.800000000012,2585.299999999988
177431389.0647,2707.700000000012,2585.399999999988
177431391.0647,2707.700000000012,2585.399999999988
177431393.0647,2707.600000000012,2585.299999999988
177431395.0647,2707.600000000012,2585.399999999988
177431397.0647,2707.600000000012,2585.299999999988
177431399.0647,2707.600000000012,2585.399999999988
177431401.0647,2707.600000000012,2585.399999999988
177431403.0647,2707.600000000012,2585.299999999988
177431405.0647,2707.600000000012,2585.399999999988
177431407.0647,2707.5000000000123,2585.399999999988
177431409.0647,2707.5000000000123,2585.399999999988
177431411.0647,2707.4000000000124,2585.4999999999877
177431413.0647,2707.4000000000124,2585.4999999999877
177431415.0647,2707.4000000000124,2585.5999999999876
177431417.0647,2707.4000000000124,2585.6999999999875
177431419.0647,2707.4000000000124,2585.6999999999875
177431421.0647,2708.0000000000123,2585.7999999999874
177431423.0647,2708.0000000000123,2585.7999999999874
177431425.0647,2708.0000000000123,2585.7999999999874
177431427.0647,2708.0000000000123,2585.7999999999874
177431429.0647,2708.0000000000123,2585.7999999999874
177431431.0647,2708.0000000000123,2585.9999999999873
177431433.0647,2708.0000000000123,2586.099999999987
177431435.0647,2708.0000000000123,2586.199999999987
177431437.0647,2708.0000000000123,2586.199999999987
177431439.0647,2708.0000000000123,2586.199999999987
177431441.0647,2708.0000000000123,2586.199999999987
177431443.1647,2708.0000000000123,2586.099999999987
177431445.0647,2708.0000000000123,2586.299999999987
177431447.0647,2708.0000000000123,2586.299999999987
177431449.0647,2707.700000000012,2586.299999999987
177431451.0647,2708.0000000000123,2586.299999999987
177431453.0647,2707.9000000000124,2586.199999999987
177431455.0647,2707.9000000000124,2586.299999999987
177431457.0647,2707.8000000000125,2586.099999999987
177431459.0647,2707.8000000000125,2586.199999999987
177431461.0647,2707.8000000000125,2586.199999999987
177431463.0647,2707.8000000000125,2586.399999999987
177431465.0647,2707.8000000000125,2586.399999999987
177431467.0647,2708.4000000000124,2586.0999999999867
177431469.0647,2708.4000000000124,2586.0999999999867
177431471.0647,2708.4000000000124,2586.0999999999867
177431473.0647,2708.4000000000124,2584.999999999987
177431475.0647,2708.3000000000125,2584.999999999987
177431477.0647,2708.2000000000126,2584.899999999987
177431479.0647,2708.2000000000126,2584.999999999987
177431481.0647,2708.3000000000125,2584.999999999987
177431483.0647,2708.3000000000125,2584.999999999987
177431485.0647,2696.0000000000123,2585.0999999999867
177431487.0647,2696.0000000000123,2585.0999999999867
177431489.0647,2708.200000000012,2585.0999999999867
177431491.0647,2708.300000000012,2584.899999999987
177431493.0647,2708.300000000012,2584.899999999987
177431495.0647,2708.200000000012,2584.999999999987
177431497.0647,2708.200000000012,2584.899999999987
177431499.0647,2708.200000000012,2585.0999999999867
177431501.0647,2708.200000000012,2585.0999999999867
177431503.0647,2708.200000000012,2585.0999999999867
177431505.0647,2708.200000000012,2585.1999999999866
177431507.0647,2708.200000000012,2585.1999999999866
177431509.0647,2708.200000000012,2585.3999999999864
177431511.0647,2708.200000000012,2585.3999999999864
177431513.0647,2708.200000000012,2585.3999999999864
177431515.0647,2708.200000000012,2585.3999999999864
177431517.0647,2708.100000000012,2585.3999999999864
177431519.0647,2708.200000000012,2585.4999999999864
177431521.0647,2708.200000000012,2585.4999999999864
177431523.0647,2708.200000000012,2585.5999999999863
177431525.0647,2708.200000000012,2585.699999999986
177431527.0647,2708.200000000012,2585.699999999986
177431529.0647,2708.200000000012,2585.699999999986
177431531.0647,2708.100000000012,2585.799999999986
177431533.0647,2708.0000000000123,2585.799999999986
177431535.0647,2708.0000000000123,2585.799999999986
177431537.0647,2708.0000000000123,2585.799999999986
177431539.0647,2708.0000000000123,2585.799999999986
177431541.0647,2707.9000000000124,2585.799999999986
177431543.0647,2708.0000000000123,2585.799999999986
177431545.0647,2708.0000000000123,2585.799999999986
177431547.0647,2708.0000000000123,2585.799999999986
177431549.0647,2708.0000000000123,2585.899999999986
177431551.0647,2708.0000000000123,2585.899999999986
177431553.0647,2708.0000000000123,2585.799999999986
177431555.0647,2707.9000000000124,2585.899999999986
177431557.0647,2707.9000000000124,2585.699999999986
177431559.0647,2708.0000000000123,2585.699999999986
177431561.0647,2708.0000000000123,2585.799999999986
177431563.0647,2708.0000000000123,2585.799999999986
177431565.0647,2708.0000000000123,2585.699999999986
177431567.0647,2708.0000000000123,2585.799999999986
177431569.0647,2708.200000000012,2585.799999999986
177431571.0647,2708.200000000012,2585.699999999986
177431573.0647,2708.200000000012,2585.799999999986
177431575.0647,2708.200000000012,2585.799999999986
177431577.0647,2708.200000000012,2585.699999999986
177431579.0647,2708.200000000012,2585.799999999986
177431581.0647,2708.300000000012,2584.899999999986
177431583.0647,2708.300000000012,2584.999999999986
177431585.0647,2708.600000000012,2584.899999999986
177431587.0647,2708.600000000012,2584.899999999986
177431589.0647,2708.600000000012,2584.999999999986
177431591.0647,2708.600000000012,2584.999999999986
177431593.0647,2708.600000000012,2584.899999999986
177431595.0647,2708.600000000012,2585.099999999986
177431597.0647,2708.600000000012,2585.1999999999857
177431599.0647,2708.600000000012,2585.1999999999857
177431601.0647,2708.600000000012,2585.1999999999857
177431603.0647,2708.5000000000123,2585.1999999999857
177431605.0647,2708.5000000000123,2585.1999999999857
177431607.0647,2708.4000000000124,2585.1999999999857
177431609.0647,2708.7000000000126,2585.1999999999857
177431611.0647,2708.7000000000126,2585.1999999999857
177431613.0647,2708.6000000000126,2585.1999999999857
177431615.0647,2708.6000000000126,2585.1999999999857
177431617.0647,2708.7000000000126,2585.1999999999857
177431619.0647,2708.7000000000126,2585.1999999999857
177431621.0647,2708.7000000000126,2585.1999999999857
177431623.0647,2708.7000000000126,2585.1999999999857
177431625.0647,2708.7000000000126,2585.2999999999856
177431627.0647,2708.7000000000126,2585.2999999999856
177431629.0647,2708.7000000000126,2585.1999999999857
177431631.0647,2708.7000000000126,2585.1999999999857
177431633.0647,2708.7000000000126,2585.1999999999857
177431635.0647,2708.7000000000126,2585.1999999999857
177431637.0647,2708.7000000000126,2585.1999999999857
177431639.0647,2708.7000000000126,2585.1999999999857
177431641.0647,2708.7000000000126,2585.1999999999857
177431643.0647,2708.7000000000126,2585.1999999999857
177431645.0647,2708.7000000000126,2585.1999999999857
177431647.0647,2708.6000000000126,2585.1999999999857
177431649.0647,2708.6000000000126,2585.1999999999857
177431651.0647,2708.6000000000126,2585.1999999999857
177431653.0647,2708.6000000000126,2585.1999999999857
177431655.0647,2708.7000000000126,2585.1999999999857
177431657.0647,2708.5000000000127,2585.1999999999857
177431659.0647,2708.5000000000127,2585.2999999999856
177431661.0647,2708.400000000013,2585.1999999999857
177431663.1647,2708.400000000013,2585.1999999999857
177431665.0647,2708.400000000013,2585.1999999999857
177431667.0647,2708.300000000013,2585.1999999999857
177431669.0647,2708.300000000013,2585.1999999999857
177431671.0647,2708.300000000013,2585.1999999999857
177431673.0647,2708.200000000013,2585.1999999999857
177431675.0647,2708.100000000013,2585.1999999999857
177431677.0647,2708.100000000013,2585.1999999999857
177431679.0647,2708.000000000013,2585.1999999999857
177431681.0647,2707.9000000000133,2585.1999999999857
177431683.0647,2707.9000000000133,2585.1999999999857
177431685.0647,2708.000000000013,2585.1999999999857
177431687.0647,2707.9000000000133,2585.1999999999857
177431689.0647,2707.9000000000133,2585.1999999999857
177431691.0647,2707.9000000000133,2585.1999999999857
177431693.0647,2707.9000000000133,2584.6999999999857
177431695.0647,2707.9000000000133,2584.6999999999857
177431697.0647,2707.9000000000133,2584.599999999986
177431699.0647,2707.9000000000133,2584.7999999999856
177431701.0647,2707.9000000000133,2584.7999999999856
177431703.0647,2707.9000000000133,2584.599999999986
177431705.0647,2707.9000000000133,2584.6999999999857
177431707.0647,2707.9000000000133,2584.6999999999857
177431709.0647,2707.9000000000133,2584.3999999999855
177431711.0647,2707.9000000000133,2584.4999999999854
177431713.0647,2707.8000000000134,2584.4999999999854
177431715.0647,2707.8000000000134,2584.3999999999855
177431717.0647,2707.8000000000134,2584.4999999999854
177431719.0647,2707.8000000000134,2584.4999999999854
177431721.0647,2707.8000000000134,2584.3999999999855
177431723.0647,2707.8000000000134,2584.4999999999854
177431725.0647,2707.8000000000134,2584.4999999999854
177431727.0647,2707.8000000000134,2584.5999999999854
177431729.0647,2707.8000000000134,2584.6999999999853
177431731.0647,2707.7000000000135,2584.6999999999853
177431733.0647,2707.7000000000135,2584.5999999999854
177431735.0647,2707.5000000000136,2584.6999999999853
177431737.0647,2707.5000000000136,2584.6999999999853
177431739.0647,2707.5000000000136,2583.6999999999853
177431741.0647,2707.4000000000137,2583.6999999999853
177431743.0647,2707.4000000000137,2583.6999999999853
177431745.0647,2707.4000000000137,2583.6999999999853
177431747.0647,2707.300000000014,2583.799999999985
177431749.0647,2707.300000000014,2583.799999999985
177431751.0647,2707.300000000014,2583.6999999999853
177431753.0647,2707.300000000014,2583.799999999985
177431755.0647,2707.300000000014,2583.799999999985
177431757.0647,2707.4000000000137,2583.6999999999853
177431759.0647,2707.4000000000137,2583.6999999999853
177431761.0647,2707.4000000000137,2583.6999999999853
177431763.0647,2707.300000000014,2583.6999999999853
177431765.0647,2707.200000000014,2583.6999999999853
177431767.0647,2707.200000000014,2583.6999999999853
177431769.0647,2707.200000000014,2583.6999999999853
177431771.0647,2707.200000000014,2583.799999999985
177431773.0647,2707.300000000014,2583.799999999985
177431775.0647,2707.4000000000137,2583.799999999985
177431777.0647,2707.4000000000137,2583.899999999985
177431779.0647,2707.4000000000137,2583.899999999985
177431781.0647,2707.4000000000137,2583.799999999985
177431783.0647,2707.300000000014,2583.899999999985
177431785.0647,2707.300000000014,2583.999999999985
177431787.0647,2707.300000000014,2583.999999999985
177431789.0647,2707.300000000014,2584.099999999985
177431791.0647,2707.300000000014,2583.699999999985
177431793.0647,2707.300000000014,2583.699999999985
177431795.0647,2707.300000000014,2583.7999999999847
177431797.0647,2707.300000000014,2583.7999999999847
177431799.0647,2707.300000000014,2583.699999999985
177431801.0647,2707.700000000014,2583.7999999999847
177431803.0647,2707.700000000014,2583.699999999985
177431805.0647,2707.700000000014,2583.699999999985
177431807.0647,2707.600000000014,2583.7999999999847
177431809.0647,2707.600000000014,2583.8999999999846
177431811.0647,2707.600000000014,2583.9999999999845
177431813.0647,2707.600000000014,2583.9999999999845
177431815.0647,2707.500000000014,2583.6999999999844
177431817.0647,2707.500000000014,2583.7999999999843
177431819.0647,2707.500000000014,2583.7999999999843
177431821.0647,2707.500000000014,2583.6999999999844
177431823.0647,2707.500000000014,2583.7999999999843
177431825.0647,2707.400000000014,2583.7999999999843
177431827.0647,2707.400000000014,2583.6999999999844
177431829.0647,2707.400000000014,2583.6999999999844
177431831.0647,2707.500000000014,2583.6999999999844
177431833.0647,2707.600000000014,2583.6999999999844
177431835.0647,2707.600000000014,2583.6999999999844
177431837.0647,2707.600000000014,2583.6999999999844
177431839.0647,2707.500000000014,2583.6999999999844
177431841.0647,2707.500000000014,2583.6999999999844
177431843.0647,2707.500000000014,2583.6999999999844
177431845.0647,2707.400000000014,2583.6999999999844
177431847.0647,2707.400000000014,2583.6999999999844
177431849.0647,2707.400000000014,2583.7999999999843
177431851.0647,2707.3000000000143,2583.6999999999844
177431853.0647,2707.1000000000145,2583.7999999999843
177431855.0647,2707.0000000000146,2583.7999999999843
177431857.0647,2707.0000000000146,2583.6999999999844
177431859.0647,2707.0000000000146,2583.7999999999843
177431861.0647,2707.0000000000146,2583.7999999999843
177431863.0647,2707.0000000000146,2583.6999999999844
177431865.0647,2707.0000000000146,2583.7999999999843
177431867.0647,2707.0000000000146,2583.7999999999843
177431869.0647,2707.0000000000146,2583.6999999999844
177431871.0647,2707.0000000000146,2583.7999999999843
177431873.0647,2707.0000000000146,2583.7999999999843
177431875.0647,2707.0000000000146,2583.6999999999844
177431877.0647,2706.9000000000146,2583.7999999999843
177431879.0647,2706.9000000000146,2583.7999999999843
177431881.0647,2706.9000000000146,2583.6999999999844
177431883.0647,2706.9000000000146,2583.7999999999843
177431885.0647,2706.9000000000146,2583.7999999999843
177431887.0647,2706.700000000015,2583.6999999999844
177431889.0647,2706.700000000015,2583.6999999999844
177431891.0647,2706.700000000015,2583.6999999999844
177431893.0647,2706.600000000015,2583.6999999999844
177431895.0647,2706.600000000015,2583.6999999999844
177431897.0647,2706.600000000015,2583.6999999999844
177431899.0647,2706.600000000015,2583.7999999999843
177431901.0647,2706.500000000015,2583.7999999999843
177431903.0647,2706.500000000015,2583.6999999999844
177431905.0647,2706.400000000015,2583.7999999999843
177431907.0647,2706.400000000015,2583.7999999999843
177431909.0647,2706.300000000015,2583.6999999999844
177431911.0647,2706.300000000015,2583.899999999984
177431913.0647,2706.300000000015,2583.899999999984
177431915.0647,2706.300000000015,2583.999999999984
177431917.0647,2706.300000000015,2584.099999999984
177431919.0647,2706.300000000015,2584.099999999984
177431921.0647,2706.300000000015,2584.199999999984
177431923.0647,2706.300000000015,2584.299999999984
177431925.0647,2706.300000000015,2584.299999999984
177431927.0647,2706.300000000015,2584.4999999999836
177431929.0647,2706.300000000015,2583.6999999999834
177431931.0647,2706.300000000015,2583.6999999999834
177431933.0647,2706.300000000015,2583.7999999999834
177431935.0647,2706.300000000015,2583.7999999999834
177431937.0647,2706.2000000000153,2583.6999999999834
177431939.0647,2706.300000000015,2583.7999999999834
177431941.0647,2706.300000000015,2583.7999999999834
177431943.0647,2706.300000000015,2583.7999999999834
177431945.0647,2706.300000000015,2583.7999999999834
177431947.0647,2706.300000000015,2583.6999999999834
177431949.0647,2706.300000000015,2583.7999999999834
177431951.0647,2706.2000000000153,2583.7999999999834
177431953.0647,2706.2000000000153,2583.7999999999834
177431955.0647,2706.300000000015,2583.7999999999834
177431957.0647,2706.300000000015,2583.6999999999834
177431959.0647,2706.300000000015,2583.7999999999834
177431961.0647,2706.300000000015,2583.7999999999834
177431963.0647,2706.300000000015,2583.6999999999834
177431965.0647,2706.300000000015,2583.7999999999834
177431967.0647,2706.300000000015,2583.7999999999834
177431969.0647,2706.300000000015,2583.6999999999834
177431971.0647,2706.300000000015,2583.7999999999834
177431973.0647,2706.300000000015,2583.7999999999834
177431975.0647,2706.300000000015,2583.7999999999834
177431977.0647,2706.300000000015,2583.7999999999834
177431979.0647,2706.300000000015,2583.6999999999834
177431981.0647,2706.300000000015,2583.7999999999834
177431983.0647,2706.400000000015,2583.7999999999834
177431985.0647,2706.400000000015,2583.6999999999834
177431987.0647,2706.400000000015,2583.7999999999834
177431989.0647,2706.400000000015,2583.7999999999834
177431991.0647,2706.400000000015,2583.6999999999834
177431993.0647,2706.400000000015,2583.8999999999833
177431995.0647,2706.400000000015,2583.999999999983
177431997.0647,2706.400000000015,2583.999999999983
177431999.0647,2706.400000000015,2583.8999999999833
177432001.0647,2707.300000000015,2583.999999999983
177432003.0647,2707.2000000000153,2583.999999999983
177432005.0647,2707.1000000000154,2583.999999999983
177432007.0647,2706.9000000000156,2584.099999999983
177432009.0647,2706.9000000000156,2583.999999999983
177432011.0647,2706.9000000000156,2584.099999999983
177432013.0647,2706.9000000000156,2584.099999999983
177432015.0647,2706.9000000000156,2584.099999999983
177432017.0647,2706.9000000000156,2584.099999999983
177432019.0647,2706.9000000000156,2583.999999999983
177432021.0647,2706.8000000000156,2583.8999999999833
177432023.0647,2706.8000000000156,2583.8999999999833
177432025.0647,2706.8000000000156,2583.8999999999833
177432027.0647,2706.8000000000156,2583.999999999983
177432029.0647,2706.8000000000156,2583.999999999983
177432031.0647,2706.8000000000156,2583.8999999999833
177432033.0647,2706.8000000000156,2583.8999999999833
177432035.0647,2706.8000000000156,2583.8999999999833
177432037.0647,2706.8000000000156,2583.8999999999833
177432039.0647,2706.8000000000156,2583.8999999999833
177432041.0647,2706.7000000000157,2583.8999999999833
177432043.0647,2706.7000000000157,2583.999999999983
177432045.0647,2706.7000000000157,2583.999999999983
177432047.0647,2706.600000000016,2583.8999999999833
177432049.0647,2706.600000000016,2583.999999999983
177432051.0647,2706.600000000016,2583.999999999983
177432053.0647,2706.600000000016,2583.8999999999833
177432055.0647,2706.600000000016,2583.999999999983
177432057.0647,2706.600000000016,2583.999999999983
177432059.0647,2706.600000000016,2583.8999999999833
177432061.0647,2706.600000000016,2583.999999999983
177432063.0647,2706.600000000016,2583.999999999983
177432065.0647,2706.600000000016,2583.999999999983
177432067.0647,2706.600000000016,2583.8999999999833
177432069.0647,2706.600000000016,2583.999999999983
177432071.0647,2706.600000000016,2583.8999999999833
177432073.0647,2706.7000000000157,2583.999999999983
177432075.0647,2706.7000000000157,2583.999999999983
177432077.0647,2706.7000000000157,2583.8999999999833
177432079.0647,2706.7000000000157,2583.999999999983
177432081.0647,2706.7000000000157,2583.999999999983
177432083.0647,2706.7000000000157,2583.999999999983
177432085.0647,2706.9000000000156,2583.999999999983
177432087.0647,2694.6000000000154,2583.8999999999833
177432089.0647,2694.6000000000154,2583.999999999983
177432091.0647,2694.6000000000154,2583.999999999983
177432093.0647,2694.6000000000154,2583.999999999983
177432095.0647,2694.6000000000154,2584.099999999983
177432097.0647,2694.6000000000154,2584.099999999983
177432099.0647,2694.5000000000155,2583.8999999999833
177432101.0647,2694.5000000000155,2583.999999999983
177432103.0647,2694.4000000000156,2583.999999999983
177432105.0647,2694.4000000000156,2583.8999999999833
177432107.0647,2694.4000000000156,2584.099999999983
177432109.0647,2694.3000000000156,2584.099999999983
177432111.0647,2694.3000000000156,2583.999999999983
177432113.0647,2694.3000000000156,2584.099999999983
177432115.0647,2694.3000000000156,2584.099999999983
177432117.0647,2694.3000000000156,2583.999999999983
177432119.0647,2694.3000000000156,2584.099999999983
177432121.0647,2694.3000000000156,2584.099999999983
177432123.0647,2694.3000000000156,2583.999999999983
177432125.0647,2694.3000000000156,2583.999999999983
177432127.0647,2694.3000000000156,2583.999999999983
177432129.0647,2694.3000000000156,2583.999999999983
177432131.0647,2694.3000000000156,2583.999999999983
177432133.0647,2694.3000000000156,2584.099999999983
177432135.0647,2694.3000000000156,2583.999999999983
177432137.0647,2694.3000000000156,2583.999999999983
177432139.0647,2694.3000000000156,2584.099999999983
177432141.0647,2694.3000000000156,2584.099999999983
177432143.0647,2694.3000000000156,2583.999999999983
177432145.0647,2694.3000000000156,2584.099999999983
177432147.0647,2694.3000000000156,2584.099999999983
177432149.0647,2694.3000000000156,2584.099999999983
177432151.0647,2694.3000000000156,2584.199999999983
177432153.0647,2694.3000000000156,2584.199999999983
177432155.0647,2694.3000000000156,2584.199999999983
177432157.0647,2694.3000000000156,2584.099999999983
177432159.0647,2694.3000000000156,2584.099999999983
177432161.0647,2694.3000000000156,2584.099999999983
177432163.0647,2694.3000000000156,2584.099999999983
177432165.0647,2694.3000000000156,2584.099999999983
177432167.0647,2694.3000000000156,2584.099999999983
177432169.0647,2694.3000000000156,2584.099999999983
177432171.0647,2694.3000000000156,2584.099999999983
177432173.0647,2707.2000000000157,2584.099999999983
177432175.0647,2707.2000000000157,2584.099999999983
177432177.0647,2707.2000000000157,2584.099999999983
177432179.0647,2707.2000000000157,2584.099999999983
177432181.0647,2707.2000000000157,2584.099999999983
177432183.0647,2707.2000000000157,2584.099999999983
177432185.0647,2707.2000000000157,2584.099999999983
177432187.0647,2707.2000000000157,2584.099999999983
177432189.0647,2707.2000000000157,2584.099999999983
177432191.0647,2707.2000000000157,2584.099999999983
177432193.0647,2707.2000000000157,2584.099999999983
177432195.0647,2707.2000000000157,2584.099999999983
177432197.0647,2707.2000000000157,2584.099999999983
177432199.0647,2707.2000000000157,2584.199999999983
177432201.0647,2707.2000000000157,2584.199999999983
177432203.0647,2707.2000000000157,2584.299999999983
177432205.0647,2707.2000000000157,2584.299999999983
177432207.0647,2707.100000000016,2584.399999999983
177432209.0647,2707.100000000016,2584.399999999983
177432211.0647,2707.2000000000157,2584.399999999983
177432213.0647,2707.2000000000157,2584.399999999983
177432215.0647,2707.100000000016,2584.399999999983
177432217.0647,2694.900000000016,2584.399999999983
177432219.0647,2694.900000000016,2584.4999999999827
177432221.0647,2694.900000000016,2584.4999999999827
177432223.0647,2694.900000000016,2584.4999999999827
177432225.0647,2694.900000000016,2584.4999999999827
177432227.0647,2694.900000000016,2584.4999999999827
177432229.0647,2694.900000000016,2584.4999999999827
177432231.0647,2694.900000000016,2584.5999999999826
177432233.0647,2694.900000000016,2584.5999999999826
177432235.0647,2694.900000000016,2584.5999999999826
177432237.0647,2694.900000000016,2584.5999999999826
177432239.0647,2694.900000000016,2584.5999999999826
177432241.0647,2694.900000000016,2584.5999999999826
177432243.0647,2694.900000000016,2584.5999999999826
177432245.0647,2694.900000000016,2584.5999999999826
177432247.0647,2694.900000000016,2584.5999999999826
177432249.0647,2694.900000000016,2584.5999999999826
177432251.0647,2694.900000000016,2584.5999999999826
177432253.0647,2694.900000000016,2584.6999999999825
177432255.0647,2694.900000000016,2584.6999999999825
177432257.0647,2694.900000000016,2584.7999999999824
177432259.0647,2694.900000000016,2584.7999999999824
177432261.0647,2694.900000000016,2584.7999999999824
177432263.0647,2694.900000000016,2584.7999999999824
177432265.0647,2694.700000000016,2584.7999999999824
177432267.0647,2694.700000000016,2584.7999999999824
177432269.0647,2694.700000000016,2584.7999999999824
177432271.0647,2694.700000000016,2584.7999999999824
177432273.0647,2694.6000000000163,2584.7999999999824
177432275.0647,2694.6000000000163,2584.8999999999824
177432277.0647,2694.6000000000163,2584.9999999999823
177432279.0647,2694.6000000000163,2585.099999999982
177432281.0647,2694.700000000016,2585.199999999982
177432283.0647,2694.700000000016,2585.199999999982
177432285.0647,2694.700000000016,2585.299999999982
177432287.0647,2694.700000000016,2585.399999999982
177432289.0647,2694.700000000016,2585.399999999982
177432291.0647,2694.700000000016,2585.499999999982
177432293.0647,2694.6000000000163,2585.499999999982
177432295.0647,2694.6000000000163,2584.0999999999817
177432297.0647,2707.200000000016,2584.1999999999816
177432299.0647,2707.300000000016,2584.0999999999817
177432301.0647,2707.300000000016,2584.1999999999816
177432303.0647,2707.300000000016,2584.1999999999816
177432305.0647,2707.300000000016,2584.2999999999815
177432307.0647,2707.300000000016,2584.3999999999814
177432309.0647,2707.300000000016,2584.3999999999814
177432311.0647,2707.300000000016,2584.2999999999815
177432313.0647,2707.200000000016,2584.3999999999814
177432315.0647,2707.200000000016,2584.3999999999814
177432317.0647,2707.200000000016,2584.0999999999813
177432319.0647,2707.1000000000163,2584.199999999981
177432321.0647,2707.0000000000164,2584.0999999999813
177432323.0647,2707.0000000000164,2584.0999999999813
177432325.0647,2707.0000000000164,2584.199999999981
177432327.0647,2707.0000000000164,2584.0999999999813
177432329.0647,2707.0000000000164,2584.199999999981
177432331.0647,2707.0000000000164,2584.199999999981
177432333.0647,2707.0000000000164,2584.0999999999813
177432335.0647,2707.0000000000164,2584.199999999981
177432337.0647,2707.0000000000164,2584.199999999981
177432339.0647,2707.0000000000164,2584.0999999999813
177432341.0647,2707.0000000000164,2584.299999999981
177432343.0647,2707.0000000000164,2584.299999999981
177432345.0647,2707.0000000000164,2584.199999999981
177432347.0647,2707.0000000000164,2584.299999999981
177432349.0647,2707.0000000000164,2584.299999999981
177432351.0647,2707.0000000000164,2584.199999999981
177432353.0647,2707.0000000000164,2584.299999999981
177432355.0647,2707.0000000000164,2584.299999999981
177432357.0647,2707.0000000000164,2584.0999999999813
177432359.0647,2707.0000000000164,2584.199999999981
177432361.0647,2707.0000000000164,2584.299999999981
177432363.0647,2707.0000000000164,2584.299999999981
177432365.0647,2707.0000000000164,2584.299999999981
177432367.0647,2707.0000000000164,2584.299999999981
177432369.0647,2707.0000000000164,2584.299999999981
177432371.0647,2707.0000000000164,2584.299999999981
177432373.0647,2707.0000000000164,2584.299999999981
177432375.0647,2707.0000000000164,2584.299999999981
177432377.0647,2707.0000000000164,2584.299999999981
177432379.0647,2707.0000000000164,2584.399999999981
177432381.0647,2707.0000000000164,2584.399999999981
177432383.0647,2706.9000000000165,2584.399999999981
177432385.0647,2706.9000000000165,2584.399999999981
177432387.0647,2707.0000000000164,2584.399999999981
177432389.0647,2707.1000000000163,2584.399999999981
177432391.0647,2707.1000000000163,2584.399999999981
177432393.0647,2707.1000000000163,2584.399999999981
177432395.0647,2707.1000000000163,2584.399999999981
177432397.0647,2707.1000000000163,2584.399999999981
177432399.0647,2707.1000000000163,2584.499999999981
177432401.0647,2707.1000000000163,2584.499999999981
177432403.0647,2707.1000000000163,2584.499999999981
177432405.0647,2707.1000000000163,2584.499999999981
177432407.0647,2707.1000000000163,2584.499999999981
177432409.0647,2707.0000000000164,2584.499999999981
177432411.0647,2707.0000000000164,2584.499999999981
177432413.0647,2707.0000000000164,2584.499999999981
177432415.0647,2707.0000000000164,2584.499999999981
177432417.0647,2707.0000000000164,2584.499999999981
177432419.0647,2707.0000000000164,2584.499999999981
177432421.0647,2707.0000000000164,2584.499999999981
177432423.0647,2707.0000000000164,2584.099999999981
177432425.0647,2707.0000000000164,2584.099999999981
177432427.0647,2707.0000000000164,2584.099999999981
177432429.0647,2707.0000000000164,2584.099999999981
177432431.0647,2707.1000000000163,2584.099999999981
177432433.0647,2707.1000000000163,2584.099999999981
177432435.0647,2707.1000000000163,2584.099999999981
177432437.0647,2707.1000000000163,2584.1999999999807
177432439.0647,2707.1000000000163,2584.1999999999807
177432441.0647,2707.1000000000163,2584.1999999999807
177432443.0647,2707.0000000000164,2584.2999999999806
177432445.0647,2707.0000000000164,2584.2999999999806
177432447.0647,2707.1000000000163,2584.2999999999806
177432449.0647,2707.300000000016,2584.2999999999806
177432451.0647,2707.300000000016,2584.2999999999806
177432453.0647,2707.300000000016,2584.2999999999806
177432455.0647,2707.300000000016,2584.2999999999806
177432457.0647,2707.300000000016,2584.2999999999806
177432459.0647,2707.300000000016,2584.2999999999806
177432461.0647,2707.300000000016,2584.3999999999805
177432463.0647,2707.300000000016,2584.3999999999805
177432465.0647,2707.300000000016,2584.3999999999805
177432467.0647,2707.200000000016,2584.3999999999805
177432469.0647,2707.200000000016,2584.3999999999805
177432471.0647,2707.200000000016,2584.3999999999805
177432473.0647,2707.200000000016,2584.3999999999805
177432475.0647,2707.200000000016,2584.3999999999805
177432477.0647,2707.200000000016,2584.3999999999805
177432479.0647,2707.200000000016,2584.3999999999805
177432481.0647,2707.200000000016,2584.3999999999805
177432483.0647,2707.1000000000163,2584.3999999999805
177432485.0647,2707.1000000000163,2584.3999999999805
177432487.0647,2707.1000000000163,2584.3999999999805
177432489.0647,2707.1000000000163,2584.4999999999804
177432491.0647,2707.0000000000164,2584.4999999999804
177432493.0647,2707.0000000000164,2584.4999999999804
177432495.0647,2707.0000000000164,2584.3999999999805
177432497.0647,2707.3000000000166,2584.4999999999804
177432499.0647,2708.8000000000166,2584.4999999999804
177432501.0647,2708.8000000000166,2584.3999999999805
177432503.0647,2708.8000000000166,2584.4999999999804
177432505.0647,2708.8000000000166,2584.5999999999804
177432507.0647,2708.8000000000166,2584.6999999999803
177432509.0647,2708.8000000000166,2584.6999999999803
177432511.0647,2708.8000000000166,2584.5999999999804
177432513.0647,2708.8000000000166,2584.5999999999804
177432515.0647,2708.8000000000166,2584.6999999999803
177432517.0647,2708.8000000000166,2584.6999999999803
177432519.0647,2708.8000000000166,2584.5999999999804
177432521.0647,2708.7000000000166,2584.6999999999803
177432523.0647,2708.7000000000166,2584.6999999999803
177432525.0647,2708.7000000000166,2584.39999999998
177432527.0647,2708.7000000000166,2584.49999999998
177432529.0647,2708.7000000000166,2584.49999999998
177432531.0647,2708.7000000000166,2584.39999999998
177432533.0647,2708.7000000000166,2584.49999999998
177432535.0647,2708.7000000000166,2584.49999999998
177432537.0647,2708.7000000000166,2584.49999999998
177432539.0647,2708.7000000000166,2584.59999999998
177432541.0647,2708.7000000000166,2584.39999999998
177432543.0647,2708.7000000000166,2584.39999999998
177432545.0647,2708.7000000000166,2584.49999999998
177432547.0647,2708.7000000000166,2584.49999999998
177432549.0647,2708.7000000000166,2584.49999999998
177432551.0647,2708.7000000000166,2584.49999999998
177432553.0647,2708.7000000000166,2584.49999999998
177432555.0647,2708.7000000000166,2584.49999999998
177432557.0647,2708.7000000000166,2584.09999999998
177432559.0647,2708.7000000000166,2584.09999999998
177432561.0647,2708.7000000000166,2584.09999999998
177432563.0647,2708.7000000000166,2584.09999999998
177432565.0647,2708.7000000000166,2584.09999999998
177432567.0647,2708.7000000000166,2584.09999999998
177432569.0647,2708.6000000000167,2584.09999999998
177432571.0647,2708.6000000000167,2584.09999999998
177432573.0647,2708.6000000000167,2584.09999999998
177432575.0647,2708.6000000000167,2584.19999999998
177432577.0647,2708.6000000000167,2584.19999999998
177432579.0647,2708.6000000000167,2584.09999999998
177432581.0647,2708.500000000017,2584.09999999998
177432583.0647,2708.400000000017,2584.19999999998
177432585.0647,2708.500000000017,2584.19999999998
177432587.0647,2708.500000000017,2584.09999999998
177432589.0647,2708.7000000000166,2584.19999999998
177432591.0647,2708.7000000000166,2584.09999999998
177432593.0647,2708.7000000000166,2584.19999999998
177432595.0647,2708.7000000000166,2584.19999999998
177432597.0647,2708.7000000000166,2584.09999999998
177432599.0647,2708.7000000000166,2584.19999999998
177432601.0647,2708.7000000000166,2584.19999999998
177432603.0647,2708.7000000000166,2584.09999999998
177432605.0647,2708.7000000000166,2584.2999999999797
177432607.0647,2708.7000000000166,2584.2999999999797
177432609.0647,2708.7000000000166,2584.19999999998
177432611.0647,2708.7000000000166,2584.2999999999797
177432613.0647,2708.7000000000166,2584.2999999999797
177432615.0647,2708.7000000000166,2583.9999999999795
177432617.1647,2708.7000000000166,2584.0999999999794
177432619.0647,2708.7000000000166,2584.0999999999794
177432621.0647,2708.7000000000166,2583.9999999999795
177432623.0647,2708.7000000000166,2584.0999999999794
177432625.0647,2708.7000000000166,2584.0999999999794
177432627.0647,2708.7000000000166,2584.0999999999794
177432629.0647,2708.7000000000166,2584.0999999999794
177432631.0647,2708.7000000000166,2583.9999999999795
177432633.0647,2708.7000000000166,2584.0999999999794
177432635.0647,2708.7000000000166,2584.0999999999794
177432637.0647,2708.7000000000166,2584.0999999999794
177432639.0647,2708.7000000000166,2584.0999999999794
177432641.0647,2708.7000000000166,2583.9999999999795
177432643.0647,2708.7000000000166,2584.0999999999794
177432645.0647,2708.7000000000166,2584.0999999999794
177432647.0647,2708.6000000000167,2584.0999999999794
177432649.0647,2708.6000000000167,2584.0999999999794
177432651.0647,2708.6000000000167,2583.9999999999795
177432653.0647,2708.6000000000167,2584.0999999999794
177432655.0647,2708.6000000000167,2583.9999999999795
177432657.0647,2708.6000000000167,2584.0999999999794
177432659.0647,2708.500000000017,2583.9999999999795
177432661.0647,2708.500000000017,2584.0999999999794
177432663.0647,2708.500000000017,2583.9999999999795
177432665.0647,2708.500000000017,2584.0999999999794
177432667.0647,2708.500000000017,2583.9999999999795
177432669.0647,2708.500000000017,2584.0999999999794
177432671.0647,2708.500000000017,2584.0999999999794
177432673.0647,2708.500000000017,2584.0999999999794
177432675.0647,2708.500000000017,2584.0999999999794
177432677.0647,2708.500000000017,2583.9999999999795
177432679.0647,2708.500000000017,2583.9999999999795
177432681.0647,2708.500000000017,2583.9999999999795
177432683.0647,2708.500000000017,2584.0999999999794
177432685.0647,2708.500000000017,2584.0999999999794
177432687.0647,2708.500000000017,2584.0999999999794
177432689.0647,2708.500000000017,2584.0999999999794
177432691.0647,2708.500000000017,2583.9999999999795
177432693.0647,2708.500000000017,2584.0999999999794
177432695.0647,2708.500000000017,2584.0999999999794
177432697.0647,2708.500000000017,2584.0999999999794
177432699.0647,2708.500000000017,2583.9999999999795
177432701.0647,2708.500000000017,2583.9999999999795
177432703.0647,2708.500000000017,2583.9999999999795
177432705.0647,2708.500000000017,2583.9999999999795
177432707.0647,2708.400000000017,2584.0999999999794
177432709.0647,2708.400000000017,2584.0999999999794
177432711.0647,2708.400000000017,2584.0999999999794
177432713.0647,2708.6000000000167,2584.0999999999794
177432715.0647,2708.500000000017,2583.9999999999795
177432717.0647,2708.500000000017,2584.0999999999794
177432719.0647,2708.500000000017,2584.0999999999794
177432721.0647,2708.500000000017,2584.0999999999794
177432723.0647,2708.500000000017,2584.0999999999794
177432725.0647,2708.500000000017,2583.9999999999795
177432727.0647,2708.400000000017,2584.0999999999794
177432729.0647,2708.500000000017,2584.0999999999794
177432731.0647,2708.800000000017,2583.9999999999795
177432733.0647,2708.900000000017,2584.0999999999794
177432735.0647,2708.900000000017,2583.6999999999794
177432737.0647,2709.000000000017,2583.7999999999793
177432739.0647,2709.000000000017,2583.7999999999793
177432741.0647,2709.000000000017,2583.7999999999793
177432743.0647,2709.000000000017,2583.899999999979
177432745.0647,2709.000000000017,2583.899999999979
177432747.0647,2708.900000000017,2584.099999999979
177432749.0647,2708.900000000017,2584.099999999979
177432751.0647,2708.900000000017,2583.799999999979
177432753.0647,2708.900000000017,2583.8999999999787
177432755.0647,2708.900000000017,2583.8999999999787
177432757.0647,2708.900000000017,2583.8999999999787
177432759.0647,2708.900000000017,2583.9999999999786
177432761.0647,2708.900000000017,2583.9999999999786
177432763.0647,2708.900000000017,2583.8999999999787
177432765.0647,2708.900000000017,2583.799999999979
177432767.0647,2708.900000000017,2583.799999999979
177432769.0647,2708.900000000017,2583.8999999999787
177432771.0647,2708.900000000017,2583.8999999999787
177432773.0647,2708.900000000017,2583.8999999999787
177432775.0647,2709.000000000017,2583.9999999999786
177432777.0647,2709.1000000000167,2583.9999999999786
177432779.0647,2709.1000000000167,2583.9999999999786
177432781.0647,2709.2000000000166,2583.9999999999786
177432783.0647,2709.3000000000166,2583.799999999979
177432785.0647,2709.3000000000166,2583.8999999999787
177432787.0647,2709.3000000000166,2583.8999999999787
177432789.0647,2709.2000000000166,2583.799999999979
177432791.0647,2709.2000000000166,2583.8999999999787
177432793.0647,2709.3000000000166,2583.799999999979
177432795.0647,2709.3000000000166,2583.8999999999787
177432797.0647,2709.3000000000166,2583.8999999999787
177432799.0647,2709.3000000000166,2583.8999999999787
177432801.0647,2709.3000000000166,2583.8999999999787
177432803.0647,2709.3000000000166,2583.8999999999787
177432805.0647,2709.3000000000166,2583.8999999999787
177432807.0647,2709.3000000000166,2583.799999999979
177432809.0647,2709.3000000000166,2583.8999999999787
177432811.0647,2709.4000000000165,2583.799999999979
177432813.0647,2709.4000000000165,2583.8999999999787
177432815.0647,2709.4000000000165,2583.8999999999787
177432817.0647,2709.4000000000165,2583.8999999999787
177432819.0647,2709.4000000000165,2583.8999999999787
177432821.0647,2709.4000000000165,2583.799999999979
177432823.0647,2709.4000000000165,2583.8999999999787
177432825.0647,2709.7000000000166,2583.8999999999787
177432827.0647,2709.7000000000166,2583.799999999979
177432829.0647,2709.7000000000166,2583.8999999999787
177432831.0647,2709.6000000000167,2583.8999999999787
177432833.0647,2709.6000000000167,2583.799999999979
177432835.0647,2709.6000000000167,2583.8999999999787
177432837.0647,2709.6000000000167,2583.799999999979
177432839.0647,2709.6000000000167,2583.799999999979
177432841.0647,2709.6000000000167,2583.9999999999786
177432843.0647,2709.6000000000167,2583.9999999999786
177432845.0647,2709.6000000000167,2583.9999999999786
177432847.0647,2709.6000000000167,2584.0999999999785
177432849.0647,2709.6000000000167,2583.9999999999786
177432851.0647,2709.6000000000167,2584.0999999999785
177432853.0647,2709.6000000000167,2584.0999999999785
177432855.0647,2709.6000000000167,2584.1999999999784
177432857.0647,2709.6000000000167,2584.2999999999784
177432859.0647,2709.6000000000167,2584.2999999999784
177432861.0647,2709.6000000000167,2583.7999999999784
177432863.0647,2709.6000000000167,2583.7999999999784
177432865.0647,2709.6000000000167,2583.7999999999784
177432867.0647,2709.6000000000167,2583.7999999999784
177432869.0647,2709.6000000000167,2583.7999999999784
177432871.0647,2709.6000000000167,2583.7999999999784
177432873.0647,2709.7000000000166,2583.7999999999784
177432875.0647,2709.7000000000166,2583.7999999999784
177432877.0647,2709.6000000000167,2583.7999999999784
177432879.0647,2709.6000000000167,2583.7999999999784
177432881.0647,2709.6000000000167,2583.7999999999784
177432883.0647,2709.6000000000167,2583.7999999999784
177432885.0647,2709.6000000000167,2583.7999999999784
177432887.0647,2709.6000000000167,2583.7999999999784
177432889.0647,2709.6000000000167,2583.7999999999784
177432891.0647,2709.6000000000167,2583.7999999999784
177432893.0647,2709.6000000000167,2583.7999999999784
177432895.0647,2709.6000000000167,2583.7999999999784
177432897.0647,2709.6000000000167,2583.7999999999784
177432899.0647,2709.6000000000167,2583.8999999999783
177432901.0647,2709.6000000000167,2583.8999999999783
177432903.0647,2709.6000000000167,2583.8999999999783
177432905.0647,2709.6000000000167,2583.8999999999783
177432907.0647,2709.6000000000167,2583.8999999999783
177432909.0647,2709.6000000000167,2583.8999999999783
177432911.0647,2709.6000000000167,2583.8999999999783
177432913.0647,2709.6000000000167,2583.8999999999783
177432915.0647,2709.6000000000167,2583.8999999999783
177432917.0647,2709.6000000000167,2583.8999999999783
177432919.0647,2709.6000000000167,2583.8999999999783
177432921.0647,2709.6000000000167,2583.999999999978
177432923.0647,2709.6000000000167,2583.999999999978
177432925.0647,2709.6000000000167,2583.8999999999783
177432927.0647,2709.6000000000167,2583.999999999978
177432929.0647,2709.6000000000167,2583.999999999978
177432931.0647,2709.6000000000167,2583.8999999999783
177432933.0647,2709.6000000000167,2583.999999999978
177432935.0647,2709.6000000000167,2583.8999999999783
177432937.0647,2709.6000000000167,2583.8999999999783
177432939.0647,2709.6000000000167,2583.999999999978
177432941.0647,2709.6000000000167,2583.8999999999783
177432943.0647,2709.6000000000167,2583.8999999999783
177432945.0647,2709.6000000000167,2583.8999999999783
177432947.0647,2709.6000000000167,2583.8999999999783
177432949.0647,2709.6000000000167,2583.7999999999784
177432951.0647,2709.6000000000167,2583.7999999999784
177432953.0647,2709.500000000017,2583.7999999999784
177432955.0647,2709.500000000017,2583.8999999999783
177432957.0647,2709.500000000017,2583.8999999999783
177432959.0647,2709.500000000017,2583.7999999999784
177432961.0647,2709.500000000017,2583.8999999999783
177432963.0647,2709.500000000017,2583.8999999999783
177432965.0647,2709.500000000017,2583.7999999999784
177432967.0647,2709.500000000017,2583.7999999999784
177432969.0647,2709.500000000017,2583.7999999999784
177432971.0647,2709.500000000017,2583.7999999999784
177432973.0647,2709.500000000017,2583.7999999999784
177432975.0647,2709.500000000017,2583.7999999999784
177432977.0647,2709.500000000017,2583.7999999999784
177432979.0647,2709.500000000017,2583.7999999999784
177432981.0647,2709.500000000017,2583.7999999999784
177432983.0647,2709.500000000017,2583.7999999999784
177432985.0647,2709.500000000017,2583.7999999999784
177432987.0647,2709.500000000017,2583.7999999999784
177432989.0647,2709.500000000017,2590.0999999999785
177432991.0647,2709.500000000017,2590.1999999999784
177432993.0647,2709.500000000017,2590.0999999999785
177432995.0647,2709.500000000017,2590.0999999999785
177432997.0647,2709.500000000017,2590.0999999999785
177432999.0647,2709.500000000017,2590.0999999999785
177433001.0647,2709.500000000017,2590.0999999999785
177433003.0647,2709.400000000017,2590.0999999999785
177433005.0647,2709.400000000017,2590.0999999999785
177433007.0647,2709.300000000017,2590.0999999999785
177433009.0647,2709.300000000017,2590.0999999999785
177433011.0647,2709.300000000017,2590.0999999999785
177433013.0647,2709.300000000017,2590.0999999999785
177433015.0647,2709.300000000017,2590.0999999999785
177433017.0647,2709.300000000017,2590.0999999999785
177433019.0647,2709.300000000017,2590.0999999999785
177433021.0647,2709.300000000017,2583.7999999999784
177433023.0647,2709.300000000017,2583.7999999999784
177433025.0647,2709.300000000017,2583.7999999999784
177433027.0647,2709.300000000017,2583.7999999999784
177433029.0647,2709.300000000017,2583.8999999999783
177433031.0647,2709.300000000017,2583.8999999999783
177433033.0647,2709.300000000017,2583.8999999999783
177433035.0647,2709.300000000017,2583.8999999999783
177433037.0647,2709.300000000017,2583.8999999999783
177433039.0647,2709.300000000017,2583.999999999978
177433041.0647,2709.300000000017,2583.999999999978
177433043.0647,2709.300000000017,2583.999999999978
177433045.0647,2709.300000000017,2584.099999999978
177433047.0647,2709.300000000017,2584.099999999978
177433049.0647,2709.300000000017,2584.199999999978
177433051.0647,2709.300000000017,2584.199999999978
177433053.0647,2709.300000000017,2584.199999999978
177433055.0647,2709.300000000017,2584.199999999978
177433057.0647,2709.200000000017,2584.199999999978
177433059.0647,2709.200000000017,2584.199999999978
177433061.0647,2709.200000000017,2584.199999999978
177433063.0647,2709.300000000017,2584.199999999978
177433065.0647,2709.300000000017,2584.199999999978
177433067.0647,2709.300000000017,2584.199999999978
177433069.0647,2709.300000000017,2584.299999999978
177433071.0647,2709.300000000017,2583.799999999978
177433073.0647,2709.300000000017,2583.799999999978
177433075.0647,2709.300000000017,2583.799999999978
177433077.0647,2709.300000000017,2583.799999999978
177433079.0647,2709.300000000017,2583.799999999978
177433081.0647,2709.200000000017,2583.799999999978
177433083.0647,2709.200000000017,2583.799999999978
177433085.0647,2709.100000000017,2583.799999999978
177433087.0647,2709.100000000017,2583.799999999978
177433089.0647,2709.0000000000173,2583.799999999978
177433091.0647,2709.100000000017,2583.799999999978
177433093.0647,2709.100000000017,2583.799999999978
177433095.0647,2709.100000000017,2583.799999999978
177433097.0647,2709.100000000017,2583.899999999978
177433099.0647,2709.100000000017,2583.899999999978
177433101.0647,2709.100000000017,2583.899999999978
177433103.0647,2709.100000000017,2583.899999999978
177433105.0647,2709.100000000017,2583.9999999999777
177433107.0647,2709.100000000017,2583.9999999999777
177433109.0647,2709.100000000017,2583.9999999999777
177433111.0647,2709.600000000017,2583.9999999999777
177433113.0647,2697.0000000000173,2583.9999999999777
177433115.0647,2696.9000000000174,2583.9999999999777
177433117.0647,2696.9000000000174,2584.0999999999776
177433119.0647,2696.8000000000175,2583.899999999978
177433121.0647,2696.8000000000175,2583.899999999978
177433123.0647,2696.7000000000176,2583.899999999978
177433125.0647,2696.7000000000176,2583.899999999978
177433127.0647,2696.7000000000176,2583.899999999978
177433129.0647,2696.8000000000175,2583.899999999978
177433131.0647,2709.6000000000176,2583.899999999978
177433133.0647,2709.6000000000176,2583.899999999978
177433135.0647,2710.0000000000177,2583.9999999999777
177433137.0647,2710.0000000000177,2583.9999999999777
177433139.0647,2709.900000000018,2583.899999999978
177433141.0647,2709.900000000018,2583.9999999999777
177433143.0647,2709.900000000018,2583.899999999978
177433145.0647,2709.900000000018,2583.9999999999777
177433147.0647,2709.900000000018,2583.9999999999777
177433149.0647,2709.900000000018,2583.899999999978
177433151.0647,2709.900000000018,2583.9999999999777
177433153.0647,2709.900000000018,2583.9999999999777
177433155.0647,2709.900000000018,2584.0999999999776
177433157.0647,2709.900000000018,2584.1999999999775
177433159.0647,2709.900000000018,2584.1999999999775
177433161.0647,2709.800000000018,2584.1999999999775
177433163.0647,2709.800000000018,2584.1999999999775
177433165.0647,2709.800000000018,2584.0999999999776
177433167.0647,2709.800000000018,2584.1999999999775
177433169.0647,2709.800000000018,2584.1999999999775
177433171.0647,2709.800000000018,2584.1999999999775
177433173.0647,2709.800000000018,2584.1999999999775
177433175.0647,2709.800000000018,2584.0999999999776
177433177.0647,2709.800000000018,2584.1999999999775
177433179.0647,2709.800000000018,2584.1999999999775
177433181.0647,2709.800000000018,2584.0999999999776
177433183.0647,2709.800000000018,2584.1999999999775
177433185.0647,2709.800000000018,2584.1999999999775
177433187.0647,2709.800000000018,2584.0999999999776
177433189.0647,2709.800000000018,2584.1999999999775
177433191.0647,2709.800000000018,2584.1999999999775
177433193.0647,2709.800000000018,2584.0999999999776
177433195.0647,2709.800000000018,2584.1999999999775
177433197.0647,2709.800000000018,2584.1999999999775
177433199.0647,2709.800000000018,2584.1999999999775
177433201.0647,2709.800000000018,2584.2999999999774
177433203.0647,2709.800000000018,2584.2999999999774
177433205.0647,2709.800000000018,2584.2999999999774
177433207.0647,2709.800000000018,2584.2999999999774
177433209.0647,2709.900000000018,2584.2999999999774
177433211.0647,2709.900000000018,2584.1999999999775
177433213.0647,2709.900000000018,2584.2999999999774
177433215.0647,2709.900000000018,2584.2999999999774
177433217.0647,2709.900000000018,2584.1999999999775
177433219.0647,2709.900000000018,2583.8999999999774
177433221.0647,2709.800000000018,2583.9999999999773
177433223.0647,2709.800000000018,2583.9999999999773
177433225.0647,2709.800000000018,2584.099999999977
177433227.0647,2709.800000000018,2584.099999999977
177433229.0647,2709.800000000018,2583.9999999999773
177433231.0647,2709.800000000018,2583.9999999999773
177433233.0647,2709.800000000018,2583.9999999999773
177433235.0647,2709.800000000018,2584.099999999977
177433237.0647,2709.800000000018,2584.199999999977
177433239.0647,2709.800000000018,2584.199999999977
177433241.0647,2709.800000000018,2584.299999999977
177433243.0647,2709.5000000000177,2584.299999999977
177433245.0647,2709.300000000018,2584.199999999977
177433247.0647,2709.200000000018,2584.299999999977
177433249.0647,2709.100000000018,2584.399999999977
177433251.0647,2709.100000000018,2584.399999999977
177433253.0647,2709.100000000018,2584.399999999977
177433255.0647,2709.000000000018,2584.399999999977
177433257.0647,2708.9000000000183,2584.399999999977
177433259.0647,2708.9000000000183,2584.399999999977
177433261.0647,2708.9000000000183,2584.399999999977
177433263.0647,2708.9000000000183,2584.499999999977
177433265.0647,2708.8000000000184,2584.499999999977
177433267.0647,2708.8000000000184,2584.399999999977
177433269.0647,2708.8000000000184,2584.499999999977
177433271.0647,2708.8000000000184,2584.499999999977
177433273.0647,2708.8000000000184,2584.399999999977
177433275.0647,2708.7000000000185,2584.499999999977
177433277.0647,2708.7000000000185,2584.399999999977
177433279.0647,2708.7000000000185,2584.499999999977
177433281.0647,2708.7000000000185,2584.499999999977
177433283.0647,2708.7000000000185,2584.399999999977
177433285.0647,2708.7000000000185,2584.499999999977
177433287.0647,2708.8000000000184,2584.499999999977
177433289.0647,2708.8000000000184,2584.499999999977
177433291.0647,2708.8000000000184,2584.499999999977
177433293.0647,2708.8000000000184,2584.499999999977
177433295.1647,2708.8000000000184,2584.399999999977
177433297.0647,2708.8000000000184,2584.499999999977
177433299.0647,2708.8000000000184,2584.499999999977
177433301.0647,2708.8000000000184,2584.399999999977
177433303.0647,2708.8000000000184,2584.499999999977
177433305.0647,2708.8000000000184,2584.499999999977
177433307.0647,2708.8000000000184,2584.399999999977
177433309.0647,2708.8000000000184,2584.399999999977
177433311.0647,2708.8000000000184,2584.399999999977
177433313.0647,2708.8000000000184,2584.399999999977
177433315.0647,2708.8000000000184,2584.399999999977
177433317.0647,2708.8000000000184,2584.399999999977
177433319.0647,2708.8000000000184,2584.399999999977
177433321.0647,2708.8000000000184,2584.399999999977
177433323.0647,2708.8000000000184,2584.499999999977
177433325.0647,2708.8000000000184,2584.499999999977
177433327.0647,2708.8000000000184,2584.399999999977
177433329.0647,2708.8000000000184,2584.499999999977
177433331.0647,2708.7000000000185,2584.499999999977
177433333.0647,2708.7000000000185,2584.399999999977
177433335.0647,2708.6000000000186,2583.799999999977
177433337.0647,2708.5000000000186,2583.799999999977
177433339.0647,2708.5000000000186,2583.799999999977
177433341.0647,2708.5000000000186,2583.899999999977
177433343.0647,2708.5000000000186,2583.799999999977
177433345.0647,2708.5000000000186,2583.899999999977
177433347.0647,2708.5000000000186,2583.899999999977
177433349.0647,2708.5000000000186,2583.799999999977
177433351.0647,2708.5000000000186,2583.899999999977
177433353.0647,2708.5000000000186,2583.899999999977
177433355.0647,2708.5000000000186,2583.799999999977
177433357.0647,2708.5000000000186,2583.899999999977
177433359.0647,2708.4000000000187,2583.799999999977
177433361.0647,2708.4000000000187,2583.899999999977
177433363.0647,2708.4000000000187,2583.899999999977
177433365.0647,2708.4000000000187,2583.799999999977
177433367.0647,2708.4000000000187,2583.799999999977
177433369.0647,2708.300000000019,2583.799999999977
177433371.0647,2708.300000000019,2583.899999999977
177433373.0647,2708.4000000000187,2583.899999999977
177433375.0647,2708.4000000000187,2583.799999999977
177433377.0647,2708.4000000000187,2583.799999999977
177433379.0647,2708.4000000000187,2583.799999999977
177433381.0647,2708.300000000019,2583.799999999977
177433383.0647,2708.300000000019,2583.799999999977
177433385.0647,2708.300000000019,2583.799999999977
177433387.0647,2708.300000000019,2583.799999999977
177433389.0647,2708.300000000019,2583.799999999977
177433391.0647,2708.300000000019,2583.899999999977
177433393.0647,2708.4000000000187,2583.899999999977
177433395.0647,2708.4000000000187,2583.899999999977
177433397.0647,2708.4000000000187,2583.899999999977
177433399.0647,2708.4000000000187,2583.899999999977
177433401.0647,2708.4000000000187,2583.899999999977
177433403.0647,2708.4000000000187,2583.899999999977
177433405.0647,2708.4000000000187,2583.899999999977
177433407.0647,2708.300000000019,2583.899999999977
177433409.0647,2708.300000000019,2583.899999999977
177433411.0647,2708.300000000019,2583.899999999977
177433413.0647,2708.300000000019,2583.899999999977
177433415.0647,2708.300000000019,2583.899999999977
177433417.0647,2708.300000000019,2583.899999999977
177433419.0647,2708.600000000019,2583.999999999977
177433421.0647,2708.500000000019,2584.0999999999767
177433423.0647,2708.500000000019,2584.0999999999767
177433425.0647,2708.500000000019,2583.899999999977
177433427.0647,2708.400000000019,2583.999999999977
177433429.0647,2708.400000000019,2583.899999999977
177433431.0647,2708.400000000019,2583.999999999977
177433433.0647,2708.400000000019,2583.999999999977
177433435.0647,2708.400000000019,2583.899999999977
177433437.0647,2708.400000000019,2583.999999999977
177433439.0647,2708.400000000019,2583.999999999977
177433441.0647,2708.400000000019,2584.0999999999767
177433443.0647,2708.400000000019,2584.1999999999766
177433445.0647,2708.400000000019,2584.1999999999766
177433447.0647,2708.400000000019,2584.1999999999766
177433449.0647,2708.400000000019,2584.1999999999766
177433451.0647,2708.3000000000193,2584.1999999999766
177433453.0647,2708.3000000000193,2584.0999999999767
177433455.0647,2708.3000000000193,2584.1999999999766
177433457.0647,2708.3000000000193,2584.1999999999766
177433459.0647,2708.2000000000194,2584.0999999999767
177433461.0647,2708.1000000000195,2584.1999999999766
177433463.0647,2708.1000000000195,2584.0999999999767
177433465.0647,2708.2000000000194,2584.1999999999766
177433467.0647,2708.2000000000194,2584.1999999999766
177433469.0647,2708.2000000000194,2584.1999999999766
177433471.0647,2708.2000000000194,2584.0999999999767
177433473.0647,2708.1000000000195,2584.1999999999766
177433475.0647,2708.1000000000195,2584.1999999999766
177433477.0647,2708.1000000000195,2584.0999999999767
177433479.0647,2708.1000000000195,2584.0999999999767
177433481.0647,2708.0000000000196,2584.1999999999766
177433483.0647,2707.9000000000196,2584.1999999999766
177433485.0647,2707.9000000000196,2584.0999999999767
177433487.0647,2707.9000000000196,2584.2999999999765
177433489.0647,2707.9000000000196,2584.2999999999765
177433491.0647,2707.9000000000196,2584.1999999999766
177433493.0647,2707.9000000000196,2584.2999999999765
177433495.0647,2707.9000000000196,2584.2999999999765
177433497.0647,2707.9000000000196,2584.2999999999765
177433499.0647,2707.9000000000196,2584.2999999999765
177433501.0647,2707.9000000000196,2584.2999999999765
177433503.0647,2707.9000000000196,2584.2999999999765
177433505.0647,2707.9000000000196,2584.3999999999764
177433507.0647,2707.9000000000196,2584.3999999999764
177433509.0647,2707.9000000000196,2584.2999999999765
177433511.0647,2707.8000000000197,2584.3999999999764
177433513.0647,2707.8000000000197,2584.4999999999764
177433515.0647,2707.8000000000197,2584.4999999999764
177433517.0647,2707.8000000000197,2584.699999999976
177433519.0647,2708.3000000000197,2584.699999999976
177433521.0647,2708.3000000000197,2584.799999999976
177433523.0647,2708.20000000002,2584.899999999976
177433525.0647,2708.20000000002,2584.899999999976
177433527.0647,2708.20000000002,2584.799999999976
177433529.0647,2708.20000000002,2584.899999999976
177433531.0647,2708.20000000002,2584.999999999976
177433533.0647,2708.20000000002,2585.099999999976
177433535.0647,2708.20000000002,2585.1999999999757
177433537.0647,2708.3000000000197,2585.2999999999756
177433539.0647,2708.3000000000197,2585.4999999999754
177433541.0647,2708.3000000000197,2585.4999999999754
177433543.0647,2708.3000000000197,2585.5999999999754
177433545.0647,2708.3000000000197,2585.6999999999753
177433547.0647,2708.3000000000197,2585.799999999975
177433549.0647,2708.3000000000197,2585.899999999975
177433551.0647,2708.3000000000197,2586.099999999975
177433553.0647,2708.3000000000197,2586.199999999975
177433555.0647,2708.3000000000197,2586.2999999999747
177433557.0647,2708.3000000000197,2586.2999999999747
177433559.0647,2708.20000000002,2586.199999999975
177433561.0647,2708.20000000002,2586.2999999999747
177433563.0647,2708.20000000002,2586.2999999999747
177433565.0647,2708.20000000002,2586.199999999975
177433567.0647,2708.20000000002,2586.2999999999747
177433569.0647,2708.20000000002,2586.2999999999747
177433571.0647,2708.20000000002,2586.2999999999747
177433573.0647,2708.20000000002,2586.2999999999747
177433575.0647,2708.20000000002,2586.199999999975
177433577.0647,2708.20000000002,2586.599999999975
177433579.0647,2708.20000000002,2586.499999999975
177433581.0647,2708.20000000002,2586.599999999975
177433583.0647,2708.20000000002,2586.599999999975
177433585.0647,2708.3000000000197,2586.499999999975
177433587.0647,2708.3000000000197,2586.599999999975
177433589.0647,2708.3000000000197,2586.499999999975
177433591.0647,2708.3000000000197,2586.599999999975
177433593.0647,2708.3000000000197,2586.699999999975
177433595.0647,2708.3000000000197,2586.7999999999747
177433597.0647,2708.3000000000197,2586.7999999999747
177433599.0647,2709.3000000000197,2586.7999999999747
177433601.0647,2709.3000000000197,2586.8999999999746
177433603.0647,2709.3000000000197,2586.7999999999747
177433605.0647,2709.3000000000197,2586.9999999999745
177433607.0647,2709.3000000000197,2587.0999999999744
177433609.0647,2709.3000000000197,2587.1999999999744
177433611.0647,2709.3000000000197,2587.2999999999743
177433613.0647,2709.3000000000197,2587.2999999999743
177433615.0647,2709.3000000000197,2587.1999999999744
177433617.0647,2709.20000000002,2587.2999999999743
177433619.0647,2709.20000000002,2587.399999999974
177433621.0647,2709.20000000002,2587.499999999974
177433623.0647,2709.3000000000197,2587.499999999974
177433625.0647,2709.3000000000197,2587.499999999974
177433627.0647,2709.3000000000197,2587.599999999974
177433629.0647,2709.3000000000197,2587.599999999974
177433631.0647,2709.3000000000197,2587.699999999974
177433633.0647,2709.3000000000197,2587.599999999974
177433635.0647,2709.3000000000197,2587.699999999974
177433637.0647,2709.20000000002,2587.699999999974
177433639.0647,2709.20000000002,2587.599999999974
177433641.0647,2709.20000000002,2587.699999999974
177433643.0647,2709.20000000002,2587.599999999974
177433645.0647,2709.20000000002,2587.699999999974
177433647.0647,2709.20000000002,2587.699999999974
177433649.0647,2709.20000000002,2587.599999999974
177433651.0647,2709.20000000002,2587.699999999974
177433653.0647,2709.20000000002,2587.499999999974
177433655.0647,2709.20000000002,2587.599999999974
177433657.0647,2709.3000000000197,2587.599999999974
177433659.0647,2709.4000000000196,2587.599999999974
177433661.0647,2709.4000000000196,2587.599999999974
177433663.0647,2709.4000000000196,2587.499999999974
177433665.0647,2709.4000000000196,2587.599999999974
177433667.0647,2709.4000000000196,2587.599999999974
177433669.0647,2709.4000000000196,2587.599999999974
177433671.0647,2709.4000000000196,2587.699999999974
177433673.0647,2709.4000000000196,2587.599999999974
177433675.0647,2709.4000000000196,2587.699999999974
177433677.0647,2709.4000000000196,2587.699999999974
177433679.0647,2709.4000000000196,2587.599999999974
177433681.0647,2709.4000000000196,2587.699999999974
177433683.0647,2709.3000000000197,2587.699999999974
177433685.0647,2709.3000000000197,2587.499999999974
177433687.0647,2709.3000000000197,2587.599999999974
177433689.0647,2709.3000000000197,2587.699999999974
177433691.0647,2709.3000000000197,2587.699999999974
177433693.0647,2709.3000000000197,2587.799999999974
177433695.0647,2709.20000000002,2587.799999999974
177433697.0647,2709.20000000002,2587.799999999974
177433699.0647,2709.20000000002,2587.799999999974
177433701.0647,2709.20000000002,2587.699999999974
177433703.0647,2709.20000000002,2587.799999999974
177433705.0647,2709.20000000002,2587.799999999974
177433707.0647,2709.20000000002,2587.799999999974
177433709.0647,2709.4000000000196,2587.799999999974
177433711.0647,2709.4000000000196,2587.699999999974
177433713.0647,2709.4000000000196,2587.799999999974
177433715.0647,2709.4000000000196,2587.699999999974
177433717.0647,2709.4000000000196,2587.799999999974
177433719.0647,2709.5000000000196,2587.699999999974
177433721.0647,2709.5000000000196,2587.799999999974
177433723.0647,2709.5000000000196,2587.799999999974
177433725.0647,2709.5000000000196,2587.799999999974
177433727.0647,2709.5000000000196,2587.799999999974
177433729.0647,2709.5000000000196,2587.799999999974
177433731.0647,2709.5000000000196,2587.799999999974
177433733.0647,2709.5000000000196,2587.699999999974
177433735.0647,2709.5000000000196,2587.799999999974
177433737.0647,2709.5000000000196,2587.799999999974
177433739.0647,2709.5000000000196,2587.799999999974
177433741.0647,2709.5000000000196,2587.799999999974
177433743.0647,2709.5000000000196,2587.8999999999737
177433745.0647,2709.5000000000196,2587.8999999999737
177433747.0647,2709.5000000000196,2587.8999999999737
177433749.0647,2709.5000000000196,2587.8999999999737
177433751.0647,2709.5000000000196,2587.8999999999737
177433753.0647,2709.5000000000196,2587.8999999999737
177433755.0647,2709.5000000000196,2587.8999999999737
177433757.0647,2709.5000000000196,2587.8999999999737
177433759.0647,2709.5000000000196,2587.8999999999737
177433761.0647,2709.5000000000196,2587.8999999999737
177433763.0647,2709.5000000000196,2587.8999999999737
177433765.0647,2709.5000000000196,2587.8999999999737
177433767.0647,2709.5000000000196,2587.8999999999737
177433769.0647,2709.5000000000196,2587.8999999999737
177433771.0647,2709.4000000000196,2587.8999999999737
177433773.0647,2709.4000000000196,2587.8999999999737
177433775.0647,2709.4000000000196,2587.8999999999737
177433777.0647,2709.4000000000196,2587.8999999999737
177433779.0647,2709.4000000000196,2587.9999999999736
177433781.0647,2709.4000000000196,2587.9999999999736
177433783.0647,2709.4000000000196,2587.9999999999736
177433785.0647,2709.4000000000196,2587.9999999999736
177433787.0647,2709.4000000000196,2587.9999999999736
177433789.0647,2709.4000000000196,2587.9999999999736
177433791.0647,2709.6000000000195,2587.9999999999736
177433793.0647,2709.6000000000195,2588.0999999999735
177433795.0647,2709.6000000000195,2588.0999999999735
177433797.0647,2709.6000000000195,2588.0999999999735
177433799.0647,2709.6000000000195,2588.0999999999735
177433801.0647,2709.6000000000195,2588.0999999999735
177433803.0647,2709.4000000000196,2588.0999999999735
177433805.0647,2709.3000000000197,2588.0999999999735
177433807.0647,2709.10000000002,2588.0999999999735
177433809.0647,2709.10000000002,2588.0999999999735
177433811.0647,2709.10000000002,2588.0999999999735
177433813.0647,2709.10000000002,2588.0999999999735
177433815.0647,2709.20000000002,2588.0999999999735
177433817.0647,2709.20000000002,2588.0999999999735
177433819.0647,2709.20000000002,2588.0999999999735
177433821.0647,2709.20000000002,2588.0999999999735
177433823.0647,2709.20000000002,2588.0999999999735
177433825.0647,2709.20000000002,2588.0999999999735
177433827.0647,2709.20000000002,2588.0999999999735
177433829.0647,2709.20000000002,2588.0999999999735
177433831.0647,2709.20000000002,2588.0999999999735
177433833.0647,2709.20000000002,2588.0999999999735
177433835.0647,2709.20000000002,2588.0999999999735
177433837.0647,2709.20000000002,2588.0999999999735
177433839.0647,2709.20000000002,2588.0999999999735
177433841.0647,2709.20000000002,2588.0999999999735
177433843.0647,2709.20000000002,2588.0999999999735
177433845.0647,2709.20000000002,2588.0999999999735
177433847.0647,2709.20000000002,2588.0999999999735
177433849.0647,2709.20000000002,2587.6999999999734
177433851.0647,2709.20000000002,2587.6999999999734
177433853.0647,2709.20000000002,2587.6999999999734
177433855.0647,2709.20000000002,2587.6999999999734
177433857.0647,2709.20000000002,2587.6999999999734
177433859.0647,2709.20000000002,2587.6999999999734
177433861.0647,2709.20000000002,2587.6999999999734
177433863.0647,2709.20000000002,2587.6999999999734
177433865.0647,2709.20000000002,2587.6999999999734
177433867.0647,2709.20000000002,2587.6999999999734
177433869.0647,2709.20000000002,2587.6999999999734
177433871.0647,2709.20000000002,2587.6999999999734
177433873.0647,2709.20000000002,2587.6999999999734
177433875.0647,2709.10000000002,2587.6999999999734
177433877.0647,2709.00000000002,2587.6999999999734
177433879.0647,2709.00000000002,2587.7999999999734
177433881.0647,2709.00000000002,2587.7999999999734
177433883.0647,2709.00000000002,2587.7999999999734
177433885.0647,2708.90000000002,2587.7999999999734
177433887.0647,2708.90000000002,2587.7999999999734
177433889.0647,2708.90000000002,2587.7999999999734
177433891.0647,2708.90000000002,2587.7999999999734
177433893.0647,2708.90000000002,2587.8999999999733
177433895.0647,2708.90000000002,2587.8999999999733
177433897.0647,2708.90000000002,2587.8999999999733
177433899.0647,2708.90000000002,2587.8999999999733
177433901.0647,2708.90000000002,2587.8999999999733
177433903.0647,2708.90000000002,2587.8999999999733
177433905.0647,2708.90000000002,2587.8999999999733
177433907.0647,2708.90000000002,2587.8999999999733
177433909.0647,2708.90000000002,2587.8999999999733
177433911.0647,2708.90000000002,2587.8999999999733
177433913.0647,2708.90000000002,2587.8999999999733
177433915.0647,2708.90000000002,2587.8999999999733
177433917.0647,2708.90000000002,2587.8999999999733
177433919.0647,2708.90000000002,2587.8999999999733
177433921.0647,2708.90000000002,2587.8999999999733
177433923.0647,2708.90000000002,2587.8999999999733
177433925.0647,2708.80000000002,2587.8999999999733
177433927.0647,2708.80000000002,2587.999999999973
177433929.0647,2708.80000000002,2587.999999999973
177433931.0647,2708.80000000002,2587.999999999973
177433933.0647,2708.80000000002,2587.999999999973
177433935.0647,2708.80000000002,2587.999999999973
177433937.0647,2708.80000000002,2587.999999999973
177433939.0647,2708.7000000000203,2587.999999999973
177433941.0647,2708.7000000000203,2587.999999999973
177433943.0647,2708.7000000000203,2587.999999999973
177433945.0647,2708.7000000000203,2587.999999999973
177433947.0647,2708.7000000000203,2587.999999999973
177433949.0647,2708.7000000000203,2587.999999999973
177433951.0647,2708.7000000000203,2587.999999999973
177433953.0647,2708.7000000000203,2587.999999999973
177433955.0647,2708.7000000000203,2587.999999999973
177433957.0647,2708.7000000000203,2587.999999999973
177433959.0647,2708.7000000000203,2587.999999999973
177433961.0647,2708.7000000000203,2587.999999999973
177433963.0647,2708.7000000000203,2587.999999999973
177433965.0647,2708.7000000000203,2587.999999999973
177433967.0647,2708.7000000000203,2587.999999999973
177433969.0647,2708.90000000002,2587.999999999973
177433971.0647,2708.90000000002,2587.999999999973
177433973.0647,2708.90000000002,2587.999999999973
177433975.0647,2708.90000000002,2587.999999999973
177433977.0647,2708.90000000002,2587.999999999973
177433979.0647,2708.80000000002,2587.999999999973
177433981.0647,2708.80000000002,2587.999999999973
177433983.0647,2708.80000000002,2587.999999999973
177433985.0647,2708.80000000002,2587.999999999973
177433987.0647,2708.80000000002,2587.999999999973
177433989.0647,2708.80000000002,2587.999999999973
177433991.0647,2708.80000000002,2587.999999999973
177433993.0647,2708.80000000002,2588.099999999973
177433995.0647,2708.80000000002,2588.099999999973
177433997.0647,2708.80000000002,2588.099999999973
177433999.0647,2708.80000000002,2588.099999999973
177434001.0647,2708.80000000002,2588.099999999973
177434003.0647,2708.80000000002,2588.099999999973
177434005.0647,2708.80000000002,2588.099999999973
177434007.0647,2708.80000000002,2588.099999999973
177434009.0647,2708.80000000002,2588.099999999973
177434011.0647,2708.80000000002,2588.099999999973
177434013.0647,2708.80000000002,2588.099999999973
177434015.0647,2708.80000000002,2588.099999999973
177434017.0647,2708.80000000002,2588.099999999973
177434019.0647,2708.80000000002,2588.099999999973
177434021.0647,2708.80000000002,2588.099999999973
177434023.0647,2708.80000000002,2588.099999999973
177434025.0647,2696.6000000000204,2588.099999999973
177434027.0647,2696.6000000000204,2588.099999999973
177434029.0647,2708.80000000002,2588.099999999973
177434031.0647,2708.80000000002,2588.099999999973
177434033.0647,2708.7000000000203,2588.099999999973
177434035.0647,2708.7000000000203,2588.099999999973
177434037.0647,2708.7000000000203,2588.099999999973
177434039.0647,2708.7000000000203,2588.099999999973
177434041.0647,2708.7000000000203,2588.099999999973
177434043.0647,2708.7000000000203,2588.099999999973
177434045.0647,2708.7000000000203,2588.099999999973
177434047.0647,2708.7000000000203,2588.099999999973
177434049.0647,2708.6000000000204,2588.199999999973
177434051.0647,2708.6000000000204,2588.299999999973
177434053.0647,2708.6000000000204,2588.299999999973
177434055.0647,2708.6000000000204,2588.299999999973
177434057.0647,2708.6000000000204,2588.299999999973
177434059.0647,2708.6000000000204,2588.299999999973
177434061.0647,2708.6000000000204,2588.299999999973
177434063.0647,2708.6000000000204,2588.299999999973
177434065.0647,2708.6000000000204,2588.299999999973
177434067.0647,2708.6000000000204,2588.299999999973
177434069.0647,2708.6000000000204,2588.299999999973
177434071.0647,2708.6000000000204,2588.299999999973
177434073.0647,2708.6000000000204,2588.299999999973
177434075.0647,2708.6000000000204,2588.299999999973
177434077.0647,2708.6000000000204,2588.299999999973
177434079.0647,2708.6000000000204,2588.299999999973
177434081.0647,2708.6000000000204,2588.299999999973
177434083.0647,2708.6000000000204,2588.299999999973
177434085.0647,2708.5000000000205,2588.299999999973
177434087.0647,2708.5000000000205,2588.299999999973
177434089.0647,2708.5000000000205,2588.299999999973
177434091.0647,2708.5000000000205,2588.299999999973
177434093.0647,2708.4000000000206,2588.299999999973
177434095.0647,2708.4000000000206,2588.299999999973
177434097.0647,2708.4000000000206,2588.299999999973
177434099.0647,2708.4000000000206,2588.299999999973
177434101.0647,2708.4000000000206,2588.299999999973
177434103.0647,2708.4000000000206,2588.299999999973
177434105.0647,2709.1000000000204,2588.299999999973
177434107.0647,2709.1000000000204,2588.299999999973
177434109.0647,2709.1000000000204,2588.299999999973
177434111.0647,2709.2000000000203,2588.299999999973
177434113.0647,2709.30000000002,2588.299999999973
177434115.0647,2709.30000000002,2588.299999999973
177434117.0647,2709.30000000002,2588.299999999973
177434119.0647,2709.30000000002,2588.299999999973
177434121.0647,2709.30000000002,2588.099999999973
177434123.0647,2709.30000000002,2588.099999999973
177434125.0647,2709.30000000002,2588.099999999973
177434127.0647,2709.30000000002,2588.099999999973
177434129.0647,2709.30000000002,2588.099999999973
177434131.0647,2709.30000000002,2588.099999999973
177434133.0647,2709.30000000002,2588.099999999973
177434135.0647,2709.30000000002,2588.099999999973
177434137.0647,2709.30000000002,2588.099999999973
177434139.0647,2709.30000000002,2588.099999999973
177434141.0647,2709.30000000002,2588.099999999973
177434143.0647,2709.30000000002,2588.099999999973
177434145.0647,2709.30000000002,2588.099999999973
177434147.0647,2709.30000000002,2588.099999999973
177434149.0647,2709.30000000002,2588.099999999973
177434151.0647,2709.30000000002,2588.099999999973
177434153.0647,2709.30000000002,2588.099999999973
177434155.0647,2709.30000000002,2588.099999999973
177434157.0647,2709.30000000002,2588.099999999973
177434159.0647,2709.30000000002,2588.099999999973
177434161.0647,2709.30000000002,2588.099999999973
177434163.0647,2709.30000000002,2588.099999999973
177434165.0647,2709.30000000002,2588.099999999973
177434167.0647,2709.40000000002,2588.099999999973
177434169.0647,2709.40000000002,2588.099999999973
177434171.0647,2709.40000000002,2588.099999999973
177434173.0647,2709.40000000002,2588.099999999973
177434175.0647,2709.40000000002,2587.999999999973
177434177.0647,2709.40000000002,2587.999999999973
177434179.0647,2709.30000000002,2587.999999999973
177434181.0647,2709.30000000002,2587.999999999973
177434183.0647,2709.40000000002,2587.999999999973
177434185.0647,2709.40000000002,2587.999999999973
177434187.0647,2709.40000000002,2587.999999999973
177434189.0647,2709.40000000002,2587.999999999973
177434191.0647,2709.40000000002,2587.999999999973
177434193.0647,2697.30000000002,2587.999999999973
177434195.0647,2697.30000000002,2587.999999999973
177434197.0647,2697.30000000002,2587.999999999973
177434199.0647,2697.30000000002,2587.999999999973
177434201.0647,2697.30000000002,2587.999999999973
177434203.0647,2697.30000000002,2587.999999999973
177434205.0647,2709.40000000002,2587.999999999973
177434207.0647,2709.40000000002,2587.999999999973
177434209.0647,2709.40000000002,2587.999999999973
177434211.0647,2709.40000000002,2587.999999999973
177434213.0647,2709.40000000002,2587.999999999973
177434215.0647,2709.40000000002,2587.999999999973
177434217.0647,2709.40000000002,2587.999999999973
177434219.0647,2709.40000000002,2587.999999999973
177434221.0647,2709.40000000002,2587.999999999973
177434223.0647,2709.40000000002,2588.099999999973
177434225.0647,2709.40000000002,2588.099999999973
177434227.0647,2709.40000000002,2588.099999999973
177434229.0647,2709.40000000002,2588.099999999973
177434231.0647,2709.40000000002,2588.099999999973
177434233.0647,2709.40000000002,2588.099999999973
177434235.0647,2709.40000000002,2588.099999999973
177434237.0647,2709.40000000002,2588.099999999973
177434239.0647,2709.30000000002,2588.099999999973
177434241.0647,2709.30000000002,2588.099999999973
177434243.0647,2709.30000000002,2588.099999999973
177434245.0647,2709.30000000002,2588.099999999973
177434247.0647,2709.30000000002,2588.099999999973
177434249.0647,2709.30000000002,2588.099999999973
177434251.0647,2709.30000000002,2588.099999999973
177434253.0647,2709.30000000002,2588.099999999973
177434255.0647,2709.2000000000203,2588.099999999973
177434257.0647,2709.2000000000203,2588.099999999973
177434259.0647,2709.2000000000203,2588.099999999973
177434261.0647,2709.2000000000203,2588.099999999973
177434263.0647,2709.2000000000203,2588.099999999973
177434265.0647,2709.1000000000204,2588.099999999973
177434267.0647,2709.1000000000204,2588.099999999973
177434269.0647,2709.1000000000204,2588.099999999973
177434271.0647,2709.1000000000204,2588.099999999973
177434273.0647,2709.1000000000204,2588.199999999973
177434275.0647,2709.1000000000204,2588.199999999973
177434277.0647,2709.1000000000204,2588.199999999973
177434279.0647,2709.0000000000205,2588.199999999973
177434281.0647,2709.0000000000205,2587.999999999973
177434283.0647,2709.0000000000205,2587.999999999973
177434285.0647,2709.0000000000205,2587.999999999973
177434287.0647,2709.0000000000205,2587.999999999973
177434289.0647,2709.0000000000205,2587.999999999973
177434291.0647,2709.0000000000205,2587.999999999973
177434293.0647,2709.0000000000205,2587.999999999973
177434295.0647,2709.0000000000205,2587.999999999973
177434297.0647,2709.0000000000205,2587.999999999973
177434299.0647,2709.0000000000205,2587.999999999973
177434301.0647,2709.0000000000205,2587.999999999973
177434303.0647,2709.0000000000205,2587.999999999973
177434305.0647,2709.0000000000205,2587.999999999973
177434307.0647,2709.0000000000205,2587.999999999973
177434309.0647,2709.0000000000205,2587.999999999973
177434311.0647,2709.0000000000205,2587.999999999973
177434313.0647,2709.0000000000205,2587.999999999973
177434315.0647,2709.0000000000205,2594.099999999973
177434317.0647,2709.0000000000205,2594.099999999973
177434319.0647,2709.0000000000205,2594.099999999973
177434321.0647,2709.0000000000205,2594.099999999973
177434323.0647,2709.0000000000205,2594.099999999973
177434325.0647,2709.0000000000205,2594.099999999973
177434327.0647,2709.0000000000205,2594.099999999973
177434329.0647,2709.0000000000205,2594.099999999973
177434331.0647,2709.0000000000205,2594.099999999973
177434333.0647,2709.0000000000205,2594.099999999973
177434335.0647,2709.0000000000205,2594.099999999973
177434337.0647,2708.9000000000206,2594.099999999973
177434339.0647,2708.8000000000206,2587.999999999973
177434341.0647,2708.8000000000206,2587.999999999973
177434343.0647,2708.8000000000206,2587.999999999973
177434345.0647,2708.8000000000206,2587.999999999973
177434347.0647,2708.7000000000207,2587.999999999973
177434349.0647,2708.7000000000207,2588.099999999973
177434351.0647,2708.7000000000207,2588.099999999973
177434353.0647,2708.7000000000207,2588.099999999973
177434355.0647,2708.7000000000207,2588.099999999973
177434357.0647,2708.7000000000207,2588.199999999973
177434359.0647,2708.7000000000207,2588.199999999973
177434361.0647,2708.7000000000207,2588.199999999973
177434363.0647,2708.600000000021,2588.199999999973
177434365.0647,2708.600000000021,2588.299999999973
177434367.0647,2708.600000000021,2588.299999999973
177434369.0647,2708.600000000021,2588.299999999973
177434371.0647,2708.600000000021,2588.299999999973
177434373.0647,2708.600000000021,2588.299999999973
177434375.0647,2708.600000000021,2588.299999999973
177434377.0647,2708.600000000021,2588.299999999973
177434379.0647,2708.600000000021,2588.299999999973
177434381.0647,2708.600000000021,2588.299999999973
177434383.0647,2708.600000000021,2588.299999999973
177434385.0647,2708.600000000021,2588.299999999973
177434387.0647,2708.600000000021,2588.299999999973
177434389.0647,2708.600000000021,2588.299999999973
177434391.0647,2708.500000000021,2588.299999999973
177434393.0647,2708.500000000021,2588.299999999973
177434395.0647,2708.500000000021,2588.299999999973
177434397.0647,2708.500000000021,2588.299999999973
177434399.0647,2708.400000000021,2588.299999999973
177434401.0647,2708.300000000021,2588.299999999973
177434403.0647,2708.300000000021,2588.299999999973
177434405.0647,2708.200000000021,2588.299999999973
177434407.0647,2708.200000000021,2588.299999999973
177434409.0647,2708.200000000021,2588.299999999973
177434411.0647,2708.200000000021,2588.299999999973
177434413.0647,2708.200000000021,2588.199999999973
177434415.0647,2708.200000000021,2588.199999999973
177434417.0647,2708.200000000021,2588.199999999973
177434419.0647,2708.200000000021,2588.199999999973
177434421.0647,2708.200000000021,2588.199999999973
177434423.0647,2708.200000000021,2588.199999999973
177434425.0647,2708.200000000021,2588.199999999973
177434427.0647,2696.200000000021,2588.299999999973
177434429.0647,2696.200000000021,2588.299999999973
177434431.0647,2696.200000000021,2588.299999999973
177434433.0647,2696.200000000021,2588.199999999973
177434435.0647,2696.1000000000213,2588.199999999973
177434437.0647,2696.1000000000213,2588.199999999973
177434439.0647,2696.0000000000214,2588.199999999973
177434441.0647,2696.0000000000214,2588.199999999973
177434443.0647,2696.0000000000214,2588.199999999973
177434445.0647,2696.0000000000214,2588.199999999973
177434447.0647,2696.0000000000214,2588.199999999973
177434449.0647,2696.0000000000214,2588.199999999973
177434451.0647,2695.9000000000215,2588.199999999973
177434453.0647,2709.1000000000213,2588.199999999973
177434455.0647,2709.1000000000213,2588.199999999973
177434457.0647,2709.1000000000213,2588.199999999973
177434459.0647,2709.1000000000213,2588.199999999973
177434461.0647,2709.1000000000213,2588.199999999973
177434463.0647,2709.1000000000213,2588.199999999973
177434465.0647,2709.1000000000213,2588.199999999973
177434467.0647,2709.200000000021,2588.199999999973
177434469.0647,2709.200000000021,2588.199999999973
177434471.0647,2709.200000000021,2588.199999999973
177434473.0647,2709.1000000000213,2588.199999999973
177434475.0647,2709.1000000000213,2588.299999999973
177434477.0647,2709.200000000021,2588.299999999973
177434479.0647,2709.200000000021,2588.299999999973
177434481.0647,2709.200000000021,2588.299999999973
177434483.0647,2709.200000000021,2588.299999999973
177434485.0647,2709.200000000021,2588.199999999973
177434487.0647,2709.200000000021,2588.199999999973
177434489.0647,2709.200000000021,2588.199999999973
177434491.0647,2709.200000000021,2588.199999999973
177434493.0647,2709.200000000021,2588.199999999973
177434495.0647,2709.200000000021,2588.199999999973
177434497.0647,2709.200000000021,2588.199999999973
177434499.0647,2709.200000000021,2588.199999999973
177434501.0647,2709.200000000021,2588.199999999973
177434503.0647,2709.200000000021,2588.199999999973
177434505.0647,2709.200000000021,2588.199999999973
177434507.0647,2709.200000000021,2588.199999999973
177434509.0647,2709.200000000021,2588.199999999973
177434511.0647,2709.200000000021,2588.199999999973
177434513.0647,2709.200000000021,2588.199999999973
177434515.0647,2709.200000000021,2588.199999999973
177434517.0647,2709.200000000021,2588.199999999973
177434519.0647,2709.200000000021,2588.199999999973
177434521.0647,2709.200000000021,2588.199999999973
177434523.0647,2709.200000000021,2588.199999999973
177434525.0647,2709.200000000021,2588.199999999973
177434527.0647,2709.200000000021,2588.199999999973
177434529.0647,2709.200000000021,2588.199999999973
177434531.0647,2709.200000000021,2588.299999999973
177434533.0647,2709.200000000021,2588.299999999973
177434535.0647,2709.200000000021,2588.299999999973
177434537.0647,2709.200000000021,2588.299999999973
177434539.0647,2709.200000000021,2588.399999999973
177434541.0647,2709.1000000000213,2588.399999999973
177434543.0647,2709.0000000000214,2588.399999999973
177434545.0647,2709.0000000000214,2588.399999999973
177434547.0647,2709.0000000000214,2588.399999999973
177434549.0647,2709.0000000000214,2588.399999999973
177434551.0647,2709.0000000000214,2588.399999999973
177434553.0647,2709.0000000000214,2588.399999999973
177434555.0647,2709.0000000000214,2588.399999999973
177434557.0647,2709.0000000000214,2588.399999999973
177434559.0647,2709.0000000000214,2588.399999999973
177434561.0647,2709.0000000000214,2588.399999999973
177434563.0647,2708.9000000000215,2588.399999999973
177434565.0647,2709.0000000000214,2588.399999999973
177434567.0647,2709.0000000000214,2588.399999999973
177434569.0647,2709.0000000000214,2588.399999999973
177434571.0647,2709.0000000000214,2588.399999999973
177434573.0647,2709.0000000000214,2588.399999999973
177434575.0647,2709.0000000000214,2588.399999999973
177434577.0647,2709.0000000000214,2588.399999999973
177434579.0647,2709.0000000000214,2588.399999999973
177434581.0647,2709.0000000000214,2588.399999999973
177434583.0647,2709.0000000000214,2588.399999999973
177434585.0647,2709.0000000000214,2588.399999999973
177434587.0647,2709.0000000000214,2588.399999999973
177434589.0647,2709.0000000000214,2588.399999999973
177434591.0647,2709.0000000000214,2588.399999999973
177434593.0647,2709.200000000021,2588.399999999973
177434595.0647,2709.200000000021,2588.399999999973
177434597.0647,2709.200000000021,2588.399999999973
177434599.0647,2709.200000000021,2588.399999999973
177434601.0647,2709.200000000021,2588.399999999973
177434603.0647,2709.200000000021,2588.399999999973
177434605.0647,2709.200000000021,2588.399999999973
177434607.0647,2709.200000000021,2588.399999999973
177434609.0647,2709.200000000021,2588.399999999973
177434611.0647,2709.200000000021,2588.399999999973
177434613.0647,2709.200000000021,2588.399999999973
177434615.0647,2709.200000000021,2588.399999999973
177434617.0647,2709.200000000021,2588.399999999973
177434619.0647,2709.200000000021,2588.399999999973
177434621.0647,2709.200000000021,2588.399999999973
177434623.0647,2709.200000000021,2588.399999999973
177434625.0647,2709.200000000021,2588.399999999973
177434627.0647,2709.200000000021,2588.399999999973
177434629.0647,2709.200000000021,2588.399999999973
177434631.0647,2709.200000000021,2588.399999999973
177434633.0647,2709.200000000021,2588.399999999973
177434635.0647,2709.200000000021,2588.399999999973
177434637.0647,2709.200000000021,2588.399999999973
177434639.0647,2709.200000000021,2588.399999999973
177434641.0647,2709.200000000021,2588.399999999973
177434643.0647,2709.200000000021,2588.399999999973
177434645.0647,2709.200000000021,2588.399999999973
177434647.0647,2709.200000000021,2588.399999999973
177434649.0647,2709.200000000021,2588.399999999973
177434651.0647,2709.1000000000213,2588.399999999973
177434653.0647,2709.1000000000213,2588.399999999973
177434655.0647,2709.4000000000215,2588.399999999973
177434657.0647,2709.4000000000215,2588.399999999973
177434659.0647,2709.4000000000215,2588.399999999973
177434661.0647,2710.0000000000214,2588.399999999973
177434663.0647,2710.0000000000214,2588.399999999973
177434665.0647,2710.0000000000214,2588.399999999973
177434667.0647,2710.0000000000214,2588.399999999973
177434669.0647,2710.0000000000214,2588.399999999973
177434671.0647,2710.0000000000214,2588.4999999999727
177434673.0647,2710.0000000000214,2588.4999999999727
177434675.0647,2710.0000000000214,2588.4999999999727
177434677.0647,2710.0000000000214,2588.4999999999727
177434679.0647,2710.0000000000214,2588.4999999999727
177434681.0647,2709.9000000000215,2588.4999999999727
177434683.0647,2709.8000000000216,2588.4999999999727
177434685.0647,2709.8000000000216,2588.399999999973
177434687.0647,2709.8000000000216,2588.399999999973
177434689.0647,2709.8000000000216,2588.399999999973
177434691.0647,2709.8000000000216,2588.399999999973
177434693.0647,2709.8000000000216,2588.399999999973
177434695.0647,2709.8000000000216,2588.399999999973
177434697.0647,2709.8000000000216,2588.399999999973
177434699.0647,2709.8000000000216,2588.399999999973
177434701.0647,2709.8000000000216,2588.399999999973
177434703.0647,2709.8000000000216,2588.399999999973
177434705.0647,2709.8000000000216,2588.399999999973
177434707.0647,2709.7000000000216,2594.4999999999727
177434709.0647,2709.7000000000216,2583.899999999973
177434711.0647,2709.7000000000216,2583.899999999973
177434713.0647,2709.7000000000216,2583.899999999973
177434715.0647,2709.7000000000216,2583.899999999973
177434717.0647,2709.7000000000216,2583.899999999973
177434719.0647,2709.7000000000216,2583.899999999973
177434721.0647,2709.7000000000216,2583.9999999999727
177434723.0647,2709.7000000000216,2583.9999999999727
177434725.0647,2710.000000000022,2583.9999999999727
177434727.0647,2710.000000000022,2583.9999999999727
177434729.0647,2710.000000000022,2583.9999999999727
177434731.0647,2710.000000000022,2583.9999999999727
177434733.0647,2710.000000000022,2583.9999999999727
177434735.0647,2710.000000000022,2583.9999999999727
177434737.0647,2710.000000000022,2583.9999999999727
177434739.0647,2710.000000000022,2583.9999999999727
177434741.0647,2710.000000000022,2583.9999999999727
177434743.0647,2710.000000000022,2583.9999999999727
177434745.0647,2710.000000000022,2583.9999999999727
177434747.0647,2710.000000000022,2583.9999999999727
177434749.0647,2710.000000000022,2583.9999999999727
177434751.0647,2710.000000000022,2583.9999999999727
177434753.0647,2710.000000000022,2583.9999999999727
177434755.0647,2710.000000000022,2583.9999999999727
177434757.0647,2710.000000000022,2583.9999999999727
177434759.0647,2710.000000000022,2583.9999999999727
177434761.0647,2710.000000000022,2583.9999999999727
177434763.0647,2710.000000000022,2583.9999999999727
177434765.0647,2710.000000000022,2583.9999999999727
177434767.0647,2709.900000000022,2583.9999999999727
177434769.0647,2709.900000000022,2583.9999999999727
177434771.0647,2709.900000000022,2583.9999999999727
177434773.0647,2709.900000000022,2583.9999999999727
177434775.0647,2709.900000000022,2583.9999999999727
177434777.0647,2710.000000000022,2583.9999999999727
177434779.0647,2710.000000000022,2583.9999999999727
177434781.0647,2710.000000000022,2583.899999999973
177434783.0647,2710.000000000022,2583.899999999973
177434785.0647,2710.000000000022,2583.9999999999727
177434787.0647,2710.000000000022,2583.9999999999727
177434789.0647,2710.000000000022,2583.9999999999727
177434791.0647,2710.000000000022,2583.9999999999727
177434793.0647,2710.000000000022,2583.9999999999727
177434795.0647,2710.000000000022,2583.9999999999727
177434797.0647,2710.000000000022,2583.9999999999727
177434799.0647,2710.000000000022,2583.9999999999727
177434801.0647,2710.000000000022,2583.9999999999727
177434803.0647,2710.000000000022,2583.9999999999727
177434805.0647,2710.000000000022,2583.9999999999727
177434807.0647,2710.000000000022,2583.9999999999727
177434809.0647,2710.000000000022,2583.9999999999727
177434811.0647,2710.000000000022,2583.9999999999727
177434813.0647,2710.000000000022,2583.9999999999727
177434815.0647,2710.000000000022,2583.9999999999727
177434817.0647,2710.000000000022,2583.9999999999727
177434819.0647,2709.900000000022,2583.9999999999727
177434821.0647,2709.900000000022,2583.9999999999727
177434823.0647,2709.900000000022,2583.9999999999727
177434825.0647,2709.900000000022,2583.9999999999727
177434827.0647,2709.900000000022,2583.9999999999727
177434829.0647,2709.900000000022,2583.9999999999727
177434831.0647,2709.900000000022,2584.0999999999726
177434833.0647,2709.900000000022,2584.0999999999726
177434835.0647,2709.900000000022,2584.0999999999726
177434837.0647,2709.800000000022,2584.0999999999726
177434839.0647,2709.800000000022,2584.0999999999726
177434841.0647,2709.800000000022,2584.0999999999726
177434843.0647,2709.800000000022,2584.0999999999726
177434845.0647,2709.800000000022,2584.0999999999726
177434847.0647,2709.800000000022,2584.0999999999726
177434849.0647,2709.800000000022,2584.0999999999726
177434851.0647,2709.800000000022,2584.0999999999726
177434853.0647,2709.800000000022,2590.399999999973
177434855.0647,2709.800000000022,2590.399999999973
177434857.0647,2709.800000000022,2590.399999999973
177434859.0647,2709.800000000022,2590.399999999973
177434861.0647,2709.800000000022,2590.399999999973
177434863.0647,2709.800000000022,2590.399999999973
177434865.0647,2709.800000000022,2590.4999999999727
177434867.0647,2709.800000000022,2590.4999999999727
177434869.0647,2709.800000000022,2590.399999999973
177434871.0647,2709.800000000022,2590.399999999973
177434873.0647,2709.800000000022,2590.399999999973
177434875.0647,2709.800000000022,2583.899999999973
177434877.0647,2709.800000000022,2583.899999999973
177434879.0647,2709.800000000022,2583.899999999973
177434881.0647,2709.800000000022,2583.899999999973
177434883.0647,2709.800000000022,2583.899999999973
177434885.0647,2709.800000000022,2583.899999999973
177434887.0647,2709.800000000022,2583.899999999973
177434889.0647,2709.800000000022,2583.899999999973
177434891.0647,2709.800000000022,2583.899999999973
177434893.0647,2709.800000000022,2583.899999999973
177434895.0647,2709.800000000022,2583.899999999973
177434897.0647,2709.800000000022,2583.899999999973
177434899.0647,2709.800000000022,2583.899999999973
177434901.0647,2709.800000000022,2583.899999999973
177434903.0647,2709.800000000022,2583.899999999973
177434905.0647,2709.800000000022,2583.899999999973
177434907.0647,2709.800000000022,2583.899999999973
177434909.0647,2709.800000000022,2583.899999999973
177434911.0647,2709.900000000022,2583.899999999973
177434913.0647,2710.000000000022,2583.899999999973
177434915.0647,2710.000000000022,2583.899999999973
177434917.0647,2710.000000000022,2583.899999999973
177434919.0647,2710.000000000022,2583.899999999973
177434921.0647,2710.000000000022,2583.899999999973
177434923.0647,2710.000000000022,2583.899999999973
177434925.0647,2710.000000000022,2583.899999999973
177434927.0647,2709.900000000022,2583.899999999973
177434929.0647,2709.900000000022,2583.899999999973
177434931.0647,2709.900000000022,2583.899999999973
177434933.0647,2709.900000000022,2583.899999999973
177434935.0647,2709.900000000022,2583.899999999973
177434937.0647,2709.900000000022,2583.899999999973
177434939.0647,2709.900000000022,2583.899999999973
177434941.0647,2709.900000000022,2583.899999999973
177434943.0647,2709.900000000022,2583.899999999973
177434945.0647,2709.900000000022,2583.899999999973
177434947.0647,2709.900000000022,2583.899999999973
177434949.0647,2709.900000000022,2583.899999999973
177434951.0647,2709.900000000022,2583.899999999973
177434953.0647,2709.900000000022,2583.899999999973
177434955.0647,2709.900000000022,2583.899999999973
177434957.0647,2709.900000000022,2583.899999999973
177434959.0647,2709.900000000022,2583.899999999973
177434961.0647,2709.900000000022,2583.899999999973
177434963.0647,2709.900000000022,2583.899999999973
177434965.0647,2709.900000000022,2583.899999999973
177434967.0647,2709.900000000022,2583.899999999973
177434969.0647,2709.900000000022,2583.899999999973
177434971.0647,2709.900000000022,2583.899999999973
177434973.0647,2709.900000000022,2583.899999999973
177434975.0647,2709.900000000022,2583.899999999973
177434977.0647,2709.900000000022,2583.899999999973
177434979.0647,2709.900000000022,2583.899999999973
177434981.0647,2709.900000000022,2583.899999999973
177434983.0647,2709.900000000022,2583.899999999973
177434985.0647,2709.900000000022,2583.899999999973
177434987.0647,2709.900000000022,2583.899999999973
177434989.0647,2709.800000000022,2583.899999999973
177434991.0647,2709.800000000022,2583.899999999973
177434993.0647,2709.800000000022,2583.899999999973
177434995.0647,2709.800000000022,2583.899999999973
177434997.0647,2709.900000000022,2583.899999999973
177434999.0647,2710.000000000022,2583.899999999973
177435001.0647,2710.000000000022,2583.899999999973
177435003.0647,2710.000000000022,2583.899999999973
177435005.0647,2710.000000000022,2583.899999999973
177435007.0647,2710.000000000022,2583.899999999973
177435009.0647,2710.000000000022,2583.899999999973
177435011.0647,2710.000000000022,2583.899999999973
177435013.0647,2710.000000000022,2583.899999999973
177435015.0647,2710.000000000022,2583.899999999973
177435017.0647,2710.000000000022,2583.899999999973
177435019.0647,2710.000000000022,2583.899999999973
177435021.0647,2710.000000000022,2583.899999999973
177435023.0647,2710.000000000022,2583.899999999973
177435025.0647,2710.000000000022,2583.899999999973
177435027.0647,2710.000000000022,2583.899999999973
177435029.0647,2710.000000000022,2583.899999999973
177435031.0647,2710.000000000022,2583.899999999973
177435033.0647,2710.000000000022,2583.899999999973
177435035.0647,2710.000000000022,2583.899999999973
177435037.0647,2710.000000000022,2583.899999999973
177435039.0647,2710.000000000022,2583.899999999973
177435041.0647,2710.000000000022,2583.899999999973
177435043.0647,2710.000000000022,2583.899999999973
177435045.0647,2710.000000000022,2583.899999999973
177435047.0647,2710.000000000022,2583.899999999973
177435049.0647,2710.000000000022,2583.899999999973
177435051.0647,2710.000000000022,2583.899999999973
177435053.0647,2710.000000000022,2583.899999999973
177435055.0647,2710.000000000022,2583.899999999973
177435057.0647,2710.000000000022,2583.899999999973
177435059.0647,2710.000000000022,2583.899999999973
177435061.0647,2710.000000000022,2583.899999999973
177435063.0647,2710.000000000022,2583.899999999973
177435065.0647,2710.000000000022,2583.899999999973
177435067.0647,2710.000000000022,2583.899999999973
177435069.0647,2709.900000000022,2583.899999999973
177435071.0647,2709.900000000022,2583.899999999973
177435073.0647,2709.900000000022,2583.899999999973
177435075.0647,2709.900000000022,2583.899999999973
177435077.0647,2709.900000000022,2583.899999999973
177435079.0647,2709.900000000022,2583.899999999973
177435081.0647,2709.900000000022,2583.899999999973
177435083.0647,2709.800000000022,2583.899999999973
177435085.0647,2709.800000000022,2583.899999999973
177435087.0647,2709.800000000022,2583.899999999973
177435089.0647,2709.800000000022,2583.899999999973
177435091.0647,2697.200000000022,2583.899999999973
177435093.0647,2697.200000000022,2583.899999999973
177435095.0647,2697.200000000022,2583.899999999973
177435097.0647,2697.200000000022,2583.899999999973
177435099.0647,2697.200000000022,2583.899999999973
177435101.0647,2697.200000000022,2583.899999999973
177435103.0647,2697.200000000022,2583.899999999973
177435105.0647,2697.200000000022,2583.9999999999727
177435107.0647,2697.200000000022,2583.9999999999727
177435109.0647,2697.200000000022,2583.9999999999727
177435111.0647,2697.200000000022,2583.9999999999727
177435113.0647,2709.900000000022,2583.9999999999727
177435115.0647,2709.900000000022,2583.9999999999727
177435117.0647,2709.900000000022,2583.9999999999727
177435119.0647,2709.900000000022,2583.9999999999727
177435121.0647,2709.900000000022,2583.9999999999727
177435123.0647,2709.900000000022,2583.9999999999727
177435125.0647,2709.900000000022,2583.9999999999727
177435127.0647,2709.900000000022,2583.9999999999727
177435129.0647,2709.900000000022,2583.9999999999727
177435131.0647,2709.900000000022,2583.9999999999727
177435133.0647,2709.900000000022,2584.0999999999726
177435135.0647,2710.000000000022,2584.0999999999726
177435137.0647,2710.000000000022,2584.0999999999726
177435139.0647,2710.000000000022,2590.399999999973
177435141.0647,2710.000000000022,2590.399999999973
177435143.0647,2710.000000000022,2590.399999999973
177435145.0647,2710.000000000022,2590.399999999973
177435147.0647,2710.000000000022,2590.399999999973
177435149.0647,2710.000000000022,2590.399999999973
177435151.0647,2709.900000000022,2590.399999999973
177435153.0647,2709.900000000022,2590.399999999973
177435155.0647,2709.900000000022,2590.399999999973
177435157.0647,2709.900000000022,2590.399999999973
177435159.0647,2709.900000000022,2590.399999999973
177435161.0647,2709.900000000022,2590.399999999973
177435163.0647,2709.900000000022,2590.399999999973
177435165.0647,2709.900000000022,2590.399999999973
177435167.0647,2709.900000000022,2590.399999999973
177435169.0647,2709.900000000022,2590.399999999973
177435171.0647,2709.900000000022,2590.399999999973
177435173.0647,2709.900000000022,2590.399999999973
177435175.0647,2709.900000000022,2590.399999999973
177435177.0647,2709.900000000022,2590.399999999973
177435179.0647,2709.900000000022,2590.399999999973
177435181.0647,2709.900000000022,2590.399999999973
177435183.0647,2697.900000000022,2590.399999999973
177435185.0647,2697.900000000022,2590.399999999973
177435187.0647,2709.900000000022,2590.399999999973
177435189.0647,2709.900000000022,2590.399999999973
177435191.0647,2709.900000000022,2590.399999999973
177435193.0647,2709.900000000022,2590.399999999973
177435195.0647,2709.900000000022,2590.399999999973
177435197.0647,2709.900000000022,2590.399999999973
177435199.0647,2709.900000000022,2590.399999999973
177435201.0647,2709.900000000022,2590.399999999973
177435203.0647,2709.900000000022,2590.399999999973
177435205.0647,2709.900000000022,2590.399999999973
177435207.0647,2709.900000000022,2590.399999999973
177435209.0647,2709.900000000022,2590.399999999973
177435211.0647,2709.900000000022,2590.399999999973
177435213.0647,2709.900000000022,2590.399999999973
177435215.0647,2709.900000000022,2590.399999999973
177435217.0647,2709.900000000022,2590.399999999973
177435219.0647,2709.900000000022,2590.399999999973
177435221.0647,2709.900000000022,2590.399999999973
177435223.0647,2709.900000000022,2590.399999999973
177435225.0647,2709.900000000022,2590.399999999973
177435227.0647,2709.900000000022,2590.399999999973
177435229.0647,2709.6000000000217,2590.399999999973
177435231.0647,2709.6000000000217,2590.399999999973
177435233.0647,2709.6000000000217,2590.399999999973
177435235.0647,2709.6000000000217,2590.399999999973
177435237.0647,2709.6000000000217,2590.399999999973
177435239.0647,2709.6000000000217,2583.899999999973
177435241.0647,2709.6000000000217,2583.899999999973
177435243.0647,2709.6000000000217,2583.899999999973
177435245.0647,2709.6000000000217,2583.899999999973
177435247.0647,2709.6000000000217,2583.899999999973
177435249.0647,2709.6000000000217,2583.899999999973
177435251.0647,2709.6000000000217,2583.899999999973
177435253.0647,2709.6000000000217,2583.899999999973
177435255.0647,2709.6000000000217,2583.899999999973
177435257.0647,2709.6000000000217,2583.899999999973
177435259.0647,2709.6000000000217,2583.899999999973
177435261.0647,2709.6000000000217,2583.899999999973
177435263.0647,2709.6000000000217,2583.899999999973
177435265.0647,2709.6000000000217,2583.899999999973
177435267.0647,2709.6000000000217,2583.899999999973
177435269.0647,2709.6000000000217,2583.899999999973
177435271.0647,2709.6000000000217,2583.899999999973
177435273.0647,2709.6000000000217,2583.899999999973
177435275.0647,2709.6000000000217,2583.899999999973
177435277.0647,2709.6000000000217,2583.899999999973
177435281.0647,2709.500000000022,2583.899999999973
177435291.0647,2709.6000000000217,2583.899999999973
177435293.0647,2709.6000000000217,2583.899999999973
177435295.0647,2709.6000000000217,2583.899999999973
177435297.0647,2709.6000000000217,2583.899999999973
177435299.0647,2709.6000000000217,2583.899999999973
177435301.0647,2709.6000000000217,2583.899999999973
177435303.0647,2709.6000000000217,2583.899999999973
177435305.0647,2709.6000000000217,2583.899999999973
177435307.0647,2709.6000000000217,2583.899999999973
177435309.0647,2709.6000000000217,2583.899999999973
177435311.0647,2709.6000000000217,2583.899999999973
177435313.0647,2709.6000000000217,2583.899999999973
177435315.0647,2709.6000000000217,2583.899999999973
177435317.0647,2709.6000000000217,2583.899999999973
177435319.0647,2709.6000000000217,2583.899999999973
177435321.0647,2709.6000000000217,2583.899999999973
177435323.0647,2709.8000000000216,2583.899999999973
177435325.0647,2709.7000000000216,2583.899999999973
177435327.0647,2709.7000000000216,2583.899999999973
177435329.0647,2709.7000000000216,2583.899999999973
177435331.0647,2709.7000000000216,2583.899999999973
177435333.0647,2709.7000000000216,2583.899999999973
177435335.0647,2709.7000000000216,2583.899999999973
177435337.0647,2709.7000000000216,2583.899999999973
177435339.0647,2709.7000000000216,2583.899999999973
177435341.0647,2709.7000000000216,2583.899999999973
177435343.0647,2709.7000000000216,2583.899999999973
177435345.0647,2709.7000000000216,2583.899999999973
177435347.0647,2709.8000000000216,2583.899999999973
177435349.0647,2697.2000000000216,2583.899999999973
177435351.0647,2697.2000000000216,2583.899999999973
177435353.0647,2697.1000000000217,2583.899999999973
177435355.0647,2697.1000000000217,2583.899999999973
177435357.0647,2697.1000000000217,2583.899999999973
177435359.0647,2697.2000000000216,2583.899999999973
177435361.0647,2697.2000000000216,2583.899999999973
177435363.0647,2697.2000000000216,2583.899999999973
177435365.0647,2697.2000000000216,2583.899999999973
177435367.0647,2697.2000000000216,2583.899999999973
177435369.0647,2697.2000000000216,2583.899999999973
177435371.0647,2709.8000000000216,2583.899999999973
177435373.0647,2709.8000000000216,2583.899999999973
177435375.0647,2709.9000000000215,2583.899999999973
177435377.0647,2709.9000000000215,2583.899999999973
177435379.0647,2709.9000000000215,2583.899999999973
177435381.0647,2709.9000000000215,2583.899999999973
177435383.0647,2709.9000000000215,2583.899999999973
177435385.0647,2709.9000000000215,2583.899999999973
177435387.0647,2709.9000000000215,2583.899999999973
177435389.0647,2709.9000000000215,2583.899999999973
177435391.0647,2709.9000000000215,2583.899999999973
177435393.0647,2709.8000000000216,2583.899999999973
177435395.0647,2709.8000000000216,2583.899999999973
177435397.0647,2709.8000000000216,2583.899999999973
177435399.0647,2709.8000000000216,2583.899999999973
177435401.0647,2709.8000000000216,2583.899999999973
177435403.0647,2709.8000000000216,2583.899999999973
177435405.0647,2709.8000000000216,2583.9999999999727
177435407.0647,2709.8000000000216,2583.9999999999727
177435409.0647,2709.8000000000216,2583.9999999999727
177435411.0647,2709.8000000000216,2583.899999999973
177435413.0647,2709.8000000000216,2583.899999999973
177435415.0647,2709.8000000000216,2583.899999999973
177435417.0647,2709.8000000000216,2583.9999999999727
177435419.0647,2709.7000000000216,2583.9999999999727
177435421.0647,2709.7000000000216,2583.9999999999727
177435423.0647,2709.7000000000216,2583.9999999999727
177435425.0647,2709.7000000000216,2583.899999999973
177435427.0647,2709.9000000000215,2583.899999999973
177435429.0647,2709.9000000000215,2583.899999999973
177435431.0647,2709.9000000000215,2583.899999999973
177435433.0647,2709.9000000000215,2583.899999999973
177435435.0647,2709.9000000000215,2583.899999999973
177435437.0647,2709.9000000000215,2583.899999999973
177435439.0647,2709.7000000000216,2583.899999999973
177435441.0647,2709.500000000022,2583.899999999973
177435443.0647,2709.500000000022,2583.899999999973
177435445.0647,2709.500000000022,2583.899999999973
177435447.0647,2709.500000000022,2583.899999999973
177435449.0647,2709.500000000022,2583.899999999973
177435451.0647,2709.500000000022,2583.899999999973
177435453.0647,2709.500000000022,2583.899999999973
177435455.0647,2709.500000000022,2583.9999999999727
177435457.0647,2709.500000000022,2583.9999999999727
177435459.0647,2709.500000000022,2583.9999999999727
177435461.0647,2709.500000000022,2583.9999999999727
177435463.0647,2709.500000000022,2583.9999999999727
177435465.0647,2709.500000000022,2583.9999999999727
177435467.0647,2709.500000000022,2583.9999999999727
177435469.0647,2709.500000000022,2583.9999999999727
177435471.0647,2709.400000000022,2583.9999999999727
177435473.0647,2709.500000000022,2583.9999999999727
177435475.0647,2709.400000000022,2583.9999999999727
177435477.0647,2709.400000000022,2583.9999999999727
177435479.0647,2709.200000000022,2583.9999999999727
177435481.0647,2709.200000000022,2583.9999999999727
177435483.0647,2709.400000000022,2583.9999999999727
177435485.0647,2709.400000000022,2583.9999999999727
177435487.0647,2709.400000000022,2583.9999999999727
177435489.0647,2709.300000000022,2583.9999999999727
177435491.0647,2709.300000000022,2583.9999999999727
177435493.0647,2709.300000000022,2583.9999999999727
177435495.0647,2709.200000000022,2583.9999999999727
177435497.0647,2709.200000000022,2583.9999999999727
177435499.0647,2709.200000000022,2583.9999999999727
177435501.0647,2709.200000000022,2583.899999999973
177435503.0647,2709.200000000022,2583.899999999973
177435505.0647,2709.200000000022,2583.899999999973
177435507.0647,2709.200000000022,2583.899999999973
177435509.0647,2709.200000000022,2583.899999999973
177435511.0647,2709.200000000022,2583.899999999973
177435513.0647,2709.200000000022,2583.899999999973
177435515.0647,2709.200000000022,2583.899999999973
177435517.0647,2709.200000000022,2583.899999999973
177435519.0647,2709.200000000022,2583.899999999973
177435521.0647,2709.200000000022,2583.899999999973
177435523.0647,2709.200000000022,2583.899999999973
177435525.0647,2709.200000000022,2583.899999999973
177435527.0647,2709.200000000022,2583.899999999973
177435529.0647,2709.100000000022,2583.899999999973
177435531.0647,2708.700000000022,2583.899999999973
177435533.0647,2708.700000000022,2583.899999999973
177435535.0647,2708.700000000022,2583.899999999973
177435537.0647,2708.700000000022,2583.899999999973
177435539.0647,2708.700000000022,2583.899999999973
177435541.0647,2708.700000000022,2583.899999999973
177435543.0647,2696.200000000022,2583.899999999973
177435545.0647,2708.700000000022,2583.899999999973
177435547.0647,2708.700000000022,2583.899999999973
177435549.0647,2708.700000000022,2583.899999999973
177435551.0647,2708.700000000022,2583.899999999973
177435553.0647,2708.700000000022,2583.899999999973
177435555.0647,2708.700000000022,2583.899999999973
177435557.0647,2708.700000000022,2583.899999999973
177435559.0647,2708.700000000022,2583.9999999999727
177435561.0647,2708.700000000022,2583.9999999999727
177435563.0647,2708.700000000022,2583.9999999999727
177435565.0647,2708.700000000022,2583.9999999999727
177435567.0647,2708.700000000022,2583.9999999999727
177435569.0647,2708.700000000022,2583.9999999999727
177435571.0647,2708.700000000022,2583.9999999999727
177435573.0647,2708.700000000022,2583.9999999999727
177435575.0647,2708.700000000022,2583.9999999999727
177435577.0647,2708.700000000022,2583.9999999999727
177435579.0647,2708.700000000022,2583.9999999999727
177435581.0647,2708.700000000022,2583.9999999999727
177435583.0647,2708.700000000022,2583.9999999999727
177435585.0647,2708.700000000022,2583.9999999999727
177435587.0647,2708.700000000022,2583.9999999999727
177435589.0647,2708.700000000022,2583.9999999999727
177435591.0647,2708.700000000022,2583.9999999999727
177435593.0647,2708.700000000022,2583.9999999999727
177435595.0647,2708.600000000022,2583.9999999999727
177435597.0647,2708.600000000022,2583.9999999999727
177435599.0647,2708.600000000022,2583.9999999999727
177435601.0647,2708.600000000022,2583.9999999999727
177435603.0647,2708.600000000022,2583.9999999999727
177435605.0647,2708.600000000022,2583.9999999999727
177435607.0647,2708.600000000022,2583.9999999999727
177435609.0647,2708.600000000022,2583.9999999999727
177435611.0647,2708.600000000022,2583.9999999999727
177435613.0647,2708.600000000022,2583.9999999999727
177435615.0647,2708.600000000022,2583.9999999999727
177435617.0647,2708.600000000022,2583.9999999999727
177435619.0647,2708.700000000022,2583.9999999999727
177435621.0647,2708.700000000022,2583.9999999999727
177435623.0647,2708.700000000022,2583.9999999999727
177435625.0647,2708.700000000022,2583.9999999999727
177435627.0647,2708.700000000022,2583.9999999999727
177435629.0647,2708.700000000022,2583.9999999999727
177435631.0647,2708.700000000022,2583.9999999999727
177435633.0647,2708.700000000022,2583.9999999999727
177435635.0647,2708.700000000022,2583.9999999999727
177435637.0647,2708.700000000022,2583.9999999999727
177435639.0647,2708.700000000022,2583.9999999999727
177435641.0647,2708.700000000022,2583.9999999999727
177435643.0647,2708.700000000022,2583.9999999999727
177435645.0647,2708.800000000022,2583.9999999999727
177435647.0647,2708.800000000022,2583.9999999999727
177435649.0647,2708.800000000022,2583.9999999999727
177435651.0647,2708.800000000022,2583.9999999999727
177435653.0647,2708.800000000022,2583.9999999999727
177435655.0647,2708.800000000022,2583.9999999999727
177435657.0647,2708.700000000022,2583.9999999999727
177435659.0647,2708.900000000022,2583.9999999999727
177435661.0647,2708.900000000022,2583.9999999999727
177435663.0647,2708.900000000022,2583.9999999999727
177435665.0647,2708.900000000022,2583.9999999999727
177435667.0647,2708.900000000022,2583.9999999999727
177435669.0647,2708.900000000022,2583.9999999999727
177435671.0647,2708.900000000022,2583.9999999999727
177435673.0647,2708.900000000022,2583.9999999999727
177435675.0647,2708.900000000022,2583.9999999999727
177435677.0647,2708.900000000022,2583.9999999999727
177435679.0647,2708.900000000022,2583.9999999999727
177435681.0647,2708.900000000022,2583.9999999999727
177435683.0647,2708.900000000022,2583.9999999999727
177435685.0647,2709.000000000022,2583.9999999999727
177435687.0647,2709.000000000022,2583.9999999999727
177435689.0647,2709.000000000022,2583.9999999999727
177435691.0647,2709.1000000000217,2583.9999999999727
177435693.0647,2709.1000000000217,2583.9999999999727
177435695.0647,2709.000000000022,2583.9999999999727
177435697.0647,2709.000000000022,2583.9999999999727
177435699.0647,2709.000000000022,2583.9999999999727
177435701.0647,2709.000000000022,2583.9999999999727
177435703.0647,2709.000000000022,2583.9999999999727
177435705.0647,2709.000000000022,2583.9999999999727
177435707.0647,2709.1000000000217,2583.9999999999727
177435709.0647,2709.1000000000217,2583.9999999999727
177435711.0647,2709.1000000000217,2583.9999999999727
177435713.0647,2709.1000000000217,2583.9999999999727
177435715.0647,2709.1000000000217,2583.9999999999727
177435717.0647,2709.1000000000217,2583.9999999999727
177435719.0647,2709.1000000000217,2583.9999999999727
177435721.0647,2709.1000000000217,2583.9999999999727
177435723.0647,2709.1000000000217,2583.9999999999727
177435725.0647,2709.1000000000217,2583.9999999999727
177435727.0647,2709.1000000000217,2583.9999999999727
177435729.0647,2709.1000000000217,2583.9999999999727
177435731.0647,2709.1000000000217,2583.9999999999727
177435733.0647,2709.1000000000217,2583.9999999999727
177435735.0647,2709.1000000000217,2583.9999999999727
177435737.0647,2709.1000000000217,2583.9999999999727
177435739.0647,2709.1000000000217,2584.0999999999726
177435741.0647,2709.000000000022,2583.9999999999727
177435743.0647,2709.000000000022,2583.9999999999727
177435745.0647,2709.000000000022,2583.9999999999727
177435747.0647,2709.000000000022,2583.9999999999727
177435749.0647,2709.000000000022,2583.9999999999727
177435751.0647,2709.000000000022,2583.9999999999727
177435753.0647,2709.000000000022,2583.9999999999727
177435755.0647,2709.000000000022,2583.9999999999727
177435757.0647,2709.000000000022,2583.9999999999727
177435759.0647,2709.000000000022,2583.9999999999727
177435761.0647,2709.000000000022,2583.9999999999727
177435763.0647,2709.000000000022,2584.0999999999726
177435765.0647,2709.000000000022,2584.0999999999726
177435767.0647,2709.000000000022,2584.0999999999726
177435769.0647,2709.000000000022,2584.0999999999726
177435771.0647,2709.000000000022,2584.0999999999726
177435773.0647,2709.000000000022,2584.0999999999726
177435775.0647,2709.000000000022,2584.0999999999726
177435777.0647,2709.1000000000217,2584.0999999999726
177435779.1647,2709.1000000000217,2584.0999999999726
177435781.0647,2709.1000000000217,2584.0999999999726
177435783.0647,2709.1000000000217,2584.0999999999726
177435785.0647,2709.1000000000217,2584.0999999999726
177435787.0647,2709.1000000000217,2584.0999999999726
177435789.0647,2709.1000000000217,2584.0999999999726
177435791.0647,2709.1000000000217,2584.0999999999726
177435793.0647,2709.1000000000217,2584.0999999999726
177435795.0647,2709.1000000000217,2584.0999999999726
177435797.0647,2709.1000000000217,2584.0999999999726
177435799.0647,2709.1000000000217,2584.0999999999726
177435801.0647,2709.1000000000217,2584.0999999999726
177435803.0647,2709.1000000000217,2584.0999999999726
177435805.0647,2709.1000000000217,2584.0999999999726
177435807.0647,2709.1000000000217,2584.0999999999726
177435809.0647,2709.1000000000217,2584.0999999999726
177435811.0647,2709.1000000000217,2584.0999999999726
177435813.0647,2709.1000000000217,2584.0999999999726
177435815.0647,2709.1000000000217,2584.0999999999726
177435817.0647,2709.1000000000217,2584.0999999999726
177435819.0647,2709.1000000000217,2584.0999999999726
177435821.0647,2709.1000000000217,2584.0999999999726
177435823.0647,2709.1000000000217,2584.0999999999726
177435825.0647,2709.000000000022,2584.0999999999726
177435827.0647,2709.000000000022,2584.0999999999726
177435829.0647,2709.000000000022,2584.0999999999726
177435831.0647,2709.2000000000216,2583.9999999999727
177435833.0647,2709.2000000000216,2584.0999999999726
177435835.0647,2709.2000000000216,2584.0999999999726
177435837.0647,2709.2000000000216,2584.0999999999726
177435839.0647,2709.1000000000217,2584.0999999999726
177435841.0647,2709.2000000000216,2584.0999999999726
177435843.0647,2709.2000000000216,2584.0999999999726
177435845.0647,2709.2000000000216,2584.0999999999726
177435847.0647,2709.2000000000216,2584.0999999999726
177435849.0647,2709.2000000000216,2584.0999999999726
177435851.0647,2709.1000000000217,2584.0999999999726
177435853.0647,2708.900000000022,2584.0999999999726
177435855.0647,2708.900000000022,2583.9999999999727
177435857.0647,2708.900000000022,2583.9999999999727
177435859.0647,2708.900000000022,2584.0999999999726
177435861.0647,2708.900000000022,2584.0999999999726
177435863.0647,2708.900000000022,2584.0999999999726
177435865.0647,2708.900000000022,2584.0999999999726
177435867.0647,2708.800000000022,2584.0999999999726
177435869.0647,2708.700000000022,2584.0999999999726
177435871.0647,2708.700000000022,2584.0999999999726
177435873.0647,2708.700000000022,2584.0999999999726
177435875.0647,2708.700000000022,2584.0999999999726
177435877.0647,2708.700000000022,2584.0999999999726
177435879.0647,2708.700000000022,2584.0999999999726
177435881.0647,2708.700000000022,2584.0999999999726
177435883.0647,2708.700000000022,2584.1999999999725
177435885.0647,2708.700000000022,2584.1999999999725
177435887.0647,2708.700000000022,2584.1999999999725
177435889.0647,2708.700000000022,2584.1999999999725
177435891.0647,2708.700000000022,2584.2999999999724
177435893.0647,2708.700000000022,2584.2999999999724
177435895.0647,2708.800000000022,2584.2999999999724
177435897.0647,2708.800000000022,2584.2999999999724
177435899.0647,2708.800000000022,2584.2999999999724
177435901.0647,2708.800000000022,2584.2999999999724
177435903.0647,2708.800000000022,2584.2999999999724
177435905.0647,2708.800000000022,2584.2999999999724
177435907.0647,2708.800000000022,2584.2999999999724
177435909.0647,2708.800000000022,2584.2999999999724
177435911.0647,2708.800000000022,2584.2999999999724
177435913.0647,2708.700000000022,2584.2999999999724
177435915.0647,2708.700000000022,2584.2999999999724
177435917.0647,2708.700000000022,2584.2999999999724
177435919.0647,2708.700000000022,2584.2999999999724
177435921.0647,2708.700000000022,2584.2999999999724
177435923.0647,2708.700000000022,2584.2999999999724
177435925.0647,2708.700000000022,2584.2999999999724
177435927.0647,2708.700000000022,2584.2999999999724
177435929.0647,2708.700000000022,2584.2999999999724
177435931.0647,2708.700000000022,2584.2999999999724
177435933.0647,2708.700000000022,2584.2999999999724
177435935.0647,2708.700000000022,2584.2999999999724
177435937.0647,2708.600000000022,2584.2999999999724
177435939.0647,2708.600000000022,2584.2999999999724
177435941.0647,2708.600000000022,2584.2999999999724
177435943.0647,2708.600000000022,2584.2999999999724
177435945.0647,2708.5000000000223,2584.2999999999724
177435947.0647,2708.5000000000223,2584.2999999999724
177435949.0647,2708.5000000000223,2584.2999999999724
177435951.0647,2708.5000000000223,2584.2999999999724
177435953.0647,2708.600000000022,2584.2999999999724
177435955.0647,2708.600000000022,2584.2999999999724
177435957.0647,2708.600000000022,2584.2999999999724
177435959.0647,2708.600000000022,2584.2999999999724
177435961.0647,2708.600000000022,2584.2999999999724
177435963.0647,2708.5000000000223,2584.2999999999724
177435965.0647,2708.5000000000223,2584.2999999999724
177435967.0647,2708.5000000000223,2584.2999999999724
177435969.0647,2708.4000000000224,2584.2999999999724
177435971.0647,2708.5000000000223,2584.2999999999724
177435973.0647,2708.4000000000224,2584.2999999999724
177435975.0647,2708.5000000000223,2584.2999999999724
177435977.0647,2708.5000000000223,2584.2999999999724
177435979.0647,2708.5000000000223,2584.2999999999724
177435981.0647,2708.5000000000223,2584.2999999999724
177435983.0647,2708.5000000000223,2584.2999999999724
177435985.0647,2708.5000000000223,2584.2999999999724
177435987.0647,2708.5000000000223,2584.2999999999724
177435989.0647,2708.5000000000223,2590.4999999999723
177435991.0647,2708.700000000022,2590.4999999999723
177435993.0647,2708.700000000022,2590.4999999999723
177435995.0647,2708.700000000022,2584.2999999999724
177435997.0647,2708.700000000022,2584.2999999999724
177435999.0647,2708.700000000022,2584.2999999999724
177436001.0647,2708.700000000022,2584.2999999999724
177436003.0647,2708.700000000022,2584.2999999999724
177436005.0647,2708.700000000022,2590.4999999999723
177436007.0647,2708.700000000022,2590.4999999999723
177436009.0647,2708.700000000022,2584.2999999999724
177436011.0647,2708.700000000022,2584.2999999999724
177436013.0647,2708.700000000022,2584.2999999999724
177436015.0647,2708.700000000022,2584.2999999999724
177436017.0647,2708.700000000022,2584.2999999999724
177436019.0647,2708.700000000022,2584.2999999999724
177436021.0647,2708.700000000022,2584.3999999999724
177436023.0647,2708.700000000022,2584.3999999999724
177436025.0647,2708.700000000022,2584.3999999999724
177436027.0647,2708.700000000022,2584.3999999999724
177436029.0647,2708.700000000022,2584.3999999999724
177436031.0647,2708.700000000022,2584.3999999999724
177436033.0647,2708.700000000022,2584.3999999999724
177436035.0647,2708.700000000022,2584.3999999999724
177436037.0647,2708.700000000022,2584.3999999999724
177436039.0647,2708.700000000022,2584.3999999999724
177436041.0647,2708.700000000022,2584.3999999999724
177436043.0647,2708.600000000022,2584.3999999999724
177436045.0647,2708.600000000022,2584.3999999999724
177436047.0647,2708.600000000022,2584.3999999999724
177436049.0647,2708.600000000022,2584.3999999999724
177436051.0647,2708.600000000022,2584.3999999999724
177436053.0647,2708.600000000022,2584.3999999999724
177436055.0647,2708.600000000022,2584.3999999999724
177436057.0647,2708.600000000022,2584.3999999999724
177436059.0647,2708.600000000022,2584.3999999999724
177436061.0647,2708.600000000022,2584.3999999999724
177436063.0647,2708.700000000022,2584.3999999999724
177436065.0647,2708.700000000022,2584.3999999999724
177436067.0647,2708.700000000022,2584.3999999999724
177436069.0647,2708.700000000022,2584.3999999999724
177436071.0647,2708.600000000022,2584.3999999999724
177436073.0647,2708.600000000022,2584.3999999999724
177436075.0647,2708.600000000022,2584.3999999999724
177436077.0647,2708.600000000022,2584.3999999999724
177436079.0647,2708.600000000022,2584.3999999999724
177436081.0647,2708.600000000022,2584.3999999999724
177436083.0647,2708.600000000022,2584.3999999999724
177436085.0647,2708.600000000022,2584.3999999999724
177436087.0647,2708.600000000022,2584.3999999999724
177436089.0647,2708.600000000022,2584.3999999999724
177436091.0647,2708.800000000022,2584.3999999999724
177436093.0647,2708.800000000022,2584.3999999999724
177436095.0647,2708.900000000022,2584.3999999999724
177436097.0647,2709.200000000022,2584.1999999999725
177436099.0647,2709.200000000022,2584.1999999999725
177436101.0647,2709.100000000022,2584.1999999999725
177436103.0647,2709.100000000022,2584.1999999999725
177436105.0647,2709.100000000022,2584.1999999999725
177436107.0647,2709.100000000022,2584.1999999999725
177436109.0647,2709.0000000000223,2584.1999999999725
177436111.0647,2709.200000000022,2584.1999999999725
177436113.0647,2709.200000000022,2584.1999999999725
177436115.0647,2709.200000000022,2584.1999999999725
177436117.0647,2709.200000000022,2584.1999999999725
177436119.0647,2709.100000000022,2584.1999999999725
177436121.0647,2709.200000000022,2584.1999999999725
177436123.0647,2709.200000000022,2584.1999999999725
177436125.0647,2709.200000000022,2584.1999999999725
