Timestamp,Buy_Price,Sell_Price
177427325.1681,502.0,466.6
177427327.1681,502.0,466.6
177427329.1681,502.0,466.6
177427331.1681,502.0,466.6
177427333.1681,502.0,466.6
177427335.1681,502.0,466.6
177427337.1681,502.0,466.6
177427339.1681,502.0,466.6
177427341.1681,502.0,466.6
177427343.1681,501.9,466.6
177427345.1681,502.0,466.6
177427347.1681,502.0,466.6
177427349.1681,502.0,466.6
177427351.1681,502.0,466.6
177427353.1681,502.0,466.6
177427355.1681,502.0,466.6
177427357.1681,502.0,466.6
177427359.1681,502.0,466.6
177427361.1681,502.0,466.6
177427363.1681,502.0,466.6
177427365.1681,502.0,466.6
177427367.1681,502.0,466.6
177427369.1681,502.0,466.6
177427371.1681,502.0,466.6
177427373.1681,502.0,466.70000000000005
177427375.1681,502.0,466.70000000000005
177427377.1681,502.0,466.70000000000005
177427379.1681,501.9,466.70000000000005
177427381.1681,498.4,466.70000000000005
177427383.1681,502.0,466.70000000000005
177427385.1681,502.0,466.70000000000005
177427387.1681,502.0,466.70000000000005
177427389.1681,502.0,466.70000000000005
177427391.1681,502.0,466.70000000000005
177427393.1681,502.0,466.70000000000005
177427395.1681,502.0,466.70000000000005
177427397.1681,502.0,466.80000000000007
177427399.1681,502.0,466.70000000000005
177427401.1681,502.0,466.70000000000005
177427403.1681,502.0,466.70000000000005
177427405.1681,502.0,466.70000000000005
177427407.1681,502.0,466.70000000000005
177427409.1681,502.0,466.70000000000005
177427411.1681,502.0,466.70000000000005
177427413.1681,502.0,466.70000000000005
177427415.1681,502.0,466.70000000000005
177427417.1681,502.0,466.70000000000005
177427419.1681,501.9,466.6
177427421.1681,501.9,466.6
177427423.1681,501.9,466.6
177427425.1681,501.9,466.6
177427427.1681,501.9,466.6
177427429.1681,502.0,466.6
177427431.1681,502.0,466.6
177427433.1681,502.0,466.6
177427435.1681,502.0,466.6
177427437.1681,502.0,466.6
177427439.1681,502.0,466.6
177427441.1681,502.0,466.6
177427443.1681,502.0,466.6
177427445.1681,502.0,466.6
177427447.1681,502.0,466.6
177427449.1681,502.0,466.6
177427451.1681,502.0,466.6
177427453.1681,502.0,466.6
177427455.1681,502.0,466.6
177427457.1681,502.0,466.6
177427459.1681,502.0,466.6
177427461.1681,502.0,466.6
177427463.1681,502.0,466.6
177427465.1681,502.0,466.6
177427467.1681,502.0,466.6
177427469.1681,502.0,466.6
177427471.1681,502.0,466.6
177427473.1681,502.0,466.6
177427475.1681,501.9,466.6
177427477.1681,502.0,466.6
177427479.1681,502.0,466.6
177427481.1681,502.0,466.6
177427483.1681,502.0,466.6
177427485.1681,501.9,466.6
177427487.1681,502.0,466.70000000000005
177427489.1681,501.9,466.80000000000007
177427491.1681,501.9,466.80000000000007
177427493.1681,501.9,466.9000000000001
177427495.1681,501.9,466.80000000000007
177427497.1681,501.9,466.80000000000007
177427499.1681,502.0,466.80000000000007
177427501.1681,501.8,466.9000000000001
177427503.1681,501.8,466.80000000000007
177427505.1681,501.8,466.80000000000007
177427507.1681,501.8,466.80000000000007
177427509.1681,501.8,466.80000000000007
177427511.1681,501.7,466.80000000000007
177427513.1681,501.8,466.80000000000007
177427515.1681,501.8,466.80000000000007
177427517.1681,501.8,466.80000000000007
177427519.1681,501.8,466.80000000000007
177427521.1681,501.7,466.80000000000007
177427523.1681,501.7,466.80000000000007
177427525.1681,501.7,466.80000000000007
177427527.1681,501.7,466.80000000000007
177427529.1681,501.7,466.80000000000007
177427531.1681,501.59999999999997,466.9000000000001
177427533.1681,501.99999999999994,466.9000000000001
177427535.1681,501.99999999999994,466.9000000000001
177427537.1681,501.99999999999994,468.7000000000001
177427539.1681,501.99999999999994,466.9000000000001
177427541.1681,501.99999999999994,466.9000000000001
177427543.1681,501.99999999999994,467.0000000000001
177427545.1681,501.99999999999994,467.0000000000001
177427547.1681,501.99999999999994,467.0000000000001
177427549.1681,501.99999999999994,467.0000000000001
177427551.1681,501.99999999999994,467.0000000000001
177427553.1681,501.99999999999994,467.0000000000001
177427555.1681,501.99999999999994,467.0000000000001
177427557.1681,501.99999999999994,467.0000000000001
177427559.1681,501.99999999999994,467.0000000000001
177427561.1681,501.99999999999994,467.0000000000001
177427563.1681,501.99999999999994,467.0000000000001
177427565.1681,501.99999999999994,467.10000000000014
177427567.1681,501.99999999999994,467.10000000000014
177427569.1681,501.99999999999994,467.10000000000014
177427571.1681,501.99999999999994,467.10000000000014
177427573.1681,501.8999999999999,467.10000000000014
177427575.1681,501.8999999999999,467.10000000000014
177427577.1681,501.8999999999999,467.0000000000001
177427579.1681,501.8999999999999,467.0000000000001
177427581.1681,501.8999999999999,467.0000000000001
177427583.1681,501.8999999999999,466.9000000000001
177427585.1681,501.8999999999999,466.9000000000001
177427587.1681,501.99999999999994,466.9000000000001
177427589.1681,501.8999999999999,466.9000000000001
177427591.1681,501.99999999999994,466.9000000000001
177427593.1681,501.8999999999999,466.80000000000007
177427595.1681,501.8999999999999,466.80000000000007
177427597.1681,501.8999999999999,466.80000000000007
177427599.1681,501.7999999999999,466.50000000000006
177427601.1681,501.7999999999999,466.50000000000006
177427603.1681,501.7999999999999,466.50000000000006
177427605.1681,501.8999999999999,466.50000000000006
177427607.1681,501.7999999999999,466.50000000000006
177427609.1681,501.7999999999999,466.50000000000006
177427611.1681,501.7999999999999,466.6000000000001
177427613.1681,501.7999999999999,466.6000000000001
177427615.1681,501.7999999999999,466.6000000000001
177427617.1681,501.7999999999999,466.6000000000001
177427619.1681,501.7999999999999,466.6000000000001
177427621.1681,501.7999999999999,466.6000000000001
177427623.1681,501.6999999999999,466.6000000000001
177427625.1681,501.6999999999999,466.6000000000001
177427627.1681,501.7999999999999,466.50000000000006
177427629.1681,501.7999999999999,466.50000000000006
177427631.1681,501.7999999999999,466.50000000000006
177427633.1681,501.7999999999999,466.50000000000006
177427635.1681,501.7999999999999,466.50000000000006
177427637.1681,501.7999999999999,466.50000000000006
177427639.1681,501.7999999999999,466.50000000000006
177427641.1681,501.7999999999999,466.50000000000006
177427643.1681,501.7999999999999,466.50000000000006
177427645.1681,501.6999999999999,466.50000000000006
177427647.1681,501.39999999999986,466.50000000000006
177427649.1681,501.4999999999999,466.6000000000001
177427651.1681,501.4999999999999,466.6000000000001
177427653.1681,501.4999999999999,466.6000000000001
177427655.1681,501.4999999999999,466.6000000000001
177427657.1681,501.4999999999999,466.6000000000001
177427659.1681,501.4999999999999,466.7000000000001
177427661.1681,501.5999999999999,466.7000000000001
177427663.1681,501.5999999999999,466.7000000000001
177427665.1681,501.69999999999993,466.7000000000001
177427667.1681,501.69999999999993,466.7000000000001
177427669.1681,501.69999999999993,466.7000000000001
177427671.1681,501.79999999999995,466.8000000000001
177427673.1681,501.69999999999993,466.8000000000001
177427675.1681,501.69999999999993,466.8000000000001
177427677.1681,501.79999999999995,466.8000000000001
177427679.1681,501.79999999999995,466.8000000000001
177427681.1681,501.79999999999995,466.8000000000001
177427683.1681,501.79999999999995,466.8000000000001
177427685.1681,501.79999999999995,466.8000000000001
177427687.1681,501.79999999999995,466.8000000000001
177427689.1681,501.79999999999995,466.8000000000001
177427691.1681,501.69999999999993,466.8000000000001
177427693.1681,501.79999999999995,466.90000000000015
177427695.1681,501.79999999999995,466.8000000000001
177427697.1681,501.79999999999995,466.8000000000001
177427699.1681,501.69999999999993,466.90000000000015
177427701.1681,501.69999999999993,466.90000000000015
177427703.1681,501.79999999999995,467.00000000000017
177427705.1681,501.79999999999995,467.00000000000017
177427707.1681,501.79999999999995,467.1000000000002
177427709.1681,501.99999999999994,467.1000000000002
177427711.1681,501.99999999999994,467.1000000000002
177427713.1681,501.99999999999994,467.1000000000002
177427715.1681,501.99999999999994,467.2000000000002
177427717.1681,501.99999999999994,467.2000000000002
177427719.1681,501.99999999999994,467.2000000000002
177427721.1681,501.99999999999994,467.2000000000002
177427723.1681,501.99999999999994,467.2000000000002
177427725.1681,501.99999999999994,467.2000000000002
177427727.1681,501.99999999999994,467.2000000000002
177427729.1681,501.99999999999994,467.2000000000002
177427731.1681,501.99999999999994,467.2000000000002
177427733.1681,501.99999999999994,467.2000000000002
177427735.1681,501.99999999999994,467.2000000000002
177427737.1681,501.99999999999994,467.30000000000024
177427739.1681,501.99999999999994,467.30000000000024
177427741.1681,501.99999999999994,467.40000000000026
177427743.1681,501.99999999999994,467.40000000000026
177427745.1681,501.8999999999999,467.40000000000026
177427747.1681,501.99999999999994,467.5000000000003
177427749.1681,501.8999999999999,467.5000000000003
177427751.1681,501.99999999999994,467.40000000000026
177427753.1681,501.99999999999994,467.40000000000026
177427755.1681,501.8999999999999,467.40000000000026
177427757.1681,501.8999999999999,467.40000000000026
177427759.1681,501.8999999999999,467.40000000000026
177427761.1681,501.8999999999999,467.40000000000026
177427763.1681,501.99999999999994,467.40000000000026
177427765.1681,501.99999999999994,467.40000000000026
177427767.1681,501.99999999999994,467.5000000000003
177427769.1681,501.8999999999999,467.5000000000003
177427771.1681,501.8999999999999,467.6000000000003
177427773.1681,501.7999999999999,467.6000000000003
177427775.1681,501.6999999999999,467.6000000000003
177427777.1681,501.59999999999985,467.70000000000033
177427779.1681,501.99999999999983,467.70000000000033
177427781.1681,501.99999999999983,467.70000000000033
177427783.1681,501.99999999999983,467.70000000000033
177427785.1681,501.99999999999983,467.80000000000035
177427787.1681,501.79999999999984,467.80000000000035
177427789.1681,501.79999999999984,467.9000000000004
177427791.1681,501.79999999999984,468.0000000000004
177427793.1681,501.79999999999984,468.1000000000004
177427795.1681,501.79999999999984,468.1000000000004
177427797.1681,501.79999999999984,468.1000000000004
177427799.1681,501.79999999999984,468.1000000000004
177427801.1681,501.99999999999983,468.20000000000044
177427805.1681,501.99999999999983,468.20000000000044
177427807.1681,501.99999999999983,468.30000000000047
177427809.1681,501.99999999999983,468.30000000000047
177427811.1681,501.99999999999983,468.4000000000005
177427813.1681,501.99999999999983,468.30000000000047
177427815.1681,501.99999999999983,468.30000000000047
177427817.1681,501.99999999999983,468.4000000000005
177427819.1681,501.99999999999983,468.4000000000005
177427821.1681,501.99999999999983,468.30000000000047
177427823.1681,501.99999999999983,468.30000000000047
177427825.1681,501.99999999999983,468.30000000000047
177427827.1681,501.99999999999983,470.00000000000045
177427829.1681,501.8999999999998,470.1000000000005
177427831.1681,501.8999999999998,470.1000000000005
177427833.1681,501.8999999999998,470.1000000000005
177427835.1681,501.99999999999983,470.2000000000005
177427837.1681,501.99999999999983,470.2000000000005
177427839.1681,501.99999999999983,470.2000000000005
177427841.1681,501.8999999999998,470.2000000000005
177427843.1681,501.99999999999983,470.3000000000005
177427845.1681,501.99999999999983,470.3000000000005
177427847.1681,501.99999999999983,470.40000000000055
177427849.1681,501.8999999999998,470.40000000000055
177427851.1681,501.8999999999998,470.40000000000055
177427853.1681,501.8999999999998,470.40000000000055
177427855.1681,501.8999999999998,470.40000000000055
177427857.1681,501.99999999999983,470.40000000000055
177427859.1681,501.99999999999983,470.40000000000055
177427861.1681,501.99999999999983,470.40000000000055
177427863.1681,501.99999999999983,470.40000000000055
177427865.1681,501.99999999999983,470.40000000000055
177427867.1681,501.8999999999998,470.40000000000055
177427869.1681,501.7999999999998,470.50000000000057
177427871.1681,501.69999999999976,470.50000000000057
177427873.1681,501.69999999999976,470.50000000000057
177427875.1681,501.9999999999998,470.50000000000057
177427877.1681,501.9999999999998,470.6000000000006
177427879.1681,501.9999999999998,470.8000000000006
177427881.1681,501.9999999999998,470.9000000000006
177427883.1681,501.9999999999998,470.8000000000006
177427885.1681,501.9999999999998,470.9000000000006
177427887.1681,501.9999999999998,470.9000000000006
177427889.1681,501.9999999999998,470.9000000000006
177427891.1681,501.9999999999998,470.9000000000006
177427893.1681,501.9999999999998,471.0000000000006
177427895.1681,501.89999999999975,471.0000000000006
177427897.1681,501.89999999999975,471.10000000000065
177427899.1681,501.9999999999998,471.10000000000065
177427901.1681,501.9999999999998,471.10000000000065
177427903.1681,501.9999999999998,471.10000000000065
177427905.1681,501.9999999999998,471.10000000000065
177427907.1681,501.9999999999998,471.20000000000067
177427909.1681,501.9999999999998,471.20000000000067
177427911.1681,501.89999999999975,471.20000000000067
177427913.1681,501.7999999999997,471.20000000000067
177427915.1681,501.7999999999997,471.20000000000067
177427917.1681,501.7999999999997,471.20000000000067
177427919.1681,501.6999999999997,471.20000000000067
177427921.1681,501.9999999999997,471.20000000000067
177427923.1681,501.9999999999997,471.20000000000067
177427925.1681,499.9999999999997,471.20000000000067
177427927.1681,499.9999999999997,471.20000000000067
177427929.1681,499.9999999999997,471.10000000000065
177427931.1681,499.7999999999997,471.10000000000065
177427933.1681,499.6999999999997,471.20000000000067
177427935.1681,499.6999999999997,471.20000000000067
177427937.1681,494.9999999999997,471.20000000000067
177427939.1681,494.9999999999997,471.20000000000067
177427941.1681,494.9999999999997,471.20000000000067
177427943.1681,494.8999999999997,471.20000000000067
177427945.1681,501.9999999999997,471.3000000000007
177427947.1681,501.9999999999997,471.3000000000007
177427949.1681,501.8999999999997,471.4000000000007
177427951.1681,501.79999999999967,471.4000000000007
177427953.1681,501.99999999999966,471.4000000000007
177427955.1681,501.99999999999966,471.4000000000007
177427957.1681,501.99999999999966,471.4000000000007
177427959.1681,501.99999999999966,471.4000000000007
177427961.1681,501.89999999999964,471.4000000000007
177427963.1681,501.89999999999964,471.4000000000007
177427965.1681,501.89999999999964,471.4000000000007
177427967.1681,501.89999999999964,471.4000000000007
177427969.1681,501.89999999999964,471.4000000000007
177427971.1681,501.89999999999964,471.4000000000007
177427973.1681,501.89999999999964,471.4000000000007
177427975.1681,501.89999999999964,471.4000000000007
177427977.1681,501.89999999999964,471.4000000000007
177427979.1681,501.89999999999964,471.4000000000007
177427981.1681,501.99999999999966,471.4000000000007
177427983.1681,501.89999999999964,471.4000000000007
177427985.1681,501.7999999999996,471.4000000000007
177427987.1681,501.9999999999996,471.4000000000007
177427989.1681,501.9999999999996,471.4000000000007
177427991.1681,501.9999999999996,471.4000000000007
177427993.1681,501.9999999999996,471.4000000000007
177427995.1681,501.8999999999996,471.4000000000007
177427997.1681,501.8999999999996,471.4000000000007
177427999.1681,501.8999999999996,471.50000000000074
177428001.1681,501.9999999999996,471.50000000000074
177428003.1681,501.9999999999996,471.50000000000074
177428005.1681,501.9999999999996,480.00000000000074
177428007.1681,501.9999999999996,480.00000000000074
177428009.1681,501.9999999999996,480.10000000000076
177428011.1681,501.9999999999996,480.2000000000008
177428013.1681,501.9999999999996,480.10000000000076
177428015.1681,501.9999999999996,480.2000000000008
177428017.1681,501.9999999999996,480.2000000000008
177428019.1681,501.9999999999996,480.2000000000008
177428021.1681,501.7999999999996,480.2000000000008
177428023.1681,501.9999999999996,480.2000000000008
177428025.1681,501.9999999999996,480.2000000000008
177428027.1681,501.9999999999996,480.2000000000008
177428029.1681,501.9999999999996,480.3000000000008
177428031.1681,501.9999999999996,480.3000000000008
177428033.1681,501.9999999999996,480.40000000000083
177428035.1681,501.9999999999996,480.6000000000008
177428037.1681,501.9999999999996,480.8000000000008
177428039.1681,501.9999999999996,480.90000000000083
177428041.1681,501.9999999999996,480.90000000000083
177428043.1681,501.9999999999996,480.90000000000083
177428045.1681,501.9999999999996,480.90000000000083
177428047.1681,501.8999999999996,480.90000000000083
177428049.1681,501.6999999999996,480.90000000000083
177428051.1681,501.3999999999996,480.90000000000083
177428053.1681,501.29999999999956,480.90000000000083
177428055.1681,501.29999999999956,481.00000000000085
177428057.1681,501.19999999999953,481.00000000000085
177428059.1681,501.0999999999995,481.00000000000085
177428061.1681,500.7999999999995,481.00000000000085
177428063.1681,500.6999999999995,481.00000000000085
177428065.1681,500.59999999999945,481.00000000000085
177428067.1681,500.49999999999943,481.00000000000085
177428069.1681,500.79999999999944,481.00000000000085
177428071.1681,500.79999999999944,481.00000000000085
177428073.1681,500.79999999999944,481.00000000000085
177428075.1681,500.79999999999944,481.00000000000085
177428077.1681,500.79999999999944,481.00000000000085
177428079.1681,500.79999999999944,480.80000000000086
177428081.1681,500.6999999999994,480.80000000000086
177428083.1681,500.79999999999944,480.80000000000086
177428085.1681,500.79999999999944,480.80000000000086
177428087.1681,500.79999999999944,480.80000000000086
177428089.1681,500.79999999999944,480.80000000000086
177428091.1681,500.79999999999944,480.80000000000086
177428093.1681,500.79999999999944,480.80000000000086
177428095.1681,500.79999999999944,480.80000000000086
177428097.1681,500.79999999999944,480.80000000000086
177428099.1681,500.79999999999944,480.80000000000086
177428101.1681,500.6999999999994,480.80000000000086
177428103.1681,500.5999999999994,480.9000000000009
177428105.1681,500.6999999999994,480.9000000000009
177428107.1681,500.6999999999994,480.9000000000009
177428109.1681,500.6999999999994,480.80000000000086
177428111.1681,500.5999999999994,480.80000000000086
177428113.1681,500.5999999999994,480.80000000000086
177428115.1681,500.4999999999994,480.80000000000086
177428117.1681,500.5999999999994,480.9000000000009
177428119.1681,500.5999999999994,480.9000000000009
177428121.1681,500.4999999999994,480.9000000000009
177428123.1681,500.4999999999994,480.80000000000086
177428125.1681,500.4999999999994,480.80000000000086
177428127.1681,500.69999999999936,480.80000000000086
177428129.1681,500.39999999999935,480.80000000000086
177428131.1681,500.39999999999935,480.80000000000086
177428133.1681,500.39999999999935,480.80000000000086
177428135.1681,500.39999999999935,480.80000000000086
177428137.1681,500.69999999999936,480.80000000000086
177428139.1681,500.69999999999936,480.9000000000009
177428141.1681,500.59999999999934,481.0000000000009
177428143.1681,500.59999999999934,480.8000000000009
177428145.1681,500.59999999999934,480.8000000000009
177428147.1681,500.69999999999936,480.8000000000009
177428149.1681,500.69999999999936,480.8000000000009
177428151.1681,500.69999999999936,480.8000000000009
177428153.1681,500.59999999999934,480.8000000000009
177428155.1681,500.59999999999934,480.8000000000009
177428157.1681,500.39999999999935,480.8000000000009
177428159.1681,500.39999999999935,480.8000000000009
177428161.1681,500.59999999999934,480.8000000000009
177428163.1681,500.59999999999934,480.8000000000009
177428165.1681,500.59999999999934,480.8000000000009
177428167.1681,500.59999999999934,480.8000000000009
177428169.1681,500.39999999999935,480.8000000000009
177428171.1681,500.39999999999935,480.8000000000009
177428173.1681,500.39999999999935,480.8000000000009
177428175.1681,500.39999999999935,480.8000000000009
177428177.1681,500.39999999999935,480.8000000000009
177428179.1681,500.29999999999933,480.8000000000009
177428181.1681,500.29999999999933,480.8000000000009
177428183.1681,500.29999999999933,480.90000000000094
177428185.1681,500.29999999999933,481.00000000000097
177428187.1681,500.6999999999993,480.800000000001
177428189.1681,500.6999999999993,480.900000000001
177428191.1681,500.6999999999993,480.800000000001
177428193.1681,500.5999999999993,480.800000000001
177428195.1681,500.5999999999993,480.900000000001
177428197.1681,500.49999999999926,480.900000000001
177428199.1681,500.49999999999926,480.900000000001
177428201.1681,500.49999999999926,480.900000000001
177428203.1681,500.49999999999926,480.900000000001
177428205.1681,500.49999999999926,480.900000000001
177428207.1681,500.39999999999924,481.000000000001
177428209.1681,500.2999999999992,481.000000000001
177428211.1681,500.39999999999924,481.000000000001
177428213.1681,500.69999999999925,481.000000000001
177428215.1681,500.69999999999925,481.000000000001
177428217.1681,500.69999999999925,481.000000000001
177428219.1681,500.5999999999992,481.000000000001
177428221.1681,500.69999999999925,481.000000000001
177428223.1681,500.69999999999925,481.000000000001
177428225.1681,500.69999999999925,481.000000000001
177428227.1681,500.69999999999925,481.000000000001
177428229.1681,500.69999999999925,481.000000000001
177428231.1681,500.69999999999925,481.10000000000105
177428233.1681,500.69999999999925,481.10000000000105
177428235.1681,500.69999999999925,481.20000000000107
177428237.1681,500.69999999999925,481.0000000000011
177428239.1681,500.69999999999925,481.0000000000011
177428241.1681,500.69999999999925,481.0000000000011
177428243.1681,500.69999999999925,481.0000000000011
177428245.1681,500.69999999999925,481.0000000000011
177428247.1681,500.69999999999925,481.0000000000011
177428249.1681,500.69999999999925,481.0000000000011
177428251.1681,500.69999999999925,481.0000000000011
177428253.1681,500.69999999999925,481.0000000000011
177428255.1681,500.69999999999925,481.0000000000011
177428257.1681,500.69999999999925,481.0000000000011
177428259.1681,500.69999999999925,481.0000000000011
177428261.1681,500.69999999999925,480.90000000000106
177428263.1681,500.69999999999925,480.90000000000106
177428265.1681,500.69999999999925,480.90000000000106
177428267.1681,500.5999999999992,480.90000000000106
177428269.1681,500.5999999999992,480.90000000000106
177428271.1681,500.5999999999992,480.90000000000106
177428273.1681,500.5999999999992,480.90000000000106
177428275.1681,500.5999999999992,480.90000000000106
177428277.1681,500.5999999999992,480.90000000000106
177428279.1681,500.5999999999992,481.0000000000011
177428281.1681,500.5999999999992,481.0000000000011
177428283.1681,500.5999999999992,481.0000000000011
177428285.1681,500.5999999999992,481.0000000000011
177428287.1681,500.69999999999925,481.0000000000011
177428289.1681,500.5999999999992,481.0000000000011
177428291.1681,500.5999999999992,480.8000000000011
177428293.1681,500.69999999999925,480.8000000000011
177428295.1681,500.69999999999925,480.8000000000011
177428297.1681,500.69999999999925,480.8000000000011
177428299.1681,500.69999999999925,480.9000000000011
177428301.1681,500.5999999999992,480.9000000000011
177428303.1681,500.69999999999925,480.9000000000011
177428305.1681,500.69999999999925,480.9000000000011
177428307.1681,500.69999999999925,480.9000000000011
177428309.1681,500.69999999999925,480.9000000000011
177428311.1681,500.5999999999992,480.9000000000011
177428313.1681,500.5999999999992,480.9000000000011
177428315.1681,500.5999999999992,480.9000000000011
177428317.1681,500.5999999999992,480.9000000000011
177428319.1681,500.5999999999992,480.9000000000011
177428321.1681,500.69999999999925,480.9000000000011
177428323.1681,500.69999999999925,481.00000000000114
177428325.1681,500.49999999999926,480.9000000000011
177428327.1681,500.49999999999926,480.9000000000011
177428329.1681,500.39999999999924,480.9000000000011
177428331.1681,500.49999999999926,481.00000000000114
177428333.1681,500.49999999999926,481.00000000000114
177428335.1681,500.39999999999924,481.00000000000114
177428337.1681,500.39999999999924,481.00000000000114
177428339.1681,500.49999999999926,481.00000000000114
177428341.1681,500.49999999999926,481.00000000000114
177428343.1681,500.49999999999926,481.00000000000114
177428345.1681,500.49999999999926,481.00000000000114
177428347.1681,500.39999999999924,481.00000000000114
177428349.1681,500.39999999999924,480.9000000000011
177428351.1681,500.39999999999924,480.9000000000011
177428353.1681,500.39999999999924,480.9000000000011
177428355.1681,500.39999999999924,480.9000000000011
177428357.1681,500.39999999999924,480.9000000000011
177428359.1681,500.39999999999924,481.00000000000114
177428361.1681,500.39999999999924,481.00000000000114
177428363.1681,500.2999999999992,481.00000000000114
177428365.1681,500.2999999999992,481.00000000000114
177428367.1681,500.2999999999992,481.00000000000114
177428369.1681,500.2999999999992,481.00000000000114
177428371.1681,500.2999999999992,481.00000000000114
177428373.1681,500.2999999999992,481.00000000000114
177428375.1681,500.2999999999992,481.00000000000114
177428377.1681,500.39999999999924,481.00000000000114
177428379.1681,500.39999999999924,481.00000000000114
177428381.1681,500.39999999999924,481.00000000000114
177428383.1681,500.2999999999992,481.00000000000114
177428385.1681,498.39999999999924,481.00000000000114
177428387.1681,498.39999999999924,481.00000000000114
177428389.1681,500.39999999999924,480.9000000000011
177428391.1681,500.39999999999924,480.9000000000011
177428393.1681,500.2999999999992,480.9000000000011
177428395.0681,500.2999999999992,480.9000000000011
177428397.0681,500.39999999999924,480.9000000000011
177428399.0681,500.39999999999924,480.9000000000011
177428401.0681,500.39999999999924,480.9000000000011
177428403.0681,500.39999999999924,480.9000000000011
177428405.0681,500.39999999999924,480.9000000000011
177428407.0681,500.39999999999924,480.8000000000011
177428409.0681,500.39999999999924,480.8000000000011
177428411.0681,500.49999999999926,480.8000000000011
177428413.0681,500.2999999999993,480.8000000000011
177428415.0681,500.2999999999993,480.8000000000011
177428417.0681,500.2999999999993,480.8000000000011
177428419.0681,500.2999999999993,480.8000000000011
177428421.0681,500.2999999999993,480.8000000000011
177428423.0681,500.2999999999993,480.8000000000011
177428425.0681,500.0999999999993,480.1000000000011
177428427.0681,500.0999999999993,480.2000000000011
177428429.0681,500.0999999999993,480.2000000000011
177428431.0681,500.3999999999993,480.30000000000115
177428433.0681,500.3999999999993,480.30000000000115
177428435.0681,500.3999999999993,480.30000000000115
177428437.0681,500.3999999999993,480.2000000000011
177428439.0681,500.3999999999993,480.2000000000011
177428441.0681,500.3999999999993,480.2000000000011
177428443.0681,500.3999999999993,480.2000000000011
177428445.0681,500.3999999999993,480.2000000000011
177428447.0681,500.4999999999993,480.2000000000011
177428449.0681,500.3999999999993,480.2000000000011
177428451.0681,500.3999999999993,480.2000000000011
177428453.0681,500.4999999999993,480.30000000000115
177428455.0681,500.4999999999993,480.30000000000115
177428457.0681,500.3999999999993,480.30000000000115
177428459.0681,500.3999999999993,480.30000000000115
177428461.0681,500.3999999999993,480.30000000000115
177428463.0681,500.3999999999993,480.30000000000115
177428465.0681,500.3999999999993,480.30000000000115
177428467.0681,500.3999999999993,480.40000000000117
177428469.0681,500.3999999999993,480.40000000000117
177428471.0681,500.4999999999993,480.40000000000117
177428473.0681,500.4999999999993,480.40000000000117
177428475.0681,500.4999999999993,480.40000000000117
177428477.0681,500.4999999999993,480.40000000000117
177428479.0681,500.79999999999933,480.40000000000117
177428481.0681,500.79999999999933,480.40000000000117
177428483.0681,500.79999999999933,480.60000000000116
177428485.0681,500.79999999999933,480.40000000000117
177428487.0681,500.79999999999933,480.40000000000117
177428489.0681,500.79999999999933,480.5000000000012
177428491.0681,500.79999999999933,480.5000000000012
177428493.0681,500.79999999999933,480.5000000000012
177428495.0681,500.6999999999993,480.5000000000012
177428497.0681,500.79999999999933,480.5000000000012
177428499.0681,500.79999999999933,480.5000000000012
177428501.0681,500.79999999999933,480.5000000000012
177428503.0681,500.79999999999933,480.5000000000012
177428505.0681,500.79999999999933,480.5000000000012
177428507.0681,500.79999999999933,480.5000000000012
177428509.0681,500.79999999999933,481.5000000000012
177428511.0681,500.79999999999933,480.3000000000012
177428513.1681,500.6999999999993,480.3000000000012
177428515.0681,500.6999999999993,480.3000000000012
177428517.0681,500.9999999999993,480.3000000000012
177428519.0681,500.8999999999993,480.3000000000012
177428521.0681,500.8999999999993,480.3000000000012
177428523.0681,500.8999999999993,480.3000000000012
177428525.0681,500.7999999999993,480.3000000000012
177428527.0681,500.7999999999993,480.3000000000012
177428529.0681,500.7999999999993,480.3000000000012
177428531.0681,500.7999999999993,480.3000000000012
177428533.0681,500.7999999999993,480.3000000000012
177428535.0681,500.7999999999993,480.3000000000012
177428537.0681,500.7999999999993,480.3000000000012
177428539.0681,500.69999999999925,480.3000000000012
177428541.0681,500.69999999999925,480.3000000000012
177428543.0681,500.69999999999925,480.3000000000012
177428545.0681,500.69999999999925,480.3000000000012
177428547.0681,500.69999999999925,480.3000000000012
177428549.0681,500.99999999999926,480.4000000000012
177428551.0681,500.99999999999926,480.4000000000012
177428553.0681,500.7999999999993,480.6000000000012
177428555.0681,500.49999999999926,480.6000000000012
177428557.0681,500.49999999999926,480.70000000000124
177428559.0681,500.39999999999924,480.70000000000124
177428561.0681,500.39999999999924,480.70000000000124
177428563.0681,500.39999999999924,480.70000000000124
177428565.0681,500.39999999999924,480.70000000000124
177428567.0681,500.39999999999924,480.70000000000124
177428569.0681,500.39999999999924,480.70000000000124
177428571.0681,500.49999999999926,480.70000000000124
177428573.0681,500.49999999999926,480.70000000000124
177428575.0681,500.49999999999926,480.6000000000012
177428577.0681,500.49999999999926,480.6000000000012
177428579.0681,500.49999999999926,480.70000000000124
177428581.0681,500.49999999999926,480.70000000000124
177428583.0681,500.49999999999926,480.70000000000124
177428585.0681,500.49999999999926,480.70000000000124
177428587.0681,500.5999999999993,480.70000000000124
177428589.0681,500.5999999999993,480.70000000000124
177428591.0681,500.5999999999993,480.70000000000124
177428593.0681,500.5999999999993,480.70000000000124
177428595.0681,500.6999999999993,480.6000000000012
177428597.0681,500.6999999999993,480.6000000000012
177428599.0681,500.6999999999993,480.6000000000012
177428601.0681,500.79999999999933,480.70000000000124
177428603.0681,500.6999999999993,480.6000000000012
177428605.0681,500.6999999999993,480.6000000000012
177428607.0681,500.6999999999993,480.6000000000012
177428609.0681,500.6999999999993,480.6000000000012
177428611.0681,500.6999999999993,480.6000000000012
177428613.0681,498.6999999999993,480.6000000000012
177428615.0681,498.6999999999993,480.6000000000012
177428617.0681,500.6999999999993,480.70000000000124
177428619.0681,500.5999999999993,480.70000000000124
177428621.0681,500.5999999999993,480.70000000000124
177428623.0681,500.7999999999993,480.80000000000126
177428625.0681,500.8999999999993,480.80000000000126
177428627.0681,501.1999999999993,480.70000000000124
177428629.0681,501.0999999999993,480.70000000000124
177428631.0681,501.0999999999993,480.70000000000124
177428633.0681,501.0999999999993,480.70000000000124
177428635.0681,501.1999999999993,480.70000000000124
177428637.0681,501.0999999999993,480.70000000000124
177428639.0681,500.99999999999926,480.6000000000012
177428641.0681,501.0999999999993,480.6000000000012
177428643.0681,500.99999999999926,480.6000000000012
177428645.0681,500.99999999999926,480.6000000000012
177428647.0681,500.99999999999926,480.70000000000124
177428649.0681,500.99999999999926,480.70000000000124
177428651.0681,501.0999999999993,480.6000000000012
177428653.0681,501.0999999999993,480.6000000000012
177428655.0681,501.0999999999993,480.6000000000012
177428657.0681,501.0999999999993,480.70000000000124
177428659.0681,501.0999999999993,480.70000000000124
177428661.0681,500.99999999999926,480.70000000000124
177428663.0681,500.99999999999926,480.70000000000124
177428665.0681,500.99999999999926,480.70000000000124
177428667.0681,500.99999999999926,480.6000000000012
177428669.0681,500.99999999999926,480.6000000000012
177428671.0681,500.99999999999926,480.6000000000012
177428673.0681,501.19999999999925,480.6000000000012
177428675.0681,501.19999999999925,480.6000000000012
177428677.0681,501.19999999999925,480.6000000000012
177428679.0681,501.19999999999925,480.6000000000012
177428681.0681,501.19999999999925,480.6000000000012
177428683.0681,501.19999999999925,480.70000000000124
177428685.0681,501.19999999999925,480.6000000000012
177428687.0681,501.19999999999925,480.6000000000012
177428689.0681,501.2999999999993,480.6000000000012
177428691.0681,501.2999999999993,480.6000000000012
177428693.0681,501.3999999999993,480.6000000000012
177428695.0681,501.3999999999993,480.6000000000012
177428697.0681,501.2999999999993,480.6000000000012
177428699.0681,501.2999999999993,480.6000000000012
177428701.0681,501.3999999999993,480.6000000000012
177428703.0681,501.3999999999993,480.6000000000012
177428705.0681,501.4999999999993,480.6000000000012
177428707.0681,501.4999999999993,480.6000000000012
177428709.0681,501.4999999999993,480.6000000000012
177428711.0681,501.4999999999993,480.6000000000012
177428713.0681,501.4999999999993,480.70000000000124
177428715.0681,501.4999999999993,480.6000000000012
177428717.0681,501.4999999999993,480.6000000000012
177428719.0681,501.4999999999993,480.6000000000012
177428721.0681,501.3999999999993,480.6000000000012
177428723.0681,501.3999999999993,480.6000000000012
177428725.0681,501.3999999999993,480.6000000000012
177428727.0681,501.4999999999993,480.6000000000012
177428729.0681,501.4999999999993,480.6000000000012
177428731.0681,499.3999999999993,480.6000000000012
177428733.0681,499.3999999999993,480.1000000000012
177428735.0681,501.4999999999993,480.1000000000012
177428737.0681,501.4999999999993,480.1000000000012
177428739.0681,499.3999999999993,480.1000000000012
177428741.0681,499.3999999999993,480.1000000000012
177428742.9681,499.2999999999993,480.1000000000012
177428744.9681,499.2999999999993,480.1000000000012
177428746.9681,499.3999999999993,480.1000000000012
177428748.9681,499.2999999999993,480.1000000000012
177428750.9681,499.2999999999993,480.1000000000012
177428752.9681,499.2999999999993,480.1000000000012
177428754.9681,499.19999999999925,480.1000000000012
177428756.9681,499.19999999999925,480.20000000000124
177428758.9681,499.19999999999925,480.20000000000124
177428760.9681,499.19999999999925,480.20000000000124
177428762.9681,499.2999999999993,480.20000000000124
177428764.9681,499.2999999999993,480.20000000000124
177428766.9681,499.2999999999993,480.20000000000124
177428768.9681,499.2999999999993,480.20000000000124
177428770.9681,499.2999999999993,480.20000000000124
177428772.9681,499.2999999999993,480.20000000000124
177428774.9681,499.3999999999993,480.20000000000124
177428776.9681,499.3999999999993,480.30000000000126
177428778.9681,501.4999999999993,480.4000000000013
177428780.9681,501.3999999999993,480.5000000000013
177428782.9681,501.3999999999993,480.3000000000013
177428784.9681,501.3999999999993,480.3000000000013
177428786.9681,501.3999999999993,480.3000000000013
177428788.9681,501.3999999999993,480.2000000000013
177428790.9681,501.3999999999993,480.2000000000013
177428792.9681,501.3999999999993,480.2000000000013
177428794.9681,501.2999999999993,480.1000000000013
177428796.9681,501.2999999999993,480.2000000000013
177428798.9681,501.2999999999993,480.2000000000013
177428800.9681,501.3999999999993,480.3000000000013
177428802.9681,501.2999999999993,480.3000000000013
177428804.9681,501.2999999999993,480.3000000000013
177428806.9681,501.3999999999993,480.3000000000013
177428808.9681,501.2999999999993,480.40000000000134
177428810.9681,501.3999999999993,480.40000000000134
177428812.9681,501.3999999999993,480.40000000000134
177428814.9681,501.5999999999993,480.40000000000134
177428816.9681,501.5999999999993,480.40000000000134
177428818.9681,501.5999999999993,480.40000000000134
177428820.9681,501.5999999999993,480.40000000000134
177428822.9681,501.5999999999993,480.50000000000136
177428824.9681,501.49999999999926,480.50000000000136
177428826.9681,501.49999999999926,480.50000000000136
177428828.9681,501.49999999999926,480.50000000000136
177428830.9681,501.39999999999924,480.50000000000136
177428832.9681,501.39999999999924,480.50000000000136
177428834.9681,501.39999999999924,480.50000000000136
177428836.9681,501.5999999999992,480.50000000000136
177428838.9681,501.69999999999925,480.50000000000136
177428840.9681,501.5999999999992,480.6000000000014
177428842.9681,501.5999999999992,480.6000000000014
177428844.9681,501.5999999999992,480.6000000000014
177428846.9681,501.5999999999992,480.6000000000014
177428848.9681,501.5999999999992,480.6000000000014
177428850.9681,501.69999999999925,480.6000000000014
177428852.9681,501.5999999999992,480.6000000000014
177428854.9681,501.5999999999992,480.6000000000014
177428856.9681,501.5999999999992,480.6000000000014
177428858.9681,501.5999999999992,480.6000000000014
177428860.9681,501.5999999999992,480.6000000000014
177428862.9681,501.7999999999992,480.6000000000014
177428864.9681,501.7999999999992,480.6000000000014
177428866.9681,501.7999999999992,480.6000000000014
177428868.9681,501.7999999999992,480.6000000000014
177428870.9681,501.9999999999992,480.6000000000014
177428872.9681,501.7999999999992,480.6000000000014
177428874.9681,501.9999999999992,480.6000000000014
177428876.9681,501.9999999999992,480.6000000000014
177428878.9681,501.9999999999992,480.6000000000014
177428880.9681,501.9999999999992,480.6000000000014
177428882.9681,501.9999999999992,480.6000000000014
177428884.9681,501.9999999999992,480.6000000000014
177428886.9681,501.9999999999992,480.6000000000014
177428888.9681,501.8999999999992,480.50000000000136
177428890.9681,501.8999999999992,480.50000000000136
177428892.9681,501.8999999999992,480.50000000000136
177428894.9681,501.8999999999992,480.50000000000136
177428896.9681,501.79999999999916,480.50000000000136
177428898.9681,501.79999999999916,480.70000000000135
177428900.9681,501.8999999999992,480.70000000000135
177428902.9681,501.79999999999916,480.70000000000135
177428904.9681,501.79999999999916,480.70000000000135
177428906.9681,501.79999999999916,480.70000000000135
177428908.9681,501.49999999999915,480.70000000000135
177428910.9681,501.59999999999917,480.70000000000135
177428912.9681,501.59999999999917,480.8000000000014
177428914.9681,501.49999999999915,480.8000000000014
177428916.9681,501.59999999999917,480.8000000000014
177428918.9681,501.59999999999917,480.8000000000014
177428920.9681,501.59999999999917,480.8000000000014
177428922.9681,501.59999999999917,480.70000000000135
177428924.9681,501.6999999999992,480.70000000000135
177428926.9681,501.6999999999992,480.70000000000135
177428928.9681,501.6999999999992,480.70000000000135
177428930.9681,501.6999999999992,480.60000000000133
177428932.9681,501.59999999999917,480.60000000000133
177428934.9681,501.49999999999915,480.60000000000133
177428936.9681,501.49999999999915,480.60000000000133
177428938.9681,501.49999999999915,480.60000000000133
177428940.9681,501.49999999999915,480.60000000000133
177428942.9681,501.09999999999917,480.60000000000133
177428944.9681,501.49999999999915,480.60000000000133
177428946.9681,501.49999999999915,480.60000000000133
177428948.9681,501.49999999999915,480.70000000000135
177428950.9681,499.3999999999991,480.60000000000133
177428952.9681,499.3999999999991,480.60000000000133
177428954.9681,499.3999999999991,480.60000000000133
177428956.9681,501.49999999999915,480.60000000000133
177428958.9681,501.49999999999915,480.60000000000133
177428960.9681,501.49999999999915,480.60000000000133
177428962.9681,501.49999999999915,480.60000000000133
177428964.9681,501.49999999999915,480.60000000000133
177428966.9681,501.49999999999915,480.60000000000133
177428968.9681,501.49999999999915,480.70000000000135
177428970.9681,501.3999999999991,480.70000000000135
177428972.9681,501.49999999999915,480.70000000000135
177428974.9681,501.49999999999915,480.70000000000135
177428976.9681,501.49999999999915,480.70000000000135
177428978.9681,501.49999999999915,480.70000000000135
177428980.9681,501.49999999999915,480.70000000000135
177428982.9681,501.49999999999915,481.70000000000135
177428984.9681,500.99999999999915,480.70000000000135
177428986.9681,500.99999999999915,480.70000000000135
177428988.9681,500.99999999999915,480.70000000000135
177428990.9681,500.99999999999915,480.70000000000135
177428992.9681,500.99999999999915,480.70000000000135
177428994.9681,500.99999999999915,480.70000000000135
177428996.9681,500.99999999999915,480.8000000000014
177428998.9681,500.99999999999915,480.8000000000014
177429000.9681,500.8999999999991,480.8000000000014
177429002.9681,500.99999999999915,480.8000000000014
177429004.9681,500.99999999999915,480.8000000000014
177429006.9681,500.8999999999991,480.8000000000014
177429008.9681,500.8999999999991,480.8000000000014
177429010.9681,500.8999999999991,480.70000000000135
177429012.9681,500.8999999999991,480.8000000000014
177429014.9681,500.8999999999991,480.8000000000014
177429016.9681,500.99999999999915,480.9000000000014
177429018.9681,500.8999999999991,481.2000000000014
177429020.9681,500.8999999999991,481.30000000000143
177429022.9681,500.8999999999991,481.30000000000143
177429024.9681,500.99999999999915,481.30000000000143
177429026.9681,500.99999999999915,481.30000000000143
177429028.9681,500.8999999999991,481.30000000000143
177429030.9681,500.7999999999991,481.30000000000143
177429032.9681,500.7999999999991,481.40000000000146
177429034.9681,500.7999999999991,481.30000000000143
177429036.9681,500.7999999999991,481.40000000000146
177429038.9681,500.7999999999991,481.40000000000146
177429040.9681,500.7999999999991,481.40000000000146
177429042.9681,500.5999999999991,481.40000000000146
177429044.9681,500.69999999999914,481.40000000000146
177429046.9681,500.79999999999916,481.40000000000146
177429048.9681,500.79999999999916,481.40000000000146
177429050.9681,500.79999999999916,481.40000000000146
177429052.9681,500.69999999999914,481.40000000000146
177429054.9681,500.69999999999914,481.40000000000146
177429056.9681,500.79999999999916,481.40000000000146
177429058.9681,500.79999999999916,481.40000000000146
177429060.9681,500.79999999999916,481.40000000000146
177429062.9681,500.79999999999916,481.40000000000146
177429065.0681,500.79999999999916,481.40000000000146
177429066.9681,500.79999999999916,481.40000000000146
177429068.9681,500.79999999999916,481.40000000000146
177429070.9681,500.79999999999916,481.40000000000146
177429072.9681,500.79999999999916,481.40000000000146
177429074.9681,500.79999999999916,481.40000000000146
177429076.9681,500.79999999999916,481.40000000000146
177429078.9681,500.79999999999916,481.40000000000146
177429080.9681,500.79999999999916,481.40000000000146
177429082.9681,500.79999999999916,481.40000000000146
177429084.9681,500.79999999999916,481.40000000000146
177429086.9681,500.79999999999916,481.40000000000146
177429088.9681,500.69999999999914,481.40000000000146
177429090.9681,500.79999999999916,481.40000000000146
177429092.9681,499.99999999999915,481.30000000000143
177429094.9681,499.8999999999991,481.30000000000143
177429096.9681,499.99999999999915,481.30000000000143
177429098.9681,499.99999999999915,481.30000000000143
177429100.9681,499.99999999999915,481.30000000000143
177429102.9681,499.79999999999916,481.2000000000014
177429104.9681,499.59999999999917,481.2000000000014
177429106.9681,499.99999999999915,481.2000000000014
177429108.9681,499.99999999999915,481.30000000000143
177429110.9681,499.99999999999915,481.2000000000014
177429112.9681,499.8999999999991,481.2000000000014
177429114.9681,499.99999999999915,481.2000000000014
177429116.9681,499.8999999999991,481.2000000000014
177429118.9681,499.99999999999915,481.2000000000014
177429120.9681,499.99999999999915,481.1000000000014
177429122.9681,499.99999999999915,481.1000000000014
177429124.9681,499.99999999999915,481.1000000000014
177429126.9681,499.99999999999915,481.1000000000014
177429128.9681,499.99999999999915,481.1000000000014
177429130.9681,499.99999999999915,481.1000000000014
177429132.9681,499.99999999999915,481.1000000000014
177429134.9681,499.99999999999915,481.1000000000014
177429136.9681,499.99999999999915,481.1000000000014
177429138.9681,499.8999999999991,481.1000000000014
177429140.9681,499.8999999999991,481.2000000000014
177429142.9681,499.69999999999914,481.1000000000014
177429144.9681,499.99999999999915,481.1000000000014
177429146.9681,499.99999999999915,481.1000000000014
177429148.9681,499.99999999999915,481.1000000000014
177429150.9681,499.99999999999915,481.1000000000014
177429152.9681,499.99999999999915,481.1000000000014
177429154.9681,499.99999999999915,481.1000000000014
177429156.9681,499.99999999999915,481.1000000000014
177429158.9681,499.99999999999915,481.1000000000014
177429160.9681,499.99999999999915,481.1000000000014
177429162.9681,499.99999999999915,481.1000000000014
177429164.9681,499.99999999999915,481.1000000000014
177429166.9681,499.99999999999915,481.1000000000014
177429168.9681,499.99999999999915,481.1000000000014
177429170.9681,499.99999999999915,481.1000000000014
177429172.9681,499.99999999999915,481.1000000000014
177429174.9681,499.99999999999915,481.1000000000014
177429176.9681,499.99999999999915,481.2000000000014
177429178.9681,499.99999999999915,481.1000000000014
177429180.9681,499.99999999999915,481.1000000000014
177429182.9681,499.99999999999915,481.1000000000014
177429184.9681,499.99999999999915,481.2000000000014
177429186.9681,499.99999999999915,481.2000000000014
177429188.9681,499.99999999999915,481.1000000000014
177429190.9681,499.99999999999915,481.1000000000014
177429192.9681,499.99999999999915,481.1000000000014
177429194.9681,499.99999999999915,481.1000000000014
177429196.9681,499.99999999999915,481.1000000000014
177429198.9681,499.8999999999991,481.2000000000014
177429200.9681,499.8999999999991,481.2000000000014
177429202.9681,499.8999999999991,481.2000000000014
177429204.9681,499.7999999999991,481.1000000000014
177429206.9681,499.8999999999991,481.1000000000014
177429208.9681,499.8999999999991,481.1000000000014
177429210.9681,499.8999999999991,481.00000000000136
177429212.9681,499.8999999999991,481.1000000000014
177429214.9681,499.8999999999991,481.1000000000014
177429216.9681,499.8999999999991,481.1000000000014
177429218.9681,499.8999999999991,481.1000000000014
177429220.9681,499.8999999999991,481.1000000000014
177429222.9681,499.8999999999991,481.2000000000014
177429224.9681,499.7999999999991,481.2000000000014
177429226.9681,499.6999999999991,481.1000000000014
177429228.9681,499.89999999999907,481.2000000000014
177429230.9681,499.89999999999907,481.1000000000014
177429232.9681,499.89999999999907,481.1000000000014
177429234.9681,499.89999999999907,481.1000000000014
177429236.9681,499.79999999999905,481.2000000000014
177429238.9681,499.79999999999905,481.1000000000014
177429240.9681,499.89999999999907,481.1000000000014
177429242.9681,499.89999999999907,481.1000000000014
177429244.9681,499.89999999999907,481.1000000000014
177429246.9681,499.89999999999907,481.1000000000014
177429248.9681,499.79999999999905,481.1000000000014
177429250.9681,499.79999999999905,481.2000000000014
177429252.9681,499.89999999999907,481.6000000000014
177429254.9681,499.89999999999907,481.6000000000014
177429256.9681,499.89999999999907,481.6000000000014
177429258.9681,499.89999999999907,481.6000000000014
177429260.9681,499.89999999999907,481.6000000000014
177429262.9681,499.89999999999907,481.6000000000014
177429264.9681,499.89999999999907,481.6000000000014
177429266.9681,499.89999999999907,481.6000000000014
177429268.9681,499.79999999999905,481.6000000000014
177429270.9681,499.89999999999907,481.6000000000014
177429272.9681,499.9999999999991,481.6000000000014
177429274.9681,499.9999999999991,481.6000000000014
177429276.9681,499.9999999999991,481.6000000000014
177429278.9681,499.9999999999991,481.7000000000014
177429280.9681,499.9999999999991,481.80000000000143
177429282.9681,499.9999999999991,481.80000000000143
177429284.9681,499.89999999999907,481.80000000000143
177429286.9681,499.89999999999907,481.80000000000143
177429288.9681,499.89999999999907,481.80000000000143
177429290.9681,499.89999999999907,481.80000000000143
177429292.9681,499.9999999999991,481.80000000000143
177429294.9681,499.9999999999991,481.80000000000143
177429296.9681,499.9999999999991,481.90000000000146
177429298.9681,499.9999999999991,481.90000000000146
177429300.9681,499.9999999999991,482.10000000000144
177429302.9681,499.9999999999991,482.40000000000146
177429304.9681,499.9999999999991,482.80000000000143
177429306.9681,499.9999999999991,482.80000000000143
177429308.9681,499.9999999999991,482.80000000000143
177429310.9681,499.9999999999991,482.80000000000143
177429312.9681,499.9999999999991,483.0000000000014
177429314.9681,499.9999999999991,483.0000000000014
177429316.9681,499.9999999999991,483.0000000000014
177429318.9681,499.9999999999991,483.0000000000014
177429320.9681,499.9999999999991,483.0000000000014
177429322.9681,499.9999999999991,483.0000000000014
177429324.9681,499.9999999999991,483.0000000000014
177429326.9681,499.7999999999991,483.0000000000014
177429328.9681,499.6999999999991,483.0000000000014
177429330.9681,499.6999999999991,483.0000000000014
177429332.9681,499.7999999999991,483.0000000000014
177429334.9681,499.7999999999991,482.9000000000014
177429336.9681,499.7999999999991,482.9000000000014
177429338.9681,499.6999999999991,482.9000000000014
177429340.9681,499.59999999999906,482.9000000000014
177429342.9681,499.59999999999906,482.9000000000014
177429344.9681,499.59999999999906,482.9000000000014
177429346.9681,499.89999999999907,482.9000000000014
177429348.9681,499.9999999999991,482.9000000000014
177429350.9681,499.9999999999991,483.0000000000014
177429352.9681,499.9999999999991,482.9000000000014
177429354.9681,499.9999999999991,482.9000000000014
177429356.9681,499.9999999999991,482.9000000000014
177429358.9681,499.9999999999991,482.9000000000014
177429360.9681,499.9999999999991,482.9000000000014
177429362.9681,499.9999999999991,482.9000000000014
177429364.9681,499.89999999999907,482.9000000000014
177429366.9681,499.9999999999991,482.9000000000014
177429368.9681,499.9999999999991,482.8000000000014
177429370.9681,499.9999999999991,482.8000000000014
177429372.9681,499.9999999999991,482.8000000000014
177429374.9681,499.9999999999991,482.8000000000014
177429376.9681,499.89999999999907,483.8000000000014
177429378.9681,499.89999999999907,482.8000000000014
177429380.9681,499.9999999999991,482.8000000000014
177429382.9681,499.9999999999991,482.8000000000014
177429384.9681,499.9999999999991,482.8000000000014
177429386.9681,499.9999999999991,482.9000000000014
177429388.9681,499.9999999999991,482.8000000000014
177429390.9681,499.9999999999991,482.8000000000014
177429392.9681,499.9999999999991,482.8000000000014
177429394.9681,499.89999999999907,482.8000000000014
177429396.9681,499.9999999999991,482.8000000000014
177429398.9681,499.9999999999991,482.8000000000014
177429400.9681,499.9999999999991,482.8000000000014
177429402.9681,499.9999999999991,482.8000000000014
177429404.9681,499.9999999999991,482.8000000000014
177429406.9681,499.9999999999991,482.8000000000014
177429408.9681,499.89999999999907,482.8000000000014
177429410.9681,499.79999999999905,482.9000000000014
177429412.9681,499.99999999999903,482.8000000000014
177429414.9681,499.99999999999903,482.8000000000014
177429416.9681,499.99999999999903,482.70000000000135
177429418.9681,499.99999999999903,482.70000000000135
177429420.9681,499.99999999999903,482.70000000000135
177429422.9681,498.29999999999905,482.70000000000135
177429424.9681,499.99999999999903,482.70000000000135
177429426.9681,499.99999999999903,482.70000000000135
177429428.9681,499.899999999999,482.70000000000135
177429430.9681,499.99999999999903,482.70000000000135
177429432.9681,499.99999999999903,482.70000000000135
177429434.9681,499.99999999999903,482.8000000000014
177429436.9681,499.99999999999903,482.6000000000014
177429438.9681,499.99999999999903,482.6000000000014
177429440.9681,499.99999999999903,482.6000000000014
177429442.9681,499.899999999999,482.50000000000136
177429444.9681,499.899999999999,482.50000000000136
177429446.9681,499.99999999999903,482.6000000000014
177429448.9681,499.899999999999,482.50000000000136
177429450.9681,499.99999999999903,482.6000000000014
177429452.9681,499.99999999999903,482.50000000000136
177429454.9681,499.99999999999903,482.50000000000136
177429456.9681,499.99999999999903,482.50000000000136
177429458.9681,499.99999999999903,482.50000000000136
177429460.9681,499.79999999999905,482.50000000000136
177429462.9681,499.99999999999903,482.6000000000014
177429464.9681,499.99999999999903,482.50000000000136
177429466.9681,499.99999999999903,482.50000000000136
177429468.9681,499.99999999999903,482.50000000000136
177429470.9681,499.99999999999903,482.40000000000134
177429472.9681,499.99999999999903,482.40000000000134
177429474.9681,499.99999999999903,482.40000000000134
177429476.9681,499.99999999999903,482.40000000000134
177429478.9681,499.99999999999903,482.40000000000134
177429480.9681,499.99999999999903,482.40000000000134
177429482.9681,499.899999999999,482.40000000000134
177429484.9681,499.99999999999903,482.50000000000136
177429486.9681,499.99999999999903,482.50000000000136
177429488.9681,499.99999999999903,482.50000000000136
177429490.9681,499.99999999999903,482.50000000000136
177429492.9681,499.99999999999903,482.40000000000134
177429494.9681,499.99999999999903,482.40000000000134
177429496.9681,499.99999999999903,482.40000000000134
177429498.9681,499.99999999999903,482.60000000000133
177429500.9681,499.99999999999903,482.70000000000135
177429502.9681,499.99999999999903,482.70000000000135
177429504.9681,499.99999999999903,482.70000000000135
177429506.9681,499.99999999999903,482.70000000000135
177429508.9681,499.99999999999903,482.70000000000135
177429510.9681,499.99999999999903,482.70000000000135
177429512.9681,499.99999999999903,482.40000000000134
177429514.9681,499.99999999999903,482.40000000000134
177429516.9681,499.99999999999903,482.40000000000134
177429518.9681,499.99999999999903,482.40000000000134
177429520.9681,499.99999999999903,482.40000000000134
177429522.9681,499.99999999999903,482.50000000000136
177429524.9681,499.99999999999903,482.40000000000134
177429526.9681,499.99999999999903,482.40000000000134
177429528.9681,499.99999999999903,482.40000000000134
177429530.9681,499.99999999999903,482.40000000000134
177429532.9681,499.99999999999903,482.3000000000013
177429534.9681,499.99999999999903,482.3000000000013
177429536.9681,499.99999999999903,482.3000000000013
177429538.9681,499.99999999999903,482.3000000000013
177429540.9681,499.99999999999903,482.40000000000134
177429542.9681,499.99999999999903,482.40000000000134
177429544.9681,499.899999999999,482.50000000000136
177429546.9681,499.799999999999,482.40000000000134
177429548.9681,499.799999999999,482.40000000000134
177429550.9681,499.899999999999,482.40000000000134
177429552.9681,499.899999999999,482.40000000000134
177429554.9681,499.799999999999,482.40000000000134
177429556.9681,499.799999999999,482.40000000000134
177429558.9681,499.899999999999,482.40000000000134
177429560.9681,499.799999999999,482.40000000000134
177429562.9681,499.69999999999897,482.40000000000134
177429564.9681,499.69999999999897,482.40000000000134
177429566.9681,499.999999999999,482.40000000000134
177429568.9681,499.999999999999,482.40000000000134
177429570.9681,499.89999999999895,482.40000000000134
177429572.9681,499.79999999999893,482.40000000000134
177429574.9681,499.79999999999893,482.40000000000134
177429576.9681,499.6999999999989,482.40000000000134
177429578.9681,499.6999999999989,482.40000000000134
177429580.9681,499.6999999999989,482.40000000000134
177429582.9681,499.6999999999989,482.3000000000013
177429584.9681,499.6999999999989,482.3000000000013
177429586.9681,499.3999999999989,482.3000000000013
177429588.9681,499.2999999999989,482.3000000000013
177429590.9681,499.3999999999989,482.3000000000013
177429592.9681,499.3999999999989,483.2000000000013
177429594.9681,499.3999999999989,482.2000000000013
177429596.9681,499.4999999999989,482.2000000000013
177429598.9681,499.3999999999989,482.2000000000013
177429600.9681,499.6999999999989,482.2000000000013
177429602.9681,499.6999999999989,482.2000000000013
177429604.9681,499.8999999999989,482.2000000000013
177429606.9681,499.8999999999989,482.2000000000013
177429608.9681,499.8999999999989,482.2000000000013
177429610.9681,499.7999999999989,482.2000000000013
177429612.9681,499.69999999999885,482.2000000000013
177429614.9681,499.59999999999883,482.2000000000013
177429616.9681,499.59999999999883,482.3000000000013
177429618.9681,499.59999999999883,482.3000000000013
177429620.9681,499.89999999999884,482.3000000000013
177429622.9681,499.89999999999884,482.3000000000013
177429624.9681,499.89999999999884,482.3000000000013
177429626.9681,499.89999999999884,482.3000000000013
177429628.9681,499.89999999999884,482.3000000000013
177429630.9681,499.89999999999884,482.3000000000013
177429632.9681,499.89999999999884,482.3000000000013
177429634.9681,499.89999999999884,482.3000000000013
177429636.9681,499.89999999999884,482.40000000000134
177429638.9681,499.89999999999884,482.40000000000134
177429640.9681,499.7999999999988,482.40000000000134
177429642.9681,499.89999999999884,482.40000000000134
177429644.9681,499.89999999999884,482.40000000000134
177429646.9681,499.89999999999884,482.40000000000134
177429648.9681,499.89999999999884,482.40000000000134
177429650.9681,499.89999999999884,482.40000000000134
177429652.9681,499.89999999999884,482.40000000000134
177429654.9681,499.89999999999884,482.40000000000134
177429656.9681,499.89999999999884,482.40000000000134
177429658.9681,499.89999999999884,482.40000000000134
177429660.9681,499.89999999999884,482.40000000000134
177429662.9681,499.89999999999884,482.40000000000134
177429664.9681,499.7999999999988,482.40000000000134
177429666.9681,499.7999999999988,483.3000000000013
177429668.9681,499.7999999999988,482.40000000000134
177429670.9681,499.6999999999988,483.3000000000013
177429672.9681,499.6999999999988,482.40000000000134
177429674.9681,499.7999999999988,482.40000000000134
177429676.9681,499.7999999999988,482.40000000000134
177429678.9681,499.6999999999988,483.20000000000135
177429680.9681,499.6999999999988,483.20000000000135
177429682.9681,499.7999999999988,483.20000000000135
177429684.9681,499.7999999999988,483.20000000000135
177429686.9681,499.7999999999988,483.20000000000135
177429688.9681,499.7999999999988,483.20000000000135
177429690.9681,499.89999999999884,483.20000000000135
177429692.9681,499.89999999999884,483.20000000000135
177429694.9681,499.89999999999884,483.20000000000135
177429696.9681,499.89999999999884,483.20000000000135
177429698.9681,499.89999999999884,483.20000000000135
177429700.9681,499.7999999999988,483.20000000000135
177429702.9681,499.7999999999988,483.20000000000135
177429704.9681,499.7999999999988,483.3000000000014
177429706.9681,499.7999999999988,483.3000000000014
177429708.9681,499.7999999999988,483.3000000000014
177429710.9681,499.7999999999988,483.3000000000014
177429712.9681,499.7999999999988,483.3000000000014
177429714.9681,499.7999999999988,483.3000000000014
177429716.9681,499.9999999999988,483.3000000000014
177429718.9681,499.8999999999988,483.3000000000014
177429720.9681,499.8999999999988,483.3000000000014
177429722.9681,499.9999999999988,483.3000000000014
177429724.9681,499.9999999999988,484.1000000000014
177429726.9681,499.9999999999988,484.1000000000014
177429728.9681,499.9999999999988,484.2000000000014
177429730.9681,499.9999999999988,484.2000000000014
177429732.9681,499.9999999999988,484.1000000000014
177429734.9681,499.9999999999988,484.1000000000014
177429736.9681,499.9999999999988,484.1000000000014
177429738.9681,499.9999999999988,484.2000000000014
177429740.9681,499.8999999999988,484.2000000000014
177429742.9681,499.9999999999988,484.2000000000014
177429744.9681,499.9999999999988,484.2000000000014
177429746.9681,499.9999999999988,484.2000000000014
177429748.9681,499.9999999999988,484.2000000000014
177429750.9681,499.9999999999988,484.2000000000014
177429752.9681,499.8999999999988,484.2000000000014
177429754.9681,499.9999999999988,484.30000000000143
177429756.9681,499.9999999999988,484.30000000000143
177429758.9681,499.8999999999988,484.30000000000143
177429760.9681,499.9999999999988,484.40000000000146
177429762.9681,499.9999999999988,484.30000000000143
177429764.9681,499.9999999999988,484.30000000000143
177429766.9681,499.9999999999988,484.30000000000143
177429768.9681,499.9999999999988,484.30000000000143
177429770.9681,499.9999999999988,484.30000000000143
177429772.9681,499.9999999999988,484.30000000000143
177429774.9681,499.9999999999988,484.30000000000143
177429776.9681,499.9999999999988,484.40000000000146
177429778.9681,499.9999999999988,484.40000000000146
177429780.9681,499.9999999999988,484.30000000000143
177429782.9681,499.9999999999988,484.30000000000143
177429784.9681,499.9999999999988,484.30000000000143
177429786.9681,499.9999999999988,484.30000000000143
177429788.9681,499.8999999999988,484.30000000000143
177429790.9681,499.8999999999988,484.30000000000143
177429792.9681,499.79999999999876,484.30000000000143
177429794.9681,499.99999999999875,484.30000000000143
177429796.9681,499.99999999999875,484.30000000000143
177429798.9681,499.99999999999875,484.30000000000143
177429800.9681,499.99999999999875,484.30000000000143
177429802.9681,498.29999999999876,484.30000000000143
177429804.9681,498.29999999999876,484.30000000000143
177429806.9681,498.29999999999876,484.30000000000143
177429808.9681,498.29999999999876,484.30000000000143
177429810.9681,499.8999999999988,484.30000000000143
177429812.9681,498.29999999999876,484.40000000000146
177429814.9681,498.19999999999874,484.40000000000146
177429816.9681,498.19999999999874,484.40000000000146
177429818.9681,498.0999999999987,484.40000000000146
177429820.9681,498.0999999999987,484.40000000000146
177429822.9681,498.0999999999987,484.40000000000146
177429824.9681,497.9999999999987,484.40000000000146
177429826.9681,497.89999999999867,484.40000000000146
177429828.9681,497.79999999999865,484.40000000000146
177429830.9681,498.29999999999865,482.30000000000143
177429832.9681,499.89999999999867,482.30000000000143
177429834.9681,499.9999999999987,482.30000000000143
177429836.9681,499.9999999999987,483.2000000000014
177429838.9681,499.9999999999987,483.2000000000014
177429840.9681,499.89999999999867,483.2000000000014
177429842.9681,500.79999999999865,483.2000000000014
177429844.9681,500.79999999999865,483.2000000000014
177429846.9681,500.6999999999986,483.30000000000143
177429848.9681,500.79999999999865,483.2000000000014
177429850.9681,500.6999999999986,483.2000000000014
177429852.9681,500.6999999999986,483.2000000000014
177429854.9681,500.79999999999865,483.2000000000014
177429856.9681,500.79999999999865,483.30000000000143
177429858.9681,500.79999999999865,483.2000000000014
177429860.9681,500.79999999999865,483.2000000000014
177429862.9681,500.6999999999986,483.2000000000014
177429864.9681,500.5999999999986,481.6000000000014
177429866.9681,500.5999999999986,481.6000000000014
177429868.9681,500.6999999999986,481.6000000000014
177429870.9681,500.6999999999986,481.7000000000014
177429872.9681,500.79999999999865,481.7000000000014
177429874.9681,500.79999999999865,481.7000000000014
177429876.9681,501.99999999999864,481.7000000000014
177429878.9681,501.99999999999864,481.7000000000014
177429880.9681,501.99999999999864,481.7000000000014
177429882.9681,501.99999999999864,481.7000000000014
177429884.9681,501.99999999999864,481.7000000000014
177429886.9681,501.99999999999864,481.7000000000014
177429888.9681,501.8999999999986,481.7000000000014
177429890.9681,501.8999999999986,481.7000000000014
177429892.9681,501.99999999999864,481.7000000000014
177429894.9681,501.99999999999864,481.7000000000014
177429896.9681,501.8999999999986,481.7000000000014
177429898.9681,501.99999999999864,481.7000000000014
177429900.9681,501.99999999999864,481.7000000000014
177429902.9681,501.99999999999864,480.7000000000014
177429904.9681,501.8999999999986,480.7000000000014
177429906.9681,501.99999999999864,480.7000000000014
177429908.9681,501.99999999999864,480.5000000000014
177429910.9681,501.99999999999864,480.4000000000014
177429912.9681,501.99999999999864,480.3000000000014
177429914.9681,501.99999999999864,480.3000000000014
177429916.9681,501.99999999999864,481.4000000000014
177429918.9681,501.8999999999986,481.4000000000014
177429920.9681,501.8999999999986,481.4000000000014
177429922.9681,501.8999999999986,481.5000000000014
177429924.9681,501.8999999999986,480.30000000000143
177429926.9681,501.99999999999864,480.30000000000143
177429928.9681,501.99999999999864,480.30000000000143
177429930.9681,501.99999999999864,480.30000000000143
177429932.9681,501.99999999999864,480.30000000000143
177429934.9681,501.99999999999864,480.30000000000143
177429936.9681,501.99999999999864,480.30000000000143
177429938.9681,501.99999999999864,481.2000000000014
177429940.9681,501.99999999999864,481.2000000000014
177429942.9681,501.99999999999864,481.2000000000014
177429944.9681,501.99999999999864,481.2000000000014
177429946.9681,501.99999999999864,481.2000000000014
177429948.9681,501.99999999999864,481.2000000000014
177429950.9681,501.99999999999864,481.2000000000014
177429952.9681,501.99999999999864,481.2000000000014
177429954.9681,501.99999999999864,481.2000000000014
177429956.9681,501.99999999999864,481.2000000000014
177429958.9681,501.99999999999864,480.1000000000014
177429960.9681,501.99999999999864,480.1000000000014
177429962.9681,501.99999999999864,480.1000000000014
177429964.9681,501.8999999999986,480.1000000000014
177429966.9681,501.99999999999864,480.1000000000014
177429968.9681,501.99999999999864,480.1000000000014
177429970.9681,501.8999999999986,480.1000000000014
177429972.9681,501.8999999999986,480.1000000000014
177429974.9681,501.99999999999864,480.1000000000014
177429976.9681,501.99999999999864,480.1000000000014
177429978.9681,501.99999999999864,480.1000000000014
177429980.9681,501.99999999999864,480.1000000000014
177429982.9681,501.99999999999864,480.1000000000014
177429984.9681,501.99999999999864,480.1000000000014
177429986.9681,501.99999999999864,480.1000000000014
177429988.9681,501.99999999999864,480.2000000000014
177429990.9681,501.99999999999864,480.2000000000014
177429992.9681,501.99999999999864,480.2000000000014
177429994.9681,501.8999999999986,480.2000000000014
177429996.9681,501.99999999999864,480.2000000000014
177429998.9681,501.99999999999864,480.2000000000014
177430000.9681,501.99999999999864,480.2000000000014
177430002.9681,501.99999999999864,480.2000000000014
177430004.9681,501.99999999999864,480.2000000000014
177430006.9681,501.99999999999864,480.2000000000014
177430008.9681,501.8999999999986,480.2000000000014
177430010.9681,501.8999999999986,480.2000000000014
177430012.9681,501.8999999999986,480.2000000000014
177430014.9681,501.99999999999864,480.2000000000014
177430016.9681,501.8999999999986,480.2000000000014
177430018.9681,501.6999999999986,480.2000000000014
177430020.9681,501.6999999999986,480.2000000000014
177430022.9681,501.6999999999986,480.2000000000014
177430024.9681,501.99999999999864,480.2000000000014
177430026.9681,501.99999999999864,480.1000000000014
177430028.9681,501.99999999999864,480.1000000000014
177430030.9681,501.8999999999986,480.1000000000014
177430032.9681,501.8999999999986,481.2000000000014
177430034.9681,501.8999999999986,480.1000000000014
177430036.9681,501.8999999999986,480.1000000000014
177430038.9681,501.8999999999986,480.1000000000014
177430040.9681,501.7999999999986,480.1000000000014
177430042.9681,501.7999999999986,480.1000000000014
177430044.9681,501.9999999999986,480.1000000000014
177430046.9681,501.9999999999986,480.1000000000014
177430048.9681,501.9999999999986,480.1000000000014
177430050.9681,501.9999999999986,480.1000000000014
177430052.9681,501.9999999999986,480.1000000000014
177430054.9681,501.9999999999986,480.1000000000014
177430056.9681,501.9999999999986,480.00000000000136
177430058.9681,501.9999999999986,480.00000000000136
177430060.9681,501.9999999999986,480.00000000000136
177430062.9681,501.89999999999856,480.00000000000136
177430064.9681,501.9999999999986,480.00000000000136
177430066.9681,501.9999999999986,480.00000000000136
177430068.9681,501.89999999999856,480.00000000000136
177430070.9681,501.89999999999856,480.00000000000136
177430072.9681,501.89999999999856,480.00000000000136
177430074.9681,501.9999999999986,480.00000000000136
177430076.9681,501.9999999999986,480.00000000000136
177430078.9681,501.9999999999986,480.00000000000136
177430080.9681,501.9999999999986,480.00000000000136
177430082.9681,501.9999999999986,480.00000000000136
177430084.9681,501.9999999999986,480.00000000000136
177430086.9681,501.9999999999986,480.00000000000136
177430088.9681,501.9999999999986,480.00000000000136
177430090.9681,501.9999999999986,480.00000000000136
177430092.9681,501.9999999999986,480.00000000000136
177430094.9681,501.9999999999986,480.00000000000136
177430096.9681,501.9999999999986,480.00000000000136
177430098.9681,501.9999999999986,480.00000000000136
177430100.9681,501.9999999999986,480.00000000000136
177430102.9681,501.89999999999856,480.00000000000136
177430104.9681,501.89999999999856,480.00000000000136
177430106.9681,501.89999999999856,480.00000000000136
177430108.9681,501.89999999999856,480.00000000000136
177430110.9681,501.89999999999856,480.00000000000136
177430112.9681,501.89999999999856,480.00000000000136
177430114.9681,501.89999999999856,480.00000000000136
177430116.9681,501.89999999999856,480.00000000000136
177430118.9681,501.89999999999856,480.00000000000136
177430120.9681,501.9999999999986,480.00000000000136
177430122.9681,501.89999999999856,480.00000000000136
177430124.9681,501.89999999999856,480.00000000000136
177430126.9681,501.89999999999856,480.00000000000136
177430128.9681,501.9999999999986,480.00000000000136
177430130.9681,501.9999999999986,480.00000000000136
177430132.9681,501.9999999999986,480.00000000000136
177430134.9681,501.9999999999986,480.00000000000136
177430136.9681,501.9999999999986,480.00000000000136
177430138.9681,501.9999999999986,480.00000000000136
177430140.9681,501.9999999999986,480.00000000000136
177430142.9681,501.9999999999986,480.00000000000136
177430144.9681,501.9999999999986,480.00000000000136
177430146.9681,501.9999999999986,480.00000000000136
177430149.0681,501.9999999999986,480.00000000000136
177430150.9681,501.9999999999986,480.00000000000136
177430152.9681,501.9999999999986,480.00000000000136
177430154.9681,501.9999999999986,480.00000000000136
177430156.9681,501.9999999999986,480.00000000000136
177430158.9681,501.9999999999986,480.00000000000136
177430160.9681,501.9999999999986,480.00000000000136
177430162.9681,501.9999999999986,480.00000000000136
177430164.9681,501.9999999999986,480.00000000000136
177430166.9681,501.9999999999986,480.00000000000136
177430168.9681,501.9999999999986,480.00000000000136
177430170.9681,501.89999999999856,480.1000000000014
177430172.9681,501.89999999999856,480.1000000000014
177430174.9681,501.9999999999986,480.1000000000014
177430176.9681,501.9999999999986,480.1000000000014
177430178.9681,501.9999999999986,480.00000000000136
177430180.9681,501.89999999999856,480.00000000000136
177430182.9681,501.9999999999986,480.00000000000136
177430184.9681,501.89999999999856,480.00000000000136
177430186.9681,501.89999999999856,480.00000000000136
177430188.9681,501.9999999999986,480.1000000000014
177430190.9681,501.9999999999986,480.1000000000014
177430192.9681,501.9999999999986,480.2000000000014
177430194.9681,501.9999999999986,480.1000000000014
177430196.9681,501.9999999999986,480.1000000000014
177430198.9681,501.7999999999986,480.1000000000014
177430200.9681,501.7999999999986,480.1000000000014
177430202.9681,501.7999999999986,480.2000000000014
177430204.9681,501.9999999999986,480.2000000000014
177430206.9681,501.9999999999986,480.0000000000014
177430208.9681,501.9999999999986,480.10000000000144
177430210.9681,501.89999999999856,480.10000000000144
177430212.9681,501.9999999999986,480.10000000000144
177430214.9681,501.9999999999986,480.20000000000147
177430216.9681,501.9999999999986,480.10000000000144
177430218.9681,501.9999999999986,480.10000000000144
177430220.9681,501.9999999999986,480.10000000000144
177430222.9681,501.9999999999986,480.10000000000144
177430224.9681,501.9999999999986,480.10000000000144
177430226.9681,501.9999999999986,480.10000000000144
177430228.9681,501.9999999999986,480.20000000000147
177430230.9681,501.89999999999856,480.20000000000147
177430232.9681,501.89999999999856,480.20000000000147
177430234.9681,501.69999999999857,480.20000000000147
177430236.9681,501.59999999999854,480.20000000000147
177430238.9681,501.9999999999985,480.20000000000147
177430240.9681,501.9999999999985,480.40000000000146
177430242.9681,501.9999999999985,480.30000000000143
177430244.9681,501.9999999999985,480.30000000000143
177430246.9681,501.9999999999985,480.30000000000143
177430248.9681,501.9999999999985,480.2000000000014
177430250.9681,501.9999999999985,480.30000000000143
177430252.9681,501.9999999999985,480.30000000000143
177430254.9681,501.9999999999985,480.30000000000143
177430256.9681,501.59999999999854,480.30000000000143
177430258.9681,501.4999999999985,480.30000000000143
177430260.9681,499.29999999999853,480.30000000000143
177430262.9681,499.29999999999853,480.2000000000014
177430264.9681,501.4999999999985,480.30000000000143
177430266.9681,501.4999999999985,480.2000000000014
177430268.9681,501.4999999999985,480.2000000000014
177430270.9681,501.59999999999854,480.2000000000014
177430272.9681,501.59999999999854,480.2000000000014
177430274.9681,501.4999999999985,480.2000000000014
177430276.9681,501.59999999999854,480.2000000000014
177430278.9681,501.69999999999857,480.1000000000014
177430280.9681,501.69999999999857,480.1000000000014
177430282.9681,501.69999999999857,480.2000000000014
177430284.9681,501.69999999999857,480.2000000000014
177430286.9681,501.69999999999857,480.2000000000014
177430288.9681,501.69999999999857,480.30000000000143
177430290.9681,501.69999999999857,480.30000000000143
177430292.9681,501.69999999999857,480.30000000000143
177430294.9681,501.69999999999857,480.30000000000143
177430296.9681,501.69999999999857,480.30000000000143
177430298.9681,501.69999999999857,480.30000000000143
177430300.9681,501.4999999999986,480.40000000000146
177430302.9681,501.4999999999986,480.20000000000147
177430304.9681,501.4999999999986,480.20000000000147
177430306.9681,501.69999999999857,480.20000000000147
177430308.9681,501.7999999999986,480.20000000000147
177430310.9681,501.7999999999986,480.10000000000144
177430312.9681,501.7999999999986,480.20000000000147
177430314.9681,501.7999999999986,480.3000000000015
177430316.9681,501.7999999999986,480.3000000000015
177430318.9681,501.8999999999986,480.3000000000015
177430320.9681,501.7999999999986,480.3000000000015
177430322.9681,501.7999999999986,480.3000000000015
177430324.9681,501.8999999999986,480.4000000000015
177430326.9681,501.8999999999986,480.50000000000153
177430328.9681,501.99999999999864,480.50000000000153
177430330.9681,501.99999999999864,480.50000000000153
177430332.9681,501.99999999999864,480.50000000000153
177430334.9681,501.8999999999986,480.50000000000153
177430336.9681,501.8999999999986,480.50000000000153
177430338.9681,501.99999999999864,480.50000000000153
177430340.9681,501.99999999999864,480.50000000000153
177430342.9681,501.99999999999864,480.30000000000155
177430344.9681,501.99999999999864,480.30000000000155
177430346.9681,500.99999999999864,480.30000000000155
177430348.9681,500.99999999999864,480.30000000000155
177430350.9681,500.99999999999864,480.10000000000156
177430352.9681,500.99999999999864,480.10000000000156
177430354.9681,500.99999999999864,480.10000000000156
177430356.9681,500.99999999999864,480.10000000000156
177430358.9681,500.99999999999864,480.10000000000156
177430360.9681,500.99999999999864,480.10000000000156
177430362.9681,500.99999999999864,480.10000000000156
177430364.9681,500.99999999999864,480.10000000000156
177430366.9681,500.99999999999864,480.10000000000156
177430368.9681,500.99999999999864,480.10000000000156
177430370.9681,500.99999999999864,480.2000000000016
177430372.9681,500.99999999999864,480.2000000000016
177430374.9681,500.99999999999864,480.10000000000156
177430376.9681,500.99999999999864,480.10000000000156
177430378.9681,500.99999999999864,480.10000000000156
177430380.9681,500.99999999999864,480.10000000000156
177430382.9681,500.8999999999986,480.10000000000156
177430384.9681,500.8999999999986,480.10000000000156
177430386.9681,500.7999999999986,480.10000000000156
177430388.9681,500.8999999999986,480.10000000000156
177430390.9681,500.8999999999986,480.2000000000016
177430392.9681,500.8999999999986,480.10000000000156
177430394.9681,500.8999999999986,480.10000000000156
177430396.9681,500.8999999999986,480.10000000000156
177430398.9681,500.8999999999986,480.10000000000156
177430400.9681,500.8999999999986,480.10000000000156
177430402.9681,500.8999999999986,480.2000000000016
177430404.9681,500.8999999999986,480.2000000000016
177430406.9681,500.8999999999986,480.2000000000016
177430408.9681,500.8999999999986,480.2000000000016
177430410.9681,500.8999999999986,480.2000000000016
177430412.9681,500.7999999999986,480.2000000000016
177430414.9681,500.7999999999986,480.2000000000016
177430416.9681,500.7999999999986,480.2000000000016
177430418.9681,500.7999999999986,480.2000000000016
177430420.9681,500.7999999999986,480.2000000000016
177430422.9681,500.7999999999986,480.2000000000016
177430424.9681,500.7999999999986,480.2000000000016
177430426.9681,500.7999999999986,480.2000000000016
177430428.9681,500.8999999999986,480.3000000000016
177430430.9681,500.8999999999986,480.3000000000016
177430432.9681,500.7999999999986,480.3000000000016
177430434.9681,500.7999999999986,480.3000000000016
177430436.9681,500.7999999999986,480.3000000000016
177430438.9681,500.7999999999986,480.3000000000016
177430440.9681,500.7999999999986,480.3000000000016
177430442.9681,500.7999999999986,480.3000000000016
177430444.9681,500.7999999999986,480.2000000000016
177430446.9681,500.8999999999986,480.2000000000016
177430448.9681,500.8999999999986,480.3000000000016
177430450.9681,500.8999999999986,480.3000000000016
177430452.9681,500.8999999999986,480.3000000000016
177430454.9681,500.8999999999986,480.3000000000016
177430456.9681,500.8999999999986,480.3000000000016
177430458.9681,500.8999999999986,480.3000000000016
177430460.9681,500.7999999999986,480.3000000000016
177430462.9681,500.8999999999986,480.3000000000016
177430464.9681,500.8999999999986,480.3000000000016
177430466.9681,500.8999999999986,480.3000000000016
177430468.9681,500.8999999999986,480.3000000000016
177430470.9681,500.8999999999986,480.4000000000016
177430472.9681,500.99999999999864,480.4000000000016
177430474.9681,500.99999999999864,480.4000000000016
177430476.9681,500.99999999999864,480.4000000000016
177430478.9681,500.99999999999864,480.4000000000016
177430480.9681,500.99999999999864,480.4000000000016
177430482.9681,500.99999999999864,480.4000000000016
177430484.9681,500.99999999999864,480.4000000000016
177430486.9681,500.99999999999864,480.4000000000016
177430488.9681,500.99999999999864,480.4000000000016
177430490.9681,500.99999999999864,480.4000000000016
177430492.9681,500.99999999999864,480.4000000000016
177430494.9681,500.99999999999864,480.4000000000016
177430496.9681,500.99999999999864,480.4000000000016
177430498.9681,500.99999999999864,480.50000000000165
177430500.9681,500.99999999999864,480.50000000000165
177430502.9681,500.99999999999864,480.50000000000165
177430504.9681,500.99999999999864,480.50000000000165
177430506.9681,500.99999999999864,480.50000000000165
177430508.9681,500.99999999999864,480.50000000000165
177430510.9681,500.99999999999864,480.50000000000165
177430512.9681,500.99999999999864,480.50000000000165
177430514.9681,500.99999999999864,480.50000000000165
177430516.9681,500.99999999999864,480.50000000000165
177430518.9681,500.99999999999864,480.70000000000164
177430520.9681,500.99999999999864,480.4000000000016
177430522.9681,500.99999999999864,480.4000000000016
177430524.9681,500.99999999999864,480.4000000000016
177430526.9681,500.99999999999864,480.50000000000165
177430528.9681,500.99999999999864,480.50000000000165
177430530.9681,500.99999999999864,480.60000000000167
177430532.9681,500.99999999999864,480.4000000000017
177430534.9681,500.79999999999865,480.4000000000017
177430536.9681,500.6999999999986,480.4000000000017
177430538.9681,500.99999999999864,480.4000000000017
177430540.9681,500.99999999999864,480.4000000000017
177430542.9681,500.99999999999864,480.4000000000017
177430544.9681,500.99999999999864,480.4000000000017
177430546.9681,500.99999999999864,480.4000000000017
177430548.9681,500.8999999999986,480.4000000000017
177430550.9681,500.8999999999986,480.4000000000017
177430552.9681,500.99999999999864,480.4000000000017
177430554.9681,500.99999999999864,480.5000000000017
177430556.9681,500.8999999999986,480.5000000000017
177430558.9681,500.99999999999864,480.5000000000017
177430560.9681,500.99999999999864,480.5000000000017
177430562.9681,500.99999999999864,480.5000000000017
177430564.9681,500.99999999999864,480.4000000000017
177430566.9681,500.99999999999864,480.4000000000017
177430568.9681,500.99999999999864,480.4000000000017
177430570.9681,500.99999999999864,480.4000000000017
177430572.9681,500.99999999999864,480.4000000000017
177430574.9681,500.99999999999864,480.4000000000017
177430576.9681,500.99999999999864,480.4000000000017
177430578.9681,500.8999999999986,480.4000000000017
177430580.9681,500.99999999999864,480.4000000000017
177430582.9681,500.99999999999864,480.4000000000017
177430584.9681,500.99999999999864,480.5000000000017
177430586.9681,500.99999999999864,480.4000000000017
177430588.9681,500.99999999999864,480.4000000000017
177430590.9681,500.99999999999864,480.4000000000017
177430592.9681,500.8999999999986,480.4000000000017
177430594.9681,500.99999999999864,480.4000000000017
177430596.9681,500.99999999999864,480.4000000000017
177430598.9681,500.99999999999864,480.4000000000017
177430600.9681,500.99999999999864,480.4000000000017
177430602.9681,500.99999999999864,480.4000000000017
177430604.9681,500.99999999999864,480.4000000000017
177430606.9681,500.99999999999864,480.4000000000017
177430608.9681,500.99999999999864,480.4000000000017
177430610.9681,500.8999999999986,480.4000000000017
177430612.9681,500.99999999999864,480.4000000000017
177430614.9681,500.99999999999864,480.4000000000017
177430616.9681,500.8999999999986,480.4000000000017
177430618.9681,500.8999999999986,480.4000000000017
177430620.9681,500.99999999999864,480.4000000000017
177430622.9681,500.99999999999864,480.4000000000017
177430624.9681,500.99999999999864,480.4000000000017
177430626.9681,500.99999999999864,480.4000000000017
177430628.9681,500.8999999999986,480.4000000000017
177430630.9681,500.8999999999986,480.4000000000017
177430632.9681,500.99999999999864,480.4000000000017
177430634.9681,500.99999999999864,480.4000000000017
177430636.9681,500.99999999999864,480.4000000000017
177430638.9681,500.99999999999864,480.4000000000017
177430640.9681,500.99999999999864,480.4000000000017
177430642.9681,500.99999999999864,480.4000000000017
177430644.9681,500.99999999999864,480.4000000000017
177430646.9681,500.99999999999864,480.4000000000017
177430648.9681,500.99999999999864,480.5000000000017
177430650.9681,500.99999999999864,480.5000000000017
177430652.9681,500.99999999999864,480.5000000000017
177430654.9681,500.99999999999864,480.5000000000017
177430656.9681,500.99999999999864,480.5000000000017
177430658.9681,500.99999999999864,480.5000000000017
177430660.9681,500.99999999999864,480.5000000000017
177430662.9681,500.99999999999864,480.5000000000017
177430664.9681,500.99999999999864,480.5000000000017
177430666.9681,500.99999999999864,480.5000000000017
177430668.9681,500.99999999999864,480.5000000000017
177430670.9681,500.99999999999864,480.5000000000017
177430672.9681,500.99999999999864,480.5000000000017
177430674.9681,500.99999999999864,480.6000000000017
177430676.9681,500.99999999999864,480.6000000000017
177430678.9681,500.79999999999865,480.6000000000017
177430680.9681,500.79999999999865,480.6000000000017
177430682.9681,500.79999999999865,480.6000000000017
177430684.9681,500.79999999999865,480.6000000000017
177430686.9681,500.79999999999865,480.6000000000017
177430688.9681,500.79999999999865,480.6000000000017
177430690.9681,500.79999999999865,480.6000000000017
177430692.9681,500.79999999999865,480.6000000000017
177430694.9681,500.89999999999867,480.6000000000017
177430696.9681,500.89999999999867,480.6000000000017
177430698.9681,500.89999999999867,480.6000000000017
177430700.9681,500.89999999999867,480.6000000000017
177430702.9681,500.89999999999867,480.6000000000017
177430704.9681,500.89999999999867,480.6000000000017
177430706.9681,500.89999999999867,480.6000000000017
177430708.9681,500.89999999999867,480.6000000000017
177430710.9681,500.89999999999867,480.6000000000017
177430712.9681,500.89999999999867,480.70000000000175
177430714.9681,500.89999999999867,480.6000000000017
177430716.9681,500.89999999999867,480.6000000000017
177430718.9681,500.89999999999867,480.6000000000017
177430720.9681,500.89999999999867,480.70000000000175
177430722.9681,500.89999999999867,480.6000000000017
177430724.9681,500.89999999999867,480.6000000000017
177430726.9681,500.89999999999867,480.6000000000017
177430728.9681,500.89999999999867,480.6000000000017
177430730.9681,500.89999999999867,480.6000000000017
177430732.9681,500.89999999999867,480.6000000000017
177430734.9681,500.89999999999867,480.6000000000017
177430736.9681,500.89999999999867,480.6000000000017
177430738.9681,500.79999999999865,480.6000000000017
177430740.9681,500.89999999999867,480.6000000000017
177430742.9681,500.89999999999867,480.6000000000017
177430744.9681,500.89999999999867,480.6000000000017
177430746.9681,500.89999999999867,480.70000000000175
177430748.9681,500.89999999999867,480.70000000000175
177430750.9681,500.89999999999867,480.70000000000175
177430752.9681,500.89999999999867,480.70000000000175
177430754.9681,500.89999999999867,480.70000000000175
177430756.9681,500.89999999999867,480.70000000000175
177430758.9681,500.89999999999867,480.70000000000175
177430760.9681,500.79999999999865,480.70000000000175
177430762.9681,500.79999999999865,480.70000000000175
177430764.9681,500.89999999999867,480.70000000000175
177430766.9681,500.9999999999987,480.70000000000175
177430768.9681,500.9999999999987,480.70000000000175
177430770.9681,500.9999999999987,480.70000000000175
177430772.9681,500.9999999999987,480.70000000000175
177430774.9681,500.9999999999987,480.70000000000175
177430776.9681,500.9999999999987,480.70000000000175
177430779.0681,500.9999999999987,480.70000000000175
177430780.9681,500.9999999999987,480.70000000000175
177430782.9681,500.9999999999987,480.8000000000018
177430784.9681,500.9999999999987,480.8000000000018
177430786.9681,500.9999999999987,480.8000000000018
177430788.9681,500.9999999999987,480.70000000000175
177430790.9681,500.9999999999987,480.8000000000018
177430792.9681,500.9999999999987,480.8000000000018
177430794.9681,500.89999999999867,480.8000000000018
177430796.9681,500.89999999999867,480.8000000000018
177430798.9681,500.89999999999867,480.8000000000018
177430800.9681,500.89999999999867,480.8000000000018
177430802.9681,500.9999999999987,480.8000000000018
177430804.9681,500.9999999999987,480.8000000000018
177430806.9681,500.9999999999987,480.8000000000018
177430808.9681,500.9999999999987,480.8000000000018
177430810.9681,500.9999999999987,480.8000000000018
177430812.9681,500.9999999999987,480.8000000000018
177430814.9681,500.9999999999987,480.8000000000018
177430816.9681,500.9999999999987,480.8000000000018
177430818.9681,500.9999999999987,480.8000000000018
177430820.9681,500.9999999999987,480.8000000000018
177430822.9681,500.9999999999987,480.8000000000018
177430824.9681,500.9999999999987,480.8000000000018
177430826.9681,500.89999999999867,480.8000000000018
177430828.9681,500.89999999999867,480.8000000000018
177430830.9681,500.89999999999867,480.8000000000018
177430832.9681,500.89999999999867,480.8000000000018
177430834.9681,500.9999999999987,481.00000000000176
177430836.9681,500.9999999999987,482.00000000000176
177430838.9681,500.9999999999987,481.00000000000176
177430840.9681,500.89999999999867,481.00000000000176
177430842.9681,500.89999999999867,481.00000000000176
177430844.9681,500.89999999999867,481.00000000000176
177430846.9681,500.89999999999867,481.00000000000176
177430848.9681,500.89999999999867,481.00000000000176
177430850.9681,500.9999999999987,481.00000000000176
177430852.9681,500.9999999999987,481.00000000000176
177430854.9681,500.9999999999987,481.1000000000018
177430856.9681,500.9999999999987,481.00000000000176
177430858.9681,500.89999999999867,481.1000000000018
177430860.9681,500.89999999999867,481.2000000000018
177430862.9681,500.89999999999867,481.1000000000018
177430864.9681,500.9999999999987,481.2000000000018
177430866.9681,500.9999999999987,481.2000000000018
177430868.9681,500.9999999999987,481.1000000000018
177430870.9681,500.9999999999987,481.1000000000018
177430872.9681,500.89999999999867,481.1000000000018
177430874.9681,500.9999999999987,481.1000000000018
177430876.9681,498.9999999999987,481.1000000000018
177430878.9681,498.9999999999987,481.1000000000018
177430880.9681,498.9999999999987,481.1000000000018
177430882.9681,498.9999999999987,481.1000000000018
177430884.9681,500.9999999999987,481.1000000000018
177430886.9681,500.9999999999987,481.1000000000018
177430888.9681,500.9999999999987,481.1000000000018
177430890.9681,500.9999999999987,481.1000000000018
177430892.9681,500.9999999999987,481.1000000000018
177430894.9681,500.89999999999867,481.1000000000018
177430896.9681,500.89999999999867,481.1000000000018
177430898.9681,500.89999999999867,481.1000000000018
177430900.9681,500.9999999999987,481.1000000000018
177430902.9681,500.89999999999867,481.1000000000018
177430904.9681,500.89999999999867,481.1000000000018
177430906.9681,500.79999999999865,481.1000000000018
177430908.9681,500.99999999999864,481.1000000000018
177430910.9681,500.99999999999864,481.1000000000018
177430912.9681,500.79999999999865,481.00000000000176
177430914.9681,500.79999999999865,481.00000000000176
177430916.9681,500.79999999999865,481.00000000000176
177430918.9681,500.99999999999864,481.00000000000176
177430920.9681,500.99999999999864,481.1000000000018
177430922.9681,500.99999999999864,481.00000000000176
177430924.9681,500.99999999999864,481.00000000000176
177430926.9681,500.99999999999864,481.00000000000176
177430928.9681,500.99999999999864,481.00000000000176
177430930.9681,500.99999999999864,481.00000000000176
177430932.9681,500.99999999999864,481.00000000000176
177430934.9681,500.99999999999864,481.00000000000176
177430936.9681,500.99999999999864,481.00000000000176
177430938.9681,500.99999999999864,481.00000000000176
177430940.9681,500.79999999999865,481.00000000000176
177430942.9681,500.6999999999986,481.00000000000176
177430944.9681,500.99999999999864,480.8000000000018
177430946.9681,500.99999999999864,480.8000000000018
177430948.9681,500.99999999999864,480.9000000000018
177430950.9681,500.99999999999864,480.8000000000018
177430952.9681,500.99999999999864,480.9000000000018
177430954.9681,500.8999999999986,480.9000000000018
177430956.9681,500.99999999999864,480.9000000000018
177430958.9681,500.99999999999864,480.9000000000018
177430960.9681,500.99999999999864,481.9000000000018
177430962.9681,500.8999999999986,480.9000000000018
177430964.9681,500.99999999999864,480.9000000000018
177430966.9681,500.99999999999864,480.5000000000018
177430968.9681,500.99999999999864,480.5000000000018
177430970.9681,500.99999999999864,480.60000000000184
177430972.9681,500.8999999999986,480.60000000000184
177430974.9681,500.99999999999864,480.60000000000184
177430976.9681,500.99999999999864,480.60000000000184
177430978.9681,500.99999999999864,480.70000000000186
177430980.9681,500.99999999999864,480.70000000000186
177430982.9681,500.99999999999864,480.8000000000019
177430984.9681,500.99999999999864,480.9000000000019
177430986.9681,500.99999999999864,480.9000000000019
177430988.9681,500.8999999999986,481.00000000000193
177430990.9681,500.99999999999864,481.10000000000196
177430992.9681,500.99999999999864,481.10000000000196
177430994.9681,501.99999999999864,481.200000000002
177430996.9681,501.99999999999864,481.10000000000196
177430998.9681,501.99999999999864,481.10000000000196
177431000.9681,501.99999999999864,481.10000000000196
177431003.0681,501.99999999999864,481.200000000002
177431005.0681,501.99999999999864,481.200000000002
177431007.0681,501.99999999999864,481.200000000002
177431009.0681,501.99999999999864,481.200000000002
177431011.0681,501.99999999999864,481.200000000002
177431013.0681,501.99999999999864,481.200000000002
177431015.0681,501.8999999999986,481.200000000002
177431017.0681,501.99999999999864,481.200000000002
177431019.0681,501.99999999999864,481.200000000002
177431021.0681,501.99999999999864,481.300000000002
177431023.0681,501.99999999999864,481.400000000002
177431025.0681,501.99999999999864,481.600000000002
177431027.0681,501.99999999999864,481.70000000000203
177431029.0681,501.99999999999864,481.70000000000203
177431031.0681,501.99999999999864,481.70000000000203
177431033.0681,501.99999999999864,481.80000000000206
177431035.0681,501.99999999999864,481.80000000000206
177431037.0681,501.99999999999864,481.9000000000021
177431039.0681,501.99999999999864,481.9000000000021
177431041.0681,501.99999999999864,482.0000000000021
177431043.0681,501.99999999999864,482.1000000000021
177431045.0681,501.99999999999864,482.1000000000021
177431047.0681,501.99999999999864,482.1000000000021
177431049.0681,501.99999999999864,482.20000000000215
177431051.0681,501.99999999999864,482.30000000000217
177431053.0681,501.99999999999864,482.30000000000217
177431055.0681,501.99999999999864,482.30000000000217
177431057.0681,501.99999999999864,482.4000000000022
177431059.0681,501.99999999999864,482.4000000000022
177431061.0681,501.99999999999864,482.4000000000022
177431063.0681,501.8999999999986,484.4000000000022
177431065.0681,501.99999999999864,484.5000000000022
177431067.0681,501.99999999999864,484.5000000000022
177431069.0681,501.99999999999864,484.5000000000022
177431071.0681,501.99999999999864,484.5000000000022
177431073.0681,501.99999999999864,484.5000000000022
177431075.0681,501.99999999999864,484.5000000000022
177431077.0681,501.99999999999864,484.5000000000022
177431079.0681,501.99999999999864,484.5000000000022
177431081.0681,501.99999999999864,484.5000000000022
177431083.0681,501.99999999999864,484.5000000000022
177431085.0681,501.99999999999864,484.5000000000022
177431087.0681,501.99999999999864,484.5000000000022
177431089.0681,501.8999999999986,484.5000000000022
177431091.0681,501.6999999999986,484.5000000000022
177431093.0681,501.99999999999864,484.5000000000022
177431095.0681,501.99999999999864,484.5000000000022
177431097.0681,501.99999999999864,484.5000000000022
177431099.0681,501.99999999999864,484.5000000000022
177431101.0681,501.99999999999864,484.5000000000022
177431103.0681,501.99999999999864,484.5000000000022
177431105.0681,501.99999999999864,484.5000000000022
177431107.0681,501.99999999999864,481.5000000000022
177431109.0681,501.99999999999864,481.5000000000022
177431111.0681,501.99999999999864,481.5000000000022
177431113.0681,501.99999999999864,481.5000000000022
177431115.0681,501.8999999999986,481.5000000000022
177431117.0681,501.6999999999986,481.5000000000022
177431119.0681,501.6999999999986,481.5000000000022
177431121.0681,501.6999999999986,481.5000000000022
177431123.0681,501.6999999999986,481.5000000000022
177431125.0681,501.6999999999986,481.5000000000022
177431127.0681,501.6999999999986,481.5000000000022
177431129.0681,501.6999999999986,481.5000000000022
177431131.0681,501.5999999999986,481.5000000000022
177431133.0681,501.5999999999986,481.5000000000022
177431135.0681,501.5999999999986,481.5000000000022
177431137.0681,501.5999999999986,481.3000000000022
177431139.0681,501.5999999999986,481.3000000000022
177431141.0681,501.5999999999986,481.3000000000022
177431143.0681,501.5999999999986,481.3000000000022
177431145.0681,501.5999999999986,481.3000000000022
177431147.0681,501.6999999999986,481.3000000000022
177431149.0681,501.99999999999864,481.3000000000022
177431151.0681,501.99999999999864,481.3000000000022
177431153.0681,501.99999999999864,481.3000000000022
177431155.0681,501.99999999999864,481.3000000000022
177431157.0681,501.99999999999864,481.3000000000022
177431159.0681,501.99999999999864,481.3000000000022
177431161.0681,501.99999999999864,481.3000000000022
177431163.0681,501.99999999999864,481.3000000000022
177431165.0681,501.99999999999864,481.3000000000022
177431167.0681,501.99999999999864,481.3000000000022
177431169.0681,501.99999999999864,481.3000000000022
177431171.0681,501.99999999999864,481.3000000000022
177431173.0681,501.99999999999864,481.3000000000022
177431175.0681,501.99999999999864,481.3000000000022
177431177.0681,501.99999999999864,481.3000000000022
177431179.0681,501.99999999999864,481.3000000000022
177431181.0681,501.99999999999864,481.3000000000022
177431183.0681,501.99999999999864,481.3000000000022
177431185.0681,501.99999999999864,481.3000000000022
177431187.0681,501.99999999999864,481.3000000000022
177431189.0681,501.99999999999864,481.3000000000022
177431191.0681,501.99999999999864,481.3000000000022
177431193.0681,501.99999999999864,481.3000000000022
177431195.0681,501.99999999999864,481.3000000000022
177431197.0681,501.99999999999864,481.3000000000022
177431199.0681,501.99999999999864,481.3000000000022
177431201.0681,501.99999999999864,481.3000000000022
177431203.0681,501.99999999999864,481.3000000000022
177431205.0681,501.99999999999864,481.3000000000022
177431207.0681,501.99999999999864,481.3000000000022
177431209.0681,501.99999999999864,481.3000000000022
177431211.0681,501.99999999999864,481.3000000000022
177431213.0681,501.99999999999864,481.3000000000022
177431215.0681,501.99999999999864,481.3000000000022
177431217.0681,501.99999999999864,480.5000000000022
177431219.0681,501.99999999999864,480.5000000000022
177431221.0681,501.99999999999864,480.60000000000224
177431223.0681,501.99999999999864,480.60000000000224
177431225.0681,501.99999999999864,480.5000000000022
177431227.0681,501.99999999999864,480.5000000000022
177431229.0681,501.99999999999864,480.5000000000022
177431231.0681,501.99999999999864,480.5000000000022
177431233.0681,501.99999999999864,480.5000000000022
177431235.0681,501.8999999999986,480.5000000000022
177431237.0681,501.99999999999864,480.5000000000022
177431239.0681,501.8999999999986,480.5000000000022
177431241.0681,501.8999999999986,480.5000000000022
177431243.0681,501.8999999999986,480.5000000000022
177431245.0681,501.8999999999986,480.5000000000022
177431247.0681,501.8999999999986,480.5000000000022
177431249.0681,501.8999999999986,480.5000000000022
177431251.0681,501.8999999999986,480.5000000000022
177431253.0681,501.7999999999986,480.5000000000022
177431255.0681,501.7999999999986,480.10000000000224
177431257.0681,501.7999999999986,480.10000000000224
177431259.0681,501.9999999999986,480.10000000000224
177431261.0681,501.9999999999986,480.10000000000224
177431263.0681,501.9999999999986,480.10000000000224
177431265.0681,501.9999999999986,480.10000000000224
177431267.0681,501.9999999999986,480.10000000000224
177431269.0681,501.9999999999986,480.10000000000224
177431271.0681,501.9999999999986,480.10000000000224
177431273.0681,501.9999999999986,480.10000000000224
177431275.0681,501.9999999999986,480.0000000000022
177431277.0681,501.89999999999856,480.0000000000022
177431279.0681,501.89999999999856,480.0000000000022
177431281.0681,501.9999999999986,480.0000000000022
177431283.0681,501.9999999999986,480.0000000000022
177431285.0681,501.9999999999986,480.0000000000022
177431287.0681,501.9999999999986,480.0000000000022
177431289.0681,501.9999999999986,480.0000000000022
177431291.0681,501.9999999999986,480.0000000000022
177431293.0681,501.9999999999986,480.0000000000022
177431295.0681,501.9999999999986,480.0000000000022
177431297.0681,501.9999999999986,480.0000000000022
177431299.0681,501.9999999999986,480.0000000000022
177431301.0681,501.89999999999856,480.0000000000022
177431303.0681,501.89999999999856,480.10000000000224
177431305.0681,501.79999999999853,480.0000000000022
177431307.0681,501.89999999999856,480.0000000000022
177431309.0681,501.89999999999856,480.0000000000022
177431311.0681,501.89999999999856,480.0000000000022
177431313.0681,501.89999999999856,480.0000000000022
177431315.0681,501.9999999999986,480.0000000000022
177431317.0681,501.9999999999986,480.0000000000022
177431319.0681,501.9999999999986,480.0000000000022
177431321.0681,501.9999999999986,480.0000000000022
177431323.0681,501.9999999999986,480.10000000000224
177431325.0681,501.9999999999986,480.10000000000224
177431327.0681,501.9999999999986,480.0000000000022
177431329.0681,501.9999999999986,480.0000000000022
177431331.0681,501.9999999999986,480.0000000000022
177431333.0681,501.9999999999986,480.0000000000022
177431335.0681,501.9999999999986,480.0000000000022
177431337.0681,501.9999999999986,480.0000000000022
177431339.0681,501.9999999999986,480.0000000000022
177431341.0681,501.9999999999986,480.10000000000224
177431343.0681,501.9999999999986,480.0000000000022
177431345.0681,501.9999999999986,480.0000000000022
177431347.0681,501.9999999999986,480.0000000000022
177431349.0681,501.9999999999986,480.0000000000022
177431351.0681,501.9999999999986,480.0000000000022
177431353.0681,501.9999999999986,480.0000000000022
177431355.0681,501.9999999999986,480.0000000000022
177431357.0681,501.9999999999986,480.0000000000022
177431359.0681,501.9999999999986,480.0000000000022
177431361.0681,501.9999999999986,480.0000000000022
177431363.0681,501.9999999999986,480.10000000000224
177431365.0681,501.89999999999856,480.0000000000022
177431367.0681,501.9999999999986,480.0000000000022
177431369.0681,501.7999999999986,480.0000000000022
177431371.0681,501.8999999999986,480.0000000000022
177431373.0681,501.8999999999986,480.10000000000224
177431375.0681,501.99999999999864,480.0000000000022
177431377.0681,501.8999999999986,480.0000000000022
177431379.0681,501.99999999999864,480.0000000000022
177431381.0681,501.99999999999864,480.0000000000022
177431383.0681,501.8999999999986,480.0000000000022
177431385.0681,501.99999999999864,480.10000000000224
177431387.0681,501.99999999999864,480.20000000000226
177431389.0681,501.99999999999864,480.20000000000226
177431391.0681,501.99999999999864,480.20000000000226
177431393.0681,501.99999999999864,480.20000000000226
177431395.0681,501.99999999999864,480.20000000000226
177431397.0681,501.99999999999864,480.20000000000226
177431399.0681,501.99999999999864,480.20000000000226
177431401.0681,501.99999999999864,480.20000000000226
177431403.0681,501.8999999999986,480.20000000000226
177431405.0681,501.99999999999864,480.20000000000226
177431407.0681,501.99999999999864,480.20000000000226
177431409.0681,501.8999999999986,480.20000000000226
177431411.0681,501.8999999999986,480.20000000000226
177431413.0681,501.99999999999864,480.20000000000226
177431415.0681,501.8999999999986,480.20000000000226
177431417.0681,501.99999999999864,480.3000000000023
177431419.0681,501.99999999999864,480.4000000000023
177431421.0681,501.99999999999864,480.4000000000023
177431423.0681,501.8999999999986,480.2000000000023
177431425.0681,501.99999999999864,480.2000000000023
177431427.0681,501.8999999999986,480.2000000000023
177431429.0681,499.5999999999986,480.2000000000023
177431431.0681,499.6999999999986,480.2000000000023
177431433.0681,499.6999999999986,480.30000000000234
177431435.0681,499.6999999999986,480.2000000000023
177431437.0681,499.5999999999986,480.2000000000023
177431439.0681,499.5999999999986,480.30000000000234
177431441.0681,499.6999999999986,480.2000000000023
177431443.1681,499.5999999999986,480.2000000000023
177431445.0681,499.5999999999986,480.2000000000023
177431447.0681,501.9999999999986,480.2000000000023
177431449.0681,501.9999999999986,480.2000000000023
177431451.0681,501.89999999999856,480.2000000000023
177431453.0681,501.79999999999853,480.2000000000023
177431455.0681,501.9999999999985,480.2000000000023
177431457.0681,501.9999999999985,480.2000000000023
177431459.0681,501.9999999999985,480.2000000000023
177431461.0681,501.9999999999985,480.2000000000023
177431463.0681,501.9999999999985,480.2000000000023
177431465.0681,501.9999999999985,480.30000000000234
177431467.0681,501.8999999999985,480.10000000000235
177431469.0681,501.9999999999985,480.10000000000235
177431471.0681,501.9999999999985,480.2000000000024
177431473.0681,501.8999999999985,480.10000000000235
177431475.0681,501.8999999999985,480.10000000000235
177431477.0681,501.9999999999985,480.10000000000235
177431479.0681,501.8999999999985,480.10000000000235
177431481.0681,501.9999999999985,480.10000000000235
177431483.0681,501.9999999999985,480.10000000000235
177431485.0681,501.9999999999985,480.10000000000235
177431487.0681,501.9999999999985,480.2000000000024
177431489.0681,501.8999999999985,480.10000000000235
177431491.0681,501.8999999999985,480.10000000000235
177431493.0681,501.9999999999985,480.10000000000235
177431495.0681,501.9999999999985,480.10000000000235
177431497.0681,501.9999999999985,480.10000000000235
177431499.0681,501.9999999999985,480.10000000000235
177431501.0681,501.9999999999985,480.10000000000235
177431503.0681,501.9999999999985,480.10000000000235
177431505.0681,502.29999999999853,480.2000000000024
177431507.0681,502.29999999999853,480.2000000000024
177431509.0681,502.29999999999853,480.3000000000024
177431511.0681,502.29999999999853,480.2000000000024
177431513.0681,502.1999999999985,480.2000000000024
177431515.0681,502.29999999999853,480.2000000000024
177431517.0681,502.29999999999853,480.2000000000024
177431519.0681,502.1999999999985,480.2000000000024
177431521.0681,502.1999999999985,480.2000000000024
177431523.0681,502.1999999999985,480.2000000000024
177431525.0681,502.1999999999985,480.2000000000024
177431527.0681,502.29999999999853,480.10000000000235
177431529.0681,502.29999999999853,480.2000000000024
177431531.0681,502.29999999999853,480.2000000000024
177431533.0681,502.29999999999853,480.3000000000024
177431535.0681,502.1999999999985,480.2000000000024
177431537.0681,502.0999999999985,480.2000000000024
177431539.0681,501.99999999999847,480.2000000000024
177431541.0681,501.99999999999847,480.2000000000024
177431543.0681,501.99999999999847,480.3000000000024
177431545.0681,501.99999999999847,480.4000000000024
177431547.0681,501.99999999999847,480.4000000000024
177431549.0681,502.19999999999845,480.4000000000024
177431551.0681,502.19999999999845,480.50000000000244
177431553.0681,502.19999999999845,480.50000000000244
177431555.0681,502.19999999999845,480.60000000000247
177431557.0681,502.19999999999845,480.60000000000247
177431559.0681,502.7999999999985,480.60000000000247
177431561.0681,502.69999999999845,480.60000000000247
177431563.0681,502.69999999999845,480.60000000000247
177431565.0681,502.59999999999843,480.60000000000247
177431567.0681,502.4999999999984,480.60000000000247
177431569.0681,502.4999999999984,480.60000000000247
177431571.0681,502.7999999999984,480.60000000000247
177431573.0681,502.7999999999984,480.7000000000025
177431575.0681,502.7999999999984,480.8000000000025
177431577.0681,502.6999999999984,480.8000000000025
177431579.0681,502.6999999999984,480.8000000000025
177431581.0681,502.6999999999984,480.90000000000254
177431583.0681,502.6999999999984,481.00000000000256
177431585.0681,502.7999999999984,481.00000000000256
177431587.0681,502.7999999999984,481.00000000000256
177431589.0681,502.6999999999984,481.00000000000256
177431591.0681,502.7999999999984,481.00000000000256
177431593.0681,502.7999999999984,481.1000000000026
177431595.0681,502.7999999999984,481.2000000000026
177431597.0681,502.7999999999984,481.3000000000026
177431599.0681,502.6999999999984,481.40000000000265
177431601.0681,502.6999999999984,481.40000000000265
177431603.0681,502.6999999999984,481.40000000000265
177431605.0681,502.7999999999984,481.40000000000265
177431607.0681,502.6999999999984,481.40000000000265
177431609.0681,502.5999999999984,481.40000000000265
177431611.0681,502.5999999999984,481.40000000000265
177431613.0681,502.5999999999984,481.40000000000265
177431615.0681,502.5999999999984,481.40000000000265
177431617.0681,502.5999999999984,481.40000000000265
177431619.0681,502.49999999999835,481.40000000000265
177431621.0681,502.79999999999836,481.40000000000265
177431623.0681,502.69999999999834,481.40000000000265
177431625.0681,502.69999999999834,481.40000000000265
177431627.0681,502.79999999999836,481.40000000000265
177431629.0681,502.79999999999836,481.40000000000265
177431631.0681,502.79999999999836,481.40000000000265
177431633.0681,502.79999999999836,481.40000000000265
177431635.0681,502.69999999999834,481.40000000000265
177431637.0681,502.69999999999834,481.40000000000265
177431639.0681,502.69999999999834,481.40000000000265
177431641.0681,502.5999999999983,480.10000000000264
177431643.0681,502.69999999999834,480.10000000000264
177431645.0681,502.69999999999834,480.20000000000266
177431647.0681,502.79999999999836,480.20000000000266
177431649.0681,502.79999999999836,480.10000000000264
177431651.0681,502.79999999999836,480.10000000000264
177431653.0681,500.3999999999984,480.10000000000264
177431655.0681,502.79999999999836,480.10000000000264
177431657.0681,502.79999999999836,480.10000000000264
177431659.0681,502.79999999999836,480.20000000000266
177431661.0681,502.79999999999836,480.20000000000266
177431663.1681,502.79999999999836,480.20000000000266
177431665.0681,502.79999999999836,480.20000000000266
177431667.0681,502.79999999999836,480.20000000000266
177431669.0681,502.79999999999836,480.20000000000266
177431671.0681,502.79999999999836,480.20000000000266
177431673.0681,502.79999999999836,480.20000000000266
177431675.0681,502.69999999999834,480.20000000000266
177431677.0681,502.69999999999834,480.20000000000266
177431679.0681,502.69999999999834,480.20000000000266
177431681.0681,502.79999999999836,480.20000000000266
177431683.0681,502.79999999999836,480.20000000000266
177431685.0681,502.79999999999836,480.20000000000266
177431687.0681,502.79999999999836,480.20000000000266
177431689.0681,502.79999999999836,480.20000000000266
177431691.0681,502.79999999999836,480.20000000000266
177431693.0681,502.79999999999836,480.20000000000266
177431695.0681,502.79999999999836,480.20000000000266
177431697.0681,502.79999999999836,480.20000000000266
177431699.0681,502.69999999999834,480.20000000000266
177431701.0681,502.69999999999834,480.20000000000266
177431703.0681,502.69999999999834,480.20000000000266
177431705.0681,502.69999999999834,480.20000000000266
177431707.0681,502.69999999999834,480.20000000000266
177431709.0681,502.69999999999834,480.20000000000266
177431711.0681,502.79999999999836,480.20000000000266
177431713.0681,502.79999999999836,480.20000000000266
177431715.0681,502.79999999999836,480.20000000000266
177431717.0681,502.79999999999836,480.20000000000266
177431719.0681,502.69999999999834,480.20000000000266
177431721.0681,502.69999999999834,480.20000000000266
177431723.0681,502.69999999999834,480.20000000000266
177431725.0681,502.69999999999834,480.20000000000266
177431727.0681,502.69999999999834,480.20000000000266
177431729.0681,502.69999999999834,480.20000000000266
177431731.0681,502.69999999999834,480.20000000000266
177431733.0681,502.69999999999834,480.20000000000266
177431735.0681,502.69999999999834,480.10000000000264
177431737.0681,502.69999999999834,480.3000000000026
177431739.0681,502.69999999999834,480.10000000000264
177431741.0681,502.69999999999834,480.10000000000264
177431743.0681,502.69999999999834,480.20000000000266
177431745.0681,502.69999999999834,480.10000000000264
177431747.0681,500.99999999999835,480.10000000000264
177431749.0681,500.99999999999835,480.10000000000264
177431751.0681,500.99999999999835,480.10000000000264
177431753.0681,500.99999999999835,480.10000000000264
177431755.0681,500.99999999999835,480.10000000000264
177431757.0681,500.89999999999833,480.10000000000264
177431759.0681,500.89999999999833,480.10000000000264
177431761.0681,500.99999999999835,480.0000000000026
177431763.0681,500.99999999999835,480.0000000000026
177431765.0681,500.99999999999835,480.0000000000026
177431767.0681,500.99999999999835,480.0000000000026
177431769.0681,500.99999999999835,480.0000000000026
177431771.0681,502.69999999999834,480.0000000000026
177431773.0681,502.69999999999834,480.0000000000026
177431775.0681,502.69999999999834,480.0000000000026
177431777.0681,502.69999999999834,480.0000000000026
177431779.0681,502.69999999999834,480.0000000000026
177431781.0681,502.69999999999834,480.0000000000026
177431783.0681,502.69999999999834,480.0000000000026
177431785.0681,502.69999999999834,480.0000000000026
177431787.0681,502.69999999999834,480.0000000000026
177431789.0681,502.69999999999834,480.0000000000026
177431791.0681,502.69999999999834,480.0000000000026
177431793.0681,502.69999999999834,480.0000000000026
177431795.0681,502.69999999999834,480.0000000000026
177431797.0681,502.69999999999834,480.0000000000026
177431799.0681,502.69999999999834,480.0000000000026
177431801.0681,502.79999999999836,480.0000000000026
177431803.0681,502.79999999999836,480.0000000000026
177431805.0681,502.79999999999836,480.0000000000026
177431807.0681,502.69999999999834,480.0000000000026
177431809.0681,502.69999999999834,480.0000000000026
177431811.0681,502.69999999999834,480.10000000000264
177431813.0681,502.69999999999834,480.10000000000264
177431815.0681,502.79999999999836,480.0000000000026
177431817.0681,502.79999999999836,480.0000000000026
177431819.0681,502.79999999999836,480.2000000000026
177431821.0681,502.79999999999836,480.2000000000026
177431823.0681,502.79999999999836,480.1000000000026
177431825.0681,502.69999999999834,480.00000000000256
177431827.0681,502.5999999999983,480.00000000000256
177431829.0681,502.5999999999983,480.00000000000256
177431831.0681,502.5999999999983,480.00000000000256
177431833.0681,502.5999999999983,480.00000000000256
177431835.0681,502.69999999999834,480.00000000000256
177431837.0681,502.69999999999834,480.00000000000256
177431839.0681,502.69999999999834,480.00000000000256
177431841.0681,502.79999999999836,480.00000000000256
177431843.0681,502.79999999999836,480.00000000000256
177431845.0681,502.79999999999836,480.00000000000256
177431847.0681,502.79999999999836,480.00000000000256
177431849.0681,502.79999999999836,480.00000000000256
177431851.0681,502.79999999999836,480.00000000000256
177431853.0681,502.79999999999836,480.00000000000256
177431855.0681,502.79999999999836,480.00000000000256
177431857.0681,502.79999999999836,480.00000000000256
177431859.0681,502.69999999999834,480.00000000000256
177431861.0681,502.79999999999836,480.00000000000256
177431863.0681,502.79999999999836,480.00000000000256
177431865.0681,502.79999999999836,480.00000000000256
177431867.0681,502.79999999999836,480.00000000000256
177431869.0681,502.79999999999836,480.00000000000256
177431871.0681,502.79999999999836,480.00000000000256
177431873.0681,502.79999999999836,480.00000000000256
177431875.0681,502.79999999999836,480.00000000000256
177431877.0681,502.79999999999836,480.00000000000256
177431879.0681,502.79999999999836,480.1000000000026
177431881.0681,502.79999999999836,480.1000000000026
177431883.0681,502.79999999999836,480.1000000000026
177431885.0681,502.79999999999836,480.2000000000026
177431887.0681,502.79999999999836,480.1000000000026
177431889.0681,502.69999999999834,480.1000000000026
177431891.0681,502.69999999999834,480.1000000000026
177431893.0681,502.69999999999834,480.1000000000026
177431895.0681,500.39999999999833,480.1000000000026
177431897.0681,500.39999999999833,480.1000000000026
177431899.0681,502.7999999999983,480.1000000000026
177431901.0681,502.7999999999983,480.1000000000026
177431903.0681,502.7999999999983,480.1000000000026
177431905.0681,502.7999999999983,480.1000000000026
177431907.0681,502.7999999999983,480.1000000000026
177431909.0681,502.7999999999983,480.1000000000026
177431911.0681,502.7999999999983,480.1000000000026
177431913.0681,502.6999999999983,480.1000000000026
177431915.0681,502.6999999999983,480.1000000000026
177431917.0681,502.6999999999983,480.1000000000026
177431919.0681,502.7999999999983,480.2000000000026
177431921.0681,502.7999999999983,480.3000000000026
177431923.0681,502.7999999999983,480.3000000000026
177431925.0681,502.7999999999983,480.3000000000026
177431927.0681,502.7999999999983,480.3000000000026
177431929.0681,502.7999999999983,480.3000000000026
177431931.0681,502.7999999999983,480.3000000000026
177431933.0681,502.7999999999983,480.40000000000265
177431935.0681,502.7999999999983,480.40000000000265
177431937.0681,502.7999999999983,480.40000000000265
177431939.0681,502.7999999999983,480.40000000000265
177431941.0681,502.7999999999983,480.40000000000265
177431943.0681,502.7999999999983,480.40000000000265
177431945.0681,502.7999999999983,480.40000000000265
177431947.0681,502.7999999999983,480.40000000000265
177431949.0681,502.6999999999983,480.40000000000265
177431951.0681,502.6999999999983,480.40000000000265
177431953.0681,502.6999999999983,480.40000000000265
177431955.0681,502.59999999999826,480.40000000000265
177431957.0681,502.59999999999826,480.40000000000265
177431959.0681,502.49999999999824,480.40000000000265
177431961.0681,502.3999999999982,480.40000000000265
177431963.0681,500.1999999999982,480.5000000000027
177431965.0681,502.6999999999982,480.5000000000027
177431967.0681,502.6999999999982,480.5000000000027
177431969.0681,502.6999999999982,480.5000000000027
177431971.0681,502.6999999999982,480.5000000000027
177431973.0681,502.6999999999982,480.5000000000027
177431975.0681,502.79999999999825,480.5000000000027
177431977.0681,502.79999999999825,480.5000000000027
177431979.0681,502.6999999999982,480.5000000000027
177431981.0681,502.6999999999982,480.5000000000027
177431983.0681,502.79999999999825,480.5000000000027
177431985.0681,502.79999999999825,480.5000000000027
177431987.0681,502.79999999999825,480.5000000000027
177431989.0681,502.6999999999982,480.5000000000027
177431991.0681,502.6999999999982,480.6000000000027
177431993.0681,502.79999999999825,480.6000000000027
177431995.0681,502.79999999999825,480.6000000000027
177431997.0681,502.79999999999825,480.6000000000027
177431999.0681,502.79999999999825,480.5000000000027
177432001.0681,502.79999999999825,480.5000000000027
177432003.0681,502.79999999999825,480.5000000000027
177432005.0681,502.79999999999825,480.5000000000027
177432007.0681,502.79999999999825,480.5000000000027
177432009.0681,502.79999999999825,480.5000000000027
177432011.0681,502.79999999999825,480.5000000000027
177432013.0681,502.79999999999825,480.5000000000027
177432015.0681,502.79999999999825,480.5000000000027
177432017.0681,502.79999999999825,480.5000000000027
177432019.0681,502.79999999999825,480.5000000000027
177432021.0681,502.79999999999825,480.40000000000265
177432023.0681,502.79999999999825,480.40000000000265
177432025.0681,502.79999999999825,480.5000000000027
177432027.0681,502.79999999999825,480.5000000000027
177432029.0681,502.79999999999825,480.5000000000027
177432031.0681,502.79999999999825,480.6000000000027
177432033.0681,502.79999999999825,480.6000000000027
177432035.0681,502.79999999999825,480.6000000000027
177432037.0681,502.79999999999825,480.6000000000027
177432039.0681,502.79999999999825,480.6000000000027
177432041.0681,502.79999999999825,480.6000000000027
177432043.0681,502.6999999999982,480.6000000000027
177432045.0681,500.49999999999824,480.6000000000027
177432047.0681,500.3999999999982,480.6000000000027
177432049.0681,502.7999999999982,480.6000000000027
177432051.0681,502.7999999999982,480.6000000000027
177432053.0681,502.7999999999982,480.7000000000027
177432055.0681,502.7999999999982,480.6000000000027
177432057.0681,502.7999999999982,480.6000000000027
177432059.0681,502.7999999999982,480.6000000000027
177432061.0681,502.7999999999982,480.6000000000027
177432063.0681,502.7999999999982,480.6000000000027
177432065.0681,502.7999999999982,480.6000000000027
177432067.0681,502.7999999999982,480.6000000000027
177432069.0681,502.7999999999982,480.6000000000027
177432071.0681,502.7999999999982,480.6000000000027
177432073.0681,502.7999999999982,480.6000000000027
177432075.0681,502.69999999999817,480.6000000000027
177432077.0681,502.69999999999817,480.4000000000027
177432079.0681,502.69999999999817,480.4000000000027
177432081.0681,502.7999999999982,480.4000000000027
177432083.0681,502.7999999999982,480.4000000000027
177432085.0681,502.7999999999982,480.4000000000027
177432087.0681,502.7999999999982,480.4000000000027
177432089.0681,502.7999999999982,480.4000000000027
177432091.0681,502.7999999999982,480.4000000000027
177432093.0681,508.4999999999982,480.4000000000027
177432095.0681,508.69999999999817,480.4000000000027
177432097.0681,508.69999999999817,480.4000000000027
177432099.0681,508.69999999999817,480.4000000000027
177432101.0681,508.69999999999817,480.4000000000027
177432103.0681,509.2999999999982,480.4000000000027
177432105.0681,509.19999999999817,480.4000000000027
177432107.0681,509.2999999999982,480.4000000000027
177432109.0681,509.2999999999982,480.4000000000027
177432111.0681,509.2999999999982,480.4000000000027
177432113.0681,509.2999999999982,480.4000000000027
177432115.0681,509.2999999999982,480.4000000000027
177432117.0681,509.2999999999982,480.4000000000027
177432119.0681,509.2999999999982,480.4000000000027
177432121.0681,509.2999999999982,480.4000000000027
177432123.0681,509.19999999999817,480.4000000000027
177432125.0681,509.19999999999817,480.4000000000027
177432127.0681,509.2999999999982,480.4000000000027
177432129.0681,509.2999999999982,480.4000000000027
177432131.0681,509.2999999999982,480.4000000000027
177432133.0681,509.2999999999982,480.4000000000027
177432135.0681,509.2999999999982,480.4000000000027
177432137.0681,509.2999999999982,480.4000000000027
177432139.0681,509.2999999999982,480.4000000000027
177432141.0681,509.2999999999982,480.4000000000027
177432143.0681,509.2999999999982,480.4000000000027
177432145.0681,509.2999999999982,480.4000000000027
177432147.0681,509.2999999999982,480.4000000000027
177432149.0681,509.2999999999982,480.4000000000027
177432151.0681,509.19999999999817,480.4000000000027
177432153.0681,509.2999999999982,480.4000000000027
177432155.0681,509.2999999999982,480.4000000000027
177432157.0681,509.2999999999982,480.4000000000027
177432159.0681,509.2999999999982,480.4000000000027
177432161.0681,509.2999999999982,480.4000000000027
177432163.0681,509.2999999999982,480.4000000000027
177432165.0681,509.2999999999982,480.4000000000027
177432167.0681,509.2999999999982,480.4000000000027
177432169.0681,509.2999999999982,480.4000000000027
177432171.0681,509.2999999999982,480.4000000000027
177432173.0681,509.2999999999982,480.4000000000027
177432175.0681,509.2999999999982,480.4000000000027
177432177.0681,509.2999999999982,480.4000000000027
177432179.0681,509.2999999999982,480.3000000000027
177432181.0681,509.2999999999982,480.3000000000027
177432183.0681,509.2999999999982,480.3000000000027
177432185.0681,509.2999999999982,480.3000000000027
177432187.0681,509.2999999999982,480.4000000000027
177432189.0681,509.2999999999982,480.3000000000027
177432191.0681,509.19999999999817,480.4000000000027
177432193.0681,509.19999999999817,480.50000000000273
177432195.0681,509.19999999999817,480.4000000000027
177432197.0681,509.09999999999815,480.4000000000027
177432199.0681,509.09999999999815,480.50000000000273
177432201.0681,509.19999999999817,480.50000000000273
177432203.0681,509.19999999999817,480.4000000000027
177432205.0681,509.19999999999817,480.4000000000027
177432207.0681,509.19999999999817,480.4000000000027
177432209.0681,509.19999999999817,480.4000000000027
177432211.0681,509.19999999999817,480.4000000000027
177432213.0681,509.19999999999817,480.4000000000027
177432215.0681,509.19999999999817,480.4000000000027
177432217.0681,509.19999999999817,480.4000000000027
177432219.0681,509.19999999999817,480.4000000000027
177432221.0681,509.2999999999982,480.4000000000027
177432223.0681,509.2999999999982,480.4000000000027
177432225.0681,509.2999999999982,480.4000000000027
177432227.0681,509.2999999999982,480.4000000000027
177432229.0681,509.19999999999817,480.4000000000027
177432231.0681,509.2999999999982,480.4000000000027
177432233.0681,509.2999999999982,480.4000000000027
177432235.0681,509.2999999999982,480.4000000000027
177432237.0681,509.2999999999982,480.4000000000027
177432239.0681,509.2999999999982,480.4000000000027
177432241.0681,509.2999999999982,480.4000000000027
177432243.0681,509.2999999999982,480.4000000000027
177432245.0681,509.2999999999982,480.4000000000027
177432247.0681,509.2999999999982,480.4000000000027
177432249.0681,509.2999999999982,480.4000000000027
177432251.0681,509.2999999999982,480.4000000000027
177432253.0681,509.2999999999982,480.4000000000027
177432255.0681,509.2999999999982,480.4000000000027
177432257.0681,509.2999999999982,480.4000000000027
177432259.0681,509.2999999999982,480.4000000000027
177432261.0681,509.2999999999982,480.4000000000027
177432263.0681,509.2999999999982,480.4000000000027
177432265.0681,509.2999999999982,480.4000000000027
177432267.0681,509.2999999999982,480.4000000000027
177432269.0681,509.2999999999982,480.4000000000027
177432271.0681,509.2999999999982,480.4000000000027
177432273.0681,509.2999999999982,480.4000000000027
177432275.0681,509.2999999999982,480.4000000000027
177432277.0681,509.19999999999817,480.4000000000027
177432279.0681,509.19999999999817,480.4000000000027
177432281.0681,509.2999999999982,480.4000000000027
177432283.0681,509.2999999999982,480.4000000000027
177432285.0681,509.2999999999982,480.4000000000027
177432287.0681,509.2999999999982,480.4000000000027
177432289.0681,509.2999999999982,480.4000000000027
177432291.0681,509.2999999999982,480.4000000000027
177432293.0681,509.2999999999982,480.3000000000027
177432295.0681,509.2999999999982,480.3000000000027
177432297.0681,509.2999999999982,480.3000000000027
177432299.0681,509.2999999999982,480.3000000000027
177432301.0681,509.2999999999982,480.3000000000027
177432303.0681,509.2999999999982,480.3000000000027
177432305.0681,509.2999999999982,480.3000000000027
177432307.0681,509.2999999999982,480.4000000000027
177432309.0681,509.2999999999982,480.3000000000027
177432311.0681,509.2999999999982,480.3000000000027
177432313.0681,509.2999999999982,480.3000000000027
177432315.0681,509.2999999999982,480.3000000000027
177432317.0681,509.2999999999982,481.8000000000027
177432319.0681,509.2999999999982,481.8000000000027
177432321.0681,506.2999999999982,480.3000000000027
177432323.0681,506.2999999999982,480.3000000000027
177432325.0681,509.19999999999817,480.3000000000027
177432327.0681,509.19999999999817,480.3000000000027
177432329.0681,509.19999999999817,480.3000000000027
177432331.0681,506.19999999999817,480.3000000000027
177432333.0681,506.19999999999817,480.3000000000027
177432335.0681,509.2999999999982,480.3000000000027
177432337.0681,509.2999999999982,480.3000000000027
177432339.0681,509.19999999999817,480.4000000000027
177432341.0681,509.2999999999982,480.4000000000027
177432343.0681,509.2999999999982,480.4000000000027
177432345.0681,509.2999999999982,480.4000000000027
177432347.0681,509.2999999999982,480.4000000000027
177432349.0681,509.2999999999982,480.4000000000027
177432351.0681,509.2999999999982,480.4000000000027
177432353.0681,509.2999999999982,480.4000000000027
177432355.0681,509.2999999999982,480.4000000000027
177432357.0681,509.2999999999982,480.4000000000027
177432359.0681,509.2999999999982,480.4000000000027
177432361.0681,509.2999999999982,480.4000000000027
177432363.0681,509.9999999999982,480.4000000000027
177432365.0681,509.9999999999982,480.50000000000273
177432367.0681,527.6999999999982,480.50000000000273
177432369.0681,527.6999999999982,480.4000000000027
177432371.0681,527.6999999999982,480.4000000000027
177432373.0681,527.6999999999982,480.4000000000027
177432375.0681,527.6999999999982,480.4000000000027
177432377.0681,527.6999999999982,480.4000000000027
177432379.0681,527.6999999999982,480.4000000000027
177432381.0681,527.6999999999982,480.4000000000027
177432383.0681,527.6999999999982,480.4000000000027
177432385.0681,527.6999999999982,480.4000000000027
177432387.0681,527.6999999999982,480.4000000000027
177432389.0681,527.6999999999982,480.4000000000027
177432391.0681,527.6999999999982,480.4000000000027
177432393.0681,527.6999999999982,480.4000000000027
177432395.0681,527.6999999999982,480.4000000000027
177432397.0681,527.6999999999982,480.4000000000027
177432399.0681,527.6999999999982,480.4000000000027
177432401.0681,527.6999999999982,480.4000000000027
177432403.0681,527.6999999999982,480.4000000000027
177432405.0681,527.6999999999982,480.50000000000273
177432407.0681,527.6999999999982,480.50000000000273
177432409.0681,527.6999999999982,480.50000000000273
177432411.0681,527.6999999999982,480.50000000000273
177432413.0681,527.6999999999982,480.50000000000273
177432415.0681,527.6999999999982,480.4000000000027
177432417.0681,527.7999999999982,480.50000000000273
177432419.0681,527.7999999999982,480.4000000000027
177432421.0681,527.7999999999982,480.4000000000027
177432423.0681,527.7999999999982,480.4000000000027
177432425.0681,527.6999999999982,480.4000000000027
177432427.0681,527.6999999999982,480.4000000000027
177432429.0681,527.6999999999982,480.4000000000027
177432431.0681,527.7999999999982,480.4000000000027
177432433.0681,527.7999999999982,480.4000000000027
177432435.0681,527.7999999999982,480.4000000000027
177432437.0681,527.7999999999982,480.4000000000027
177432439.0681,527.7999999999982,480.4000000000027
177432441.0681,527.7999999999982,480.4000000000027
177432443.0681,527.6999999999982,480.4000000000027
177432445.0681,527.6999999999982,480.4000000000027
177432447.0681,527.7999999999982,480.4000000000027
177432449.0681,527.6999999999982,480.50000000000273
177432451.0681,527.6999999999982,480.4000000000027
177432453.0681,527.6999999999982,480.4000000000027
177432455.0681,527.6999999999982,480.4000000000027
177432457.0681,527.6999999999982,480.4000000000027
177432459.0681,527.7999999999982,480.4000000000027
177432461.0681,527.7999999999982,480.4000000000027
177432463.0681,527.7999999999982,480.4000000000027
177432465.0681,527.7999999999982,480.50000000000273
177432467.0681,527.7999999999982,480.4000000000027
177432469.0681,527.6999999999982,480.50000000000273
177432471.0681,527.5999999999982,480.4000000000027
177432473.0681,527.4999999999982,480.4000000000027
177432475.0681,527.4999999999982,480.50000000000273
177432477.0681,527.3999999999982,480.50000000000273
177432479.0681,527.3999999999982,480.4000000000027
177432481.0681,527.3999999999982,480.4000000000027
177432483.0681,527.2999999999981,480.4000000000027
177432485.0681,527.1999999999981,480.4000000000027
177432487.0681,527.0999999999981,480.4000000000027
177432489.0681,526.9999999999981,480.4000000000027
177432491.0681,526.9999999999981,480.4000000000027
177432493.0681,526.9999999999981,480.4000000000027
177432495.0681,526.9999999999981,480.4000000000027
177432497.0681,526.9999999999981,480.4000000000027
177432499.0681,526.9999999999981,480.4000000000027
177432501.0681,526.9999999999981,480.4000000000027
177432503.0681,526.9999999999981,480.4000000000027
177432505.0681,526.9999999999981,480.4000000000027
177432507.0681,522.0999999999981,480.4000000000027
177432509.0681,522.0999999999981,480.4000000000027
177432511.0681,522.0999999999981,480.4000000000027
177432513.0681,522.0999999999981,480.4000000000027
177432515.0681,522.0999999999981,480.4000000000027
177432517.0681,522.0999999999981,480.4000000000027
177432519.0681,521.9999999999981,480.4000000000027
177432521.0681,521.9999999999981,480.4000000000027
177432523.0681,521.899999999998,480.4000000000027
177432525.0681,522.0999999999981,480.4000000000027
177432527.0681,521.899999999998,480.4000000000027
177432529.0681,521.9999999999981,480.4000000000027
177432531.0681,521.9999999999981,480.4000000000027
177432533.0681,527.0999999999981,480.4000000000027
177432535.0681,527.0999999999981,480.4000000000027
177432537.0681,527.0999999999981,480.4000000000027
177432539.0681,527.0999999999981,480.4000000000027
177432541.0681,527.0999999999981,480.4000000000027
177432543.0681,527.0999999999981,480.4000000000027
177432545.0681,527.7999999999981,480.4000000000027
177432547.0681,527.7999999999981,480.4000000000027
177432549.0681,527.7999999999981,480.4000000000027
177432551.0681,523.0999999999981,480.4000000000027
177432553.0681,527.7999999999981,480.3000000000027
177432555.0681,527.7999999999981,480.3000000000027
177432557.0681,527.7999999999981,480.3000000000027
177432559.0681,527.7999999999981,480.3000000000027
177432561.0681,527.7999999999981,480.3000000000027
177432563.0681,527.7999999999981,480.3000000000027
177432565.0681,527.7999999999981,480.3000000000027
177432567.0681,527.7999999999981,480.3000000000027
177432569.0681,527.7999999999981,480.3000000000027
177432571.0681,527.7999999999981,480.3000000000027
177432573.0681,527.7999999999981,466.5000000000027
177432575.0681,527.7999999999981,466.5000000000027
177432577.0681,527.7999999999981,466.5000000000027
177432579.0681,527.7999999999981,466.5000000000027
177432581.0681,527.7999999999981,466.5000000000027
177432583.0681,527.6999999999981,466.5000000000027
177432585.0681,527.6999999999981,466.5000000000027
177432587.0681,527.6999999999981,466.5000000000027
177432589.0681,527.6999999999981,466.5000000000027
177432591.0681,527.7999999999981,466.5000000000027
177432593.0681,527.6999999999981,466.5000000000027
177432595.0681,527.5999999999981,466.5000000000027
177432597.0681,527.5999999999981,466.5000000000027
177432599.0681,527.6999999999981,466.5000000000027
177432601.0681,527.6999999999981,466.5000000000027
177432603.0681,527.6999999999981,466.5000000000027
177432605.0681,527.7999999999981,466.5000000000027
177432607.0681,527.7999999999981,466.6000000000027
177432609.0681,527.6999999999981,466.6000000000027
177432611.0681,527.5999999999981,466.5000000000027
177432613.0681,527.4999999999981,466.5000000000027
177432615.0681,527.4999999999981,466.5000000000027
177432617.1681,527.4999999999981,466.5000000000027
177432619.0681,527.4999999999981,466.5000000000027
177432621.0681,527.4999999999981,466.5000000000027
177432623.0681,527.4999999999981,466.5000000000027
177432625.0681,527.4999999999981,466.5000000000027
177432627.0681,521.399999999998,466.5000000000027
177432629.0681,521.399999999998,466.5000000000027
177432631.0681,521.399999999998,466.5000000000027
177432633.0681,515.899999999998,466.5000000000027
177432635.0681,515.899999999998,466.5000000000027
177432637.0681,521.399999999998,466.5000000000027
177432639.0681,521.399999999998,466.5000000000027
177432641.0681,521.299999999998,466.5000000000027
177432643.0681,527.799999999998,466.6000000000027
177432645.0681,527.799999999998,466.6000000000027
177432647.0681,527.799999999998,466.6000000000027
177432649.0681,527.799999999998,466.6000000000027
177432651.0681,527.799999999998,466.6000000000027
177432653.0681,521.699999999998,466.5000000000027
177432655.0681,521.699999999998,466.6000000000027
177432657.0681,521.599999999998,466.5000000000027
177432659.0681,521.699999999998,466.5000000000027
177432661.0681,521.699999999998,466.5000000000027
177432663.0681,521.699999999998,466.6000000000027
177432665.0681,521.699999999998,466.5000000000027
177432667.0681,521.699999999998,466.5000000000027
177432669.0681,521.699999999998,466.5000000000027
177432671.0681,527.799999999998,466.5000000000027
177432673.0681,527.799999999998,466.6000000000027
177432675.0681,527.799999999998,466.6000000000027
177432677.0681,527.699999999998,466.7000000000027
177432679.0681,527.699999999998,466.7000000000027
177432681.0681,527.799999999998,466.7000000000027
177432683.0681,527.799999999998,466.7000000000027
177432685.0681,527.799999999998,466.7000000000027
177432687.0681,527.799999999998,466.7000000000027
177432689.0681,527.799999999998,466.7000000000027
177432691.0681,527.799999999998,466.7000000000027
177432693.0681,527.799999999998,466.7000000000027
177432695.0681,527.799999999998,466.7000000000027
177432697.0681,527.799999999998,466.7000000000027
177432699.0681,527.799999999998,466.7000000000027
177432701.0681,527.799999999998,466.7000000000027
177432703.0681,527.799999999998,466.7000000000027
177432705.0681,527.699999999998,466.7000000000027
177432707.0681,527.699999999998,466.7000000000027
177432709.0681,527.799999999998,466.7000000000027
177432711.0681,527.699999999998,466.7000000000027
177432713.0681,527.699999999998,466.7000000000027
177432715.0681,527.699999999998,466.7000000000027
177432717.0681,527.699999999998,466.80000000000274
177432719.0681,527.699999999998,466.7000000000027
177432721.0681,527.699999999998,466.7000000000027
177432723.0681,527.699999999998,466.7000000000027
177432725.0681,521.599999999998,466.7000000000027
177432727.0681,527.699999999998,466.7000000000027
177432729.0681,527.699999999998,466.7000000000027
177432731.0681,527.699999999998,466.7000000000027
177432733.0681,527.699999999998,466.7000000000027
177432735.0681,527.699999999998,466.7000000000027
177432737.0681,527.699999999998,466.7000000000027
177432739.0681,527.699999999998,466.7000000000027
177432741.0681,521.499999999998,466.7000000000027
177432743.0681,521.499999999998,466.7000000000027
177432745.0681,521.499999999998,466.7000000000027
177432747.0681,521.499999999998,466.7000000000027
177432749.0681,521.499999999998,466.7000000000027
177432751.0681,521.499999999998,466.7000000000027
177432753.0681,521.499999999998,466.7000000000027
177432755.0681,521.499999999998,466.7000000000027
177432757.0681,521.499999999998,466.7000000000027
177432759.0681,521.499999999998,466.7000000000027
177432761.0681,521.499999999998,466.7000000000027
177432763.0681,521.499999999998,466.7000000000027
177432765.0681,521.499999999998,466.7000000000027
177432767.0681,521.499999999998,466.7000000000027
177432769.0681,521.499999999998,466.7000000000027
177432771.0681,521.499999999998,466.7000000000027
177432773.0681,521.499999999998,466.7000000000027
177432775.0681,521.499999999998,466.7000000000027
177432777.0681,521.599999999998,466.7000000000027
177432779.0681,514.999999999998,466.7000000000027
177432781.0681,514.999999999998,466.7000000000027
177432783.0681,514.999999999998,466.7000000000027
177432785.0681,514.999999999998,466.80000000000274
177432787.0681,514.8999999999979,466.80000000000274
177432789.0681,514.8999999999979,466.80000000000274
177432791.0681,514.7999999999979,466.80000000000274
177432793.0681,514.7999999999979,466.80000000000274
177432795.0681,514.7999999999979,466.80000000000274
177432797.0681,514.7999999999979,466.80000000000274
177432799.0681,514.7999999999979,466.80000000000274
177432801.0681,514.6999999999979,466.80000000000274
177432803.0681,514.6999999999979,466.80000000000274
177432805.0681,514.6999999999979,466.80000000000274
177432807.0681,514.9999999999978,466.80000000000274
177432809.0681,514.9999999999978,466.80000000000274
177432811.0681,514.9999999999978,466.80000000000274
177432813.0681,514.9999999999978,466.80000000000274
177432815.0681,514.9999999999978,466.80000000000274
177432817.0681,514.9999999999978,466.7000000000027
177432819.0681,514.9999999999978,466.7000000000027
177432821.0681,514.9999999999978,466.7000000000027
177432823.0681,514.9999999999978,466.7000000000027
177432825.0681,514.9999999999978,466.7000000000027
177432827.0681,514.8999999999978,466.7000000000027
177432829.0681,514.8999999999978,466.7000000000027
177432831.0681,514.8999999999978,466.7000000000027
177432833.0681,514.8999999999978,466.7000000000027
177432835.0681,514.8999999999978,466.7000000000027
177432837.0681,514.8999999999978,466.7000000000027
177432839.0681,514.9999999999978,466.7000000000027
177432841.0681,514.9999999999978,466.7000000000027
177432843.0681,514.9999999999978,466.7000000000027
177432845.0681,514.9999999999978,466.7000000000027
177432847.0681,514.9999999999978,466.7000000000027
177432849.0681,514.9999999999978,466.7000000000027
177432851.0681,514.9999999999978,466.7000000000027
177432853.0681,514.9999999999978,466.7000000000027
177432855.0681,514.9999999999978,466.50000000000273
177432857.0681,514.9999999999978,466.50000000000273
177432859.0681,514.9999999999978,466.50000000000273
177432861.0681,514.9999999999978,466.50000000000273
177432863.0681,514.9999999999978,466.50000000000273
177432865.0681,514.9999999999978,466.50000000000273
177432867.0681,514.9999999999978,466.50000000000273
177432869.0681,514.9999999999978,466.50000000000273
177432871.0681,514.9999999999978,466.50000000000273
177432873.0681,514.9999999999978,466.50000000000273
177432875.0681,514.9999999999978,466.50000000000273
177432877.0681,514.9999999999978,466.60000000000275
177432879.0681,514.9999999999978,466.7000000000028
177432881.0681,514.8999999999978,466.7000000000028
177432883.0681,514.8999999999978,466.7000000000028
177432885.0681,514.9999999999978,466.7000000000028
177432887.0681,514.9999999999978,466.7000000000028
177432889.0681,514.8999999999978,466.7000000000028
177432891.0681,514.9999999999978,466.7000000000028
177432893.0681,514.9999999999978,466.7000000000028
177432895.0681,514.9999999999978,466.7000000000028
177432897.0681,514.9999999999978,466.8000000000028
177432899.0681,514.9999999999978,466.8000000000028
177432901.0681,514.9999999999978,466.8000000000028
177432903.0681,514.9999999999978,466.8000000000028
177432905.0681,514.9999999999978,466.8000000000028
177432907.0681,514.9999999999978,466.8000000000028
177432909.0681,514.9999999999978,466.8000000000028
177432911.0681,514.9999999999978,466.8000000000028
177432913.0681,514.9999999999978,466.8000000000028
177432915.0681,514.9999999999978,466.8000000000028
177432917.0681,514.9999999999978,466.8000000000028
177432919.0681,514.9999999999978,466.8000000000028
177432921.0681,514.9999999999978,466.8000000000028
177432923.0681,514.9999999999978,466.8000000000028
177432925.0681,514.8999999999978,466.8000000000028
177432927.0681,514.8999999999978,466.8000000000028
177432929.0681,514.8999999999978,466.8000000000028
177432931.0681,510.0999999999978,466.8000000000028
177432933.0681,510.0999999999978,466.8000000000028
177432935.0681,509.9999999999978,466.8000000000028
177432937.0681,505.6999999999978,466.8000000000028
177432939.0681,505.6999999999978,466.8000000000028
177432941.0681,501.7999999999978,466.8000000000028
177432943.0681,501.7999999999978,466.8000000000028
177432945.0681,514.9999999999978,466.8000000000028
177432947.0681,514.9999999999978,466.8000000000028
177432949.0681,514.9999999999978,466.8000000000028
177432951.0681,514.9999999999978,466.8000000000028
177432953.0681,514.9999999999978,466.9000000000028
177432955.0681,514.9999999999978,466.9000000000028
177432957.0681,514.9999999999978,466.9000000000028
177432959.0681,514.9999999999978,466.9000000000028
177432961.0681,514.9999999999978,466.70000000000283
177432963.0681,514.8999999999978,466.70000000000283
177432965.0681,514.8999999999978,466.70000000000283
177432967.0681,514.8999999999978,466.70000000000283
177432969.0681,514.8999999999978,466.70000000000283
177432971.0681,514.9999999999978,466.70000000000283
177432973.0681,514.8999999999978,466.70000000000283
177432975.0681,514.8999999999978,466.70000000000283
177432977.0681,514.7999999999978,466.70000000000283
177432979.0681,514.7999999999978,466.70000000000283
177432981.0681,514.7999999999978,466.70000000000283
177432983.0681,514.7999999999978,466.70000000000283
177432985.0681,514.7999999999978,466.70000000000283
177432987.0681,514.7999999999978,466.80000000000285
177432989.0681,514.8999999999978,466.80000000000285
177432991.0681,514.8999999999978,466.80000000000285
177432993.0681,514.8999999999978,466.80000000000285
177432995.0681,514.8999999999978,466.80000000000285
177432997.0681,514.7999999999978,466.80000000000285
177432999.0681,514.8999999999978,466.80000000000285
177433001.0681,514.5999999999979,466.80000000000285
177433003.0681,514.5999999999979,466.80000000000285
177433005.0681,514.5999999999979,466.80000000000285
177433007.0681,514.5999999999979,466.80000000000285
177433009.0681,514.4999999999978,466.80000000000285
177433011.0681,514.3999999999978,466.80000000000285
177433013.0681,514.3999999999978,466.80000000000285
177433015.0681,514.3999999999978,466.80000000000285
177433017.0681,514.3999999999978,466.80000000000285
177433019.0681,514.3999999999978,466.80000000000285
177433021.0681,514.3999999999978,466.80000000000285
177433023.0681,514.3999999999978,466.80000000000285
177433025.0681,514.3999999999978,466.80000000000285
177433027.0681,514.3999999999978,466.80000000000285
177433029.0681,514.3999999999978,466.80000000000285
177433031.0681,514.3999999999978,466.80000000000285
177433033.0681,514.3999999999978,466.80000000000285
177433035.0681,514.3999999999978,466.80000000000285
177433037.0681,514.3999999999978,466.80000000000285
177433039.0681,514.3999999999978,466.80000000000285
177433041.0681,514.5999999999979,466.80000000000285
177433043.0681,514.5999999999979,466.9000000000029
177433045.0681,514.5999999999979,466.9000000000029
177433047.0681,514.5999999999979,466.9000000000029
177433049.0681,514.5999999999979,466.9000000000029
177433051.0681,514.6999999999979,466.9000000000029
177433053.0681,514.6999999999979,466.9000000000029
177433055.0681,514.5999999999979,466.80000000000285
177433057.0681,514.5999999999979,466.80000000000285
177433059.0681,514.6999999999979,466.80000000000285
177433061.0681,514.6999999999979,466.80000000000285
177433063.0681,514.6999999999979,466.80000000000285
177433065.0681,514.7999999999979,466.9000000000029
177433067.0681,514.999999999998,467.0000000000029
177433069.0681,514.999999999998,466.8000000000029
177433071.0681,514.8999999999979,466.8000000000029
177433073.0681,514.999999999998,466.8000000000029
177433075.0681,514.8999999999979,466.8000000000029
177433077.0681,514.8999999999979,466.8000000000029
177433079.0681,514.8999999999979,466.90000000000293
177433081.0681,514.8999999999979,466.90000000000293
177433083.0681,514.8999999999979,466.90000000000293
177433085.0681,514.8999999999979,466.90000000000293
177433087.0681,514.8999999999979,466.90000000000293
177433089.0681,514.8999999999979,466.90000000000293
177433091.0681,514.999999999998,469.3000000000029
177433093.0681,514.999999999998,466.90000000000293
177433095.0681,514.999999999998,466.90000000000293
177433097.0681,514.999999999998,466.90000000000293
177433099.0681,514.999999999998,466.90000000000293
177433101.0681,514.999999999998,466.90000000000293
177433103.0681,514.999999999998,466.90000000000293
177433105.0681,514.999999999998,466.90000000000293
177433107.0681,514.999999999998,466.90000000000293
177433109.0681,514.999999999998,466.90000000000293
177433111.0681,514.999999999998,466.90000000000293
177433113.0681,514.999999999998,466.90000000000293
177433115.0681,514.999999999998,466.90000000000293
177433117.0681,514.999999999998,466.90000000000293
177433119.0681,514.999999999998,466.90000000000293
177433121.0681,514.999999999998,466.90000000000293
177433123.0681,510.19999999999794,466.90000000000293
177433125.0681,510.19999999999794,466.90000000000293
177433127.0681,514.999999999998,466.90000000000293
177433129.0681,514.999999999998,466.90000000000293
177433131.0681,514.8999999999979,466.90000000000293
177433133.0681,514.8999999999979,466.90000000000293
177433135.0681,514.8999999999979,466.90000000000293
177433137.0681,514.8999999999979,466.90000000000293
177433139.0681,514.8999999999979,466.90000000000293
177433141.0681,514.8999999999979,466.90000000000293
177433143.0681,514.999999999998,466.90000000000293
177433145.0681,514.999999999998,466.90000000000293
177433147.0681,514.999999999998,466.90000000000293
177433149.0681,514.999999999998,466.90000000000293
177433151.0681,514.999999999998,466.90000000000293
177433153.0681,514.999999999998,466.90000000000293
177433155.0681,514.999999999998,466.90000000000293
177433157.0681,514.999999999998,466.90000000000293
177433159.0681,514.999999999998,466.8000000000029
177433161.0681,514.999999999998,466.7000000000029
177433163.0681,514.999999999998,466.7000000000029
177433165.0681,514.999999999998,466.7000000000029
177433167.0681,514.999999999998,466.7000000000029
177433169.0681,514.999999999998,466.7000000000029
177433171.0681,514.999999999998,466.7000000000029
177433173.0681,514.999999999998,466.7000000000029
177433175.0681,514.999999999998,466.7000000000029
177433177.0681,514.999999999998,466.7000000000029
177433179.0681,514.999999999998,466.7000000000029
177433181.0681,514.999999999998,466.7000000000029
177433183.0681,514.999999999998,466.7000000000029
177433185.0681,514.999999999998,466.7000000000029
177433187.0681,514.999999999998,466.7000000000029
177433189.0681,514.999999999998,466.7000000000029
177433191.0681,514.999999999998,466.7000000000029
177433193.0681,514.999999999998,466.7000000000029
177433195.0681,514.999999999998,466.7000000000029
177433197.0681,514.999999999998,466.7000000000029
177433199.0681,514.999999999998,466.7000000000029
177433201.0681,514.8999999999979,466.7000000000029
177433203.0681,514.999999999998,466.7000000000029
177433205.0681,514.999999999998,466.7000000000029
177433207.0681,514.999999999998,466.7000000000029
177433209.0681,514.999999999998,466.7000000000029
177433211.0681,514.8999999999979,466.7000000000029
177433213.0681,514.999999999998,466.8000000000029
177433215.0681,514.999999999998,466.7000000000029
177433217.0681,514.999999999998,466.8000000000029
177433219.0681,514.999999999998,466.8000000000029
177433221.0681,514.999999999998,466.8000000000029
177433223.0681,514.999999999998,466.8000000000029
177433225.0681,514.999999999998,466.8000000000029
177433227.0681,514.8999999999979,466.90000000000293
177433229.0681,514.8999999999979,466.90000000000293
177433231.0681,514.8999999999979,466.90000000000293
177433233.0681,514.8999999999979,466.90000000000293
177433235.0681,514.8999999999979,466.90000000000293
177433237.0681,514.8999999999979,466.90000000000293
177433239.0681,514.8999999999979,466.90000000000293
177433241.0681,514.8999999999979,466.90000000000293
177433243.0681,514.8999999999979,466.90000000000293
177433245.0681,514.8999999999979,466.90000000000293
177433247.0681,514.8999999999979,466.90000000000293
177433249.0681,514.8999999999979,466.90000000000293
177433251.0681,514.8999999999979,466.90000000000293
177433253.0681,514.999999999998,466.90000000000293
177433255.0681,514.999999999998,466.90000000000293
177433257.0681,514.999999999998,466.90000000000293
177433259.0681,514.999999999998,467.00000000000296
177433261.0681,514.999999999998,466.90000000000293
177433263.0681,514.999999999998,466.90000000000293
177433265.0681,514.999999999998,466.90000000000293
177433267.0681,514.999999999998,467.00000000000296
177433269.0681,514.999999999998,467.00000000000296
177433271.0681,514.999999999998,467.00000000000296
177433273.0681,514.999999999998,467.00000000000296
177433275.0681,514.999999999998,466.90000000000293
177433277.0681,514.999999999998,466.90000000000293
177433279.0681,514.999999999998,466.6000000000029
177433281.0681,514.999999999998,466.70000000000294
177433283.0681,514.999999999998,466.70000000000294
177433285.0681,514.999999999998,466.6000000000029
177433287.0681,514.999999999998,466.6000000000029
177433289.0681,514.999999999998,466.6000000000029
177433291.0681,514.999999999998,466.6000000000029
177433293.0681,514.999999999998,466.6000000000029
177433295.1681,514.999999999998,466.70000000000294
177433297.0681,514.999999999998,466.6000000000029
177433299.0681,514.999999999998,466.6000000000029
177433301.0681,514.999999999998,466.70000000000294
177433303.0681,514.999999999998,466.70000000000294
177433305.0681,514.999999999998,466.70000000000294
177433307.0681,514.999999999998,466.80000000000297
177433309.0681,514.999999999998,466.80000000000297
177433311.0681,514.8999999999979,466.80000000000297
177433313.0681,514.999999999998,466.80000000000297
177433315.0681,514.999999999998,466.80000000000297
177433317.0681,514.999999999998,466.80000000000297
177433319.0681,514.999999999998,466.80000000000297
177433321.0681,514.999999999998,466.80000000000297
177433323.0681,514.999999999998,466.80000000000297
177433325.0681,514.999999999998,466.80000000000297
177433327.0681,514.699999999998,466.80000000000297
177433329.0681,514.799999999998,466.80000000000297
177433331.0681,514.799999999998,466.80000000000297
177433333.0681,514.799999999998,466.80000000000297
177433335.0681,514.799999999998,466.80000000000297
177433337.0681,514.799999999998,466.80000000000297
177433339.0681,514.899999999998,466.80000000000297
177433341.0681,514.9999999999981,466.80000000000297
177433343.0681,514.9999999999981,466.80000000000297
177433345.0681,514.9999999999981,466.80000000000297
177433347.0681,514.9999999999981,466.80000000000297
177433349.0681,514.9999999999981,466.80000000000297
177433351.0681,514.9999999999981,466.80000000000297
177433353.0681,514.9999999999981,466.80000000000297
177433355.0681,514.9999999999981,466.80000000000297
177433357.0681,514.799999999998,466.80000000000297
177433359.0681,514.799999999998,466.80000000000297
177433361.0681,514.799999999998,466.80000000000297
177433363.0681,514.799999999998,466.900000000003
177433365.0681,514.799999999998,466.900000000003
177433367.0681,514.799999999998,466.900000000003
177433369.0681,514.799999999998,466.900000000003
177433371.0681,514.799999999998,466.80000000000297
177433373.0681,514.799999999998,466.80000000000297
177433375.0681,514.799999999998,466.80000000000297
177433377.0681,514.799999999998,466.80000000000297
177433379.0681,514.799999999998,466.80000000000297
177433381.0681,514.799999999998,466.80000000000297
177433383.0681,514.799999999998,466.80000000000297
177433385.0681,514.799999999998,466.80000000000297
177433387.0681,514.899999999998,466.80000000000297
177433389.0681,514.899999999998,466.80000000000297
177433391.0681,514.899999999998,466.80000000000297
177433393.0681,514.9999999999981,466.80000000000297
177433395.0681,514.9999999999981,466.80000000000297
177433397.0681,514.9999999999981,466.80000000000297
177433399.0681,514.9999999999981,466.80000000000297
177433401.0681,514.9999999999981,466.900000000003
177433403.0681,514.9999999999981,466.900000000003
177433405.0681,514.9999999999981,466.80000000000297
177433407.0681,514.9999999999981,466.80000000000297
177433409.0681,514.9999999999981,466.80000000000297
177433411.0681,514.9999999999981,466.80000000000297
177433413.0681,514.9999999999981,466.80000000000297
177433415.0681,514.9999999999981,466.80000000000297
177433417.0681,514.9999999999981,466.80000000000297
177433419.0681,514.9999999999981,466.600000000003
177433421.0681,514.9999999999981,466.900000000003
177433423.0681,514.9999999999981,466.900000000003
177433425.0681,514.9999999999981,466.900000000003
177433427.0681,514.9999999999981,466.600000000003
177433429.0681,514.9999999999981,466.600000000003
177433431.0681,514.9999999999981,466.600000000003
177433433.0681,514.9999999999981,466.700000000003
177433435.0681,514.9999999999981,466.600000000003
177433437.0681,514.9999999999981,466.600000000003
177433439.0681,514.9999999999981,466.600000000003
177433441.0681,514.9999999999981,466.700000000003
177433443.0681,514.9999999999981,466.700000000003
177433445.0681,514.9999999999981,466.700000000003
177433447.0681,514.9999999999981,466.700000000003
177433449.0681,514.9999999999981,466.600000000003
177433451.0681,514.9999999999981,466.600000000003
177433453.0681,514.9999999999981,466.700000000003
177433455.0681,514.9999999999981,466.600000000003
177433457.0681,514.9999999999981,466.600000000003
177433459.0681,514.9999999999981,466.600000000003
177433461.0681,514.9999999999981,466.600000000003
177433463.0681,514.899999999998,466.600000000003
177433465.0681,514.9999999999981,466.700000000003
177433467.0681,514.9999999999981,466.700000000003
177433469.0681,514.9999999999981,466.700000000003
177433471.0681,514.9999999999981,466.600000000003
177433473.0681,514.9999999999981,466.600000000003
177433475.0681,514.9999999999981,466.600000000003
177433477.0681,514.9999999999981,466.600000000003
177433479.0681,514.9999999999981,466.600000000003
177433481.0681,514.9999999999981,466.600000000003
177433483.0681,514.9999999999981,466.700000000003
177433485.0681,514.9999999999981,466.800000000003
177433487.0681,514.9999999999981,466.800000000003
177433489.0681,514.9999999999981,466.700000000003
177433491.0681,514.9999999999981,466.700000000003
177433493.0681,514.9999999999981,466.600000000003
177433495.0681,514.9999999999981,466.600000000003
177433497.0681,514.9999999999981,466.600000000003
177433499.0681,514.899999999998,466.600000000003
177433501.0681,514.9999999999981,466.600000000003
177433503.0681,514.9999999999981,466.600000000003
177433505.0681,514.9999999999981,466.600000000003
177433507.0681,514.9999999999981,466.700000000003
177433509.0681,514.9999999999981,466.600000000003
177433511.0681,514.9999999999981,466.600000000003
177433513.0681,514.9999999999981,466.600000000003
177433515.0681,514.9999999999981,466.600000000003
177433517.0681,514.9999999999981,466.600000000003
177433519.0681,514.9999999999981,466.600000000003
177433521.0681,514.9999999999981,466.600000000003
177433523.0681,514.9999999999981,466.600000000003
177433525.0681,514.9999999999981,466.600000000003
177433527.0681,514.9999999999981,466.400000000003
177433529.0681,514.9999999999981,466.30000000000297
177433531.0681,514.9999999999981,466.30000000000297
177433533.0681,514.9999999999981,466.30000000000297
177433535.0681,514.9999999999981,466.400000000003
177433537.0681,514.9999999999981,466.500000000003
177433539.0681,514.9999999999981,466.500000000003
177433541.0681,514.9999999999981,466.400000000003
177433543.0681,514.9999999999981,466.400000000003
177433545.0681,514.9999999999981,466.400000000003
177433547.0681,514.899999999998,466.400000000003
177433549.0681,514.899999999998,466.400000000003
177433551.0681,514.799999999998,466.400000000003
177433553.0681,514.899999999998,466.400000000003
177433555.0681,514.899999999998,466.30000000000297
177433557.0681,514.899999999998,466.30000000000297
177433559.0681,514.899999999998,466.30000000000297
177433561.0681,514.899999999998,466.30000000000297
177433563.0681,514.899999999998,466.400000000003
177433565.0681,514.899999999998,466.500000000003
177433567.0681,514.799999999998,466.500000000003
177433569.0681,514.799999999998,466.60000000000304
177433571.0681,514.699999999998,466.500000000003
177433573.0681,514.799999999998,466.500000000003
177433575.0681,514.799999999998,466.400000000003
177433577.0681,514.799999999998,466.400000000003
177433579.0681,514.799999999998,466.400000000003
177433581.0681,514.799999999998,466.400000000003
177433583.0681,514.899999999998,466.400000000003
177433585.0681,514.9999999999981,466.400000000003
177433587.0681,514.9999999999981,466.400000000003
177433589.0681,514.9999999999981,466.400000000003
177433591.0681,514.9999999999981,466.500000000003
177433593.0681,514.9999999999981,466.500000000003
177433595.0681,514.9999999999981,466.500000000003
177433597.0681,514.9999999999981,466.500000000003
177433599.0681,514.9999999999981,466.400000000003
177433601.0681,514.9999999999981,466.400000000003
177433603.0681,514.9999999999981,466.400000000003
177433605.0681,514.9999999999981,466.400000000003
177433607.0681,514.9999999999981,466.30000000000297
177433609.0681,514.9999999999981,466.30000000000297
177433611.0681,514.899999999998,466.30000000000297
177433613.0681,514.899999999998,466.30000000000297
177433615.0681,514.899999999998,466.30000000000297
177433617.0681,514.9999999999981,466.30000000000297
177433619.0681,514.9999999999981,466.30000000000297
177433621.0681,514.9999999999981,466.30000000000297
177433623.0681,514.9999999999981,466.400000000003
177433625.0681,514.9999999999981,466.400000000003
177433627.0681,514.9999999999981,466.400000000003
177433629.0681,514.9999999999981,466.400000000003
177433631.0681,514.9999999999981,466.400000000003
177433633.0681,514.9999999999981,466.30000000000297
177433635.0681,514.9999999999981,466.30000000000297
177433637.0681,514.9999999999981,464.600000000003
177433639.0681,514.9999999999981,464.600000000003
177433641.0681,514.9999999999981,464.600000000003
177433643.0681,514.9999999999981,464.600000000003
177433645.0681,514.899999999998,464.600000000003
177433647.0681,514.899999999998,464.600000000003
177433649.0681,514.899999999998,464.600000000003
177433651.0681,514.899999999998,464.600000000003
177433653.0681,514.899999999998,464.600000000003
177433655.0681,514.899999999998,464.600000000003
177433657.0681,514.899999999998,464.600000000003
177433659.0681,514.899999999998,464.600000000003
177433661.0681,514.899999999998,464.600000000003
177433663.0681,514.899999999998,464.600000000003
177433665.0681,514.9999999999981,464.600000000003
177433667.0681,514.9999999999981,464.600000000003
177433669.0681,514.9999999999981,464.700000000003
177433671.0681,514.9999999999981,464.700000000003
177433673.0681,514.9999999999981,464.700000000003
177433675.0681,514.899999999998,464.700000000003
177433677.0681,514.799999999998,464.700000000003
177433679.0681,514.799999999998,464.600000000003
177433681.0681,514.799999999998,464.600000000003
177433683.0681,514.799999999998,464.600000000003
177433685.0681,514.799999999998,464.600000000003
177433687.0681,514.899999999998,464.600000000003
177433689.0681,514.899999999998,464.700000000003
177433691.0681,514.799999999998,464.700000000003
177433693.0681,514.799999999998,464.700000000003
177433695.0681,514.9999999999981,464.700000000003
177433697.0681,514.9999999999981,464.700000000003
177433699.0681,514.9999999999981,464.600000000003
177433701.0681,514.9999999999981,464.600000000003
177433703.0681,514.9999999999981,464.600000000003
177433705.0681,514.9999999999981,464.600000000003
177433707.0681,514.9999999999981,464.700000000003
177433709.0681,514.9999999999981,464.700000000003
177433711.0681,514.9999999999981,464.700000000003
177433713.0681,514.9999999999981,464.700000000003
177433715.0681,514.9999999999981,464.600000000003
177433717.0681,514.9999999999981,464.600000000003
177433719.0681,514.9999999999981,464.600000000003
177433721.0681,514.9999999999981,464.600000000003
177433723.0681,514.9999999999981,464.700000000003
177433725.0681,514.9999999999981,464.700000000003
177433727.0681,514.9999999999981,464.700000000003
177433729.0681,514.9999999999981,464.700000000003
177433731.0681,514.9999999999981,464.700000000003
177433733.0681,514.9999999999981,464.700000000003
177433735.0681,514.9999999999981,464.600000000003
177433737.0681,514.9999999999981,464.600000000003
177433739.0681,514.9999999999981,464.700000000003
177433741.0681,514.9999999999981,464.700000000003
177433743.0681,514.9999999999981,464.700000000003
177433745.0681,514.9999999999981,464.700000000003
177433747.0681,514.6999999999981,464.800000000003
177433749.0681,514.6999999999981,464.800000000003
177433751.0681,514.7999999999981,464.90000000000305
177433753.0681,514.7999999999981,464.90000000000305
177433755.0681,514.7999999999981,464.90000000000305
177433757.0681,514.7999999999981,464.90000000000305
177433759.0681,514.7999999999981,464.800000000003
177433761.0681,514.7999999999981,464.800000000003
177433763.0681,514.7999999999981,464.90000000000305
177433765.0681,514.7999999999981,464.90000000000305
177433767.0681,514.7999999999981,464.90000000000305
177433769.0681,514.7999999999981,464.90000000000305
177433771.0681,514.7999999999981,464.800000000003
177433773.0681,514.7999999999981,464.800000000003
177433775.0681,514.7999999999981,464.800000000003
177433777.0681,514.7999999999981,464.800000000003
177433779.0681,514.7999999999981,464.800000000003
177433781.0681,514.6999999999981,464.800000000003
177433783.0681,514.6999999999981,464.800000000003
177433785.0681,514.7999999999981,464.800000000003
177433787.0681,514.7999999999981,464.800000000003
177433789.0681,514.7999999999981,464.800000000003
177433791.0681,514.7999999999981,464.800000000003
177433793.0681,514.7999999999981,464.800000000003
177433795.0681,514.7999999999981,464.90000000000305
177433797.0681,514.7999999999981,464.90000000000305
177433799.0681,514.7999999999981,464.90000000000305
177433801.0681,514.7999999999981,464.90000000000305
177433803.0681,514.7999999999981,464.90000000000305
177433805.0681,514.7999999999981,464.90000000000305
177433807.0681,514.7999999999981,465.00000000000307
177433809.0681,514.7999999999981,465.00000000000307
177433811.0681,514.7999999999981,464.90000000000305
177433813.0681,514.7999999999981,464.800000000003
177433815.0681,514.7999999999981,464.800000000003
177433817.0681,514.7999999999981,464.800000000003
177433819.0681,514.6999999999981,464.800000000003
177433821.0681,514.6999999999981,464.800000000003
177433823.0681,514.6999999999981,464.90000000000305
177433825.0681,514.6999999999981,464.90000000000305
177433827.0681,514.6999999999981,464.90000000000305
177433829.0681,514.6999999999981,464.90000000000305
177433831.0681,514.7999999999981,464.90000000000305
177433833.0681,514.7999999999981,464.90000000000305
177433835.0681,514.7999999999981,464.90000000000305
177433837.0681,514.6999999999981,464.90000000000305
177433839.0681,514.6999999999981,464.90000000000305
177433841.0681,514.6999999999981,464.800000000003
177433843.0681,514.6999999999981,464.800000000003
177433845.0681,514.6999999999981,464.800000000003
177433847.0681,514.6999999999981,464.800000000003
177433849.0681,514.6999999999981,464.800000000003
177433851.0681,514.6999999999981,464.800000000003
177433853.0681,514.6999999999981,464.800000000003
177433855.0681,514.5999999999981,464.800000000003
177433857.0681,514.5999999999981,464.800000000003
177433859.0681,514.7999999999981,464.800000000003
177433861.0681,514.7999999999981,464.800000000003
177433863.0681,514.7999999999981,464.800000000003
177433865.0681,514.7999999999981,464.90000000000305
177433867.0681,514.6999999999981,464.90000000000305
177433869.0681,514.6999999999981,464.800000000003
177433871.0681,514.6999999999981,464.800000000003
177433873.0681,514.6999999999981,464.800000000003
177433875.0681,514.7999999999981,464.800000000003
177433877.0681,514.7999999999981,464.90000000000305
177433879.0681,514.7999999999981,464.90000000000305
177433881.0681,514.7999999999981,464.90000000000305
177433883.0681,514.7999999999981,464.90000000000305
177433885.0681,514.7999999999981,464.90000000000305
177433887.0681,514.7999999999981,464.90000000000305
177433889.0681,514.7999999999981,464.90000000000305
177433891.0681,514.7999999999981,464.90000000000305
177433893.0681,514.7999999999981,464.90000000000305
177433895.0681,514.7999999999981,464.90000000000305
177433897.0681,514.7999999999981,464.90000000000305
177433899.0681,514.7999999999981,464.90000000000305
177433901.0681,514.7999999999981,465.00000000000307
177433903.0681,514.7999999999981,464.90000000000305
177433905.0681,514.7999999999981,464.90000000000305
177433907.0681,514.7999999999981,464.90000000000305
177433909.0681,514.7999999999981,464.90000000000305
177433911.0681,514.7999999999981,464.90000000000305
177433913.0681,514.7999999999981,464.90000000000305
177433915.0681,514.7999999999981,464.90000000000305
177433917.0681,514.6999999999981,464.90000000000305
177433919.0681,514.6999999999981,464.90000000000305
177433921.0681,514.7999999999981,464.90000000000305
177433923.0681,514.7999999999981,464.90000000000305
177433925.0681,514.7999999999981,464.90000000000305
177433927.0681,514.7999999999981,464.90000000000305
177433929.0681,514.7999999999981,464.90000000000305
177433931.0681,514.7999999999981,464.90000000000305
177433933.0681,514.7999999999981,464.90000000000305
177433935.0681,514.7999999999981,465.00000000000307
177433937.0681,514.7999999999981,464.90000000000305
177433939.0681,514.7999999999981,464.90000000000305
177433941.0681,514.7999999999981,464.90000000000305
177433943.0681,514.7999999999981,464.90000000000305
177433945.0681,514.7999999999981,464.800000000003
177433947.0681,514.6999999999981,464.800000000003
177433949.0681,514.6999999999981,464.800000000003
177433951.0681,514.5999999999981,464.800000000003
177433953.0681,509.5999999999981,464.800000000003
177433955.0681,509.5999999999981,464.800000000003
177433957.0681,509.5999999999981,464.800000000003
177433959.0681,509.5999999999981,464.800000000003
177433961.0681,509.5999999999981,464.800000000003
177433963.0681,509.5999999999981,464.800000000003
177433965.0681,509.5999999999981,464.800000000003
177433967.0681,509.5999999999981,464.800000000003
177433969.0681,509.5999999999981,464.800000000003
177433971.0681,509.49999999999807,464.60000000000304
177433973.0681,509.49999999999807,464.60000000000304
177433975.0681,509.5999999999981,464.60000000000304
177433977.0681,509.5999999999981,464.60000000000304
177433979.0681,509.5999999999981,464.60000000000304
177433981.0681,509.5999999999981,464.60000000000304
177433983.0681,507.99999999999807,464.70000000000306
177433985.0681,507.89999999999804,464.60000000000304
177433987.0681,507.89999999999804,464.60000000000304
177433989.0681,507.89999999999804,452.800000000003
177433991.0681,507.89999999999804,452.800000000003
177433993.0681,507.99999999999807,452.800000000003
177433995.0681,507.99999999999807,452.800000000003
177433997.0681,507.99999999999807,452.800000000003
177433999.0681,507.99999999999807,452.800000000003
177434001.0681,507.99999999999807,452.800000000003
177434003.0681,507.99999999999807,452.800000000003
177434005.0681,507.99999999999807,452.800000000003
177434007.0681,507.99999999999807,452.800000000003
177434009.0681,507.99999999999807,452.800000000003
177434011.0681,507.99999999999807,452.800000000003
177434013.0681,507.99999999999807,452.800000000003
177434015.0681,507.99999999999807,452.800000000003
177434017.0681,507.99999999999807,452.800000000003
177434019.0681,507.99999999999807,452.800000000003
177434021.0681,507.99999999999807,452.800000000003
177434023.0681,507.99999999999807,452.90000000000305
177434025.0681,507.99999999999807,452.800000000003
177434027.0681,507.99999999999807,452.800000000003
177434029.0681,507.99999999999807,452.800000000003
177434031.0681,507.99999999999807,452.800000000003
177434033.0681,507.99999999999807,452.800000000003
177434035.0681,507.99999999999807,452.800000000003
177434037.0681,507.99999999999807,452.800000000003
177434039.0681,507.99999999999807,452.800000000003
177434041.0681,507.99999999999807,452.800000000003
177434043.0681,507.99999999999807,452.800000000003
177434045.0681,507.99999999999807,452.800000000003
177434047.0681,507.99999999999807,452.800000000003
177434049.0681,507.99999999999807,452.800000000003
177434051.0681,507.99999999999807,452.800000000003
177434053.0681,507.99999999999807,452.800000000003
177434055.0681,507.99999999999807,452.800000000003
177434057.0681,507.99999999999807,452.800000000003
177434059.0681,507.99999999999807,452.90000000000305
177434061.0681,507.99999999999807,453.00000000000307
177434063.0681,507.99999999999807,452.8000000000031
177434065.0681,507.99999999999807,452.8000000000031
177434067.0681,507.99999999999807,452.8000000000031
177434069.0681,507.99999999999807,452.8000000000031
177434071.0681,507.99999999999807,452.8000000000031
177434073.0681,507.99999999999807,452.8000000000031
177434075.0681,507.99999999999807,452.8000000000031
177434077.0681,507.99999999999807,452.8000000000031
177434079.0681,507.99999999999807,452.8000000000031
177434081.0681,507.99999999999807,452.8000000000031
177434083.0681,507.99999999999807,452.8000000000031
177434085.0681,507.99999999999807,452.9000000000031
177434087.0681,507.99999999999807,452.9000000000031
177434089.0681,507.99999999999807,452.9000000000031
177434091.0681,507.99999999999807,453.0000000000031
177434093.0681,507.99999999999807,453.0000000000031
177434095.0681,507.89999999999804,452.9000000000031
177434097.0681,507.89999999999804,452.9000000000031
177434099.0681,507.89999999999804,452.9000000000031
177434101.0681,507.89999999999804,452.9000000000031
177434103.0681,507.89999999999804,452.9000000000031
177434105.0681,507.89999999999804,452.9000000000031
177434107.0681,507.89999999999804,452.9000000000031
177434109.0681,507.89999999999804,452.9000000000031
177434111.0681,507.89999999999804,452.9000000000031
177434113.0681,507.89999999999804,452.9000000000031
177434115.0681,507.89999999999804,452.9000000000031
177434117.0681,507.89999999999804,452.9000000000031
177434119.0681,507.89999999999804,453.0000000000031
177434121.0681,507.69999999999806,453.0000000000031
177434123.0681,507.69999999999806,453.0000000000031
177434125.0681,507.69999999999806,452.9000000000031
177434127.0681,507.69999999999806,452.9000000000031
177434129.0681,507.69999999999806,452.9000000000031
177434131.0681,507.69999999999806,452.9000000000031
177434133.0681,507.69999999999806,453.0000000000031
177434135.0681,507.59999999999803,453.0000000000031
177434137.0681,507.59999999999803,453.0000000000031
177434139.0681,507.59999999999803,453.0000000000031
177434141.0681,507.59999999999803,453.0000000000031
177434143.0681,507.69999999999806,453.0000000000031
177434145.0681,507.69999999999806,453.0000000000031
177434147.0681,507.7999999999981,453.0000000000031
177434149.0681,507.7999999999981,453.0000000000031
177434151.0681,507.69999999999806,453.0000000000031
177434153.0681,507.69999999999806,453.10000000000315
177434155.0681,507.69999999999806,453.2000000000032
177434157.0681,507.69999999999806,453.2000000000032
177434159.0681,507.69999999999806,453.2000000000032
177434161.0681,507.69999999999806,453.2000000000032
177434163.0681,507.7999999999981,453.3000000000032
177434165.0681,507.7999999999981,453.3000000000032
177434167.0681,507.7999999999981,453.3000000000032
177434169.0681,507.7999999999981,453.3000000000032
177434171.0681,507.7999999999981,453.3000000000032
177434173.0681,507.7999999999981,453.5000000000032
177434175.0681,507.7999999999981,453.5000000000032
177434177.0681,507.7999999999981,453.5000000000032
177434179.0681,507.7999999999981,453.5000000000032
177434181.0681,507.7999999999981,453.3000000000032
177434183.0681,507.69999999999806,453.3000000000032
177434185.0681,507.69999999999806,453.3000000000032
177434187.0681,507.69999999999806,453.4000000000032
177434189.0681,507.69999999999806,453.4000000000032
177434191.0681,507.69999999999806,453.4000000000032
177434193.0681,507.69999999999806,453.4000000000032
177434195.0681,507.69999999999806,453.4000000000032
177434197.0681,507.69999999999806,453.4000000000032
177434199.0681,507.69999999999806,453.50000000000324
177434201.0681,507.69999999999806,453.60000000000326
177434203.0681,507.69999999999806,453.60000000000326
177434205.0681,507.69999999999806,453.60000000000326
177434207.0681,507.7999999999981,453.60000000000326
177434209.0681,507.7999999999981,453.60000000000326
177434211.0681,507.7999999999981,453.60000000000326
177434213.0681,507.7999999999981,453.7000000000033
177434215.0681,507.69999999999806,453.8000000000033
177434217.0681,507.69999999999806,453.8000000000033
177434219.0681,507.7999999999981,453.8000000000033
177434221.0681,507.7999999999981,453.8000000000033
177434223.0681,507.69999999999806,453.7000000000033
177434225.0681,507.69999999999806,453.8000000000033
177434227.0681,507.69999999999806,453.8000000000033
177434229.0681,507.69999999999806,453.8000000000033
177434231.0681,507.69999999999806,453.8000000000033
177434233.0681,507.59999999999803,453.8000000000033
177434235.0681,507.59999999999803,453.8000000000033
177434237.0681,507.59999999999803,453.8000000000033
177434239.0681,507.59999999999803,453.8000000000033
177434241.0681,507.499999999998,453.8000000000033
177434243.0681,507.399999999998,453.8000000000033
177434245.0681,507.399999999998,453.8000000000033
177434247.0681,507.399999999998,453.90000000000333
177434249.0681,507.399999999998,453.90000000000333
177434251.0681,507.29999999999797,453.90000000000333
177434253.0681,507.29999999999797,453.90000000000333
177434255.0681,507.399999999998,453.90000000000333
177434257.0681,507.29999999999797,453.90000000000333
177434259.0681,507.29999999999797,453.90000000000333
177434261.0681,507.399999999998,453.90000000000333
177434263.0681,507.399999999998,453.90000000000333
177434265.0681,507.399999999998,453.90000000000333
177434267.0681,507.399999999998,453.90000000000333
177434269.0681,507.399999999998,453.90000000000333
177434271.0681,507.399999999998,453.90000000000333
177434273.0681,507.399999999998,453.90000000000333
177434275.0681,507.499999999998,453.90000000000333
177434277.0681,507.499999999998,453.90000000000333
177434279.0681,507.499999999998,453.90000000000333
177434281.0681,507.499999999998,453.90000000000333
177434283.0681,507.499999999998,453.90000000000333
177434285.0681,507.499999999998,453.90000000000333
177434287.0681,507.999999999998,453.90000000000333
177434289.0681,507.999999999998,453.90000000000333
177434291.0681,507.999999999998,453.90000000000333
177434293.0681,507.899999999998,453.90000000000333
177434295.0681,507.999999999998,453.90000000000333
177434297.0681,507.999999999998,453.90000000000333
177434299.0681,507.899999999998,453.90000000000333
177434301.0681,507.899999999998,453.90000000000333
177434303.0681,507.999999999998,453.90000000000333
177434305.0681,507.999999999998,453.90000000000333
177434307.0681,507.999999999998,453.90000000000333
177434309.0681,507.999999999998,453.90000000000333
177434311.0681,507.999999999998,453.90000000000333
177434313.0681,507.999999999998,453.90000000000333
177434315.0681,507.999999999998,453.90000000000333
177434317.0681,507.999999999998,453.90000000000333
177434319.0681,507.999999999998,453.90000000000333
177434321.0681,507.999999999998,453.90000000000333
177434323.0681,507.999999999998,453.90000000000333
177434325.0681,507.999999999998,453.90000000000333
177434327.0681,507.999999999998,453.90000000000333
177434329.0681,507.999999999998,453.90000000000333
177434331.0681,507.999999999998,453.90000000000333
177434333.0681,507.999999999998,453.90000000000333
177434335.0681,507.999999999998,453.90000000000333
177434337.0681,507.999999999998,453.90000000000333
177434339.0681,507.999999999998,453.90000000000333
177434341.0681,507.999999999998,453.90000000000333
177434343.0681,507.999999999998,453.90000000000333
177434345.0681,507.999999999998,454.00000000000335
177434347.0681,507.999999999998,454.00000000000335
177434349.0681,507.999999999998,454.00000000000335
177434351.0681,507.999999999998,453.90000000000333
177434353.0681,507.999999999998,453.8000000000033
177434355.0681,507.899999999998,453.8000000000033
177434357.0681,507.899999999998,453.8000000000033
177434359.0681,507.899999999998,453.8000000000033
177434361.0681,507.899999999998,453.8000000000033
177434363.0681,507.899999999998,453.8000000000033
177434365.0681,507.899999999998,453.8000000000033
177434367.0681,507.79999999999797,453.90000000000333
177434369.0681,507.79999999999797,453.90000000000333
177434371.0681,507.79999999999797,453.90000000000333
177434373.0681,507.79999999999797,453.90000000000333
177434375.0681,507.899999999998,453.90000000000333
177434377.0681,507.899999999998,453.90000000000333
177434379.0681,507.899999999998,453.90000000000333
177434381.0681,507.999999999998,453.90000000000333
177434383.0681,507.999999999998,453.90000000000333
177434385.0681,507.999999999998,453.90000000000333
177434387.0681,507.999999999998,453.90000000000333
177434389.0681,507.999999999998,453.90000000000333
177434391.0681,507.999999999998,453.90000000000333
177434393.0681,507.999999999998,453.90000000000333
177434395.0681,507.999999999998,453.90000000000333
177434397.0681,507.999999999998,453.90000000000333
177434399.0681,507.999999999998,453.90000000000333
177434401.0681,507.999999999998,453.90000000000333
177434403.0681,507.999999999998,454.00000000000335
177434405.0681,507.999999999998,454.00000000000335
177434407.0681,507.999999999998,454.00000000000335
177434409.0681,507.999999999998,454.00000000000335
177434411.0681,507.999999999998,454.00000000000335
177434413.0681,507.999999999998,454.00000000000335
177434415.0681,507.999999999998,454.00000000000335
177434417.0681,507.999999999998,454.00000000000335
177434419.0681,507.999999999998,454.00000000000335
177434421.0681,507.999999999998,454.00000000000335
177434423.0681,507.999999999998,456.70000000000334
177434425.0681,507.999999999998,454.00000000000335
177434427.0681,507.999999999998,454.00000000000335
177434429.0681,507.999999999998,454.00000000000335
177434431.0681,507.999999999998,454.00000000000335
177434433.0681,507.999999999998,454.00000000000335
177434435.0681,507.999999999998,454.00000000000335
177434437.0681,507.999999999998,454.00000000000335
177434439.0681,507.999999999998,454.00000000000335
177434441.0681,507.999999999998,454.00000000000335
177434443.0681,507.999999999998,454.00000000000335
177434445.0681,507.999999999998,454.1000000000034
177434447.0681,507.999999999998,454.00000000000335
177434449.0681,507.999999999998,454.00000000000335
177434451.0681,507.999999999998,454.1000000000034
177434453.0681,507.899999999998,454.1000000000034
177434455.0681,507.899999999998,454.1000000000034
177434457.0681,507.899999999998,454.1000000000034
177434459.0681,507.999999999998,454.1000000000034
177434461.0681,507.999999999998,454.2000000000034
177434463.0681,507.999999999998,454.3000000000034
177434465.0681,507.999999999998,454.3000000000034
177434467.0681,507.999999999998,454.3000000000034
177434469.0681,507.999999999998,454.3000000000034
177434471.0681,507.999999999998,454.3000000000034
177434473.0681,507.999999999998,454.3000000000034
177434475.0681,507.999999999998,454.3000000000034
177434477.0681,507.999999999998,454.3000000000034
177434479.0681,507.999999999998,454.3000000000034
177434481.0681,507.999999999998,454.3000000000034
177434483.0681,507.999999999998,454.3000000000034
177434485.0681,507.999999999998,454.3000000000034
177434487.0681,507.999999999998,454.3000000000034
177434489.0681,507.999999999998,454.3000000000034
177434491.0681,507.999999999998,454.3000000000034
177434493.0681,507.999999999998,454.3000000000034
177434495.0681,507.999999999998,454.3000000000034
177434497.0681,507.999999999998,454.3000000000034
177434499.0681,507.999999999998,454.3000000000034
177434501.0681,507.999999999998,454.3000000000034
177434503.0681,507.999999999998,454.3000000000034
177434505.0681,507.999999999998,454.3000000000034
177434507.0681,507.999999999998,454.3000000000034
177434509.0681,507.999999999998,454.3000000000034
177434511.0681,507.899999999998,454.3000000000034
177434513.0681,507.999999999998,454.40000000000344
177434515.0681,507.999999999998,454.40000000000344
177434517.0681,507.999999999998,454.40000000000344
177434519.0681,507.999999999998,454.40000000000344
177434521.0681,507.999999999998,454.40000000000344
177434523.0681,507.999999999998,454.40000000000344
177434525.0681,507.999999999998,454.40000000000344
177434527.0681,507.999999999998,454.40000000000344
177434529.0681,507.999999999998,454.40000000000344
177434531.0681,507.999999999998,454.40000000000344
177434533.0681,507.999999999998,454.50000000000347
177434535.0681,507.999999999998,454.50000000000347
177434537.0681,507.999999999998,454.50000000000347
177434539.0681,502.59999999999803,454.50000000000347
177434541.0681,502.59999999999803,454.50000000000347
177434543.0681,502.59999999999803,454.50000000000347
177434545.0681,502.59999999999803,454.50000000000347
177434547.0681,502.59999999999803,454.50000000000347
177434549.0681,502.59999999999803,454.50000000000347
177434551.0681,502.59999999999803,454.6000000000035
177434553.0681,502.59999999999803,454.50000000000347
177434555.0681,502.499999999998,454.50000000000347
177434557.0681,502.499999999998,454.50000000000347
177434559.0681,502.499999999998,454.50000000000347
177434561.0681,502.499999999998,454.50000000000347
177434563.0681,502.499999999998,454.50000000000347
177434565.0681,502.499999999998,454.50000000000347
177434567.0681,502.59999999999803,454.50000000000347
177434569.0681,502.59999999999803,454.40000000000344
177434571.0681,502.59999999999803,454.40000000000344
177434573.0681,502.59999999999803,454.40000000000344
177434575.0681,502.59999999999803,454.40000000000344
177434577.0681,502.59999999999803,454.50000000000347
177434579.0681,502.59999999999803,454.50000000000347
177434581.0681,502.59999999999803,454.6000000000035
177434583.0681,502.59999999999803,454.6000000000035
177434585.0681,502.59999999999803,454.6000000000035
177434587.0681,502.59999999999803,454.6000000000035
177434589.0681,502.59999999999803,454.6000000000035
177434591.0681,502.39999999999804,454.6000000000035
177434593.0681,502.39999999999804,454.6000000000035
177434595.0681,502.19999999999806,454.6000000000035
177434597.0681,502.19999999999806,454.6000000000035
177434599.0681,502.19999999999806,454.6000000000035
177434601.0681,502.19999999999806,454.7000000000035
177434603.0681,502.19999999999806,454.7000000000035
177434605.0681,502.59999999999803,454.7000000000035
177434607.0681,502.59999999999803,454.7000000000035
177434609.0681,502.59999999999803,454.7000000000035
177434611.0681,502.59999999999803,454.7000000000035
177434613.0681,502.59999999999803,454.7000000000035
177434615.0681,502.59999999999803,454.7000000000035
177434617.0681,502.59999999999803,454.7000000000035
177434619.0681,502.59999999999803,454.7000000000035
177434621.0681,502.59999999999803,454.7000000000035
177434623.0681,502.59999999999803,454.7000000000035
177434625.0681,502.59999999999803,454.7000000000035
177434627.0681,502.59999999999803,454.7000000000035
177434629.0681,502.59999999999803,454.7000000000035
177434631.0681,502.59999999999803,454.7000000000035
177434633.0681,502.59999999999803,454.7000000000035
177434635.0681,502.59999999999803,454.7000000000035
177434637.0681,502.59999999999803,454.7000000000035
177434639.0681,502.59999999999803,454.80000000000354
177434641.0681,502.59999999999803,454.7000000000035
177434643.0681,502.59999999999803,454.7000000000035
177434645.0681,502.59999999999803,454.80000000000354
177434647.0681,502.499999999998,454.60000000000355
177434649.0681,502.499999999998,454.60000000000355
177434651.0681,502.499999999998,454.70000000000357
177434653.0681,502.499999999998,454.60000000000355
177434655.0681,502.499999999998,454.60000000000355
177434657.0681,502.499999999998,454.60000000000355
177434659.0681,502.499999999998,454.70000000000357
177434661.0681,502.499999999998,454.70000000000357
177434663.0681,502.499999999998,454.60000000000355
177434665.0681,502.499999999998,454.70000000000357
177434667.0681,502.499999999998,454.70000000000357
177434669.0681,502.499999999998,454.70000000000357
177434671.0681,502.499999999998,454.70000000000357
177434673.0681,502.499999999998,454.70000000000357
177434675.0681,502.399999999998,454.70000000000357
177434677.0681,502.29999999999797,454.70000000000357
177434679.0681,502.29999999999797,454.70000000000357
177434681.0681,502.29999999999797,454.70000000000357
177434683.0681,502.29999999999797,454.70000000000357
177434685.0681,502.29999999999797,454.70000000000357
177434687.0681,502.29999999999797,454.70000000000357
177434689.0681,502.29999999999797,454.8000000000036
177434691.0681,502.29999999999797,454.8000000000036
177434693.0681,502.29999999999797,454.8000000000036
177434695.0681,502.29999999999797,454.8000000000036
177434697.0681,502.29999999999797,454.8000000000036
177434699.0681,502.29999999999797,454.8000000000036
177434701.0681,502.29999999999797,455.0000000000036
177434703.0681,502.29999999999797,454.90000000000356
177434705.0681,502.29999999999797,454.90000000000356
177434707.0681,502.19999999999794,454.90000000000356
177434709.0681,502.0999999999979,454.90000000000356
177434711.0681,502.19999999999794,454.90000000000356
177434713.0681,502.19999999999794,454.90000000000356
177434715.0681,502.19999999999794,454.90000000000356
177434717.0681,502.49999999999795,454.90000000000356
177434719.0681,502.49999999999795,454.90000000000356
177434721.0681,502.49999999999795,454.90000000000356
177434723.0681,502.49999999999795,454.90000000000356
177434725.0681,502.49999999999795,454.90000000000356
177434727.0681,502.49999999999795,454.90000000000356
177434729.0681,502.49999999999795,455.0000000000036
177434731.0681,502.49999999999795,455.0000000000036
177434733.0681,502.49999999999795,455.0000000000036
177434735.0681,502.49999999999795,455.0000000000036
177434737.0681,502.49999999999795,455.0000000000036
177434739.0681,502.39999999999793,455.0000000000036
177434741.0681,502.39999999999793,455.0000000000036
177434743.0681,502.39999999999793,455.0000000000036
177434745.0681,502.39999999999793,455.0000000000036
177434747.0681,502.39999999999793,455.1000000000036
177434749.0681,502.39999999999793,455.1000000000036
177434751.0681,502.2999999999979,455.1000000000036
177434753.0681,502.2999999999979,455.1000000000036
177434755.0681,502.2999999999979,455.1000000000036
177434757.0681,502.2999999999979,455.1000000000036
177434759.0681,502.2999999999979,455.1000000000036
177434761.0681,502.39999999999793,455.0000000000036
177434763.0681,502.49999999999795,455.0000000000036
177434765.0681,502.49999999999795,455.0000000000036
177434767.0681,502.49999999999795,455.0000000000036
177434769.0681,502.49999999999795,455.0000000000036
177434771.0681,497.69999999999794,455.0000000000036
177434773.0681,497.69999999999794,455.0000000000036
177434775.0681,497.69999999999794,455.0000000000036
177434777.0681,497.69999999999794,455.0000000000036
177434779.0681,497.69999999999794,455.1000000000036
177434781.0681,497.69999999999794,455.1000000000036
177434783.0681,497.69999999999794,455.1000000000036
177434785.0681,497.69999999999794,455.1000000000036
177434787.0681,502.49999999999795,455.1000000000036
177434789.0681,502.49999999999795,455.1000000000036
177434791.0681,502.49999999999795,455.1000000000036
177434793.0681,502.39999999999793,455.1000000000036
177434795.0681,502.39999999999793,455.1000000000036
177434797.0681,502.39999999999793,455.1000000000036
177434799.0681,502.2999999999979,455.2000000000036
177434801.0681,502.2999999999979,455.2000000000036
177434803.0681,502.2999999999979,455.2000000000036
177434805.0681,502.2999999999979,455.2000000000036
177434807.0681,502.2999999999979,455.1000000000036
177434809.0681,502.2999999999979,455.1000000000036
177434811.0681,502.2999999999979,455.2000000000036
177434813.0681,502.2999999999979,455.2000000000036
177434815.0681,502.2999999999979,455.2000000000036
177434817.0681,502.2999999999979,455.2000000000036
177434819.0681,502.1999999999979,455.2000000000036
177434821.0681,502.4999999999979,455.30000000000365
177434823.0681,502.4999999999979,455.2000000000036
177434825.0681,502.4999999999979,455.30000000000365
177434827.0681,502.4999999999979,455.30000000000365
177434829.0681,502.4999999999979,455.4000000000037
177434831.0681,502.4999999999979,455.5000000000037
177434833.0681,502.4999999999979,455.5000000000037
177434835.0681,502.4999999999979,455.6000000000037
177434837.0681,502.4999999999979,455.6000000000037
177434839.0681,502.4999999999979,455.6000000000037
177434841.0681,502.4999999999979,455.6000000000037
177434843.0681,502.4999999999979,455.6000000000037
177434845.0681,502.4999999999979,455.6000000000037
177434847.0681,502.4999999999979,455.6000000000037
177434849.0681,502.4999999999979,455.6000000000037
177434851.0681,502.3999999999979,455.70000000000374
177434853.0681,502.3999999999979,455.70000000000374
177434855.0681,502.3999999999979,455.80000000000376
177434857.0681,502.3999999999979,455.80000000000376
177434859.0681,502.4999999999979,455.80000000000376
177434861.0681,502.4999999999979,455.80000000000376
177434863.0681,502.4999999999979,455.80000000000376
177434865.0681,502.4999999999979,455.80000000000376
177434867.0681,502.4999999999979,455.80000000000376
177434869.0681,502.4999999999979,455.80000000000376
177434871.0681,502.4999999999979,455.80000000000376
177434873.0681,502.4999999999979,455.80000000000376
177434875.0681,502.4999999999979,455.80000000000376
177434877.0681,502.4999999999979,455.80000000000376
177434879.0681,502.4999999999979,455.80000000000376
177434881.0681,502.4999999999979,455.50000000000375
177434883.0681,502.4999999999979,455.50000000000375
177434885.0681,502.4999999999979,455.50000000000375
177434887.0681,502.4999999999979,455.50000000000375
177434889.0681,502.2999999999979,455.50000000000375
177434891.0681,502.1999999999979,455.50000000000375
177434893.0681,501.9999999999979,455.50000000000375
177434895.0681,501.8999999999979,455.50000000000375
177434897.0681,501.8999999999979,455.50000000000375
177434899.0681,501.8999999999979,455.50000000000375
177434901.0681,501.8999999999979,455.50000000000375
177434903.0681,501.8999999999979,455.50000000000375
177434905.0681,501.8999999999979,455.50000000000375
177434907.0681,501.8999999999979,457.80000000000376
177434909.0681,501.8999999999979,455.50000000000375
177434911.0681,501.8999999999979,455.50000000000375
177434913.0681,501.8999999999979,455.50000000000375
177434915.0681,501.8999999999979,455.50000000000375
177434917.0681,501.8999999999979,455.50000000000375
177434919.0681,501.8999999999979,455.50000000000375
177434921.0681,501.8999999999979,455.50000000000375
177434923.0681,501.79999999999785,455.6000000000038
177434925.0681,501.79999999999785,455.6000000000038
177434927.0681,501.79999999999785,455.6000000000038
177434929.0681,501.8999999999979,455.6000000000038
177434931.0681,502.4999999999979,455.6000000000038
177434933.0681,502.4999999999979,455.6000000000038
177434935.0681,502.4999999999979,455.6000000000038
177434937.0681,502.4999999999979,455.6000000000038
177434939.0681,502.3999999999979,455.4000000000038
177434941.0681,502.3999999999979,455.4000000000038
177434943.0681,502.3999999999979,455.4000000000038
177434945.0681,502.3999999999979,455.4000000000038
177434947.0681,502.3999999999979,455.4000000000038
177434949.0681,502.3999999999979,455.4000000000038
177434951.0681,502.3999999999979,455.4000000000038
177434953.0681,502.3999999999979,455.4000000000038
177434955.0681,502.3999999999979,455.4000000000038
177434957.0681,502.4999999999979,455.4000000000038
177434959.0681,502.4999999999979,455.4000000000038
177434961.0681,502.4999999999979,455.4000000000038
177434963.0681,502.4999999999979,455.4000000000038
177434965.0681,502.4999999999979,455.4000000000038
177434967.0681,502.4999999999979,455.4000000000038
177434969.0681,502.4999999999979,455.4000000000038
177434971.0681,502.4999999999979,455.5000000000038
177434973.0681,502.4999999999979,455.5000000000038
177434975.0681,502.4999999999979,455.5000000000038
177434977.0681,497.7999999999979,455.5000000000038
177434979.0681,497.7999999999979,455.5000000000038
177434981.0681,497.7999999999979,455.5000000000038
177434983.0681,497.7999999999979,455.5000000000038
177434985.0681,497.7999999999979,455.5000000000038
177434987.0681,502.4999999999979,455.5000000000038
177434989.0681,502.4999999999979,455.5000000000038
177434991.0681,502.3999999999979,455.5000000000038
177434993.0681,502.3999999999979,455.5000000000038
177434995.0681,502.4999999999979,455.5000000000038
177434997.0681,502.4999999999979,455.5000000000038
177434999.0681,502.4999999999979,455.5000000000038
177435001.0681,502.4999999999979,455.60000000000383
177435003.0681,502.4999999999979,455.60000000000383
177435005.0681,502.4999999999979,455.60000000000383
177435007.0681,502.4999999999979,455.60000000000383
177435009.0681,502.3999999999979,455.60000000000383
177435011.0681,502.3999999999979,455.60000000000383
177435013.0681,502.3999999999979,455.60000000000383
177435015.0681,502.3999999999979,455.60000000000383
177435017.0681,502.4999999999979,455.60000000000383
177435019.0681,502.4999999999979,455.60000000000383
177435021.0681,502.4999999999979,455.60000000000383
177435023.0681,502.4999999999979,455.60000000000383
177435025.0681,502.4999999999979,455.60000000000383
177435027.0681,502.4999999999979,455.60000000000383
177435029.0681,502.4999999999979,455.60000000000383
177435031.0681,502.4999999999979,455.60000000000383
177435033.0681,502.4999999999979,455.60000000000383
177435035.0681,502.4999999999979,455.60000000000383
177435037.0681,502.4999999999979,455.60000000000383
177435039.0681,502.4999999999979,455.60000000000383
177435041.0681,502.4999999999979,455.60000000000383
177435043.0681,502.4999999999979,455.60000000000383
177435045.0681,502.4999999999979,455.60000000000383
177435047.0681,502.4999999999979,455.60000000000383
177435049.0681,502.4999999999979,455.60000000000383
177435051.0681,502.4999999999979,455.60000000000383
177435053.0681,502.4999999999979,455.60000000000383
177435055.0681,502.4999999999979,455.60000000000383
177435057.0681,502.4999999999979,455.60000000000383
177435059.0681,502.4999999999979,455.60000000000383
177435061.0681,502.2999999999979,455.60000000000383
177435063.0681,502.2999999999979,455.60000000000383
177435065.0681,502.4999999999979,455.60000000000383
177435067.0681,502.4999999999979,455.70000000000385
177435069.0681,502.4999999999979,455.70000000000385
177435071.0681,502.4999999999979,455.70000000000385
177435073.0681,502.4999999999979,455.70000000000385
177435075.0681,502.4999999999979,455.70000000000385
177435077.0681,502.4999999999979,455.70000000000385
177435079.0681,502.4999999999979,455.70000000000385
177435081.0681,502.4999999999979,455.70000000000385
177435083.0681,502.4999999999979,455.70000000000385
177435085.0681,502.4999999999979,455.8000000000039
177435087.0681,502.3999999999979,455.8000000000039
177435089.0681,502.3999999999979,455.70000000000385
177435091.0681,502.3999999999979,455.70000000000385
177435093.0681,502.3999999999979,455.70000000000385
177435095.0681,502.4999999999979,455.70000000000385
177435097.0681,502.4999999999979,455.70000000000385
177435099.0681,502.4999999999979,455.70000000000385
177435101.0681,502.4999999999979,455.70000000000385
177435103.0681,502.4999999999979,455.70000000000385
177435105.0681,502.4999999999979,455.70000000000385
177435107.0681,502.3999999999979,455.70000000000385
177435109.0681,502.3999999999979,455.70000000000385
177435111.0681,502.4999999999979,455.70000000000385
177435113.0681,502.4999999999979,455.70000000000385
177435115.0681,502.4999999999979,455.70000000000385
177435117.0681,502.4999999999979,455.70000000000385
177435119.0681,502.4999999999979,455.70000000000385
177435121.0681,502.4999999999979,455.70000000000385
177435123.0681,502.3999999999979,455.70000000000385
177435125.0681,502.3999999999979,455.70000000000385
177435127.0681,502.3999999999979,455.70000000000385
177435129.0681,502.3999999999979,455.70000000000385
177435131.0681,502.3999999999979,455.70000000000385
177435133.0681,502.3999999999979,455.60000000000383
177435135.0681,502.3999999999979,455.60000000000383
177435137.0681,502.3999999999979,455.60000000000383
177435139.0681,502.4999999999979,455.60000000000383
177435141.0681,502.4999999999979,455.60000000000383
177435143.0681,502.4999999999979,457.90000000000384
177435145.0681,502.3999999999979,457.90000000000384
177435147.0681,502.3999999999979,455.60000000000383
177435149.0681,502.3999999999979,455.60000000000383
177435151.0681,502.4999999999979,455.60000000000383
177435153.0681,502.4999999999979,455.60000000000383
177435155.0681,502.4999999999979,455.60000000000383
177435157.0681,502.4999999999979,455.60000000000383
177435159.0681,502.4999999999979,455.60000000000383
177435161.0681,502.4999999999979,455.60000000000383
177435163.0681,502.4999999999979,455.60000000000383
177435165.0681,502.4999999999979,455.60000000000383
177435167.0681,502.4999999999979,455.60000000000383
177435169.0681,502.4999999999979,455.60000000000383
177435171.0681,502.4999999999979,455.60000000000383
177435173.0681,502.4999999999979,455.60000000000383
177435175.0681,502.4999999999979,455.70000000000385
177435177.0681,502.4999999999979,455.50000000000387
177435179.0681,502.4999999999979,455.50000000000387
177435181.0681,502.4999999999979,455.50000000000387
177435183.0681,502.4999999999979,455.50000000000387
177435185.0681,502.4999999999979,455.50000000000387
177435187.0681,502.4999999999979,455.6000000000039
177435189.0681,502.4999999999979,455.6000000000039
177435191.0681,502.4999999999979,455.50000000000387
177435193.0681,502.4999999999979,455.50000000000387
177435195.0681,502.4999999999979,455.6000000000039
177435197.0681,502.4999999999979,455.8000000000039
177435199.0681,502.4999999999979,455.9000000000039
177435201.0681,502.4999999999979,455.9000000000039
177435203.0681,502.4999999999979,456.0000000000039
177435205.0681,502.4999999999979,455.9000000000039
177435207.0681,502.4999999999979,455.9000000000039
177435209.0681,502.4999999999979,456.0000000000039
177435211.0681,502.4999999999979,456.0000000000039
177435213.0681,502.4999999999979,456.0000000000039
177435215.0681,502.4999999999979,456.10000000000394
177435217.0681,502.4999999999979,456.10000000000394
177435219.0681,502.4999999999979,456.10000000000394
177435221.0681,502.4999999999979,456.10000000000394
177435223.0681,502.4999999999979,456.10000000000394
177435225.0681,502.4999999999979,456.10000000000394
177435227.0681,502.4999999999979,456.20000000000397
177435229.0681,502.4999999999979,455.500000000004
177435231.0681,502.4999999999979,456.300000000004
177435233.0681,502.4999999999979,456.300000000004
177435235.0681,502.4999999999979,456.400000000004
177435237.0681,502.4999999999979,456.50000000000404
177435239.0681,502.4999999999979,456.60000000000406
177435241.0681,502.4999999999979,456.60000000000406
177435243.0681,502.3999999999979,456.60000000000406
177435245.0681,502.29999999999785,457.00000000000404
177435247.0681,502.29999999999785,457.10000000000406
177435249.0681,502.29999999999785,457.10000000000406
177435251.0681,497.79999999999785,457.30000000000405
177435253.0681,497.79999999999785,457.30000000000405
177435255.0681,497.79999999999785,457.30000000000405
177435257.0681,497.79999999999785,457.200000000004
177435259.0681,497.79999999999785,457.200000000004
177435261.0681,497.79999999999785,457.200000000004
177435263.0681,497.79999999999785,457.200000000004
177435265.0681,497.79999999999785,457.200000000004
177435267.0681,497.69999999999783,457.400000000004
177435269.0681,497.79999999999785,457.50000000000404
177435271.0681,497.79999999999785,457.50000000000404
177435273.0681,497.79999999999785,457.60000000000406
177435275.0681,497.79999999999785,457.2000000000041
177435277.0681,497.69999999999783,457.2000000000041
177435281.0681,497.79999999999785,457.5000000000041
177435291.0681,497.79999999999785,457.7000000000041
177435293.0681,497.79999999999785,457.60000000000406
177435295.0681,497.79999999999785,457.60000000000406
177435297.0681,497.79999999999785,457.60000000000406
177435299.0681,502.29999999999785,457.60000000000406
177435301.0681,502.29999999999785,457.60000000000406
177435303.0681,502.29999999999785,457.60000000000406
177435305.0681,502.29999999999785,457.7000000000041
177435307.0681,502.29999999999785,457.60000000000406
177435309.0681,502.29999999999785,457.60000000000406
177435311.0681,502.29999999999785,457.60000000000406
177435313.0681,502.19999999999783,457.60000000000406
177435315.0681,502.0999999999978,457.7000000000041
177435317.0681,502.19999999999783,457.8000000000041
177435319.0681,502.0999999999978,457.7000000000041
177435321.0681,502.0999999999978,457.7000000000041
177435323.0681,502.19999999999783,457.7000000000041
177435325.0681,502.0999999999978,457.7000000000041
177435327.0681,502.0999999999978,457.7000000000041
177435329.0681,502.2999999999978,457.7000000000041
177435331.0681,502.2999999999978,457.8000000000041
177435333.0681,502.3999999999978,457.8000000000041
177435335.0681,502.3999999999978,457.7000000000041
177435337.0681,502.2999999999978,457.7000000000041
177435339.0681,502.2999999999978,457.7000000000041
177435341.0681,502.3999999999978,457.7000000000041
177435343.0681,502.3999999999978,457.7000000000041
177435345.0681,502.3999999999978,457.7000000000041
177435347.0681,502.3999999999978,457.8000000000041
177435349.0681,502.3999999999978,457.8000000000041
177435351.0681,502.3999999999978,457.8000000000041
177435353.0681,502.3999999999978,457.8000000000041
177435355.0681,502.3999999999978,457.8000000000041
177435357.0681,502.3999999999978,457.8000000000041
177435359.0681,502.3999999999978,457.8000000000041
177435361.0681,502.3999999999978,457.8000000000041
177435363.0681,502.3999999999978,457.8000000000041
177435365.0681,502.3999999999978,457.8000000000041
177435367.0681,502.2999999999978,457.8000000000041
177435369.0681,502.3999999999978,457.9000000000041
177435371.0681,502.49999999999784,457.8000000000041
177435373.0681,502.49999999999784,457.8000000000041
177435375.0681,502.3999999999978,457.8000000000041
177435377.0681,502.3999999999978,457.8000000000041
177435379.0681,502.3999999999978,457.8000000000041
177435381.0681,502.2999999999978,457.8000000000041
177435383.0681,502.4999999999978,457.9000000000041
177435385.0681,502.4999999999978,457.8000000000041
177435387.0681,502.4999999999978,457.8000000000041
177435389.0681,502.4999999999978,457.8000000000041
177435391.0681,502.4999999999978,457.8000000000041
177435393.0681,502.4999999999978,457.9000000000041
177435395.0681,502.4999999999978,457.9000000000041
177435397.0681,502.4999999999978,457.9000000000041
177435399.0681,502.4999999999978,457.9000000000041
177435401.0681,502.4999999999978,457.9000000000041
177435403.0681,502.4999999999978,457.9000000000041
177435405.0681,502.4999999999978,457.9000000000041
177435407.0681,502.2999999999978,457.9000000000041
177435409.0681,502.2999999999978,457.9000000000041
177435411.0681,502.2999999999978,457.9000000000041
177435413.0681,502.2999999999978,457.9000000000041
177435415.0681,502.2999999999978,457.9000000000041
177435417.0681,502.3999999999978,458.00000000000415
177435419.0681,502.3999999999978,457.9000000000041
177435421.0681,502.3999999999978,458.00000000000415
177435423.0681,502.49999999999784,458.00000000000415
177435425.0681,502.49999999999784,458.00000000000415
177435427.0681,502.49999999999784,458.1000000000042
177435429.0681,502.49999999999784,458.1000000000042
177435431.0681,502.49999999999784,458.1000000000042
177435433.0681,502.49999999999784,458.1000000000042
177435435.0681,502.49999999999784,458.1000000000042
177435437.0681,502.49999999999784,458.1000000000042
177435439.0681,502.49999999999784,458.1000000000042
177435441.0681,502.49999999999784,458.1000000000042
177435443.0681,502.49999999999784,458.1000000000042
177435445.0681,502.3999999999978,458.1000000000042
177435447.0681,502.3999999999978,458.1000000000042
177435449.0681,502.3999999999978,458.1000000000042
177435451.0681,502.49999999999784,458.1000000000042
177435453.0681,502.49999999999784,458.1000000000042
177435455.0681,502.49999999999784,458.1000000000042
177435457.0681,502.49999999999784,458.1000000000042
177435459.0681,502.49999999999784,458.1000000000042
177435461.0681,502.49999999999784,458.1000000000042
177435463.0681,502.49999999999784,458.2000000000042
177435465.0681,502.49999999999784,458.2000000000042
177435467.0681,502.49999999999784,458.3000000000042
177435469.0681,502.49999999999784,458.3000000000042
177435471.0681,502.49999999999784,458.40000000000424
177435473.0681,502.3999999999978,458.40000000000424
177435475.0681,502.49999999999784,458.40000000000424
177435477.0681,502.49999999999784,458.50000000000426
177435479.0681,502.49999999999784,458.50000000000426
177435481.0681,502.49999999999784,458.6000000000043
177435483.0681,502.49999999999784,458.6000000000043
177435485.0681,502.49999999999784,458.6000000000043
177435487.0681,502.49999999999784,458.6000000000043
177435489.0681,502.49999999999784,458.6000000000043
177435491.0681,502.49999999999784,458.6000000000043
177435493.0681,502.49999999999784,458.6000000000043
177435495.0681,502.49999999999784,458.6000000000043
177435497.0681,502.49999999999784,458.6000000000043
177435499.0681,502.49999999999784,458.6000000000043
177435501.0681,502.49999999999784,458.6000000000043
177435503.0681,502.49999999999784,458.6000000000043
177435505.0681,502.49999999999784,458.6000000000043
177435507.0681,502.49999999999784,458.6000000000043
177435509.0681,498.09999999999786,458.6000000000043
177435511.0681,502.3999999999979,458.6000000000043
177435513.0681,502.4999999999979,458.6000000000043
177435515.0681,502.4999999999979,458.6000000000043
177435517.0681,502.4999999999979,458.6000000000043
177435519.0681,502.4999999999979,458.7000000000043
177435521.0681,502.4999999999979,458.7000000000043
177435523.0681,502.4999999999979,458.6000000000043
177435525.0681,502.4999999999979,458.6000000000043
177435527.0681,502.4999999999979,458.6000000000043
177435529.0681,502.4999999999979,458.6000000000043
177435531.0681,502.4999999999979,458.6000000000043
177435533.0681,502.4999999999979,458.6000000000043
177435535.0681,502.4999999999979,458.6000000000043
177435537.0681,502.4999999999979,458.6000000000043
177435539.0681,502.4999999999979,458.6000000000043
177435541.0681,502.4999999999979,458.1000000000043
177435543.0681,502.4999999999979,458.1000000000043
177435545.0681,502.4999999999979,458.1000000000043
177435547.0681,502.4999999999979,458.1000000000043
177435549.0681,502.4999999999979,458.1000000000043
177435551.0681,502.3999999999979,458.1000000000043
177435553.0681,502.4999999999979,458.1000000000043
177435555.0681,502.4999999999979,458.1000000000043
177435557.0681,502.4999999999979,458.1000000000043
177435559.0681,502.4999999999979,458.1000000000043
177435561.0681,502.4999999999979,458.1000000000043
177435563.0681,502.4999999999979,458.1000000000043
177435565.0681,502.4999999999979,458.1000000000043
177435567.0681,502.4999999999979,458.1000000000043
177435569.0681,502.4999999999979,458.1000000000043
177435571.0681,502.4999999999979,458.1000000000043
177435573.0681,502.4999999999979,458.1000000000043
177435575.0681,502.3999999999979,458.1000000000043
177435577.0681,502.3999999999979,458.1000000000043
177435579.0681,502.4999999999979,458.2000000000043
177435581.0681,502.4999999999979,458.2000000000043
177435583.0681,502.4999999999979,458.2000000000043
177435585.0681,502.4999999999979,458.2000000000043
177435587.0681,502.4999999999979,458.2000000000043
177435589.0681,502.4999999999979,458.2000000000043
177435591.0681,502.4999999999979,458.30000000000433
177435593.0681,502.4999999999979,458.2000000000043
177435595.0681,502.4999999999979,458.2000000000043
177435597.0681,502.4999999999979,458.30000000000433
177435599.0681,502.4999999999979,458.30000000000433
177435601.0681,502.4999999999979,458.30000000000433
177435603.0681,502.4999999999979,458.30000000000433
177435605.0681,502.4999999999979,458.30000000000433
177435607.0681,502.3999999999979,458.30000000000433
177435609.0681,502.3999999999979,458.30000000000433
177435611.0681,502.29999999999785,458.40000000000435
177435613.0681,502.29999999999785,458.40000000000435
177435615.0681,502.29999999999785,458.5000000000044
177435617.0681,500.99999999999784,458.5000000000044
177435619.0681,500.99999999999784,458.5000000000044
177435621.0681,500.99999999999784,458.1000000000044
177435623.0681,500.99999999999784,458.6000000000044
177435625.0681,500.99999999999784,458.6000000000044
177435627.0681,500.99999999999784,458.6000000000044
177435629.0681,500.99999999999784,458.6000000000044
177435631.0681,500.99999999999784,458.7000000000044
177435633.0681,500.99999999999784,458.7000000000044
177435635.0681,500.99999999999784,458.7000000000044
177435637.0681,500.99999999999784,458.80000000000445
177435639.0681,500.99999999999784,458.90000000000447
177435641.0681,500.99999999999784,458.80000000000445
177435643.0681,500.99999999999784,458.90000000000447
177435645.0681,500.99999999999784,459.0000000000045
177435647.0681,500.99999999999784,459.1000000000045
177435649.0681,500.99999999999784,459.1000000000045
177435651.0681,500.99999999999784,459.20000000000454
177435653.0681,500.99999999999784,459.20000000000454
177435655.0681,500.99999999999784,459.30000000000456
177435657.0681,500.99999999999784,459.30000000000456
177435659.0681,500.99999999999784,459.4000000000046
177435661.0681,500.99999999999784,459.5000000000046
177435663.0681,500.99999999999784,459.5000000000046
177435665.0681,500.99999999999784,459.5000000000046
177435667.0681,500.99999999999784,459.4000000000046
177435669.0681,500.99999999999784,459.4000000000046
177435671.0681,500.99999999999784,459.5000000000046
177435673.0681,500.99999999999784,459.5000000000046
177435675.0681,500.99999999999784,459.5000000000046
177435677.0681,500.99999999999784,459.5000000000046
177435679.0681,500.99999999999784,459.6000000000046
177435681.0681,500.99999999999784,459.70000000000465
177435683.0681,500.99999999999784,459.70000000000465
177435685.0681,500.99999999999784,459.8000000000047
177435687.0681,500.99999999999784,459.8000000000047
177435689.0681,500.99999999999784,459.8000000000047
177435691.0681,502.29999999999785,459.8000000000047
177435693.0681,502.49999999999784,459.9000000000047
177435695.0681,502.49999999999784,460.0000000000047
177435697.0681,502.49999999999784,460.0000000000047
177435699.0681,502.49999999999784,460.0000000000047
177435701.0681,502.49999999999784,460.10000000000474
177435703.0681,502.49999999999784,460.30000000000473
177435705.0681,502.49999999999784,460.30000000000473
177435707.0681,502.49999999999784,460.30000000000473
177435709.0681,502.49999999999784,460.30000000000473
177435711.0681,502.49999999999784,460.30000000000473
177435713.0681,502.49999999999784,460.30000000000473
177435715.0681,502.49999999999784,460.30000000000473
177435717.0681,502.49999999999784,460.40000000000475
177435719.0681,502.49999999999784,460.5000000000048
177435721.0681,502.49999999999784,460.5000000000048
177435723.0681,502.49999999999784,460.5000000000048
177435725.0681,502.49999999999784,460.6000000000048
177435727.0681,502.49999999999784,460.5000000000048
177435729.0681,502.49999999999784,460.5000000000048
177435731.0681,502.49999999999784,460.6000000000048
177435733.0681,502.49999999999784,460.5000000000048
177435735.0681,502.49999999999784,460.5000000000048
177435737.0681,502.49999999999784,460.5000000000048
177435739.0681,502.49999999999784,460.5000000000048
177435741.0681,502.49999999999784,460.6000000000048
177435743.0681,502.49999999999784,460.4000000000048
177435745.0681,502.49999999999784,460.4000000000048
177435747.0681,502.49999999999784,460.4000000000048
177435749.0681,502.49999999999784,460.4000000000048
177435751.0681,502.49999999999784,460.50000000000483
177435753.0681,502.49999999999784,460.50000000000483
177435755.0681,502.49999999999784,460.50000000000483
177435757.0681,502.49999999999784,460.50000000000483
177435759.0681,502.49999999999784,460.50000000000483
177435761.0681,502.49999999999784,460.50000000000483
177435763.0681,502.49999999999784,460.50000000000483
177435765.0681,502.49999999999784,460.50000000000483
177435767.0681,502.49999999999784,460.50000000000483
177435769.0681,502.3999999999978,460.50000000000483
177435771.0681,502.49999999999784,460.50000000000483
177435773.0681,502.49999999999784,460.50000000000483
177435775.0681,502.49999999999784,460.50000000000483
177435777.0681,502.49999999999784,460.50000000000483
177435779.1681,502.49999999999784,460.50000000000483
177435781.0681,502.49999999999784,460.50000000000483
177435783.0681,502.49999999999784,460.50000000000483
177435785.0681,502.49999999999784,460.50000000000483
177435787.0681,502.49999999999784,460.50000000000483
177435789.0681,502.49999999999784,460.50000000000483
177435791.0681,502.49999999999784,460.50000000000483
177435793.0681,502.49999999999784,460.50000000000483
177435795.0681,502.3999999999978,460.50000000000483
177435797.0681,502.3999999999978,460.50000000000483
177435799.0681,502.49999999999784,460.50000000000483
177435801.0681,502.49999999999784,460.60000000000485
177435803.0681,502.49999999999784,460.60000000000485
177435805.0681,502.49999999999784,460.60000000000485
177435807.0681,502.3999999999978,460.7000000000049
177435809.0681,502.3999999999978,460.7000000000049
177435811.0681,502.3999999999978,460.7000000000049
177435813.0681,502.49999999999784,460.7000000000049
177435815.0681,502.49999999999784,460.7000000000049
177435817.0681,502.49999999999784,460.8000000000049
177435819.0681,502.49999999999784,460.8000000000049
177435821.0681,502.3999999999978,460.8000000000049
177435823.0681,502.3999999999978,460.8000000000049
177435825.0681,502.3999999999978,460.8000000000049
177435827.0681,502.3999999999978,460.8000000000049
177435829.0681,502.2999999999978,460.8000000000049
177435831.0681,502.2999999999978,460.8000000000049
177435833.0681,502.2999999999978,460.8000000000049
177435835.0681,502.2999999999978,460.8000000000049
177435837.0681,502.2999999999978,460.8000000000049
177435839.0681,502.2999999999978,460.8000000000049
177435841.0681,502.3999999999978,460.8000000000049
177435843.0681,502.49999999999784,460.8000000000049
177435845.0681,502.49999999999784,460.8000000000049
177435847.0681,502.49999999999784,460.8000000000049
177435849.0681,502.49999999999784,460.8000000000049
177435851.0681,502.49999999999784,460.8000000000049
177435853.0681,502.49999999999784,460.8000000000049
177435855.0681,507.99999999999784,460.8000000000049
177435857.0681,507.99999999999784,460.8000000000049
177435859.0681,507.99999999999784,460.8000000000049
177435861.0681,507.99999999999784,460.8000000000049
177435863.0681,507.99999999999784,460.8000000000049
177435865.0681,507.99999999999784,460.8000000000049
177435867.0681,507.99999999999784,460.8000000000049
177435869.0681,507.99999999999784,460.6000000000049
177435871.0681,507.99999999999784,460.70000000000493
177435873.0681,507.99999999999784,460.70000000000493
177435875.0681,507.99999999999784,460.70000000000493
177435877.0681,507.99999999999784,460.70000000000493
177435879.0681,507.99999999999784,460.70000000000493
177435881.0681,507.99999999999784,460.70000000000493
177435883.0681,507.8999999999978,460.70000000000493
177435885.0681,507.8999999999978,460.80000000000496
177435887.0681,507.8999999999978,460.900000000005
177435889.0681,507.8999999999978,460.80000000000496
177435891.0681,507.8999999999978,460.80000000000496
177435893.0681,507.7999999999978,460.900000000005
177435895.0681,507.7999999999978,460.900000000005
177435897.0681,507.7999999999978,460.900000000005
177435899.0681,507.9999999999978,460.900000000005
177435901.0681,507.9999999999978,460.900000000005
177435903.0681,507.89999999999776,460.900000000005
177435905.0681,507.89999999999776,460.900000000005
177435907.0681,507.89999999999776,460.900000000005
177435909.0681,507.89999999999776,461.000000000005
177435911.0681,507.9999999999978,461.000000000005
177435913.0681,507.9999999999978,461.000000000005
177435915.0681,507.9999999999978,461.000000000005
177435917.0681,507.9999999999978,461.000000000005
177435919.0681,507.9999999999978,461.100000000005
177435921.0681,507.89999999999776,461.100000000005
177435923.0681,507.89999999999776,461.20000000000505
177435925.0681,507.9999999999978,461.20000000000505
177435927.0681,507.9999999999978,461.20000000000505
177435929.0681,507.9999999999978,461.20000000000505
177435931.0681,507.9999999999978,461.20000000000505
177435933.0681,507.9999999999978,461.20000000000505
177435935.0681,507.89999999999776,461.20000000000505
177435937.0681,507.9999999999978,461.20000000000505
177435939.0681,507.9999999999978,461.20000000000505
177435941.0681,507.9999999999978,461.20000000000505
177435943.0681,507.9999999999978,460.90000000000504
177435945.0681,507.9999999999978,461.300000000005
177435947.0681,507.9999999999978,461.300000000005
177435949.0681,507.9999999999978,461.40000000000504
177435951.0681,507.9999999999978,461.40000000000504
177435953.0681,507.9999999999978,461.40000000000504
177435955.0681,507.9999999999978,461.40000000000504
177435957.0681,507.9999999999978,461.40000000000504
177435959.0681,507.9999999999978,461.40000000000504
177435961.0681,507.9999999999978,461.40000000000504
177435963.0681,507.9999999999978,461.40000000000504
177435965.0681,507.89999999999776,461.40000000000504
