Timestamp,Buy_Price,Sell_Price
177427289.1672,1814.0,1501.4
177427291.1672,1814.0,1501.4
177427293.1672,1814.0,1501.4
177427295.1672,1814.1,1500.1000000000001
177427297.1672,1814.1,1500.1000000000001
177427299.1672,1814.1,1278.0000000000002
177427301.1672,1814.1,1278.0000000000002
177427303.1672,1814.1999999999998,1278.0000000000002
177427305.1672,1813.9999999999998,1278.0000000000002
177427307.1672,1760.3999999999999,1278.0000000000002
177427309.1672,1760.3999999999999,1278.0000000000002
177427311.1672,1760.3999999999999,1278.0000000000002
177427313.1672,1760.3999999999999,1278.0000000000002
177427315.1672,1760.3999999999999,1278.0000000000002
177427317.1672,1760.3999999999999,1278.0000000000002
177427319.1672,1760.3999999999999,1278.0000000000002
177427321.1672,1760.3999999999999,1278.0000000000002
177427323.1672,1760.3999999999999,1278.0000000000002
177427325.1672,1760.3999999999999,1278.0000000000002
177427327.1672,1760.3999999999999,1278.0000000000002
177427329.1672,1760.3999999999999,1278.1000000000001
177427331.1672,1760.3999999999999,1278.1000000000001
177427333.1672,1760.3,1278.1000000000001
177427335.1672,1760.3,1278.1000000000001
177427337.1672,1760.3999999999999,1278.1000000000001
177427339.1672,1760.3,1278.1000000000001
177427341.1672,1760.2,1278.1000000000001
177427343.1672,1760.0,1278.1000000000001
177427345.1672,1759.8,1278.1000000000001
177427347.1672,1759.7,1278.1000000000001
177427349.1672,1759.7,1278.1000000000001
177427351.1672,1759.7,1278.1000000000001
177427353.1672,1759.5,1278.1000000000001
177427355.1672,1759.5,1278.1000000000001
177427357.1672,1759.4,1278.2
177427359.1672,1759.4,1278.2
177427361.1672,1759.4,1278.2
177427363.1672,1759.5,1278.2
177427365.1672,1759.4,1278.3
177427367.1672,1759.4,1278.3
177427369.1672,1759.3000000000002,1278.3
177427371.1672,1759.7000000000003,1278.3
177427373.1672,1759.6000000000004,1278.3
177427375.1672,1759.6000000000004,1278.3
177427377.1672,1760.0000000000005,1278.3
177427379.1672,1760.0000000000005,1278.3
177427381.1672,1759.9000000000005,1278.3
177427383.1672,1759.9000000000005,1278.3
177427385.1672,1759.9000000000005,1278.3
177427387.1672,1759.8000000000006,1278.3
177427389.1672,1759.8000000000006,1278.3
177427391.1672,1759.8000000000006,1278.3
177427393.1672,1759.8000000000006,1278.3
177427395.1672,1759.7000000000007,1278.3
177427397.1672,1759.6000000000008,1278.3
177427399.1672,1759.6000000000008,1278.3
177427401.1672,1759.6000000000008,1278.3
177427403.1672,1759.500000000001,1278.3
177427405.1672,1759.500000000001,1278.3
177427407.1672,1759.400000000001,1278.3
177427409.1672,1759.200000000001,1278.3
177427411.1672,1759.200000000001,1278.3
177427413.1672,1759.3000000000009,1278.3
177427415.1672,1759.1000000000008,1278.3
177427417.1672,1759.1000000000008,1278.3
177427419.1672,1758.9000000000008,1278.3
177427421.1672,1758.9000000000008,1278.3
177427423.1672,1758.8000000000009,1278.3
177427425.1672,1758.500000000001,1278.3
177427427.1672,1758.500000000001,1278.3999999999999
177427429.1672,1758.500000000001,1278.3999999999999
177427431.1672,1758.500000000001,1278.3999999999999
177427433.1672,1758.3000000000009,1278.3999999999999
177427435.1672,1758.3000000000009,1278.3999999999999
177427437.1672,1758.200000000001,1277.9999999999998
177427439.1672,1758.200000000001,1277.9999999999998
177427441.1672,1758.100000000001,1277.9999999999998
177427443.1672,1758.200000000001,1277.9999999999998
177427445.1672,1758.100000000001,1277.9999999999998
177427447.1672,1758.0000000000011,1277.9999999999998
177427449.1672,1758.0000000000011,1277.9999999999998
177427451.1672,1757.800000000001,1277.9999999999998
177427453.1672,1757.800000000001,1277.9999999999998
177427455.1672,1757.800000000001,1277.9999999999998
177427457.1672,1757.7000000000012,1277.9999999999998
177427459.1672,1757.7000000000012,1277.9999999999998
177427461.1672,1757.7000000000012,1277.9999999999998
177427463.1672,1757.7000000000012,1277.9999999999998
177427465.1672,1757.7000000000012,1277.9999999999998
177427467.1672,1757.6000000000013,1277.9999999999998
177427469.1672,1757.6000000000013,1277.9999999999998
177427471.1672,1757.7000000000012,1277.9999999999998
177427473.1672,1757.800000000001,1277.9999999999998
177427475.1672,1757.800000000001,1277.9999999999998
177427477.1672,1757.800000000001,1277.9999999999998
177427479.1672,1757.900000000001,1277.9999999999998
177427481.1672,1757.700000000001,1277.9999999999998
177427483.1672,1757.700000000001,1277.9999999999998
177427485.1672,1757.700000000001,1277.9999999999998
177427487.1672,1757.700000000001,1278.0999999999997
177427489.1672,1757.600000000001,1278.0999999999997
177427491.1672,1757.600000000001,1278.0999999999997
177427493.1672,1757.600000000001,1278.1999999999996
177427495.1672,1757.600000000001,1278.1999999999996
177427497.1672,1757.600000000001,1278.1999999999996
177427499.1672,1757.600000000001,1278.1999999999996
177427501.1672,1757.600000000001,1278.0999999999997
177427503.1672,1757.5000000000011,1278.0999999999997
177427505.1672,1757.5000000000011,1278.0999999999997
177427507.1672,1757.5000000000011,1278.0999999999997
177427509.1672,1757.5000000000011,1278.0999999999997
177427511.1672,1757.4000000000012,1278.0999999999997
177427513.1672,1757.3000000000013,1278.0999999999997
177427515.1672,1757.2000000000014,1278.0999999999997
177427517.1672,1757.2000000000014,1278.0999999999997
177427519.1672,1757.0000000000014,1278.0999999999997
177427521.1672,1757.0000000000014,1278.0999999999997
177427523.1672,1756.9000000000015,1278.0999999999997
177427525.1672,1756.9000000000015,1278.0999999999997
177427527.1672,1756.9000000000015,1278.0999999999997
177427529.1672,1756.9000000000015,1278.0999999999997
177427531.1672,1756.9000000000015,1278.0999999999997
177427533.1672,1756.9000000000015,1278.0999999999997
177427535.1672,1757.0000000000014,1278.0999999999997
177427537.1672,1757.0000000000014,1278.1999999999996
177427539.1672,1757.0000000000014,1278.1999999999996
177427541.1672,1756.9000000000015,1278.2999999999995
177427543.1672,1756.8000000000015,1278.2999999999995
177427545.1672,1756.7000000000016,1278.2999999999995
177427547.1672,1756.5000000000016,1278.2999999999995
177427549.1672,1756.4000000000017,1278.2999999999995
177427551.1672,1756.4000000000017,1278.2999999999995
177427553.1672,1756.4000000000017,1278.2999999999995
177427555.1672,1756.4000000000017,1278.2999999999995
177427557.1672,1749.9000000000017,1278.3999999999994
177427559.1672,1749.9000000000017,1278.3999999999994
177427561.1672,1749.9000000000017,1278.3999999999994
177427563.1672,1749.9000000000017,1278.3999999999994
177427565.1672,1749.9000000000017,1278.3999999999994
177427567.1672,1749.8000000000018,1278.4999999999993
177427569.1672,1749.7000000000019,1278.4999999999993
177427571.1672,1749.600000000002,1278.4999999999993
177427573.1672,1749.400000000002,1278.4999999999993
177427575.1672,1749.2000000000019,1278.4999999999993
177427577.1672,1749.100000000002,1278.4999999999993
177427579.1672,1749.100000000002,1278.4999999999993
177427581.1672,1749.000000000002,1277.9999999999993
177427583.1672,1748.9000000000021,1277.9999999999993
177427585.1672,1748.9000000000021,1277.9999999999993
177427587.1672,1748.700000000002,1278.0999999999992
177427589.1672,1748.6000000000022,1277.9999999999993
177427591.1672,1700.0000000000023,1277.9999999999993
177427593.1672,1700.0000000000023,1277.9999999999993
177427595.1672,1700.0000000000023,1277.9999999999993
177427597.1672,1700.0000000000023,1278.0999999999992
177427599.1672,1700.0000000000023,1278.0999999999992
177427601.1672,1700.0000000000023,1278.0999999999992
177427603.1672,1700.0000000000023,1278.0999999999992
177427605.1672,1700.0000000000023,1278.0999999999992
177427607.1672,1700.0000000000023,1278.0999999999992
177427609.1672,1699.9000000000024,1278.0999999999992
177427611.1672,1699.9000000000024,1278.0999999999992
177427613.1672,1699.8000000000025,1277.9999999999993
177427615.1672,1699.7000000000025,1277.9999999999993
177427617.1672,1699.7000000000025,1277.9999999999993
177427619.1672,1699.6000000000026,1277.9999999999993
177427621.1672,1278.1000000000026,1277.9999999999993
177427623.1672,1278.1000000000026,1277.9999999999993
177427625.1672,1278.1000000000026,1277.9999999999993
177427627.1672,1699.7000000000025,1277.9999999999993
177427629.1672,1699.7000000000025,1277.9999999999993
177427631.1672,1699.7000000000025,1277.9999999999993
177427633.1672,1699.7000000000025,1277.9999999999993
177427635.1672,1699.7000000000025,1277.9999999999993
177427637.1672,1699.7000000000025,1277.9999999999993
177427639.1672,1699.9000000000026,1277.9999999999993
177427641.1672,1699.0000000000025,1277.9999999999993
177427643.1672,1698.9000000000026,1277.9999999999993
177427645.1672,1698.9000000000026,1277.9999999999993
177427647.1672,1698.9000000000026,1277.9999999999993
177427649.1672,1698.9000000000026,1278.9999999999993
177427651.1672,1698.8000000000027,1279.0999999999992
177427653.1672,1698.8000000000027,1279.0999999999992
177427655.1672,1698.8000000000027,1279.0999999999992
177427657.1672,1698.6000000000026,1279.0999999999992
177427659.1672,1698.6000000000026,1279.1999999999991
177427661.1672,1698.6000000000026,1279.0999999999992
177427663.1672,1698.5000000000027,1279.0999999999992
177427665.1672,1698.5000000000027,1279.0999999999992
177427667.1672,1698.5000000000027,1279.0999999999992
177427669.1672,1698.3000000000027,1279.0999999999992
177427671.1672,1698.3000000000027,1279.0999999999992
177427673.1672,1698.5000000000027,1278.9999999999993
177427675.1672,1698.6000000000026,1278.9999999999993
177427677.1672,1698.7000000000025,1279.0999999999992
177427679.1672,1698.6000000000026,1279.0999999999992
177427681.1672,1698.7000000000025,1279.0999999999992
177427683.1672,1698.5000000000025,1279.0999999999992
177427685.1672,1698.5000000000025,1279.1999999999991
177427687.1672,1698.5000000000025,1279.1999999999991
177427689.1672,1698.3000000000025,1279.0999999999992
177427691.1672,1698.1000000000024,1279.0999999999992
177427693.1672,1698.1000000000024,1279.0999999999992
177427695.1672,1698.1000000000024,1279.0999999999992
177427697.1672,1698.0000000000025,1279.0999999999992
177427699.1672,1698.0000000000025,1279.0999999999992
177427701.1672,1698.0000000000025,1279.0999999999992
177427703.1672,1698.0000000000025,1279.0999999999992
177427705.1672,1697.9000000000026,1279.0999999999992
177427707.1672,1697.9000000000026,1299.9999999999993
177427709.1672,1697.9000000000026,1299.9999999999993
177427711.1672,1697.9000000000026,1299.9999999999993
177427713.1672,1697.9000000000026,1299.9999999999993
177427715.1672,1697.8000000000027,1299.9999999999993
177427717.1672,1697.7000000000028,1279.0999999999992
177427719.1672,1697.7000000000028,1279.0999999999992
177427721.1672,1697.6000000000029,1279.0999999999992
177427723.1672,1697.6000000000029,1279.0999999999992
177427725.1672,1697.500000000003,1279.0999999999992
177427727.1672,1697.400000000003,1279.0999999999992
177427729.1672,1697.400000000003,1279.0999999999992
177427731.1672,1697.3000000000031,1279.0999999999992
177427733.1672,1697.3000000000031,1279.0999999999992
177427735.1672,1697.2000000000032,1279.0999999999992
177427737.1672,1697.2000000000032,1279.0999999999992
177427739.1672,1697.1000000000033,1279.0999999999992
177427741.1672,1697.0000000000034,1279.1999999999991
177427743.1672,1697.0000000000034,1279.1999999999991
177427745.1672,1697.2000000000035,1279.1999999999991
177427747.1672,1697.1000000000035,1279.1999999999991
177427749.1672,1697.8000000000036,1279.1999999999991
177427751.1672,1697.7000000000037,1279.1999999999991
177427753.1672,1697.7000000000037,1279.1999999999991
177427755.1672,1697.8000000000036,1279.1999999999991
177427757.1672,1698.2000000000037,1279.1999999999991
177427759.1672,1698.2000000000037,1279.1999999999991
177427761.1672,1698.4000000000037,1279.1999999999991
177427763.1672,1698.3000000000038,1279.1999999999991
177427765.1672,1698.5000000000039,1279.1999999999991
177427767.1672,1698.5000000000039,1279.299999999999
177427769.1672,1698.700000000004,1279.299999999999
177427771.1672,1698.8000000000038,1279.399999999999
177427773.1672,1698.8000000000038,1279.399999999999
177427775.1672,1698.700000000004,1279.399999999999
177427777.1672,1698.700000000004,1279.399999999999
177427779.1672,1698.700000000004,1279.399999999999
177427781.1672,1698.700000000004,1279.399999999999
177427783.1672,1698.700000000004,1279.399999999999
177427785.1672,1698.700000000004,1279.399999999999
177427787.1672,1698.8000000000038,1279.9999999999989
177427789.1672,1698.8000000000038,1279.9999999999989
177427791.1672,1698.8000000000038,1279.9999999999989
177427793.1672,1698.8000000000038,1279.9999999999989
177427795.1672,1698.8000000000038,1279.399999999999
177427797.1672,1698.8000000000038,1279.399999999999
177427799.1672,1698.8000000000038,1279.399999999999
177427801.1672,1698.0000000000039,1279.399999999999
177427805.1672,1698.0000000000039,1279.399999999999
177427807.1672,1698.0000000000039,1279.399999999999
177427809.1672,1698.0000000000039,1279.299999999999
177427811.1672,1698.0000000000039,1279.299999999999
177427813.1672,1698.0000000000039,1279.299999999999
177427815.1672,1698.0000000000039,1279.299999999999
177427817.1672,1698.0000000000039,1279.299999999999
177427819.1672,1698.0000000000039,1279.299999999999
177427821.1672,1698.0000000000039,1279.299999999999
177427823.1672,1698.0000000000039,1279.299999999999
177427825.1672,1698.0000000000039,1279.299999999999
177427827.1672,1698.0000000000039,1279.299999999999
177427829.1672,1698.0000000000039,1279.299999999999
177427831.1672,1698.700000000004,1279.299999999999
177427833.1672,1698.8000000000038,1279.299999999999
177427835.1672,1698.700000000004,1279.299999999999
177427837.1672,1698.8000000000038,1279.299999999999
177427839.1672,1698.8000000000038,1279.299999999999
177427841.1672,1698.8000000000038,1279.299999999999
177427843.1672,1698.8000000000038,1279.399999999999
177427845.1672,1698.8000000000038,1279.399999999999
177427847.1672,1698.700000000004,1279.299999999999
177427849.1672,1698.600000000004,1279.299999999999
177427851.1672,1698.700000000004,1279.299999999999
177427853.1672,1698.8000000000038,1279.299999999999
177427855.1672,1698.9000000000037,1279.299999999999
177427857.1672,1698.9000000000037,1279.299999999999
177427859.1672,1698.9000000000037,1279.299999999999
177427861.1672,1698.9000000000037,1279.999999999999
177427863.1672,1698.9000000000037,1280.099999999999
177427865.1672,1698.9000000000037,1280.099999999999
177427867.1672,1698.9000000000037,1280.099999999999
177427869.1672,1698.9000000000037,1280.099999999999
177427871.1672,1698.9000000000037,1280.099999999999
177427873.1672,1698.9000000000037,1279.999999999999
177427875.1672,1698.9000000000037,1279.999999999999
177427877.1672,1698.9000000000037,1279.999999999999
177427879.1672,1698.9000000000037,1279.999999999999
177427881.1672,1698.9000000000037,1279.999999999999
177427883.1672,1698.8000000000038,1279.999999999999
177427885.1672,1698.8000000000038,1279.999999999999
177427887.1672,1698.8000000000038,1279.299999999999
177427889.1672,1698.8000000000038,1279.299999999999
177427891.1672,1698.8000000000038,1279.299999999999
177427893.1672,1697.0000000000039,1279.299999999999
177427895.1672,1697.0000000000039,1279.299999999999
177427897.1672,1697.0000000000039,1279.299999999999
177427899.1672,1697.0000000000039,1279.299999999999
177427901.1672,1697.0000000000039,1279.299999999999
177427903.1672,1697.0000000000039,1279.399999999999
177427905.1672,1697.0000000000039,1279.4999999999989
177427907.1672,1697.0000000000039,1279.4999999999989
177427909.1672,1697.0000000000039,1300.399999999999
177427911.1672,1696.900000000004,1320.199999999999
177427913.1672,1696.900000000004,1320.2999999999988
177427915.1672,1696.600000000004,1320.2999999999988
177427917.1672,1696.800000000004,1320.2999999999988
177427919.1672,1696.900000000004,1320.2999999999988
177427921.1672,1696.800000000004,1320.2999999999988
177427923.1672,1696.800000000004,1320.2999999999988
177427925.1672,1696.800000000004,1320.2999999999988
177427927.1672,1696.000000000004,1320.2999999999988
177427929.1672,1696.000000000004,1320.3999999999987
177427931.1672,1695.9000000000042,1320.3999999999987
177427933.1672,1695.9000000000042,1320.4999999999986
177427935.1672,1695.000000000004,1320.4999999999986
177427937.1672,1696.000000000004,1320.4999999999986
177427939.1672,1695.9000000000042,1320.4999999999986
177427941.1672,1695.9000000000042,1320.4999999999986
177427943.1672,1695.9000000000042,1320.5999999999985
177427945.1672,1695.8000000000043,1320.5999999999985
177427947.1672,1695.8000000000043,1320.6999999999985
177427949.1672,1695.8000000000043,1320.7999999999984
177427951.1672,1695.7000000000044,1320.7999999999984
177427953.1672,1695.6000000000045,1320.9999999999984
177427955.1672,1695.5000000000045,1320.9999999999984
177427957.1672,1695.3000000000045,1339.6999999999985
177427959.1672,1695.2000000000046,1339.6999999999985
177427961.1672,1695.1000000000047,1339.6999999999985
177427963.1672,1695.0000000000048,1339.6999999999985
177427965.1672,1694.9000000000049,1339.7999999999984
177427967.1672,1694.9000000000049,1339.9999999999984
177427969.1672,1696.0000000000048,1339.9999999999984
177427971.1672,1696.0000000000048,1339.9999999999984
177427973.1672,1696.0000000000048,1339.9999999999984
177427975.1672,1695.8000000000047,1339.9999999999984
177427977.1672,1695.7000000000048,1340.0999999999983
177427979.1672,1695.7000000000048,1340.1999999999982
177427981.1672,1695.600000000005,1340.1999999999982
177427983.1672,1695.000000000005,1340.1999999999982
177427985.1672,1695.500000000005,1357.8999999999983
177427987.1672,1696.900000000005,1357.9999999999982
177427989.1672,1696.900000000005,1357.9999999999982
177427991.1672,1698.900000000005,1357.9999999999982
177427993.1672,1698.900000000005,1358.9999999999982
177427995.1672,1698.8000000000052,1358.9999999999982
177427997.1672,1698.8000000000052,1358.9999999999982
177427999.1672,1698.8000000000052,1359.099999999998
177428001.1672,1698.8000000000052,1359.099999999998
177428003.1672,1698.8000000000052,1359.099999999998
177428005.1672,1698.7000000000053,1359.199999999998
177428007.1672,1698.7000000000053,1359.199999999998
177428009.1672,1698.7000000000053,1359.199999999998
177428011.1672,1698.7000000000053,1376.199999999998
177428013.1672,1698.7000000000053,1376.199999999998
177428015.1672,1698.6000000000054,1376.299999999998
177428017.1672,1698.5000000000055,1376.3999999999978
177428019.1672,1698.0000000000055,1376.3999999999978
177428021.1672,1665.8000000000054,1376.4999999999977
177428023.1672,1665.7000000000055,1376.4999999999977
177428025.1672,1665.6000000000056,1376.4999999999977
177428027.1672,1665.6000000000056,1376.9999999999977
177428029.1672,1665.0000000000057,1376.9999999999977
177428031.1672,1665.0000000000057,1376.9999999999977
177428033.1672,1664.8000000000056,1377.0999999999976
177428035.1672,1664.6000000000056,1376.9999999999977
177428037.1672,1664.6000000000056,1376.9999999999977
177428039.1672,1664.5000000000057,1376.9999999999977
177428041.1672,1664.5000000000057,1357.9999999999977
177428043.1672,1664.0000000000057,1357.9999999999977
177428045.1672,1663.9000000000058,1357.9999999999977
177428047.1672,1663.0000000000057,1357.9999999999977
177428049.1672,1662.9000000000058,1279.2999999999977
177428051.1672,1662.9000000000058,1279.2999999999977
177428053.1672,1662.0000000000057,1279.2999999999977
177428055.1672,1661.9000000000058,1279.2999999999977
177428057.1672,1661.8000000000059,1279.2999999999977
177428059.1672,1661.8000000000059,1279.3999999999976
177428061.1672,1661.000000000006,1298.4999999999975
177428063.1672,1661.000000000006,1279.2999999999975
177428065.1672,1660.8000000000059,1279.2999999999975
177428067.1672,1660.000000000006,1279.2999999999975
177428069.1672,1600.000000000006,1279.2999999999975
177428071.1672,1600.000000000006,1279.2999999999975
177428073.1672,1600.000000000006,1279.3999999999974
177428075.1672,1599.900000000006,1279.2999999999975
177428077.1672,1599.800000000006,1279.2999999999975
177428079.1672,1599.7000000000062,1295.2999999999975
177428081.1672,1599.6000000000063,1295.2999999999975
177428083.1672,1599.4000000000062,1279.2999999999975
177428085.1672,1590.0000000000061,1279.2999999999975
177428087.1672,1589.800000000006,1279.2999999999975
177428089.1672,1589.800000000006,1279.2999999999975
177428091.1672,1589.800000000006,1279.2999999999975
177428093.1672,1589.800000000006,1279.2999999999975
177428095.1672,1589.7000000000062,1279.2999999999975
177428097.1672,1558.7000000000062,1279.2999999999975
177428099.1672,1558.7000000000062,1293.3999999999974
177428101.1672,1589.6000000000063,1279.2999999999975
177428103.1672,1589.6000000000063,1279.2999999999975
177428105.1672,1589.5000000000064,1294.7999999999975
177428107.1672,1589.4000000000065,1279.2999999999975
177428109.1672,1400.0000000000064,1279.2999999999975
177428111.1672,1589.4000000000065,1279.2999999999975
177428113.1672,1589.4000000000065,1294.7999999999975
177428115.1672,1589.4000000000065,1279.2999999999975
177428117.1672,1500.0000000000064,1279.2999999999975
177428119.1672,1499.9000000000065,1290.2999999999975
177428121.1672,1478.9000000000065,1290.2999999999975
177428123.1672,1478.9000000000065,1290.2999999999975
177428125.1672,1478.9000000000065,1290.2999999999975
177428127.1672,1478.8000000000065,1290.2999999999975
177428129.1672,1478.7000000000066,1290.2999999999975
177428131.1672,1478.7000000000066,1290.2999999999975
177428133.1672,1478.7000000000066,1290.2999999999975
177428135.1672,1400.0000000000066,1279.2999999999975
177428137.1672,1399.9000000000067,1279.2999999999975
177428139.1672,1399.9000000000067,1279.2999999999975
177428141.1672,1399.9000000000067,1279.2999999999975
177428143.1672,1399.9000000000067,1279.2999999999975
177428145.1672,1399.8000000000068,1279.2999999999975
177428147.1672,1399.5000000000068,1279.2999999999975
177428149.1672,1399.5000000000068,1279.2999999999975
177428151.1672,1399.400000000007,1279.2999999999975
177428153.1672,1399.600000000007,1279.2999999999975
177428155.1672,1399.500000000007,1279.2999999999975
177428157.1672,1399.500000000007,1279.2999999999975
177428159.1672,1399.500000000007,1279.2999999999975
177428161.1672,1399.4000000000071,1279.2999999999975
177428163.1672,1399.4000000000071,1279.3999999999974
177428165.1672,1399.4000000000071,1279.3999999999974
177428167.1672,1399.500000000007,1279.2999999999975
177428169.1672,1399.4000000000071,1279.2999999999975
177428171.1672,1399.500000000007,1279.4999999999975
177428173.1672,1399.700000000007,1279.4999999999975
177428175.1672,1399.6000000000072,1279.4999999999975
177428177.1672,1399.6000000000072,1279.4999999999975
177428179.1672,1399.5000000000073,1279.5999999999974
177428181.1672,1399.5000000000073,1279.6999999999973
177428183.1672,1399.4000000000074,1279.6999999999973
177428185.1672,1399.4000000000074,1279.6999999999973
177428187.1672,1399.5000000000073,1279.6999999999973
177428189.1672,1399.4000000000074,1279.6999999999973
177428191.1672,1399.3000000000075,1279.6999999999973
177428193.1672,1399.3000000000075,1279.5999999999974
177428195.1672,1399.3000000000075,1279.6999999999973
177428197.1672,1399.2000000000075,1279.6999999999973
177428199.1672,1399.4000000000076,1279.6999999999973
177428201.1672,1399.6000000000076,1279.6999999999973
177428203.1672,1399.6000000000076,1279.6999999999973
177428205.1672,1399.5000000000077,1279.6999999999973
177428207.1672,1399.5000000000077,1279.6999999999973
177428209.1672,1399.5000000000077,1279.6999999999973
177428211.1672,1399.5000000000077,1279.4999999999973
177428213.1672,1399.5000000000077,1279.4999999999973
177428215.1672,1399.5000000000077,1279.2999999999972
177428217.1672,1399.4000000000078,1279.5999999999972
177428219.1672,1399.4000000000078,1279.5999999999972
177428221.1672,1399.300000000008,1279.5999999999972
177428223.1672,1399.300000000008,1279.699999999997
177428225.1672,1399.300000000008,1279.799999999997
177428227.1672,1399.200000000008,1279.899999999997
177428229.1672,1399.200000000008,1279.899999999997
177428231.1672,1399.200000000008,1279.799999999997
177428233.1672,1399.200000000008,1279.799999999997
177428235.1672,1399.300000000008,1279.799999999997
177428237.1672,1399.300000000008,1279.699999999997
177428239.1672,1399.500000000008,1279.699999999997
177428241.1672,1399.500000000008,1279.699999999997
177428243.1672,1399.500000000008,1279.699999999997
177428245.1672,1399.500000000008,1279.699999999997
177428247.1672,1399.500000000008,1279.699999999997
177428249.1672,1399.500000000008,1279.699999999997
177428251.1672,1399.6000000000079,1279.699999999997
177428253.1672,1399.500000000008,1279.699999999997
177428255.1672,1399.500000000008,1279.5999999999972
177428257.1672,1399.500000000008,1279.5999999999972
177428259.1672,1399.500000000008,1279.5999999999972
177428261.1672,1399.800000000008,1279.5999999999972
177428263.1672,1589.6000000000079,1279.699999999997
177428265.1672,1589.6000000000079,1279.699999999997
177428267.1672,1589.500000000008,1279.699999999997
177428269.1672,1589.500000000008,1279.699999999997
177428271.1672,1589.500000000008,1279.699999999997
177428273.1672,1589.500000000008,1279.699999999997
177428275.1672,1589.500000000008,1279.699999999997
177428277.1672,1589.500000000008,1279.699999999997
177428279.1672,1589.400000000008,1279.699999999997
177428281.1672,1589.400000000008,1279.799999999997
177428283.1672,1589.400000000008,1279.799999999997
177428285.1672,1589.400000000008,1279.799999999997
177428287.1672,1589.400000000008,1279.799999999997
177428289.1672,1589.400000000008,1279.799999999997
177428291.1672,1589.400000000008,1279.799999999997
177428293.1672,1589.400000000008,1279.799999999997
177428295.1672,1589.3000000000081,1279.799999999997
177428297.1672,1589.3000000000081,1279.799999999997
177428299.1672,1589.3000000000081,1279.699999999997
177428301.1672,1589.3000000000081,1279.699999999997
177428303.1672,1589.600000000008,1279.5999999999972
177428305.1672,1589.200000000008,1279.5999999999972
177428307.1672,1589.200000000008,1279.5999999999972
177428309.1672,1589.200000000008,1279.5999999999972
177428311.1672,1589.200000000008,1279.699999999997
177428313.1672,1589.100000000008,1279.699999999997
177428315.1672,1589.100000000008,1279.699999999997
177428317.1672,1589.0000000000082,1279.699999999997
177428319.1672,1589.2000000000082,1279.699999999997
177428321.1672,1589.1000000000083,1279.699999999997
177428323.1672,1589.0000000000084,1279.699999999997
177428325.1672,1589.0000000000084,1279.699999999997
177428327.1672,1588.9000000000085,1279.699999999997
177428329.1672,1589.1000000000085,1279.699999999997
177428331.1672,1589.0000000000086,1279.699999999997
177428333.1672,1589.0000000000086,1279.699999999997
177428335.1672,1589.0000000000086,1279.799999999997
177428337.1672,1589.6000000000085,1279.899999999997
177428339.1672,1589.5000000000086,1279.9999999999968
177428341.1672,1589.5000000000086,1280.0999999999967
177428343.1672,1589.5000000000086,1280.1999999999966
177428345.1672,1589.6000000000085,1280.1999999999966
177428347.1672,1589.5000000000086,1280.2999999999965
177428349.1672,1589.4000000000087,1280.2999999999965
177428351.1672,1589.3000000000088,1280.4999999999966
177428353.1672,1589.200000000009,1280.4999999999966
177428355.1672,1589.100000000009,1280.4999999999966
177428357.1672,1589.100000000009,1280.5999999999965
177428359.1672,1589.100000000009,1280.5999999999965
177428361.1672,1589.100000000009,1280.6999999999964
177428363.1672,1589.000000000009,1280.7999999999963
177428365.1672,1588.9000000000092,1280.7999999999963
177428367.1672,1588.8000000000093,1280.7999999999963
177428369.1672,1589.7000000000094,1280.7999999999963
177428371.1672,1589.6000000000095,1280.7999999999963
177428373.1672,1589.6000000000095,1280.7999999999963
177428375.1672,1589.3000000000095,1280.8999999999962
177428377.1672,1589.3000000000095,1280.9999999999961
177428379.1672,1589.1000000000095,1281.1999999999962
177428381.1672,1588.8000000000095,1281.1999999999962
177428383.1672,1588.9000000000094,1281.299999999996
177428385.1672,1588.8000000000095,1281.399999999996
177428387.1672,1588.6000000000095,1281.399999999996
177428389.1672,1588.5000000000095,1281.499999999996
177428391.1672,1588.4000000000096,1281.499999999996
177428393.1672,1588.3000000000097,1281.499999999996
177428395.0672,1588.3000000000097,1281.499999999996
177428397.0672,1588.2000000000098,1281.499999999996
177428399.0672,1588.2000000000098,1281.499999999996
177428401.0672,1588.2000000000098,1281.499999999996
177428403.0672,1588.0000000000098,1281.499999999996
177428405.0672,1587.9000000000099,1281.499999999996
177428407.0672,1587.9000000000099,1281.399999999996
177428409.0672,1587.9000000000099,1281.599999999996
177428411.0672,1587.9000000000099,1281.599999999996
177428413.0672,1587.9000000000099,1281.599999999996
177428415.0672,1588.10000000001,1281.9999999999961
177428417.0672,1588.00000000001,1281.9999999999961
177428419.0672,1588.00000000001,1282.1999999999962
177428421.0672,1588.00000000001,1282.299999999996
177428423.0672,1588.50000000001,1282.399999999996
177428425.0672,1589.30000000001,1282.499999999996
177428427.0672,1589.70000000001,1282.5999999999958
177428429.0672,1589.70000000001,1282.5999999999958
177428431.0672,1589.50000000001,1282.6999999999957
177428433.0672,1589.40000000001,1282.6999999999957
177428435.0672,1589.3000000000102,1282.8999999999958
177428437.0672,1589.3000000000102,1282.8999999999958
177428439.0672,1589.2000000000103,1282.8999999999958
177428441.0672,1589.1000000000104,1282.9999999999957
177428443.0672,1589.1000000000104,1283.0999999999956
177428445.0672,1589.1000000000104,1283.1999999999955
177428447.0672,1589.1000000000104,1283.2999999999954
177428449.0672,1589.0000000000105,1283.2999999999954
177428451.0672,1588.8000000000104,1283.2999999999954
177428453.0672,1588.7000000000105,1283.3999999999953
177428455.0672,1588.7000000000105,1283.4999999999952
177428457.0672,1588.7000000000105,1283.4999999999952
177428459.0672,1588.7000000000105,1283.4999999999952
177428461.0672,1588.7000000000105,1283.4999999999952
177428463.0672,1588.8000000000104,1283.4999999999952
177428465.0672,1558.2000000000105,1283.4999999999952
177428467.0672,1558.1000000000106,1283.4999999999952
177428469.0672,1558.0000000000107,1283.4999999999952
177428471.0672,1558.0000000000107,1283.4999999999952
177428473.0672,1558.0000000000107,1283.4999999999952
177428475.0672,1558.0000000000107,1283.4999999999952
177428477.0672,1558.0000000000107,1283.4999999999952
177428479.0672,1558.0000000000107,1283.4999999999952
177428481.0672,1558.1000000000106,1283.4999999999952
177428483.0672,1558.1000000000106,1283.4999999999952
177428485.0672,1558.1000000000106,1283.4999999999952
177428487.0672,1558.1000000000106,1283.4999999999952
177428489.0672,1558.1000000000106,1283.4999999999952
177428491.0672,1588.7000000000105,1283.4999999999952
177428493.0672,1589.4000000000106,1283.4999999999952
177428495.0672,1589.4000000000106,1283.4999999999952
177428497.0672,1589.4000000000106,1283.6999999999953
177428499.0672,1589.4000000000106,1283.6999999999953
177428501.0672,1589.4000000000106,1283.6999999999953
177428503.0672,1589.4000000000106,1283.6999999999953
177428505.0672,1589.4000000000106,1283.7999999999952
177428507.0672,1589.3000000000106,1283.899999999995
177428509.0672,1589.3000000000106,1283.899999999995
177428511.0672,1589.3000000000106,1283.899999999995
177428513.1672,1589.2000000000107,1283.899999999995
177428515.0672,1589.2000000000107,1283.999999999995
177428517.0672,1589.1000000000108,1283.999999999995
177428519.0672,1589.2000000000107,1283.999999999995
177428521.0672,1589.2000000000107,1284.099999999995
177428523.0672,1589.2000000000107,1284.099999999995
177428525.0672,1589.2000000000107,1284.099999999995
177428527.0672,1589.2000000000107,1284.1999999999948
177428529.0672,1589.2000000000107,1284.1999999999948
177428531.0672,1589.3000000000106,1284.1999999999948
177428533.0672,1589.5000000000107,1284.2999999999947
177428535.0672,1589.5000000000107,1284.2999999999947
177428537.0672,1589.5000000000107,1284.2999999999947
177428539.0672,1589.5000000000107,1283.9999999999948
177428541.0672,1589.5000000000107,1284.0999999999947
177428543.0672,1589.5000000000107,1284.0999999999947
177428545.0672,1589.5000000000107,1284.0999999999947
177428547.0672,1589.5000000000107,1284.0999999999947
177428549.0672,1589.5000000000107,1284.0999999999947
177428551.0672,1589.6000000000106,1284.0999999999947
177428553.0672,1589.7000000000105,1284.0999999999947
177428555.0672,1589.6000000000106,1284.0999999999947
177428557.0672,1589.6000000000106,1284.0999999999947
177428559.0672,1559.0000000000107,1284.0999999999947
177428561.0672,1559.0000000000107,1284.0999999999947
177428563.0672,1559.0000000000107,1284.0999999999947
177428565.0672,1559.0000000000107,1284.0999999999947
177428567.0672,1558.9000000000108,1284.0999999999947
177428569.0672,1558.8000000000109,1284.0999999999947
177428571.0672,1558.8000000000109,1284.0999999999947
177428573.0672,1558.8000000000109,1284.0999999999947
177428575.0672,1558.8000000000109,1284.0999999999947
177428577.0672,1558.8000000000109,1283.9999999999948
177428579.0672,1558.8000000000109,1283.9999999999948
177428581.0672,1558.8000000000109,1283.9999999999948
177428583.0672,1558.8000000000109,1283.9999999999948
177428585.0672,1558.8000000000109,1283.9999999999948
177428587.0672,1558.700000000011,1283.9999999999948
177428589.0672,1558.700000000011,1283.9999999999948
177428591.0672,1558.700000000011,1283.9999999999948
177428593.0672,1558.700000000011,1283.9999999999948
177428595.0672,1558.700000000011,1284.0999999999947
177428597.0672,1558.700000000011,1284.0999999999947
177428599.0672,1558.600000000011,1284.0999999999947
177428601.0672,1558.600000000011,1284.0999999999947
177428603.0672,1558.5000000000111,1284.0999999999947
177428605.0672,1558.5000000000111,1284.0999999999947
177428607.0672,1558.4000000000112,1284.0999999999947
177428609.0672,1558.3000000000113,1284.0999999999947
177428611.0672,1558.3000000000113,1284.0999999999947
177428613.0672,1558.2000000000114,1284.0999999999947
177428615.0672,1558.1000000000115,1284.0999999999947
177428617.0672,1558.3000000000116,1284.0999999999947
177428619.0672,1558.3000000000116,1284.0999999999947
177428621.0672,1558.3000000000116,1284.0999999999947
177428623.0672,1558.3000000000116,1284.0999999999947
177428625.0672,1558.2000000000116,1284.0999999999947
177428627.0672,1558.2000000000116,1284.0999999999947
177428629.0672,1558.2000000000116,1284.0999999999947
177428631.0672,1558.2000000000116,1284.0999999999947
177428633.0672,1558.0000000000116,1284.0999999999947
177428635.0672,1557.9000000000117,1284.0999999999947
177428637.0672,1557.8000000000118,1284.0999999999947
177428639.0672,1557.7000000000119,1284.0999999999947
177428641.0672,1557.600000000012,1284.0999999999947
177428643.0672,1557.600000000012,1284.0999999999947
177428645.0672,1557.600000000012,1284.0999999999947
177428647.0672,1557.500000000012,1284.0999999999947
177428649.0672,1557.500000000012,1284.0999999999947
177428651.0672,1557.500000000012,1284.0999999999947
177428653.0672,1557.500000000012,1284.0999999999947
177428655.0672,1557.500000000012,1284.0999999999947
177428657.0672,1557.500000000012,1284.0999999999947
177428659.0672,1557.500000000012,1284.0999999999947
177428661.0672,1557.500000000012,1284.0999999999947
177428663.0672,1557.500000000012,1284.0999999999947
177428665.0672,1557.500000000012,1283.9999999999948
177428667.0672,1557.500000000012,1283.9999999999948
177428669.0672,1557.4000000000121,1283.9999999999948
177428671.0672,1557.1000000000122,1283.9999999999948
177428673.0672,1557.1000000000122,1283.9999999999948
177428675.0672,1557.0000000000123,1282.2999999999947
177428677.0672,1557.0000000000123,1282.2999999999947
177428679.0672,1557.0000000000123,1282.2999999999947
177428681.0672,1557.0000000000123,1282.2999999999947
177428683.0672,1557.0000000000123,1282.2999999999947
177428685.0672,1557.0000000000123,1282.2999999999947
177428687.0672,1557.0000000000123,1282.2999999999947
177428689.0672,1556.9000000000124,1282.2999999999947
177428691.0672,1556.9000000000124,1281.3999999999946
177428693.0672,1557.0000000000123,1281.3999999999946
177428695.0672,1557.0000000000123,1281.4999999999945
177428697.0672,1556.9000000000124,1281.4999999999945
177428699.0672,1556.9000000000124,1281.4999999999945
177428701.0672,1557.0000000000123,1281.4999999999945
177428703.0672,1557.2000000000123,1281.4999999999945
177428705.0672,1557.2000000000123,1281.4999999999945
177428707.0672,1557.2000000000123,1281.4999999999945
177428709.0672,1557.2000000000123,1281.4999999999945
177428711.0672,1557.2000000000123,1281.3999999999946
177428713.0672,1557.2000000000123,1281.3999999999946
177428715.0672,1557.2000000000123,1281.3999999999946
177428717.0672,1557.1000000000124,1281.3999999999946
177428719.0672,1557.0000000000125,1281.3999999999946
177428721.0672,1557.0000000000125,1281.3999999999946
177428723.0672,1557.0000000000125,1281.3999999999946
177428725.0672,1556.9000000000126,1281.3999999999946
177428727.0672,1556.8000000000127,1281.3999999999946
177428729.0672,1556.7000000000128,1281.3999999999946
177428731.0672,1556.5000000000127,1281.3999999999946
177428733.0672,1556.5000000000127,1281.3999999999946
177428735.0672,1556.3000000000127,1281.3999999999946
177428737.0672,1556.3000000000127,1281.3999999999946
177428739.0672,1556.3000000000127,1281.3999999999946
177428741.0672,1556.3000000000127,1281.3999999999946
177428742.9672,1556.3000000000127,1281.3999999999946
177428744.9672,1556.3000000000127,1281.3999999999946
177428746.9672,1556.2000000000128,1281.3999999999946
177428748.9672,1556.2000000000128,1281.3999999999946
177428750.9672,1556.2000000000128,1281.3999999999946
177428752.9672,1556.2000000000128,1281.3999999999946
177428754.9672,1556.2000000000128,1281.3999999999946
177428756.9672,1556.2000000000128,1281.3999999999946
177428758.9672,1556.2000000000128,1281.3999999999946
177428760.9672,1556.2000000000128,1281.3999999999946
177428762.9672,1556.2000000000128,1281.3999999999946
177428764.9672,1556.2000000000128,1281.3999999999946
177428766.9672,1556.1000000000129,1281.3999999999946
177428768.9672,1555.9000000000128,1281.3999999999946
177428770.9672,1555.9000000000128,1281.3999999999946
177428772.9672,1555.9000000000128,1281.3999999999946
177428774.9672,1555.9000000000128,1281.3999999999946
177428776.9672,1555.9000000000128,1281.3999999999946
177428778.9672,1555.9000000000128,1281.3999999999946
177428780.9672,1556.0000000000127,1281.3999999999946
177428782.9672,1556.0000000000127,1281.3999999999946
177428784.9672,1556.0000000000127,1281.3999999999946
177428786.9672,1555.9000000000128,1281.3999999999946
177428788.9672,1555.9000000000128,1281.3999999999946
177428790.9672,1555.9000000000128,1281.3999999999946
177428792.9672,1555.9000000000128,1281.3999999999946
177428794.9672,1556.0000000000127,1281.3999999999946
177428796.9672,1556.0000000000127,1281.3999999999946
177428798.9672,1556.1000000000126,1281.3999999999946
177428800.9672,1556.1000000000126,1281.3999999999946
177428802.9672,1556.1000000000126,1281.3999999999946
177428804.9672,1556.2000000000126,1281.4999999999945
177428806.9672,1556.1000000000126,1281.4999999999945
177428808.9672,1556.1000000000126,1281.5999999999945
177428810.9672,1556.1000000000126,1281.5999999999945
177428812.9672,1556.0000000000127,1281.5999999999945
177428814.9672,1556.0000000000127,1281.5999999999945
177428816.9672,1556.0000000000127,1281.5999999999945
177428818.9672,1556.0000000000127,1281.5999999999945
177428820.9672,1556.0000000000127,1281.5999999999945
177428822.9672,1556.0000000000127,1281.5999999999945
177428824.9672,1556.0000000000127,1281.5999999999945
177428826.9672,1556.0000000000127,1281.5999999999945
177428828.9672,1556.2000000000128,1281.5999999999945
177428830.9672,1556.1000000000129,1281.5999999999945
177428832.9672,1556.1000000000129,1281.5999999999945
177428834.9672,1556.1000000000129,1281.5999999999945
177428836.9672,1556.1000000000129,1281.4999999999945
177428838.9672,1556.1000000000129,1281.4999999999945
177428840.9672,1556.1000000000129,1281.5999999999945
177428842.9672,1556.1000000000129,1281.5999999999945
177428844.9672,1556.1000000000129,1281.5999999999945
177428846.9672,1556.1000000000129,1281.5999999999945
177428848.9672,1556.1000000000129,1281.5999999999945
177428850.9672,1556.1000000000129,1281.5999999999945
177428852.9672,1556.6000000000129,1281.5999999999945
177428854.9672,1556.6000000000129,1281.5999999999945
177428856.9672,1556.500000000013,1281.4999999999945
177428858.9672,1556.400000000013,1281.4999999999945
177428860.9672,1556.400000000013,1281.4999999999945
177428862.9672,1556.400000000013,1281.4999999999945
177428864.9672,1556.400000000013,1281.5999999999945
177428866.9672,1556.3000000000131,1281.5999999999945
177428868.9672,1556.3000000000131,1281.5999999999945
177428870.9672,1556.2000000000132,1281.5999999999945
177428872.9672,1556.2000000000132,1281.5999999999945
177428874.9672,1556.2000000000132,1281.5999999999945
177428876.9672,1556.2000000000132,1281.5999999999945
177428878.9672,1528.7000000000132,1281.5999999999945
177428880.9672,1528.6000000000133,1281.5999999999945
177428882.9672,1528.6000000000133,1281.5999999999945
177428884.9672,1556.0000000000134,1281.5999999999945
177428886.9672,1556.0000000000134,1281.5999999999945
177428888.9672,1556.3000000000134,1281.5999999999945
177428890.9672,1556.2000000000135,1281.5999999999945
177428892.9672,1556.4000000000135,1281.5999999999945
177428894.9672,1556.4000000000135,1281.5999999999945
177428896.9672,1556.2000000000135,1281.5999999999945
177428898.9672,1556.2000000000135,1281.5999999999945
177428900.9672,1556.2000000000135,1281.5999999999945
177428902.9672,1555.8000000000134,1281.5999999999945
177428904.9672,1555.9000000000133,1281.5999999999945
177428906.9672,1556.0000000000132,1281.5999999999945
177428908.9672,1555.9000000000133,1281.5999999999945
177428910.9672,1556.1000000000133,1281.5999999999945
177428912.9672,1556.2000000000132,1281.5999999999945
177428914.9672,1528.7000000000132,1281.6999999999944
177428916.9672,1528.7000000000132,1281.6999999999944
177428918.9672,1528.7000000000132,1281.6999999999944
177428920.9672,1528.7000000000132,1281.6999999999944
177428922.9672,1528.6000000000133,1281.6999999999944
177428924.9672,1528.6000000000133,1281.6999999999944
177428926.9672,1528.5000000000134,1281.6999999999944
177428928.9672,1528.5000000000134,1281.6999999999944
177428930.9672,1528.5000000000134,1281.6999999999944
177428932.9672,1528.5000000000134,1281.7999999999943
177428934.9672,1528.5000000000134,1281.7999999999943
177428936.9672,1528.4000000000135,1281.7999999999943
177428938.9672,1528.4000000000135,1281.7999999999943
177428940.9672,1528.4000000000135,1281.7999999999943
177428942.9672,1528.4000000000135,1281.7999999999943
177428944.9672,1528.4000000000135,1281.7999999999943
177428946.9672,1528.4000000000135,1281.7999999999943
177428948.9672,1528.4000000000135,1281.6999999999944
177428950.9672,1528.4000000000135,1281.6999999999944
177428952.9672,1528.1000000000136,1281.6999999999944
177428954.9672,1528.1000000000136,1281.6999999999944
177428956.9672,1528.1000000000136,1281.6999999999944
177428958.9672,1528.1000000000136,1281.6999999999944
177428960.9672,1528.1000000000136,1281.6999999999944
177428962.9672,1528.0000000000136,1281.7999999999943
177428964.9672,1528.0000000000136,1281.7999999999943
177428966.9672,1528.0000000000136,1281.7999999999943
177428968.9672,1528.0000000000136,1281.7999999999943
177428970.9672,1528.0000000000136,1281.6999999999944
177428972.9672,1527.9000000000137,1281.7999999999943
177428974.9672,1527.9000000000137,1281.7999999999943
177428976.9672,1527.9000000000137,1281.7999999999943
177428978.9672,1527.6000000000138,1281.7999999999943
177428980.9672,1527.6000000000138,1281.7999999999943
177428982.9672,1527.6000000000138,1281.7999999999943
177428984.9672,1527.6000000000138,1281.7999999999943
177428986.9672,1527.5000000000139,1281.5999999999942
177428988.9672,1527.5000000000139,1281.6999999999941
177428990.9672,1502.8000000000138,1281.5999999999942
177428992.9672,1502.8000000000138,1281.5999999999942
177428994.9672,1527.5000000000139,1281.5999999999942
177428996.9672,1527.400000000014,1281.6999999999941
177428998.9672,1527.400000000014,1281.6999999999941
177429000.9672,1527.300000000014,1281.6999999999941
177429002.9672,1527.100000000014,1281.6999999999941
177429004.9672,1527.300000000014,1281.6999999999941
177429006.9672,1527.300000000014,1281.6999999999941
177429008.9672,1527.300000000014,1281.6999999999941
177429010.9672,1528.000000000014,1281.799999999994
177429012.9672,1528.000000000014,1281.799999999994
177429014.9672,1528.100000000014,1281.799999999994
177429016.9672,1528.100000000014,1281.799999999994
177429018.9672,1528.100000000014,1281.899999999994
177429020.9672,1528.200000000014,1281.899999999994
177429022.9672,1528.3000000000138,1281.899999999994
177429024.9672,1528.200000000014,1281.899999999994
177429026.9672,1528.200000000014,1281.899999999994
177429028.9672,1528.100000000014,1281.899999999994
177429030.9672,1528.100000000014,1281.9999999999939
177429032.9672,1528.000000000014,1282.0999999999938
177429034.9672,1503.300000000014,1282.0999999999938
177429036.9672,1503.2000000000141,1282.0999999999938
177429038.9672,1503.1000000000142,1281.9999999999939
177429040.9672,1503.0000000000143,1281.5999999999938
177429042.9672,1503.0000000000143,1281.5999999999938
177429044.9672,1503.0000000000143,1281.6999999999937
177429046.9672,1503.0000000000143,1281.6999999999937
177429048.9672,1503.0000000000143,1281.6999999999937
177429050.9672,1503.0000000000143,1281.6999999999937
177429052.9672,1503.0000000000143,1281.6999999999937
177429054.9672,1503.1000000000142,1281.6999999999937
177429056.9672,1503.3000000000143,1281.6999999999937
177429058.9672,1528.3000000000143,1281.6999999999937
177429060.9672,1528.4000000000142,1281.6999999999937
177429062.9672,1528.4000000000142,1281.7999999999936
177429065.0672,1528.4000000000142,1281.7999999999936
177429066.9672,1528.6000000000142,1281.8999999999935
177429068.9672,1528.6000000000142,1281.8999999999935
177429070.9672,1528.6000000000142,1281.8999999999935
177429072.9672,1528.6000000000142,1281.8999999999935
177429074.9672,1528.5000000000143,1281.8999999999935
177429076.9672,1528.5000000000143,1281.8999999999935
177429078.9672,1528.5000000000143,1281.6999999999935
177429080.9672,1528.4000000000144,1281.7999999999934
177429082.9672,1528.4000000000144,1281.7999999999934
177429084.9672,1528.4000000000144,1281.7999999999934
177429086.9672,1528.3000000000145,1281.7999999999934
177429088.9672,1528.2000000000146,1281.7999999999934
177429090.9672,1528.2000000000146,1281.7999999999934
177429092.9672,1528.1000000000147,1281.7999999999934
177429094.9672,1528.1000000000147,1281.7999999999934
177429096.9672,1528.1000000000147,1281.7999999999934
177429098.9672,1528.1000000000147,1281.6999999999935
177429100.9672,1528.0000000000148,1281.6999999999935
177429102.9672,1528.1000000000147,1281.6999999999935
177429104.9672,1528.1000000000147,1281.6999999999935
177429106.9672,1528.0000000000148,1281.6999999999935
177429108.9672,1527.9000000000149,1281.6999999999935
177429110.9672,1527.7000000000148,1281.6999999999935
177429112.9672,1527.7000000000148,1281.6999999999935
177429114.9672,1527.7000000000148,1281.6999999999935
177429116.9672,1527.7000000000148,1281.7999999999934
177429118.9672,1527.600000000015,1281.7999999999934
177429120.9672,1527.600000000015,1281.7999999999934
177429122.9672,1527.600000000015,1281.6999999999935
177429124.9672,1527.600000000015,1281.7999999999934
177429126.9672,1527.600000000015,1281.7999999999934
177429128.9672,1527.7000000000148,1281.7999999999934
177429130.9672,1527.7000000000148,1281.7999999999934
177429132.9672,1527.7000000000148,1281.7999999999934
177429134.9672,1527.7000000000148,1281.8999999999933
177429136.9672,1527.7000000000148,1281.8999999999933
177429138.9672,1527.7000000000148,1281.8999999999933
177429140.9672,1527.8000000000147,1281.8999999999933
177429142.9672,1527.8000000000147,1281.8999999999933
177429144.9672,1527.8000000000147,1281.8999999999933
177429146.9672,1527.8000000000147,1281.8999999999933
177429148.9672,1527.8000000000147,1281.7999999999934
177429150.9672,1527.8000000000147,1281.7999999999934
177429152.9672,1528.0000000000148,1281.7999999999934
177429154.9672,1528.0000000000148,1281.7999999999934
177429156.9672,1528.0000000000148,1281.6999999999935
177429158.9672,1528.0000000000148,1281.6999999999935
177429160.9672,1528.0000000000148,1281.6999999999935
177429162.9672,1528.0000000000148,1281.6999999999935
177429164.9672,1528.1000000000147,1281.6999999999935
177429166.9672,1528.1000000000147,1281.6999999999935
177429168.9672,1528.0000000000148,1281.6999999999935
177429170.9672,1528.1000000000147,1281.7999999999934
177429172.9672,1528.2000000000146,1281.7999999999934
177429174.9672,1527.9000000000146,1281.8999999999933
177429176.9672,1527.7000000000146,1281.8999999999933
177429178.9672,1527.5000000000146,1281.8999999999933
177429180.9672,1527.4000000000146,1281.8999999999933
177429182.9672,1527.5000000000146,1281.8999999999933
177429184.9672,1527.4000000000146,1281.8999999999933
177429186.9672,1527.3000000000147,1281.8999999999933
177429188.9672,1527.3000000000147,1281.8999999999933
177429190.9672,1527.6000000000147,1281.8999999999933
177429192.9672,1527.6000000000147,1281.8999999999933
177429194.9672,1527.6000000000147,1281.8999999999933
177429196.9672,1527.4000000000146,1281.8999999999933
177429198.9672,1527.3000000000147,1281.8999999999933
177429200.9672,1527.3000000000147,1281.8999999999933
177429202.9672,1527.2000000000148,1281.8999999999933
177429204.9672,1527.2000000000148,1281.8999999999933
177429206.9672,1527.100000000015,1281.8999999999933
177429208.9672,1527.100000000015,1281.8999999999933
177429210.9672,1527.100000000015,1281.8999999999933
177429212.9672,1527.000000000015,1281.8999999999933
177429214.9672,1527.000000000015,1281.8999999999933
177429216.9672,1527.000000000015,1281.8999999999933
177429218.9672,1527.000000000015,1281.8999999999933
177429220.9672,1526.900000000015,1281.8999999999933
177429222.9672,1527.000000000015,1281.8999999999933
177429224.9672,1527.000000000015,1281.8999999999933
177429226.9672,1526.900000000015,1281.8999999999933
177429228.9672,1526.900000000015,1281.8999999999933
177429230.9672,1526.900000000015,1281.8999999999933
177429232.9672,1526.900000000015,1281.8999999999933
177429234.9672,1526.900000000015,1281.8999999999933
177429236.9672,1526.900000000015,1281.8999999999933
177429238.9672,1526.900000000015,1281.8999999999933
177429240.9672,1527.200000000015,1281.8999999999933
177429242.9672,1527.200000000015,1281.8999999999933
177429244.9672,1526.800000000015,1281.8999999999933
177429246.9672,1526.600000000015,1281.8999999999933
177429248.9672,1526.300000000015,1281.8999999999933
177429250.9672,1526.200000000015,1281.8999999999933
177429252.9672,1526.200000000015,1281.8999999999933
177429254.9672,1526.200000000015,1281.8999999999933
177429256.9672,1526.000000000015,1281.8999999999933
177429258.9672,1526.300000000015,1281.8999999999933
177429260.9672,1526.300000000015,1281.8999999999933
177429262.9672,1526.300000000015,1281.8999999999933
177429264.9672,1526.100000000015,1281.8999999999933
177429266.9672,1526.100000000015,1281.8999999999933
177429268.9672,1526.100000000015,1281.8999999999933
177429270.9672,1526.100000000015,1281.8999999999933
177429272.9672,1526.100000000015,1281.9999999999932
177429274.9672,1526.100000000015,1281.8999999999933
177429276.9672,1526.100000000015,1281.8999999999933
177429278.9672,1526.100000000015,1281.8999999999933
177429280.9672,1515.000000000015,1281.8999999999933
177429282.9672,1515.000000000015,1281.8999999999933
177429284.9672,1515.000000000015,1281.8999999999933
177429286.9672,1515.000000000015,1281.8999999999933
177429288.9672,1514.900000000015,1281.8999999999933
177429290.9672,1514.900000000015,1281.8999999999933
177429292.9672,1514.900000000015,1281.8999999999933
177429294.9672,1514.900000000015,1281.8999999999933
177429296.9672,1514.900000000015,1281.8999999999933
177429298.9672,1514.900000000015,1281.8999999999933
177429300.9672,1514.900000000015,1281.9999999999932
177429302.9672,1514.900000000015,1281.9999999999932
177429304.9672,1514.8000000000152,1281.9999999999932
177429306.9672,1514.8000000000152,1281.9999999999932
177429308.9672,1514.7000000000153,1281.8999999999933
177429310.9672,1514.6000000000154,1281.8999999999933
177429312.9672,1514.4000000000153,1281.8999999999933
177429314.9672,1514.4000000000153,1281.8999999999933
177429316.9672,1514.4000000000153,1281.8999999999933
177429318.9672,1514.4000000000153,1281.9999999999932
177429320.9672,1514.4000000000153,1281.9999999999932
177429322.9672,1514.3000000000154,1282.1999999999932
177429324.9672,1514.3000000000154,1282.2999999999931
177429326.9672,1514.3000000000154,1282.2999999999931
177429328.9672,1514.3000000000154,1282.2999999999931
177429330.9672,1514.3000000000154,1282.399999999993
177429332.9672,1514.3000000000154,1282.399999999993
177429334.9672,1491.1000000000154,1282.399999999993
177429336.9672,1470.2000000000153,1282.399999999993
177429338.9672,1470.2000000000153,1282.2999999999931
177429340.9672,1470.1000000000154,1282.1999999999932
177429342.9672,1470.1000000000154,1282.1999999999932
177429344.9672,1491.1000000000154,1282.1999999999932
177429346.9672,1491.1000000000154,1282.2999999999931
177429348.9672,1491.0000000000155,1282.099999999993
177429350.9672,1491.0000000000155,1282.099999999993
177429352.9672,1491.0000000000155,1282.099999999993
177429354.9672,1491.0000000000155,1282.099999999993
177429356.9672,1491.0000000000155,1282.099999999993
177429358.9672,1491.0000000000155,1282.099999999993
177429360.9672,1514.3000000000154,1282.099999999993
177429362.9672,1514.1000000000154,1281.899999999993
177429364.9672,1513.9000000000153,1281.599999999993
177429366.9672,1514.1000000000154,1281.599999999993
177429368.9672,1514.1000000000154,1281.599999999993
177429370.9672,1514.6000000000154,1281.599999999993
177429372.9672,1514.6000000000154,1281.599999999993
177429374.9672,1514.6000000000154,1281.599999999993
177429376.9672,1514.6000000000154,1281.699999999993
177429378.9672,1514.6000000000154,1281.699999999993
177429380.9672,1514.6000000000154,1281.699999999993
177429382.9672,1514.6000000000154,1281.699999999993
177429384.9672,1514.6000000000154,1281.699999999993
177429386.9672,1514.5000000000155,1281.699999999993
177429388.9672,1514.5000000000155,1281.699999999993
177429390.9672,1514.5000000000155,1281.699999999993
177429392.9672,1514.4000000000156,1281.699999999993
177429394.9672,1514.4000000000156,1281.599999999993
177429396.9672,1514.2000000000155,1281.599999999993
177429398.9672,1514.2000000000155,1281.599999999993
177429400.9672,1514.2000000000155,1281.599999999993
177429402.9672,1514.2000000000155,1281.599999999993
177429404.9672,1514.2000000000155,1281.599999999993
177429406.9672,1514.2000000000155,1281.599999999993
177429408.9672,1514.2000000000155,1281.599999999993
177429410.9672,1514.2000000000155,1281.599999999993
177429412.9672,1514.1000000000156,1281.599999999993
177429414.9672,1514.1000000000156,1281.599999999993
177429416.9672,1514.0000000000157,1281.599999999993
177429418.9672,1513.8000000000156,1281.599999999993
177429420.9672,1513.5000000000157,1281.599999999993
177429422.9672,1513.4000000000158,1281.599999999993
177429424.9672,1513.3000000000159,1281.599999999993
177429426.9672,1513.3000000000159,1281.599999999993
177429428.9672,1513.3000000000159,1281.599999999993
177429430.9672,1513.3000000000159,1281.599999999993
177429432.9672,1513.3000000000159,1281.599999999993
177429434.9672,1513.3000000000159,1281.599999999993
177429436.9672,1513.3000000000159,1281.599999999993
177429438.9672,1513.3000000000159,1281.599999999993
177429440.9672,1513.200000000016,1281.599999999993
177429442.9672,1513.200000000016,1281.599999999993
177429444.9672,1490.000000000016,1281.599999999993
177429446.9672,1490.000000000016,1281.599999999993
177429448.9672,1490.000000000016,1281.599999999993
177429450.9672,1489.700000000016,1281.699999999993
177429452.9672,1489.400000000016,1281.699999999993
177429454.9672,1489.200000000016,1281.699999999993
177429456.9672,1489.200000000016,1281.699999999993
177429458.9672,1489.200000000016,1281.699999999993
177429460.9672,1489.200000000016,1281.799999999993
177429462.9672,1489.200000000016,1281.799999999993
177429464.9672,1489.200000000016,1281.799999999993
177429466.9672,1489.100000000016,1281.799999999993
177429468.9672,1489.0000000000161,1281.799999999993
177429470.9672,1489.0000000000161,1281.799999999993
177429472.9672,1489.0000000000161,1281.799999999993
177429474.9672,1489.0000000000161,1281.799999999993
177429476.9672,1489.0000000000161,1281.8999999999928
177429478.9672,1489.0000000000161,1281.9999999999927
177429480.9672,1489.0000000000161,1281.9999999999927
177429482.9672,1468.2000000000162,1281.9999999999927
177429484.9672,1468.2000000000162,1282.0999999999926
177429486.9672,1489.300000000016,1282.0999999999926
177429488.9672,1489.300000000016,1299.9999999999927
177429490.9672,1489.5000000000161,1299.9999999999927
177429492.9672,1489.7000000000162,1299.9999999999927
177429494.9672,1489.5000000000161,1299.9999999999927
177429496.9672,1489.5000000000161,1299.9999999999927
177429498.9672,1489.5000000000161,1299.9999999999927
177429500.9672,1489.5000000000161,1299.9999999999927
177429502.9672,1489.5000000000161,1300.1999999999928
177429504.9672,1489.5000000000161,1300.1999999999928
177429506.9672,1489.5000000000161,1300.2999999999927
177429508.9672,1489.300000000016,1300.2999999999927
177429510.9672,1489.300000000016,1300.2999999999927
177429512.9672,1489.300000000016,1300.2999999999927
177429514.9672,1489.800000000016,1300.2999999999927
177429516.9672,1470.800000000016,1300.3999999999926
177429518.9672,1489.900000000016,1300.3999999999926
177429520.9672,1489.900000000016,1300.4999999999925
177429522.9672,1489.900000000016,1300.4999999999925
177429524.9672,1489.800000000016,1300.5999999999924
177429526.9672,1489.800000000016,1300.6999999999923
177429528.9672,1489.800000000016,1300.7999999999922
177429530.9672,1489.800000000016,1449.9999999999923
177429532.9672,1489.800000000016,1450.0999999999922
177429534.9672,1489.800000000016,1450.0999999999922
177429536.9672,1489.800000000016,1450.199999999992
177429538.9672,1490.0000000000161,1450.199999999992
177429540.9672,1489.9000000000162,1450.299999999992
177429542.9672,1489.7000000000162,1450.299999999992
177429544.9672,1489.7000000000162,1450.299999999992
177429546.9672,1489.6000000000163,1450.299999999992
177429548.9672,1489.6000000000163,1450.299999999992
177429550.9672,1489.6000000000163,1450.299999999992
177429552.9672,1489.4000000000162,1450.299999999992
177429554.9672,1489.4000000000162,1450.299999999992
177429556.9672,1489.3000000000163,1450.299999999992
177429558.9672,1489.3000000000163,1450.299999999992
177429560.9672,1489.2000000000164,1450.299999999992
177429562.9672,1489.0000000000164,1450.299999999992
177429564.9672,1489.0000000000164,1450.299999999992
177429566.9672,1488.8000000000163,1450.299999999992
177429568.9672,1488.8000000000163,1450.299999999992
177429570.9672,1488.6000000000163,1450.299999999992
177429572.9672,1488.8000000000163,1300.399999999992
177429574.9672,1488.7000000000164,1300.399999999992
177429576.9672,1488.7000000000164,1300.399999999992
177429578.9672,1488.7000000000164,1300.399999999992
177429580.9672,1489.3000000000163,1300.4999999999918
177429582.9672,1489.3000000000163,1300.4999999999918
177429584.9672,1489.3000000000163,1300.5999999999917
177429586.9672,1489.1000000000163,1300.5999999999917
177429588.9672,1489.0000000000164,1300.5999999999917
177429590.9672,1489.0000000000164,1300.5999999999917
177429592.9672,1489.0000000000164,1300.6999999999916
177429594.9672,1489.0000000000164,1300.6999999999916
177429596.9672,1488.9000000000165,1300.6999999999916
177429598.9672,1488.9000000000165,1300.6999999999916
177429600.9672,1488.9000000000165,1300.6999999999916
177429602.9672,1488.8000000000166,1300.6999999999916
177429604.9672,1488.7000000000166,1300.5999999999917
177429606.9672,1488.7000000000166,1300.6999999999916
177429608.9672,1488.7000000000166,1300.6999999999916
177429610.9672,1488.5000000000166,1300.6999999999916
177429612.9672,1488.4000000000167,1300.6999999999916
177429614.9672,1488.4000000000167,1300.6999999999916
177429616.9672,1488.3000000000168,1300.6999999999916
177429618.9672,1488.3000000000168,1300.6999999999916
177429620.9672,1488.1000000000167,1300.6999999999916
177429622.9672,1487.9000000000167,1300.6999999999916
177429624.9672,1487.9000000000167,1300.6999999999916
177429626.9672,1487.9000000000167,1300.6999999999916
177429628.9672,1487.8000000000168,1300.6999999999916
177429630.9672,1487.9000000000167,1300.6999999999916
177429632.9672,1487.8000000000168,1300.6999999999916
177429634.9672,1487.8000000000168,1300.5999999999917
177429636.9672,1487.8000000000168,1300.5999999999917
177429638.9672,1487.9000000000167,1300.5999999999917
177429640.9672,1487.8000000000168,1300.5999999999917
177429642.9672,1488.1000000000167,1300.5999999999917
177429644.9672,1488.0000000000168,1300.5999999999917
177429646.9672,1488.0000000000168,1300.5999999999917
177429648.9672,1488.0000000000168,1300.5999999999917
177429650.9672,1487.8000000000168,1300.5999999999917
177429652.9672,1487.7000000000169,1300.5999999999917
177429654.9672,1487.600000000017,1300.5999999999917
177429656.9672,1487.600000000017,1300.5999999999917
177429658.9672,1487.500000000017,1300.5999999999917
177429660.9672,1488.100000000017,1300.5999999999917
177429662.9672,1488.100000000017,1300.5999999999917
177429664.9672,1488.100000000017,1300.5999999999917
177429666.9672,1488.100000000017,1300.5999999999917
177429668.9672,1488.100000000017,1300.5999999999917
177429670.9672,1488.2000000000169,1300.5999999999917
177429672.9672,1488.100000000017,1300.5999999999917
177429674.9672,1488.2000000000169,1300.5999999999917
177429676.9672,1488.5000000000168,1300.5999999999917
177429678.9672,1488.400000000017,1300.5999999999917
177429680.9672,1488.5000000000168,1300.5999999999917
177429682.9672,1488.5000000000168,1300.5999999999917
177429684.9672,1488.3000000000168,1300.5999999999917
177429686.9672,1488.3000000000168,1300.5999999999917
177429688.9672,1488.3000000000168,1300.5999999999917
177429690.9672,1488.3000000000168,1300.5999999999917
177429692.9672,1488.5000000000168,1300.5999999999917
177429694.9672,1488.5000000000168,1300.5999999999917
177429696.9672,1488.5000000000168,1300.5999999999917
177429698.9672,1488.6000000000167,1300.5999999999917
177429700.9672,1488.4000000000167,1300.5999999999917
177429702.9672,1488.1000000000167,1300.3999999999917
177429704.9672,1487.7000000000166,1300.3999999999917
177429706.9672,1487.4000000000167,1300.3999999999917
177429708.9672,1487.4000000000167,1300.3999999999917
177429710.9672,1487.4000000000167,1300.3999999999917
177429712.9672,1487.6000000000167,1300.3999999999917
177429714.9672,1487.6000000000167,1300.3999999999917
177429716.9672,1487.5000000000168,1300.3999999999917
177429718.9672,1487.5000000000168,1300.3999999999917
177429720.9672,1487.5000000000168,1300.4999999999916
177429722.9672,1487.5000000000168,1300.4999999999916
177429724.9672,1487.5000000000168,1300.4999999999916
177429726.9672,1487.400000000017,1300.4999999999916
177429728.9672,1487.400000000017,1300.4999999999916
177429730.9672,1487.300000000017,1300.4999999999916
177429732.9672,1487.300000000017,1300.4999999999916
177429734.9672,1487.300000000017,1300.4999999999916
177429736.9672,1487.300000000017,1300.3999999999917
177429738.9672,1487.300000000017,1281.6999999999916
177429740.9672,1487.600000000017,1281.5999999999917
177429742.9672,1487.500000000017,1281.5999999999917
177429744.9672,1487.4000000000171,1281.5999999999917
177429746.9672,1487.4000000000171,1281.4999999999918
177429748.9672,1487.6000000000172,1281.4999999999918
177429750.9672,1487.1000000000172,1281.4999999999918
177429752.9672,1486.8000000000172,1281.4999999999918
177429754.9672,1486.7000000000173,1281.4999999999918
177429756.9672,1486.7000000000173,1281.4999999999918
177429758.9672,1486.7000000000173,1281.5999999999917
177429760.9672,1486.8000000000172,1281.5999999999917
177429762.9672,1486.8000000000172,1281.5999999999917
177429764.9672,1486.7000000000173,1281.4999999999918
177429766.9672,1486.4000000000174,1281.4999999999918
177429768.9672,1486.1000000000174,1281.4999999999918
177429770.9672,1486.1000000000174,1281.4999999999918
177429772.9672,1486.3000000000175,1281.4999999999918
177429774.9672,1486.4000000000174,1281.4999999999918
177429776.9672,1486.4000000000174,1281.4999999999918
177429778.9672,1486.4000000000174,1281.5999999999917
177429780.9672,1486.1000000000174,1281.4999999999918
177429782.9672,1486.0000000000175,1281.4999999999918
177429784.9672,1485.8000000000175,1281.4999999999918
177429786.9672,1485.9000000000174,1281.4999999999918
177429788.9672,1485.8000000000175,1281.4999999999918
177429790.9672,1485.8000000000175,1281.4999999999918
177429792.9672,1485.8000000000175,1281.4999999999918
177429794.9672,1485.8000000000175,1281.4999999999918
177429796.9672,1485.8000000000175,1281.4999999999918
177429798.9672,1485.8000000000175,1281.4999999999918
177429800.9672,1485.8000000000175,1281.4999999999918
177429802.9672,1485.7000000000176,1281.4999999999918
177429804.9672,1485.5000000000175,1281.4999999999918
177429806.9672,1485.6000000000174,1281.4999999999918
177429808.9672,1485.6000000000174,1281.4999999999918
177429810.9672,1485.6000000000174,1281.4999999999918
177429812.9672,1485.6000000000174,1281.4999999999918
177429814.9672,1485.5000000000175,1281.4999999999918
177429816.9672,1485.5000000000175,1281.4999999999918
177429818.9672,1485.7000000000176,1281.4999999999918
177429820.9672,1485.6000000000176,1281.4999999999918
177429822.9672,1485.5000000000177,1281.4999999999918
177429824.9672,1485.4000000000178,1281.4999999999918
177429826.9672,1485.4000000000178,1281.4999999999918
177429828.9672,1485.4000000000178,1281.5999999999917
177429830.9672,1485.4000000000178,1281.5999999999917
177429832.9672,1485.4000000000178,1281.4999999999918
177429834.9672,1485.300000000018,1281.4999999999918
177429836.9672,1485.500000000018,1281.4999999999918
177429838.9672,1485.500000000018,1281.4999999999918
177429840.9672,1485.6000000000179,1281.5999999999917
177429842.9672,1485.6000000000179,1281.4999999999918
177429844.9672,1485.6000000000179,1281.2999999999918
177429846.9672,1485.500000000018,1281.3999999999917
177429848.9672,1485.400000000018,1281.3999999999917
177429850.9672,1485.400000000018,1281.4999999999916
177429852.9672,1485.400000000018,1281.4999999999916
177429854.9672,1485.400000000018,1281.4999999999916
177429856.9672,1485.400000000018,1281.5999999999915
177429858.9672,1485.400000000018,1281.5999999999915
177429860.9672,1485.400000000018,1281.5999999999915
177429862.9672,1485.400000000018,1281.5999999999915
177429864.9672,1485.400000000018,1281.5999999999915
177429866.9672,1485.400000000018,1281.5999999999915
177429868.9672,1485.400000000018,1281.4999999999916
177429870.9672,1485.8000000000181,1281.5999999999915
177429872.9672,1487.3000000000181,1281.4999999999916
177429874.9672,1487.3000000000181,1281.5999999999915
177429876.9672,1487.100000000018,1281.2999999999915
177429878.9672,1487.100000000018,1281.2999999999915
177429880.9672,1487.0000000000182,1281.2999999999915
177429882.9672,1487.0000000000182,1281.2999999999915
177429884.9672,1487.0000000000182,1281.3999999999915
177429886.9672,1486.9000000000183,1281.2999999999915
177429888.9672,1486.7000000000182,1281.2999999999915
177429890.9672,1486.3000000000181,1281.2999999999915
177429892.9672,1486.2000000000182,1281.3999999999915
177429894.9672,1485.9000000000183,1281.3999999999915
177429896.9672,1485.9000000000183,1281.3999999999915
177429898.9672,1485.9000000000183,1281.9999999999914
177429900.9672,1485.9000000000183,1281.9999999999914
177429902.9672,1485.8000000000184,1281.9999999999914
177429904.9672,1485.8000000000184,1281.9999999999914
177429906.9672,1485.8000000000184,1282.0999999999913
177429908.9672,1485.8000000000184,1282.0999999999913
177429910.9672,1485.8000000000184,1292.2999999999913
177429912.9672,1485.8000000000184,1292.2999999999913
177429914.9672,1485.8000000000184,1292.3999999999912
177429916.9672,1486.1000000000183,1292.3999999999912
177429918.9672,1486.1000000000183,1292.5999999999913
177429920.9672,1486.1000000000183,1292.5999999999913
177429922.9672,1486.1000000000183,1292.6999999999912
177429924.9672,1486.2000000000182,1292.799999999991
177429926.9672,1486.1000000000183,1292.799999999991
177429928.9672,1486.5000000000184,1292.799999999991
177429930.9672,1486.5000000000184,1292.799999999991
177429932.9672,1486.6000000000183,1292.599999999991
177429934.9672,1486.6000000000183,1292.599999999991
177429936.9672,1486.5000000000184,1292.399999999991
177429938.9672,1486.6000000000183,1292.399999999991
177429940.9672,1487.2000000000182,1281.999999999991
177429942.9672,1487.2000000000182,1281.999999999991
177429944.9672,1488.4000000000183,1281.999999999991
177429946.9672,1488.4000000000183,1281.999999999991
177429948.9672,1488.5000000000182,1281.999999999991
177429950.9672,1488.5000000000182,1281.999999999991
177429952.9672,1488.4000000000183,1281.999999999991
177429954.9672,1488.6000000000183,1281.999999999991
177429956.9672,1489.3000000000184,1281.999999999991
177429958.9672,1490.0000000000184,1281.999999999991
177429960.9672,1490.0000000000184,1281.999999999991
177429962.9672,1514.2000000000185,1281.999999999991
177429964.9672,1514.0000000000184,1281.2999999999909
177429966.9672,1513.9000000000185,1281.2999999999909
177429968.9672,1513.9000000000185,1281.2999999999909
177429970.9672,1513.9000000000185,1281.2999999999909
177429972.9672,1513.9000000000185,1281.2999999999909
177429974.9672,1513.9000000000185,1281.2999999999909
177429976.9672,1513.9000000000185,1281.2999999999909
177429978.9672,1513.9000000000185,1281.2999999999909
177429980.9672,1513.9000000000185,1281.2999999999909
177429982.9672,1513.7000000000185,1281.2999999999909
177429984.9672,1513.7000000000185,1281.2999999999909
177429986.9672,1513.7000000000185,1281.2999999999909
177429988.9672,1513.6000000000186,1281.2999999999909
177429990.9672,1513.6000000000186,1281.2999999999909
177429992.9672,1513.5000000000186,1281.2999999999909
177429994.9672,1513.5000000000186,1281.2999999999909
177429996.9672,1513.8000000000186,1281.2999999999909
177429998.9672,1513.9000000000185,1281.2999999999909
177430000.9672,1513.9000000000185,1281.2999999999909
177430002.9672,1514.0000000000184,1281.2999999999909
177430004.9672,1514.0000000000184,1281.2999999999909
177430006.9672,1514.0000000000184,1281.2999999999909
177430008.9672,1514.0000000000184,1281.2999999999909
177430010.9672,1514.0000000000184,1281.2999999999909
177430012.9672,1514.0000000000184,1281.2999999999909
177430014.9672,1514.0000000000184,1281.2999999999909
177430016.9672,1514.4000000000185,1281.2999999999909
177430018.9672,1514.2000000000185,1281.2999999999909
177430020.9672,1514.3000000000184,1279.8999999999908
177430022.9672,1514.3000000000184,1279.8999999999908
177430024.9672,1514.2000000000185,1279.8999999999908
177430026.9672,1514.2000000000185,1279.8999999999908
177430028.9672,1514.2000000000185,1279.8999999999908
177430030.9672,1514.4000000000185,1279.7999999999909
177430032.9672,1514.4000000000185,1279.7999999999909
177430034.9672,1514.3000000000186,1279.7999999999909
177430036.9672,1514.3000000000186,1279.5999999999908
177430038.9672,1514.3000000000186,1279.5999999999908
177430040.9672,1514.2000000000187,1279.5999999999908
177430042.9672,1514.2000000000187,1279.5999999999908
177430044.9672,1514.3000000000186,1279.5999999999908
177430046.9672,1514.3000000000186,1279.5999999999908
177430048.9672,1514.3000000000186,1279.5999999999908
177430050.9672,1514.2000000000187,1279.5999999999908
177430052.9672,1490.6000000000188,1279.5999999999908
177430054.9672,1490.7000000000187,1279.5999999999908
177430056.9672,1514.2000000000187,1279.5999999999908
177430058.9672,1514.2000000000187,1279.5999999999908
177430060.9672,1514.1000000000188,1279.5999999999908
177430062.9672,1514.1000000000188,1279.5999999999908
177430064.9672,1514.0000000000189,1279.5999999999908
177430066.9672,1513.900000000019,1279.5999999999908
177430068.9672,1513.900000000019,1279.5999999999908
177430070.9672,1513.800000000019,1279.5999999999908
177430072.9672,1513.800000000019,1279.5999999999908
177430074.9672,1513.800000000019,1279.5999999999908
177430076.9672,1513.800000000019,1279.5999999999908
177430078.9672,1513.7000000000191,1279.5999999999908
177430080.9672,1513.6000000000192,1279.5999999999908
177430082.9672,1513.6000000000192,1279.5999999999908
177430084.9672,1513.5000000000193,1279.5999999999908
177430086.9672,1513.5000000000193,1279.5999999999908
177430088.9672,1513.5000000000193,1279.5999999999908
177430090.9672,1513.5000000000193,1279.5999999999908
177430092.9672,1513.5000000000193,1279.5999999999908
177430094.9672,1513.4000000000194,1279.5999999999908
177430096.9672,1513.4000000000194,1279.5999999999908
177430098.9672,1513.5000000000193,1279.5999999999908
177430100.9672,1513.5000000000193,1279.5999999999908
177430102.9672,1513.5000000000193,1279.5999999999908
177430104.9672,1513.5000000000193,1279.5999999999908
177430106.9672,1513.5000000000193,1279.6999999999907
177430108.9672,1513.5000000000193,1279.6999999999907
177430110.9672,1513.4000000000194,1279.6999999999907
177430112.9672,1513.3000000000195,1279.6999999999907
177430114.9672,1513.3000000000195,1279.6999999999907
177430116.9672,1513.3000000000195,1279.6999999999907
177430118.9672,1513.3000000000195,1279.5999999999908
177430120.9672,1513.3000000000195,1279.5999999999908
177430122.9672,1513.3000000000195,1279.5999999999908
177430124.9672,1513.3000000000195,1279.5999999999908
177430126.9672,1513.3000000000195,1279.5999999999908
177430128.9672,1513.3000000000195,1279.5999999999908
177430130.9672,1513.3000000000195,1279.5999999999908
177430132.9672,1513.3000000000195,1279.5999999999908
177430134.9672,1513.3000000000195,1279.5999999999908
177430136.9672,1513.3000000000195,1279.5999999999908
177430138.9672,1513.3000000000195,1279.5999999999908
177430140.9672,1513.3000000000195,1279.6999999999907
177430142.9672,1513.3000000000195,1279.6999999999907
177430144.9672,1513.3000000000195,1279.6999999999907
177430146.9672,1513.5000000000196,1279.6999999999907
177430149.0672,1514.0000000000196,1279.6999999999907
177430150.9672,1514.0000000000196,1279.6999999999907
177430152.9672,1514.0000000000196,1279.6999999999907
177430154.9672,1514.0000000000196,1279.6999999999907
177430156.9672,1514.0000000000196,1279.6999999999907
177430158.9672,1513.9000000000196,1279.6999999999907
177430160.9672,1513.9000000000196,1279.6999999999907
177430162.9672,1513.9000000000196,1279.6999999999907
177430164.9672,1513.8000000000197,1279.6999999999907
177430166.9672,1513.8000000000197,1279.6999999999907
177430168.9672,1513.8000000000197,1279.6999999999907
177430170.9672,1513.8000000000197,1279.6999999999907
177430172.9672,1513.8000000000197,1279.6999999999907
177430174.9672,1513.7000000000198,1279.6999999999907
177430176.9672,1513.7000000000198,1279.6999999999907
177430178.9672,1513.9000000000199,1279.6999999999907
177430180.9672,1513.9000000000199,1279.6999999999907
177430182.9672,1513.9000000000199,1279.6999999999907
177430184.9672,1513.9000000000199,1279.6999999999907
177430186.9672,1513.80000000002,1279.6999999999907
177430188.9672,1514.00000000002,1279.6999999999907
177430190.9672,1513.90000000002,1279.7999999999906
177430192.9672,1514.20000000002,1279.7999999999906
177430194.9672,1514.30000000002,1279.7999999999906
177430196.9672,1514.30000000002,1279.6999999999907
177430198.9672,1514.10000000002,1279.6999999999907
177430200.9672,1514.10000000002,1279.6999999999907
177430202.9672,1514.00000000002,1279.6999999999907
177430204.9672,1514.00000000002,1279.6999999999907
177430206.9672,1514.00000000002,1279.6999999999907
177430208.9672,1514.00000000002,1279.7999999999906
177430210.9672,1514.00000000002,1279.5999999999906
177430212.9672,1514.00000000002,1279.6999999999905
177430214.9672,1514.00000000002,1279.6999999999905
177430216.9672,1514.00000000002,1279.6999999999905
177430218.9672,1513.80000000002,1279.7999999999904
177430220.9672,1513.70000000002,1279.8999999999903
177430222.9672,1513.80000000002,1279.9999999999902
177430224.9672,1513.70000000002,1279.5999999999901
177430226.9672,1513.70000000002,1279.5999999999901
177430228.9672,1513.70000000002,1279.69999999999
177430230.9672,1513.70000000002,1279.69999999999
177430232.9672,1513.70000000002,1279.5999999999901
177430234.9672,1513.6000000000201,1279.5999999999901
177430236.9672,1513.5000000000202,1279.5999999999901
177430238.9672,1513.4000000000203,1279.69999999999
177430240.9672,1513.2000000000203,1279.5999999999901
177430242.9672,1513.1000000000204,1279.5999999999901
177430244.9672,1513.0000000000205,1279.5999999999901
177430246.9672,1512.9000000000206,1279.5999999999901
177430248.9672,1512.9000000000206,1279.5999999999901
177430250.9672,1514.0000000000205,1279.2999999999902
177430252.9672,1514.0000000000205,1279.2999999999902
177430254.9672,1514.0000000000205,1279.2999999999902
177430256.9672,1514.0000000000205,1279.2999999999902
177430258.9672,1514.0000000000205,1279.2999999999902
177430260.9672,1514.0000000000205,1299.9999999999902
177430262.9672,1513.9000000000206,1299.9999999999902
177430264.9672,1500.0000000000205,1279.2999999999902
177430266.9672,1500.0000000000205,1279.2999999999902
177430268.9672,1499.8000000000204,1279.2999999999902
177430270.9672,1499.8000000000204,1279.2999999999902
177430272.9672,1499.5000000000205,1279.2999999999902
177430274.9672,1499.5000000000205,1279.2999999999902
177430276.9672,1499.4000000000206,1279.2999999999902
177430278.9672,1499.4000000000206,1279.2999999999902
177430280.9672,1499.4000000000206,1289.9999999999902
177430282.9672,1499.4000000000206,1289.9999999999902
177430284.9672,1499.8000000000206,1289.9999999999902
177430286.9672,1499.7000000000207,1289.9999999999902
177430288.9672,1499.8000000000206,1289.9999999999902
177430290.9672,1499.8000000000206,1290.0999999999901
177430292.9672,1499.8000000000206,1290.0999999999901
177430294.9672,1499.8000000000206,1290.0999999999901
177430296.9672,1499.7000000000207,1289.9999999999902
177430298.9672,1499.7000000000207,1289.9999999999902
177430300.9672,1499.6000000000208,1289.9999999999902
177430302.9672,1499.500000000021,1289.9999999999902
177430304.9672,1499.3000000000209,1289.9999999999902
177430306.9672,1450.000000000021,1289.9999999999902
177430308.9672,1499.3000000000209,1289.9999999999902
177430310.9672,1499.200000000021,1289.9999999999902
177430312.9672,1499.100000000021,1289.9999999999902
177430314.9672,1499.100000000021,1289.9999999999902
177430316.9672,1499.100000000021,1289.9999999999902
177430318.9672,1498.800000000021,1299.9999999999902
177430320.9672,1498.800000000021,1289.9999999999902
177430322.9672,1449.900000000021,1289.9999999999902
177430324.9672,1449.800000000021,1290.0999999999901
177430326.9672,1449.7000000000212,1290.0999999999901
177430328.9672,1440.0000000000211,1289.9999999999902
177430330.9672,1440.0000000000211,1290.0999999999901
177430332.9672,1439.9000000000212,1290.0999999999901
177430334.9672,1400.0000000000211,1290.0999999999901
177430336.9672,1399.800000000021,1290.0999999999901
177430338.9672,1350.0000000000211,1290.0999999999901
177430340.9672,1350.0000000000211,1290.0999999999901
177430342.9672,1350.0000000000211,1290.0999999999901
177430344.9672,1350.0000000000211,1290.0999999999901
177430346.9672,1350.0000000000211,1290.0999999999901
177430348.9672,1350.0000000000211,1290.0999999999901
177430350.9672,1350.0000000000211,1290.0999999999901
177430352.9672,1350.0000000000211,1290.0999999999901
177430354.9672,1350.0000000000211,1290.0999999999901
177430356.9672,1399.9000000000212,1290.0999999999901
177430358.9672,1399.9000000000212,1289.9999999999902
177430360.9672,1499.0000000000211,1289.9999999999902
177430362.9672,1498.9000000000212,1289.9999999999902
177430364.9672,1498.9000000000212,1279.2999999999902
177430366.9672,1498.9000000000212,1279.2999999999902
177430368.9672,1498.9000000000212,1279.2999999999902
177430370.9672,1498.9000000000212,1279.2999999999902
177430372.9672,1499.0000000000211,1279.2999999999902
177430374.9672,1499.0000000000211,1279.2999999999902
177430376.9672,1499.0000000000211,1279.2999999999902
177430378.9672,1499.0000000000211,1279.2999999999902
177430380.9672,1499.0000000000211,1279.2999999999902
177430382.9672,1499.0000000000211,1279.2999999999902
177430384.9672,1499.0000000000211,1279.2999999999902
177430386.9672,1499.0000000000211,1279.2999999999902
177430388.9672,1498.9000000000212,1279.2999999999902
177430390.9672,1498.9000000000212,1279.2999999999902
177430392.9672,1498.9000000000212,1279.2999999999902
177430394.9672,1498.9000000000212,1279.2999999999902
177430396.9672,1498.9000000000212,1279.2999999999902
177430398.9672,1498.8000000000213,1279.2999999999902
177430400.9672,1498.8000000000213,1279.2999999999902
177430402.9672,1498.8000000000213,1279.2999999999902
177430404.9672,1498.8000000000213,1289.9999999999902
177430406.9672,1498.7000000000214,1289.9999999999902
177430408.9672,1498.7000000000214,1289.9999999999902
177430410.9672,1498.7000000000214,1279.2999999999902
177430412.9672,1498.7000000000214,1278.9999999999902
177430414.9672,1498.6000000000215,1278.9999999999902
177430416.9672,1498.6000000000215,1278.9999999999902
177430418.9672,1498.6000000000215,1278.9999999999902
177430420.9672,1498.6000000000215,1278.9999999999902
177430422.9672,1498.6000000000215,1278.9999999999902
177430424.9672,1498.8000000000216,1278.9999999999902
177430426.9672,1498.8000000000216,1278.9999999999902
177430428.9672,1498.8000000000216,1278.9999999999902
177430430.9672,1499.0000000000216,1278.9999999999902
177430432.9672,1498.6000000000215,1278.9999999999902
177430434.9672,1498.6000000000215,1278.9999999999902
177430436.9672,1498.6000000000215,1278.9999999999902
177430438.9672,1498.6000000000215,1278.9999999999902
177430440.9672,1498.6000000000215,1278.9999999999902
177430442.9672,1498.5000000000216,1278.9999999999902
177430444.9672,1498.4000000000217,1278.9999999999902
177430446.9672,1498.4000000000217,1278.9999999999902
177430448.9672,1498.5000000000216,1278.9999999999902
177430450.9672,1498.4000000000217,1278.9999999999902
177430452.9672,1498.4000000000217,1278.9999999999902
177430454.9672,1498.4000000000217,1278.9999999999902
177430456.9672,1498.3000000000218,1279.0999999999901
177430458.9672,1498.5000000000218,1279.0999999999901
177430460.9672,1498.6000000000217,1279.0999999999901
177430462.9672,1498.6000000000217,1279.0999999999901
177430464.9672,1449.8000000000218,1279.0999999999901
177430466.9672,1498.6000000000217,1279.19999999999
177430468.9672,1498.6000000000217,1279.19999999999
177430470.9672,1498.6000000000217,1299.99999999999
177430472.9672,1498.6000000000217,1299.99999999999
177430474.9672,1498.5000000000218,1299.99999999999
177430476.9672,1498.5000000000218,1279.09999999999
177430478.9672,1480.900000000022,1279.09999999999
177430480.9672,1480.900000000022,1279.09999999999
177430482.9672,1480.900000000022,1279.09999999999
177430484.9672,1480.7000000000219,1279.09999999999
177430486.9672,1480.7000000000219,1279.1999999999898
177430488.9672,1498.5000000000218,1279.1999999999898
177430490.9672,1490.900000000022,1279.1999999999898
177430492.9672,1490.900000000022,1279.2999999999897
177430494.9672,1490.900000000022,1279.3999999999896
177430496.9672,1490.900000000022,1279.3999999999896
177430498.9672,1490.900000000022,1279.3999999999896
177430500.9672,1498.5000000000218,1279.3999999999896
177430502.9672,1498.5000000000218,1279.3999999999896
177430504.9672,1498.5000000000218,1290.8999999999896
177430506.9672,1498.6000000000217,1290.8999999999896
177430508.9672,1498.6000000000217,1290.8999999999896
177430510.9672,1498.6000000000217,1279.3999999999896
177430512.9672,1498.6000000000217,1279.3999999999896
177430514.9672,1480.8000000000218,1279.3999999999896
177430516.9672,1480.8000000000218,1279.3999999999896
177430518.9672,1498.6000000000217,1279.3999999999896
177430520.9672,1470.9000000000217,1279.3999999999896
177430522.9672,1451.7000000000216,1279.3999999999896
177430524.9672,1498.6000000000217,1279.3999999999896
177430526.9672,1498.6000000000217,1279.3999999999896
177430528.9672,1498.6000000000217,1279.3999999999896
177430530.9672,1498.6000000000217,1279.3999999999896
177430532.9672,1498.6000000000217,1279.3999999999896
177430534.9672,1498.6000000000217,1279.3999999999896
177430536.9672,1498.6000000000217,1279.3999999999896
177430538.9672,1498.6000000000217,1279.3999999999896
177430540.9672,1498.6000000000217,1279.3999999999896
177430542.9672,1498.6000000000217,1279.3999999999896
177430544.9672,1498.6000000000217,1279.3999999999896
177430546.9672,1498.6000000000217,1279.3999999999896
177430548.9672,1498.6000000000217,1279.3999999999896
177430550.9672,1498.5000000000218,1279.3999999999896
177430552.9672,1498.5000000000218,1279.3999999999896
177430554.9672,1498.5000000000218,1279.3999999999896
177430556.9672,1498.5000000000218,1279.3999999999896
177430558.9672,1498.5000000000218,1279.3999999999896
177430560.9672,1498.5000000000218,1279.3999999999896
177430562.9672,1498.400000000022,1279.3999999999896
177430564.9672,1498.400000000022,1279.3999999999896
177430566.9672,1498.400000000022,1289.9999999999895
177430568.9672,1498.600000000022,1290.0999999999894
177430570.9672,1498.600000000022,1290.0999999999894
177430572.9672,1498.600000000022,1290.2999999999895
177430574.9672,1498.600000000022,1290.2999999999895
177430576.9672,1498.600000000022,1290.2999999999895
177430578.9672,1498.600000000022,1290.2999999999895
177430580.9672,1498.500000000022,1290.2999999999895
177430582.9672,1475.000000000022,1279.2999999999895
177430584.9672,1475.000000000022,1279.2999999999895
177430586.9672,1475.000000000022,1279.0999999999894
177430588.9672,1475.000000000022,1279.0999999999894
177430590.9672,1475.000000000022,1279.0999999999894
177430592.9672,1475.000000000022,1279.0999999999894
177430594.9672,1498.600000000022,1279.0999999999894
177430596.9672,1498.600000000022,1279.0999999999894
177430598.9672,1498.600000000022,1279.0999999999894
177430600.9672,1498.500000000022,1279.0999999999894
177430602.9672,1498.600000000022,1279.0999999999894
177430604.9672,1498.600000000022,1279.1999999999894
177430606.9672,1498.600000000022,1279.1999999999894
177430608.9672,1498.600000000022,1279.1999999999894
177430610.9672,1498.600000000022,1279.0999999999894
177430612.9672,1498.600000000022,1279.1999999999894
177430614.9672,1498.500000000022,1279.1999999999894
177430616.9672,1498.300000000022,1279.1999999999894
177430618.9672,1498.300000000022,1279.1999999999894
177430620.9672,1498.300000000022,1279.1999999999894
177430622.9672,1498.200000000022,1279.1999999999894
177430624.9672,1498.1000000000222,1279.1999999999894
177430626.9672,1498.1000000000222,1279.1999999999894
177430628.9672,1498.0000000000223,1299.9999999999893
177430630.9672,1498.0000000000223,1299.9999999999893
177430632.9672,1498.0000000000223,1299.9999999999893
177430634.9672,1498.0000000000223,1299.9999999999893
177430636.9672,1498.0000000000223,1279.0999999999892
177430638.9672,1480.0000000000223,1279.0999999999892
177430640.9672,1480.0000000000223,1279.0999999999892
177430642.9672,1480.0000000000223,1279.0999999999892
177430644.9672,1480.0000000000223,1279.1999999999891
177430646.9672,1480.0000000000223,1279.1999999999891
177430648.9672,1480.0000000000223,1279.1999999999891
177430650.9672,1480.0000000000223,1279.1999999999891
177430652.9672,1480.0000000000223,1279.1999999999891
177430654.9672,1480.0000000000223,1279.1999999999891
177430656.9672,1498.0000000000223,1279.1999999999891
177430658.9672,1498.2000000000223,1279.299999999989
177430660.9672,1498.1000000000224,1279.299999999989
177430662.9672,1498.1000000000224,1279.299999999989
177430664.9672,1498.1000000000224,1289.999999999989
177430666.9672,1498.0000000000225,1289.999999999989
177430668.9672,1497.8000000000225,1289.999999999989
177430670.9672,1497.8000000000225,1289.999999999989
177430672.9672,1497.8000000000225,1289.999999999989
177430674.9672,1497.8000000000225,1289.999999999989
177430676.9672,1497.8000000000225,1289.999999999989
177430678.9672,1497.9000000000224,1279.099999999989
177430680.9672,1497.8000000000225,1279.099999999989
177430682.9672,1449.9000000000224,1279.099999999989
177430684.9672,1449.8000000000225,1279.099999999989
177430686.9672,1449.8000000000225,1279.099999999989
177430688.9672,1432.6000000000224,1279.099999999989
177430690.9672,1432.5000000000225,1279.099999999989
177430692.9672,1420.0000000000225,1279.099999999989
177430694.9672,1420.0000000000225,1279.099999999989
177430696.9672,1420.0000000000225,1279.099999999989
177430698.9672,1420.0000000000225,1279.099999999989
177430700.9672,1420.0000000000225,1279.199999999989
177430702.9672,1420.0000000000225,1279.199999999989
177430704.9672,1420.0000000000225,1279.199999999989
177430706.9672,1420.0000000000225,1279.199999999989
177430708.9672,1449.7000000000226,1279.199999999989
177430710.9672,1449.7000000000226,1279.199999999989
177430712.9672,1449.7000000000226,1279.199999999989
177430714.9672,1449.9000000000226,1279.199999999989
177430716.9672,1449.9000000000226,1279.199999999989
177430718.9672,1494.4000000000226,1279.199999999989
177430720.9672,1497.9000000000226,1279.199999999989
177430722.9672,1498.0000000000225,1279.199999999989
177430724.9672,1498.5000000000225,1279.2999999999888
177430726.9672,1498.4000000000226,1279.2999999999888
177430728.9672,1498.3000000000227,1279.2999999999888
177430730.9672,1498.3000000000227,1279.2999999999888
177430732.9672,1498.3000000000227,1279.2999999999888
177430734.9672,1498.4000000000226,1279.2999999999888
177430736.9672,1498.4000000000226,1279.2999999999888
177430738.9672,1498.4000000000226,1279.2999999999888
177430740.9672,1498.4000000000226,1279.2999999999888
177430742.9672,1498.4000000000226,1279.2999999999888
177430744.9672,1498.6000000000226,1279.2999999999888
177430746.9672,1498.6000000000226,1279.2999999999888
177430748.9672,1498.6000000000226,1279.2999999999888
177430750.9672,1498.6000000000226,1279.2999999999888
177430752.9672,1498.6000000000226,1279.2999999999888
177430754.9672,1498.6000000000226,1279.2999999999888
177430756.9672,1498.6000000000226,1279.2999999999888
177430758.9672,1498.6000000000226,1279.199999999989
177430760.9672,1498.6000000000226,1279.199999999989
177430762.9672,1498.6000000000226,1279.199999999989
177430764.9672,1498.6000000000226,1279.199999999989
177430766.9672,1498.6000000000226,1279.199999999989
177430768.9672,1498.5000000000227,1279.199999999989
177430770.9672,1498.3000000000227,1279.199999999989
177430772.9672,1498.2000000000228,1279.199999999989
177430774.9672,1498.2000000000228,1279.199999999989
177430776.9672,1498.0000000000227,1279.199999999989
177430779.0672,1497.9000000000228,1279.199999999989
177430780.9672,1497.9000000000228,1279.199999999989
177430782.9672,1497.800000000023,1279.199999999989
177430784.9672,1497.700000000023,1279.199999999989
177430786.9672,1497.600000000023,1279.199999999989
177430788.9672,1497.600000000023,1279.199999999989
177430790.9672,1497.600000000023,1279.199999999989
177430792.9672,1497.5000000000232,1279.199999999989
177430794.9672,1497.5000000000232,1279.199999999989
177430796.9672,1497.5000000000232,1279.199999999989
177430798.9672,1497.5000000000232,1279.199999999989
177430800.9672,1497.5000000000232,1279.199999999989
177430802.9672,1497.600000000023,1279.199999999989
177430804.9672,1497.600000000023,1279.199999999989
177430806.9672,1497.600000000023,1279.199999999989
177430808.9672,1497.600000000023,1279.199999999989
177430810.9672,1497.700000000023,1279.199999999989
177430812.9672,1497.600000000023,1279.199999999989
177430814.9672,1497.600000000023,1279.199999999989
177430816.9672,1497.600000000023,1279.199999999989
177430818.9672,1497.600000000023,1279.199999999989
177430820.9672,1497.600000000023,1279.199999999989
177430822.9672,1497.600000000023,1279.2999999999888
177430824.9672,1497.600000000023,1279.199999999989
177430826.9672,1497.600000000023,1279.199999999989
177430828.9672,1497.600000000023,1279.199999999989
177430830.9672,1497.600000000023,1279.199999999989
177430832.9672,1497.600000000023,1279.199999999989
177430834.9672,1497.600000000023,1279.199999999989
177430836.9672,1497.600000000023,1279.199999999989
177430838.9672,1497.600000000023,1279.199999999989
177430840.9672,1497.600000000023,1279.199999999989
177430842.9672,1497.600000000023,1279.199999999989
177430844.9672,1497.700000000023,1279.2999999999888
177430846.9672,1497.700000000023,1279.2999999999888
177430848.9672,1497.700000000023,1279.2999999999888
177430850.9672,1497.600000000023,1279.199999999989
177430852.9672,1497.600000000023,1279.199999999989
177430854.9672,1497.400000000023,1279.199999999989
177430856.9672,1497.3000000000231,1279.199999999989
177430858.9672,1497.2000000000232,1279.199999999989
177430860.9672,1497.1000000000233,1279.199999999989
177430862.9672,1497.1000000000233,1279.199999999989
177430864.9672,1497.0000000000234,1279.199999999989
177430866.9672,1497.0000000000234,1279.199999999989
177430868.9672,1497.0000000000234,1279.199999999989
177430870.9672,1496.9000000000235,1279.199999999989
177430872.9672,1496.8000000000236,1279.2999999999888
177430874.9672,1496.7000000000237,1279.2999999999888
177430876.9672,1496.6000000000238,1279.2999999999888
177430878.9672,1496.6000000000238,1279.2999999999888
177430880.9672,1496.6000000000238,1279.2999999999888
177430882.9672,1496.4000000000237,1279.2999999999888
177430884.9672,1496.3000000000238,1279.2999999999888
177430886.9672,1496.3000000000238,1279.2999999999888
177430888.9672,1496.3000000000238,1279.2999999999888
177430890.9672,1496.3000000000238,1279.3999999999887
177430892.9672,1496.3000000000238,1279.3999999999887
177430894.9672,1496.4000000000237,1279.3999999999887
177430896.9672,1496.7000000000237,1279.2999999999888
177430898.9672,1475.0000000000236,1279.2999999999888
177430900.9672,1497.0000000000236,1279.2999999999888
177430902.9672,1497.4000000000237,1279.2999999999888
177430904.9672,1497.4000000000237,1279.2999999999888
177430906.9672,1497.5000000000236,1279.2999999999888
177430908.9672,1497.5000000000236,1279.4999999999889
177430910.9672,1497.5000000000236,1279.4999999999889
177430912.9672,1497.5000000000236,1279.4999999999889
177430914.9672,1497.6000000000236,1279.4999999999889
177430916.9672,1497.5000000000236,1279.4999999999889
177430918.9672,1497.5000000000236,1279.5999999999888
177430920.9672,1497.4000000000237,1279.5999999999888
177430922.9672,1497.4000000000237,1279.6999999999887
177430924.9672,1497.4000000000237,1279.6999999999887
177430926.9672,1497.4000000000237,1279.6999999999887
177430928.9672,1497.2000000000237,1279.6999999999887
177430930.9672,1497.2000000000237,1279.6999999999887
177430932.9672,1497.2000000000237,1279.6999999999887
177430934.9672,1497.1000000000238,1279.7999999999886
177430936.9672,1497.1000000000238,1279.7999999999886
177430938.9672,1497.0000000000239,1279.7999999999886
177430940.9672,1497.0000000000239,1279.8999999999885
177430942.9672,1496.900000000024,1279.8999999999885
177430944.9672,1496.900000000024,1279.8999999999885
177430946.9672,1496.900000000024,1279.8999999999885
177430948.9672,1496.900000000024,1279.8999999999885
177430950.9672,1496.900000000024,1279.8999999999885
177430952.9672,1496.900000000024,1279.8999999999885
177430954.9672,1496.900000000024,1279.8999999999885
177430956.9672,1496.900000000024,1279.9999999999884
177430958.9672,1496.800000000024,1279.9999999999884
177430960.9672,1496.7000000000241,1280.0999999999883
177430962.9672,1496.7000000000241,1280.0999999999883
177430964.9672,1496.7000000000241,1280.0999999999883
177430966.9672,1496.7000000000241,1280.0999999999883
177430968.9672,1496.7000000000241,1280.0999999999883
177430970.9672,1496.7000000000241,1280.0999999999883
177430972.9672,1496.6000000000242,1280.0999999999883
177430974.9672,1496.6000000000242,1280.0999999999883
177430976.9672,1496.5000000000243,1280.0999999999883
177430978.9672,1496.5000000000243,1280.0999999999883
177430980.9672,1496.5000000000243,1280.0999999999883
177430982.9672,1496.6000000000242,1280.0999999999883
177430984.9672,1496.6000000000242,1280.0999999999883
177430986.9672,1496.4000000000242,1279.9999999999884
177430988.9672,1496.3000000000243,1279.9999999999884
177430990.9672,1496.3000000000243,1279.8999999999885
177430992.9672,1496.3000000000243,1279.8999999999885
177430994.9672,1496.3000000000243,1279.8999999999885
177430996.9672,1496.5000000000243,1279.8999999999885
177430998.9672,1496.5000000000243,1279.8999999999885
177431000.9672,1496.5000000000243,1279.8999999999885
177431003.0672,1496.7000000000244,1279.8999999999885
177431005.0672,1496.8000000000243,1279.8999999999885
177431007.0672,1496.7000000000244,1279.8999999999885
177431009.0672,1496.7000000000244,1279.8999999999885
177431011.0672,1496.6000000000245,1279.8999999999885
177431013.0672,1496.7000000000244,1279.8999999999885
177431015.0672,1496.7000000000244,1279.9999999999884
177431017.0672,1496.7000000000244,1279.9999999999884
177431019.0672,1496.6000000000245,1279.9999999999884
177431021.0672,1496.6000000000245,1279.9999999999884
177431023.0672,1496.5000000000246,1279.9999999999884
177431025.0672,1496.4000000000246,1279.9999999999884
177431027.0672,1496.4000000000246,1279.9999999999884
177431029.0672,1496.4000000000246,1279.9999999999884
177431031.0672,1496.4000000000246,1279.9999999999884
177431033.0672,1496.4000000000246,1279.9999999999884
177431035.0672,1496.4000000000246,1279.9999999999884
177431037.0672,1496.4000000000246,1279.1999999999884
177431039.0672,1496.2000000000246,1279.1999999999884
177431041.0672,1496.2000000000246,1279.1999999999884
177431043.0672,1496.2000000000246,1279.1999999999884
177431045.0672,1496.2000000000246,1279.1999999999884
177431047.0672,1496.2000000000246,1279.1999999999884
177431049.0672,1496.2000000000246,1279.1999999999884
177431051.0672,1496.1000000000247,1279.1999999999884
177431053.0672,1496.1000000000247,1279.1999999999884
177431055.0672,1496.1000000000247,1279.1999999999884
177431057.0672,1496.1000000000247,1279.1999999999884
177431059.0672,1496.1000000000247,1279.1999999999884
177431061.0672,1496.0000000000248,1279.2999999999884
177431063.0672,1496.0000000000248,1279.2999999999884
177431065.0672,1495.9000000000249,1279.2999999999884
177431067.0672,1495.9000000000249,1279.2999999999884
177431069.0672,1495.9000000000249,1279.2999999999884
177431071.0672,1495.9000000000249,1279.2999999999884
177431073.0672,1495.9000000000249,1279.2999999999884
177431075.0672,1495.9000000000249,1279.2999999999884
177431077.0672,1495.9000000000249,1279.2999999999884
177431079.0672,1496.2000000000248,1279.2999999999884
177431081.0672,1496.100000000025,1279.2999999999884
177431083.0672,1496.100000000025,1279.2999999999884
177431085.0672,1496.100000000025,1279.3999999999883
177431087.0672,1496.100000000025,1279.3999999999883
177431089.0672,1496.000000000025,1279.4999999999882
177431091.0672,1495.900000000025,1279.4999999999882
177431093.0672,1495.900000000025,1279.4999999999882
177431095.0672,1495.900000000025,1279.4999999999882
177431097.0672,1495.900000000025,1279.4999999999882
177431099.0672,1495.900000000025,1279.4999999999882
177431101.0672,1495.900000000025,1279.4999999999882
177431103.0672,1495.900000000025,1279.599999999988
177431105.0672,1495.700000000025,1279.599999999988
177431107.0672,1495.700000000025,1279.599999999988
177431109.0672,1495.6000000000251,1279.599999999988
177431111.0672,1495.5000000000252,1279.599999999988
177431113.0672,1495.5000000000252,1279.599999999988
177431115.0672,1495.5000000000252,1279.599999999988
177431117.0672,1495.5000000000252,1279.599999999988
177431119.0672,1495.5000000000252,1279.599999999988
177431121.0672,1495.4000000000253,1279.599999999988
177431123.0672,1495.4000000000253,1279.599999999988
177431125.0672,1495.4000000000253,1279.599999999988
177431127.0672,1495.4000000000253,1279.599999999988
177431129.0672,1495.4000000000253,1279.599999999988
177431131.0672,1495.4000000000253,1279.599999999988
177431133.0672,1495.4000000000253,1279.599999999988
177431135.0672,1495.4000000000253,1279.4999999999882
177431137.0672,1495.3000000000254,1279.4999999999882
177431139.0672,1495.3000000000254,1279.4999999999882
177431141.0672,1495.3000000000254,1279.4999999999882
177431143.0672,1495.2000000000255,1279.4999999999882
177431145.0672,1495.2000000000255,1279.4999999999882
177431147.0672,1495.2000000000255,1279.4999999999882
177431149.0672,1495.2000000000255,1279.4999999999882
177431151.0672,1495.1000000000256,1279.4999999999882
177431153.0672,1494.8000000000256,1279.4999999999882
177431155.0672,1494.8000000000256,1279.4999999999882
177431157.0672,1494.8000000000256,1279.4999999999882
177431159.0672,1494.8000000000256,1279.4999999999882
177431161.0672,1494.8000000000256,1279.4999999999882
177431163.0672,1494.8000000000256,1279.4999999999882
177431165.0672,1494.8000000000256,1279.4999999999882
177431167.0672,1494.8000000000256,1279.4999999999882
177431169.0672,1494.8000000000256,1279.4999999999882
177431171.0672,1495.0000000000257,1279.4999999999882
177431173.0672,1494.8000000000256,1279.4999999999882
177431175.0672,1494.8000000000256,1279.4999999999882
177431177.0672,1494.8000000000256,1279.4999999999882
177431179.0672,1494.7000000000257,1279.4999999999882
177431181.0672,1494.7000000000257,1279.2999999999881
177431183.0672,1494.6000000000258,1279.2999999999881
177431185.0672,1494.6000000000258,1279.2999999999881
177431187.0672,1494.500000000026,1279.2999999999881
177431189.0672,1494.400000000026,1279.2999999999881
177431191.0672,1494.400000000026,1279.2999999999881
177431193.0672,1494.400000000026,1279.2999999999881
177431195.0672,1494.400000000026,1279.2999999999881
177431197.0672,1494.400000000026,1279.2999999999881
177431199.0672,1494.500000000026,1279.2999999999881
177431201.0672,1494.500000000026,1279.2999999999881
177431203.0672,1495.000000000026,1279.2999999999881
177431205.0672,1495.000000000026,1279.2999999999881
177431207.0672,1495.000000000026,1279.2999999999881
177431209.0672,1495.000000000026,1279.2999999999881
177431211.0672,1495.000000000026,1279.2999999999881
177431213.0672,1495.000000000026,1279.2999999999881
177431215.0672,1494.900000000026,1279.2999999999881
177431217.0672,1495.000000000026,1279.2999999999881
177431219.0672,1495.500000000026,1279.2999999999881
177431221.0672,1495.6000000000258,1279.2999999999881
177431223.0672,1495.6000000000258,1279.2999999999881
177431225.0672,1495.6000000000258,1279.2999999999881
177431227.0672,1495.9000000000258,1279.2999999999881
177431229.0672,1496.0000000000257,1279.2999999999881
177431231.0672,1496.2000000000257,1279.2999999999881
177431233.0672,1496.2000000000257,1279.2999999999881
177431235.0672,1496.2000000000257,1279.2999999999881
177431237.0672,1496.2000000000257,1279.2999999999881
177431239.0672,1496.2000000000257,1279.399999999988
177431241.0672,1496.7000000000257,1279.399999999988
177431243.0672,1496.7000000000257,1279.399999999988
177431245.0672,1496.7000000000257,1279.399999999988
177431247.0672,1496.7000000000257,1279.399999999988
177431249.0672,1496.7000000000257,1279.399999999988
177431251.0672,1496.6000000000258,1279.2999999999881
177431253.0672,1496.6000000000258,1279.2999999999881
177431255.0672,1496.7000000000257,1279.2999999999881
177431257.0672,1496.7000000000257,1279.399999999988
177431259.0672,1496.7000000000257,1279.399999999988
177431261.0672,1496.7000000000257,1279.399999999988
177431263.0672,1496.7000000000257,1279.399999999988
177431265.0672,1496.6000000000258,1279.399999999988
177431267.0672,1496.6000000000258,1279.399999999988
177431269.0672,1496.7000000000257,1279.399999999988
177431271.0672,1496.7000000000257,1279.399999999988
177431273.0672,1496.6000000000258,1279.399999999988
177431275.0672,1496.7000000000257,1279.399999999988
177431277.0672,1496.7000000000257,1279.399999999988
177431279.0672,1496.7000000000257,1279.399999999988
177431281.0672,1496.6000000000258,1279.499999999988
177431283.0672,1496.6000000000258,1279.499999999988
177431285.0672,1496.6000000000258,1279.499999999988
177431287.0672,1496.6000000000258,1279.399999999988
177431289.0672,1496.500000000026,1279.399999999988
177431291.0672,1496.500000000026,1279.399999999988
177431293.0672,1496.6000000000258,1279.399999999988
177431295.0672,1496.6000000000258,1279.399999999988
177431297.0672,1496.6000000000258,1279.399999999988
177431299.0672,1496.6000000000258,1279.399999999988
177431301.0672,1496.6000000000258,1279.399999999988
177431303.0672,1496.500000000026,1279.399999999988
177431305.0672,1496.500000000026,1279.399999999988
177431307.0672,1496.500000000026,1279.399999999988
177431309.0672,1496.500000000026,1279.399999999988
177431311.0672,1496.500000000026,1279.399999999988
177431313.0672,1496.400000000026,1279.399999999988
177431315.0672,1496.400000000026,1279.399999999988
177431317.0672,1496.300000000026,1279.399999999988
177431319.0672,1496.300000000026,1279.399999999988
177431321.0672,1496.300000000026,1279.399999999988
177431323.0672,1496.300000000026,1279.399999999988
177431325.0672,1496.300000000026,1279.399999999988
177431327.0672,1496.300000000026,1279.399999999988
177431329.0672,1496.2000000000262,1279.399999999988
177431331.0672,1496.0000000000261,1279.399999999988
177431333.0672,1495.800000000026,1279.399999999988
177431335.0672,1495.900000000026,1279.399999999988
177431337.0672,1495.900000000026,1279.399999999988
177431339.0672,1495.900000000026,1279.2999999999881
177431341.0672,1495.700000000026,1279.2999999999881
177431343.0672,1495.600000000026,1279.399999999988
177431345.0672,1495.600000000026,1279.499999999988
177431347.0672,1495.600000000026,1279.499999999988
177431349.0672,1495.800000000026,1279.499999999988
177431351.0672,1495.800000000026,1279.499999999988
177431353.0672,1495.7000000000262,1279.499999999988
177431355.0672,1495.800000000026,1279.499999999988
177431357.0672,1495.800000000026,1279.5999999999879
177431359.0672,1495.800000000026,1279.5999999999879
177431361.0672,1495.800000000026,1279.5999999999879
177431363.0672,1495.900000000026,1279.5999999999879
177431365.0672,1495.900000000026,1279.5999999999879
177431367.0672,1495.900000000026,1279.5999999999879
177431369.0672,1496.400000000026,1279.5999999999879
177431371.0672,1496.600000000026,1279.5999999999879
177431373.0672,1496.700000000026,1279.5999999999879
177431375.0672,1496.700000000026,1279.5999999999879
177431377.0672,1496.700000000026,1279.5999999999879
177431379.0672,1496.700000000026,1279.499999999988
177431381.0672,1496.700000000026,1279.5999999999879
177431383.0672,1496.500000000026,1279.5999999999879
177431385.0672,1496.500000000026,1279.6999999999878
177431387.0672,1496.3000000000259,1279.5999999999879
177431389.0672,1496.3000000000259,1279.5999999999879
177431391.0672,1496.3000000000259,1279.5999999999879
177431393.0672,1496.200000000026,1279.5999999999879
177431395.0672,1496.3000000000259,1279.5999999999879
177431397.0672,1496.500000000026,1279.6999999999878
177431399.0672,1496.500000000026,1279.6999999999878
177431401.0672,1496.6000000000258,1279.6999999999878
177431403.0672,1496.6000000000258,1279.6999999999878
177431405.0672,1496.6000000000258,1279.7999999999877
177431407.0672,1496.6000000000258,1279.7999999999877
177431409.0672,1496.6000000000258,1279.7999999999877
177431411.0672,1496.500000000026,1279.7999999999877
177431413.0672,1496.3000000000259,1279.7999999999877
177431415.0672,1496.3000000000259,1279.7999999999877
177431417.0672,1496.3000000000259,1279.7999999999877
177431419.0672,1496.3000000000259,1279.7999999999877
177431421.0672,1496.3000000000259,1279.7999999999877
177431423.0672,1496.3000000000259,1279.7999999999877
177431425.0672,1496.3000000000259,1279.7999999999877
177431427.0672,1496.3000000000259,1279.2999999999877
177431429.0672,1496.6000000000258,1279.2999999999877
177431431.0672,1496.3000000000259,1279.2999999999877
177431433.0672,1496.000000000026,1279.2999999999877
177431435.0672,1496.000000000026,1279.2999999999877
177431437.0672,1496.000000000026,1279.2999999999877
177431439.0672,1496.200000000026,1279.2999999999877
177431441.0672,1474.500000000026,1279.2999999999877
177431443.1672,1455.000000000026,1279.2999999999877
177431445.0672,1455.000000000026,1279.2999999999877
177431447.0672,1496.6000000000258,1279.2999999999877
177431449.0672,1496.6000000000258,1279.2999999999877
177431451.0672,1496.6000000000258,1279.2999999999877
177431453.0672,1496.6000000000258,1279.3999999999876
177431455.0672,1496.7000000000257,1279.3999999999876
177431457.0672,1496.6000000000258,1279.3999999999876
177431459.0672,1496.6000000000258,1279.3999999999876
177431461.0672,1496.6000000000258,1279.4999999999875
177431463.0672,1496.7000000000257,1279.3999999999876
177431465.0672,1496.7000000000257,1279.3999999999876
177431467.0672,1496.6000000000258,1279.3999999999876
177431469.0672,1494.000000000026,1279.3999999999876
177431471.0672,1494.000000000026,1279.3999999999876
177431473.0672,1494.000000000026,1279.3999999999876
177431475.0672,1493.900000000026,1279.3999999999876
177431477.0672,1493.900000000026,1279.3999999999876
177431479.0672,1493.900000000026,1279.3999999999876
177431481.0672,1493.900000000026,1279.3999999999876
177431483.0672,1493.900000000026,1279.3999999999876
177431485.0672,1493.800000000026,1279.3999999999876
177431487.0672,1493.7000000000262,1279.3999999999876
177431489.0672,1493.5000000000261,1279.3999999999876
177431491.0672,1493.4000000000262,1279.4999999999875
177431493.0672,1493.4000000000262,1279.4999999999875
177431495.0672,1487.0000000000261,1279.4999999999875
177431497.0672,1486.9000000000262,1279.3999999999876
177431499.0672,1486.9000000000262,1279.3999999999876
177431501.0672,1486.9000000000262,1279.3999999999876
177431503.0672,1486.8000000000263,1279.3999999999876
177431505.0672,1486.8000000000263,1279.3999999999876
177431507.0672,1486.7000000000264,1279.3999999999876
177431509.0672,1486.8000000000263,1279.3999999999876
177431511.0672,1486.8000000000263,1279.3999999999876
177431513.0672,1486.8000000000263,1279.3999999999876
177431515.0672,1486.8000000000263,1279.4999999999875
177431517.0672,1486.8000000000263,1279.2999999999874
177431519.0672,1486.8000000000263,1279.2999999999874
177431521.0672,1486.6000000000263,1279.2999999999874
177431523.0672,1486.6000000000263,1279.2999999999874
177431525.0672,1486.6000000000263,1279.3999999999874
177431527.0672,1486.6000000000263,1279.3999999999874
177431529.0672,1486.6000000000263,1279.3999999999874
177431531.0672,1486.6000000000263,1279.3999999999874
177431533.0672,1486.6000000000263,1279.3999999999874
177431535.0672,1486.5000000000264,1279.3999999999874
177431537.0672,1486.5000000000264,1279.3999999999874
177431539.0672,1486.5000000000264,1279.3999999999874
177431541.0672,1486.5000000000264,1279.3999999999874
177431543.0672,1486.5000000000264,1279.3999999999874
177431545.0672,1486.4000000000265,1279.3999999999874
177431547.0672,1486.4000000000265,1279.3999999999874
177431549.0672,1486.3000000000266,1279.3999999999874
177431551.0672,1486.3000000000266,1279.3999999999874
177431553.0672,1486.3000000000266,1279.3999999999874
177431555.0672,1465.9000000000265,1279.3999999999874
177431557.0672,1465.9000000000265,1279.3999999999874
177431559.0672,1465.9000000000265,1279.3999999999874
177431561.0672,1465.8000000000266,1279.3999999999874
177431563.0672,1465.8000000000266,1279.3999999999874
177431565.0672,1465.8000000000266,1279.3999999999874
177431567.0672,1465.8000000000266,1279.3999999999874
177431569.0672,1465.8000000000266,1279.3999999999874
177431571.0672,1465.8000000000266,1279.4999999999873
177431573.0672,1465.8000000000266,1279.4999999999873
177431575.0672,1465.7000000000266,1279.4999999999873
177431577.0672,1465.7000000000266,1279.3999999999874
177431579.0672,1470.0000000000266,1279.3999999999874
177431581.0672,1470.0000000000266,1279.3999999999874
177431583.0672,1486.6000000000265,1279.3999999999874
177431585.0672,1486.6000000000265,1279.3999999999874
177431587.0672,1486.6000000000265,1279.3999999999874
177431589.0672,1486.6000000000265,1279.3999999999874
177431591.0672,1486.6000000000265,1279.3999999999874
177431593.0672,1486.6000000000265,1279.3999999999874
177431595.0672,1486.6000000000265,1279.3999999999874
177431597.0672,1486.6000000000265,1279.3999999999874
177431599.0672,1486.6000000000265,1279.3999999999874
177431601.0672,1486.5000000000266,1279.3999999999874
177431603.0672,1486.5000000000266,1279.3999999999874
177431605.0672,1486.5000000000266,1279.3999999999874
177431607.0672,1486.5000000000266,1279.9999999999873
177431609.0672,1486.5000000000266,1279.9999999999873
177431611.0672,1486.5000000000266,1279.9999999999873
177431613.0672,1486.5000000000266,1279.9999999999873
177431615.0672,1486.5000000000266,1279.9999999999873
177431617.0672,1486.5000000000266,1279.9999999999873
177431619.0672,1486.5000000000266,1279.9999999999873
177431621.0672,1486.5000000000266,1279.3999999999874
177431623.0672,1486.5000000000266,1279.3999999999874
177431625.0672,1486.5000000000266,1279.3999999999874
177431627.0672,1486.4000000000267,1279.3999999999874
177431629.0672,1470.0000000000266,1279.3999999999874
177431631.0672,1469.0000000000266,1279.3999999999874
177431633.0672,1468.9000000000267,1279.2999999999874
177431635.0672,1468.8000000000268,1279.2999999999874
177431637.0672,1468.4000000000267,1279.2999999999874
177431639.0672,1468.2000000000266,1279.2999999999874
177431641.0672,1468.0000000000266,1279.2999999999874
177431643.0672,1467.9000000000267,1279.2999999999874
177431645.0672,1465.0000000000266,1279.2999999999874
177431647.0672,1465.0000000000266,1279.2999999999874
177431649.0672,1465.0000000000266,1279.3999999999874
177431651.0672,1464.9000000000267,1279.3999999999874
177431653.0672,1464.8000000000268,1279.3999999999874
177431655.0672,1446.3000000000268,1279.2999999999874
177431657.0672,1446.3000000000268,1279.2999999999874
177431659.0672,1446.3000000000268,1279.2999999999874
177431661.0672,1446.3000000000268,1279.2999999999874
177431663.1672,1446.3000000000268,1279.2999999999874
177431665.0672,1446.3000000000268,1279.2999999999874
177431667.0672,1446.3000000000268,1279.2999999999874
177431669.0672,1446.3000000000268,1279.2999999999874
177431671.0672,1446.3000000000268,1279.2999999999874
177431673.0672,1468.0000000000268,1279.2999999999874
177431675.0672,1468.0000000000268,1279.2999999999874
177431677.0672,1468.0000000000268,1279.2999999999874
177431679.0672,1467.6000000000267,1279.2999999999874
177431681.0672,1467.6000000000267,1279.2999999999874
177431683.0672,1467.6000000000267,1279.2999999999874
177431685.0672,1467.6000000000267,1279.2999999999874
177431687.0672,1467.6000000000267,1279.2999999999874
177431689.0672,1467.9000000000267,1279.2999999999874
177431691.0672,1468.0000000000266,1279.2999999999874
177431693.0672,1468.1000000000265,1279.2999999999874
177431695.0672,1468.2000000000264,1279.2999999999874
177431697.0672,1468.3000000000263,1279.2999999999874
177431699.0672,1468.3000000000263,1279.2999999999874
177431701.0672,1468.2000000000264,1279.2999999999874
177431703.0672,1468.2000000000264,1279.2999999999874
177431705.0672,1468.2000000000264,1279.2999999999874
177431707.0672,1468.2000000000264,1279.4999999999875
177431709.0672,1468.1000000000265,1279.4999999999875
177431711.0672,1467.8000000000266,1279.4999999999875
177431713.0672,1467.6000000000265,1279.4999999999875
177431715.0672,1467.5000000000266,1279.4999999999875
177431717.0672,1467.5000000000266,1279.4999999999875
177431719.0672,1467.4000000000267,1279.4999999999875
177431721.0672,1467.4000000000267,1279.2999999999874
177431723.0672,1467.4000000000267,1279.3999999999874
177431725.0672,1467.4000000000267,1279.3999999999874
177431727.0672,1467.4000000000267,1279.3999999999874
177431729.0672,1467.4000000000267,1279.3999999999874
177431731.0672,1467.4000000000267,1279.3999999999874
177431733.0672,1467.4000000000267,1279.5999999999874
177431735.0672,1467.4000000000267,1279.5999999999874
177431737.0672,1467.4000000000267,1279.5999999999874
177431739.0672,1467.6000000000267,1279.5999999999874
177431741.0672,1467.6000000000267,1279.5999999999874
177431743.0672,1467.5000000000268,1279.5999999999874
177431745.0672,1467.5000000000268,1279.5999999999874
177431747.0672,1467.5000000000268,1279.5999999999874
177431749.0672,1467.5000000000268,1279.5999999999874
177431751.0672,1460.0000000000268,1279.5999999999874
177431753.0672,1460.0000000000268,1279.5999999999874
177431755.0672,1467.6000000000267,1279.5999999999874
177431757.0672,1467.7000000000266,1279.5999999999874
177431759.0672,1467.7000000000266,1279.4999999999875
177431761.0672,1467.8000000000266,1279.5999999999874
177431763.0672,1467.9000000000265,1279.5999999999874
177431765.0672,1467.9000000000265,1279.5999999999874
177431767.0672,1467.9000000000265,1279.5999999999874
177431769.0672,1468.0000000000264,1279.5999999999874
177431771.0672,1468.0000000000264,1279.5999999999874
177431773.0672,1468.0000000000264,1279.5999999999874
177431775.0672,1468.0000000000264,1279.5999999999874
177431777.0672,1468.0000000000264,1279.5999999999874
177431779.0672,1468.0000000000264,1279.5999999999874
177431781.0672,1468.2000000000264,1279.5999999999874
177431783.0672,1468.2000000000264,1279.5999999999874
177431785.0672,1449.2000000000264,1279.5999999999874
177431787.0672,1468.1000000000265,1279.5999999999874
177431789.0672,1468.1000000000265,1279.5999999999874
177431791.0672,1468.1000000000265,1279.5999999999874
177431793.0672,1468.2000000000264,1279.5999999999874
177431795.0672,1468.2000000000264,1279.5999999999874
177431797.0672,1468.2000000000264,1279.5999999999874
177431799.0672,1468.2000000000264,1279.5999999999874
177431801.0672,1468.2000000000264,1279.5999999999874
177431803.0672,1468.2000000000264,1279.5999999999874
177431805.0672,1468.3000000000263,1279.5999999999874
177431807.0672,1468.3000000000263,1279.5999999999874
177431809.0672,1468.4000000000262,1279.5999999999874
177431811.0672,1468.2000000000262,1288.9999999999875
177431813.0672,1468.1000000000263,1288.9999999999875
177431815.0672,1467.8000000000263,1288.9999999999875
177431817.0672,1468.3000000000263,1288.9999999999875
177431819.0672,1468.0000000000264,1288.9999999999875
177431821.0672,1468.1000000000263,1288.9999999999875
177431823.0672,1468.0000000000264,1288.9999999999875
177431825.0672,1468.1000000000263,1288.9999999999875
177431827.0672,1468.1000000000263,1288.9999999999875
177431829.0672,1468.1000000000263,1288.9999999999875
177431831.0672,1468.0000000000264,1279.3999999999876
177431833.0672,1468.0000000000264,1279.3999999999876
177431835.0672,1460.0000000000264,1279.3999999999876
177431837.0672,1459.9000000000265,1279.3999999999876
177431839.0672,1459.9000000000265,1279.3999999999876
177431841.0672,1440.0000000000264,1279.3999999999876
177431843.0672,1440.0000000000264,1279.3999999999876
177431845.0672,1439.9000000000265,1279.3999999999876
177431847.0672,1439.8000000000266,1279.3999999999876
177431849.0672,1439.7000000000266,1279.3999999999876
177431851.0672,1439.7000000000266,1279.3999999999876
177431853.0672,1439.7000000000266,1279.3999999999876
177431855.0672,1439.7000000000266,1279.3999999999876
177431857.0672,1439.7000000000266,1279.3999999999876
177431859.0672,1439.7000000000266,1279.3999999999876
177431861.0672,1430.0000000000266,1279.3999999999876
177431863.0672,1430.0000000000266,1279.3999999999876
177431865.0672,1429.9000000000267,1279.3999999999876
177431867.0672,1429.9000000000267,1279.3999999999876
177431869.0672,1429.9000000000267,1279.3999999999876
177431871.0672,1429.9000000000267,1279.3999999999876
177431873.0672,1429.9000000000267,1279.3999999999876
177431875.0672,1429.7000000000266,1279.3999999999876
177431877.0672,1429.8000000000266,1279.3999999999876
177431879.0672,1429.8000000000266,1279.3999999999876
177431881.0672,1429.8000000000266,1279.3999999999876
177431883.0672,1429.8000000000266,1279.3999999999876
177431885.0672,1429.8000000000266,1279.3999999999876
177431887.0672,1429.8000000000266,1279.4999999999875
177431889.0672,1429.8000000000266,1279.4999999999875
177431891.0672,1429.7000000000266,1279.4999999999875
177431893.0672,1429.7000000000266,1279.3999999999876
177431895.0672,1429.7000000000266,1279.3999999999876
177431897.0672,1429.7000000000266,1279.3999999999876
177431899.0672,1429.7000000000266,1279.3999999999876
177431901.0672,1429.7000000000266,1279.3999999999876
177431903.0672,1429.7000000000266,1279.3999999999876
177431905.0672,1429.7000000000266,1279.3999999999876
177431907.0672,1429.6000000000267,1279.3999999999876
177431909.0672,1429.5000000000268,1279.3999999999876
177431911.0672,1429.5000000000268,1279.3999999999876
177431913.0672,1429.5000000000268,1279.3999999999876
177431915.0672,1429.6000000000267,1279.3999999999876
177431917.0672,1415.0000000000268,1279.3999999999876
177431919.0672,1415.0000000000268,1279.3999999999876
177431921.0672,1414.8000000000268,1279.3999999999876
177431923.0672,1414.5000000000268,1279.3999999999876
177431925.0672,1414.2000000000269,1279.3999999999876
177431927.0672,1414.0000000000268,1279.3999999999876
177431929.0672,1413.7000000000269,1279.3999999999876
177431931.0672,1413.7000000000269,1279.4999999999875
177431933.0672,1413.7000000000269,1279.4999999999875
177431935.0672,1413.600000000027,1279.3999999999876
177431937.0672,1413.500000000027,1279.3999999999876
177431939.0672,1413.4000000000271,1279.3999999999876
177431941.0672,1413.4000000000271,1279.3999999999876
177431943.0672,1413.3000000000272,1279.3999999999876
177431945.0672,1413.2000000000273,1279.2999999999877
177431947.0672,1413.2000000000273,1279.2999999999877
177431949.0672,1413.2000000000273,1279.3999999999876
177431951.0672,1413.1000000000274,1279.2999999999877
177431953.0672,1413.1000000000274,1279.2999999999877
177431955.0672,1413.1000000000274,1279.1999999999878
177431957.0672,1413.1000000000274,1279.1999999999878
177431959.0672,1413.1000000000274,1279.1999999999878
177431961.0672,1413.0000000000275,1279.1999999999878
177431963.0672,1412.9000000000276,1279.1999999999878
177431965.0672,1412.8000000000277,1279.1999999999878
177431967.0672,1412.8000000000277,1279.1999999999878
177431969.0672,1399.9000000000276,1279.1999999999878
177431971.0672,1399.8000000000277,1279.1999999999878
177431973.0672,1399.8000000000277,1279.1999999999878
177431975.0672,1399.8000000000277,1279.1999999999878
177431977.0672,1399.8000000000277,1279.1999999999878
177431979.0672,1399.8000000000277,1279.1999999999878
177431981.0672,1399.8000000000277,1279.1999999999878
177431983.0672,1399.8000000000277,1279.1999999999878
177431985.0672,1399.8000000000277,1279.1999999999878
177431987.0672,1399.8000000000277,1279.1999999999878
177431989.0672,1399.7000000000278,1279.1999999999878
177431991.0672,1399.6000000000279,1279.1999999999878
177431993.0672,1399.6000000000279,1279.1999999999878
177431995.0672,1399.6000000000279,1279.1999999999878
177431997.0672,1399.6000000000279,1279.1999999999878
177431999.0672,1399.6000000000279,1279.1999999999878
177432001.0672,1399.6000000000279,1279.1999999999878
177432003.0672,1399.6000000000279,1279.1999999999878
177432005.0672,1399.500000000028,1279.1999999999878
177432007.0672,1399.500000000028,1279.1999999999878
177432009.0672,1399.400000000028,1279.1999999999878
177432011.0672,1399.400000000028,1279.1999999999878
177432013.0672,1399.500000000028,1279.1999999999878
177432015.0672,1399.500000000028,1279.1999999999878
177432017.0672,1399.500000000028,1279.1999999999878
177432019.0672,1399.500000000028,1279.1999999999878
177432021.0672,1399.300000000028,1279.1999999999878
177432023.0672,1399.000000000028,1279.1999999999878
177432025.0672,1398.6000000000279,1279.1999999999878
177432027.0672,1398.2000000000278,1279.1999999999878
177432029.0672,1398.2000000000278,1279.1999999999878
177432031.0672,1398.2000000000278,1279.1999999999878
177432033.0672,1398.2000000000278,1279.1999999999878
177432035.0672,1398.2000000000278,1279.1999999999878
177432037.0672,1398.2000000000278,1279.1999999999878
177432039.0672,1398.2000000000278,1279.1999999999878
177432041.0672,1398.2000000000278,1279.1999999999878
177432043.0672,1398.2000000000278,1279.1999999999878
177432045.0672,1398.2000000000278,1279.1999999999878
177432047.0672,1398.1000000000279,1279.1999999999878
177432049.0672,1398.1000000000279,1279.1999999999878
177432051.0672,1398.000000000028,1279.1999999999878
177432053.0672,1398.000000000028,1279.1999999999878
177432055.0672,1398.000000000028,1279.1999999999878
177432057.0672,1397.900000000028,1279.1999999999878
177432059.0672,1397.900000000028,1279.1999999999878
177432061.0672,1397.900000000028,1279.1999999999878
177432063.0672,1397.900000000028,1279.1999999999878
177432065.0672,1397.900000000028,1279.1999999999878
177432067.0672,1397.900000000028,1279.1999999999878
177432069.0672,1397.8000000000281,1279.1999999999878
177432071.0672,1397.7000000000282,1279.1999999999878
177432073.0672,1397.8000000000281,1279.1999999999878
177432075.0672,1397.8000000000281,1279.1999999999878
177432077.0672,1397.8000000000281,1279.1999999999878
177432079.0672,1397.8000000000281,1279.1999999999878
177432081.0672,1397.8000000000281,1279.1999999999878
177432083.0672,1397.8000000000281,1279.1999999999878
177432085.0672,1397.8000000000281,1279.1999999999878
177432087.0672,1397.8000000000281,1279.1999999999878
177432089.0672,1397.8000000000281,1279.1999999999878
177432091.0672,1385.900000000028,1279.1999999999878
177432093.0672,1385.8000000000281,1279.1999999999878
177432095.0672,1385.8000000000281,1279.1999999999878
177432097.0672,1385.8000000000281,1279.1999999999878
177432099.0672,1385.8000000000281,1279.1999999999878
177432101.0672,1385.8000000000281,1279.2999999999877
177432103.0672,1385.8000000000281,1279.2999999999877
177432105.0672,1385.8000000000281,1279.2999999999877
177432107.0672,1385.8000000000281,1279.2999999999877
177432109.0672,1385.8000000000281,1279.2999999999877
177432111.0672,1385.8000000000281,1279.2999999999877
177432113.0672,1385.8000000000281,1279.2999999999877
177432115.0672,1385.8000000000281,1279.2999999999877
177432117.0672,1385.8000000000281,1279.2999999999877
177432119.0672,1385.8000000000281,1279.2999999999877
177432121.0672,1385.8000000000281,1279.2999999999877
177432123.0672,1385.8000000000281,1279.2999999999877
177432125.0672,1385.8000000000281,1279.2999999999877
177432127.0672,1397.8000000000281,1279.2999999999877
177432129.0672,1397.8000000000281,1279.2999999999877
177432131.0672,1397.8000000000281,1279.2999999999877
177432133.0672,1397.8000000000281,1279.2999999999877
177432135.0672,1397.8000000000281,1279.2999999999877
177432137.0672,1397.8000000000281,1279.2999999999877
177432139.0672,1375.2000000000282,1279.2999999999877
177432141.0672,1397.8000000000281,1279.2999999999877
177432143.0672,1397.8000000000281,1279.2999999999877
177432145.0672,1397.8000000000281,1279.2999999999877
177432147.0672,1397.8000000000281,1279.2999999999877
177432149.0672,1397.900000000028,1279.2999999999877
177432151.0672,1397.900000000028,1279.2999999999877
177432153.0672,1397.900000000028,1279.2999999999877
177432155.0672,1386.200000000028,1279.2999999999877
177432157.0672,1386.200000000028,1279.2999999999877
177432159.0672,1386.200000000028,1279.2999999999877
177432161.0672,1386.200000000028,1279.2999999999877
177432163.0672,1386.200000000028,1279.2999999999877
177432165.0672,1386.200000000028,1279.2999999999877
177432167.0672,1350.000000000028,1279.1999999999878
177432169.0672,1350.000000000028,1279.1999999999878
177432171.0672,1350.000000000028,1279.1999999999878
177432173.0672,1350.000000000028,1279.1999999999878
177432175.0672,1386.200000000028,1278.9999999999877
177432177.0672,1386.200000000028,1278.9999999999877
177432179.0672,1386.200000000028,1278.9999999999877
177432181.0672,1398.200000000028,1278.9999999999877
177432183.0672,1398.200000000028,1278.9999999999877
177432185.0672,1398.200000000028,1278.9999999999877
177432187.0672,1398.200000000028,1278.9999999999877
177432189.0672,1398.200000000028,1278.9999999999877
177432191.0672,1398.300000000028,1278.9999999999877
177432193.0672,1398.4000000000278,1278.9999999999877
177432195.0672,1398.5000000000277,1278.9999999999877
177432197.0672,1398.5000000000277,1278.9999999999877
177432199.0672,1398.5000000000277,1278.9999999999877
177432201.0672,1398.5000000000277,1278.9999999999877
177432203.0672,1398.5000000000277,1278.9999999999877
177432205.0672,1398.5000000000277,1278.9999999999877
177432207.0672,1398.5000000000277,1278.9999999999877
177432209.0672,1398.5000000000277,1279.9999999999877
177432211.0672,1398.5000000000277,1279.9999999999877
177432213.0672,1375.9000000000278,1279.9999999999877
177432215.0672,1386.6000000000279,1279.9999999999877
177432217.0672,1386.6000000000279,1279.9999999999877
177432219.0672,1386.6000000000279,1279.9999999999877
177432221.0672,1386.6000000000279,1279.9999999999877
177432223.0672,1398.6000000000279,1279.9999999999877
177432225.0672,1398.6000000000279,1279.9999999999877
177432227.0672,1398.6000000000279,1279.9999999999877
177432229.0672,1398.7000000000278,1279.9999999999877
177432231.0672,1398.8000000000277,1279.9999999999877
177432233.0672,1398.9000000000276,1279.9999999999877
177432235.0672,1398.9000000000276,1279.9999999999877
177432237.0672,1399.3000000000277,1279.9999999999877
177432239.0672,1399.5000000000277,1279.9999999999877
177432241.0672,1399.5000000000277,1279.9999999999877
177432243.0672,1413.0000000000277,1279.9999999999877
177432245.0672,1413.1000000000276,1279.9999999999877
177432247.0672,1413.1000000000276,1280.0999999999876
177432249.0672,1413.1000000000276,1280.0999999999876
177432251.0672,1413.1000000000276,1280.0999999999876
177432253.0672,1413.0000000000277,1280.0999999999876
177432255.0672,1413.0000000000277,1280.0999999999876
177432257.0672,1413.0000000000277,1280.0999999999876
177432259.0672,1413.0000000000277,1280.0999999999876
177432261.0672,1413.0000000000277,1280.0999999999876
177432263.0672,1413.0000000000277,1280.0999999999876
177432265.0672,1413.0000000000277,1280.0999999999876
177432267.0672,1413.1000000000276,1280.0999999999876
177432269.0672,1413.1000000000276,1280.0999999999876
177432271.0672,1413.1000000000276,1280.0999999999876
177432273.0672,1413.1000000000276,1280.0999999999876
177432275.0672,1413.1000000000276,1280.0999999999876
177432277.0672,1413.1000000000276,1280.0999999999876
177432279.0672,1413.1000000000276,1280.0999999999876
177432281.0672,1413.1000000000276,1280.0999999999876
177432283.0672,1413.1000000000276,1280.0999999999876
177432285.0672,1413.1000000000276,1280.0999999999876
177432287.0672,1413.0000000000277,1280.0999999999876
177432289.0672,1413.0000000000277,1280.0999999999876
177432291.0672,1413.0000000000277,1280.0999999999876
177432293.0672,1413.0000000000277,1280.0999999999876
177432295.0672,1412.9000000000278,1280.0999999999876
177432297.0672,1412.9000000000278,1280.0999999999876
177432299.0672,1412.6000000000279,1280.0999999999876
177432301.0672,1399.9000000000278,1280.0999999999876
177432303.0672,1399.800000000028,1280.0999999999876
177432305.0672,1399.700000000028,1280.0999999999876
177432307.0672,1399.700000000028,1280.0999999999876
177432309.0672,1399.700000000028,1280.0999999999876
177432311.0672,1399.700000000028,1280.0999999999876
177432313.0672,1399.700000000028,1280.0999999999876
177432315.0672,1399.700000000028,1280.0999999999876
177432317.0672,1399.700000000028,1280.0999999999876
177432319.0672,1399.700000000028,1280.0999999999876
177432321.0672,1399.700000000028,1280.0999999999876
177432323.0672,1399.700000000028,1280.0999999999876
177432325.0672,1399.700000000028,1280.0999999999876
177432327.0672,1399.700000000028,1280.0999999999876
177432329.0672,1399.700000000028,1280.0999999999876
177432331.0672,1399.700000000028,1280.0999999999876
177432333.0672,1399.700000000028,1280.0999999999876
177432335.0672,1399.700000000028,1280.0999999999876
177432337.0672,1399.700000000028,1280.0999999999876
177432339.0672,1399.700000000028,1280.0999999999876
177432341.0672,1399.700000000028,1280.0999999999876
177432343.0672,1399.700000000028,1280.0999999999876
177432345.0672,1399.800000000028,1280.0999999999876
177432347.0672,1399.800000000028,1280.0999999999876
177432349.0672,1399.800000000028,1280.1999999999875
177432351.0672,1399.800000000028,1280.1999999999875
177432353.0672,1399.800000000028,1280.1999999999875
177432355.0672,1399.800000000028,1280.0999999999876
177432357.0672,1399.700000000028,1280.0999999999876
177432359.0672,1399.700000000028,1280.0999999999876
177432361.0672,1399.700000000028,1280.0999999999876
177432363.0672,1399.700000000028,1280.0999999999876
177432365.0672,1399.700000000028,1280.0999999999876
177432367.0672,1399.700000000028,1280.0999999999876
177432369.0672,1399.800000000028,1280.0999999999876
177432371.0672,1399.800000000028,1280.0999999999876
177432373.0672,1399.800000000028,1280.0999999999876
177432375.0672,1399.800000000028,1280.0999999999876
177432377.0672,1399.800000000028,1280.0999999999876
177432379.0672,1399.800000000028,1280.1999999999875
177432381.0672,1399.800000000028,1280.1999999999875
177432383.0672,1399.800000000028,1280.1999999999875
177432385.0672,1399.800000000028,1280.1999999999875
177432387.0672,1399.800000000028,1280.1999999999875
177432389.0672,1399.800000000028,1280.1999999999875
177432391.0672,1399.800000000028,1280.1999999999875
177432393.0672,1399.800000000028,1280.1999999999875
177432395.0672,1399.800000000028,1280.1999999999875
177432397.0672,1399.800000000028,1280.1999999999875
177432399.0672,1399.800000000028,1280.1999999999875
177432401.0672,1399.800000000028,1280.1999999999875
177432403.0672,1399.800000000028,1280.1999999999875
177432405.0672,1399.800000000028,1280.1999999999875
177432407.0672,1399.800000000028,1280.1999999999875
177432409.0672,1399.800000000028,1280.1999999999875
177432411.0672,1399.800000000028,1280.1999999999875
177432413.0672,1399.800000000028,1280.1999999999875
177432415.0672,1399.800000000028,1280.1999999999875
177432417.0672,1399.800000000028,1280.1999999999875
177432419.0672,1399.800000000028,1280.1999999999875
177432421.0672,1399.800000000028,1280.1999999999875
177432423.0672,1399.800000000028,1280.1999999999875
177432425.0672,1399.800000000028,1280.1999999999875
177432427.0672,1399.700000000028,1280.1999999999875
177432429.0672,1399.700000000028,1280.1999999999875
177432431.0672,1399.700000000028,1280.1999999999875
177432433.0672,1399.700000000028,1280.1999999999875
177432435.0672,1399.700000000028,1280.1999999999875
177432437.0672,1399.700000000028,1280.1999999999875
177432439.0672,1399.700000000028,1280.1999999999875
177432441.0672,1399.700000000028,1280.1999999999875
177432443.0672,1399.700000000028,1280.1999999999875
177432445.0672,1399.700000000028,1280.1999999999875
177432447.0672,1399.700000000028,1280.1999999999875
177432449.0672,1399.700000000028,1280.1999999999875
177432451.0672,1399.700000000028,1280.1999999999875
177432453.0672,1399.700000000028,1280.1999999999875
177432455.0672,1399.700000000028,1280.1999999999875
177432457.0672,1399.700000000028,1280.1999999999875
177432459.0672,1399.700000000028,1280.1999999999875
177432461.0672,1399.700000000028,1280.1999999999875
177432463.0672,1399.700000000028,1280.1999999999875
177432465.0672,1399.700000000028,1280.1999999999875
177432467.0672,1399.700000000028,1280.1999999999875
177432469.0672,1399.700000000028,1280.1999999999875
177432471.0672,1399.700000000028,1280.1999999999875
177432473.0672,1399.700000000028,1280.1999999999875
177432475.0672,1399.700000000028,1280.1999999999875
177432477.0672,1399.700000000028,1280.1999999999875
177432479.0672,1399.700000000028,1280.1999999999875
177432481.0672,1399.700000000028,1280.1999999999875
177432483.0672,1399.700000000028,1280.1999999999875
177432485.0672,1399.800000000028,1280.1999999999875
177432487.0672,1399.800000000028,1280.1999999999875
177432489.0672,1399.800000000028,1280.1999999999875
177432491.0672,1399.800000000028,1280.1999999999875
177432493.0672,1399.800000000028,1280.1999999999875
177432495.0672,1399.800000000028,1280.1999999999875
177432497.0672,1399.800000000028,1280.1999999999875
177432499.0672,1399.800000000028,1280.1999999999875
177432501.0672,1399.800000000028,1280.1999999999875
177432503.0672,1399.800000000028,1280.1999999999875
177432505.0672,1399.800000000028,1280.1999999999875
177432507.0672,1399.800000000028,1280.1999999999875
177432509.0672,1399.800000000028,1280.1999999999875
177432511.0672,1399.800000000028,1280.1999999999875
177432513.0672,1399.800000000028,1280.1999999999875
177432515.0672,1399.800000000028,1280.1999999999875
177432517.0672,1399.800000000028,1280.1999999999875
177432519.0672,1399.800000000028,1280.1999999999875
177432521.0672,1399.800000000028,1280.1999999999875
177432523.0672,1399.800000000028,1280.1999999999875
177432525.0672,1399.6000000000279,1280.1999999999875
177432527.0672,1399.4000000000278,1280.1999999999875
177432529.0672,1399.4000000000278,1280.1999999999875
177432531.0672,1399.4000000000278,1280.1999999999875
177432533.0672,1399.4000000000278,1280.1999999999875
177432535.0672,1399.4000000000278,1280.1999999999875
177432537.0672,1399.4000000000278,1280.1999999999875
177432539.0672,1399.4000000000278,1280.1999999999875
177432541.0672,1399.4000000000278,1280.1999999999875
177432543.0672,1399.4000000000278,1280.1999999999875
177432545.0672,1399.4000000000278,1280.1999999999875
177432547.0672,1399.4000000000278,1280.1999999999875
177432549.0672,1399.4000000000278,1280.1999999999875
177432551.0672,1399.4000000000278,1280.1999999999875
177432553.0672,1399.5000000000277,1280.1999999999875
177432555.0672,1399.5000000000277,1280.1999999999875
177432557.0672,1399.6000000000276,1280.1999999999875
177432559.0672,1399.6000000000276,1280.1999999999875
177432561.0672,1399.6000000000276,1280.1999999999875
177432563.0672,1399.6000000000276,1280.1999999999875
177432565.0672,1399.6000000000276,1280.1999999999875
177432567.0672,1399.6000000000276,1280.1999999999875
177432569.0672,1399.6000000000276,1280.1999999999875
177432571.0672,1399.6000000000276,1280.1999999999875
177432573.0672,1399.6000000000276,1280.1999999999875
177432575.0672,1399.6000000000276,1280.1999999999875
177432577.0672,1399.6000000000276,1280.1999999999875
177432579.0672,1387.7000000000276,1280.1999999999875
177432581.0672,1376.9000000000276,1280.1999999999875
177432583.0672,1376.8000000000277,1280.1999999999875
177432585.0672,1376.8000000000277,1280.1999999999875
177432587.0672,1376.8000000000277,1280.1999999999875
177432589.0672,1376.8000000000277,1280.1999999999875
177432591.0672,1376.8000000000277,1280.1999999999875
177432593.0672,1376.8000000000277,1280.1999999999875
177432595.0672,1376.8000000000277,1280.1999999999875
177432597.0672,1376.8000000000277,1280.1999999999875
177432599.0672,1376.8000000000277,1280.1999999999875
177432601.0672,1376.8000000000277,1280.1999999999875
177432603.0672,1376.8000000000277,1280.1999999999875
177432605.0672,1376.8000000000277,1280.1999999999875
177432607.0672,1376.8000000000277,1280.1999999999875
177432609.0672,1376.8000000000277,1280.1999999999875
177432611.0672,1376.8000000000277,1280.1999999999875
177432613.0672,1376.8000000000277,1280.1999999999875
177432615.0672,1376.8000000000277,1280.1999999999875
177432617.1672,1376.8000000000277,1280.1999999999875
177432619.0672,1376.8000000000277,1280.1999999999875
177432621.0672,1376.8000000000277,1280.1999999999875
177432623.0672,1376.8000000000277,1280.1999999999875
177432625.0672,1376.8000000000277,1280.1999999999875
177432627.0672,1376.9000000000276,1280.1999999999875
177432629.0672,1376.9000000000276,1280.1999999999875
177432631.0672,1387.6000000000276,1280.1999999999875
177432633.0672,1387.5000000000277,1280.1999999999875
177432635.0672,1387.5000000000277,1280.1999999999875
177432637.0672,1387.5000000000277,1280.1999999999875
177432639.0672,1387.5000000000277,1280.1999999999875
177432641.0672,1387.6000000000276,1280.1999999999875
177432643.0672,1387.6000000000276,1280.1999999999875
177432645.0672,1387.6000000000276,1280.1999999999875
177432647.0672,1387.6000000000276,1280.1999999999875
177432649.0672,1387.6000000000276,1280.1999999999875
177432651.0672,1376.9000000000276,1280.1999999999875
177432653.0672,1376.8000000000277,1280.1999999999875
177432655.0672,1376.8000000000277,1280.1999999999875
177432657.0672,1376.8000000000277,1280.1999999999875
177432659.0672,1376.8000000000277,1280.1999999999875
177432661.0672,1376.8000000000277,1280.1999999999875
177432663.0672,1376.8000000000277,1280.1999999999875
177432665.0672,1376.8000000000277,1280.1999999999875
177432667.0672,1376.8000000000277,1280.1999999999875
177432669.0672,1376.8000000000277,1280.1999999999875
177432671.0672,1376.8000000000277,1280.1999999999875
177432673.0672,1376.8000000000277,1280.1999999999875
177432675.0672,1376.8000000000277,1280.1999999999875
177432677.0672,1376.8000000000277,1280.1999999999875
177432679.0672,1376.8000000000277,1280.1999999999875
177432681.0672,1376.8000000000277,1280.1999999999875
177432683.0672,1376.9000000000276,1280.1999999999875
177432685.0672,1376.9000000000276,1280.1999999999875
177432687.0672,1387.7000000000276,1280.1999999999875
177432689.0672,1387.7000000000276,1280.1999999999875
177432691.0672,1387.7000000000276,1280.1999999999875
177432693.0672,1387.7000000000276,1280.1999999999875
177432695.0672,1387.7000000000276,1280.1999999999875
177432697.0672,1387.7000000000276,1280.1999999999875
177432699.0672,1387.6000000000276,1280.1999999999875
177432701.0672,1387.6000000000276,1280.1999999999875
177432703.0672,1387.6000000000276,1280.1999999999875
177432705.0672,1387.6000000000276,1280.1999999999875
177432707.0672,1387.6000000000276,1280.1999999999875
177432709.0672,1387.6000000000276,1280.1999999999875
177432711.0672,1387.6000000000276,1280.1999999999875
177432713.0672,1387.6000000000276,1280.1999999999875
177432715.0672,1387.6000000000276,1280.1999999999875
177432717.0672,1387.6000000000276,1280.1999999999875
177432719.0672,1387.7000000000276,1280.1999999999875
177432721.0672,1387.7000000000276,1280.2999999999874
177432723.0672,1399.7000000000276,1280.2999999999874
177432725.0672,1399.6000000000276,1280.1999999999875
177432727.0672,1399.6000000000276,1280.1999999999875
177432729.0672,1399.6000000000276,1280.1999999999875
177432731.0672,1399.6000000000276,1280.1999999999875
177432733.0672,1399.6000000000276,1280.1999999999875
177432735.0672,1399.6000000000276,1280.1999999999875
177432737.0672,1399.6000000000276,1280.1999999999875
177432739.0672,1399.6000000000276,1280.1999999999875
177432741.0672,1399.6000000000276,1280.1999999999875
177432743.0672,1399.6000000000276,1280.1999999999875
177432745.0672,1399.6000000000276,1280.1999999999875
177432747.0672,1399.6000000000276,1280.1999999999875
177432749.0672,1399.6000000000276,1280.1999999999875
177432751.0672,1399.6000000000276,1280.1999999999875
177432753.0672,1399.6000000000276,1280.1999999999875
177432755.0672,1399.6000000000276,1280.1999999999875
177432757.0672,1399.7000000000276,1280.1999999999875
177432759.0672,1399.7000000000276,1280.1999999999875
177432761.0672,1399.7000000000276,1280.1999999999875
177432763.0672,1399.7000000000276,1280.1999999999875
177432765.0672,1399.7000000000276,1280.1999999999875
177432767.0672,1399.7000000000276,1280.1999999999875
177432769.0672,1399.7000000000276,1280.1999999999875
177432771.0672,1399.7000000000276,1280.1999999999875
177432773.0672,1399.7000000000276,1280.1999999999875
177432775.0672,1399.7000000000276,1280.1999999999875
177432777.0672,1399.7000000000276,1280.1999999999875
177432779.0672,1399.7000000000276,1280.1999999999875
177432781.0672,1399.7000000000276,1280.1999999999875
177432783.0672,1399.7000000000276,1280.1999999999875
177432785.0672,1399.7000000000276,1280.1999999999875
177432787.0672,1399.7000000000276,1280.1999999999875
177432789.0672,1399.7000000000276,1280.1999999999875
177432791.0672,1399.7000000000276,1280.1999999999875
177432793.0672,1399.7000000000276,1280.1999999999875
177432795.0672,1399.7000000000276,1280.1999999999875
177432797.0672,1399.7000000000276,1280.1999999999875
177432799.0672,1399.7000000000276,1280.1999999999875
177432801.0672,1399.7000000000276,1280.1999999999875
177432803.0672,1399.7000000000276,1280.1999999999875
177432805.0672,1399.7000000000276,1280.1999999999875
177432807.0672,1399.7000000000276,1280.1999999999875
177432809.0672,1399.6000000000276,1280.1999999999875
177432811.0672,1399.6000000000276,1280.1999999999875
177432813.0672,1399.6000000000276,1280.1999999999875
177432815.0672,1399.6000000000276,1280.1999999999875
177432817.0672,1399.6000000000276,1280.1999999999875
177432819.0672,1399.6000000000276,1280.1999999999875
177432821.0672,1399.6000000000276,1280.1999999999875
177432823.0672,1399.6000000000276,1280.1999999999875
177432825.0672,1399.6000000000276,1280.1999999999875
177432827.0672,1399.7000000000276,1280.1999999999875
177432829.0672,1399.7000000000276,1280.1999999999875
177432831.0672,1399.6000000000276,1280.1999999999875
177432833.0672,1399.6000000000276,1280.1999999999875
177432835.0672,1399.6000000000276,1280.1999999999875
177432837.0672,1399.6000000000276,1280.1999999999875
177432839.0672,1399.6000000000276,1280.1999999999875
177432841.0672,1399.6000000000276,1280.1999999999875
177432843.0672,1399.6000000000276,1280.1999999999875
177432845.0672,1399.6000000000276,1280.1999999999875
177432847.0672,1399.6000000000276,1280.1999999999875
177432849.0672,1399.6000000000276,1280.1999999999875
177432851.0672,1399.6000000000276,1280.1999999999875
177432853.0672,1399.7000000000276,1280.1999999999875
177432855.0672,1399.7000000000276,1280.1999999999875
177432857.0672,1399.8000000000275,1280.1999999999875
177432859.0672,1399.8000000000275,1280.1999999999875
177432861.0672,1399.8000000000275,1280.1999999999875
177432863.0672,1399.8000000000275,1280.1999999999875
177432865.0672,1399.8000000000275,1280.1999999999875
177432867.0672,1399.7000000000276,1280.2999999999874
177432869.0672,1399.7000000000276,1280.1999999999875
177432871.0672,1399.7000000000276,1280.1999999999875
177432873.0672,1399.7000000000276,1280.1999999999875
177432875.0672,1399.7000000000276,1280.1999999999875
177432877.0672,1399.7000000000276,1280.1999999999875
177432879.0672,1399.7000000000276,1280.1999999999875
177432881.0672,1399.7000000000276,1280.1999999999875
177432883.0672,1399.7000000000276,1280.1999999999875
177432885.0672,1399.7000000000276,1280.1999999999875
177432887.0672,1399.7000000000276,1280.1999999999875
177432889.0672,1399.7000000000276,1280.1999999999875
177432891.0672,1399.7000000000276,1280.1999999999875
177432893.0672,1399.7000000000276,1280.1999999999875
177432895.0672,1399.7000000000276,1280.1999999999875
177432897.0672,1399.7000000000276,1280.1999999999875
177432899.0672,1387.7000000000276,1280.1999999999875
177432901.0672,1387.4000000000276,1280.1999999999875
177432903.0672,1387.3000000000277,1280.1999999999875
177432905.0672,1387.3000000000277,1280.1999999999875
177432907.0672,1387.3000000000277,1280.1999999999875
177432909.0672,1387.3000000000277,1280.1999999999875
177432911.0672,1387.3000000000277,1280.1999999999875
177432913.0672,1387.3000000000277,1280.1999999999875
177432915.0672,1387.3000000000277,1280.1999999999875
177432917.0672,1387.3000000000277,1280.1999999999875
177432919.0672,1387.3000000000277,1280.2999999999874
177432921.0672,1387.3000000000277,1280.2999999999874
177432923.0672,1387.2000000000278,1280.2999999999874
177432925.0672,1387.2000000000278,1280.2999999999874
177432927.0672,1387.2000000000278,1280.2999999999874
177432929.0672,1387.2000000000278,1280.2999999999874
177432931.0672,1387.2000000000278,1280.2999999999874
177432933.0672,1387.2000000000278,1280.2999999999874
177432935.0672,1387.2000000000278,1280.2999999999874
177432937.0672,1387.2000000000278,1280.1999999999875
177432939.0672,1387.2000000000278,1280.1999999999875
177432941.0672,1387.2000000000278,1280.1999999999875
177432943.0672,1387.2000000000278,1280.1999999999875
177432945.0672,1387.2000000000278,1280.1999999999875
177432947.0672,1387.1000000000279,1280.1999999999875
177432949.0672,1387.1000000000279,1280.1999999999875
177432951.0672,1387.1000000000279,1280.2999999999874
177432953.0672,1387.1000000000279,1280.2999999999874
177432955.0672,1387.1000000000279,1280.2999999999874
177432957.0672,1387.1000000000279,1280.2999999999874
177432959.0672,1387.1000000000279,1280.2999999999874
177432961.0672,1387.1000000000279,1280.2999999999874
177432963.0672,1387.1000000000279,1280.2999999999874
177432965.0672,1387.1000000000279,1280.2999999999874
177432967.0672,1387.000000000028,1280.2999999999874
177432969.0672,1386.800000000028,1280.2999999999874
177432971.0672,1386.800000000028,1280.2999999999874
177432973.0672,1386.700000000028,1280.2999999999874
177432975.0672,1386.700000000028,1280.3999999999874
177432977.0672,1386.700000000028,1280.3999999999874
177432979.0672,1386.500000000028,1280.3999999999874
177432981.0672,1386.500000000028,1280.3999999999874
177432983.0672,1386.500000000028,1280.3999999999874
177432985.0672,1386.400000000028,1280.3999999999874
177432987.0672,1386.400000000028,1280.3999999999874
177432989.0672,1386.400000000028,1280.3999999999874
177432991.0672,1386.200000000028,1280.3999999999874
177432993.0672,1386.200000000028,1280.3999999999874
177432995.0672,1386.200000000028,1280.3999999999874
177432997.0672,1386.000000000028,1280.3999999999874
177432999.0672,1385.800000000028,1280.3999999999874
177433001.0672,1385.700000000028,1280.3999999999874
177433003.0672,1385.600000000028,1280.3999999999874
177433005.0672,1375.100000000028,1280.3999999999874
177433007.0672,1385.5000000000282,1280.3999999999874
177433009.0672,1385.600000000028,1280.3999999999874
177433011.0672,1385.700000000028,1280.3999999999874
177433013.0672,1385.500000000028,1280.3999999999874
177433015.0672,1385.400000000028,1280.3999999999874
177433017.0672,1385.400000000028,1280.3999999999874
177433019.0672,1385.400000000028,1280.3999999999874
177433021.0672,1385.400000000028,1280.3999999999874
177433023.0672,1385.400000000028,1280.3999999999874
177433025.0672,1385.400000000028,1280.3999999999874
177433027.0672,1385.400000000028,1280.3999999999874
177433029.0672,1385.400000000028,1280.3999999999874
177433031.0672,1385.400000000028,1280.3999999999874
177433033.0672,1385.400000000028,1280.3999999999874
177433035.0672,1385.400000000028,1280.3999999999874
177433037.0672,1385.400000000028,1280.3999999999874
177433039.0672,1385.400000000028,1280.3999999999874
177433041.0672,1385.400000000028,1280.2999999999874
177433043.0672,1385.400000000028,1280.2999999999874
177433045.0672,1385.400000000028,1280.2999999999874
177433047.0672,1385.700000000028,1280.2999999999874
177433049.0672,1385.700000000028,1280.2999999999874
177433051.0672,1385.600000000028,1280.2999999999874
177433053.0672,1385.700000000028,1280.2999999999874
177433055.0672,1385.900000000028,1280.2999999999874
177433057.0672,1385.900000000028,1280.2999999999874
177433059.0672,1386.000000000028,1280.2999999999874
177433061.0672,1386.1000000000279,1280.2999999999874
177433063.0672,1386.1000000000279,1280.2999999999874
177433065.0672,1386.1000000000279,1280.1999999999875
177433067.0672,1386.1000000000279,1280.2999999999874
177433069.0672,1386.000000000028,1280.2999999999874
177433071.0672,1385.900000000028,1280.2999999999874
177433073.0672,1385.900000000028,1280.2999999999874
177433075.0672,1386.000000000028,1280.2999999999874
177433077.0672,1386.400000000028,1280.2999999999874
177433079.0672,1386.400000000028,1280.2999999999874
177433081.0672,1386.400000000028,1280.2999999999874
177433083.0672,1386.400000000028,1280.3999999999874
177433085.0672,1386.400000000028,1280.3999999999874
177433087.0672,1386.400000000028,1280.3999999999874
177433089.0672,1386.400000000028,1280.3999999999874
177433091.0672,1386.3000000000281,1280.3999999999874
177433093.0672,1386.3000000000281,1280.3999999999874
177433095.0672,1386.2000000000282,1280.3999999999874
177433097.0672,1386.2000000000282,1280.3999999999874
177433099.0672,1386.2000000000282,1280.3999999999874
177433101.0672,1386.2000000000282,1280.3999999999874
177433103.0672,1386.1000000000283,1280.3999999999874
177433105.0672,1386.1000000000283,1280.3999999999874
177433107.0672,1386.1000000000283,1280.3999999999874
177433109.0672,1386.1000000000283,1280.3999999999874
177433111.0672,1386.1000000000283,1280.3999999999874
177433113.0672,1386.1000000000283,1280.3999999999874
177433115.0672,1386.5000000000284,1280.3999999999874
177433117.0672,1386.5000000000284,1280.3999999999874
177433119.0672,1386.5000000000284,1280.3999999999874
177433121.0672,1386.5000000000284,1280.3999999999874
177433123.0672,1386.5000000000284,1280.3999999999874
177433125.0672,1386.5000000000284,1280.3999999999874
177433127.0672,1386.5000000000284,1280.3999999999874
177433129.0672,1386.5000000000284,1280.3999999999874
177433131.0672,1386.5000000000284,1280.3999999999874
177433133.0672,1386.5000000000284,1280.3999999999874
177433135.0672,1386.5000000000284,1280.3999999999874
177433137.0672,1386.4000000000285,1280.3999999999874
177433139.0672,1386.4000000000285,1280.3999999999874
177433141.0672,1386.4000000000285,1280.3999999999874
177433143.0672,1386.4000000000285,1280.3999999999874
177433145.0672,1386.3000000000286,1280.3999999999874
177433147.0672,1386.3000000000286,1280.3999999999874
177433149.0672,1386.3000000000286,1280.3999999999874
177433151.0672,1386.3000000000286,1280.3999999999874
177433153.0672,1386.3000000000286,1280.3999999999874
177433155.0672,1386.3000000000286,1280.3999999999874
177433157.0672,1386.3000000000286,1280.3999999999874
177433159.0672,1386.3000000000286,1280.3999999999874
177433161.0672,1386.4000000000285,1280.3999999999874
177433163.0672,1386.6000000000286,1280.3999999999874
177433165.0672,1386.5000000000286,1280.3999999999874
177433167.0672,1386.5000000000286,1280.3999999999874
177433169.0672,1386.5000000000286,1280.3999999999874
177433171.0672,1386.4000000000287,1280.3999999999874
177433173.0672,1386.4000000000287,1280.3999999999874
177433175.0672,1386.4000000000287,1280.3999999999874
177433177.0672,1386.4000000000287,1280.3999999999874
177433179.0672,1386.4000000000287,1280.3999999999874
177433181.0672,1386.3000000000288,1280.3999999999874
177433183.0672,1386.200000000029,1280.3999999999874
177433185.0672,1386.200000000029,1280.3999999999874
177433187.0672,1386.3000000000288,1280.3999999999874
177433189.0672,1386.3000000000288,1280.3999999999874
177433191.0672,1386.4000000000287,1280.3999999999874
177433193.0672,1386.4000000000287,1280.3999999999874
177433195.0672,1386.4000000000287,1280.3999999999874
177433197.0672,1386.4000000000287,1280.3999999999874
177433199.0672,1386.4000000000287,1280.3999999999874
177433201.0672,1386.4000000000287,1280.3999999999874
177433203.0672,1386.3000000000288,1280.3999999999874
177433205.0672,1386.3000000000288,1280.3999999999874
177433207.0672,1386.3000000000288,1280.3999999999874
177433209.0672,1386.3000000000288,1280.3999999999874
177433211.0672,1386.3000000000288,1280.3999999999874
177433213.0672,1386.3000000000288,1280.3999999999874
177433215.0672,1386.3000000000288,1280.3999999999874
177433217.0672,1386.3000000000288,1280.3999999999874
177433219.0672,1386.3000000000288,1280.3999999999874
177433221.0672,1386.3000000000288,1280.3999999999874
177433223.0672,1386.3000000000288,1280.3999999999874
177433225.0672,1386.3000000000288,1280.3999999999874
177433227.0672,1386.3000000000288,1280.3999999999874
177433229.0672,1386.3000000000288,1280.3999999999874
177433231.0672,1386.3000000000288,1280.3999999999874
177433233.0672,1386.3000000000288,1280.3999999999874
177433235.0672,1386.3000000000288,1280.3999999999874
177433237.0672,1386.3000000000288,1280.3999999999874
177433239.0672,1386.3000000000288,1280.3999999999874
177433241.0672,1386.3000000000288,1280.3999999999874
177433243.0672,1386.3000000000288,1280.3999999999874
177433245.0672,1386.3000000000288,1280.3999999999874
177433247.0672,1386.3000000000288,1280.3999999999874
177433249.0672,1386.3000000000288,1280.3999999999874
177433251.0672,1386.3000000000288,1280.3999999999874
177433253.0672,1386.3000000000288,1280.3999999999874
177433255.0672,1386.3000000000288,1280.3999999999874
177433257.0672,1375.700000000029,1280.3999999999874
177433259.0672,1375.700000000029,1280.3999999999874
177433261.0672,1375.700000000029,1280.3999999999874
177433263.0672,1375.700000000029,1280.3999999999874
177433265.0672,1375.700000000029,1280.3999999999874
177433267.0672,1375.600000000029,1280.3999999999874
177433269.0672,1375.600000000029,1280.3999999999874
177433271.0672,1375.600000000029,1280.3999999999874
177433273.0672,1375.600000000029,1280.3999999999874
177433275.0672,1375.600000000029,1280.3999999999874
177433277.0672,1375.400000000029,1280.3999999999874
177433279.0672,1375.400000000029,1280.3999999999874
177433281.0672,1375.300000000029,1280.3999999999874
177433283.0672,1375.300000000029,1280.3999999999874
177433285.0672,1375.300000000029,1280.3999999999874
177433287.0672,1375.300000000029,1280.3999999999874
177433289.0672,1375.300000000029,1280.3999999999874
177433291.0672,1375.300000000029,1280.3999999999874
177433293.0672,1365.800000000029,1280.3999999999874
177433295.1672,1365.7000000000291,1280.3999999999874
177433297.0672,1365.7000000000291,1280.3999999999874
177433299.0672,1365.7000000000291,1280.3999999999874
177433301.0672,1365.7000000000291,1280.3999999999874
177433303.0672,1365.7000000000291,1280.3999999999874
177433305.0672,1365.7000000000291,1280.3999999999874
177433307.0672,1365.7000000000291,1280.2999999999874
177433309.0672,1365.7000000000291,1280.2999999999874
177433311.0672,1365.7000000000291,1280.2999999999874
177433313.0672,1365.7000000000291,1280.2999999999874
177433315.0672,1365.7000000000291,1280.2999999999874
177433317.0672,1365.7000000000291,1280.2999999999874
177433319.0672,1365.7000000000291,1280.2999999999874
177433321.0672,1375.300000000029,1280.2999999999874
177433323.0672,1375.400000000029,1280.2999999999874
177433325.0672,1375.400000000029,1280.2999999999874
177433327.0672,1375.400000000029,1280.2999999999874
177433329.0672,1375.400000000029,1280.2999999999874
177433331.0672,1375.600000000029,1280.2999999999874
177433333.0672,1375.600000000029,1280.2999999999874
177433335.0672,1375.600000000029,1280.2999999999874
177433337.0672,1375.600000000029,1280.2999999999874
177433339.0672,1375.600000000029,1280.2999999999874
177433341.0672,1375.600000000029,1280.2999999999874
177433343.0672,1375.600000000029,1280.2999999999874
177433345.0672,1375.600000000029,1280.1999999999875
177433347.0672,1375.600000000029,1280.1999999999875
177433349.0672,1375.600000000029,1280.1999999999875
177433351.0672,1375.600000000029,1280.1999999999875
177433353.0672,1375.600000000029,1280.1999999999875
177433355.0672,1375.600000000029,1280.1999999999875
177433357.0672,1375.500000000029,1280.1999999999875
177433359.0672,1375.500000000029,1280.1999999999875
177433361.0672,1375.500000000029,1280.1999999999875
177433363.0672,1375.4000000000292,1280.1999999999875
177433365.0672,1375.4000000000292,1280.1999999999875
177433367.0672,1375.4000000000292,1280.1999999999875
177433369.0672,1375.4000000000292,1280.1999999999875
177433371.0672,1375.4000000000292,1280.1999999999875
177433373.0672,1375.4000000000292,1280.1999999999875
177433375.0672,1375.4000000000292,1280.1999999999875
177433377.0672,1375.6000000000292,1280.1999999999875
177433379.0672,1375.2000000000291,1280.1999999999875
177433381.0672,1374.9000000000292,1280.1999999999875
177433383.0672,1374.500000000029,1280.1999999999875
177433385.0672,1374.4000000000292,1280.1999999999875
177433387.0672,1374.500000000029,1280.1999999999875
177433389.0672,1374.500000000029,1280.1999999999875
177433391.0672,1374.600000000029,1280.1999999999875
177433393.0672,1374.600000000029,1280.2999999999874
177433395.0672,1374.600000000029,1280.2999999999874
177433397.0672,1374.600000000029,1280.2999999999874
177433399.0672,1374.600000000029,1280.2999999999874
177433401.0672,1374.600000000029,1280.2999999999874
177433403.0672,1374.600000000029,1280.2999999999874
177433405.0672,1374.600000000029,1280.2999999999874
177433407.0672,1374.600000000029,1280.2999999999874
177433409.0672,1374.600000000029,1280.2999999999874
177433411.0672,1374.600000000029,1280.2999999999874
177433413.0672,1374.600000000029,1280.2999999999874
177433415.0672,1374.600000000029,1280.2999999999874
177433417.0672,1374.600000000029,1280.2999999999874
177433419.0672,1374.600000000029,1280.2999999999874
177433421.0672,1374.600000000029,1280.2999999999874
177433423.0672,1374.600000000029,1280.2999999999874
177433425.0672,1374.600000000029,1280.2999999999874
177433427.0672,1374.600000000029,1280.2999999999874
177433429.0672,1374.600000000029,1280.2999999999874
177433431.0672,1374.600000000029,1280.2999999999874
177433433.0672,1374.600000000029,1280.2999999999874
177433435.0672,1374.600000000029,1280.2999999999874
177433437.0672,1374.700000000029,1280.2999999999874
177433439.0672,1374.700000000029,1280.2999999999874
177433441.0672,1374.700000000029,1280.2999999999874
177433443.0672,1374.700000000029,1280.2999999999874
177433445.0672,1374.8000000000288,1280.2999999999874
177433447.0672,1374.8000000000288,1280.2999999999874
177433449.0672,1374.8000000000288,1280.2999999999874
177433451.0672,1374.8000000000288,1280.2999999999874
177433453.0672,1374.8000000000288,1284.9999999999875
177433455.0672,1374.9000000000287,1284.9999999999875
177433457.0672,1374.9000000000287,1280.3999999999876
177433459.0672,1374.9000000000287,1280.4999999999875
177433461.0672,1374.9000000000287,1280.5999999999874
177433463.0672,1374.9000000000287,1280.5999999999874
177433465.0672,1374.9000000000287,1285.2999999999874
177433467.0672,1374.9000000000287,1285.2999999999874
177433469.0672,1374.9000000000287,1285.2999999999874
177433471.0672,1374.9000000000287,1285.2999999999874
177433473.0672,1374.9000000000287,1285.2999999999874
177433475.0672,1374.9000000000287,1285.3999999999874
177433477.0672,1374.9000000000287,1285.3999999999874
177433479.0672,1374.9000000000287,1285.3999999999874
177433481.0672,1374.9000000000287,1280.2999999999874
177433483.0672,1374.9000000000287,1280.2999999999874
177433485.0672,1375.0000000000286,1280.2999999999874
177433487.0672,1375.0000000000286,1280.2999999999874
177433489.0672,1374.9000000000287,1280.2999999999874
177433491.0672,1374.9000000000287,1280.2999999999874
177433493.0672,1374.9000000000287,1280.2999999999874
177433495.0672,1374.9000000000287,1280.2999999999874
177433497.0672,1374.9000000000287,1280.2999999999874
177433499.0672,1374.9000000000287,1280.2999999999874
177433501.0672,1375.1000000000288,1280.2999999999874
177433503.0672,1375.1000000000288,1280.2999999999874
177433505.0672,1375.1000000000288,1280.2999999999874
177433507.0672,1375.0000000000289,1280.2999999999874
177433509.0672,1375.0000000000289,1280.2999999999874
177433511.0672,1375.0000000000289,1280.2999999999874
177433513.0672,1375.0000000000289,1280.2999999999874
177433515.0672,1375.0000000000289,1280.2999999999874
177433517.0672,1375.0000000000289,1280.2999999999874
177433519.0672,1375.0000000000289,1280.2999999999874
177433521.0672,1375.0000000000289,1280.3999999999874
177433523.0672,1375.0000000000289,1280.3999999999874
177433525.0672,1374.900000000029,1280.3999999999874
177433527.0672,1374.900000000029,1280.3999999999874
177433529.0672,1374.900000000029,1280.3999999999874
177433531.0672,1374.900000000029,1280.3999999999874
177433533.0672,1374.900000000029,1280.3999999999874
177433535.0672,1374.900000000029,1280.3999999999874
177433537.0672,1374.900000000029,1280.3999999999874
177433539.0672,1374.900000000029,1280.3999999999874
177433541.0672,1374.900000000029,1280.3999999999874
177433543.0672,1374.800000000029,1280.3999999999874
177433545.0672,1374.800000000029,1280.3999999999874
177433547.0672,1374.800000000029,1280.3999999999874
177433549.0672,1374.800000000029,1280.3999999999874
177433551.0672,1374.800000000029,1280.3999999999874
177433553.0672,1374.800000000029,1280.3999999999874
177433555.0672,1374.800000000029,1280.3999999999874
177433557.0672,1375.000000000029,1280.3999999999874
177433559.0672,1374.9000000000292,1280.3999999999874
177433561.0672,1375.1000000000292,1280.3999999999874
177433563.0672,1375.2000000000291,1280.3999999999874
177433565.0672,1375.2000000000291,1280.3999999999874
177433567.0672,1375.1000000000292,1280.4999999999873
177433569.0672,1375.0000000000293,1280.7999999999872
177433571.0672,1374.9000000000294,1280.8999999999871
177433573.0672,1375.2000000000294,1280.999999999987
177433575.0672,1375.2000000000294,1280.999999999987
177433577.0672,1375.2000000000294,1280.999999999987
177433579.0672,1375.2000000000294,1280.999999999987
177433581.0672,1375.2000000000294,1280.999999999987
177433583.0672,1375.2000000000294,1280.999999999987
177433585.0672,1375.2000000000294,1280.999999999987
177433587.0672,1375.2000000000294,1280.999999999987
177433589.0672,1375.2000000000294,1280.999999999987
177433591.0672,1375.2000000000294,1280.999999999987
177433593.0672,1375.2000000000294,1280.999999999987
177433595.0672,1375.1000000000295,1280.999999999987
177433597.0672,1375.1000000000295,1280.999999999987
177433599.0672,1375.0000000000296,1280.999999999987
177433601.0672,1375.0000000000296,1280.999999999987
177433603.0672,1375.3000000000295,1280.999999999987
177433605.0672,1375.3000000000295,1280.999999999987
177433607.0672,1375.2000000000296,1280.999999999987
177433609.0672,1375.2000000000296,1280.999999999987
177433611.0672,1375.3000000000295,1280.999999999987
177433613.0672,1375.2000000000296,1280.999999999987
177433615.0672,1375.2000000000296,1280.999999999987
177433617.0672,1375.1000000000297,1280.999999999987
177433619.0672,1375.1000000000297,1280.999999999987
177433621.0672,1375.1000000000297,1280.999999999987
177433623.0672,1375.0000000000298,1280.999999999987
177433625.0672,1375.0000000000298,1280.999999999987
177433627.0672,1375.0000000000298,1280.999999999987
177433629.0672,1375.0000000000298,1280.999999999987
177433631.0672,1375.0000000000298,1280.999999999987
177433633.0672,1374.9000000000299,1280.999999999987
177433635.0672,1374.9000000000299,1280.999999999987
177433637.0672,1374.60000000003,1280.999999999987
177433639.0672,1374.60000000003,1280.999999999987
177433641.0672,1374.60000000003,1280.999999999987
177433643.0672,1374.60000000003,1280.999999999987
177433645.0672,1374.60000000003,1280.999999999987
177433647.0672,1374.60000000003,1280.999999999987
177433649.0672,1374.60000000003,1280.999999999987
177433651.0672,1374.60000000003,1280.999999999987
177433653.0672,1374.50000000003,1280.999999999987
177433655.0672,1374.20000000003,1280.999999999987
177433657.0672,1374.20000000003,1280.999999999987
177433659.0672,1374.20000000003,1280.999999999987
177433661.0672,1374.20000000003,1280.999999999987
177433663.0672,1374.20000000003,1280.999999999987
177433665.0672,1374.20000000003,1280.999999999987
177433667.0672,1374.30000000003,1280.999999999987
177433669.0672,1374.30000000003,1280.999999999987
177433671.0672,1374.30000000003,1280.999999999987
177433673.0672,1374.30000000003,1280.999999999987
177433675.0672,1374.20000000003,1280.999999999987
177433677.0672,1374.20000000003,1280.999999999987
177433679.0672,1374.20000000003,1280.999999999987
177433681.0672,1374.20000000003,1280.999999999987
177433683.0672,1374.20000000003,1280.999999999987
177433685.0672,1374.20000000003,1280.999999999987
177433687.0672,1374.1000000000301,1280.299999999987
177433689.0672,1373.6000000000301,1280.299999999987
177433691.0672,1373.5000000000302,1280.299999999987
177433693.0672,1373.5000000000302,1280.199999999987
177433695.0672,1373.5000000000302,1280.199999999987
177433697.0672,1373.5000000000302,1280.199999999987
177433699.0672,1373.5000000000302,1280.199999999987
177433701.0672,1373.5000000000302,1280.199999999987
177433703.0672,1373.5000000000302,1280.199999999987
177433705.0672,1373.4000000000303,1280.199999999987
177433707.0672,1373.4000000000303,1280.199999999987
177433709.0672,1373.4000000000303,1280.199999999987
177433711.0672,1373.4000000000303,1280.199999999987
177433713.0672,1373.4000000000303,1280.199999999987
177433715.0672,1373.4000000000303,1280.199999999987
177433717.0672,1373.4000000000303,1280.199999999987
177433719.0672,1373.4000000000303,1280.199999999987
177433721.0672,1373.4000000000303,1280.199999999987
177433723.0672,1373.4000000000303,1280.199999999987
177433725.0672,1373.4000000000303,1280.199999999987
177433727.0672,1373.4000000000303,1280.199999999987
177433729.0672,1373.1000000000304,1280.199999999987
177433731.0672,1373.0000000000305,1280.199999999987
177433733.0672,1372.8000000000304,1280.199999999987
177433735.0672,1372.8000000000304,1280.199999999987
177433737.0672,1373.0000000000305,1280.199999999987
177433739.0672,1373.0000000000305,1280.199999999987
177433741.0672,1373.0000000000305,1280.199999999987
177433743.0672,1373.0000000000305,1280.199999999987
177433745.0672,1373.0000000000305,1280.199999999987
177433747.0672,1373.0000000000305,1280.199999999987
177433749.0672,1373.0000000000305,1280.199999999987
177433751.0672,1372.9000000000306,1280.199999999987
177433753.0672,1372.8000000000306,1280.199999999987
177433755.0672,1372.8000000000306,1280.199999999987
177433757.0672,1372.8000000000306,1280.199999999987
177433759.0672,1372.6000000000306,1280.199999999987
177433761.0672,1372.6000000000306,1280.199999999987
177433763.0672,1372.5000000000307,1280.199999999987
177433765.0672,1372.4000000000308,1280.199999999987
177433767.0672,1372.4000000000308,1280.199999999987
177433769.0672,1372.3000000000309,1280.199999999987
177433771.0672,1372.3000000000309,1280.199999999987
177433773.0672,1372.3000000000309,1280.0999999999872
177433775.0672,1372.3000000000309,1280.0999999999872
177433777.0672,1372.3000000000309,1280.0999999999872
177433779.0672,1372.3000000000309,1280.0999999999872
177433781.0672,1372.3000000000309,1280.0999999999872
177433783.0672,1372.3000000000309,1280.0999999999872
177433785.0672,1372.3000000000309,1280.0999999999872
177433787.0672,1372.3000000000309,1280.0999999999872
177433789.0672,1372.1000000000308,1280.0999999999872
177433791.0672,1371.8000000000309,1280.0999999999872
177433793.0672,1371.8000000000309,1280.0999999999872
177433795.0672,1371.700000000031,1280.0999999999872
177433797.0672,1371.700000000031,1280.0999999999872
177433799.0672,1371.600000000031,1280.0999999999872
177433801.0672,1371.600000000031,1280.0999999999872
177433803.0672,1371.600000000031,1280.0999999999872
177433805.0672,1371.600000000031,1280.0999999999872
177433807.0672,1371.600000000031,1280.0999999999872
177433809.0672,1371.600000000031,1280.0999999999872
177433811.0672,1371.600000000031,1280.0999999999872
177433813.0672,1371.600000000031,1280.0999999999872
177433815.0672,1371.600000000031,1280.0999999999872
177433817.0672,1371.600000000031,1280.0999999999872
177433819.0672,1371.600000000031,1280.0999999999872
177433821.0672,1371.600000000031,1280.0999999999872
177433823.0672,1371.5000000000312,1280.0999999999872
177433825.0672,1371.5000000000312,1280.0999999999872
177433827.0672,1371.4000000000312,1280.0999999999872
177433829.0672,1371.4000000000312,1280.0999999999872
177433831.0672,1371.4000000000312,1280.0999999999872
177433833.0672,1371.4000000000312,1280.0999999999872
177433835.0672,1371.4000000000312,1280.0999999999872
177433837.0672,1371.4000000000312,1280.0999999999872
177433839.0672,1371.4000000000312,1280.0999999999872
177433841.0672,1371.3000000000313,1280.0999999999872
177433843.0672,1371.3000000000313,1280.0999999999872
177433845.0672,1371.3000000000313,1280.0999999999872
177433847.0672,1371.3000000000313,1278.9999999999873
177433849.0672,1371.3000000000313,1278.9999999999873
177433851.0672,1371.3000000000313,1278.9999999999873
177433853.0672,1371.3000000000313,1278.9999999999873
177433855.0672,1371.2000000000314,1278.9999999999873
177433857.0672,1371.2000000000314,1278.9999999999873
177433859.0672,1371.0000000000314,1278.9999999999873
177433861.0672,1370.9000000000315,1278.9999999999873
177433863.0672,1370.9000000000315,1277.9999999999873
177433865.0672,1370.8000000000316,1277.9999999999873
177433867.0672,1370.8000000000316,1277.9999999999873
177433869.0672,1370.8000000000316,1277.9999999999873
177433871.0672,1370.8000000000316,1277.9999999999873
177433873.0672,1370.8000000000316,1277.9999999999873
177433875.0672,1370.9000000000315,1277.9999999999873
177433877.0672,1370.9000000000315,1277.9999999999873
177433879.0672,1370.7000000000314,1277.9999999999873
177433881.0672,1370.6000000000315,1277.9999999999873
177433883.0672,1370.6000000000315,1277.9999999999873
177433885.0672,1370.6000000000315,1277.9999999999873
177433887.0672,1370.6000000000315,1277.9999999999873
177433889.0672,1370.6000000000315,1277.9999999999873
177433891.0672,1370.5000000000316,1277.9999999999873
177433893.0672,1370.5000000000316,1277.9999999999873
177433895.0672,1370.4000000000317,1277.9999999999873
177433897.0672,1370.3000000000318,1277.9999999999873
177433899.0672,1370.0000000000318,1277.9999999999873
177433901.0672,1369.8000000000318,1277.9999999999873
177433903.0672,1369.8000000000318,1277.9999999999873
177433905.0672,1369.8000000000318,1277.9999999999873
177433907.0672,1369.8000000000318,1277.9999999999873
177433909.0672,1369.8000000000318,1277.9999999999873
177433911.0672,1369.8000000000318,1277.9999999999873
177433913.0672,1369.8000000000318,1278.0999999999872
177433915.0672,1369.8000000000318,1278.199999999987
177433917.0672,1369.8000000000318,1277.999999999987
177433919.0672,1369.8000000000318,1277.999999999987
177433921.0672,1369.8000000000318,1277.999999999987
177433923.0672,1369.8000000000318,1277.999999999987
177433925.0672,1369.8000000000318,1277.999999999987
177433927.0672,1369.8000000000318,1277.999999999987
177433929.0672,1369.8000000000318,1277.999999999987
177433931.0672,1369.8000000000318,1277.999999999987
177433933.0672,1369.8000000000318,1277.999999999987
177433935.0672,1369.8000000000318,1277.999999999987
177433937.0672,1369.8000000000318,1277.999999999987
177433939.0672,1369.8000000000318,1277.999999999987
177433941.0672,1369.8000000000318,1277.999999999987
177433943.0672,1369.8000000000318,1277.999999999987
177433945.0672,1369.7000000000319,1277.999999999987
177433947.0672,1369.7000000000319,1277.999999999987
177433949.0672,1369.7000000000319,1277.999999999987
177433951.0672,1369.7000000000319,1277.999999999987
177433953.0672,1369.7000000000319,1277.999999999987
177433955.0672,1369.7000000000319,1277.999999999987
177433957.0672,1360.400000000032,1277.999999999987
177433959.0672,1360.400000000032,1277.999999999987
177433961.0672,1360.400000000032,1277.999999999987
177433963.0672,1360.400000000032,1277.999999999987
177433965.0672,1360.400000000032,1277.999999999987
177433967.0672,1360.400000000032,1277.999999999987
177433969.0672,1360.400000000032,1277.999999999987
177433971.0672,1360.300000000032,1277.999999999987
177433973.0672,1360.300000000032,1277.999999999987
177433975.0672,1360.300000000032,1277.999999999987
177433977.0672,1369.700000000032,1277.999999999987
177433979.0672,1369.800000000032,1277.999999999987
177433981.0672,1369.700000000032,1277.999999999987
177433983.0672,1370.000000000032,1277.999999999987
177433985.0672,1370.100000000032,1277.999999999987
177433987.0672,1370.2000000000319,1277.999999999987
177433989.0672,1370.0000000000318,1277.999999999987
177433991.0672,1369.8000000000318,1277.999999999987
177433993.0672,1369.8000000000318,1277.999999999987
177433995.0672,1369.8000000000318,1277.999999999987
177433997.0672,1369.7000000000319,1277.999999999987
177433999.0672,1369.7000000000319,1277.999999999987
177434001.0672,1369.7000000000319,1277.999999999987
177434003.0672,1369.8000000000318,1277.999999999987
177434005.0672,1369.8000000000318,1277.999999999987
177434007.0672,1369.8000000000318,1277.999999999987
177434009.0672,1369.8000000000318,1277.999999999987
177434011.0672,1369.8000000000318,1277.999999999987
177434013.0672,1369.8000000000318,1277.999999999987
177434015.0672,1369.8000000000318,1277.999999999987
177434017.0672,1369.8000000000318,1277.999999999987
177434019.0672,1369.7000000000319,1277.999999999987
177434021.0672,1369.8000000000318,1277.999999999987
177434023.0672,1369.8000000000318,1277.999999999987
177434025.0672,1369.8000000000318,1277.999999999987
177434027.0672,1369.8000000000318,1277.999999999987
177434029.0672,1369.8000000000318,1277.999999999987
177434031.0672,1369.8000000000318,1277.999999999987
177434033.0672,1369.8000000000318,1277.999999999987
177434035.0672,1369.8000000000318,1277.999999999987
177434037.0672,1369.8000000000318,1277.999999999987
177434039.0672,1369.8000000000318,1277.999999999987
177434041.0672,1369.8000000000318,1277.999999999987
177434043.0672,1369.8000000000318,1277.999999999987
177434045.0672,1369.8000000000318,1277.999999999987
177434047.0672,1369.8000000000318,1277.999999999987
177434049.0672,1369.8000000000318,1277.999999999987
177434051.0672,1369.9000000000317,1277.999999999987
177434053.0672,1369.9000000000317,1277.999999999987
177434055.0672,1369.9000000000317,1277.999999999987
177434057.0672,1369.9000000000317,1277.999999999987
177434059.0672,1369.9000000000317,1277.999999999987
177434061.0672,1369.9000000000317,1277.999999999987
177434063.0672,1369.9000000000317,1277.999999999987
177434065.0672,1369.9000000000317,1277.999999999987
177434067.0672,1369.7000000000317,1277.999999999987
177434069.0672,1369.7000000000317,1277.999999999987
177434071.0672,1369.7000000000317,1277.999999999987
177434073.0672,1369.7000000000317,1277.999999999987
177434075.0672,1369.6000000000317,1277.999999999987
177434077.0672,1369.7000000000317,1277.999999999987
177434079.0672,1369.7000000000317,1277.999999999987
177434081.0672,1369.7000000000317,1277.999999999987
177434083.0672,1369.7000000000317,1277.999999999987
177434085.0672,1369.7000000000317,1277.999999999987
177434087.0672,1369.7000000000317,1277.999999999987
177434089.0672,1369.7000000000317,1277.999999999987
177434091.0672,1369.7000000000317,1277.999999999987
177434093.0672,1369.7000000000317,1277.999999999987
177434095.0672,1369.7000000000317,1277.999999999987
177434097.0672,1369.7000000000317,1277.999999999987
177434099.0672,1369.6000000000317,1277.999999999987
177434101.0672,1369.6000000000317,1277.999999999987
177434103.0672,1369.6000000000317,1277.999999999987
177434105.0672,1369.6000000000317,1277.999999999987
177434107.0672,1369.6000000000317,1277.999999999987
177434109.0672,1369.6000000000317,1277.999999999987
177434111.0672,1369.6000000000317,1277.999999999987
177434113.0672,1369.6000000000317,1277.999999999987
177434115.0672,1369.6000000000317,1277.999999999987
177434117.0672,1369.6000000000317,1277.999999999987
177434119.0672,1369.6000000000317,1277.999999999987
177434121.0672,1369.6000000000317,1277.999999999987
177434123.0672,1369.6000000000317,1277.999999999987
177434125.0672,1369.6000000000317,1277.999999999987
177434127.0672,1369.6000000000317,1277.999999999987
177434129.0672,1369.6000000000317,1277.999999999987
177434131.0672,1369.6000000000317,1277.999999999987
177434133.0672,1369.5000000000318,1277.999999999987
177434135.0672,1369.5000000000318,1277.999999999987
177434137.0672,1369.5000000000318,1277.999999999987
177434139.0672,1369.5000000000318,1277.999999999987
177434141.0672,1369.2000000000319,1277.999999999987
177434143.0672,1369.0000000000318,1277.999999999987
177434145.0672,1369.0000000000318,1277.999999999987
177434147.0672,1369.0000000000318,1277.999999999987
177434149.0672,1369.1000000000317,1277.999999999987
177434151.0672,1369.1000000000317,1277.999999999987
177434153.0672,1369.0000000000318,1277.999999999987
177434155.0672,1369.0000000000318,1277.999999999987
177434157.0672,1369.0000000000318,1277.999999999987
177434159.0672,1368.900000000032,1277.999999999987
177434161.0672,1369.0000000000318,1277.999999999987
177434163.0672,1369.0000000000318,1277.999999999987
177434165.0672,1369.0000000000318,1277.999999999987
177434167.0672,1369.0000000000318,1277.999999999987
177434169.0672,1369.0000000000318,1277.999999999987
177434171.0672,1369.0000000000318,1277.999999999987
177434173.0672,1369.0000000000318,1277.999999999987
177434175.0672,1369.0000000000318,1277.999999999987
177434177.0672,1369.0000000000318,1277.999999999987
177434179.0672,1369.0000000000318,1277.999999999987
177434181.0672,1369.0000000000318,1277.999999999987
177434183.0672,1369.0000000000318,1277.999999999987
177434185.0672,1369.2000000000319,1277.999999999987
177434187.0672,1369.2000000000319,1277.999999999987
177434189.0672,1369.2000000000319,1277.999999999987
177434191.0672,1369.2000000000319,1277.999999999987
177434193.0672,1369.2000000000319,1277.999999999987
177434195.0672,1369.2000000000319,1277.999999999987
177434197.0672,1369.100000000032,1277.999999999987
177434199.0672,1369.2000000000319,1277.999999999987
177434201.0672,1369.100000000032,1278.099999999987
177434203.0672,1369.100000000032,1278.099999999987
177434205.0672,1369.100000000032,1278.099999999987
177434207.0672,1369.100000000032,1278.099999999987
177434209.0672,1369.000000000032,1278.099999999987
177434211.0672,1369.000000000032,1278.099999999987
177434213.0672,1369.000000000032,1278.099999999987
177434215.0672,1369.000000000032,1278.099999999987
177434217.0672,1369.000000000032,1278.099999999987
177434219.0672,1369.000000000032,1278.099999999987
177434221.0672,1369.000000000032,1278.099999999987
177434223.0672,1369.000000000032,1278.099999999987
177434225.0672,1369.000000000032,1278.099999999987
177434227.0672,1369.300000000032,1278.099999999987
177434229.0672,1369.300000000032,1278.099999999987
177434231.0672,1369.500000000032,1278.099999999987
177434233.0672,1369.800000000032,1278.099999999987
177434235.0672,1370.100000000032,1278.099999999987
177434237.0672,1370.2000000000319,1278.099999999987
177434239.0672,1370.400000000032,1278.099999999987
177434241.0672,1370.400000000032,1278.099999999987
177434243.0672,1370.5000000000318,1278.099999999987
177434245.0672,1370.400000000032,1278.099999999987
177434247.0672,1370.300000000032,1278.099999999987
177434249.0672,1370.300000000032,1278.099999999987
177434251.0672,1370.300000000032,1278.099999999987
177434253.0672,1370.300000000032,1278.099999999987
177434255.0672,1370.300000000032,1278.099999999987
177434257.0672,1370.300000000032,1278.099999999987
177434259.0672,1370.300000000032,1278.099999999987
177434261.0672,1370.300000000032,1278.099999999987
177434263.0672,1370.300000000032,1278.099999999987
177434265.0672,1370.300000000032,1278.099999999987
177434267.0672,1370.300000000032,1278.099999999987
177434269.0672,1370.300000000032,1278.099999999987
177434271.0672,1370.300000000032,1278.099999999987
177434273.0672,1370.200000000032,1278.099999999987
177434275.0672,1370.200000000032,1278.099999999987
177434277.0672,1370.1000000000322,1278.099999999987
177434279.0672,1370.0000000000323,1278.099999999987
177434281.0672,1370.0000000000323,1278.099999999987
177434283.0672,1370.0000000000323,1278.099999999987
177434285.0672,1370.0000000000323,1278.099999999987
177434287.0672,1370.0000000000323,1278.099999999987
177434289.0672,1370.0000000000323,1278.099999999987
177434291.0672,1370.0000000000323,1278.099999999987
177434293.0672,1370.0000000000323,1278.099999999987
177434295.0672,1370.0000000000323,1278.099999999987
177434297.0672,1370.0000000000323,1278.099999999987
177434299.0672,1370.0000000000323,1278.099999999987
177434301.0672,1370.0000000000323,1278.099999999987
177434303.0672,1370.0000000000323,1278.099999999987
177434305.0672,1370.0000000000323,1278.099999999987
177434307.0672,1370.0000000000323,1278.099999999987
177434309.0672,1370.0000000000323,1278.099999999987
177434311.0672,1370.0000000000323,1278.099999999987
177434313.0672,1370.0000000000323,1278.099999999987
177434315.0672,1369.9000000000324,1278.099999999987
177434317.0672,1369.9000000000324,1278.099999999987
177434319.0672,1369.9000000000324,1278.099999999987
177434321.0672,1369.9000000000324,1278.099999999987
177434323.0672,1369.9000000000324,1278.099999999987
177434325.0672,1369.9000000000324,1278.099999999987
177434327.0672,1369.9000000000324,1278.099999999987
177434329.0672,1369.9000000000324,1278.099999999987
177434331.0672,1369.9000000000324,1278.099999999987
177434333.0672,1369.9000000000324,1278.099999999987
177434335.0672,1369.9000000000324,1278.099999999987
177434337.0672,1369.9000000000324,1278.099999999987
177434339.0672,1370.0000000000323,1282.6999999999869
177434341.0672,1370.3000000000322,1282.6999999999869
177434343.0672,1370.3000000000322,1282.6999999999869
177434345.0672,1370.3000000000322,1282.6999999999869
177434347.0672,1370.3000000000322,1282.6999999999869
177434349.0672,1370.3000000000322,1282.6999999999869
177434351.0672,1370.3000000000322,1282.6999999999869
177434353.0672,1370.3000000000322,1282.6999999999869
177434355.0672,1370.3000000000322,1282.6999999999869
177434357.0672,1370.3000000000322,1282.6999999999869
177434359.0672,1370.3000000000322,1282.6999999999869
177434361.0672,1370.3000000000322,1282.6999999999869
177434363.0672,1370.2000000000323,1282.6999999999869
177434365.0672,1370.2000000000323,1282.6999999999869
177434367.0672,1370.2000000000323,1282.6999999999869
177434369.0672,1370.2000000000323,1278.099999999987
177434371.0672,1370.2000000000323,1278.099999999987
177434373.0672,1370.1000000000324,1278.099999999987
177434375.0672,1370.1000000000324,1278.099999999987
177434377.0672,1370.1000000000324,1278.099999999987
177434379.0672,1370.1000000000324,1278.099999999987
177434381.0672,1370.1000000000324,1278.099999999987
177434383.0672,1370.1000000000324,1278.099999999987
177434385.0672,1370.1000000000324,1278.099999999987
177434387.0672,1370.1000000000324,1278.099999999987
177434389.0672,1369.9000000000324,1278.099999999987
177434391.0672,1369.9000000000324,1278.099999999987
177434393.0672,1369.9000000000324,1278.099999999987
177434395.0672,1369.9000000000324,1278.099999999987
177434397.0672,1369.9000000000324,1278.099999999987
177434399.0672,1369.9000000000324,1278.099999999987
177434401.0672,1369.9000000000324,1278.099999999987
177434403.0672,1369.9000000000324,1278.099999999987
177434405.0672,1369.9000000000324,1278.099999999987
177434407.0672,1369.9000000000324,1278.099999999987
177434409.0672,1369.9000000000324,1278.099999999987
177434411.0672,1369.9000000000324,1278.099999999987
177434413.0672,1369.9000000000324,1278.099999999987
177434415.0672,1369.9000000000324,1278.099999999987
177434417.0672,1369.9000000000324,1278.099999999987
177434419.0672,1369.9000000000324,1278.099999999987
177434421.0672,1369.9000000000324,1278.099999999987
177434423.0672,1369.9000000000324,1278.099999999987
177434425.0672,1369.9000000000324,1278.099999999987
177434427.0672,1369.9000000000324,1278.099999999987
177434429.0672,1369.9000000000324,1278.099999999987
177434431.0672,1369.9000000000324,1278.099999999987
177434433.0672,1369.9000000000324,1278.099999999987
177434435.0672,1369.9000000000324,1278.099999999987
177434437.0672,1369.9000000000324,1278.099999999987
177434439.0672,1369.9000000000324,1278.099999999987
177434441.0672,1369.8000000000325,1278.099999999987
177434443.0672,1369.7000000000326,1278.099999999987
177434445.0672,1369.6000000000327,1278.099999999987
177434447.0672,1369.6000000000327,1278.099999999987
177434449.0672,1369.4000000000326,1278.099999999987
177434451.0672,1369.4000000000326,1278.099999999987
177434453.0672,1369.4000000000326,1278.099999999987
177434455.0672,1369.3000000000327,1278.099999999987
177434457.0672,1369.3000000000327,1278.099999999987
177434459.0672,1369.3000000000327,1278.099999999987
177434461.0672,1369.3000000000327,1278.099999999987
177434463.0672,1369.3000000000327,1278.099999999987
177434465.0672,1369.3000000000327,1278.099999999987
177434467.0672,1369.6000000000327,1278.099999999987
177434469.0672,1369.5000000000327,1278.099999999987
177434471.0672,1369.5000000000327,1278.099999999987
177434473.0672,1369.5000000000327,1278.099999999987
177434475.0672,1369.5000000000327,1278.099999999987
177434477.0672,1369.4000000000328,1278.099999999987
177434479.0672,1369.4000000000328,1278.099999999987
177434481.0672,1369.4000000000328,1278.099999999987
177434483.0672,1369.300000000033,1278.099999999987
177434485.0672,1369.300000000033,1278.099999999987
177434487.0672,1369.300000000033,1278.099999999987
177434489.0672,1369.300000000033,1278.099999999987
177434491.0672,1369.200000000033,1278.099999999987
177434493.0672,1369.300000000033,1278.099999999987
177434495.0672,1369.300000000033,1278.099999999987
177434497.0672,1369.200000000033,1278.099999999987
177434499.0672,1369.200000000033,1278.099999999987
177434501.0672,1369.100000000033,1278.099999999987
177434503.0672,1368.900000000033,1278.099999999987
177434505.0672,1368.900000000033,1278.099999999987
177434507.0672,1368.900000000033,1278.099999999987
177434509.0672,1368.900000000033,1278.099999999987
177434511.0672,1368.900000000033,1278.099999999987
177434513.0672,1368.8000000000332,1278.099999999987
177434515.0672,1368.8000000000332,1278.099999999987
177434517.0672,1368.7000000000332,1278.099999999987
177434519.0672,1368.7000000000332,1278.099999999987
177434521.0672,1368.7000000000332,1278.099999999987
177434523.0672,1368.7000000000332,1278.099999999987
177434525.0672,1368.7000000000332,1278.099999999987
177434527.0672,1368.7000000000332,1278.099999999987
177434529.0672,1368.7000000000332,1278.099999999987
177434531.0672,1368.7000000000332,1278.099999999987
177434533.0672,1368.6000000000333,1278.099999999987
177434535.0672,1368.8000000000334,1278.1999999999869
177434537.0672,1368.7000000000335,1278.1999999999869
177434539.0672,1368.7000000000335,1278.1999999999869
177434541.0672,1368.7000000000335,1278.1999999999869
177434543.0672,1368.7000000000335,1278.1999999999869
177434545.0672,1368.7000000000335,1278.1999999999869
177434547.0672,1368.7000000000335,1278.2999999999868
177434549.0672,1368.6000000000336,1278.2999999999868
177434551.0672,1368.6000000000336,1278.2999999999868
177434553.0672,1368.6000000000336,1278.2999999999868
177434555.0672,1368.6000000000336,1278.2999999999868
177434557.0672,1368.6000000000336,1278.2999999999868
177434559.0672,1368.6000000000336,1278.2999999999868
177434561.0672,1368.6000000000336,1278.2999999999868
177434563.0672,1368.6000000000336,1278.2999999999868
177434565.0672,1368.4000000000335,1278.2999999999868
177434567.0672,1368.4000000000335,1278.2999999999868
177434569.0672,1368.5000000000334,1278.2999999999868
177434571.0672,1368.4000000000335,1278.2999999999868
177434573.0672,1368.4000000000335,1278.2999999999868
177434575.0672,1368.3000000000336,1278.2999999999868
177434577.0672,1368.3000000000336,1278.2999999999868
177434579.0672,1368.3000000000336,1278.2999999999868
177434581.0672,1368.3000000000336,1278.2999999999868
177434583.0672,1368.3000000000336,1278.2999999999868
177434585.0672,1368.3000000000336,1278.2999999999868
177434587.0672,1368.3000000000336,1278.2999999999868
177434589.0672,1368.2000000000337,1278.2999999999868
177434591.0672,1368.4000000000337,1278.2999999999868
177434593.0672,1368.4000000000337,1278.2999999999868
177434595.0672,1368.4000000000337,1278.2999999999868
177434597.0672,1368.4000000000337,1278.2999999999868
177434599.0672,1368.3000000000338,1278.2999999999868
177434601.0672,1368.3000000000338,1278.2999999999868
177434603.0672,1368.4000000000337,1278.2999999999868
177434605.0672,1368.4000000000337,1278.2999999999868
177434607.0672,1368.4000000000337,1278.1999999999869
177434609.0672,1368.4000000000337,1278.1999999999869
177434611.0672,1368.4000000000337,1278.1999999999869
177434613.0672,1368.4000000000337,1278.1999999999869
177434615.0672,1368.4000000000337,1278.1999999999869
177434617.0672,1368.4000000000337,1278.099999999987
177434619.0672,1368.5000000000337,1278.099999999987
177434621.0672,1368.7000000000337,1278.099999999987
177434623.0672,1368.7000000000337,1278.099999999987
177434625.0672,1368.7000000000337,1278.099999999987
177434627.0672,1368.7000000000337,1278.099999999987
177434629.0672,1368.7000000000337,1278.099999999987
177434631.0672,1368.7000000000337,1278.099999999987
177434633.0672,1368.7000000000337,1278.099999999987
177434635.0672,1368.7000000000337,1278.099999999987
177434637.0672,1368.7000000000337,1278.099999999987
177434639.0672,1368.7000000000337,1278.099999999987
177434641.0672,1368.7000000000337,1278.099999999987
177434643.0672,1368.7000000000337,1278.1999999999869
177434645.0672,1368.7000000000337,1278.1999999999869
177434647.0672,1368.7000000000337,1278.1999999999869
177434649.0672,1368.7000000000337,1278.1999999999869
177434651.0672,1368.6000000000338,1278.1999999999869
177434653.0672,1368.6000000000338,1278.1999999999869
177434655.0672,1368.6000000000338,1278.1999999999869
177434657.0672,1368.6000000000338,1278.1999999999869
177434659.0672,1368.6000000000338,1278.1999999999869
177434661.0672,1368.6000000000338,1278.1999999999869
177434663.0672,1368.6000000000338,1278.1999999999869
177434665.0672,1368.6000000000338,1278.1999999999869
177434667.0672,1368.6000000000338,1278.1999999999869
177434669.0672,1368.6000000000338,1278.1999999999869
177434671.0672,1368.6000000000338,1278.1999999999869
177434673.0672,1368.6000000000338,1278.1999999999869
177434675.0672,1368.6000000000338,1278.1999999999869
177434677.0672,1368.6000000000338,1278.1999999999869
177434679.0672,1368.6000000000338,1278.1999999999869
177434681.0672,1368.6000000000338,1278.1999999999869
177434683.0672,1368.6000000000338,1278.1999999999869
177434685.0672,1368.6000000000338,1278.1999999999869
177434687.0672,1368.6000000000338,1278.1999999999869
177434689.0672,1368.6000000000338,1278.1999999999869
177434691.0672,1368.6000000000338,1278.1999999999869
177434693.0672,1368.6000000000338,1278.1999999999869
177434695.0672,1368.6000000000338,1278.1999999999869
177434697.0672,1368.6000000000338,1278.1999999999869
177434699.0672,1368.5000000000339,1278.1999999999869
177434701.0672,1368.5000000000339,1278.1999999999869
177434703.0672,1368.6000000000338,1278.1999999999869
177434705.0672,1368.6000000000338,1278.1999999999869
177434707.0672,1368.6000000000338,1278.2999999999868
177434709.0672,1368.6000000000338,1278.2999999999868
177434711.0672,1368.6000000000338,1278.2999999999868
177434713.0672,1368.7000000000337,1278.2999999999868
177434715.0672,1368.7000000000337,1278.2999999999868
177434717.0672,1368.7000000000337,1278.2999999999868
177434719.0672,1368.7000000000337,1278.1999999999869
177434721.0672,1368.9000000000337,1278.1999999999869
177434723.0672,1368.9000000000337,1278.1999999999869
177434725.0672,1368.9000000000337,1278.1999999999869
177434727.0672,1368.9000000000337,1278.1999999999869
177434729.0672,1359.8000000000338,1278.1999999999869
177434731.0672,1359.8000000000338,1278.1999999999869
177434733.0672,1359.8000000000338,1278.1999999999869
177434735.0672,1359.8000000000338,1278.1999999999869
177434737.0672,1359.8000000000338,1278.1999999999869
177434739.0672,1359.8000000000338,1278.1999999999869
177434741.0672,1359.8000000000338,1278.1999999999869
177434743.0672,1359.8000000000338,1278.1999999999869
177434745.0672,1359.8000000000338,1278.1999999999869
177434747.0672,1359.8000000000338,1278.1999999999869
177434749.0672,1359.8000000000338,1278.1999999999869
177434751.0672,1359.8000000000338,1278.1999999999869
177434753.0672,1359.6000000000338,1278.1999999999869
177434755.0672,1359.5000000000339,1278.1999999999869
177434757.0672,1359.5000000000339,1278.1999999999869
177434759.0672,1359.5000000000339,1278.1999999999869
177434761.0672,1359.5000000000339,1278.1999999999869
177434763.0672,1359.5000000000339,1278.1999999999869
177434765.0672,1359.5000000000339,1278.1999999999869
177434767.0672,1359.5000000000339,1278.1999999999869
177434769.0672,1359.5000000000339,1278.1999999999869
177434771.0672,1359.400000000034,1278.1999999999869
177434773.0672,1359.400000000034,1278.1999999999869
177434775.0672,1359.5000000000339,1278.1999999999869
177434777.0672,1359.5000000000339,1278.1999999999869
177434779.0672,1359.5000000000339,1278.1999999999869
177434781.0672,1359.5000000000339,1278.1999999999869
177434783.0672,1359.400000000034,1278.1999999999869
177434785.0672,1359.400000000034,1278.1999999999869
177434787.0672,1359.400000000034,1278.1999999999869
177434789.0672,1359.400000000034,1278.1999999999869
177434791.0672,1359.5000000000339,1278.1999999999869
177434793.0672,1359.5000000000339,1278.1999999999869
177434795.0672,1359.5000000000339,1278.1999999999869
177434797.0672,1359.5000000000339,1278.1999999999869
177434799.0672,1359.5000000000339,1278.1999999999869
177434801.0672,1359.5000000000339,1282.2999999999868
177434803.0672,1359.5000000000339,1282.2999999999868
177434805.0672,1359.5000000000339,1282.2999999999868
177434807.0672,1359.6000000000338,1278.1999999999869
177434809.0672,1359.6000000000338,1278.1999999999869
177434811.0672,1359.6000000000338,1278.1999999999869
177434813.0672,1359.6000000000338,1278.1999999999869
177434815.0672,1359.6000000000338,1278.1999999999869
177434817.0672,1359.6000000000338,1278.1999999999869
177434819.0672,1359.6000000000338,1278.1999999999869
177434821.0672,1359.6000000000338,1278.1999999999869
177434823.0672,1359.5000000000339,1278.1999999999869
177434825.0672,1359.5000000000339,1278.1999999999869
177434827.0672,1359.5000000000339,1278.1999999999869
177434829.0672,1359.5000000000339,1278.1999999999869
177434831.0672,1359.5000000000339,1278.1999999999869
177434833.0672,1359.5000000000339,1277.9999999999868
177434835.0672,1359.6000000000338,1277.9999999999868
177434837.0672,1359.6000000000338,1277.9999999999868
177434839.0672,1359.6000000000338,1277.9999999999868
177434841.0672,1359.6000000000338,1277.9999999999868
177434843.0672,1359.6000000000338,1277.9999999999868
177434845.0672,1359.6000000000338,1277.9999999999868
177434847.0672,1359.6000000000338,1277.9999999999868
177434849.0672,1359.6000000000338,1277.9999999999868
177434851.0672,1359.6000000000338,1277.9999999999868
177434853.0672,1359.5000000000339,1277.9999999999868
177434855.0672,1359.5000000000339,1277.9999999999868
177434857.0672,1359.5000000000339,1277.9999999999868
177434859.0672,1359.5000000000339,1277.9999999999868
177434861.0672,1359.5000000000339,1277.9999999999868
177434863.0672,1359.5000000000339,1277.9999999999868
177434865.0672,1359.5000000000339,1277.9999999999868
177434867.0672,1359.5000000000339,1277.9999999999868
177434869.0672,1359.5000000000339,1274.9999999999868
177434871.0672,1359.5000000000339,1274.9999999999868
177434873.0672,1359.5000000000339,1274.9999999999868
177434875.0672,1359.5000000000339,1274.9999999999868
177434877.0672,1359.5000000000339,1274.9999999999868
177434879.0672,1359.5000000000339,1274.9999999999868
177434881.0672,1359.5000000000339,1274.9999999999868
177434883.0672,1359.6000000000338,1274.9999999999868
177434885.0672,1359.6000000000338,1274.9999999999868
177434887.0672,1359.6000000000338,1274.9999999999868
177434889.0672,1359.6000000000338,1220.9999999999868
177434891.0672,1359.6000000000338,1220.9999999999868
177434893.0672,1359.6000000000338,1220.9999999999868
177434895.0672,1359.6000000000338,1220.5999999999867
177434897.0672,1359.6000000000338,951.6999999999867
177434899.0672,1359.6000000000338,951.7999999999868
177434901.0672,1359.6000000000338,951.7999999999868
177434903.0672,1359.4000000000337,951.6999999999867
177434905.0672,1359.3000000000338,951.6999999999867
177434907.0672,1359.3000000000338,951.6999999999867
177434909.0672,1359.200000000034,951.6999999999867
177434911.0672,1359.100000000034,951.6999999999867
177434913.0672,1358.900000000034,951.6999999999867
177434915.0672,1358.900000000034,951.6999999999867
177434917.0672,1358.900000000034,951.8999999999868
177434919.0672,1359.0000000000339,951.8999999999868
177434921.0672,1359.0000000000339,951.8999999999868
177434923.0672,1359.0000000000339,951.8999999999868
177434925.0672,1359.1000000000338,951.8999999999868
177434927.0672,1359.0000000000339,951.8999999999868
177434929.0672,1359.0000000000339,951.9999999999868
177434931.0672,1359.0000000000339,951.9999999999868
177434933.0672,1358.900000000034,951.9999999999868
177434935.0672,1358.800000000034,951.9999999999868
177434937.0672,1358.800000000034,951.9999999999868
177434939.0672,1358.7000000000342,951.9999999999868
177434941.0672,1358.6000000000342,951.9999999999868
177434943.0672,1358.6000000000342,951.9999999999868
177434945.0672,1358.6000000000342,951.9999999999868
177434947.0672,1358.6000000000342,951.9999999999868
177434949.0672,1358.6000000000342,951.9999999999868
177434951.0672,1358.6000000000342,951.9999999999868
177434953.0672,1358.5000000000343,951.9999999999868
177434955.0672,1358.5000000000343,951.9999999999868
177434957.0672,1358.5000000000343,951.9999999999868
177434959.0672,1358.4000000000344,951.9999999999868
177434961.0672,1358.4000000000344,951.9999999999868
177434963.0672,1358.4000000000344,952.0999999999868
177434965.0672,1358.4000000000344,952.0999999999868
177434967.0672,1358.4000000000344,952.0999999999868
177434969.0672,1358.4000000000344,952.0999999999868
177434971.0672,1358.4000000000344,952.0999999999868
177434973.0672,1317.8000000000345,952.0999999999868
177434975.0672,1317.7000000000346,951.9999999999868
177434977.0672,1317.6000000000347,951.9999999999868
177434979.0672,1317.6000000000347,951.9999999999868
177434981.0672,1317.6000000000347,951.9999999999868
177434983.0672,1317.5000000000348,951.9999999999868
177434985.0672,1317.5000000000348,951.9999999999868
177434987.0672,1317.4000000000349,951.9999999999868
177434989.0672,1317.300000000035,951.9999999999868
177434991.0672,1317.100000000035,951.9999999999868
177434993.0672,1316.800000000035,952.0999999999868
177434995.0672,1316.300000000035,952.1999999999869
177434997.0672,1316.300000000035,952.1999999999869
177434999.0672,1316.300000000035,952.1999999999869
177435001.0672,1316.200000000035,952.1999999999869
177435003.0672,1316.200000000035,952.2999999999869
177435005.0672,1316.200000000035,952.2999999999869
177435007.0672,1316.200000000035,952.2999999999869
177435009.0672,1316.1000000000352,952.2999999999869
177435011.0672,1316.1000000000352,952.2999999999869
177435013.0672,1316.0000000000352,952.2999999999869
177435015.0672,1316.0000000000352,952.3999999999869
177435017.0672,1315.9000000000353,952.3999999999869
177435019.0672,1315.8000000000354,952.3999999999869
177435021.0672,1315.8000000000354,952.3999999999869
177435023.0672,1315.8000000000354,952.3999999999869
177435025.0672,1315.8000000000354,952.3999999999869
177435027.0672,1315.7000000000355,952.3999999999869
177435029.0672,1315.7000000000355,952.4999999999869
177435031.0672,1315.5000000000355,952.3999999999869
177435033.0672,1315.5000000000355,952.4999999999869
177435035.0672,1315.5000000000355,952.4999999999869
177435037.0672,1315.3000000000354,952.4999999999869
177435039.0672,1315.3000000000354,952.4999999999869
177435041.0672,1315.3000000000354,952.4999999999869
177435043.0672,1315.2000000000355,952.4999999999869
177435045.0672,1315.2000000000355,952.4999999999869
177435047.0672,1315.2000000000355,952.4999999999869
177435049.0672,1315.1000000000356,952.4999999999869
177435051.0672,1315.1000000000356,952.4999999999869
177435053.0672,1315.1000000000356,952.4999999999869
177435055.0672,1314.9000000000356,952.4999999999869
177435057.0672,1314.9000000000356,952.4999999999869
177435059.0672,1314.9000000000356,952.4999999999869
177435061.0672,1314.8000000000357,952.4999999999869
177435063.0672,1314.8000000000357,952.4999999999869
177435065.0672,1314.7000000000357,952.3999999999869
177435067.0672,1314.7000000000357,952.3999999999869
177435069.0672,1314.7000000000357,952.3999999999869
177435071.0672,1314.7000000000357,952.3999999999869
177435073.0672,1314.7000000000357,952.3999999999869
177435075.0672,1314.6000000000358,952.3999999999869
177435077.0672,1314.6000000000358,952.099999999987
177435079.0672,1314.6000000000358,952.099999999987
177435081.0672,1314.6000000000358,952.099999999987
177435083.0672,1314.500000000036,952.099999999987
177435085.0672,1314.500000000036,952.099999999987
177435087.0672,1314.500000000036,952.099999999987
177435089.0672,1314.500000000036,952.099999999987
177435091.0672,1314.500000000036,952.099999999987
177435093.0672,1314.500000000036,952.099999999987
177435095.0672,1278.3000000000359,952.099999999987
177435097.0672,1278.3000000000359,952.099999999987
177435099.0672,1278.3000000000359,952.199999999987
177435101.0672,1278.200000000036,952.199999999987
177435103.0672,1278.200000000036,952.199999999987
177435105.0672,1278.200000000036,952.199999999987
177435107.0672,1278.200000000036,952.199999999987
177435109.0672,1278.200000000036,952.199999999987
177435111.0672,1278.200000000036,952.199999999987
177435113.0672,1277.900000000036,952.199999999987
177435115.0672,1277.900000000036,952.199999999987
177435117.0672,1277.900000000036,952.199999999987
177435119.0672,1277.900000000036,952.199999999987
177435121.0672,1277.800000000036,952.299999999987
177435123.0672,1277.800000000036,952.299999999987
177435125.0672,1277.800000000036,952.299999999987
177435127.0672,1277.7000000000362,952.299999999987
177435129.0672,1277.7000000000362,952.299999999987
177435131.0672,1277.6000000000363,952.399999999987
177435133.0672,1277.6000000000363,952.399999999987
177435135.0672,1277.6000000000363,952.399999999987
177435137.0672,1277.6000000000363,952.399999999987
177435139.0672,1277.5000000000364,952.299999999987
177435141.0672,1277.5000000000364,952.299999999987
177435143.0672,1277.4000000000365,952.299999999987
177435145.0672,1277.4000000000365,952.299999999987
177435147.0672,1277.4000000000365,952.299999999987
177435149.0672,1277.4000000000365,952.299999999987
177435151.0672,1277.3000000000366,952.299999999987
177435153.0672,1277.3000000000366,952.299999999987
177435155.0672,1277.2000000000367,952.299999999987
177435157.0672,1277.2000000000367,952.299999999987
177435159.0672,1277.1000000000367,952.299999999987
177435161.0672,1277.1000000000367,952.299999999987
177435163.0672,1277.0000000000368,952.299999999987
177435165.0672,1277.0000000000368,952.299999999987
177435167.0672,1277.1000000000367,952.299999999987
177435169.0672,1277.1000000000367,952.399999999987
177435171.0672,1277.1000000000367,952.399999999987
177435173.0672,1277.9000000000367,952.399999999987
177435175.0672,1277.8000000000368,952.499999999987
177435177.0672,1277.8000000000368,952.5999999999871
177435179.0672,1277.8000000000368,952.5999999999871
177435181.0672,1277.8000000000368,952.5999999999871
177435183.0672,1277.7000000000369,952.5999999999871
177435185.0672,1277.7000000000369,952.5999999999871
177435187.0672,1277.5000000000368,952.5999999999871
177435189.0672,1277.7000000000369,952.5999999999871
177435191.0672,1277.7000000000369,952.5999999999871
177435193.0672,1277.900000000037,952.5999999999871
177435195.0672,1277.800000000037,952.5999999999871
177435197.0672,1277.700000000037,952.5999999999871
177435199.0672,1277.500000000037,952.6999999999871
177435201.0672,1277.500000000037,952.6999999999871
177435203.0672,1277.500000000037,952.7999999999871
177435205.0672,1277.500000000037,952.7999999999871
177435207.0672,1277.500000000037,952.7999999999871
177435209.0672,1277.4000000000372,952.7999999999871
177435211.0672,1277.3000000000372,952.7999999999871
177435213.0672,1277.3000000000372,952.7999999999871
177435215.0672,1277.4000000000372,952.7999999999871
177435217.0672,1277.4000000000372,952.8999999999871
177435219.0672,1277.200000000037,952.8999999999871
177435221.0672,1277.200000000037,952.8999999999871
177435223.0672,1277.1000000000372,952.8999999999871
177435225.0672,1276.9000000000372,952.8999999999871
177435227.0672,1276.9000000000372,952.8999999999871
177435229.0672,1276.700000000037,952.8999999999871
177435231.0672,1276.700000000037,952.8999999999871
177435233.0672,1276.700000000037,952.8999999999871
177435235.0672,1276.6000000000372,952.8999999999871
177435237.0672,1276.6000000000372,952.8999999999871
177435239.0672,1276.5000000000373,952.8999999999871
177435241.0672,1276.5000000000373,952.8999999999871
177435243.0672,1276.5000000000373,952.8999999999871
177435245.0672,1276.4000000000374,952.8999999999871
177435247.0672,1276.3000000000375,952.8999999999871
177435249.0672,1276.2000000000376,952.8999999999871
177435251.0672,1276.2000000000376,952.8999999999871
177435253.0672,1276.2000000000376,952.8999999999871
177435255.0672,1276.2000000000376,952.8999999999871
177435257.0672,1276.1000000000377,952.8999999999871
177435259.0672,1276.1000000000377,952.8999999999871
177435261.0672,1276.1000000000377,952.8999999999871
177435263.0672,1276.1000000000377,952.8999999999871
177435265.0672,1276.0000000000377,952.8999999999871
177435267.0672,1276.0000000000377,952.8999999999871
177435269.0672,1276.0000000000377,952.8999999999871
177435271.0672,1275.9000000000378,952.8999999999871
177435273.0672,1275.9000000000378,952.8999999999871
177435275.0672,1275.7000000000378,952.8999999999871
177435277.0672,1275.6000000000379,952.8999999999871
177435281.0672,1275.500000000038,952.8999999999871
177435291.0672,1275.200000000038,952.8999999999871
177435293.0672,1275.100000000038,1099.999999999987
177435295.0672,1275.0000000000382,1099.999999999987
177435297.0672,1274.9000000000383,1099.999999999987
177435299.0672,1274.9000000000383,1099.999999999987
177435301.0672,1274.8000000000384,1099.999999999987
177435303.0672,1274.8000000000384,952.999999999987
177435305.0672,1274.8000000000384,952.999999999987
177435307.0672,1274.6000000000383,952.899999999987
177435309.0672,1274.5000000000384,952.899999999987
177435311.0672,1274.5000000000384,952.899999999987
177435313.0672,1274.4000000000385,952.999999999987
177435315.0672,1274.4000000000385,952.899999999987
177435317.0672,1274.3000000000386,952.899999999987
177435319.0672,1274.2000000000387,952.899999999987
177435321.0672,1274.2000000000387,952.899999999987
177435323.0672,1274.1000000000388,952.999999999987
177435325.0672,1274.1000000000388,952.899999999987
177435327.0672,1274.1000000000388,952.899999999987
177435329.0672,1274.0000000000389,952.999999999987
177435331.0672,1274.0000000000389,952.999999999987
177435333.0672,1273.900000000039,952.999999999987
177435335.0672,1273.800000000039,952.999999999987
177435337.0672,1273.7000000000392,952.999999999987
177435339.0672,1273.7000000000392,1099.999999999987
177435341.0672,1273.7000000000392,1099.999999999987
177435343.0672,1273.4000000000392,1099.999999999987
177435345.0672,1273.2000000000392,1099.999999999987
177435347.0672,1273.2000000000392,1099.999999999987
177435349.0672,1273.2000000000392,1099.999999999987
177435351.0672,1273.2000000000392,1099.999999999987
177435353.0672,1273.1000000000392,1111.299999999987
177435355.0672,1272.9000000000392,1111.299999999987
177435357.0672,1272.8000000000393,1111.299999999987
177435359.0672,1272.8000000000393,1111.399999999987
177435361.0672,1272.8000000000393,1111.399999999987
177435363.0672,1272.8000000000393,1111.399999999987
177435365.0672,1272.7000000000394,1111.399999999987
177435367.0672,1272.5000000000393,1111.399999999987
177435369.0672,1272.5000000000393,1111.399999999987
177435371.0672,1250.0000000000393,1111.399999999987
177435373.0672,1249.7000000000394,1111.399999999987
177435375.0672,1249.7000000000394,1111.399999999987
177435377.0672,1249.7000000000394,1111.399999999987
177435379.0672,1239.9000000000394,1111.399999999987
177435381.0672,1239.8000000000395,1111.399999999987
177435383.0672,1239.7000000000396,1111.399999999987
177435385.0672,1239.7000000000396,1111.399999999987
177435387.0672,1239.6000000000397,1111.399999999987
177435389.0672,1239.6000000000397,1111.299999999987
177435391.0672,1239.3000000000397,1111.299999999987
177435393.0672,1239.3000000000397,1111.299999999987
177435395.0672,1239.2000000000398,1111.299999999987
177435397.0672,1239.0000000000398,1111.299999999987
177435399.0672,1239.0000000000398,1111.299999999987
177435401.0672,1238.9000000000399,1111.299999999987
177435403.0672,1238.80000000004,1111.299999999987
177435405.0672,1238.60000000004,1111.299999999987
177435407.0672,1238.60000000004,1111.299999999987
177435409.0672,1238.60000000004,1111.299999999987
177435411.0672,1238.60000000004,1111.299999999987
177435413.0672,1238.60000000004,1111.299999999987
177435415.0672,1238.50000000004,1111.299999999987
177435417.0672,1238.40000000004,1111.299999999987
177435419.0672,1238.40000000004,1111.299999999987
177435421.0672,1238.20000000004,1111.299999999987
177435423.0672,1238.20000000004,1111.299999999987
177435425.0672,1238.20000000004,1111.299999999987
177435427.0672,1238.20000000004,1111.299999999987
177435429.0672,1238.20000000004,952.299999999987
177435431.0672,1238.1000000000402,952.299999999987
177435433.0672,1238.1000000000402,952.299999999987
177435435.0672,1238.0000000000402,952.299999999987
177435437.0672,1237.9000000000403,951.699999999987
177435439.0672,1237.9000000000403,951.699999999987
177435441.0672,1237.8000000000404,951.699999999987
177435443.0672,1237.8000000000404,951.699999999987
177435445.0672,1237.8000000000404,951.199999999987
177435447.0672,1237.7000000000405,951.199999999987
177435449.0672,1237.6000000000406,951.199999999987
177435451.0672,1237.6000000000406,944.199999999987
177435453.0672,1237.6000000000406,944.199999999987
177435455.0672,1237.5000000000407,944.199999999987
177435457.0672,1237.2000000000407,944.299999999987
177435459.0672,1237.1000000000408,944.399999999987
177435461.0672,1237.000000000041,944.399999999987
177435463.0672,1236.8000000000409,944.499999999987
177435465.0672,1236.8000000000409,944.499999999987
177435467.0672,1236.8000000000409,944.499999999987
177435469.0672,1236.700000000041,944.5999999999871
177435471.0672,1236.600000000041,944.5999999999871
177435473.0672,1236.5000000000412,944.5999999999871
177435475.0672,1236.4000000000412,944.5999999999871
177435477.0672,1236.3000000000413,944.5999999999871
177435479.0672,1236.2000000000414,944.5999999999871
177435481.0672,1236.2000000000414,944.5999999999871
177435483.0672,1236.2000000000414,944.5999999999871
177435485.0672,1236.2000000000414,944.5999999999871
177435487.0672,1236.1000000000415,944.5999999999871
177435489.0672,1236.1000000000415,944.5999999999871
177435491.0672,1236.4000000000415,944.5999999999871
177435493.0672,1236.2000000000414,944.5999999999871
177435495.0672,1236.1000000000415,944.6999999999871
177435497.0672,1236.1000000000415,944.6999999999871
177435499.0672,1236.1000000000415,944.6999999999871
177435501.0672,1236.1000000000415,944.6999999999871
177435503.0672,1235.9000000000415,944.6999999999871
177435505.0672,1235.9000000000415,944.6999999999871
177435507.0672,1235.7000000000414,944.5999999999871
177435509.0672,1235.7000000000414,944.5999999999871
177435511.0672,1235.6000000000415,944.5999999999871
177435513.0672,1235.6000000000415,944.5999999999871
177435515.0672,1235.6000000000415,944.6999999999871
177435517.0672,1235.4000000000415,944.6999999999871
177435519.0672,1235.5000000000414,944.6999999999871
177435521.0672,1235.3000000000413,944.6999999999871
177435523.0672,1235.3000000000413,944.6999999999871
177435525.0672,1235.5000000000414,944.6999999999871
177435527.0672,1235.5000000000414,944.6999999999871
177435529.0672,1235.5000000000414,944.7999999999871
177435531.0672,1235.3000000000413,944.7999999999871
177435533.0672,1235.2000000000414,944.7999999999871
177435535.0672,1235.0000000000414,944.7999999999871
177435537.0672,1235.0000000000414,944.7999999999871
177435539.0672,1235.0000000000414,944.7999999999871
177435541.0672,1235.0000000000414,944.7999999999871
177435543.0672,1235.0000000000414,944.8999999999871
177435545.0672,1235.0000000000414,944.8999999999871
177435547.0672,1234.9000000000415,944.9999999999872
177435549.0672,1234.8000000000416,944.9999999999872
177435551.0672,1234.6000000000415,944.8999999999871
177435553.0672,1234.6000000000415,944.5999999999872
177435555.0672,1234.5000000000416,944.5999999999872
177435557.0672,1234.5000000000416,944.5999999999872
177435559.0672,1234.5000000000416,944.5999999999872
177435561.0672,1234.5000000000416,944.5999999999872
177435563.0672,1234.4000000000417,944.5999999999872
177435565.0672,1234.4000000000417,944.5999999999872
177435567.0672,1234.4000000000417,944.6999999999872
177435569.0672,1234.5000000000416,944.6999999999872
177435571.0672,1234.4000000000417,944.6999999999872
177435573.0672,1234.3000000000418,944.6999999999872
177435575.0672,1234.3000000000418,944.6999999999872
177435577.0672,1234.2000000000419,944.6999999999872
177435579.0672,1234.0000000000418,944.8999999999872
177435581.0672,1234.0000000000418,944.8999999999872
177435583.0672,1233.0000000000418,944.8999999999872
177435585.0672,1232.900000000042,944.8999999999872
177435587.0672,1232.900000000042,944.8999999999872
177435589.0672,1232.800000000042,944.8999999999872
177435591.0672,1232.800000000042,944.9999999999873
177435593.0672,1232.700000000042,944.9999999999873
177435595.0672,1232.500000000042,944.9999999999873
177435597.0672,1232.4000000000422,944.9999999999873
177435599.0672,1232.3000000000422,944.9999999999873
177435601.0672,1232.3000000000422,944.9999999999873
177435603.0672,1232.2000000000423,944.9999999999873
177435605.0672,1232.2000000000423,945.0999999999873
177435607.0672,1232.2000000000423,945.0999999999873
177435609.0672,1232.1000000000424,945.0999999999873
177435611.0672,1232.1000000000424,945.0999999999873
177435613.0672,1231.9000000000424,945.0999999999873
177435615.0672,1231.6000000000424,945.0999999999873
177435617.0672,1231.6000000000424,945.0999999999873
177435619.0672,1231.5000000000425,945.0999999999873
177435621.0672,1231.5000000000425,945.0999999999873
177435623.0672,1231.5000000000425,945.1999999999873
177435625.0672,1231.5000000000425,945.1999999999873
177435627.0672,1231.5000000000425,945.1999999999873
177435629.0672,1231.4000000000426,945.1999999999873
177435631.0672,1231.3000000000427,945.1999999999873
177435633.0672,1231.1000000000427,945.1999999999873
177435635.0672,1230.9000000000426,945.1999999999873
177435637.0672,1230.5000000000425,945.1999999999873
177435639.0672,1230.5000000000425,945.1999999999873
177435641.0672,1230.5000000000425,945.1999999999873
177435643.0672,1230.3000000000425,945.1999999999873
177435645.0672,1230.3000000000425,944.7999999999873
177435647.0672,1230.1000000000424,944.7999999999873
177435649.0672,1230.1000000000424,944.7999999999873
177435651.0672,1229.9000000000424,944.7999999999873
177435653.0672,1229.9000000000424,944.7999999999873
177435655.0672,1229.9000000000424,944.7999999999873
177435657.0672,1229.9000000000424,944.7999999999873
177435659.0672,1229.8000000000425,944.7999999999873
177435661.0672,1229.7000000000426,944.7999999999873
177435663.0672,1229.7000000000426,944.5999999999873
177435665.0672,1229.7000000000426,944.6999999999873
177435667.0672,1229.7000000000426,944.6999999999873
177435669.0672,1229.7000000000426,944.6999999999873
177435671.0672,1229.7000000000426,944.6999999999873
177435673.0672,1229.7000000000426,944.6999999999873
177435675.0672,1229.7000000000426,944.6999999999873
177435677.0672,1229.6000000000427,944.6999999999873
177435679.0672,1229.5000000000427,944.6999999999873
177435681.0672,1229.5000000000427,944.6999999999873
177435683.0672,1229.6000000000427,944.6999999999873
177435685.0672,1229.4000000000426,944.6999999999873
177435687.0672,1229.3000000000427,944.6999999999873
177435689.0672,1229.2000000000428,944.6999999999873
177435691.0672,1229.1000000000429,944.6999999999873
177435693.0672,1228.800000000043,944.6999999999873
177435695.0672,1228.6000000000429,944.6999999999873
177435697.0672,1228.4000000000428,944.6999999999873
177435699.0672,1228.4000000000428,944.6999999999873
177435701.0672,1228.300000000043,944.6999999999873
177435703.0672,1228.1000000000429,944.6999999999873
177435705.0672,1227.800000000043,944.6999999999873
177435707.0672,1227.700000000043,944.6999999999873
177435709.0672,1227.600000000043,944.6999999999873
177435711.0672,1227.5000000000432,944.6999999999873
177435713.0672,1227.5000000000432,944.5999999999873
177435715.0672,1227.2000000000432,944.5999999999873
177435717.0672,1226.9000000000433,944.5999999999873
177435719.0672,1226.5000000000432,944.5999999999873
177435721.0672,1226.4000000000433,944.5999999999873
177435723.0672,1226.3000000000434,944.5999999999873
177435725.0672,1226.3000000000434,944.5999999999873
177435727.0672,1226.3000000000434,944.5999999999873
177435729.0672,1226.1000000000433,944.5999999999873
177435731.0672,1226.0000000000434,944.5999999999873
177435733.0672,1225.9000000000435,944.5999999999873
177435735.0672,1225.8000000000436,944.5999999999873
177435737.0672,1225.7000000000437,944.5999999999873
177435739.0672,1225.6000000000438,944.5999999999873
177435741.0672,1225.4000000000437,944.5999999999873
177435743.0672,1225.2000000000437,944.5999999999873
177435745.0672,1225.2000000000437,944.6999999999873
177435747.0672,1225.2000000000437,944.6999999999873
177435749.0672,1225.1000000000438,944.5999999999873
177435751.0672,1197.1000000000438,944.5999999999873
177435753.0672,1197.1000000000438,944.5999999999873
177435755.0672,1197.1000000000438,944.5999999999873
177435757.0672,1197.0000000000439,944.5999999999873
177435759.0672,1196.700000000044,944.5999999999873
177435761.0672,1196.600000000044,944.5999999999873
177435763.0672,1196.600000000044,944.5999999999873
177435765.0672,1196.400000000044,944.5999999999873
177435767.0672,1196.300000000044,944.5999999999873
177435769.0672,1196.300000000044,944.5999999999873
177435771.0672,1196.300000000044,944.5999999999873
177435773.0672,1196.300000000044,944.5999999999873
177435775.0672,1196.300000000044,944.5999999999873
177435777.0672,1196.300000000044,944.5999999999873
177435779.1672,1196.2000000000442,944.5999999999873
177435781.0672,1196.2000000000442,944.5999999999873
177435783.0672,1196.2000000000442,944.5999999999873
177435785.0672,1196.1000000000442,944.5999999999873
177435787.0672,1196.1000000000442,944.5999999999873
177435789.0672,1196.0000000000443,944.5999999999873
177435791.0672,1196.0000000000443,944.5999999999873
177435793.0672,1196.0000000000443,944.5999999999873
177435795.0672,1195.9000000000444,944.5999999999873
177435797.0672,1195.8000000000445,944.5999999999873
177435799.0672,1195.8000000000445,944.6999999999873
177435801.0672,1195.7000000000446,944.6999999999873
177435803.0672,1195.7000000000446,944.6999999999873
177435805.0672,1195.7000000000446,944.6999999999873
177435807.0672,1195.0000000000446,944.6999999999873
177435809.0672,1195.0000000000446,944.7999999999873
177435811.0672,1194.9000000000447,944.7999999999873
177435813.0672,1194.9000000000447,944.7999999999873
177435815.0672,1194.8000000000447,944.7999999999873
177435817.0672,1194.8000000000447,944.7999999999873
177435819.0672,1194.8000000000447,944.7999999999873
177435821.0672,1194.8000000000447,944.7999999999873
177435823.0672,1194.8000000000447,944.7999999999873
177435825.0672,1194.8000000000447,944.7999999999873
177435827.0672,1194.8000000000447,944.7999999999873
177435829.0672,1194.8000000000447,944.7999999999873
177435831.0672,1194.6000000000447,944.7999999999873
177435833.0672,1194.5000000000448,944.7999999999873
177435835.0672,1194.5000000000448,944.7999999999873
177435837.0672,1194.5000000000448,944.7999999999873
177435839.0672,1194.4000000000449,944.7999999999873
177435841.0672,1194.4000000000449,944.7999999999873
177435843.0672,1194.4000000000449,944.7999999999873
177435845.0672,1194.4000000000449,944.7999999999873
177435847.0672,1194.4000000000449,944.7999999999873
177435849.0672,1194.4000000000449,944.8999999999874
177435851.0672,1194.4000000000449,944.8999999999874
177435853.0672,1194.300000000045,944.8999999999874
177435855.0672,1194.200000000045,944.8999999999874
177435857.0672,1194.000000000045,944.8999999999874
177435859.0672,1194.000000000045,944.8999999999874
177435861.0672,1193.900000000045,944.8999999999874
177435863.0672,1193.900000000045,944.5999999999874
177435865.0672,1193.900000000045,944.5999999999874
177435867.0672,1193.900000000045,944.5999999999874
177435869.0672,1193.700000000045,944.5999999999874
177435871.0672,1193.700000000045,944.5999999999874
177435873.0672,1193.6000000000452,944.5999999999874
177435875.0672,1193.5000000000452,944.5999999999874
177435877.0672,1193.5000000000452,944.5999999999874
177435879.0672,1193.4000000000453,944.5999999999874
177435881.0672,1193.4000000000453,944.5999999999874
177435883.0672,1193.4000000000453,944.5999999999874
177435885.0672,1193.3000000000454,944.5999999999874
177435887.0672,1193.2000000000455,944.5999999999874
177435889.0672,1193.1000000000456,944.5999999999874
177435891.0672,1193.0000000000457,944.5999999999874
177435893.0672,1193.0000000000457,944.5999999999874
177435895.0672,1168.1000000000456,944.5999999999874
177435897.0672,1168.1000000000456,944.5999999999874
177435899.0672,1168.0000000000457,944.5999999999874
177435901.0672,1168.0000000000457,944.5999999999874
177435903.0672,1168.0000000000457,944.5999999999874
177435905.0672,1167.9000000000458,944.5999999999874
177435907.0672,1167.9000000000458,944.5999999999874
177435909.0672,1167.7000000000457,944.5999999999874
177435911.0672,1167.8000000000457,944.5999999999874
177435913.0672,1167.8000000000457,944.5999999999874
177435915.0672,1167.7000000000457,944.5999999999874
177435917.0672,1167.6000000000458,944.5999999999874
177435919.0672,1167.500000000046,944.5999999999874
177435921.0672,1167.500000000046,944.5999999999874
177435923.0672,1167.3000000000459,944.5999999999874
177435925.0672,1167.200000000046,944.5999999999874
177435927.0672,1167.200000000046,944.5999999999874
177435929.0672,1167.200000000046,944.5999999999874
