Timestamp,Buy_Price,Sell_Price
177427279.1706,9999996.6,6201846.7
177427281.1706,9999996.6,6201846.7
177427283.1706,9999996.6,6201846.7
177427285.1706,9999996.6,6201846.7
177427287.1706,9999996.6,6201846.7
177427289.1706,9999996.6,6201846.7
177427291.1706,9999996.6,6201846.7
177427293.1706,9999996.6,6201846.7
177427295.1706,9999996.6,6201846.7
177427297.1706,9999996.6,6201846.7
177427299.1706,9999996.6,6201846.7
177427301.1706,9999996.6,6201846.7
177427303.1706,9999996.6,6201846.7
177427305.1706,9999996.6,6201846.7
177427307.1706,9999996.6,6201846.7
177427309.1706,9999996.6,6201846.7
177427311.1706,9999996.6,6201846.7
177427313.1706,9999996.6,6201846.7
177427315.1706,9999996.6,6201846.7
177427317.1706,9999996.6,6201846.7
177427319.1706,9999996.6,6201846.7
177427321.1706,9999996.6,6201846.7
177427323.1706,9999996.6,6201846.7
177427325.1706,9999996.6,6201846.7
177427327.1706,9999996.6,6201846.7
177427329.1706,9999996.6,6201846.7
177427331.1706,9999996.6,6201846.7
177427333.1706,9999996.6,6201846.7
177427335.1706,9999996.6,6201846.7
177427337.1706,9999996.6,6201846.7
177427339.1706,9999996.6,6201846.7
177427341.1706,9999996.6,6201846.7
177427343.1706,9999996.6,6201846.7
177427345.1706,9999996.6,6201846.7
177427347.1706,9999996.6,6201846.7
177427349.1706,9999996.6,6201846.7
177427351.1706,9999996.6,6201846.7
177427353.1706,9999996.6,6201846.7
177427355.1706,9999996.6,6201846.7
177427357.1706,9999996.6,6201846.7
177427359.1706,9999996.6,6201846.7
177427361.1706,9999996.6,6201846.7
177427363.1706,9999996.6,6201846.7
177427365.1706,9999996.6,6201846.7
177427367.1706,9999996.6,6201846.7
177427369.1706,9999996.6,6201846.7
177427371.1706,9999996.6,6201846.7
177427373.1706,9999996.6,6201846.7
177427375.1706,9999996.6,6201846.7
177427377.1706,9999996.6,6201846.7
177427379.1706,9999996.6,6201846.7
177427381.1706,9999996.6,6201846.7
177427383.1706,9999996.6,6201846.7
177427385.1706,9999996.6,6201846.7
177427387.1706,9999996.6,6201846.7
177427389.1706,9999996.6,6201846.7
177427391.1706,9999996.6,6201846.7
177427393.1706,9999996.6,6201846.7
177427395.1706,9999996.6,6201846.7
177427397.1706,9999996.6,6201846.7
177427399.1706,9999996.6,6201846.7
177427401.1706,9999996.6,6201846.7
177427403.1706,9999996.6,6201846.7
177427405.1706,9999996.6,6201846.7
177427407.1706,9999996.6,6201846.7
177427409.1706,9999996.6,6201846.7
177427411.1706,9999996.6,6201846.7
177427413.1706,9999996.6,6201846.7
177427415.1706,9999996.6,6201846.7
177427417.1706,9999996.6,6201846.7
177427419.1706,9999996.6,6201846.7
177427421.1706,9999996.6,6201846.7
177427423.1706,9999996.6,6201846.7
177427425.1706,9999996.6,6201846.7
177427427.1706,9999996.6,6201846.7
177427429.1706,9999996.6,6201846.7
177427431.1706,9999996.6,6201846.7
177427433.1706,9999996.6,6201846.7
177427435.1706,9999996.6,6201846.7
177427437.1706,9999996.6,6201846.7
177427439.1706,9999996.6,6201846.7
177427441.1706,9999996.6,6201846.7
177427443.1706,9999996.6,6201846.7
177427445.1706,9999996.6,6201846.7
177427447.1706,9999996.6,6201846.7
177427449.1706,9999996.6,6201846.7
177427451.1706,9999996.6,6201846.7
177427453.1706,9999996.6,6201846.7
177427455.1706,9999996.6,6201846.7
177427457.1706,9999996.6,6201846.7
177427459.1706,9999996.6,6201846.7
177427461.1706,9999996.6,6201846.7
177427463.1706,9999996.6,6201846.7
177427465.1706,9999996.6,6201846.7
177427467.1706,9999996.6,6201846.7
177427469.1706,9999996.6,6201846.7
177427471.1706,9999996.6,6201846.7
177427473.1706,9999996.6,6201846.7
177427475.1706,9999996.6,6201846.7
177427477.1706,9999996.6,6201846.7
177427479.1706,9999996.6,6201846.7
177427481.1706,9999996.6,6201846.7
177427483.1706,9999996.6,6201846.7
177427485.1706,9999996.6,6201846.7
177427487.1706,9999996.6,6201846.7
177427489.1706,9999996.6,6201846.7
177427491.1706,9999996.6,6201846.7
177427493.1706,9999996.6,6201846.7
177427495.1706,9999996.6,6201846.7
177427497.1706,9999996.6,6201846.7
177427499.1706,9999996.6,6201846.7
177427501.1706,9999996.6,6201846.7
177427503.1706,9999996.6,6201846.7
177427505.1706,9999996.6,6201846.7
177427507.1706,9999996.6,6201846.7
177427509.1706,9999996.6,6201846.7
177427511.1706,9999996.6,6201846.7
177427513.1706,9999996.6,6201846.7
177427515.1706,9999996.6,6201846.7
177427517.1706,9999996.6,6201846.7
177427519.1706,9999996.6,6201846.7
177427521.1706,9999996.6,6201846.7
177427523.1706,9999996.6,6201846.7
177427525.1706,9999996.6,6201846.7
177427527.1706,9999996.6,6201846.7
177427529.1706,9999996.6,6201846.7
177427531.1706,9999996.6,6201846.7
177427533.1706,9999996.6,6201846.7
177427535.1706,9999996.6,6201846.7
177427537.1706,9999996.6,6201846.7
177427539.1706,9999996.6,6201846.7
177427541.1706,9999996.6,6201846.7
177427543.1706,9999996.6,6201846.7
177427545.1706,9999996.6,6201846.7
177427547.1706,9999996.6,6201846.7
177427549.1706,9999996.6,6201846.7
177427551.1706,9999996.6,6201846.7
177427553.1706,9999996.6,6201846.7
177427555.1706,9999996.6,6201846.7
177427557.1706,9999996.6,6201846.7
177427559.1706,9999996.6,6201846.7
177427561.1706,9999996.6,6201846.7
177427563.1706,9999996.6,6201846.7
177427565.1706,9999996.6,6201846.7
177427567.1706,9999996.6,6201846.7
177427569.1706,9999996.6,6201846.7
177427571.1706,9999996.6,6201846.7
177427573.1706,9999996.6,6201846.7
177427575.1706,9999996.6,6201846.7
177427577.1706,9999996.6,6201846.7
177427579.1706,9999996.6,6201846.7
177427581.1706,9999996.6,6201846.7
177427583.1706,9999996.6,6201846.7
177427585.1706,9999996.6,6201846.7
177427587.1706,9999996.6,6201846.7
177427589.1706,9999996.6,6201846.7
177427591.1706,9999996.6,6201846.7
177427593.1706,9999996.6,6201846.7
177427595.1706,9999996.6,6201846.7
177427597.1706,9999996.6,6201846.7
177427599.1706,9999996.6,6201846.7
177427601.1706,9999996.6,6201846.7
177427603.1706,9999996.6,6201846.7
177427605.1706,9999996.6,6201846.7
177427607.1706,9999996.6,6201846.7
177427609.1706,9999996.5,6201846.7
177427611.1706,9999996.5,6201846.7
177427613.1706,9999996.5,6201846.7
177427615.1706,9999996.5,6201846.7
177427617.1706,9999996.5,6201846.7
177427619.1706,9999996.5,6201846.7
177427621.1706,9999996.5,6201846.7
177427623.1706,9999996.5,6201846.7
177427625.1706,9999996.5,6201846.7
177427627.1706,9999996.5,6201846.7
177427629.1706,9999996.5,6201846.7
177427631.1706,9999996.5,6201846.7
177427633.1706,9999996.5,6201846.7
177427635.1706,9999996.5,6201846.7
177427637.1706,9999996.5,6201846.7
177427639.1706,9999996.5,6201846.7
177427641.1706,9999996.5,6201846.7
177427643.1706,9999996.5,6201846.7
177427645.1706,9999996.5,6201846.7
177427647.1706,9999996.5,6201846.7
177427649.1706,9999996.5,6201846.7
177427651.1706,9999996.5,6201846.7
177427653.1706,9999996.5,6201846.7
177427655.1706,9999996.5,6201846.7
177427657.1706,9999996.5,6201846.7
177427659.1706,9999996.5,6201846.7
177427661.1706,9999996.5,6201846.7
177427663.1706,9999996.5,6201846.7
177427665.1706,9999996.5,6201846.7
177427667.1706,9999996.5,6201846.7
177427669.1706,9999996.5,6201846.7
177427671.1706,9999996.5,6201846.7
177427673.1706,9999996.5,6201846.7
177427675.1706,9999996.5,6201846.7
177427677.1706,9999996.5,6201846.7
177427679.1706,9999996.5,6201846.7
177427681.1706,9999996.5,6201846.7
177427683.1706,9999996.5,6201846.7
177427685.1706,9999996.5,6201846.7
177427687.1706,9999996.5,6201846.7
177427689.1706,9999996.5,6201846.7
177427691.1706,9999996.5,6201846.7
177427693.1706,9999996.5,6201846.7
177427695.1706,9999996.5,6201846.7
177427697.1706,9999996.5,6201846.7
177427699.1706,9999996.5,6201846.7
177427701.1706,9999996.5,6201846.7
177427703.1706,9999996.5,6201846.7
177427705.1706,9999996.5,6201846.7
177427707.1706,9999996.5,6201846.7
177427709.1706,9999996.5,6201846.7
177427711.1706,9999996.5,6201846.7
177427713.1706,9999996.5,6201846.7
177427715.1706,9999996.5,6201846.7
177427717.1706,9999996.5,6201846.7
177427719.1706,9999996.5,6201846.7
177427721.1706,9999996.5,6201846.7
177427723.1706,9999996.5,6201846.7
177427725.1706,9999996.5,6201846.7
177427727.1706,9999996.5,6201846.7
177427729.1706,9999996.5,6201846.7
177427731.1706,9999996.5,6201846.7
177427733.1706,9999996.5,6201846.7
177427735.1706,9999996.5,6201846.7
177427737.1706,9999996.5,6201846.7
177427739.1706,9999996.5,6201846.7
177427741.1706,9999996.5,6201846.7
177427743.1706,9999996.5,6201846.7
177427745.1706,9999996.5,6201846.7
177427747.1706,9999996.5,6201846.7
177427749.1706,9999996.5,6201846.7
177427751.1706,9999996.5,6201846.7
177427753.1706,9999996.5,6201846.7
177427755.1706,9999996.5,6201846.7
177427757.1706,9999996.5,6201846.7
177427759.1706,9999996.5,6201846.7
177427761.1706,9999996.5,6201846.7
177427763.1706,9999996.5,6201846.7
177427765.1706,9999996.5,6201846.7
177427767.1706,9999996.5,6201846.7
177427769.1706,9999996.5,6201846.7
177427771.1706,9999996.5,6201846.7
177427773.1706,9999996.5,6201846.7
177427775.1706,9999996.5,6201846.7
177427777.1706,9999996.5,6201846.7
177427779.1706,9999996.5,6201846.7
177427781.1706,9999996.5,6201846.7
177427783.1706,9999996.5,6201846.7
177427785.1706,9999996.5,6201846.7
177427787.1706,9999996.5,6201846.7
177427789.1706,9999996.5,6201846.7
177427791.1706,9999996.5,6201846.7
177427793.1706,9999996.5,6201846.7
177427795.1706,9999996.5,6201846.7
177427797.1706,9999996.5,6201846.7
177427799.1706,9999996.5,6201846.7
177427801.1706,9999996.5,6201846.7
177427805.1706,9999996.5,6201846.7
177427807.1706,9999996.5,6201846.7
177427809.1706,9999996.5,6201846.7
177427811.1706,9999996.5,6201846.7
177427813.1706,9999996.5,6201846.7
177427815.1706,9999996.5,6201846.7
177427817.1706,9999996.5,6201846.7
177427819.1706,9999996.5,6201846.7
177427821.1706,9999996.5,6201846.7
177427823.1706,9999996.5,6201846.7
177427825.1706,9999996.5,6201846.7
177427827.1706,9999996.5,6201846.7
177427829.1706,9999996.5,6201846.7
177427831.1706,9999996.5,6201846.7
177427833.1706,9999996.5,6201846.7
177427835.1706,9999996.5,6201846.7
177427837.1706,9999996.5,6201846.7
177427839.1706,9999996.5,6201846.7
177427841.1706,9999996.5,6201846.7
177427843.1706,9999996.5,6201846.7
177427845.1706,9999996.5,6201846.7
177427847.1706,9999996.5,6201846.7
177427849.1706,9999996.5,6201846.7
177427851.1706,9999996.5,6201846.7
177427853.1706,9999996.5,6201846.7
177427855.1706,9999996.5,6201846.7
177427857.1706,9999996.5,6201846.7
177427859.1706,9999996.5,6201846.7
177427861.1706,9999996.5,6201846.7
177427863.1706,9999996.5,6201846.7
177427865.1706,9999996.5,6201846.7
177427867.1706,9999996.5,6201846.7
177427869.1706,9999996.5,6201846.7
177427871.1706,9999996.5,6201846.7
177427873.1706,9999996.5,6201846.7
177427875.1706,9999996.5,6201846.7
177427877.1706,9999996.5,6201846.7
177427879.1706,9999996.5,6201846.7
177427881.1706,9999996.5,6201846.7
177427883.1706,9999996.5,6201846.7
177427885.1706,9999996.5,6201846.7
177427887.1706,9999996.5,6201846.7
177427889.1706,9999996.5,6201846.7
177427891.1706,9999996.5,6201846.7
177427893.1706,9999996.5,6201846.7
177427895.1706,9999996.5,6201846.7
177427897.1706,9999996.5,6201846.7
177427899.1706,9999996.5,6201846.7
177427901.1706,9999996.5,6201846.7
177427903.1706,9999996.5,6201846.7
177427905.1706,9999996.5,6201846.7
177427907.1706,9999996.5,6201846.7
177427909.1706,9999996.5,6201846.7
177427911.1706,9999996.5,6201846.7
177427913.1706,9999996.5,6201846.7
177427915.1706,9999996.5,6201846.7
177427917.1706,9999996.5,6201846.7
177427919.1706,9999996.5,6201846.7
177427921.1706,9999996.5,6201846.7
177427923.1706,9999996.5,6201846.7
177427925.1706,9999996.5,6201846.7
177427927.1706,9999996.5,6201846.7
177427929.1706,9999996.5,6201846.7
177427931.1706,9999996.5,6201846.7
177427933.1706,9999996.5,6201846.7
177427935.1706,9999996.5,6201846.7
177427937.1706,9999996.5,6201846.7
177427939.1706,9999996.5,6201846.7
177427941.1706,9999996.5,6201846.7
177427943.1706,9999996.5,6201846.7
177427945.1706,9999996.5,6201846.7
177427947.1706,9999996.5,6201846.7
177427949.1706,9999996.5,6201846.7
177427951.1706,9999996.5,6201846.7
177427953.1706,9999996.5,6201846.7
177427955.1706,9999996.5,6201846.7
177427957.1706,9999996.5,6201846.7
177427959.1706,9999996.5,6201846.7
177427961.1706,9999996.5,6201846.7
177427963.1706,9999996.5,6201846.7
177427965.1706,9999996.5,6201846.7
177427967.1706,9999996.5,6201846.7
177427969.1706,9999996.5,6201846.7
177427971.1706,9999996.5,6201846.7
177427973.1706,9999996.5,6201846.7
177427975.1706,9999996.5,6201846.7
177427977.1706,9999996.5,6201846.7
177427979.1706,9999996.5,6201846.7
177427981.1706,9999996.5,6201846.7
177427983.1706,9999996.5,6201846.7
177427985.1706,9999996.5,6201846.7
177427987.1706,9999996.5,6201846.7
177427989.1706,9999996.5,6201846.7
177427991.1706,9999996.5,6201846.7
177427993.1706,9999996.5,6201846.7
177427995.1706,9999996.5,6201846.7
177427997.1706,9999996.5,6201846.7
177427999.1706,9999996.5,6201846.7
177428001.1706,9999996.5,6201846.7
177428003.1706,9999996.5,6201846.7
177428005.1706,9999996.5,6201846.7
177428007.1706,9999996.5,6201846.7
177428009.1706,9999996.5,6201846.7
177428011.1706,9999996.5,6201846.7
177428013.1706,9999996.5,6201846.7
177428015.1706,9999996.5,6201846.7
177428017.1706,9999996.5,6201846.7
177428019.1706,9999996.5,6201846.7
177428021.1706,9999996.5,6201846.7
177428023.1706,9999996.5,6201846.7
177428025.1706,9999996.5,6201846.7
177428027.1706,9999996.5,6201846.7
177428029.1706,9999996.5,6201846.7
177428031.1706,9999996.5,6201846.7
177428033.1706,9999996.5,6201846.7
177428035.1706,9999996.5,6201846.7
177428037.1706,9999996.5,6201846.7
177428039.1706,9999996.5,6201846.7
177428041.1706,9999996.5,6201846.7
177428043.1706,9999996.5,6201846.7
177428045.1706,9999996.5,6201846.7
177428047.1706,9999996.5,6201846.7
177428049.1706,9999996.5,6201846.7
177428051.1706,9999996.5,6201846.7
177428053.1706,9999996.5,6201846.7
177428055.1706,9999996.5,6201846.7
177428057.1706,9999996.5,6201846.7
177428059.1706,9999996.5,6201846.7
177428061.1706,9999996.5,6201846.7
177428063.1706,9999996.5,6201846.7
177428065.1706,9999996.5,6201846.7
177428067.1706,9999996.5,6201846.7
177428069.1706,9999996.5,6201846.7
177428071.1706,9999996.5,6201846.7
177428073.1706,9999996.5,6201846.7
177428075.1706,9999996.5,6201846.7
177428077.1706,9999996.5,6201846.7
177428079.1706,9999996.5,6201846.7
177428081.1706,9999996.5,6201846.7
177428083.1706,9999996.5,6201846.7
177428085.1706,9999996.5,6201846.7
177428087.1706,9999996.5,6201846.7
177428089.1706,9999996.5,6201846.7
177428091.1706,9999996.5,6201846.7
177428093.1706,9999996.5,6201846.7
177428095.1706,9999996.5,6201846.7
177428097.1706,9999996.6,6201846.7
177428099.1706,9999996.6,6201846.7
177428101.1706,9999996.6,6201846.7
177428103.1706,9999996.6,6201846.7
177428105.1706,9999996.6,6201846.7
177428107.1706,9999996.6,6201846.7
177428109.1706,9999996.6,6201846.7
177428111.1706,9999996.6,6201846.7
177428113.1706,9999996.6,6201846.7
177428115.1706,9999996.6,6201846.7
177428117.1706,9999996.6,6201846.7
177428119.1706,9999996.6,6201846.7
177428121.1706,9999996.6,6201846.7
177428123.1706,9999996.6,6201846.7
177428125.1706,9999996.6,6201846.7
177428127.1706,9999996.6,6201846.7
177428129.1706,9999996.6,6201846.7
177428131.1706,9999996.6,6201846.7
177428133.1706,9999996.6,6201846.7
177428135.1706,9999996.6,6201846.7
177428137.1706,9999996.6,6201846.7
177428139.1706,9999996.6,6201846.7
177428141.1706,9999996.6,6201846.7
177428143.1706,9999996.6,6201846.7
177428145.1706,9999996.6,6201846.7
177428147.1706,9999996.6,6201846.7
177428149.1706,9999996.6,6201846.7
177428151.1706,9999996.6,6201846.7
177428153.1706,9999996.6,6201846.7
177428155.1706,9999996.6,6201846.7
177428157.1706,9999996.6,6201846.7
177428159.1706,9999996.6,6201846.7
177428161.1706,9999996.6,6201846.7
177428163.1706,9999996.6,6201846.7
177428165.1706,9999996.6,6201846.7
177428167.1706,9999996.6,6201846.7
177428169.1706,9999996.6,6201846.7
177428171.1706,9999996.6,6201846.7
177428173.1706,9999996.6,6201846.7
177428175.1706,9999996.6,6201846.7
177428177.1706,9999996.6,6201846.7
177428179.1706,9999996.6,6201846.7
177428181.1706,9999996.6,6201846.7
177428183.1706,9999996.6,6201846.7
177428185.1706,9999996.6,6201846.7
177428187.1706,9999996.6,6201846.7
177428189.1706,9999996.6,6201846.7
177428191.1706,9999996.6,6201846.7
177428193.1706,9999996.6,6201846.7
177428195.1706,9999996.6,6201846.7
177428197.1706,9999996.6,6201846.7
177428199.1706,9999996.6,6201846.7
177428201.1706,9999996.6,6201846.7
177428203.1706,9999996.6,6201846.7
177428205.1706,9999996.6,6201846.7
177428207.1706,9999996.6,6201846.7
177428209.1706,9999996.6,6201846.7
177428211.1706,9999996.6,6201846.7
177428213.1706,9999996.6,6201846.7
177428215.1706,9999996.6,6201846.7
177428217.1706,9999996.6,6201846.7
177428219.1706,9999996.6,6201846.7
177428221.1706,9999996.6,6201846.7
177428223.1706,9999996.6,6201846.7
177428225.1706,9999996.6,6201846.7
177428227.1706,9999996.6,6201846.7
177428229.1706,9999996.6,6201846.7
177428231.1706,9999996.6,6201846.7
177428233.1706,9999996.6,6201846.7
177428235.1706,9999996.6,6201846.7
177428237.1706,9999996.6,6201846.7
177428239.1706,9999996.6,6201846.7
177428241.1706,9999996.6,6201846.7
177428243.1706,9999996.6,6201846.7
177428245.1706,9999996.6,6201846.7
177428247.1706,9999996.6,6201846.7
177428249.1706,9999996.6,6201846.7
177428251.1706,9999996.6,6201846.7
177428253.1706,9999996.6,6201846.7
177428255.1706,9999996.6,6201846.7
177428257.1706,9999996.6,6201846.7
177428259.1706,9999996.6,6201846.7
177428261.1706,9999996.6,6201846.7
177428263.1706,9999996.6,6201846.7
177428265.1706,9999996.6,6201846.7
177428267.1706,9999996.6,6201846.7
177428269.1706,9999996.6,6201846.7
177428271.1706,9999996.6,6201846.7
177428273.1706,9999996.6,6201846.7
177428275.1706,9999996.6,6201846.7
177428277.1706,9999996.6,6201846.7
177428279.1706,9999996.6,6201846.7
177428281.1706,9999996.6,6201846.7
177428283.1706,9999996.6,6201846.7
177428285.1706,9999996.6,6201846.7
177428287.1706,9999996.6,6201846.7
177428289.1706,9999996.6,6201846.7
177428291.1706,9999996.6,6201846.7
177428293.1706,9999996.6,6201846.7
177428295.1706,9999996.6,6201846.7
177428297.1706,9999996.6,6201846.7
177428299.1706,9999996.6,6201846.7
177428301.1706,9999996.6,6201846.7
177428303.1706,9999996.6,6201846.7
177428305.1706,9999996.6,6201846.7
177428307.1706,9999996.6,6201846.7
177428309.1706,9999996.6,6201846.7
177428311.1706,9999996.6,6201846.7
177428313.1706,9999996.6,6201846.7
177428315.1706,9999996.6,6201846.7
177428317.1706,9999996.6,6201846.7
177428319.1706,9999996.6,6201846.7
177428321.1706,9999996.6,6201846.7
177428323.1706,9999996.6,6201846.7
177428325.1706,9999996.6,6201846.7
177428327.1706,9999996.6,6201846.7
177428329.1706,9999996.6,6201846.7
177428331.1706,9999996.6,6201846.7
177428333.1706,9999996.6,6201846.7
177428335.1706,9999996.6,6201846.7
177428337.1706,9999996.6,6201846.7
177428339.1706,9999996.6,6201846.7
177428341.1706,9999996.6,6201846.7
177428343.1706,9999996.6,6201846.7
177428345.1706,9999996.6,6201846.7
177428347.1706,9999996.6,6201846.7
177428349.1706,9999996.6,6201846.7
177428351.1706,9999996.6,6201846.7
177428353.1706,9999996.6,6201846.7
177428355.1706,9999996.6,6201846.7
177428357.1706,9999996.6,6201846.7
177428359.1706,9999996.6,6201846.7
177428361.1706,9999996.6,6201846.7
177428363.1706,9999996.6,6201846.7
177428365.1706,9999996.6,6201846.7
177428367.1706,9999996.6,6201846.7
177428369.1706,9999996.6,6201846.7
177428371.1706,9999996.6,6201846.7
177428373.1706,9999996.6,6201846.7
177428375.1706,9999996.6,6201846.7
177428377.1706,9999996.6,6201846.7
177428379.1706,9999996.6,6201846.7
177428381.1706,9999996.6,6201846.7
177428383.1706,9999996.6,6201846.7
177428385.1706,9999996.6,6201846.7
177428387.1706,9999996.6,6201846.7
177428389.1706,9999996.6,6201846.7
177428391.1706,9999996.6,6201846.7
177428393.1706,9999996.6,6201846.7
177428395.0706,9999996.6,6201846.7
177428397.0706,9999996.6,6201846.7
177428399.0706,9999996.6,6201846.7
177428401.0706,9999996.6,6201846.7
177428403.0706,9999996.6,6201846.7
177428405.0706,9999996.6,6201846.7
177428407.0706,9999996.6,6201846.7
177428409.0706,9999996.6,6201846.7
177428411.0706,9999996.6,6201846.7
177428413.0706,9999996.6,6201846.7
177428415.0706,9999996.6,6201846.7
177428417.0706,9999996.6,6201846.7
177428419.0706,9999996.6,6201846.7
177428421.0706,9999996.6,6201846.7
177428423.0706,9999996.6,6201846.7
177428425.0706,9999996.6,6201846.7
177428427.0706,9999996.6,6201846.7
177428429.0706,9999996.6,6201846.7
177428431.0706,9999996.6,6201846.7
177428433.0706,9999996.6,6201846.7
177428435.0706,9999996.6,6201846.7
177428437.0706,9999996.6,6201846.7
177428439.0706,9999996.6,6201846.7
177428441.0706,9999996.6,6201846.7
177428443.0706,9999996.6,6201846.7
177428445.0706,9999996.6,6201846.7
177428447.0706,9999996.6,6201846.7
177428449.0706,9999996.6,6201846.7
177428451.0706,9999996.6,6201846.7
177428453.0706,9999996.6,6201846.7
177428455.0706,9999996.6,6201846.7
177428457.0706,9999996.6,6201846.7
177428459.0706,9999996.6,6201846.7
177428461.0706,9999996.6,6201846.7
177428463.0706,9999996.6,6201846.7
177428465.0706,9999996.6,6201846.7
177428467.0706,9999996.6,6201846.7
177428469.0706,9999996.6,6201846.7
177428471.0706,9999996.6,6201846.7
177428473.0706,9999996.6,6201846.7
177428475.0706,9999996.6,6201846.7
177428477.0706,9999996.6,6201846.7
177428479.0706,9999996.6,6201846.7
177428481.0706,9999996.6,6201846.7
177428483.0706,9999996.6,6201846.7
177428485.0706,9999996.6,6201846.7
177428487.0706,9999996.6,6201846.7
177428489.0706,9999996.6,6201846.7
177428491.0706,9999996.6,6201846.7
177428493.0706,9999996.6,6201846.7
177428495.0706,9999996.6,6201846.7
177428497.0706,9999996.6,6201846.7
177428499.0706,9999996.6,6201846.7
177428501.0706,9999996.6,6201846.7
177428503.0706,9999996.6,6201846.7
177428505.0706,9999996.6,6201846.7
177428507.0706,9999996.6,6201846.7
177428509.0706,9999996.6,6201846.7
177428511.0706,9999996.6,6201846.7
177428513.1706,9999996.6,6201846.7
177428515.0706,9999996.6,6201846.7
177428517.0706,9999996.6,6201846.7
177428519.0706,9999996.6,6201846.7
177428521.0706,9999996.6,6201846.7
177428523.0706,9999996.6,6201846.7
177428525.0706,9999996.6,6201846.7
177428527.0706,9999996.6,6201846.7
177428529.0706,9999996.6,6201846.7
177428531.0706,9999996.6,6201846.7
177428533.0706,9999996.6,6201846.7
177428535.0706,9999996.6,6201846.7
177428537.0706,9999996.6,6201846.7
177428539.0706,9999996.6,6201846.7
177428541.0706,9999996.6,6201846.7
177428543.0706,9999996.6,6201846.7
177428545.0706,9999996.6,6201846.7
177428547.0706,9999996.6,6201846.7
177428549.0706,9999996.6,6201846.7
177428551.0706,9999996.6,6201846.7
177428553.0706,9999996.6,6201846.7
177428555.0706,9999996.5,6201846.7
177428557.0706,9999996.5,6201846.7
177428559.0706,9999996.5,6201846.7
177428561.0706,9999996.5,6201846.7
177428563.0706,9999996.5,6201846.7
177428565.0706,9999996.5,6201846.7
177428567.0706,9999996.5,6201846.7
177428569.0706,9999996.5,6201846.7
177428571.0706,9999996.5,6201846.7
177428573.0706,9999996.5,6201846.7
177428575.0706,9999996.5,6201846.7
177428577.0706,9999996.5,6201846.7
177428579.0706,9999996.5,6201846.7
177428581.0706,9999996.5,6201846.7
177428583.0706,9999996.5,6201846.7
177428585.0706,9999996.5,6201846.7
177428587.0706,9999996.5,6201846.7
177428589.0706,9999996.5,6201846.7
177428591.0706,9999996.5,6201846.7
177428593.0706,9999996.5,6201846.7
177428595.0706,9999996.5,6201846.7
177428597.0706,9999996.5,6201846.7
177428599.0706,9999996.5,6201846.7
177428601.0706,9999996.5,6201846.7
177428603.0706,9999996.5,6201846.7
177428605.0706,9999996.5,6201846.7
177428607.0706,9999996.5,6201846.7
177428609.0706,9999996.5,6201846.7
177428611.0706,9999996.5,6201846.7
177428613.0706,9999996.5,6201846.7
177428615.0706,9999996.5,6201846.7
177428617.0706,9999996.5,6201846.7
177428619.0706,9999996.5,6201846.7
177428621.0706,9999996.5,6201846.7
177428623.0706,9999996.5,6201846.7
177428625.0706,9999996.5,6201846.7
177428627.0706,9999996.5,6201846.7
177428629.0706,9999996.5,6201846.7
177428631.0706,9999996.5,6201846.7
177428633.0706,9999996.5,6201846.7
177428635.0706,9999996.5,6201846.7
177428637.0706,9999996.5,6201846.7
177428639.0706,9999996.5,6201846.7
177428641.0706,9999996.5,6201846.7
177428643.0706,9999996.5,6201846.7
177428645.0706,9999996.5,6201846.7
177428647.0706,9999996.5,6201846.7
177428649.0706,9999996.5,6201846.7
177428651.0706,9999996.5,6201846.7
177428653.0706,9999996.5,6201846.7
177428655.0706,9999996.5,6201846.7
177428657.0706,9999996.5,6201846.7
177428659.0706,9999996.5,6201846.7
177428661.0706,9999996.5,6201846.7
177428663.0706,9999996.5,6201846.7
177428665.0706,9999996.5,6201846.7
177428667.0706,9999996.5,6201846.7
177428669.0706,9999996.5,6201846.7
177428671.0706,9999996.5,6201846.7
177428673.0706,9999996.5,6201846.7
177428675.0706,9999996.5,6201846.7
177428677.0706,9999996.5,6201846.7
177428679.0706,9999996.5,6201846.7
177428681.0706,9999996.5,6201846.7
177428683.0706,9999996.5,6201846.7
177428685.0706,9999996.5,6201846.7
177428687.0706,9999996.5,6201846.7
177428689.0706,9999996.5,6201846.7
177428691.0706,9999996.5,6201846.7
177428693.0706,9999996.5,6201846.7
177428695.0706,9999996.5,6201846.7
177428697.0706,9999996.5,6201846.7
177428699.0706,9999996.5,6201846.7
177428701.0706,9999996.5,6201846.7
177428703.0706,9999996.5,6201846.7
177428705.0706,9999996.5,6201846.7
177428707.0706,9999996.5,6201846.7
177428709.0706,9999996.5,6201846.7
177428711.0706,9999996.5,6201846.7
177428713.0706,9999996.5,6201846.7
177428715.0706,9999996.5,6201846.7
177428717.0706,9999996.5,6201846.7
177428719.0706,9999996.5,6201846.7
177428721.0706,9999996.5,6201846.7
177428723.0706,9999996.5,6201846.7
177428725.0706,9999996.5,6201846.7
177428727.0706,9999996.5,6201846.7
177428729.0706,9999996.5,6201846.7
177428731.0706,9999996.5,6201846.7
177428733.0706,9999996.5,6201846.7
177428735.0706,9999996.5,6201846.7
177428737.0706,9999996.5,6201846.7
177428739.0706,9999996.5,6201846.7
177428741.0706,9999996.5,6201846.7
177428742.9706,9999996.5,6201846.7
177428744.9706,9999996.5,6201846.7
177428746.9706,9999996.5,6201846.7
177428748.9706,9999996.5,6201846.7
177428750.9706,9999996.5,6201846.7
177428752.9706,9999996.5,6201846.7
177428754.9706,9999996.5,6201846.7
177428756.9706,9999996.5,6201846.7
177428758.9706,9999996.5,6201846.7
177428760.9706,9999996.5,6201846.7
177428762.9706,9999996.5,6201846.7
177428764.9706,9999996.5,6201846.7
177428766.9706,9999996.5,6201846.7
177428768.9706,9999996.5,6201846.7
177428770.9706,9999996.5,6201846.7
177428772.9706,9999996.5,6201846.7
177428774.9706,9999996.5,6201846.7
177428776.9706,9999996.5,6201846.7
177428778.9706,9999996.5,6201846.7
177428780.9706,9999996.5,6201846.7
177428782.9706,9999996.5,6201846.7
177428784.9706,9999996.5,6201846.7
177428786.9706,9999996.5,6201846.7
177428788.9706,9999996.5,6201846.7
177428790.9706,9999996.5,6201846.7
177428792.9706,9999996.5,6201846.7
177428794.9706,9999996.5,6201846.7
177428796.9706,9999996.5,6201846.7
177428798.9706,9999996.5,6201846.7
177428800.9706,9999996.5,6201846.7
177428802.9706,9999996.5,6201846.7
177428804.9706,9999996.5,6201846.7
177428806.9706,9999996.5,6201846.7
177428808.9706,9999996.5,6201846.7
177428810.9706,9999996.5,6201846.7
177428812.9706,9999996.5,6201846.7
177428814.9706,9999996.5,6201846.7
177428816.9706,9999996.5,6201846.7
177428818.9706,9999996.5,6201846.7
177428820.9706,9999996.5,6201846.7
177428822.9706,9999996.6,6201846.7
177428824.9706,9999996.6,6201846.7
177428826.9706,9999996.6,6201846.7
177428828.9706,9999996.6,6201846.7
177428830.9706,9999996.6,6201846.7
177428832.9706,9999996.6,6201846.7
177428834.9706,9999996.6,6201846.7
177428836.9706,9999996.6,6201846.7
177428838.9706,9999996.6,6201846.7
177428840.9706,9999996.6,6201846.7
177428842.9706,9999996.6,6201846.7
177428844.9706,9999996.6,6201846.7
177428846.9706,9999996.6,6201846.7
177428848.9706,9999996.6,6201846.7
177428850.9706,9999996.6,6201846.7
177428852.9706,9999996.6,6201846.7
177428854.9706,9999996.6,6201846.7
177428856.9706,9999996.6,6201846.7
177428858.9706,9999996.6,6201846.7
177428860.9706,9999996.6,6201846.7
177428862.9706,9999996.6,6201846.7
177428864.9706,9999996.6,6201846.7
177428866.9706,9999996.6,6201846.7
177428868.9706,9999996.6,6201846.7
177428870.9706,9999996.6,6201846.7
177428872.9706,9999996.6,6201846.7
177428874.9706,9999996.6,6201846.7
177428876.9706,9999996.6,6201846.7
177428878.9706,9999996.6,6201846.7
177428880.9706,9999996.6,6201846.7
177428882.9706,9999996.6,6201846.7
177428884.9706,9999996.6,6201846.7
177428886.9706,9999996.6,6201846.7
177428888.9706,9999996.6,6201846.7
177428890.9706,9999996.6,6201846.7
177428892.9706,9999996.6,6201846.7
177428894.9706,9999996.6,6201846.7
177428896.9706,9999996.6,6201846.7
177428898.9706,9999996.6,6201846.7
177428900.9706,9999996.6,6201846.7
177428902.9706,9999996.6,6201846.7
177428904.9706,9999996.6,6201846.7
177428906.9706,9999996.6,6201846.7
177428908.9706,9999996.6,6201846.7
177428910.9706,9999996.6,6201846.7
177428912.9706,9999996.6,6201846.7
177428914.9706,9999996.6,6201846.7
177428916.9706,9999996.6,6201846.7
177428918.9706,9999996.6,6201846.7
177428920.9706,9999996.6,6201846.7
177428922.9706,9999996.6,6201846.7
177428924.9706,9999996.6,6201846.7
177428926.9706,9999996.6,6201846.7
177428928.9706,9999996.6,6201846.7
177428930.9706,9999996.6,6201846.7
177428932.9706,9999996.6,6201846.7
177428934.9706,9999996.6,6201846.7
177428936.9706,9999996.6,6201846.7
177428938.9706,9999996.6,6201846.7
177428940.9706,9999996.6,6201846.7
177428942.9706,9999996.6,6201846.7
177428944.9706,9999996.6,6201846.7
177428946.9706,9999996.6,6201846.7
177428948.9706,9999996.6,6201846.7
177428950.9706,9999996.6,6201846.7
177428952.9706,9999996.6,6201846.7
177428954.9706,9999996.6,6201846.7
177428956.9706,9999996.6,6201846.7
177428958.9706,9999996.6,6201846.7
177428960.9706,9999996.6,6201846.7
177428962.9706,9999996.6,6201846.7
177428964.9706,9999996.6,6201846.7
177428966.9706,9999996.6,6201846.7
177428968.9706,9999996.6,6201846.7
177428970.9706,9999996.6,6201846.7
177428972.9706,9999996.6,6201846.7
177428974.9706,9999996.6,6201846.7
177428976.9706,9999996.6,6201846.7
177428978.9706,9999996.6,6201846.7
177428980.9706,9999996.6,6201846.7
177428982.9706,9999996.6,6201846.7
177428984.9706,9999996.6,6201846.7
177428986.9706,9999996.6,6201846.7
177428988.9706,9999996.6,6201846.7
177428990.9706,9999996.6,6201846.7
177428992.9706,9999996.6,6201846.7
177428994.9706,9999996.6,6201846.7
177428996.9706,9999996.6,6201846.7
177428998.9706,9999996.6,6201846.7
177429000.9706,9999996.6,6201846.7
177429002.9706,9999996.6,6201846.7
177429004.9706,9999996.6,6201846.7
177429006.9706,9999996.6,6201846.7
177429008.9706,9999996.6,6201846.7
177429010.9706,9999996.6,6201846.7
177429012.9706,9999996.6,6201846.7
177429014.9706,9999996.6,6201846.7
177429016.9706,9999996.6,6201846.7
177429018.9706,9999996.6,6201846.7
177429020.9706,9999996.6,6201846.7
177429022.9706,9999996.6,6201846.7
177429024.9706,9999996.6,6201846.7
177429026.9706,9999996.6,6201846.7
177429028.9706,9999996.6,6201846.7
177429030.9706,9999996.6,6201846.7
177429032.9706,9999996.6,6201846.7
177429034.9706,9999996.6,6201846.7
177429036.9706,9999996.6,6201846.7
177429038.9706,9999996.6,6201846.7
177429040.9706,9999996.6,6201846.7
177429042.9706,9999996.6,6201846.7
177429044.9706,9999996.6,6201846.7
177429046.9706,9999996.6,6201846.7
177429048.9706,9999996.6,6201846.7
177429050.9706,9999996.6,6201846.7
177429052.9706,9999996.6,6201846.7
177429054.9706,9999996.6,6201846.7
177429056.9706,9999996.6,6201846.7
177429058.9706,9999996.6,6201846.7
177429060.9706,9999996.6,6201846.7
177429062.9706,9999996.6,6201846.7
177429065.0706,9999996.6,6201846.7
177429066.9706,9999996.6,6201846.7
177429068.9706,9999996.6,6201846.7
177429070.9706,9999996.6,6201846.7
177429072.9706,9999996.6,6201846.7
177429074.9706,9999996.6,6201846.7
177429076.9706,9999996.6,6201846.7
177429078.9706,9999996.6,6201846.7
177429080.9706,9999996.6,6201846.7
177429082.9706,9999996.6,6201846.7
177429084.9706,9999996.6,6201846.7
177429086.9706,9999996.6,6201846.7
177429088.9706,9999996.6,6201846.7
177429090.9706,9999996.6,6201846.7
177429092.9706,9999996.6,6201846.7
177429094.9706,9999996.6,6201846.7
177429096.9706,9999996.6,6201846.7
177429098.9706,9999996.6,6201846.7
177429100.9706,9999996.6,6201846.7
177429102.9706,9999996.6,6201846.7
177429104.9706,9999996.6,6201846.7
177429106.9706,9999996.6,6201846.7
177429108.9706,9999996.6,6201846.7
177429110.9706,9999996.6,6201846.7
177429112.9706,9999996.6,6201846.7
177429114.9706,9999996.6,6201846.7
177429116.9706,9999996.6,6201846.7
177429118.9706,9999996.6,6201846.7
177429120.9706,9999996.6,6201846.7
177429122.9706,9999996.6,6201846.7
177429124.9706,9999996.6,6201846.7
177429126.9706,9999996.6,6201846.7
177429128.9706,9999996.6,6201846.7
177429130.9706,9999996.6,6201846.7
177429132.9706,9999996.6,6201846.7
177429134.9706,9999996.6,6201846.7
177429136.9706,9999996.6,6201846.7
177429138.9706,9999996.6,6201846.7
177429140.9706,9999996.6,6201846.7
177429142.9706,9999996.6,6201846.7
177429144.9706,9999996.6,6201846.7
177429146.9706,9999996.6,6201846.7
177429148.9706,9999996.6,6201846.7
177429150.9706,9999996.6,6201846.7
177429152.9706,9999996.6,6201846.7
177429154.9706,9999996.6,6201846.7
177429156.9706,9999996.6,6201846.7
177429158.9706,9999996.6,6201846.7
177429160.9706,9999996.6,6201846.7
177429162.9706,9999996.6,6201846.7
177429164.9706,9999996.6,6201846.7
177429166.9706,9999996.6,6201846.7
177429168.9706,9999996.6,6201846.7
177429170.9706,9999996.6,6201846.7
177429172.9706,9999996.6,6201846.7
177429174.9706,9999996.6,6201846.7
177429176.9706,9999996.6,6201846.7
177429178.9706,9999996.6,6201846.7
177429180.9706,9999996.6,6201846.7
177429182.9706,9999996.6,6201846.7
177429184.9706,9999996.6,6201846.7
177429186.9706,9999996.6,6201846.7
177429188.9706,9999996.6,6201846.7
177429190.9706,9999996.6,6201846.7
177429192.9706,9999996.6,6201846.7
177429194.9706,9999996.6,6201846.7
177429196.9706,9999996.6,6201846.7
177429198.9706,9999996.6,6201846.7
177429200.9706,9999996.6,6201846.7
177429202.9706,9999996.6,6201846.7
177429204.9706,9999996.6,6201846.7
177429206.9706,9999996.6,6201846.7
177429208.9706,9999996.6,6201846.7
177429210.9706,9999996.6,6201846.7
177429212.9706,9999996.6,6201846.7
177429214.9706,9999996.6,6201846.7
177429216.9706,9999996.6,6201846.7
177429218.9706,9999996.6,6201846.7
177429220.9706,9999996.6,6201846.7
177429222.9706,9999996.6,6201846.7
177429224.9706,9999996.6,6201846.7
177429226.9706,9999996.6,6201846.7
177429228.9706,9999996.6,6201846.7
177429230.9706,9999996.6,6201846.7
177429232.9706,9999996.6,6201846.7
177429234.9706,9999996.6,6201846.7
177429236.9706,9999996.6,6201846.7
177429238.9706,9999996.6,6201846.7
177429240.9706,9999996.6,6201846.7
177429242.9706,9999996.6,6201846.7
177429244.9706,9999996.6,6201846.7
177429246.9706,9999996.6,6201846.7
177429248.9706,9999996.6,6201846.7
177429250.9706,9999996.6,6201846.7
177429252.9706,9999996.6,6201846.7
177429254.9706,9999996.6,6201846.7
177429256.9706,9999996.6,6201846.7
177429258.9706,9999996.6,6201846.7
177429260.9706,9999996.6,6201846.7
177429262.9706,9999996.6,6201846.7
177429264.9706,9999996.6,6201846.7
177429266.9706,9999996.6,6201846.7
177429268.9706,9999996.6,6201846.7
177429270.9706,9999996.6,6201846.7
177429272.9706,9999996.6,6201846.7
177429274.9706,9999996.6,6201846.7
177429276.9706,9999996.6,6201846.7
177429278.9706,9999996.6,6201846.7
177429280.9706,9999996.6,6201846.7
177429282.9706,9999996.6,6201846.7
177429284.9706,9999996.6,6201846.7
177429286.9706,9999996.6,6201846.7
177429288.9706,9999996.6,6201846.7
177429290.9706,9999996.6,6201846.7
177429292.9706,9999996.6,6201846.7
177429294.9706,9999996.6,6201846.7
177429296.9706,9999996.6,6201846.7
177429298.9706,9999996.6,6201846.7
177429300.9706,9999996.6,6201846.7
177429302.9706,9999996.6,6201846.7
177429304.9706,9999996.6,6201846.7
177429306.9706,9999996.6,6201846.7
177429308.9706,9999996.6,6201846.7
177429310.9706,9999996.6,6201846.7
177429312.9706,9999996.6,6201846.7
177429314.9706,9999996.6,6201846.7
177429316.9706,9999996.6,6201846.7
177429318.9706,9999996.6,6201846.7
177429320.9706,9999996.6,6201846.7
177429322.9706,9999996.6,6201846.7
177429324.9706,9999996.6,6201846.7
177429326.9706,9999996.6,6201846.7
177429328.9706,9999996.6,6201846.7
177429330.9706,9999996.6,6201846.7
177429332.9706,9999996.6,6201846.7
177429334.9706,9999996.6,6201846.7
177429336.9706,9999996.6,6201846.7
177429338.9706,9999996.6,6201846.7
177429340.9706,9999996.6,6201846.7
177429342.9706,9999996.6,6201846.7
177429344.9706,9999996.6,6201846.7
177429346.9706,9999996.6,6201846.7
177429348.9706,9999996.6,6201846.7
177429350.9706,9999996.6,6201846.7
177429352.9706,9999996.6,6201846.7
177429354.9706,9999996.6,6201846.7
177429356.9706,9999996.6,6201846.7
177429358.9706,9999996.6,6201846.7
177429360.9706,9999996.6,6201846.7
177429362.9706,9999996.6,6201846.7
177429364.9706,9999996.6,6201846.7
177429366.9706,9999996.6,6201846.7
177429368.9706,9999996.6,6201846.7
177429370.9706,9999996.6,6201846.7
177429372.9706,9999996.6,6201846.7
177429374.9706,9999996.6,6201846.7
177429376.9706,9999996.6,6201846.7
177429378.9706,9999996.6,6201846.7
177429380.9706,9999996.6,6201846.7
177429382.9706,9999996.6,6201846.7
177429384.9706,9999996.6,6201846.7
177429386.9706,9999996.6,6201846.7
177429388.9706,9999996.6,6201846.7
177429390.9706,9999996.6,6201846.7
177429392.9706,9999996.6,6201846.7
177429394.9706,9999996.6,6201846.7
177429396.9706,9999996.6,6201846.7
177429398.9706,9999996.6,6201846.7
177429400.9706,9999996.6,6201846.7
177429402.9706,9999996.6,6201846.7
177429404.9706,9999996.6,6201846.7
177429406.9706,9999996.6,6201846.7
177429408.9706,9999996.6,6201846.7
177429410.9706,9999996.6,6201846.7
177429412.9706,9999996.6,6201846.7
177429414.9706,9999996.6,6201846.7
177429416.9706,9999996.6,6201846.7
177429418.9706,9999996.6,6201846.7
177429420.9706,9999996.6,6201846.7
177429422.9706,9999996.6,6201846.7
177429424.9706,9999996.6,6201846.7
177429426.9706,9999996.6,6201846.7
177429428.9706,9999996.6,6201846.7
177429430.9706,9999996.6,6201846.7
177429432.9706,9999996.6,6201846.7
177429434.9706,9999996.6,6201846.7
177429436.9706,9999996.6,6201846.7
177429438.9706,9999996.6,6201846.7
177429440.9706,9999996.6,6201846.7
177429442.9706,9999996.6,6201846.7
177429444.9706,9999996.6,6201846.7
177429446.9706,9999996.6,6201846.7
177429448.9706,9999996.6,6201846.7
177429450.9706,9999996.6,6201846.7
177429452.9706,9999996.6,6201846.7
177429454.9706,9999996.6,6201846.7
177429456.9706,9999996.6,6201846.7
177429458.9706,9999996.6,6201846.7
177429460.9706,9999996.6,6201846.7
177429462.9706,9999996.6,6201846.7
177429464.9706,9999996.6,6201846.7
177429466.9706,9999996.6,6201846.7
177429468.9706,9999996.6,6201846.7
177429470.9706,9999996.6,6201846.7
177429472.9706,9999996.6,6201846.7
177429474.9706,9999996.6,6201846.7
177429476.9706,9999996.6,6201846.7
177429478.9706,9999996.6,6201846.7
177429480.9706,9999996.6,6201846.7
177429482.9706,9999996.6,6201846.7
177429484.9706,9999996.6,6201846.7
177429486.9706,9999996.6,6201846.7
177429488.9706,9999996.6,6201846.7
177429490.9706,9999996.6,6201846.7
177429492.9706,9999996.5,6201846.7
177429494.9706,9999996.5,6201846.7
177429496.9706,9999996.5,6201846.7
177429498.9706,9999996.5,6201846.7
177429500.9706,9999996.5,6201846.7
177429502.9706,9999996.5,6201846.7
177429504.9706,9999996.5,6201846.7
177429506.9706,9999996.5,6201846.7
177429508.9706,9999996.5,6201846.7
177429510.9706,9999996.5,6201846.7
177429512.9706,9999996.5,6201846.7
177429514.9706,9999996.5,6201846.7
177429516.9706,9999996.5,6201846.7
177429518.9706,9999996.5,6201846.7
177429520.9706,9999996.5,6201846.7
177429522.9706,9999996.5,6201846.7
177429524.9706,9999996.5,6201846.7
177429526.9706,9999996.5,6201846.7
177429528.9706,9999996.5,6201846.7
177429530.9706,9999996.5,6201846.7
177429532.9706,9999996.5,6201846.7
177429534.9706,9999996.5,6201846.7
177429536.9706,9999996.5,6201846.7
177429538.9706,9999996.5,6201846.7
177429540.9706,9999996.5,6201846.7
177429542.9706,9999996.5,6201846.7
177429544.9706,9999996.5,6201846.7
177429546.9706,9999996.5,6201846.7
177429548.9706,9999996.5,6201846.7
177429550.9706,9999996.5,6201846.7
177429552.9706,9999996.5,6201846.7
177429554.9706,9999996.5,6201846.7
177429556.9706,9999996.5,6201846.7
177429558.9706,9999996.5,6201846.7
177429560.9706,9999996.5,6201846.7
177429562.9706,9999996.5,6201846.7
177429564.9706,9999996.5,6201846.7
177429566.9706,9999996.5,6201846.7
177429568.9706,9999996.5,6201846.7
177429570.9706,9999996.5,6201846.7
177429572.9706,9999996.5,6201846.7
177429574.9706,9999996.5,6201846.7
177429576.9706,9999996.5,6201846.7
177429578.9706,9999996.5,6201846.7
177429580.9706,9999996.5,6201846.7
177429582.9706,9999996.5,6201846.7
177429584.9706,9999996.5,6201846.7
177429586.9706,9999996.5,6201846.7
177429588.9706,9999996.5,6201846.7
177429590.9706,9999996.5,6201846.7
177429592.9706,9999996.5,6201846.7
177429594.9706,9999996.5,6201846.7
177429596.9706,9999996.5,6201846.7
177429598.9706,9999996.5,6201846.7
177429600.9706,9999996.5,6201846.7
177429602.9706,9999996.5,6201846.7
177429604.9706,9999996.5,6201846.7
177429606.9706,9999996.5,6201846.7
177429608.9706,9999996.5,6201846.7
177429610.9706,9999996.5,6201846.7
177429612.9706,9999996.5,6201846.7
177429614.9706,9999996.5,6201846.7
177429616.9706,9999996.5,6201846.7
177429618.9706,9999996.5,6201846.7
177429620.9706,9999996.5,6201846.7
177429622.9706,9999996.5,6201846.7
177429624.9706,9999996.5,6201846.7
177429626.9706,9999996.5,6201846.7
177429628.9706,9999996.5,6201846.7
177429630.9706,9999996.5,6201846.7
177429632.9706,9999996.5,6201846.7
177429634.9706,9999996.5,6201846.7
177429636.9706,9999996.5,6201846.7
177429638.9706,9999996.5,6201846.7
177429640.9706,9999996.5,6201846.7
177429642.9706,9999996.5,6201846.7
177429644.9706,9999996.5,6201846.7
177429646.9706,9999996.5,6201846.7
177429648.9706,9999996.5,6201846.7
177429650.9706,9999996.5,6201846.7
177429652.9706,9999996.5,6201846.7
177429654.9706,9999996.5,6201846.7
177429656.9706,9999996.5,6201846.7
177429658.9706,9999996.5,6201846.7
177429660.9706,9999996.5,6391754.2
177429662.9706,9999996.5,6201846.7
177429664.9706,9999996.5,6201846.7
177429666.9706,9999996.5,9966857.0
177429668.9706,9999996.5,9966857.0
177429670.9706,9999996.5,9966857.0
177429672.9706,9999996.5,9966857.0
177429674.9706,9999996.5,9966857.0
177429676.9706,9999996.5,9966857.0
177429678.9706,9999996.5,9966857.0
177429680.9706,9999996.5,9966857.0
177429682.9706,9999996.5,9966857.0
177429684.9706,9999996.5,9966857.0
177429686.9706,9999996.5,9966857.0
177429688.9706,9999996.5,9966857.0
177429690.9706,9999996.5,9966857.0
177429692.9706,9999996.5,9966857.0
177429694.9706,9999996.5,9966857.0
177429696.9706,9999996.5,9966857.0
177429698.9706,9999996.5,9966857.0
177429700.9706,9999996.5,9966857.0
177429702.9706,9999996.5,9966857.0
177429704.9706,9999996.5,9966857.0
177429706.9706,9999996.5,9966857.0
177429708.9706,9999996.5,9966857.0
177429710.9706,9999996.5,9966857.0
177429712.9706,9999996.5,9966857.0
177429714.9706,9999996.5,9966857.0
177429716.9706,9999996.5,9966857.0
177429718.9706,9999996.5,9966857.0
177429720.9706,9999996.5,9966857.0
177429722.9706,9999996.5,9966857.0
177429724.9706,9999996.5,9966857.0
177429726.9706,9999996.5,9966857.0
177429728.9706,9999996.5,9966857.0
177429730.9706,9999996.5,9966857.0
177429732.9706,9999996.5,9966857.0
177429734.9706,9999996.5,9966857.0
177429736.9706,9999996.5,9966857.0
177429738.9706,9999996.5,9966857.0
177429740.9706,9999996.5,9966857.0
177429742.9706,9999996.5,9966857.0
177429744.9706,9999996.5,9966857.0
177429746.9706,9999996.5,9966857.0
177429748.9706,9999996.5,9966857.0
177429750.9706,9999996.5,9966857.0
177429752.9706,9999996.5,9966857.0
177429754.9706,9999996.5,9966857.0
177429756.9706,9999996.5,9966857.0
177429758.9706,9999996.5,9966857.0
177429760.9706,9999996.5,9966857.0
177429762.9706,9999996.5,9966857.0
177429764.9706,9999996.5,9966857.0
177429766.9706,9999996.5,9966857.0
177429768.9706,9999996.5,9966857.0
177429770.9706,9999996.5,9966857.0
177429772.9706,9999996.5,9966857.0
177429774.9706,9999996.5,9966857.0
177429776.9706,9999996.5,9966857.0
177429778.9706,9999996.5,9966857.0
177429780.9706,9999996.5,9966857.0
177429782.9706,9999996.5,9966857.0
177429784.9706,9999996.5,9966857.0
177429786.9706,9999996.4,9966857.0
177429788.9706,9999996.4,9966857.0
177429790.9706,9999996.4,9966857.0
177429792.9706,9999996.4,9966857.0
177429794.9706,9999996.4,9966857.0
177429796.9706,9999996.4,9966857.0
177429798.9706,9999996.4,9966857.0
177429800.9706,9999996.4,9966857.0
177429802.9706,9999996.4,9966857.0
177429804.9706,9999996.4,9966857.0
177429806.9706,9999996.4,9966857.0
177429808.9706,9999996.4,9966857.0
177429810.9706,9999996.4,9966857.0
177429812.9706,9999996.4,9966857.0
177429814.9706,9999996.4,9966857.0
177429816.9706,9999996.4,9966857.0
177429818.9706,9999996.4,9966857.0
177429820.9706,9999996.4,9966857.0
177429822.9706,9999996.4,9966857.0
177429824.9706,9999996.4,9966857.0
177429826.9706,9999996.4,9966857.0
177429828.9706,9999996.4,6201846.7
177429830.9706,9999996.4,6201846.7
177429832.9706,9999996.4,6201846.7
177429834.9706,9999996.4,6201846.7
177429836.9706,9999996.4,6201846.7
177429838.9706,9999996.4,6201846.7
177429840.9706,9999996.4,6201846.7
177429842.9706,9999996.4,6201846.7
177429844.9706,9999996.4,6201846.7
177429846.9706,9999996.4,6201846.7
177429848.9706,9999996.4,6201846.7
177429850.9706,9999996.4,6201846.7
177429852.9706,9999996.4,6201846.7
177429854.9706,9999996.4,6201846.7
177429856.9706,9999996.4,6201846.7
177429858.9706,9999996.4,6201846.7
177429860.9706,9999996.4,6201846.7
177429862.9706,9999996.4,6201846.7
177429864.9706,9999996.4,6201846.7
177429866.9706,9999996.4,6201846.7
177429868.9706,9999996.4,6201846.7
177429870.9706,9999996.4,6201846.7
177429872.9706,9999996.4,6201846.7
177429874.9706,9999996.4,6201846.7
177429876.9706,9999996.4,6201846.7
177429878.9706,9999996.4,6201846.7
177429880.9706,9999996.4,6201846.7
177429882.9706,9999996.4,6201846.7
177429884.9706,9999996.4,6201846.7
177429886.9706,9999996.4,6201846.7
177429888.9706,9999996.4,6201846.7
177429890.9706,9999996.4,6201846.7
177429892.9706,9999996.4,6201846.7
177429894.9706,9999996.4,6201846.7
177429896.9706,9999996.4,6201846.7
177429898.9706,9999996.4,6201846.7
177429900.9706,9999996.4,6201846.7
177429902.9706,9999996.4,6201846.7
177429904.9706,9999996.4,6201846.7
177429906.9706,9999996.4,6201846.7
177429908.9706,9999996.4,6201846.7
177429910.9706,9999996.4,6201846.7
177429912.9706,9999996.4,6201846.7
177429914.9706,9999996.4,6201846.7
177429916.9706,9999996.4,6201846.7
177429918.9706,9999996.4,6201846.7
177429920.9706,9999996.4,6201846.7
177429922.9706,9999996.4,6201846.7
177429924.9706,9999996.4,6201846.7
177429926.9706,9999996.4,6201846.7
177429928.9706,9999996.4,6201846.7
177429930.9706,9999996.4,6201846.7
177429932.9706,9999996.4,6201846.7
177429934.9706,9999996.4,6201846.7
177429936.9706,9999996.4,6201846.7
177429938.9706,9999996.4,6201846.7
177429940.9706,9999996.4,6201846.7
177429942.9706,9999996.4,6201846.7
177429944.9706,9999996.4,6201846.7
177429946.9706,9999996.4,6201846.7
177429948.9706,9999996.4,6201846.7
177429950.9706,9999996.4,6201846.7
177429952.9706,9999996.4,6201846.7
177429954.9706,9999996.4,6201846.7
177429956.9706,9999996.4,6201846.7
177429958.9706,9999996.4,6201846.7
177429960.9706,9999996.4,6201846.7
177429962.9706,9999996.4,6201846.7
177429964.9706,9999996.4,6201846.7
177429966.9706,9999996.4,6201846.7
177429968.9706,9999996.4,6201846.7
177429970.9706,9999996.4,6201846.7
177429972.9706,9999996.4,6201846.7
177429974.9706,9999996.4,6201846.7
177429976.9706,9999996.4,6201846.7
177429978.9706,9999996.4,6201846.7
177429980.9706,9999996.4,6201846.7
177429982.9706,9999996.4,6201846.7
177429984.9706,9999996.4,6201846.7
177429986.9706,9999996.4,6201846.7
177429988.9706,9999996.4,6201846.7
177429990.9706,9999996.4,6201846.7
177429992.9706,9999996.4,6201846.7
177429994.9706,9999996.4,6201846.7
177429996.9706,9999996.4,6201846.7
177429998.9706,9999996.4,6201846.7
177430000.9706,9999996.4,6201846.7
177430002.9706,9999996.4,6201846.7
177430004.9706,9999996.4,6201846.7
177430006.9706,9999996.4,6201846.7
177430008.9706,9999996.4,6201846.7
177430010.9706,9999996.4,6201846.7
177430012.9706,9999996.4,6201846.7
177430014.9706,9999996.4,6201846.7
177430016.9706,9999996.4,6201846.7
177430018.9706,9999996.4,6201846.7
177430020.9706,9999996.4,6201846.7
177430022.9706,9999996.4,6201846.7
177430024.9706,9999996.4,6201846.7
177430026.9706,9999996.4,6201846.7
177430028.9706,9999996.4,6201846.7
177430030.9706,9999996.4,6201846.7
177430032.9706,9999996.4,6201846.7
177430034.9706,9999996.4,6201846.7
177430036.9706,9999996.4,6201846.7
177430038.9706,9999996.4,6201846.7
177430040.9706,9999996.4,6201846.7
177430042.9706,9999996.4,6201846.7
177430044.9706,9999996.4,6201846.7
177430046.9706,9999996.4,6201846.7
177430048.9706,9999996.4,6201846.7
177430050.9706,9999996.4,6201846.7
177430052.9706,9999996.4,6201846.8
177430054.9706,9999996.4,6201846.8
177430056.9706,9999996.4,6201846.8
177430058.9706,9999996.4,6201846.8
177430060.9706,9999996.4,6201846.8
177430062.9706,9999996.4,6201846.8
177430064.9706,9999996.4,6201846.8
177430066.9706,9999996.4,6201846.8
177430068.9706,9999996.4,6201846.8
177430070.9706,9999996.4,6201846.8
177430072.9706,9999996.4,6201846.8
177430074.9706,9999996.4,6201846.8
177430076.9706,9999996.4,6201846.8
177430078.9706,9999996.4,6201846.8
177430080.9706,9999996.4,6201846.8
177430082.9706,9999996.4,6201846.8
177430084.9706,9999996.4,6201846.8
177430086.9706,9999996.4,6201846.8
177430088.9706,9999996.4,6201846.8
177430090.9706,9999996.4,6201846.8
177430092.9706,9999996.4,6201846.8
177430094.9706,9999996.4,6201846.8
177430096.9706,9999996.4,6201846.8
177430098.9706,9999996.4,6201846.8
177430100.9706,9999996.4,6201846.8
177430102.9706,9999996.4,6201846.8
177430104.9706,9999996.4,6201846.8
177430106.9706,9999996.4,6201846.8
177430108.9706,9999996.4,6201846.8
177430110.9706,9999996.4,6201846.8
177430112.9706,9999996.4,6201846.8
177430114.9706,9999996.4,6201846.8
177430116.9706,9999996.4,6201846.8
177430118.9706,9999996.4,6201846.8
177430120.9706,9999996.4,6201846.8
177430122.9706,9999996.4,6201846.8
177430124.9706,9999996.4,6201846.8
177430126.9706,9999996.4,6201846.8
177430128.9706,9999996.4,6201846.8
177430130.9706,9999996.4,6201846.8
177430132.9706,9999996.4,6201846.8
177430134.9706,9999996.4,6201846.8
177430136.9706,9999996.4,6201846.8
177430138.9706,9999996.4,6201846.8
177430140.9706,9999996.4,6201846.8
177430142.9706,9999996.4,6201846.8
177430144.9706,9999996.4,6201846.8
177430146.9706,9999996.4,6201846.8
177430149.0706,9999996.4,6201846.8
177430150.9706,9999996.4,6201846.8
177430152.9706,9999996.4,6201846.8
177430154.9706,9999996.4,6201846.8
177430156.9706,9999996.4,6201846.8
177430158.9706,9999996.4,6201846.8
177430160.9706,9999996.4,6391754.3
177430162.9706,9999996.4,6201846.8
177430164.9706,9999996.4,6201846.8
177430166.9706,9999996.4,6201846.8
177430168.9706,9999996.4,6201846.8
177430170.9706,9999996.4,6201846.8
177430172.9706,9999996.4,6201846.8
177430174.9706,9999996.4,6201846.8
177430176.9706,9999996.4,6201846.8
177430178.9706,9999996.4,6201846.8
177430180.9706,9999996.4,6201846.8
177430182.9706,9999996.4,6201846.8
177430184.9706,9999996.4,6201846.8
177430186.9706,9999996.4,6201846.8
177430188.9706,9999996.4,6201846.8
177430190.9706,9999996.4,6201846.8
177430192.9706,9999996.4,6201846.8
177430194.9706,9999996.4,6201846.8
177430196.9706,9999996.4,6201846.8
177430198.9706,9999996.4,6201846.8
177430200.9706,9999996.4,6201846.8
177430202.9706,9999996.4,6201846.8
177430204.9706,9999996.4,6201846.8
177430206.9706,9999996.4,6201846.8
177430208.9706,9999996.4,6201846.8
177430210.9706,9999996.4,6201846.8
177430212.9706,9999996.4,6201846.8
177430214.9706,9999996.4,6201846.8
177430216.9706,9999996.4,6201846.8
177430218.9706,9999996.4,6201846.8
177430220.9706,9999996.4,6201846.8
177430222.9706,9999996.4,6201846.8
177430224.9706,9999996.4,6201846.8
177430226.9706,9999996.4,6201846.8
177430228.9706,9999996.4,6201846.8
177430230.9706,9999996.4,6201846.8
177430232.9706,9999996.4,6201846.8
177430234.9706,9999996.4,6201846.8
177430236.9706,9999996.4,6201846.8
177430238.9706,9999996.4,6201846.8
177430240.9706,9999996.4,6201846.8
177430242.9706,9999996.4,6201846.8
177430244.9706,9999996.4,6201846.8
177430246.9706,9999996.4,6201846.8
177430248.9706,9999996.4,6201846.8
177430250.9706,9999996.4,6201846.8
177430252.9706,9999996.4,6201846.8
177430254.9706,9999996.4,6201846.8
177430256.9706,9999996.4,6201846.8
177430258.9706,9999996.4,6201846.8
177430260.9706,9999996.4,6201846.8
177430262.9706,9999996.4,6201846.8
177430264.9706,9999996.4,6201846.8
177430266.9706,9999996.4,6201846.8
177430268.9706,9999996.4,6201846.8
177430270.9706,9999996.4,6201846.8
177430272.9706,9999996.4,6201846.8
177430274.9706,9999996.4,6201846.8
177430276.9706,9999996.4,6201846.8
177430278.9706,9999996.4,6201846.8
177430280.9706,9999996.4,6201846.8
177430282.9706,9999996.4,6201846.8
177430284.9706,9999996.4,6201846.8
177430286.9706,9999996.4,6201846.8
177430288.9706,9999996.4,6201846.8
177430290.9706,9999996.4,6201846.8
177430292.9706,9999996.4,6201846.8
177430294.9706,9999996.4,6201846.8
177430296.9706,9999996.4,6201846.8
177430298.9706,9999996.4,6201846.8
177430300.9706,9999996.4,6201846.8
177430302.9706,9999996.4,6201846.8
177430304.9706,9999996.4,6201846.8
177430306.9706,9999996.4,6201846.8
177430308.9706,9999996.4,6201846.8
177430310.9706,9999996.4,6201846.8
177430312.9706,9999996.4,6201846.8
177430314.9706,9999996.4,6201846.8
177430316.9706,9999996.4,6201846.8
177430318.9706,9999996.4,6201846.8
177430320.9706,9999996.4,6201846.8
177430322.9706,9999996.4,6201846.8
177430324.9706,9999996.4,6201846.899999999
177430326.9706,9999996.4,6201846.899999999
177430328.9706,9999996.4,6201846.899999999
177430330.9706,9999996.4,6201846.899999999
177430332.9706,9999996.4,6201846.899999999
177430334.9706,9999996.4,6201846.899999999
177430336.9706,9999996.4,6201846.899999999
177430338.9706,9999996.4,6201846.899999999
177430340.9706,9999996.4,6201846.899999999
177430342.9706,9999996.4,6201846.899999999
177430344.9706,9999996.4,6201846.899999999
177430346.9706,9999996.4,6201846.8
177430348.9706,9999996.4,6201846.8
177430350.9706,9999996.4,6201846.8
177430352.9706,9999996.4,6201846.8
177430354.9706,9999996.4,6201846.7
177430356.9706,9999996.4,6201846.7
177430358.9706,9999996.4,6201846.7
177430360.9706,9999996.4,6201846.7
177430362.9706,9999996.4,6201846.7
177430364.9706,9999996.4,6201846.7
177430366.9706,9999996.4,6201846.7
177430368.9706,9999996.4,6201846.7
177430370.9706,9999996.4,6201846.7
177430372.9706,9999996.4,6201846.7
177430374.9706,9999996.4,6201846.7
177430376.9706,9999996.4,6201846.7
177430378.9706,9999996.4,6201846.7
177430380.9706,9999996.4,6201846.7
177430382.9706,9999996.4,6201846.7
177430384.9706,9999996.4,6201846.7
177430386.9706,9999996.4,6201846.7
177430388.9706,9999996.4,6201846.7
177430390.9706,9999996.4,6201846.7
177430392.9706,9999996.4,6201846.7
177430394.9706,9999996.4,6201846.7
177430396.9706,9999996.4,6201846.7
177430398.9706,9999996.4,6201846.7
177430400.9706,9999996.4,6201846.7
177430402.9706,9999996.4,6201846.7
177430404.9706,9999996.4,6201846.7
177430406.9706,9999996.4,6201846.7
177430408.9706,9999996.4,6201846.7
177430410.9706,9999996.4,6201846.7
177430412.9706,9999996.4,6201846.7
177430414.9706,9999996.4,6201846.7
177430416.9706,9999996.4,6201846.7
177430418.9706,9999996.4,6201846.7
177430420.9706,9999996.4,6201846.7
177430422.9706,9999996.4,6201846.7
177430424.9706,9999996.4,6201846.7
177430426.9706,9999996.4,6201846.7
177430428.9706,9999996.4,6201846.7
177430430.9706,9999996.4,6201846.7
177430432.9706,9999996.4,6201846.7
177430434.9706,9999996.4,6201846.7
177430436.9706,9999996.4,6201846.7
177430438.9706,9999996.4,6201846.7
177430440.9706,9999996.4,6201846.7
177430442.9706,9999996.4,6201846.7
177430444.9706,9999996.4,6201846.7
177430446.9706,9999996.4,6201846.7
177430448.9706,9999996.4,6201846.7
177430450.9706,9999996.4,6201846.7
177430452.9706,9999996.4,6201846.7
177430454.9706,9999996.4,6201846.7
177430456.9706,9999996.4,6201846.7
177430458.9706,9999996.4,6201846.7
177430460.9706,9999996.4,6201846.7
177430462.9706,9999996.4,6201846.7
177430464.9706,9999996.4,6201846.7
177430466.9706,9999996.4,6201846.7
177430468.9706,9999996.4,6201846.7
177430470.9706,9999996.4,6201846.7
177430472.9706,9999996.4,6201846.7
177430474.9706,9999996.4,6201846.7
177430476.9706,9999996.4,6201846.7
177430478.9706,9999996.4,6201846.7
177430480.9706,9999996.4,6201846.7
177430482.9706,9999996.4,6201846.7
177430484.9706,9999996.4,6201846.7
177430486.9706,9999996.4,6201846.7
177430488.9706,9999996.4,6201846.7
177430490.9706,9999996.4,6201846.7
177430492.9706,9999996.4,6201846.7
177430494.9706,9999996.4,6201846.7
177430496.9706,9999996.4,6201846.7
177430498.9706,9999996.4,6201846.7
177430500.9706,9999996.4,6201846.7
177430502.9706,9999996.4,6201846.7
177430504.9706,9999996.4,6201846.7
177430506.9706,9999996.4,6201846.7
177430508.9706,9999996.4,6201846.7
177430510.9706,9999996.4,6201846.7
177430512.9706,9999996.4,6201846.7
177430514.9706,9999996.4,6201846.7
177430516.9706,9999996.4,6201846.7
177430518.9706,9999996.4,6201846.7
177430520.9706,9999996.4,6201846.7
177430522.9706,9999996.4,6201846.7
177430524.9706,9999996.4,6201846.7
177430526.9706,9999996.4,6201846.7
177430528.9706,9999996.4,6201846.7
177430530.9706,9999996.4,6201846.7
177430532.9706,9999996.4,6201846.7
177430534.9706,9999996.4,6201846.7
177430536.9706,9999996.4,6201846.7
177430538.9706,9999996.4,6201846.7
177430540.9706,9999996.4,6201846.7
177430542.9706,9999996.4,6201846.7
177430544.9706,9999996.4,6201846.7
177430546.9706,9999996.4,6201846.7
177430548.9706,9999996.4,6201846.7
177430550.9706,9999996.4,6201846.7
177430552.9706,9999996.4,6201846.7
177430554.9706,9999996.4,6201846.7
177430556.9706,9999996.4,6201846.7
177430558.9706,9999996.4,6201846.7
177430560.9706,9999996.4,6201846.7
177430562.9706,9999996.4,6201846.7
177430564.9706,9999996.4,6201846.7
177430566.9706,9999996.4,6201846.7
177430568.9706,9999996.4,6201846.7
177430570.9706,9999996.4,6201846.7
177430572.9706,9999996.4,6201846.7
177430574.9706,9999996.4,6201846.7
177430576.9706,9999996.4,6201846.7
177430578.9706,9999996.4,6201846.7
177430580.9706,9999996.4,6201846.7
177430582.9706,9999996.4,6201846.7
177430584.9706,9999996.4,6201846.7
177430586.9706,9999996.4,6201846.7
177430588.9706,9999996.4,6201846.7
177430590.9706,9999996.4,6201846.7
177430592.9706,9999996.4,6201846.7
177430594.9706,9999996.4,6201846.7
177430596.9706,9999996.4,6201846.7
177430598.9706,9999996.4,6201846.7
177430600.9706,9999996.4,6201846.7
177430602.9706,9999996.4,6201846.7
177430604.9706,9999996.4,6201846.7
177430606.9706,9999996.4,6201846.7
177430608.9706,9999996.4,6201846.7
177430610.9706,9999996.4,6201846.7
177430612.9706,9999996.4,6201846.7
177430614.9706,9999996.4,6201846.7
177430616.9706,9999996.4,6201846.7
177430618.9706,9999996.4,6201846.7
177430620.9706,9999996.4,6201846.7
177430622.9706,9999996.4,6201846.7
177430624.9706,9999996.4,6201846.7
177430626.9706,9999996.4,6201846.7
177430628.9706,9999996.4,6201846.7
177430630.9706,9999996.4,6201846.7
177430632.9706,9999996.4,6201846.7
177430634.9706,9999996.4,6201846.7
177430636.9706,9999996.4,6201846.7
177430638.9706,9999996.4,6201846.7
177430640.9706,9999996.4,6201846.7
177430642.9706,9999996.4,6201846.7
177430644.9706,9999996.4,6201846.7
177430646.9706,9999996.4,6201846.7
177430648.9706,9999996.4,6201846.7
177430650.9706,9999996.4,6201846.7
177430652.9706,9999996.4,6201846.7
177430654.9706,9999996.4,6201846.7
177430656.9706,9999996.4,6201846.7
177430658.9706,9999996.4,6201846.7
177430660.9706,9999996.4,6201846.7
177430662.9706,9999996.4,6201846.7
177430664.9706,9999996.4,6201846.7
177430666.9706,9999996.4,6201846.7
177430668.9706,9999996.4,6201846.7
177430670.9706,9999996.4,6201846.7
177430672.9706,9999996.4,6201846.7
177430674.9706,9999996.4,6201846.7
177430676.9706,9999996.4,6201846.7
177430678.9706,9999996.4,6201846.7
177430680.9706,9999996.4,6201846.7
177430682.9706,9999996.4,6201846.7
177430684.9706,9999996.4,6201846.7
177430686.9706,9999996.4,6201846.7
177430688.9706,9999996.4,6201846.7
177430690.9706,9999996.4,6201846.7
177430692.9706,9999996.4,6201846.7
177430694.9706,9999996.4,6201846.7
177430696.9706,9999996.4,6201846.7
177430698.9706,9999996.4,6201846.7
177430700.9706,9999996.4,6201846.7
177430702.9706,9999996.4,6201846.7
177430704.9706,9999996.4,6201846.7
177430706.9706,9999996.4,6201846.7
177430708.9706,9999996.4,6201846.7
177430710.9706,9999996.4,6201846.7
177430712.9706,9999996.4,6201846.7
177430714.9706,9999996.4,6201846.7
177430716.9706,9999996.4,6201846.7
177430718.9706,9999996.4,6201846.7
177430720.9706,9999996.4,6201846.7
177430722.9706,9999996.4,6201846.7
177430724.9706,9999996.4,6201846.7
177430726.9706,9999996.4,6201846.7
177430728.9706,9999996.4,6201846.7
177430730.9706,9999996.4,6201846.7
177430732.9706,9999996.4,6201846.7
177430734.9706,9999996.4,6201846.7
177430736.9706,9999996.4,6201846.7
177430738.9706,9999996.4,6201846.7
177430740.9706,9999996.4,6201846.7
177430742.9706,9999996.4,6201846.7
177430744.9706,9999996.4,6201846.7
177430746.9706,9999996.3,6201846.7
177430748.9706,9999996.3,6201846.7
177430750.9706,9999996.3,6201846.7
177430752.9706,9999996.3,6201846.7
177430754.9706,9999996.3,6201846.7
177430756.9706,9999996.3,6201846.7
177430758.9706,9999996.3,6201846.7
177430760.9706,9999996.3,6201846.7
177430762.9706,9999996.3,6201846.7
177430764.9706,9999996.3,6201846.7
177430766.9706,9999996.3,6201846.7
177430768.9706,9999996.3,6201846.7
177430770.9706,9999996.3,6201846.7
177430772.9706,9999996.3,6201846.7
177430774.9706,9999996.3,6201846.7
177430776.9706,9999996.3,6201846.7
177430779.0706,9999996.3,6201846.7
177430780.9706,9999996.3,6201846.7
177430782.9706,9999996.3,6201846.7
177430784.9706,9999996.3,6201846.7
177430786.9706,9999996.3,6201846.7
177430788.9706,9999996.3,6201846.7
177430790.9706,9999996.3,6201846.7
177430792.9706,9999996.3,6201846.7
177430794.9706,9999996.3,6201846.7
177430796.9706,9999996.3,6201846.7
177430798.9706,9999996.3,6201846.7
177430800.9706,9999996.3,6201846.7
177430802.9706,9999996.3,6201846.7
177430804.9706,9999996.3,6201846.7
177430806.9706,9999996.3,6201846.7
177430808.9706,9999996.3,6201846.7
177430810.9706,9999996.3,6201846.7
177430812.9706,9999996.3,6201846.7
177430814.9706,9999996.3,6201846.7
177430816.9706,9999996.3,6201846.7
177430818.9706,9999996.3,6201846.7
177430820.9706,9999996.3,6201846.7
177430822.9706,9999996.3,6201846.7
177430824.9706,9999996.3,6201846.7
177430826.9706,9999996.3,6201846.7
177430828.9706,9999996.3,6201846.7
177430830.9706,9999996.3,6201846.7
177430832.9706,9999996.3,6201846.7
177430834.9706,9999996.3,6201846.7
177430836.9706,9999996.3,6201846.7
177430838.9706,9999996.3,6201846.7
177430840.9706,9999996.3,6201846.7
177430842.9706,9999996.3,6201846.7
177430844.9706,9999996.3,6201846.7
177430846.9706,9999996.3,6201846.7
177430848.9706,9999996.3,6201846.7
177430850.9706,9999996.3,6201846.7
177430852.9706,9999996.3,6201846.7
177430854.9706,9999996.3,6201846.7
177430856.9706,9999996.3,6201846.7
177430858.9706,9999996.3,6201846.7
177430860.9706,9999996.3,6201846.7
177430862.9706,9999996.3,6201846.7
177430864.9706,9999996.3,6201846.7
177430866.9706,9999996.3,6201846.7
177430868.9706,9999996.3,6201846.7
177430870.9706,9999996.3,6201846.7
177430872.9706,9999996.3,6201846.7
177430874.9706,9999996.3,6201846.7
177430876.9706,9999996.3,6201846.7
177430878.9706,9999996.3,6201846.7
177430880.9706,9999996.3,6201846.7
177430882.9706,9999996.3,6201846.7
177430884.9706,9999996.3,6201846.7
177430886.9706,9999996.3,6201846.7
177430888.9706,9999996.3,6201846.7
177430890.9706,9999996.3,6201846.7
177430892.9706,9999996.3,6201846.7
177430894.9706,9999996.3,6201846.7
177430896.9706,9999996.3,6201846.7
177430898.9706,9999996.3,6201846.7
177430900.9706,9999996.3,6201846.7
177430902.9706,9999996.3,6201846.7
177430904.9706,9999996.3,6201846.7
177430906.9706,9999996.3,6201846.7
177430908.9706,9999996.3,6201846.7
177430910.9706,9999996.3,6201846.7
177430912.9706,9999996.3,6201846.7
177430914.9706,9999996.3,6201846.7
177430916.9706,9999996.3,6201846.7
177430918.9706,9999996.3,6201846.7
177430920.9706,9999996.3,6201846.7
177430922.9706,9999996.3,6201846.7
177430924.9706,9999996.3,6201846.7
177430926.9706,9999996.3,6201846.7
177430928.9706,9999996.3,6201846.7
177430930.9706,9999996.3,6201846.7
177430932.9706,9999996.3,6201846.7
177430934.9706,9999996.3,6201846.7
177430936.9706,9999996.3,6201846.7
177430938.9706,9999996.3,6201846.7
177430940.9706,9999996.3,6201846.7
177430942.9706,9999996.3,6201846.7
177430944.9706,9999996.3,6201846.7
177430946.9706,9999996.3,6201846.7
177430948.9706,9999996.3,6201846.7
177430950.9706,9999996.3,6201846.7
177430952.9706,9999996.3,6201846.7
177430954.9706,9999996.3,6201846.7
177430956.9706,9999996.3,6201846.7
177430958.9706,9999996.3,6201846.7
177430960.9706,9999996.3,6201846.7
177430962.9706,9999996.3,6201846.7
177430964.9706,9999996.3,6201846.7
177430966.9706,9999996.3,6201846.7
177430968.9706,9999996.3,6201846.7
177430970.9706,9999996.3,6201846.7
177430972.9706,9999996.3,6201846.7
177430974.9706,9999996.3,6201846.7
177430976.9706,9999996.3,6201846.7
177430978.9706,9999996.3,6201846.7
177430980.9706,9999996.3,6201846.7
177430982.9706,9999996.3,6201846.7
177430984.9706,9999996.3,6201846.7
177430986.9706,9999996.3,6201846.7
177430988.9706,9999996.3,6201846.7
177430990.9706,9999996.3,6201846.7
177430992.9706,9999996.3,6201846.7
177430994.9706,9999996.3,6201846.7
177430996.9706,9999996.3,6201846.7
177430998.9706,9999996.3,6201846.7
177431000.9706,9999996.3,6201846.7
177431003.0706,9999996.3,6201846.7
177431005.0706,9999996.3,6201846.7
177431007.0706,9999996.3,6201846.7
177431009.0706,9999996.3,6201846.7
177431011.0706,9999996.3,6201846.7
177431013.0706,9999996.3,6201846.7
177431015.0706,9999996.3,6201846.7
177431017.0706,9999996.3,6201846.7
177431019.0706,9999996.3,6201846.7
177431021.0706,9999996.3,6201846.7
177431023.0706,9999996.3,6201846.7
177431025.0706,9999996.3,6201846.7
177431027.0706,9999996.3,6201846.7
177431029.0706,9999996.3,6201846.7
177431031.0706,9999996.3,6201846.7
177431033.0706,9999996.3,6201846.7
177431035.0706,9999996.3,6201846.7
177431037.0706,9999996.3,6201846.7
177431039.0706,9999996.3,6201846.7
177431041.0706,9999996.3,6201846.7
177431043.0706,9999996.3,6201846.7
177431045.0706,9999996.3,6201846.7
177431047.0706,9999996.3,6201846.7
177431049.0706,9999996.3,6201846.7
177431051.0706,9999996.3,6201846.7
177431053.0706,9999996.3,6201846.7
177431055.0706,9999996.3,6201846.7
177431057.0706,9999996.3,6201846.7
177431059.0706,9999996.3,6201846.7
177431061.0706,9999996.3,6201846.7
177431063.0706,9999996.3,6201846.7
177431065.0706,9999996.3,6201846.7
177431067.0706,9999996.3,6201846.7
177431069.0706,9999996.3,6201846.7
177431071.0706,9999996.3,6201846.7
177431073.0706,9999996.3,6201846.7
177431075.0706,9999996.3,6201846.7
177431077.0706,9999996.3,6201846.7
177431079.0706,9999996.3,6201846.7
177431081.0706,9999996.3,6201846.7
177431083.0706,9999996.3,6201846.7
177431085.0706,9999996.3,6201846.7
177431087.0706,9999996.3,6201846.7
177431089.0706,9999996.3,6201846.7
177431091.0706,9999996.3,6201846.7
177431093.0706,9999996.3,6201846.7
177431095.0706,9999996.3,6201846.7
177431097.0706,9999996.3,6201846.7
177431099.0706,9999996.3,6201846.7
177431101.0706,9999996.3,6201846.7
177431103.0706,9999996.3,6201846.7
177431105.0706,9999996.3,6201846.7
177431107.0706,9999996.3,6201846.7
177431109.0706,9999996.3,6201846.7
177431111.0706,9999996.3,6201846.7
177431113.0706,9999996.3,6201846.7
177431115.0706,9999996.3,6201846.7
177431117.0706,9999996.3,6201846.7
177431119.0706,9999996.3,6201846.7
177431121.0706,9999996.3,6201846.7
177431123.0706,9999996.3,6201846.7
177431125.0706,9999996.3,6201846.7
177431127.0706,9999996.3,6201846.7
177431129.0706,9999996.3,6201846.7
177431131.0706,9999996.3,6201846.7
177431133.0706,9999996.3,6201846.7
177431135.0706,9999996.3,6201846.7
177431137.0706,9999996.3,6201846.7
177431139.0706,9999996.3,6201846.7
177431141.0706,9999996.3,6201846.7
177431143.0706,9999996.3,6201846.7
177431145.0706,9999996.3,6201846.7
177431147.0706,9999996.3,6201846.7
177431149.0706,9999996.3,6201846.7
177431151.0706,9999996.3,6201846.7
177431153.0706,9999996.3,6201846.7
177431155.0706,9999996.3,6201846.7
177431157.0706,9999996.3,6201846.7
177431159.0706,9999996.3,6201846.7
177431161.0706,9999996.3,6201846.7
177431163.0706,9999996.3,6201846.7
177431165.0706,9999996.3,6201846.7
177431167.0706,9999996.3,6201846.7
177431169.0706,9999996.3,6201846.7
177431171.0706,9999996.3,6201846.7
177431173.0706,9999996.3,6201846.7
177431175.0706,9999996.3,6201846.7
177431177.0706,9999996.3,6201846.7
177431179.0706,9999996.3,6201846.7
177431181.0706,9999996.3,6201846.7
177431183.0706,9999996.3,6201846.7
177431185.0706,9999996.3,6201846.7
177431187.0706,9999996.3,6201846.7
177431189.0706,9999996.3,6201846.7
177431191.0706,9999996.3,6201846.7
177431193.0706,9999996.3,6201846.7
177431195.0706,9999996.3,6201846.7
177431197.0706,9999996.3,6201846.7
177431199.0706,9999996.3,6201846.7
177431201.0706,9999996.3,6201846.7
177431203.0706,9999996.3,6201846.7
177431205.0706,9999996.3,6201846.7
177431207.0706,9999996.3,6201846.7
177431209.0706,9999996.3,6201846.7
177431211.0706,9999996.3,6201846.7
177431213.0706,9999996.3,6201846.7
177431215.0706,9999996.3,6201846.7
177431217.0706,9999996.3,6201846.7
177431219.0706,9999996.3,6201846.7
177431221.0706,9999996.3,6201846.7
177431223.0706,9999996.3,6201846.7
177431225.0706,9999996.3,6201846.7
177431227.0706,9999996.3,6201846.7
177431229.0706,9999996.3,6201846.7
177431231.0706,9999996.3,6201846.7
177431233.0706,9999996.3,6201846.7
177431235.0706,9999996.3,6201846.7
177431237.0706,9999996.3,6201846.7
177431239.0706,9999996.3,6201846.7
177431241.0706,9999996.3,6201846.7
177431243.0706,9999996.3,6201846.7
177431245.0706,9999996.3,6201846.7
177431247.0706,9999996.3,6201846.7
177431249.0706,9999996.3,6201846.7
177431251.0706,9999996.3,6201846.7
177431253.0706,9999996.3,6201846.7
177431255.0706,9999996.3,6201846.7
177431257.0706,9999996.3,6201846.7
177431259.0706,9999996.3,6201846.7
177431261.0706,9999996.3,6201846.7
177431263.0706,9999996.3,6201846.7
177431265.0706,9999996.3,6201846.7
177431267.0706,9999996.3,6201846.7
177431269.0706,9999996.3,6201846.7
177431271.0706,9999996.3,6201846.7
177431273.0706,9999996.3,6201846.7
177431275.0706,9999996.3,6201846.7
177431277.0706,9999996.3,6201846.7
177431279.0706,9999996.3,6201846.7
177431281.0706,9999996.3,6201846.7
177431283.0706,9999996.3,6201846.7
177431285.0706,9999996.3,6201846.7
177431287.0706,9999996.3,6201846.7
177431289.0706,9999996.3,6201846.7
177431291.0706,9999996.3,6201846.7
177431293.0706,9999996.3,6201846.7
177431295.0706,9999996.3,6201846.7
177431297.0706,9999996.3,6201846.7
177431299.0706,9999996.3,6201846.7
177431301.0706,9999996.3,6201846.7
177431303.0706,9999996.3,6201846.7
177431305.0706,9999996.3,6201846.7
177431307.0706,9999996.3,6201846.7
177431309.0706,9999996.3,6201846.7
177431311.0706,9999996.3,6201846.7
177431313.0706,9999996.3,6201846.7
177431315.0706,9999996.3,6201846.7
177431317.0706,9999996.3,6201846.7
177431319.0706,9999996.3,6201846.7
177431321.0706,9999996.3,6201846.7
177431323.0706,9999996.3,6201846.7
177431325.0706,9999996.3,6201846.7
177431327.0706,9999996.3,6201846.7
177431329.0706,9999996.3,6201846.7
177431331.0706,9999996.3,6201846.7
177431333.0706,9999996.3,6201846.7
177431335.0706,9999996.3,6201846.7
177431337.0706,9999996.3,6201846.7
177431339.0706,9999996.3,6201846.7
177431341.0706,9999996.3,6201846.7
177431343.0706,9999996.3,6201846.7
177431345.0706,9999996.3,6201846.7
177431347.0706,9999996.3,6201846.7
177431349.0706,9999996.3,6201846.7
177431351.0706,9999996.3,6201846.7
177431353.0706,9999996.3,6201846.7
177431355.0706,9999996.3,6201846.7
177431357.0706,9999996.3,6201846.7
177431359.0706,9999996.3,6201846.7
177431361.0706,9999996.200000001,6201846.7
177431363.0706,9999996.200000001,6201846.7
177431365.0706,9999996.200000001,6201846.7
177431367.0706,9999996.200000001,6201846.7
177431369.0706,9999996.200000001,6201846.7
177431371.0706,9999996.200000001,6201846.7
177431373.0706,9999996.200000001,6201846.7
177431375.0706,9999996.200000001,6201846.7
177431377.0706,9999996.200000001,6201846.7
177431379.0706,9999996.200000001,6201846.7
177431381.0706,9999996.200000001,6201846.7
177431383.0706,9999996.200000001,6201846.7
177431385.0706,9999996.200000001,6201846.7
177431387.0706,9999996.200000001,6201846.7
177431389.0706,9999996.200000001,6201846.7
177431391.0706,9999996.200000001,6201846.7
177431393.0706,9999996.200000001,6201846.7
177431395.0706,9999996.200000001,6201846.7
177431397.0706,9999996.200000001,6201846.7
177431399.0706,9999996.200000001,6201846.7
177431401.0706,9999996.200000001,6201846.7
177431403.0706,9999996.200000001,6201846.7
177431405.0706,9999996.200000001,6201846.7
177431407.0706,9999996.200000001,6201846.7
177431409.0706,9999996.200000001,6201846.7
177431411.0706,9999996.200000001,6201846.7
177431413.0706,9999996.200000001,6201846.7
177431415.0706,9999996.200000001,6201846.7
177431417.0706,9999996.200000001,6201846.7
177431419.0706,9999996.200000001,6201846.7
177431421.0706,9999996.200000001,6201846.7
177431423.0706,9999996.200000001,6201846.7
177431425.0706,9999996.200000001,6201846.7
177431427.0706,9999996.200000001,6201846.7
177431429.0706,9999996.200000001,6201846.7
177431431.0706,9999996.200000001,6201846.7
177431433.0706,9999996.200000001,6201846.7
177431435.0706,9999996.100000001,6201846.7
177431437.0706,9999996.100000001,6201846.7
177431439.0706,9999996.100000001,6201846.7
177431441.0706,9999996.100000001,6201846.7
177431443.1706,9999996.100000001,6201846.7
177431445.0706,9999996.100000001,6201846.7
177431447.0706,9999996.100000001,6201846.7
177431449.0706,9999996.100000001,6201846.7
177431451.0706,9999996.100000001,6201846.7
177431453.0706,9999996.100000001,6201846.7
177431455.0706,9999996.100000001,6201846.7
177431457.0706,9999996.100000001,6201846.7
177431459.0706,9999996.100000001,6201846.7
177431461.0706,9999996.100000001,6201846.7
177431463.0706,9999996.100000001,6201846.7
177431465.0706,9999996.100000001,6201846.7
177431467.0706,9999996.100000001,6201846.7
177431469.0706,9999996.100000001,6201846.7
177431471.0706,9999996.100000001,6201846.7
177431473.0706,9999996.100000001,6201846.7
177431475.0706,9999996.100000001,6201846.7
177431477.0706,9999996.100000001,6201846.7
177431479.0706,9999996.100000001,6201846.7
177431481.0706,9999996.100000001,6201846.7
177431483.0706,9999996.100000001,6201846.7
177431485.0706,9999996.100000001,6201846.7
177431487.0706,9999996.100000001,6201846.7
177431489.0706,9999996.100000001,6201846.7
177431491.0706,9999996.100000001,6201846.7
177431493.0706,9999996.100000001,6201846.7
177431495.0706,9999996.100000001,6201846.7
177431497.0706,9999996.100000001,6201846.7
177431499.0706,9999996.100000001,6201846.7
177431501.0706,9999996.100000001,6201846.7
177431503.0706,9999996.100000001,6201846.7
177431505.0706,9999996.100000001,6201846.7
177431507.0706,9999996.100000001,6201846.7
177431509.0706,9999996.100000001,6201846.7
177431511.0706,9999996.100000001,6201846.7
177431513.0706,9999996.100000001,6201846.7
177431515.0706,9999996.100000001,6201846.7
177431517.0706,9999996.100000001,6201846.7
177431519.0706,9999996.100000001,6201846.7
177431521.0706,9999996.100000001,6201846.7
177431523.0706,9999996.100000001,6201846.7
177431525.0706,9999996.100000001,6201846.7
177431527.0706,9999996.100000001,6201846.7
177431529.0706,9999996.100000001,6201846.7
177431531.0706,9999996.100000001,6201846.7
177431533.0706,9999996.100000001,6201846.7
177431535.0706,9999996.100000001,6201846.7
177431537.0706,9999996.100000001,6201846.7
177431539.0706,9999996.100000001,6201846.7
177431541.0706,9999996.100000001,6201846.7
177431543.0706,9999996.100000001,6201846.7
177431545.0706,9999996.100000001,6201846.7
177431547.0706,9999996.100000001,6201846.7
177431549.0706,9999996.100000001,6201846.7
177431551.0706,9999996.100000001,6201846.7
177431553.0706,9999996.100000001,6201846.7
177431555.0706,9999996.100000001,6201846.7
177431557.0706,9999996.100000001,6201846.7
177431559.0706,9999996.100000001,6201846.7
177431561.0706,9999996.100000001,6201846.7
177431563.0706,9999996.100000001,6201846.7
177431565.0706,9999996.100000001,6201846.7
177431567.0706,9999996.100000001,6201846.7
177431569.0706,9999996.100000001,6201846.7
177431571.0706,9999996.100000001,6201846.7
177431573.0706,9999996.100000001,6201846.7
177431575.0706,9999996.100000001,6201846.7
177431577.0706,9999996.100000001,6201846.7
177431579.0706,9999996.100000001,6201846.7
177431581.0706,9999996.100000001,6201846.7
177431583.0706,9999996.100000001,6201846.7
177431585.0706,9999996.100000001,6201846.7
177431587.0706,9999996.100000001,6201846.7
177431589.0706,9999996.100000001,6201846.7
177431591.0706,9999996.100000001,6201846.7
177431593.0706,9999996.100000001,6201846.7
177431595.0706,9999996.100000001,6201846.7
177431597.0706,9999996.100000001,6201846.7
177431599.0706,9999996.100000001,6201846.7
177431601.0706,9999996.100000001,6201846.7
177431603.0706,9999996.000000002,6201846.7
177431605.0706,9999996.000000002,6201846.7
177431607.0706,9999996.000000002,6201846.7
177431609.0706,9999996.000000002,6201846.7
177431611.0706,9999996.000000002,6201846.7
177431613.0706,9999996.000000002,6201846.7
177431615.0706,9999996.000000002,6201846.7
177431617.0706,9999996.000000002,6201846.7
177431619.0706,9999996.000000002,6201846.7
177431621.0706,9999996.000000002,6201846.7
177431623.0706,9999996.000000002,6201846.7
177431625.0706,9999996.000000002,6201846.7
177431627.0706,9999996.000000002,6201846.7
177431629.0706,9999996.000000002,6201846.7
177431631.0706,9999996.000000002,6201846.7
177431633.0706,9999996.000000002,6201846.7
177431635.0706,9999996.000000002,6201846.7
177431637.0706,9999996.000000002,6201846.7
177431639.0706,9999996.000000002,6201846.7
177431641.0706,9999996.000000002,6201846.7
177431643.0706,9999996.000000002,6201846.7
177431645.0706,9999996.000000002,6201846.7
177431647.0706,9999996.000000002,6201846.7
177431649.0706,9999996.000000002,6201846.7
177431651.0706,9999996.000000002,6201846.7
177431653.0706,9999996.000000002,6201846.7
177431655.0706,9999996.000000002,6201846.7
177431657.0706,9999996.000000002,6201846.7
177431659.0706,9999996.000000002,6201846.7
177431661.0706,9999996.000000002,6201846.7
177431663.1706,9999996.000000002,6201846.7
177431665.0706,9999996.000000002,6201846.7
177431667.0706,9999996.000000002,6201846.7
177431669.0706,9999996.000000002,6201846.7
177431671.0706,9999996.000000002,6201846.7
177431673.0706,9999996.000000002,6201846.7
177431675.0706,9999996.000000002,6201846.7
177431677.0706,9999996.000000002,6201846.7
177431679.0706,9999996.000000002,6201846.7
177431681.0706,9999996.000000002,6201846.7
177431683.0706,9999996.000000002,6201846.7
177431685.0706,9999996.000000002,6201846.7
177431687.0706,9999996.000000002,6201846.7
177431689.0706,9999996.000000002,6201846.7
177431691.0706,9999996.000000002,6201846.7
177431693.0706,9999996.000000002,6201846.7
177431695.0706,9999996.000000002,6201846.7
177431697.0706,9999996.000000002,6201846.7
177431699.0706,9999996.000000002,6201846.7
177431701.0706,9999996.000000002,6201846.7
177431703.0706,9999996.000000002,6201846.7
177431705.0706,9999996.000000002,6201846.7
177431707.0706,9999996.000000002,6201846.7
177431709.0706,9999996.000000002,6201846.7
177431711.0706,9999996.000000002,6201846.7
177431713.0706,9999996.000000002,6201846.7
177431715.0706,9999996.000000002,6201846.7
177431717.0706,9999996.000000002,6201846.7
177431719.0706,9999996.000000002,6201846.7
177431721.0706,9999996.000000002,6201846.7
177431723.0706,9999996.000000002,6201846.7
177431725.0706,9999996.000000002,6201846.7
177431727.0706,9999996.000000002,6201846.7
177431729.0706,9999996.000000002,6201846.7
177431731.0706,9999996.000000002,6201846.7
177431733.0706,9999996.000000002,6201846.7
177431735.0706,9999996.000000002,6201846.7
177431737.0706,9999996.000000002,6201846.7
177431739.0706,9999996.000000002,6201846.7
177431741.0706,9999996.000000002,6201846.7
177431743.0706,9999996.000000002,6201846.7
177431745.0706,9999995.900000002,6201846.7
177431747.0706,9999995.900000002,6201846.7
177431749.0706,9999995.900000002,6201846.7
177431751.0706,9999995.900000002,6201846.7
177431753.0706,9999995.900000002,6201846.7
177431755.0706,9999995.900000002,6201846.7
177431757.0706,9999995.900000002,6201846.7
177431759.0706,9999995.900000002,6201846.7
177431761.0706,9999995.900000002,6201846.7
177431763.0706,9999995.900000002,6201846.7
177431765.0706,9999995.900000002,6201846.7
177431767.0706,9999995.900000002,6201846.7
177431769.0706,9999995.900000002,6201846.7
177431771.0706,9999995.900000002,6201846.7
177431773.0706,9999995.900000002,6201846.7
177431775.0706,9999995.900000002,6201846.7
177431777.0706,9999995.900000002,6201846.7
177431779.0706,9999995.900000002,6201846.7
177431781.0706,9999995.900000002,6201846.7
177431783.0706,9999995.900000002,6201846.7
177431785.0706,9999995.900000002,6201846.7
177431787.0706,9999995.900000002,6201846.7
177431789.0706,9999995.900000002,6201846.7
177431791.0706,9999995.900000002,6201846.7
177431793.0706,9999995.900000002,6201846.7
177431795.0706,9999995.900000002,6201846.7
177431797.0706,9999995.900000002,6201846.7
177431799.0706,9999995.900000002,6201846.7
177431801.0706,9999995.900000002,6201846.7
177431803.0706,9999995.900000002,6201846.7
177431805.0706,9999995.900000002,6201846.7
177431807.0706,9999995.900000002,6201846.7
177431809.0706,9999995.900000002,6201846.7
177431811.0706,9999995.900000002,6201846.7
177431813.0706,9999995.900000002,6201846.7
177431815.0706,9999995.900000002,6201846.7
177431817.0706,9999995.900000002,6201846.7
177431819.0706,9999995.800000003,6201846.7
177431821.0706,9999995.800000003,6201846.7
177431823.0706,9999995.800000003,6201846.7
177431825.0706,9999995.800000003,6201846.7
177431827.0706,9999995.800000003,6201846.7
177431829.0706,9999995.800000003,6201846.7
177431831.0706,9999995.800000003,6201846.7
177431833.0706,9999995.800000003,6201846.7
177431835.0706,9999995.800000003,6201846.7
177431837.0706,9999995.800000003,6201846.7
177431839.0706,9999995.800000003,6201846.7
177431841.0706,9999995.800000003,6201846.7
177431843.0706,9999995.800000003,6201846.7
177431845.0706,9999995.800000003,6201846.7
177431847.0706,9999995.800000003,6201846.7
177431849.0706,9999995.800000003,6201846.7
177431851.0706,9999995.800000003,6201846.7
177431853.0706,9999995.800000003,6201846.7
177431855.0706,9999995.800000003,6201846.7
177431857.0706,9999995.800000003,6201846.7
177431859.0706,9999995.800000003,6201846.7
177431861.0706,9999995.800000003,6201846.7
177431863.0706,9999995.800000003,6201846.7
177431865.0706,9999995.800000003,6201846.7
177431867.0706,9999995.800000003,6201846.7
177431869.0706,9999995.800000003,6201846.7
177431871.0706,9999995.800000003,6201846.7
177431873.0706,9999995.800000003,6201846.7
177431875.0706,9999995.800000003,6201846.7
177431877.0706,9999995.800000003,6201846.7
177431879.0706,9999995.800000003,6201846.7
177431881.0706,9999995.800000003,6201846.7
177431883.0706,9999995.800000003,6201846.7
177431885.0706,9999995.800000003,6201846.7
177431887.0706,9999995.800000003,6201846.7
177431889.0706,9999995.800000003,6201846.7
177431891.0706,9999995.800000003,6201846.7
177431893.0706,9999995.800000003,6201846.7
177431895.0706,9999995.800000003,6201846.7
177431897.0706,9999995.800000003,6201846.7
177431899.0706,9999995.800000003,6201846.7
177431901.0706,9999995.800000003,6201846.7
177431903.0706,9999995.800000003,6201846.7
177431905.0706,9999995.800000003,6201846.7
177431907.0706,9999995.800000003,6201846.7
177431909.0706,9999995.800000003,6201846.7
177431911.0706,9999995.800000003,6201846.7
177431913.0706,9999995.800000003,6201846.7
177431915.0706,9999995.800000003,6201846.7
177431917.0706,9999995.800000003,6201846.7
177431919.0706,9999995.800000003,6201846.7
177431921.0706,9999995.800000003,6201846.7
177431923.0706,9999995.800000003,6201846.7
177431925.0706,9999995.800000003,6201846.7
177431927.0706,9999995.800000003,6201846.7
177431929.0706,9999995.800000003,6201846.7
177431931.0706,9999995.800000003,6201846.7
177431933.0706,9999995.800000003,6201846.7
177431935.0706,9999995.800000003,6201846.7
177431937.0706,9999995.800000003,6201846.7
177431939.0706,9999995.800000003,6201846.7
177431941.0706,9999995.800000003,6201846.7
177431943.0706,9999995.800000003,6201846.7
177431945.0706,9999995.800000003,6201846.7
177431947.0706,9999995.800000003,6201846.7
177431949.0706,9999995.800000003,6201846.7
177431951.0706,9999995.800000003,6201846.7
177431953.0706,9999995.800000003,6201846.7
177431955.0706,9999995.800000003,6201846.7
177431957.0706,9999995.800000003,6201846.7
177431959.0706,9999995.800000003,6201846.7
177431961.0706,9999995.800000003,6201846.7
177431963.0706,9999995.800000003,6201846.7
177431965.0706,9999995.800000003,6201846.7
177431967.0706,9999995.800000003,6201846.7
177431969.0706,9999995.800000003,6201846.7
177431971.0706,9999995.800000003,6201846.7
177431973.0706,9999995.800000003,6201846.7
177431975.0706,9999995.800000003,6201846.7
177431977.0706,9999995.800000003,6201846.7
177431979.0706,9999995.800000003,6201846.7
177431981.0706,9999995.800000003,6201846.7
177431983.0706,9999995.800000003,6201846.7
177431985.0706,9999995.800000003,6201846.7
177431987.0706,9999995.800000003,6201846.7
177431989.0706,9999995.800000003,6201846.7
177431991.0706,9999995.800000003,6201846.7
177431993.0706,9999995.800000003,6201846.7
177431995.0706,9999995.800000003,6201846.7
177431997.0706,9999995.800000003,6201846.7
177431999.0706,9999995.800000003,6201846.7
177432001.0706,9999995.800000003,6201846.7
177432003.0706,9999995.800000003,6201846.7
177432005.0706,9999995.800000003,6201846.7
177432007.0706,9999995.800000003,6201846.7
177432009.0706,9999995.800000003,6201846.7
177432011.0706,9999995.800000003,6201846.7
177432013.0706,9999995.800000003,6201846.7
177432015.0706,9999995.800000003,6201846.7
177432017.0706,9999995.800000003,6201846.7
177432019.0706,9999995.800000003,6201846.7
177432021.0706,9999995.800000003,6201846.7
177432023.0706,9999995.800000003,6201846.7
177432025.0706,9999995.800000003,6201846.7
177432027.0706,9999995.800000003,6201846.7
177432029.0706,9999995.800000003,6201846.7
177432031.0706,9999995.800000003,6201846.7
177432033.0706,9999995.800000003,6201846.7
177432035.0706,9999995.800000003,6201846.7
177432037.0706,9999995.800000003,6201846.7
177432039.0706,9999995.800000003,6201846.7
177432041.0706,9999995.800000003,6201846.7
177432043.0706,9999995.800000003,6201846.7
177432045.0706,9999995.800000003,6201846.7
177432047.0706,9999995.800000003,6201846.7
177432049.0706,9999995.800000003,6201846.7
177432051.0706,9999995.800000003,6201846.7
177432053.0706,9999995.800000003,6201846.7
177432055.0706,9999995.800000003,6201846.7
177432057.0706,9999995.800000003,6201846.7
177432059.0706,9999995.800000003,6201846.7
177432061.0706,9999995.800000003,6201846.7
177432063.0706,9999995.800000003,6201846.7
177432065.0706,9999995.800000003,6201846.7
177432067.0706,9999995.800000003,6201846.7
177432069.0706,9999995.800000003,6201846.7
177432071.0706,9999995.800000003,6201846.7
177432073.0706,9999995.800000003,6201846.7
177432075.0706,9999995.800000003,6201846.7
177432077.0706,9999995.800000003,6201846.7
177432079.0706,9999995.800000003,6201846.7
177432081.0706,9999995.800000003,6201846.7
177432083.0706,9999995.800000003,6201846.7
177432085.0706,9999995.800000003,6201846.7
177432087.0706,9999995.700000003,6201846.7
177432089.0706,9999995.700000003,6201846.7
177432091.0706,9999995.700000003,6201846.7
177432093.0706,9999995.700000003,6201846.7
177432095.0706,9999995.700000003,6201846.7
177432097.0706,9999995.700000003,6201846.7
177432099.0706,9999995.700000003,6201846.7
177432101.0706,9999995.700000003,6201846.7
177432103.0706,9999995.700000003,6201846.7
177432105.0706,9999995.700000003,6201846.7
177432107.0706,9999995.700000003,6201846.7
177432109.0706,9999995.700000003,6201846.7
177432111.0706,9999995.700000003,6201846.7
177432113.0706,9999995.700000003,6201846.7
177432115.0706,9999995.700000003,6201846.7
177432117.0706,9999995.700000003,6201846.7
177432119.0706,9999995.700000003,6201846.7
177432121.0706,9999995.700000003,6201846.7
177432123.0706,9999995.700000003,6201846.7
177432125.0706,9999995.700000003,6201846.7
177432127.0706,9999995.700000003,6201846.7
177432129.0706,9999995.700000003,6201846.7
177432131.0706,9999995.700000003,6201846.7
177432133.0706,9999995.700000003,6201846.7
177432135.0706,9999995.700000003,6201846.7
177432137.0706,9999995.700000003,6201846.7
177432139.0706,9999995.700000003,6201846.7
177432141.0706,9999995.700000003,6201846.7
177432143.0706,9999995.700000003,6201846.7
177432145.0706,9999995.700000003,6201846.7
177432147.0706,9999995.700000003,6201846.7
177432149.0706,9999995.600000003,6201846.7
177432151.0706,9999995.600000003,6201846.7
177432153.0706,9999995.600000003,6201846.7
177432155.0706,9999995.600000003,6201846.7
177432157.0706,9999995.600000003,6201846.7
177432159.0706,9999995.600000003,6201846.7
177432161.0706,9999995.600000003,6201846.7
177432163.0706,9999995.600000003,6201846.7
177432165.0706,9999995.600000003,6201846.7
177432167.0706,9999995.600000003,6201846.7
177432169.0706,9999995.600000003,6201846.7
177432171.0706,9999995.600000003,6201846.7
177432173.0706,9999995.600000003,6201846.7
177432175.0706,9999995.600000003,6201846.7
177432177.0706,9999995.600000003,6201846.7
177432179.0706,9999995.600000003,6201846.7
177432181.0706,9999995.600000003,6201846.7
177432183.0706,9999995.600000003,6201846.7
177432185.0706,9999995.600000003,6201846.7
177432187.0706,9999995.600000003,6201846.7
177432189.0706,9999995.600000003,6201846.7
177432191.0706,9999995.600000003,6201846.7
177432193.0706,9999995.600000003,6201846.7
177432195.0706,9999995.600000003,6201846.7
177432197.0706,9999995.600000003,6201846.7
177432199.0706,9999995.600000003,6201846.7
177432201.0706,9999995.600000003,6201846.7
177432203.0706,9999995.600000003,6201846.7
177432205.0706,9999995.600000003,6201846.7
177432207.0706,9999995.600000003,6201846.7
177432209.0706,9999995.600000003,6201846.7
177432211.0706,9999995.600000003,6201846.7
177432213.0706,9999995.600000003,6201846.7
177432215.0706,9999995.600000003,6201846.7
177432217.0706,9999995.600000003,6201846.7
177432219.0706,9999995.600000003,6201846.7
177432221.0706,9999995.600000003,6201846.7
177432223.0706,9999995.600000003,6201846.7
177432225.0706,9999995.600000003,6201846.7
177432227.0706,9999995.600000003,6201846.7
177432229.0706,9999995.600000003,6201846.7
177432231.0706,9999995.600000003,6201846.7
177432233.0706,9999995.600000003,6201846.7
177432235.0706,9999995.600000003,6201846.7
177432237.0706,9999995.600000003,6201846.7
177432239.0706,9999995.600000003,6201846.7
177432241.0706,9999995.600000003,6201846.7
177432243.0706,9999995.600000003,6201846.7
177432245.0706,9999995.600000003,6201846.7
177432247.0706,9999995.600000003,6201846.7
177432249.0706,9999995.600000003,6201846.7
177432251.0706,9999995.600000003,6201846.7
177432253.0706,9999995.600000003,6201846.7
177432255.0706,9999995.600000003,6201846.7
177432257.0706,9999995.600000003,6201846.7
177432259.0706,9999995.600000003,6201846.7
177432261.0706,9999995.600000003,6201846.7
177432263.0706,9999995.600000003,6201846.7
177432265.0706,9999995.600000003,6201846.7
177432267.0706,9999995.600000003,6201846.7
177432269.0706,9999995.600000003,6201846.7
177432271.0706,9999995.600000003,6201846.7
177432273.0706,9999995.600000003,6201846.7
177432275.0706,9999995.600000003,6201846.7
177432277.0706,9999995.600000003,6201846.7
177432279.0706,9999995.600000003,6201846.7
177432281.0706,9999995.600000003,6201846.7
177432283.0706,9999995.600000003,6201846.7
177432285.0706,9999995.600000003,6201846.7
177432287.0706,9999995.600000003,6201846.7
177432289.0706,9999995.600000003,6201846.7
177432291.0706,9999995.600000003,6201846.7
177432293.0706,9999995.600000003,6201846.7
177432295.0706,9999995.600000003,6201846.7
177432297.0706,9999995.600000003,6201846.7
177432299.0706,9999995.600000003,6201846.7
177432301.0706,9999995.600000003,6201846.7
177432303.0706,9999995.600000003,6201846.7
177432305.0706,9999995.600000003,6201846.7
177432307.0706,9999995.600000003,6201846.7
177432309.0706,9999995.600000003,6201846.7
177432311.0706,9999995.600000003,6201846.7
177432313.0706,9999995.600000003,6201846.7
177432315.0706,9999995.600000003,6201846.7
177432317.0706,9999995.600000003,6201846.7
177432319.0706,9999995.600000003,6201846.7
177432321.0706,9999995.600000003,6201846.7
177432323.0706,9999995.600000003,6201846.7
177432325.0706,9999995.600000003,6201846.7
177432327.0706,9999995.600000003,6201846.7
177432329.0706,9999995.600000003,6201846.7
177432331.0706,9999995.600000003,6201846.7
177432333.0706,9999995.600000003,6201846.7
177432335.0706,9999995.600000003,6201846.7
177432337.0706,9999995.600000003,6201846.7
177432339.0706,9999995.600000003,6201846.7
177432341.0706,9999995.600000003,6201846.7
177432343.0706,9999995.600000003,6201846.7
177432345.0706,9999995.600000003,6201846.7
177432347.0706,9999995.600000003,6201846.7
177432349.0706,9999995.600000003,6201846.7
177432351.0706,9999995.600000003,6201846.7
177432353.0706,9999995.600000003,6201846.7
177432355.0706,9999995.600000003,6201846.7
177432357.0706,9999995.600000003,6201846.7
177432359.0706,9999995.600000003,6201846.7
177432361.0706,9999995.600000003,6201846.7
177432363.0706,9999995.600000003,6201846.7
177432365.0706,9999995.600000003,6201846.7
177432367.0706,9999995.600000003,6201846.7
177432369.0706,9999995.600000003,6201846.7
177432371.0706,9999995.600000003,6201846.7
177432373.0706,9999995.600000003,6201846.7
177432375.0706,9999995.600000003,6201846.7
177432377.0706,9999995.600000003,6201846.7
177432379.0706,9999995.600000003,6201846.7
177432381.0706,9999995.600000003,6201846.7
177432383.0706,9999995.600000003,6201846.7
177432385.0706,9999995.600000003,6201846.7
177432387.0706,9999995.600000003,6201846.7
177432389.0706,9999995.600000003,6201846.7
177432391.0706,9999995.600000003,6201846.7
177432393.0706,9999995.600000003,6201846.7
177432395.0706,9999995.600000003,6201846.7
177432397.0706,9999995.600000003,6201846.7
177432399.0706,9999995.600000003,6201846.7
177432401.0706,9999995.600000003,6201846.7
177432403.0706,9999995.600000003,6201846.7
177432405.0706,9999995.600000003,6201846.7
177432407.0706,9999995.600000003,6201846.7
177432409.0706,9999995.600000003,6201846.7
177432411.0706,9999995.600000003,6201846.7
177432413.0706,9999995.600000003,6201846.7
177432415.0706,9999995.600000003,6201846.7
177432417.0706,9999995.600000003,6201846.7
177432419.0706,9999995.600000003,6201846.7
177432421.0706,9999995.600000003,6201846.7
177432423.0706,9999995.600000003,6201846.7
177432425.0706,9999995.600000003,6201846.7
177432427.0706,9999995.600000003,6201846.7
177432429.0706,9999995.600000003,6201846.7
177432431.0706,9999995.600000003,6201846.7
177432433.0706,9999995.600000003,6201846.7
177432435.0706,9999995.600000003,6201846.7
177432437.0706,9999995.600000003,6201846.7
177432439.0706,9999995.600000003,6201846.7
177432441.0706,9999995.600000003,6201846.7
177432443.0706,9999995.600000003,6201846.7
177432445.0706,9999995.600000003,6201846.7
177432447.0706,9999995.600000003,6201846.7
177432449.0706,9999995.600000003,6201846.7
177432451.0706,9999995.600000003,6201846.7
177432453.0706,9999995.600000003,6201846.7
177432455.0706,9999995.600000003,6201846.7
177432457.0706,9999995.600000003,6201846.7
177432459.0706,9999995.600000003,6201846.7
177432461.0706,9999995.600000003,6201846.7
177432463.0706,9999995.600000003,6201846.7
177432465.0706,9999995.600000003,6201846.7
177432467.0706,9999995.600000003,6201846.7
177432469.0706,9999995.600000003,6201846.7
177432471.0706,9999995.600000003,6201846.7
177432473.0706,9999995.600000003,6201846.7
177432475.0706,9999995.600000003,6201846.7
177432477.0706,9999995.600000003,6201846.7
177432479.0706,9999995.600000003,6201846.7
177432481.0706,9999995.600000003,6201846.7
177432483.0706,9999995.600000003,6201846.7
177432485.0706,9999995.600000003,6201846.7
177432487.0706,9999995.600000003,6201846.7
177432489.0706,9999995.600000003,6201846.7
177432491.0706,9999995.600000003,6201846.7
177432493.0706,9999995.600000003,6201846.7
177432495.0706,9999995.600000003,6201846.7
177432497.0706,9999995.600000003,6201846.7
177432499.0706,9999995.600000003,6201846.7
177432501.0706,9999995.600000003,6201846.7
177432503.0706,9999995.600000003,6201846.7
177432505.0706,9999995.600000003,6201846.7
177432507.0706,9999995.600000003,6201846.7
177432509.0706,9999995.600000003,6201846.7
177432511.0706,9999995.600000003,6201846.7
177432513.0706,9999995.600000003,6201846.7
177432515.0706,9999995.600000003,6201846.7
177432517.0706,9999995.600000003,6201846.7
177432519.0706,9999995.600000003,6201846.7
177432521.0706,9999995.600000003,6201846.7
177432523.0706,9999995.600000003,6201846.7
177432525.0706,9999995.600000003,6201846.7
177432527.0706,9999995.600000003,6201846.7
177432529.0706,9999995.600000003,6201846.7
177432531.0706,9999995.600000003,6201846.7
177432533.0706,9999995.600000003,6201846.7
177432535.0706,9999995.600000003,6201846.7
177432537.0706,9999995.600000003,6201846.7
177432539.0706,9999995.600000003,6201846.7
177432541.0706,9999995.600000003,6201846.7
177432543.0706,9999995.600000003,6201846.7
177432545.0706,9999995.600000003,6201846.7
177432547.0706,9999995.600000003,6201846.7
177432549.0706,9999995.600000003,6201846.7
177432551.0706,9999995.600000003,6201846.7
177432553.0706,9999995.600000003,6201846.7
177432555.0706,9999995.600000003,6201846.7
177432557.0706,9999995.600000003,6201846.7
177432559.0706,9999995.600000003,6201846.7
177432561.0706,9999995.600000003,6201846.7
177432563.0706,9999995.600000003,6201846.7
177432565.0706,9999995.600000003,6201846.7
177432567.0706,9999995.600000003,6201846.7
177432569.0706,9999995.600000003,6201846.7
177432571.0706,9999995.600000003,6201846.7
177432573.0706,9999995.600000003,6201846.7
177432575.0706,9999995.600000003,6201846.7
177432577.0706,9999995.600000003,6201846.7
177432579.0706,9999995.600000003,6201846.7
177432581.0706,9999995.600000003,6201846.7
177432583.0706,9999995.600000003,6201846.7
177432585.0706,9999995.600000003,6201846.7
177432587.0706,9999995.600000003,6201846.7
177432589.0706,9999995.600000003,6201846.7
177432591.0706,9999995.600000003,6201846.7
177432593.0706,9999995.600000003,6201846.7
177432595.0706,9999995.600000003,6201846.7
177432597.0706,9999995.600000003,6201846.7
177432599.0706,9999995.600000003,6201846.7
177432601.0706,9999995.600000003,6201846.7
177432603.0706,9999995.600000003,6201846.7
177432605.0706,9999995.600000003,6201846.7
177432607.0706,9999995.600000003,6201846.7
177432609.0706,9999995.500000004,6201846.7
177432611.0706,9999995.500000004,6201846.7
177432613.0706,9999995.500000004,6201846.7
177432615.0706,9999995.500000004,6201846.7
177432617.1706,9999995.500000004,6201846.7
177432619.0706,9999995.500000004,6201846.7
177432621.0706,9999995.500000004,6201846.7
177432623.0706,9999995.500000004,6201846.7
177432625.0706,9999995.500000004,6201846.7
177432627.0706,9999995.500000004,6201846.7
177432629.0706,9999995.500000004,6201846.7
177432631.0706,9999995.500000004,6201846.7
177432633.0706,9999995.500000004,6201846.7
177432635.0706,9999995.500000004,6201846.7
177432637.0706,9999995.500000004,6201846.7
177432639.0706,9999995.500000004,6201846.7
177432641.0706,9999995.500000004,6201846.7
177432643.0706,9999995.500000004,6201846.7
177432645.0706,9999995.500000004,6201846.7
177432647.0706,9999995.500000004,6201846.7
177432649.0706,9999995.500000004,6201846.7
177432651.0706,9999995.500000004,6201846.7
177432653.0706,9999995.500000004,6201846.7
177432655.0706,9999995.500000004,6201846.7
177432657.0706,9999995.500000004,6201846.7
177432659.0706,9999995.500000004,6201846.7
177432661.0706,9999995.500000004,6201846.7
177432663.0706,9999995.500000004,6201846.7
177432665.0706,9999995.500000004,6201846.7
177432667.0706,9999995.500000004,6201846.7
177432669.0706,9999995.500000004,6201846.7
177432671.0706,9999995.500000004,6201846.7
177432673.0706,9999995.500000004,6201846.7
177432675.0706,9999995.500000004,6201846.7
177432677.0706,9999995.500000004,6201846.7
177432679.0706,9999995.500000004,6201846.7
177432681.0706,9999995.500000004,6201846.7
177432683.0706,9999995.500000004,6201846.7
177432685.0706,9999995.500000004,6201846.7
177432687.0706,9999995.500000004,6201846.7
177432689.0706,9999995.500000004,6201846.7
177432691.0706,9999995.500000004,6201846.7
177432693.0706,9999995.500000004,6201846.7
177432695.0706,9999995.500000004,6201846.7
177432697.0706,9999995.500000004,6201846.7
177432699.0706,9999995.500000004,6201846.7
177432701.0706,9999995.500000004,6201846.7
177432703.0706,9999995.500000004,6201846.7
177432705.0706,9999995.500000004,6201846.7
177432707.0706,9999995.500000004,6201846.7
177432709.0706,9999995.500000004,6201846.7
177432711.0706,9999995.500000004,6201846.7
177432713.0706,9999995.500000004,6201846.7
177432715.0706,9999995.500000004,6201846.7
177432717.0706,9999995.500000004,6201846.7
177432719.0706,9999995.500000004,6201846.7
177432721.0706,9999995.500000004,6201846.7
177432723.0706,9999995.500000004,6201846.7
177432725.0706,9999995.500000004,6201846.7
177432727.0706,9999995.500000004,6201846.7
177432729.0706,9999995.500000004,6201846.7
177432731.0706,9999995.500000004,6201846.7
177432733.0706,9999995.500000004,6201846.7
177432735.0706,9999995.500000004,6201846.7
177432737.0706,9999995.500000004,6201846.7
177432739.0706,9999995.500000004,6201846.7
177432741.0706,9999995.500000004,6201846.7
177432743.0706,9999995.500000004,6201846.7
177432745.0706,9999995.500000004,6201846.7
177432747.0706,9999995.500000004,6201846.7
177432749.0706,9999995.500000004,6201846.7
177432751.0706,9999995.500000004,6201846.7
177432753.0706,9999995.500000004,6201846.7
177432755.0706,9999995.500000004,6201846.7
177432757.0706,9999995.500000004,6201846.7
177432759.0706,9999995.500000004,6201846.7
177432761.0706,9999995.500000004,6201846.7
177432763.0706,9999995.500000004,6201846.7
177432765.0706,9999995.500000004,6201846.7
177432767.0706,9999995.500000004,6201846.7
177432769.0706,9999995.500000004,6201846.7
177432771.0706,9999995.500000004,6201846.7
177432773.0706,9999995.500000004,6201846.7
177432775.0706,9999995.500000004,6201846.7
177432777.0706,9999995.500000004,6201846.7
177432779.0706,9999995.500000004,6201846.7
177432781.0706,9999995.500000004,6201846.7
177432783.0706,9999995.500000004,6201846.7
177432785.0706,9999995.500000004,6201846.7
177432787.0706,9999995.500000004,6201846.7
177432789.0706,9999995.500000004,6201846.7
177432791.0706,9999995.500000004,6201846.7
177432793.0706,9999995.500000004,6201846.7
177432795.0706,9999995.500000004,6201846.7
177432797.0706,9999995.500000004,6201846.7
177432799.0706,9999995.500000004,6201846.7
177432801.0706,9999995.500000004,6201846.7
177432803.0706,9999995.500000004,6201846.7
177432805.0706,9999995.500000004,6201846.7
177432807.0706,9999995.500000004,6201846.7
177432809.0706,9999995.500000004,6201846.7
177432811.0706,9999995.500000004,6201846.7
177432813.0706,9999995.500000004,6201846.7
177432815.0706,9999995.500000004,6201846.7
177432817.0706,9999995.500000004,6201846.7
177432819.0706,9999995.500000004,6201846.7
177432821.0706,9999995.500000004,6201846.7
177432823.0706,9999995.500000004,6201846.7
177432825.0706,9999995.500000004,6201846.7
177432827.0706,9999995.500000004,6201846.7
177432829.0706,9999995.500000004,6201846.7
177432831.0706,9999995.500000004,6201846.7
177432833.0706,9999995.500000004,6201846.7
177432835.0706,9999995.500000004,6201846.7
177432837.0706,9999995.500000004,6201846.7
177432839.0706,9999995.500000004,6201846.7
177432841.0706,9999995.500000004,6201846.7
177432843.0706,9999995.500000004,6201846.7
177432845.0706,9999995.500000004,6201846.7
177432847.0706,9999995.500000004,6201846.7
177432849.0706,9999995.500000004,6201846.7
177432851.0706,9999995.500000004,6201846.7
177432853.0706,9999995.500000004,6201846.7
177432855.0706,9999995.500000004,6201846.7
177432857.0706,9999995.500000004,6201846.7
177432859.0706,9999995.500000004,6201846.7
177432861.0706,9999995.500000004,6201846.7
177432863.0706,9999995.500000004,6201846.7
177432865.0706,9999995.500000004,6201846.7
177432867.0706,9999995.500000004,6201846.7
177432869.0706,9999995.500000004,6201846.7
177432871.0706,9999995.500000004,6201846.7
177432873.0706,9999995.500000004,6201846.7
177432875.0706,9999995.500000004,6201846.7
177432877.0706,9999995.500000004,6201846.7
177432879.0706,9999995.500000004,6201846.7
177432881.0706,9999995.500000004,6201846.7
177432883.0706,9999995.500000004,6201846.7
177432885.0706,9999995.500000004,6201846.7
177432887.0706,9999995.500000004,6201846.7
177432889.0706,9999995.500000004,6201846.7
177432891.0706,9999995.500000004,6201846.7
177432893.0706,9999995.500000004,6201846.7
177432895.0706,9999995.500000004,6201846.7
177432897.0706,9999995.500000004,6201846.7
177432899.0706,9999995.500000004,6201846.7
177432901.0706,9999995.500000004,6201846.7
177432903.0706,9999995.500000004,6201846.7
177432905.0706,9999995.500000004,6201846.7
177432907.0706,9999995.500000004,6201846.7
177432909.0706,9999995.500000004,6201846.7
177432911.0706,9999995.500000004,6201846.7
177432913.0706,9999995.500000004,6201846.7
177432915.0706,9999995.500000004,6201846.7
177432917.0706,9999995.500000004,6201846.7
177432919.0706,9999995.500000004,6201846.7
177432921.0706,9999995.500000004,6201846.7
177432923.0706,9999995.500000004,6201846.7
177432925.0706,9999995.500000004,6201846.7
177432927.0706,9999995.500000004,6201846.7
177432929.0706,9999995.500000004,6201846.7
177432931.0706,9999995.500000004,6201846.7
177432933.0706,9999995.500000004,6201846.7
177432935.0706,9999995.500000004,6201846.7
177432937.0706,9999995.500000004,6201846.7
177432939.0706,9999995.500000004,6201846.7
177432941.0706,9999995.500000004,6201846.7
177432943.0706,9999995.500000004,6201846.7
177432945.0706,9999995.500000004,6201846.7
177432947.0706,9999995.500000004,6201846.7
177432949.0706,9999995.500000004,6201846.7
177432951.0706,9999995.500000004,6201846.7
177432953.0706,9999995.500000004,6201846.7
177432955.0706,9999995.500000004,6201846.7
177432957.0706,9999995.500000004,6201846.7
177432959.0706,9999995.500000004,6201846.7
177432961.0706,9999995.500000004,6201846.7
177432963.0706,9999995.500000004,6201846.7
177432965.0706,9999995.500000004,6201846.7
177432967.0706,9999995.500000004,6201846.7
177432969.0706,9999995.500000004,6201846.7
177432971.0706,9999995.500000004,6201846.7
177432973.0706,9999995.500000004,6201846.7
177432975.0706,9999995.500000004,6201846.7
177432977.0706,9999995.500000004,6201846.7
177432979.0706,9999995.500000004,6201846.7
177432981.0706,9999995.500000004,6201846.7
177432983.0706,9999995.500000004,6201846.7
177432985.0706,9999995.500000004,6201846.7
177432987.0706,9999995.500000004,6201846.7
177432989.0706,9999995.500000004,6201846.7
177432991.0706,9999995.500000004,6201846.7
177432993.0706,9999995.500000004,6201846.7
177432995.0706,9999995.500000004,6201846.7
177432997.0706,9999995.500000004,6201846.7
177432999.0706,9999995.500000004,6201846.7
177433001.0706,9999995.500000004,6201846.7
177433003.0706,9999995.500000004,6201846.7
177433005.0706,9999995.500000004,6201846.7
177433007.0706,9999995.500000004,6201846.7
177433009.0706,9999995.500000004,6201846.7
177433011.0706,9999995.500000004,6201846.7
177433013.0706,9999995.500000004,6201846.7
177433015.0706,9999995.500000004,6201846.7
177433017.0706,9999995.500000004,6201846.7
177433019.0706,9999995.500000004,6201846.7
177433021.0706,9999995.500000004,6201846.7
177433023.0706,9999995.500000004,6201846.7
177433025.0706,9999995.500000004,6201846.7
177433027.0706,9999995.500000004,6201846.7
177433029.0706,9999995.500000004,6201846.7
177433031.0706,9999995.500000004,6201846.7
177433033.0706,9999995.500000004,6201846.7
177433035.0706,9999995.500000004,6201846.7
177433037.0706,9999995.500000004,6201846.7
177433039.0706,9999995.500000004,6201846.7
177433041.0706,9999995.500000004,6201846.7
177433043.0706,9999995.500000004,6201846.7
177433045.0706,9999995.500000004,6201846.7
177433047.0706,9999995.500000004,6201846.7
177433049.0706,9999995.500000004,6201846.7
177433051.0706,9999995.500000004,6201846.7
177433053.0706,9999995.500000004,6201846.7
177433055.0706,9999995.500000004,6201846.7
177433057.0706,9999995.500000004,6201846.7
177433059.0706,9999995.500000004,6201846.7
177433061.0706,9999995.500000004,6201846.7
177433063.0706,9999995.500000004,6201846.7
177433065.0706,9999995.500000004,6201846.7
177433067.0706,9999995.500000004,6201846.7
177433069.0706,9999995.500000004,6201846.7
177433071.0706,9999995.500000004,6201846.7
177433073.0706,9999995.400000004,6201846.7
177433075.0706,9999995.400000004,6201846.7
177433077.0706,9999995.400000004,6201846.7
177433079.0706,9999995.400000004,6201846.7
177433081.0706,9999995.400000004,6201846.7
177433083.0706,9999995.400000004,6201846.7
177433085.0706,9999995.400000004,6201846.7
177433087.0706,9999995.400000004,6201846.7
177433089.0706,9999995.400000004,6201846.7
177433091.0706,9999995.400000004,6201846.7
177433093.0706,9999995.400000004,6201846.7
177433095.0706,9999995.400000004,6201846.7
177433097.0706,9999995.400000004,6201846.7
177433099.0706,9999995.400000004,6201846.7
177433101.0706,9999995.400000004,6201846.7
177433103.0706,9999995.400000004,6201846.7
177433105.0706,9999995.400000004,6201846.7
177433107.0706,9999995.400000004,6201846.7
177433109.0706,9999995.400000004,6201846.7
177433111.0706,9999995.400000004,6201846.7
177433113.0706,9999995.400000004,6201846.7
177433115.0706,9999995.400000004,6201846.7
177433117.0706,9999995.400000004,6201846.7
177433119.0706,9999995.400000004,6201846.7
177433121.0706,9999995.400000004,6201846.7
177433123.0706,9999995.400000004,6201846.7
177433125.0706,9999995.400000004,6201846.7
177433127.0706,9999995.400000004,6201846.7
177433129.0706,9999995.400000004,6201846.7
177433131.0706,9999995.400000004,6201846.7
177433133.0706,9999995.400000004,6201846.7
177433135.0706,9999995.400000004,6201846.7
177433137.0706,9999995.400000004,6201846.7
177433139.0706,9999995.400000004,6201846.7
177433141.0706,9999995.400000004,6201846.7
177433143.0706,9999995.400000004,6201846.7
177433145.0706,9999995.400000004,6201846.7
177433147.0706,9999995.400000004,6201846.7
177433149.0706,9999995.400000004,6201846.7
177433151.0706,9999995.400000004,6201846.7
177433153.0706,9999995.400000004,6201846.7
177433155.0706,9999995.400000004,6201846.7
177433157.0706,9999995.400000004,6201846.7
177433159.0706,9999995.400000004,6201846.7
177433161.0706,9999995.400000004,6201846.7
177433163.0706,9999995.400000004,6201846.7
177433165.0706,9999995.400000004,6201846.7
177433167.0706,9999995.400000004,6201846.7
177433169.0706,9999995.400000004,6201846.7
177433171.0706,9999995.400000004,6201846.7
177433173.0706,9999995.400000004,6201846.7
177433175.0706,9999995.400000004,6201846.7
177433177.0706,9999995.400000004,6201846.7
177433179.0706,9999995.400000004,6201846.7
177433181.0706,9999995.400000004,6201846.7
177433183.0706,9999995.400000004,6201846.7
177433185.0706,9999995.400000004,6201846.7
177433187.0706,9999995.400000004,6201846.7
177433189.0706,9999995.400000004,6201846.7
177433191.0706,9999995.400000004,6201846.7
177433193.0706,9999995.400000004,6201846.7
177433195.0706,9999995.400000004,6201846.7
177433197.0706,9999995.400000004,6201846.7
177433199.0706,9999995.400000004,6201846.7
177433201.0706,9999995.400000004,6201846.7
177433203.0706,9999995.400000004,6201846.7
177433205.0706,9999995.400000004,6201846.7
177433207.0706,9999995.400000004,6201846.7
177433209.0706,9999995.400000004,6201846.7
177433211.0706,9999995.400000004,6201846.7
177433213.0706,9999995.400000004,6201846.7
177433215.0706,9999995.400000004,6201846.7
177433217.0706,9999995.400000004,6201846.7
177433219.0706,9999995.400000004,6201846.7
177433221.0706,9999995.400000004,6201846.7
177433223.0706,9999995.400000004,6201846.7
177433225.0706,9999995.400000004,6201846.7
177433227.0706,9999995.400000004,6201846.7
177433229.0706,9999995.400000004,6201846.7
177433231.0706,9999995.400000004,6201846.7
177433233.0706,9999995.400000004,6201846.7
177433235.0706,9999995.400000004,6201846.7
177433237.0706,9999995.400000004,6201846.7
177433239.0706,9999995.400000004,6201846.7
177433241.0706,9999995.300000004,6201846.7
177433243.0706,9999995.300000004,6201846.7
177433245.0706,9999995.300000004,6201846.7
177433247.0706,9999995.300000004,6201846.7
177433249.0706,9999995.300000004,6201846.7
177433251.0706,9999995.300000004,6201846.7
177433253.0706,9999995.300000004,6201846.7
177433255.0706,9999995.300000004,6201846.7
177433257.0706,9999995.300000004,6201846.7
177433259.0706,9999995.300000004,6201846.7
177433261.0706,9999995.300000004,6201846.7
177433263.0706,9999995.300000004,6201846.7
177433265.0706,9999995.300000004,6201846.7
177433267.0706,9999995.300000004,6201846.7
177433269.0706,9999995.300000004,6201846.7
177433271.0706,9999995.300000004,6201846.7
177433273.0706,9999995.300000004,6201846.7
177433275.0706,9999995.300000004,6201846.7
177433277.0706,9999995.300000004,6201846.7
177433279.0706,9999995.300000004,6201846.7
177433281.0706,9999995.300000004,6201846.7
177433283.0706,9999995.300000004,6201846.7
177433285.0706,9999995.300000004,6201846.7
177433287.0706,9999995.300000004,6201846.7
177433289.0706,9999995.300000004,6201846.7
177433291.0706,9999995.300000004,6201846.7
177433293.0706,9999995.300000004,6201846.7
177433295.1706,9999995.300000004,6201846.7
177433297.0706,9999995.300000004,6201846.7
177433299.0706,9999995.300000004,6201846.7
177433301.0706,9999995.300000004,6201846.7
177433303.0706,9999995.300000004,6201846.7
177433305.0706,9999995.300000004,6201846.7
177433307.0706,9999995.300000004,6201846.7
177433309.0706,9999995.300000004,6201846.7
177433311.0706,9999995.300000004,6201846.7
177433313.0706,9999995.300000004,6201846.7
177433315.0706,9999995.300000004,6201846.7
177433317.0706,9999995.300000004,6201846.7
177433319.0706,9999995.300000004,6201846.7
177433321.0706,9999995.300000004,6201846.7
177433323.0706,9999995.300000004,6201846.7
177433325.0706,9999995.300000004,6201846.7
177433327.0706,9999995.300000004,6201846.7
177433329.0706,9999995.300000004,6201846.7
177433331.0706,9999995.300000004,6201846.7
177433333.0706,9999995.300000004,6201846.7
177433335.0706,9999995.300000004,6201846.7
177433337.0706,9999995.300000004,6201846.7
177433339.0706,9999995.300000004,6201846.7
177433341.0706,9999995.300000004,6201846.7
177433343.0706,9999995.300000004,6201846.7
177433345.0706,9999995.300000004,6201846.7
177433347.0706,9999995.300000004,6201846.7
177433349.0706,9999995.300000004,6201846.7
177433351.0706,9999995.300000004,6201846.7
177433353.0706,9999995.300000004,6201846.7
177433355.0706,9999995.300000004,6201846.7
177433357.0706,9999995.300000004,6201846.7
177433359.0706,9999995.300000004,6201846.7
177433361.0706,9999995.300000004,6201846.7
177433363.0706,9999995.300000004,6201846.7
177433365.0706,9999995.300000004,6201846.7
177433367.0706,9999995.300000004,6201846.7
177433369.0706,9999995.300000004,6201846.7
177433371.0706,9999995.300000004,6201846.7
177433373.0706,9999995.300000004,6201846.7
177433375.0706,9999995.300000004,6201846.7
177433377.0706,9999995.300000004,6201846.7
177433379.0706,9999995.300000004,6201846.7
177433381.0706,9999995.300000004,6201846.7
177433383.0706,9999995.300000004,6201846.7
177433385.0706,9999995.300000004,6201846.7
177433387.0706,9999995.300000004,6201846.7
177433389.0706,9999995.300000004,6201846.7
177433391.0706,9999995.300000004,6201846.7
177433393.0706,9999995.300000004,6201846.7
177433395.0706,9999995.300000004,6201846.7
177433397.0706,9999995.300000004,6201846.7
177433399.0706,9999995.300000004,6201846.8
177433401.0706,9999995.300000004,6201846.8
177433403.0706,9999995.300000004,6201846.8
177433405.0706,9999995.300000004,6201846.8
177433407.0706,9999995.300000004,6201846.8
177433409.0706,9999995.300000004,6201846.8
177433411.0706,9999995.300000004,6201846.8
177433413.0706,9999995.300000004,6201846.8
177433415.0706,9999995.300000004,6201846.8
177433417.0706,9999995.300000004,6201846.8
177433419.0706,9999995.300000004,6201846.8
177433421.0706,9999995.300000004,6201846.8
177433423.0706,9999995.300000004,6201846.8
177433425.0706,9999995.300000004,6201846.8
177433427.0706,9999995.300000004,6201846.8
177433429.0706,9999995.300000004,6201846.8
177433431.0706,9999995.300000004,6201846.8
177433433.0706,9999995.300000004,6201846.8
177433435.0706,9999995.300000004,6201846.8
177433437.0706,9999995.300000004,6201846.8
177433439.0706,9999995.300000004,6201846.8
177433441.0706,9999995.300000004,6201846.8
177433443.0706,9999995.300000004,6201846.8
177433445.0706,9999995.300000004,6201846.8
177433447.0706,9999995.300000004,6201846.8
177433449.0706,9999995.300000004,6201846.8
177433451.0706,9999995.300000004,6201846.8
177433453.0706,9999995.300000004,6201846.8
177433455.0706,9999995.300000004,6201846.8
177433457.0706,9999995.300000004,6201846.8
177433459.0706,9999995.300000004,6201846.8
177433461.0706,9999995.300000004,6201846.8
177433463.0706,9999995.300000004,6201846.8
177433465.0706,9999995.300000004,6201846.8
177433467.0706,9999995.300000004,6201846.8
177433469.0706,9999995.300000004,6201846.8
177433471.0706,9999995.300000004,6201846.8
177433473.0706,9999995.300000004,6201846.8
177433475.0706,9999995.300000004,6201846.8
177433477.0706,9999995.300000004,6201846.8
177433479.0706,9999995.300000004,6201846.8
177433481.0706,9999995.300000004,6201846.8
177433483.0706,9999995.300000004,6201846.8
177433485.0706,9999995.300000004,6201846.8
177433487.0706,9999995.300000004,6201846.8
177433489.0706,9999995.300000004,6201846.8
177433491.0706,9999995.300000004,6201846.8
177433493.0706,9999995.300000004,6201846.8
177433495.0706,9999995.300000004,6201846.8
177433497.0706,9999995.300000004,6201846.8
177433499.0706,9999995.300000004,6201846.8
177433501.0706,9999995.300000004,6201846.8
177433503.0706,9999995.300000004,6201846.8
177433505.0706,9999995.300000004,6201846.8
177433507.0706,9999995.300000004,6201846.8
177433509.0706,9999995.300000004,6201846.8
177433511.0706,9999995.300000004,6201846.8
177433513.0706,9999995.300000004,6201846.8
177433515.0706,9999995.300000004,6201846.8
177433517.0706,9999995.300000004,6201846.8
177433519.0706,9999995.300000004,6201846.8
177433521.0706,9999995.300000004,6201846.8
177433523.0706,9999995.300000004,6201846.8
177433525.0706,9999995.300000004,6201846.8
177433527.0706,9999995.300000004,6201846.8
177433529.0706,9999995.300000004,6201846.8
177433531.0706,9999995.300000004,6201846.8
177433533.0706,9999995.300000004,6201846.8
177433535.0706,9999995.300000004,6201846.8
177433537.0706,9999995.300000004,6201846.8
177433539.0706,9999995.300000004,6201846.8
177433541.0706,9999995.300000004,6201846.8
177433543.0706,9999995.300000004,6201846.8
177433545.0706,9999995.300000004,6201846.8
177433547.0706,9999995.300000004,6201846.8
177433549.0706,9999995.300000004,6201846.8
177433551.0706,9999995.300000004,6201846.8
177433553.0706,9999995.300000004,6201846.8
177433555.0706,9999995.300000004,6201846.8
177433557.0706,9999995.300000004,6201846.8
177433559.0706,9999995.300000004,6201846.8
177433561.0706,9999995.300000004,6201846.8
177433563.0706,9999995.300000004,6201846.8
177433565.0706,9999995.300000004,6201846.8
177433567.0706,9999995.300000004,6201846.8
177433569.0706,9999995.300000004,6201846.8
177433571.0706,9999995.300000004,6201846.8
177433573.0706,9999995.300000004,6201846.8
177433575.0706,9999995.300000004,6201846.8
177433577.0706,9999995.300000004,6201846.8
177433579.0706,9999995.300000004,6201846.8
177433581.0706,9999995.300000004,6201846.8
177433583.0706,9999995.300000004,6201846.8
177433585.0706,9999995.300000004,6201846.8
177433587.0706,9999995.300000004,6201846.8
177433589.0706,9999995.300000004,6201846.8
177433591.0706,9999995.300000004,6201846.8
177433593.0706,9999995.300000004,6201846.8
177433595.0706,9999995.300000004,6201846.8
177433597.0706,9999995.300000004,6201846.8
177433599.0706,9999995.300000004,6201846.8
177433601.0706,9999995.300000004,6201846.8
177433603.0706,9999995.300000004,6201846.8
177433605.0706,9999995.300000004,6201846.8
177433607.0706,9999995.300000004,6201846.8
177433609.0706,9999995.300000004,6201846.8
177433611.0706,9999995.300000004,6201846.8
177433613.0706,9999995.300000004,6201846.8
177433615.0706,9999995.300000004,6201846.8
177433617.0706,9999995.300000004,6201846.8
177433619.0706,9999995.300000004,6201846.8
177433621.0706,9999995.300000004,6201846.8
177433623.0706,9999995.300000004,6201846.8
177433625.0706,9999995.300000004,6201846.8
177433627.0706,9999995.300000004,6201846.8
177433629.0706,9999995.300000004,6201846.8
177433631.0706,9999995.300000004,6201846.8
177433633.0706,9999995.300000004,6201846.8
177433635.0706,9999995.300000004,6201846.8
177433637.0706,9999995.300000004,6201846.8
177433639.0706,9999995.300000004,6201846.8
177433641.0706,9999995.300000004,6201846.8
177433643.0706,9999995.300000004,6201846.8
177433645.0706,9999995.300000004,6201846.8
177433647.0706,9999995.300000004,6201846.8
177433649.0706,9999995.300000004,6201846.8
177433651.0706,9999995.300000004,6201846.8
177433653.0706,9999995.300000004,6201846.8
177433655.0706,9999995.300000004,6201846.8
177433657.0706,9999995.300000004,6201846.8
177433659.0706,9999995.300000004,6201846.8
177433661.0706,9999995.300000004,6201846.8
177433663.0706,9999995.300000004,6201846.8
177433665.0706,9999995.300000004,6201846.8
177433667.0706,9999995.300000004,6201846.8
177433669.0706,9999995.300000004,6201846.8
177433671.0706,9999995.300000004,6201846.8
177433673.0706,9999995.300000004,6201846.8
177433675.0706,9999995.300000004,6201846.8
177433677.0706,9999995.300000004,6201846.8
177433679.0706,9999995.300000004,6201846.8
177433681.0706,9999995.300000004,6201846.8
177433683.0706,9999995.300000004,6201846.8
177433685.0706,9999995.300000004,6201846.8
177433687.0706,9999995.300000004,6201846.8
177433689.0706,9999995.300000004,6201846.8
177433691.0706,9999995.300000004,6201846.8
177433693.0706,9999995.300000004,6201846.8
177433695.0706,9999995.300000004,6201846.8
177433697.0706,9999995.300000004,6201846.8
177433699.0706,9999995.300000004,6201846.8
177433701.0706,9999995.300000004,6201846.8
177433703.0706,9999995.300000004,6201846.8
177433705.0706,9999995.300000004,6201846.8
177433707.0706,9999995.300000004,6201846.8
177433709.0706,9999995.300000004,6201846.8
177433711.0706,9999995.300000004,6201846.8
177433713.0706,9999995.300000004,6201846.8
177433715.0706,9999995.300000004,6201846.8
177433717.0706,9999995.300000004,6201846.8
177433719.0706,9999995.300000004,6201846.8
177433721.0706,9999995.300000004,6201846.8
177433723.0706,9999995.300000004,6201846.8
177433725.0706,9999995.300000004,6201846.8
177433727.0706,9999995.300000004,6201846.8
177433729.0706,9999995.300000004,6201846.8
177433731.0706,9999995.300000004,6201846.8
177433733.0706,9999995.300000004,6201846.8
177433735.0706,9999995.300000004,6201846.8
177433737.0706,9999995.300000004,6201846.8
177433739.0706,9999995.300000004,6201846.8
177433741.0706,9999995.300000004,6201846.8
177433743.0706,9999995.300000004,6201846.8
177433745.0706,9999995.300000004,6201846.8
177433747.0706,9999995.300000004,6201846.8
177433749.0706,9999995.300000004,6201846.8
177433751.0706,9999995.300000004,6201846.8
177433753.0706,9999995.300000004,6201846.8
177433755.0706,9999995.300000004,6201846.8
177433757.0706,9999995.300000004,6201846.8
177433759.0706,9999995.300000004,6201846.8
177433761.0706,9999995.300000004,6201846.8
177433763.0706,9999995.300000004,6201846.8
177433765.0706,9999995.300000004,6201846.8
177433767.0706,9999995.300000004,6201846.8
177433769.0706,9999995.300000004,6201846.8
177433771.0706,9999995.300000004,6201846.8
177433773.0706,9999995.300000004,6201846.8
177433775.0706,9999995.300000004,6201846.8
177433777.0706,9999995.300000004,6201846.8
177433779.0706,9999995.300000004,6201846.8
177433781.0706,9999995.300000004,6201846.8
177433783.0706,9999995.300000004,6201846.8
177433785.0706,9999995.300000004,6201846.8
177433787.0706,9999995.300000004,6201846.8
177433789.0706,9999995.300000004,6201846.8
177433791.0706,9999995.300000004,6201846.8
177433793.0706,9999995.300000004,6201846.8
177433795.0706,9999995.300000004,6201846.8
177433797.0706,9999995.300000004,6201846.8
177433799.0706,9999995.300000004,6201846.8
177433801.0706,9999995.300000004,6201846.8
177433803.0706,9999995.300000004,6201846.8
177433805.0706,9999995.300000004,6201846.8
177433807.0706,9999995.300000004,6201846.8
177433809.0706,9999995.300000004,6201846.8
177433811.0706,9999995.300000004,6201846.8
177433813.0706,9999995.300000004,6201846.8
177433815.0706,9999995.300000004,6201846.8
177433817.0706,9999995.300000004,6201846.8
177433819.0706,9999995.300000004,6201846.8
177433821.0706,9999995.300000004,6201846.8
177433823.0706,9999995.300000004,6201846.8
177433825.0706,9999995.300000004,6201846.8
177433827.0706,9999995.300000004,6201846.8
177433829.0706,9999995.300000004,6201846.8
177433831.0706,9999995.300000004,6201846.8
177433833.0706,9999995.300000004,6201846.8
177433835.0706,9999995.300000004,6201846.8
177433837.0706,9999995.300000004,6201846.8
177433839.0706,9999995.300000004,6201846.8
177433841.0706,9999995.300000004,6201846.8
177433843.0706,9999995.300000004,6201846.8
177433845.0706,9999995.300000004,6201846.8
177433847.0706,9999995.300000004,6201846.8
177433849.0706,9999995.300000004,6201846.8
177433851.0706,9999995.300000004,6201846.8
177433853.0706,9999995.300000004,6201846.8
177433855.0706,9999995.300000004,6201846.8
177433857.0706,9999995.300000004,6201846.8
177433859.0706,9999995.300000004,6201846.8
177433861.0706,9999995.300000004,6201846.8
177433863.0706,9999995.300000004,6201846.8
177433865.0706,9999995.300000004,6201846.8
177433867.0706,9999995.300000004,6201846.8
177433869.0706,9999995.300000004,6201846.8
177433871.0706,9999995.300000004,6201846.8
177433873.0706,9999995.300000004,6201846.8
177433875.0706,9999995.300000004,6201846.8
177433877.0706,9999995.300000004,6201846.8
177433879.0706,9999995.300000004,6201846.8
177433881.0706,9999995.300000004,6201846.8
177433883.0706,9999995.300000004,6201846.8
177433885.0706,9999995.300000004,6201846.8
177433887.0706,9999995.300000004,6201846.8
177433889.0706,9999995.300000004,6201846.8
177433891.0706,9999995.300000004,6201846.8
177433893.0706,9999995.400000004,6201846.8
177433895.0706,9999995.400000004,6201846.8
177433897.0706,9999995.400000004,6201846.8
177433899.0706,9999995.400000004,6201846.8
177433901.0706,9999995.400000004,6201846.8
177433903.0706,9999995.400000004,6201846.8
177433905.0706,9999995.400000004,6201846.8
177433907.0706,9999995.400000004,6201846.8
177433909.0706,9999995.400000004,6201846.8
177433911.0706,9999995.400000004,6201846.8
177433913.0706,9999995.400000004,6201846.8
177433915.0706,9999995.400000004,6201846.8
177433917.0706,9999995.400000004,6201846.8
177433919.0706,9999995.400000004,6201846.8
177433921.0706,9999995.400000004,6201846.8
177433923.0706,9999995.400000004,6201846.8
177433925.0706,9999995.400000004,6201846.8
177433927.0706,9999995.400000004,6201846.8
177433929.0706,9999995.400000004,6201846.8
177433931.0706,9999995.400000004,6201846.8
177433933.0706,9999995.400000004,6201846.8
177433935.0706,9999995.400000004,6201846.8
177433937.0706,9999995.400000004,6201846.8
177433939.0706,9999995.400000004,6201846.8
177433941.0706,9999995.400000004,6201846.8
177433943.0706,9999995.400000004,6201846.8
177433945.0706,9999995.400000004,6201846.8
177433947.0706,9999995.400000004,6201846.8
177433949.0706,9999995.400000004,6201846.8
177433951.0706,9999995.400000004,6201846.8
177433953.0706,9999995.400000004,6201846.8
177433955.0706,9999995.400000004,6201846.8
177433957.0706,9999995.400000004,6201846.8
177433959.0706,9999995.400000004,6201846.8
177433961.0706,9999995.400000004,6201846.8
177433963.0706,9999995.400000004,6201846.8
177433965.0706,9999995.400000004,6201846.8
177433967.0706,9999995.400000004,6201846.8
177433969.0706,9999995.400000004,6201846.8
177433971.0706,9999995.400000004,6201846.8
177433973.0706,9999995.400000004,6201846.8
177433975.0706,9999995.400000004,6201846.8
177433977.0706,9999995.400000004,6201846.8
177433979.0706,9999995.400000004,6201846.8
177433981.0706,9999995.400000004,6201846.8
177433983.0706,9999995.400000004,6201846.8
177433985.0706,9999995.400000004,6201846.8
177433987.0706,9999995.400000004,6201846.8
177433989.0706,9999995.400000004,6201846.8
177433991.0706,9999995.400000004,6201846.8
177433993.0706,9999995.400000004,6201846.8
177433995.0706,9999995.400000004,6201846.8
177433997.0706,9999995.400000004,6201846.8
177433999.0706,9999995.400000004,6201846.8
177434001.0706,9999995.400000004,6201846.8
177434003.0706,9999995.400000004,6201846.8
177434005.0706,9999995.400000004,6201846.8
177434007.0706,9999995.400000004,6201846.8
177434009.0706,9999995.400000004,6201846.8
177434011.0706,9999995.400000004,6201846.8
177434013.0706,9999995.400000004,6201846.8
177434015.0706,9999995.400000004,6201846.8
177434017.0706,9999995.400000004,6201846.8
177434019.0706,9999995.400000004,6201846.8
177434021.0706,9999995.400000004,6201846.8
177434023.0706,9999995.400000004,6201846.8
177434025.0706,9999995.400000004,6201846.8
177434027.0706,9999995.400000004,6201846.8
177434029.0706,9999995.400000004,6201846.8
177434031.0706,9999995.400000004,6201846.8
177434033.0706,9999995.400000004,6201846.8
177434035.0706,9999995.400000004,6201846.8
177434037.0706,9999995.400000004,6201846.8
177434039.0706,9999995.400000004,6201846.8
177434041.0706,9999995.400000004,6201846.8
177434043.0706,9999995.400000004,6201846.8
177434045.0706,9999995.400000004,6201846.8
177434047.0706,9999995.400000004,6201846.8
177434049.0706,9999995.400000004,6201846.8
177434051.0706,9999995.400000004,6201846.8
177434053.0706,9999995.400000004,6201846.8
177434055.0706,9999995.400000004,6201846.8
177434057.0706,9999995.400000004,6201846.8
177434059.0706,9999995.400000004,6201846.8
177434061.0706,9999995.400000004,6201846.8
177434063.0706,9999995.400000004,6201846.8
177434065.0706,9999995.400000004,6201846.8
177434067.0706,9999995.400000004,6201846.8
177434069.0706,9999995.400000004,6201846.8
177434071.0706,9999995.400000004,6201846.8
177434073.0706,9999995.400000004,6201846.8
177434075.0706,9999995.400000004,6201846.8
177434077.0706,9999995.400000004,6201846.8
177434079.0706,9999995.400000004,6201846.8
177434081.0706,9999995.400000004,6201846.8
177434083.0706,9999995.400000004,6201846.8
177434085.0706,9999995.400000004,6201846.8
177434087.0706,9999995.400000004,6201846.8
177434089.0706,9999995.400000004,6201846.8
177434091.0706,9999995.400000004,6201846.8
177434093.0706,9999995.400000004,6201846.8
177434095.0706,9999995.400000004,6201846.8
177434097.0706,9999995.400000004,6201846.8
177434099.0706,9999995.400000004,6201846.8
177434101.0706,9999995.400000004,6201846.8
177434103.0706,9999995.400000004,6201846.8
177434105.0706,9999995.400000004,6201846.8
177434107.0706,9999995.400000004,6201846.8
177434109.0706,9999995.400000004,6201846.8
177434111.0706,9999995.400000004,6201846.8
177434113.0706,9999995.400000004,6201846.8
177434115.0706,9999995.400000004,6201846.8
177434117.0706,9999995.400000004,6201846.8
177434119.0706,9999995.400000004,6201846.8
177434121.0706,9999995.400000004,6201846.8
177434123.0706,9999995.400000004,6201846.8
177434125.0706,9999995.400000004,6201846.8
177434127.0706,9999995.400000004,6201846.8
177434129.0706,9999995.400000004,6201846.8
177434131.0706,9999995.400000004,6201846.8
177434133.0706,9999995.400000004,6201846.8
177434135.0706,9999995.400000004,6201846.8
177434137.0706,9999995.400000004,6201846.8
177434139.0706,9999995.400000004,6201846.8
177434141.0706,9999995.400000004,6201846.8
177434143.0706,9999995.400000004,6201846.8
177434145.0706,9999995.400000004,6201846.8
177434147.0706,9999995.400000004,6201846.8
177434149.0706,9999995.400000004,6201846.8
177434151.0706,9999995.400000004,6201846.8
177434153.0706,9999995.400000004,6201846.8
177434155.0706,9999995.400000004,6201846.8
177434157.0706,9999995.400000004,6201846.8
177434159.0706,9999995.400000004,6201846.8
177434161.0706,9999995.400000004,6201846.8
177434163.0706,9999995.400000004,6201846.8
177434165.0706,9999995.400000004,6201846.8
177434167.0706,9999995.400000004,6201846.8
177434169.0706,9999995.400000004,6201846.8
177434171.0706,9999995.400000004,6201846.8
177434173.0706,9999995.400000004,6201846.8
177434175.0706,9999995.400000004,6201846.8
177434177.0706,9999995.400000004,6201846.8
177434179.0706,9999995.400000004,6201846.8
177434181.0706,9999995.400000004,6201846.8
177434183.0706,9999995.400000004,6201846.8
177434185.0706,9999995.400000004,6201846.8
177434187.0706,9999995.400000004,6201846.8
177434189.0706,9999995.400000004,6201846.8
177434191.0706,9999995.400000004,6201846.8
177434193.0706,9999995.400000004,6201846.8
177434195.0706,9999995.400000004,6201846.8
177434197.0706,9999995.400000004,6201846.8
177434199.0706,9999995.400000004,6201846.8
177434201.0706,9999995.400000004,6201846.8
177434203.0706,9999995.400000004,6201846.8
177434205.0706,9999995.400000004,6201846.8
177434207.0706,9999995.400000004,6201846.8
177434209.0706,9999995.400000004,6201846.8
177434211.0706,9999995.400000004,6201846.8
177434213.0706,9999995.400000004,6201846.8
177434215.0706,9999995.400000004,6201846.8
177434217.0706,9999995.400000004,6201846.8
177434219.0706,9999995.400000004,6201846.8
177434221.0706,9999995.400000004,6201846.8
177434223.0706,9999995.400000004,6201846.8
177434225.0706,9999995.400000004,6201846.8
177434227.0706,9999995.400000004,6201846.8
177434229.0706,9999995.400000004,6201846.8
177434231.0706,9999995.400000004,6201846.8
177434233.0706,9999995.400000004,6201846.8
177434235.0706,9999995.400000004,6201846.8
177434237.0706,9999995.400000004,6201846.8
177434239.0706,9999995.400000004,6201846.8
177434241.0706,9999995.400000004,6201846.8
177434243.0706,9999995.400000004,6201846.8
177434245.0706,9999995.400000004,6201846.8
177434247.0706,9999995.400000004,6201846.8
177434249.0706,9999995.400000004,6201846.8
177434251.0706,9999995.400000004,6201846.8
177434253.0706,9999995.400000004,6201846.8
177434255.0706,9999995.400000004,6201846.8
177434257.0706,9999995.400000004,6201846.8
177434259.0706,9999995.400000004,6201846.8
177434261.0706,9999995.400000004,6201846.8
177434263.0706,9999995.400000004,6201846.8
177434265.0706,9999995.400000004,6201846.8
177434267.0706,9999995.400000004,6201846.8
177434269.0706,9999995.400000004,6201846.8
177434271.0706,9999995.400000004,6201846.8
177434273.0706,9999995.400000004,6201846.8
177434275.0706,9999995.400000004,6201846.8
177434277.0706,9999995.400000004,6201846.8
177434279.0706,9999995.400000004,6201846.8
177434281.0706,9999995.400000004,6201846.8
177434283.0706,9999995.400000004,6201846.8
177434285.0706,9999995.400000004,6201846.8
177434287.0706,9999995.400000004,6201846.8
177434289.0706,9999995.400000004,6201846.8
177434291.0706,9999995.400000004,6201846.8
177434293.0706,9999995.400000004,6201846.8
177434295.0706,9999995.400000004,6201846.8
177434297.0706,9999995.400000004,6201846.8
177434299.0706,9999995.400000004,6201846.8
177434301.0706,9999995.400000004,6201846.8
177434303.0706,9999995.400000004,6201846.8
177434305.0706,9999995.400000004,6201846.8
177434307.0706,9999995.400000004,6201846.8
177434309.0706,9999995.400000004,6201846.8
177434311.0706,9999995.400000004,6201846.8
177434313.0706,9999995.400000004,6201846.8
177434315.0706,9999995.400000004,6201846.8
177434317.0706,9999995.400000004,6201846.8
177434319.0706,9999995.400000004,6201846.8
177434321.0706,9999995.400000004,6201846.8
177434323.0706,9999995.400000004,6201846.8
177434325.0706,9999995.400000004,6201846.8
177434327.0706,9999995.400000004,6201846.8
177434329.0706,9999995.400000004,6201846.8
177434331.0706,9999995.400000004,6201846.8
177434333.0706,9999995.400000004,6201846.8
177434335.0706,9999995.400000004,6201846.8
177434337.0706,9999995.400000004,6201846.8
177434339.0706,9999995.400000004,6201846.8
177434341.0706,9999995.400000004,6201846.8
177434343.0706,9999995.400000004,6201846.8
177434345.0706,9999995.400000004,6201846.8
177434347.0706,9999995.400000004,6201846.8
177434349.0706,9999995.400000004,6201846.8
177434351.0706,9999995.400000004,6201846.8
177434353.0706,9999995.400000004,6201846.8
177434355.0706,9999995.400000004,6201846.8
177434357.0706,9999995.400000004,6201846.8
177434359.0706,9999995.400000004,6201846.8
177434361.0706,9999995.400000004,6201846.8
177434363.0706,9999995.400000004,6201846.8
177434365.0706,9999995.400000004,6201846.8
177434367.0706,9999995.400000004,6201846.8
177434369.0706,9999995.400000004,6201846.8
177434371.0706,9999995.400000004,6201846.8
177434373.0706,9999995.400000004,6201846.8
177434375.0706,9999995.400000004,6201846.8
177434377.0706,9999995.400000004,6201846.8
177434379.0706,9999995.400000004,6201846.8
177434381.0706,9999995.400000004,6201846.8
177434383.0706,9999995.400000004,6201846.8
177434385.0706,9999995.400000004,6201846.8
177434387.0706,9999995.400000004,6201846.8
177434389.0706,9999995.400000004,6201846.8
177434391.0706,9999995.400000004,6201846.8
177434393.0706,9999995.400000004,6201846.8
177434395.0706,9999995.400000004,6201846.8
177434397.0706,9999995.400000004,6201846.8
177434399.0706,9999995.400000004,6201846.8
177434401.0706,9999995.400000004,6201846.8
177434403.0706,9999995.400000004,6201846.8
177434405.0706,9999995.400000004,6201846.8
177434407.0706,9999995.400000004,6201846.8
177434409.0706,9999995.400000004,6201846.8
177434411.0706,9999995.400000004,6201846.8
177434413.0706,9999995.400000004,6201846.8
177434415.0706,9999995.400000004,6201846.8
177434417.0706,9999995.400000004,6201846.8
177434419.0706,9999995.400000004,6201846.8
177434421.0706,9999995.400000004,6201846.8
177434423.0706,9999995.400000004,6201846.8
177434425.0706,9999995.400000004,6201846.8
177434427.0706,9999995.400000004,6201846.8
177434429.0706,9999995.400000004,6201846.8
177434431.0706,9999995.400000004,6201846.8
177434433.0706,9999995.400000004,6201846.8
177434435.0706,9999995.400000004,6201846.8
177434437.0706,9999995.400000004,6201846.8
177434439.0706,9999995.400000004,6201846.8
177434441.0706,9999995.400000004,6201846.8
177434443.0706,9999995.400000004,6201846.8
177434445.0706,9999995.400000004,6201846.8
177434447.0706,9999995.400000004,6201846.8
177434449.0706,9999995.400000004,6201846.8
177434451.0706,9999995.400000004,6201846.8
177434453.0706,9999995.400000004,6201846.8
177434455.0706,9999995.400000004,6201846.8
177434457.0706,9999995.400000004,6201846.8
177434459.0706,9999995.400000004,6201846.8
177434461.0706,9999995.400000004,6201846.8
177434463.0706,9999995.400000004,6201846.8
177434465.0706,9999995.400000004,6201846.8
177434467.0706,9999995.400000004,6201846.8
177434469.0706,9999995.400000004,6201846.8
177434471.0706,9999995.400000004,6201846.8
177434473.0706,9999995.400000004,6201846.8
177434475.0706,9999995.400000004,6201846.8
177434477.0706,9999995.400000004,6201846.8
177434479.0706,9999995.400000004,6201846.8
177434481.0706,9999995.400000004,6201846.8
177434483.0706,9999995.400000004,6201846.8
177434485.0706,9999995.400000004,6201846.8
177434487.0706,9999995.400000004,6201846.8
177434489.0706,9999995.400000004,6201846.8
177434491.0706,9999995.400000004,6201846.8
177434493.0706,9999995.400000004,6201846.8
177434495.0706,9999995.400000004,6201846.8
177434497.0706,9999995.400000004,6201846.8
177434499.0706,9999995.400000004,6201846.8
177434501.0706,9999995.400000004,6201846.8
177434503.0706,9999995.400000004,6201846.8
177434505.0706,9999995.400000004,6201846.8
177434507.0706,9999995.400000004,6201846.8
177434509.0706,9999995.400000004,6201846.8
177434511.0706,9999995.400000004,6201846.8
177434513.0706,9999995.400000004,6201846.8
177434515.0706,9999995.400000004,6201846.8
177434517.0706,9999995.400000004,6201846.8
177434519.0706,9999995.400000004,6201846.8
177434521.0706,9999995.400000004,6201846.8
177434523.0706,9999995.400000004,6201846.8
177434525.0706,9999995.400000004,6201846.8
177434527.0706,9999995.400000004,6201846.8
177434529.0706,9999995.400000004,6201846.8
177434531.0706,9999995.400000004,6201846.8
177434533.0706,9999995.400000004,6201846.8
177434535.0706,9999995.400000004,6201846.8
177434537.0706,9999995.400000004,6201846.8
177434539.0706,9999995.400000004,6201846.8
177434541.0706,9999996.200000005,6201846.8
177434543.0706,9999996.200000005,6201846.8
177434545.0706,9999996.100000005,6201846.8
177434547.0706,9999996.100000005,6201846.8
177434549.0706,9999996.100000005,6201846.8
177434551.0706,9999996.100000005,6201846.8
177434553.0706,9999996.100000005,6201846.8
177434555.0706,9999996.100000005,6201846.8
177434557.0706,9999996.100000005,6201846.8
177434559.0706,9999996.100000005,6201846.8
177434561.0706,9999996.100000005,6201846.8
177434563.0706,9999996.100000005,6201846.8
177434565.0706,9999996.100000005,6201846.8
177434567.0706,9999996.100000005,6201846.8
177434569.0706,9999996.100000005,6201846.8
177434571.0706,9999996.100000005,6201846.8
177434573.0706,9999996.100000005,6201846.8
177434575.0706,9999996.100000005,6201846.8
177434577.0706,9999996.100000005,6201846.8
177434579.0706,9999996.100000005,6201846.8
177434581.0706,9999996.100000005,6201846.8
177434583.0706,9999996.100000005,6201846.8
177434585.0706,9999996.100000005,6201846.8
177434587.0706,9999996.100000005,6201846.8
177434589.0706,9999996.100000005,6201846.8
177434591.0706,9999996.100000005,6201846.8
177434593.0706,9999996.100000005,6201846.8
177434595.0706,9999996.100000005,6201846.8
177434597.0706,9999996.100000005,6201846.8
177434599.0706,9999996.100000005,6201846.8
177434601.0706,9999996.100000005,6201846.8
177434603.0706,9999996.100000005,6201846.8
177434605.0706,9999996.100000005,6201846.8
177434607.0706,9999996.100000005,6201846.8
177434609.0706,9999996.100000005,6201846.8
177434611.0706,9999996.100000005,6201846.8
177434613.0706,9999996.100000005,6201846.8
177434615.0706,9999996.100000005,6201846.8
177434617.0706,9999996.100000005,6201846.8
177434619.0706,9999996.100000005,6201846.8
177434621.0706,9999996.100000005,6201846.8
177434623.0706,9999996.100000005,6201846.8
177434625.0706,9999996.100000005,6201846.8
177434627.0706,9999996.100000005,6201846.8
177434629.0706,9999996.100000005,6201846.8
177434631.0706,9999996.100000005,6201846.8
177434633.0706,9999996.100000005,6201846.8
177434635.0706,9999996.100000005,6201846.8
177434637.0706,9999996.100000005,6201846.8
177434639.0706,9999996.100000005,6201846.8
177434641.0706,9999996.100000005,6201846.8
177434643.0706,9999996.100000005,6201846.8
177434645.0706,9999996.100000005,6201846.8
177434647.0706,9999996.100000005,6201846.8
177434649.0706,9999996.100000005,6201846.8
177434651.0706,9999996.100000005,6201846.8
177434653.0706,9999996.100000005,6201846.8
177434655.0706,9999996.100000005,6201846.8
177434657.0706,9999996.100000005,6201846.8
177434659.0706,9999996.100000005,6201846.8
177434661.0706,9999996.100000005,6201846.8
177434663.0706,9999996.100000005,6201846.8
177434665.0706,9999996.100000005,6201846.8
177434667.0706,9999996.100000005,6201846.8
177434669.0706,9999996.100000005,6201846.8
177434671.0706,9999996.100000005,6201846.8
177434673.0706,9999996.100000005,6201846.8
177434675.0706,9999996.100000005,6201846.8
177434677.0706,9999996.100000005,6201846.8
177434679.0706,9999996.100000005,6201846.8
177434681.0706,9999996.100000005,6201846.8
177434683.0706,9999996.100000005,6201846.8
177434685.0706,9999996.100000005,6201846.8
177434687.0706,9999996.100000005,6201846.8
177434689.0706,9999996.100000005,6201846.8
177434691.0706,9999996.100000005,6201846.8
177434693.0706,9999996.100000005,6201846.8
177434695.0706,9999996.100000005,6201846.8
177434697.0706,9999996.100000005,6201846.8
177434699.0706,9999996.100000005,6201846.8
177434701.0706,9999996.100000005,6201846.8
177434703.0706,9999996.100000005,6201846.8
177434705.0706,9999996.100000005,6201846.8
177434707.0706,9999996.100000005,6201846.8
177434709.0706,9999996.100000005,6201846.8
177434711.0706,9999996.100000005,6201846.8
177434713.0706,9999996.100000005,6201846.8
177434715.0706,9999996.100000005,6201846.8
177434717.0706,9999996.100000005,6201846.8
177434719.0706,9999996.100000005,6201846.8
177434721.0706,9999996.100000005,6201846.8
177434723.0706,9999996.100000005,6201846.8
177434725.0706,9999996.100000005,6201846.8
177434727.0706,9999996.100000005,6201846.8
177434729.0706,9999996.100000005,6201846.8
177434731.0706,9999996.100000005,6201846.8
177434733.0706,9999996.100000005,6201846.8
177434735.0706,9999996.100000005,6201846.8
177434737.0706,9999996.100000005,6201846.8
177434739.0706,9999996.100000005,6201846.8
177434741.0706,9999996.100000005,6201846.8
177434743.0706,9999996.100000005,6201846.8
177434745.0706,9999996.100000005,6201846.8
177434747.0706,9999996.100000005,6201846.8
177434749.0706,9999996.100000005,6201846.8
177434751.0706,9999996.100000005,6201846.8
177434753.0706,9999996.100000005,6201846.8
177434755.0706,9999996.100000005,6201846.8
177434757.0706,9999996.100000005,6201846.8
177434759.0706,9999996.100000005,6201846.8
177434761.0706,9999996.100000005,6201846.8
177434763.0706,9999996.100000005,6201846.8
177434765.0706,9999996.100000005,6201846.8
177434767.0706,9999996.100000005,6201846.8
177434769.0706,9999996.100000005,6201846.8
177434771.0706,9999996.100000005,6201846.8
177434773.0706,9999996.100000005,6201846.8
177434775.0706,9999996.100000005,6201846.8
177434777.0706,9999996.100000005,6201846.8
177434779.0706,9999996.100000005,6201846.8
177434781.0706,9999996.100000005,6201846.8
177434783.0706,9999996.100000005,6201846.8
177434785.0706,9999996.100000005,6201846.8
177434787.0706,9999996.100000005,6201846.8
177434789.0706,9999996.100000005,6201846.8
177434791.0706,9999996.100000005,6201846.8
177434793.0706,9999996.100000005,6201846.8
177434795.0706,9999996.100000005,6201846.8
177434797.0706,9999996.100000005,6201846.8
177434799.0706,9999996.100000005,6201846.8
177434801.0706,9999996.100000005,6201846.8
177434803.0706,9999996.100000005,6201846.8
177434805.0706,9999996.100000005,6201846.8
177434807.0706,9999996.100000005,6201846.8
177434809.0706,9999996.100000005,6201846.8
177434811.0706,9999996.100000005,6201846.8
177434813.0706,9999996.100000005,6201846.8
177434815.0706,9999996.100000005,6201846.8
177434817.0706,9999996.100000005,6201846.8
177434819.0706,9999996.100000005,6201846.8
177434821.0706,9999996.100000005,6201846.8
177434823.0706,9999996.100000005,6201846.8
177434825.0706,9999996.100000005,6201846.8
177434827.0706,9999996.100000005,6201846.8
177434829.0706,9999996.100000005,6201846.8
177434831.0706,9999996.100000005,6201846.8
177434833.0706,9999996.100000005,6201846.8
177434835.0706,9999996.100000005,6201846.8
177434837.0706,9999996.100000005,6201846.8
177434839.0706,9999996.100000005,6201846.8
177434841.0706,9999996.100000005,6201846.8
177434843.0706,9999996.100000005,6201846.8
177434845.0706,9999996.100000005,6201846.8
177434847.0706,9999996.100000005,6201846.8
177434849.0706,9999996.100000005,6201846.8
177434851.0706,9999996.100000005,6201846.8
177434853.0706,9999996.100000005,6201846.8
177434855.0706,9999996.100000005,6201846.8
177434857.0706,9999996.100000005,6201846.8
177434859.0706,9999996.100000005,6201846.8
177434861.0706,9999996.100000005,6201846.8
177434863.0706,9999996.100000005,6201846.8
177434865.0706,9999996.100000005,6201846.8
177434867.0706,9999996.100000005,6201846.8
177434869.0706,9999996.100000005,6201846.8
177434871.0706,9999996.100000005,6201846.8
177434873.0706,9999996.100000005,6201846.8
177434875.0706,9999996.100000005,6201846.8
177434877.0706,9999996.100000005,6201846.8
177434879.0706,9999996.100000005,6201846.8
177434881.0706,9999996.100000005,6201846.8
177434883.0706,9999996.100000005,6201846.8
177434885.0706,9999996.100000005,6201846.8
177434887.0706,9999996.100000005,6201846.8
177434889.0706,9999996.100000005,6201846.8
177434891.0706,9999996.100000005,6201846.8
177434893.0706,9999996.100000005,6201846.8
177434895.0706,9999996.100000005,6201846.8
177434897.0706,9999996.100000005,6201846.8
177434899.0706,9999996.100000005,6201846.8
177434901.0706,9999996.100000005,6201846.8
177434903.0706,9999996.100000005,6201846.8
177434905.0706,9999996.100000005,6201846.8
177434907.0706,9999996.100000005,6201846.8
177434909.0706,9999996.100000005,6201846.8
177434911.0706,9999996.100000005,6201846.8
177434913.0706,9999996.100000005,6201846.8
177434915.0706,9999996.100000005,6201846.8
177434917.0706,9999996.100000005,6201846.8
177434919.0706,9999996.100000005,6201846.8
177434921.0706,9999996.100000005,6201846.8
177434923.0706,9999996.100000005,6201846.8
177434925.0706,9999996.100000005,6201846.8
177434927.0706,9999996.100000005,6201846.8
177434929.0706,9999996.100000005,6201846.8
177434931.0706,9999996.100000005,6201846.8
177434933.0706,9999996.100000005,6201846.8
177434935.0706,9999996.100000005,6201846.8
177434937.0706,9999996.100000005,6201846.8
177434939.0706,9999996.100000005,6201846.8
177434941.0706,9999996.100000005,6201846.8
177434943.0706,9999996.100000005,6201846.8
177434945.0706,9999996.100000005,6201846.8
177434947.0706,9999996.100000005,6201846.8
177434949.0706,9999996.100000005,6201846.8
177434951.0706,9999996.100000005,6201846.8
177434953.0706,9999996.100000005,6201846.8
177434955.0706,9999996.100000005,6201846.8
177434957.0706,9999996.100000005,6201846.8
177434959.0706,9999996.100000005,6201846.8
177434961.0706,9999996.100000005,6201846.8
177434963.0706,9999996.100000005,6201846.8
177434965.0706,9999996.100000005,6201846.8
177434967.0706,9999996.100000005,6201846.8
177434969.0706,9999996.100000005,6201846.8
177434971.0706,9999996.100000005,6201846.8
177434973.0706,9999996.100000005,6201846.8
177434975.0706,9999996.100000005,6201846.8
177434977.0706,9999996.100000005,6201846.8
177434979.0706,9999996.100000005,6201846.8
177434981.0706,9999996.100000005,6201846.8
177434983.0706,9999996.100000005,6201846.8
177434985.0706,9999996.100000005,6201846.8
177434987.0706,9999996.100000005,6201846.8
177434989.0706,9999996.100000005,6201846.8
177434991.0706,9999996.100000005,6201846.8
177434993.0706,9999996.100000005,6201846.8
177434995.0706,9999996.100000005,6201846.8
177434997.0706,9999996.100000005,6201846.8
177434999.0706,9999996.100000005,6201846.8
177435001.0706,9999996.100000005,6201846.8
177435003.0706,9999996.100000005,6201846.8
177435005.0706,9999996.100000005,6201846.8
177435007.0706,9999996.100000005,6201846.8
177435009.0706,9999996.100000005,6201846.8
177435011.0706,9999996.100000005,6201846.8
177435013.0706,9999996.100000005,6201846.8
177435015.0706,9999996.100000005,6201846.8
177435017.0706,9999996.100000005,6201846.8
177435019.0706,9999996.100000005,6201846.8
177435021.0706,9999996.100000005,6201846.8
177435023.0706,9999996.100000005,6201846.8
177435025.0706,9999996.100000005,6201846.8
177435027.0706,9999996.100000005,6201846.8
177435029.0706,9999996.100000005,6201846.8
177435031.0706,9999996.100000005,6201846.8
177435033.0706,9999996.100000005,6201846.8
177435035.0706,9999996.100000005,6201846.8
177435037.0706,9999996.100000005,6201846.8
177435039.0706,9999996.100000005,6201846.8
177435041.0706,9999996.100000005,6201846.8
177435043.0706,9999996.100000005,6201846.8
177435045.0706,9999996.100000005,6201846.8
177435047.0706,9999996.100000005,6201846.8
177435049.0706,9999996.100000005,6201846.8
177435051.0706,9999996.100000005,6201846.8
177435053.0706,9999996.100000005,6201846.8
177435055.0706,9999996.100000005,6201846.8
177435057.0706,9999996.100000005,6201846.8
177435059.0706,9999996.100000005,6201846.8
177435061.0706,9999996.100000005,6201846.8
177435063.0706,9999996.100000005,6201846.8
177435065.0706,9999996.100000005,6201846.8
177435067.0706,9999996.100000005,6201846.8
177435069.0706,9999996.100000005,6201846.8
177435071.0706,9999996.100000005,6201846.8
177435073.0706,9999996.100000005,6201846.8
177435075.0706,9999996.100000005,6201846.8
177435077.0706,9999996.100000005,6201846.8
177435079.0706,9999996.100000005,6201846.8
177435081.0706,9999996.100000005,6201846.8
177435083.0706,9999996.100000005,6201846.8
177435085.0706,9999996.100000005,6201846.8
177435087.0706,9999996.100000005,6201846.8
177435089.0706,9999996.100000005,6201846.8
177435091.0706,9999996.100000005,6201846.8
177435093.0706,9999996.100000005,6201846.8
177435095.0706,9999996.100000005,6201846.8
177435097.0706,9999996.100000005,6201846.8
177435099.0706,9999996.100000005,6201846.8
177435101.0706,9999996.100000005,6201846.8
177435103.0706,9999996.100000005,6201846.8
177435105.0706,9999996.100000005,6201846.8
177435107.0706,9999996.100000005,6201846.8
177435109.0706,9999996.100000005,6201846.8
177435111.0706,9999996.100000005,6201846.8
177435113.0706,9999996.100000005,6201846.8
177435115.0706,9999996.100000005,6201846.8
177435117.0706,9999996.100000005,6201846.8
177435119.0706,9999996.100000005,6201846.8
177435121.0706,9999996.100000005,6201846.8
177435123.0706,9999996.100000005,6201846.8
177435125.0706,9999996.100000005,6201846.8
177435127.0706,9999996.100000005,6201846.8
177435129.0706,9999996.100000005,6201846.8
177435131.0706,9999996.100000005,6201846.8
177435133.0706,9999996.100000005,6201846.8
177435135.0706,9999996.100000005,6201846.8
177435137.0706,9999996.100000005,6201846.8
177435139.0706,9999996.100000005,6201846.8
177435141.0706,9999996.100000005,6201846.8
177435143.0706,9999996.100000005,6201846.8
177435145.0706,9999996.100000005,6201846.8
177435147.0706,9999996.100000005,6201846.8
177435149.0706,9999996.100000005,6201846.8
177435151.0706,9999996.100000005,6201846.8
177435153.0706,9999996.100000005,6201846.8
177435155.0706,9999996.100000005,6201846.8
177435157.0706,9999996.100000005,6201846.8
177435159.0706,9999996.100000005,6201846.8
177435161.0706,9999996.100000005,6201846.8
177435163.0706,9999996.100000005,6201846.8
177435165.0706,9999996.100000005,6201846.8
177435167.0706,9999996.100000005,6201846.8
177435169.0706,9999996.100000005,6201846.8
177435171.0706,9999996.100000005,6201846.8
177435173.0706,9999996.100000005,6201846.8
177435175.0706,9999996.100000005,6201846.8
177435177.0706,9999996.100000005,6201846.8
177435179.0706,9999996.100000005,6201846.8
177435181.0706,9999996.100000005,6201846.8
177435183.0706,9999996.100000005,6201846.8
177435185.0706,9999996.100000005,6201846.8
177435187.0706,9999996.100000005,6201846.8
177435189.0706,9999996.100000005,6201846.8
177435191.0706,9999996.100000005,6201846.8
177435193.0706,9999996.100000005,6201846.8
177435195.0706,9999996.100000005,6201846.8
177435197.0706,9999996.100000005,6201846.8
177435199.0706,9999996.100000005,6201846.8
177435201.0706,9999996.100000005,6201846.8
177435203.0706,9999996.100000005,6201846.8
177435205.0706,9999996.100000005,6201846.8
177435207.0706,9999996.100000005,6201846.8
177435209.0706,9999996.100000005,6201846.8
177435211.0706,9999996.100000005,6201846.8
177435213.0706,9999996.100000005,6201846.8
177435215.0706,9999996.100000005,6201846.8
177435217.0706,9999996.100000005,6201846.8
177435219.0706,9999996.100000005,6201846.8
177435221.0706,9999996.100000005,6201846.8
177435223.0706,9999996.100000005,6201846.8
177435225.0706,9999996.100000005,6201846.8
177435227.0706,9999996.100000005,6201846.8
177435229.0706,9999996.100000005,6201846.8
177435231.0706,9999996.100000005,6201846.8
177435233.0706,9999996.100000005,6201846.8
177435235.0706,9999996.100000005,6201846.8
177435237.0706,9999996.100000005,6201846.8
177435239.0706,9999996.100000005,6201846.8
177435241.0706,9999996.100000005,6201846.8
177435243.0706,9999996.100000005,6201846.8
177435245.0706,9999996.100000005,6201846.8
177435247.0706,9999996.100000005,6201846.8
177435249.0706,9999996.100000005,6201846.8
177435251.0706,9999996.100000005,6201846.8
177435253.0706,9999996.100000005,6201846.8
177435255.0706,9999996.100000005,6201846.8
177435257.0706,9999996.100000005,6201846.8
177435259.0706,9999996.100000005,6201846.8
177435261.0706,9999996.100000005,6201846.8
177435263.0706,9999996.100000005,6201846.8
177435265.0706,9999996.100000005,6201846.8
177435267.0706,9999996.100000005,6201846.8
177435269.0706,9999996.100000005,6201846.8
177435271.0706,9999996.100000005,6201846.8
177435273.0706,9999996.100000005,6201846.8
177435275.0706,9999996.100000005,6201846.8
177435277.0706,9999996.100000005,6201846.8
177435281.0706,9999996.100000005,6201846.8
177435291.0706,9999996.100000005,6201846.8
177435293.0706,9999996.100000005,6201846.8
177435295.0706,9999996.100000005,6201846.8
177435297.0706,9999996.100000005,6201846.8
177435299.0706,9999996.100000005,6201846.8
177435301.0706,9999996.100000005,6201846.8
177435303.0706,9999996.100000005,6201846.8
177435305.0706,9999996.100000005,6201846.8
177435307.0706,9999996.100000005,6201846.8
177435309.0706,9999996.100000005,6201846.8
177435311.0706,9999996.100000005,6201846.8
177435313.0706,9999996.100000005,6201846.8
177435315.0706,9999996.100000005,6201846.8
177435317.0706,9999996.100000005,6201846.8
177435319.0706,9999996.100000005,6201846.8
177435321.0706,9999996.100000005,6201846.8
177435323.0706,9999996.100000005,6201846.8
177435325.0706,9999996.100000005,6201846.8
177435327.0706,9999996.100000005,6201846.8
177435329.0706,9999996.100000005,6201846.8
177435331.0706,9999996.100000005,6201846.8
177435333.0706,9999996.100000005,6201846.8
177435335.0706,9999996.100000005,6201846.8
177435337.0706,9999996.100000005,6201846.8
177435339.0706,9999996.100000005,6201846.8
177435341.0706,9999996.100000005,6201846.8
177435343.0706,9999996.100000005,6201846.8
177435345.0706,9999996.100000005,6201846.8
177435347.0706,9999996.100000005,6201846.8
177435349.0706,9999996.100000005,6201846.8
177435351.0706,9999996.100000005,6201846.8
177435353.0706,9999996.100000005,6201846.8
177435355.0706,9999996.100000005,6201846.8
177435357.0706,9999996.100000005,6201846.8
177435359.0706,9999996.100000005,6201846.8
177435361.0706,9999996.100000005,6201846.8
177435363.0706,9999996.100000005,6201846.8
177435365.0706,9999996.100000005,6201846.8
177435367.0706,9999996.100000005,6201846.8
177435369.0706,9999996.100000005,6201846.8
177435371.0706,9999996.100000005,6201846.8
177435373.0706,9999996.100000005,6201846.8
177435375.0706,9999996.100000005,6201846.8
177435377.0706,9999996.100000005,6201846.8
177435379.0706,9999996.100000005,6201846.8
177435381.0706,9999996.100000005,6201846.8
177435383.0706,9999996.100000005,6201846.8
177435385.0706,9999996.100000005,6201846.8
177435387.0706,9999996.100000005,6201846.8
177435389.0706,9999996.100000005,6201846.8
177435391.0706,9999996.100000005,6201846.8
177435393.0706,9999996.100000005,6201846.8
177435395.0706,9999996.100000005,6201846.8
177435397.0706,9999996.100000005,6201846.8
177435399.0706,9999996.100000005,6201846.8
177435401.0706,9999996.100000005,6201846.8
177435403.0706,9999996.100000005,6201846.8
177435405.0706,9999996.100000005,6201846.8
177435407.0706,9999996.100000005,6201846.8
177435409.0706,9999996.100000005,6201846.8
177435411.0706,9999996.100000005,6201846.8
177435413.0706,9999996.100000005,6201846.8
177435415.0706,9999996.100000005,6201846.8
177435417.0706,9999996.100000005,6201846.8
177435419.0706,9999996.100000005,6201846.8
177435421.0706,9999996.100000005,6201846.8
177435423.0706,9999996.100000005,6201846.8
177435425.0706,9999996.100000005,6201846.8
177435427.0706,9999996.100000005,6201846.8
177435429.0706,9999996.100000005,6201846.8
177435431.0706,9999996.100000005,6201846.8
177435433.0706,9999996.100000005,6201846.8
177435435.0706,9999996.100000005,6201846.8
177435437.0706,9999996.100000005,6201846.8
177435439.0706,9999996.100000005,6201846.8
177435441.0706,9999996.100000005,6201846.8
177435443.0706,9999996.100000005,6201846.8
177435445.0706,9999996.100000005,6201846.8
177435447.0706,9999996.100000005,6201846.899999999
177435449.0706,9999996.100000005,6201846.899999999
177435451.0706,9999996.100000005,6201846.899999999
177435453.0706,9999996.100000005,6201846.899999999
177435455.0706,9999996.100000005,6201846.899999999
177435457.0706,9999996.100000005,6201846.899999999
177435459.0706,9999996.100000005,6201846.899999999
177435461.0706,9999996.100000005,6201846.899999999
177435463.0706,9999996.100000005,6201846.899999999
177435465.0706,9999996.100000005,6201846.899999999
177435467.0706,9999996.100000005,6201846.899999999
177435469.0706,9999996.100000005,6201846.899999999
177435471.0706,9999996.100000005,6201846.899999999
177435473.0706,9999996.100000005,6201846.899999999
177435475.0706,9999996.100000005,6201846.899999999
177435477.0706,9999996.100000005,6201846.899999999
177435479.0706,9999996.100000005,6201846.899999999
177435481.0706,9999996.100000005,6201846.899999999
177435483.0706,9999996.100000005,6201846.899999999
177435485.0706,9999996.100000005,6201846.899999999
177435487.0706,9999996.100000005,6201846.899999999
177435489.0706,9999996.100000005,6201846.899999999
177435491.0706,9999996.100000005,6201846.899999999
177435493.0706,9999996.100000005,6201846.899999999
177435495.0706,9999996.100000005,6201846.899999999
177435497.0706,9999996.100000005,6201846.899999999
177435499.0706,9999996.100000005,6201846.899999999
177435501.0706,9999996.100000005,6201846.899999999
177435503.0706,9999996.100000005,6201846.899999999
177435505.0706,9999996.100000005,6201846.899999999
177435507.0706,9999996.100000005,6201846.899999999
177435509.0706,9999996.100000005,6201846.899999999
177435511.0706,9999996.100000005,6201846.899999999
177435513.0706,9999996.100000005,6201846.899999999
177435515.0706,9999996.100000005,6201846.899999999
177435517.0706,9999996.100000005,6201846.899999999
177435519.0706,9999996.100000005,6201846.899999999
177435521.0706,9999996.100000005,6201846.899999999
177435523.0706,9999996.100000005,6201846.899999999
177435525.0706,9999996.100000005,6201846.899999999
177435527.0706,9999996.100000005,6201846.899999999
177435529.0706,9999996.100000005,6201846.899999999
177435531.0706,9999996.100000005,6201846.899999999
177435533.0706,9999996.100000005,6201846.899999999
177435535.0706,9999996.100000005,6201846.899999999
177435537.0706,9999996.100000005,6201846.899999999
177435539.0706,9999996.100000005,6201846.899999999
177435541.0706,9999996.100000005,6201846.899999999
177435543.0706,9999996.100000005,6201846.899999999
177435545.0706,9999996.100000005,6201846.899999999
177435547.0706,9999996.100000005,6201846.899999999
177435549.0706,9999996.100000005,6201846.899999999
177435551.0706,9999996.100000005,6201846.899999999
177435553.0706,9999996.100000005,6201846.899999999
177435555.0706,9999996.100000005,6201846.899999999
177435557.0706,9999996.100000005,6201846.899999999
177435559.0706,9999996.100000005,6201846.899999999
177435561.0706,9999996.100000005,6201846.899999999
177435563.0706,9999996.100000005,6201846.899999999
177435565.0706,9999996.100000005,6201846.899999999
177435567.0706,9999996.100000005,6201846.899999999
177435569.0706,9999996.100000005,6201846.899999999
177435571.0706,9999996.100000005,6201846.899999999
177435573.0706,9999996.100000005,6201846.899999999
177435575.0706,9999996.100000005,6201846.899999999
177435577.0706,9999996.100000005,6201846.899999999
177435579.0706,9999996.100000005,6201846.899999999
177435581.0706,9999996.100000005,6201846.899999999
177435583.0706,9999996.100000005,6201846.899999999
177435585.0706,9999996.100000005,6201846.899999999
177435587.0706,9999996.100000005,6201846.899999999
177435589.0706,9999996.100000005,6201846.899999999
177435591.0706,9999996.100000005,6201846.899999999
177435593.0706,9999996.100000005,6201846.899999999
177435595.0706,9999996.100000005,6201846.899999999
177435597.0706,9999996.100000005,6201846.899999999
177435599.0706,9999996.100000005,6201846.899999999
177435601.0706,9999996.100000005,6201846.899999999
177435603.0706,9999996.100000005,6201846.899999999
177435605.0706,9999996.100000005,6201846.899999999
177435607.0706,9999996.100000005,6201846.899999999
177435609.0706,9999996.100000005,6201846.899999999
177435611.0706,9999996.100000005,6201846.899999999
177435613.0706,9999996.100000005,6201846.899999999
177435615.0706,9999996.100000005,6201846.899999999
177435617.0706,9999996.100000005,6201846.899999999
177435619.0706,9999996.100000005,6201846.899999999
177435621.0706,9999996.100000005,6201846.899999999
177435623.0706,9999996.100000005,6201846.899999999
177435625.0706,9999996.100000005,6201846.899999999
177435627.0706,9999996.100000005,6201846.899999999
177435629.0706,9999996.100000005,6201846.899999999
177435631.0706,9999996.100000005,6201846.899999999
177435633.0706,9999996.100000005,6201846.899999999
177435635.0706,9999996.100000005,6201846.899999999
177435637.0706,9999996.100000005,6201846.899999999
177435639.0706,9999996.100000005,6201846.899999999
177435641.0706,9999996.100000005,6201846.899999999
177435643.0706,9999996.100000005,6201846.899999999
177435645.0706,9999996.100000005,6201846.899999999
177435647.0706,9999996.100000005,6201846.899999999
177435649.0706,9999996.100000005,6201846.899999999
177435651.0706,9999996.100000005,6201846.899999999
177435653.0706,9999996.100000005,6201846.899999999
177435655.0706,9999996.100000005,6201846.899999999
177435657.0706,9999996.100000005,6201846.899999999
177435659.0706,9999996.100000005,6201846.899999999
177435661.0706,9999996.100000005,6201846.899999999
177435663.0706,9999996.100000005,6201846.899999999
177435665.0706,9999996.100000005,6201846.899999999
177435667.0706,9999996.100000005,6201846.899999999
177435669.0706,9999996.100000005,6201846.899999999
177435671.0706,9999996.100000005,6201846.899999999
177435673.0706,9999996.100000005,6201846.899999999
177435675.0706,9999996.100000005,6201846.899999999
177435677.0706,9999996.100000005,6201846.899999999
177435679.0706,9999996.100000005,6201846.899999999
177435681.0706,9999996.100000005,6201846.899999999
177435683.0706,9999996.100000005,6201846.899999999
177435685.0706,9999996.100000005,6201846.899999999
177435687.0706,9999996.100000005,6201846.899999999
177435689.0706,9999996.100000005,6201846.899999999
177435691.0706,9999996.100000005,6201846.899999999
177435693.0706,9999996.100000005,6201846.899999999
177435695.0706,9999996.100000005,6201846.899999999
177435697.0706,9999996.100000005,6201846.899999999
177435699.0706,9999996.100000005,6201846.899999999
177435701.0706,9999996.100000005,6201846.899999999
177435703.0706,9999996.100000005,6201846.899999999
177435705.0706,9999996.100000005,6201846.899999999
177435707.0706,9999996.100000005,6201846.899999999
177435709.0706,9999996.100000005,6201846.899999999
177435711.0706,9999996.100000005,6201846.899999999
177435713.0706,9999996.100000005,6201846.899999999
177435715.0706,9999996.100000005,6201846.899999999
177435717.0706,9999996.100000005,6201846.899999999
177435719.0706,9999996.100000005,6201846.899999999
177435721.0706,9999996.100000005,6201846.899999999
177435723.0706,9999996.100000005,6201846.899999999
177435725.0706,9999996.100000005,6201846.899999999
177435727.0706,9999996.100000005,6201846.899999999
177435729.0706,9999996.100000005,6201846.899999999
177435731.0706,9999996.100000005,6201846.899999999
177435733.0706,9999996.100000005,6201846.899999999
177435735.0706,9999996.100000005,6201846.899999999
177435737.0706,9999996.100000005,6201846.899999999
177435739.0706,9999996.100000005,6201846.899999999
177435741.0706,9999996.100000005,6201846.899999999
177435743.0706,9999996.100000005,6201846.899999999
177435745.0706,9999996.100000005,6201846.899999999
177435747.0706,9999996.100000005,6201846.899999999
177435749.0706,9999996.100000005,6201846.899999999
177435751.0706,9999996.100000005,6201846.899999999
177435753.0706,9999996.100000005,6201846.899999999
177435755.0706,9999996.100000005,6201846.899999999
177435757.0706,9999996.100000005,6201846.899999999
177435759.0706,9999996.100000005,6201846.899999999
177435761.0706,9999996.100000005,6201846.899999999
177435763.0706,9999996.100000005,6201846.899999999
177435765.0706,9999996.100000005,6201846.899999999
177435767.0706,9999996.100000005,6201846.899999999
177435769.0706,9999996.100000005,6201846.899999999
177435771.0706,9999996.100000005,6201846.899999999
177435773.0706,9999996.100000005,6201846.899999999
177435775.0706,9999996.100000005,6201846.899999999
177435777.0706,9999996.100000005,6201846.899999999
177435779.1706,9999996.100000005,6201846.899999999
177435781.0706,9999996.100000005,6201846.899999999
177435783.0706,9999996.100000005,6201846.899999999
177435785.0706,9999996.100000005,6201846.899999999
177435787.0706,9999996.100000005,6201846.899999999
177435789.0706,9999996.100000005,6201846.899999999
177435791.0706,9999996.100000005,6201846.899999999
177435793.0706,9999996.100000005,6201846.899999999
177435795.0706,9999996.100000005,6201846.899999999
177435797.0706,9999996.100000005,6201846.899999999
177435799.0706,9999996.100000005,6201846.899999999
177435801.0706,9999996.100000005,6201846.899999999
177435803.0706,9999996.100000005,6201846.899999999
177435805.0706,9999996.100000005,6201846.899999999
177435807.0706,9999996.100000005,6201846.899999999
177435809.0706,9999996.100000005,6201846.899999999
177435811.0706,9999996.100000005,6201846.899999999
177435813.0706,9999996.100000005,6201846.899999999
177435815.0706,9999996.100000005,6201846.899999999
177435817.0706,9999996.100000005,6201846.899999999
177435819.0706,9999996.100000005,6201846.899999999
177435821.0706,9999996.100000005,6201846.899999999
177435823.0706,9999996.100000005,6201846.899999999
177435825.0706,9999996.100000005,6201846.899999999
177435827.0706,9999996.100000005,6201846.899999999
177435829.0706,9999996.100000005,6201846.899999999
177435831.0706,9999996.100000005,6201846.899999999
177435833.0706,9999996.100000005,6201846.899999999
177435835.0706,9999996.100000005,6201846.899999999
177435837.0706,9999996.100000005,6201846.899999999
177435839.0706,9999996.100000005,6201846.899999999
177435841.0706,9999996.100000005,6201846.899999999
177435843.0706,9999996.100000005,6201846.899999999
177435845.0706,9999996.100000005,6201846.899999999
177435847.0706,9999996.100000005,6201846.899999999
177435849.0706,9999996.100000005,6201846.899999999
177435851.0706,9999996.100000005,6201846.899999999
177435853.0706,9999996.100000005,6201846.899999999
177435855.0706,9999996.100000005,6201846.899999999
177435857.0706,9999996.100000005,6201846.899999999
177435859.0706,9999996.100000005,6201846.899999999
177435861.0706,9999996.100000005,6201846.899999999
177435863.0706,9999996.100000005,6201846.899999999
177435865.0706,9999996.100000005,6201846.899999999
177435867.0706,9999996.100000005,6201846.899999999
177435869.0706,9999996.100000005,6201846.899999999
177435871.0706,9999996.100000005,6201846.899999999
177435873.0706,9999996.100000005,6201846.899999999
177435875.0706,9999996.100000005,6201846.899999999
177435877.0706,9999996.100000005,6201846.899999999
177435879.0706,9999996.100000005,6201846.899999999
177435881.0706,9999996.100000005,6201846.899999999
177435883.0706,9999996.100000005,6201846.899999999
177435885.0706,9999996.100000005,6201846.899999999
177435887.0706,9999996.100000005,6201846.899999999
177435889.0706,9999996.100000005,6201846.899999999
177435891.0706,9999996.100000005,6201846.899999999
177435893.0706,9999996.100000005,6201846.899999999
177435895.0706,9999996.100000005,6201846.899999999
177435897.0706,9999996.100000005,6201846.899999999
177435899.0706,9999996.100000005,6201846.899999999
177435901.0706,9999996.100000005,6201846.899999999
177435903.0706,9999996.100000005,6201846.899999999
177435905.0706,9999996.100000005,6201846.899999999
177435907.0706,9999996.100000005,6201846.899999999
177435909.0706,9999996.100000005,6201846.899999999
177435911.0706,9999996.100000005,6201846.899999999
177435913.0706,9999996.100000005,6201846.899999999
177435915.0706,9999996.100000005,6201846.899999999
177435917.0706,9999996.100000005,6201846.899999999
177435919.0706,9999996.100000005,6201846.899999999
