Timestamp,Buy_Price,Sell_Price
177427363.1634,82999999.4,19418716.0
177427365.1634,82999999.4,19418716.0
177427367.1634,82999999.4,19418716.0
177427369.1634,82999999.4,19418716.0
177427371.1634,82999999.4,19418716.0
177427373.1634,82999999.4,19418716.0
177427375.1634,82999999.4,19418716.0
177427377.1634,82999999.4,19418716.0
177427379.1634,82999999.4,19418716.0
177427381.1634,82999999.4,19418716.0
177427383.1634,82999999.4,19418716.0
177427385.1634,82999999.4,19418716.0
177427387.1634,82999999.4,19418716.0
177427389.1634,82999999.4,19418716.0
177427391.1634,82999999.4,19418716.0
177427393.1634,82999999.4,19418716.0
177427395.1634,82999999.4,19418716.0
177427397.1634,82999999.4,19418716.0
177427399.1634,82999999.4,19418716.0
177427401.1634,82999999.4,19418716.0
177427403.1634,82999999.4,19418716.0
177427405.1634,82999999.4,19418716.0
177427407.1634,82999999.4,19418716.0
177427409.1634,82999999.4,19418716.0
177427411.1634,82999999.4,19418716.0
177427413.1634,82999999.4,19418716.0
177427415.1634,82999999.4,19418716.0
177427417.1634,82999999.4,19418716.0
177427419.1634,82999999.4,19418716.0
177427421.1634,82999999.4,19418716.0
177427423.1634,82999999.4,19418716.0
177427425.1634,82999999.4,19418716.0
177427427.1634,82999999.4,19418716.0
177427429.1634,82999999.4,19418716.0
177427431.1634,82999999.4,19418716.0
177427433.1634,82999999.4,19418716.0
177427435.1634,82999999.4,19418716.0
177427437.1634,82999999.4,19418716.0
177427439.1634,82999999.4,19418716.0
177427441.1634,82999999.4,19418716.0
177427443.1634,82999999.4,19418716.0
177427445.1634,82999999.4,19418716.0
177427447.1634,82999999.4,19418716.0
177427449.1634,82999999.4,19418716.0
177427451.1634,0.0,19418716.0
177427453.1634,89000000.0,19418716.0
177427455.1634,89000000.0,19418716.0
177427457.1634,89000000.0,19418716.0
177427459.1634,89000000.0,19418716.0
177427461.1634,89000000.0,19418716.0
177427463.1634,89000000.0,19418716.0
177427465.1634,89000000.0,19418716.0
177427467.1634,89000000.0,19418716.0
177427469.1634,89000000.0,19418716.0
177427471.1634,89000000.0,19418716.0
177427473.1634,89000000.0,19418716.0
177427475.1634,89000000.0,19418716.0
177427477.1634,89000000.0,19418716.0
177427479.1634,89000000.0,19418716.0
177427481.1634,89000000.0,19418716.0
177427483.1634,89000000.0,19418716.0
177427485.1634,89000000.0,19418716.0
177427487.1634,89000000.0,19418716.0
177427489.1634,89000000.0,19418716.0
177427491.1634,89000000.0,19418716.0
177427493.1634,89000000.0,19418716.0
177427495.1634,89000000.0,19418716.0
177427497.1634,89000000.0,19418716.0
177427499.1634,89000000.0,19418716.0
177427501.1634,89000000.0,19418716.0
177427503.1634,89000000.0,19418716.0
177427505.1634,89000000.0,19418716.0
177427507.1634,89000000.0,19418716.0
177427509.1634,89000000.0,19418716.0
177427511.1634,89000000.0,19418716.0
177427513.1634,89000000.0,19418716.0
177427515.1634,89000000.0,19418716.0
177427517.1634,89000000.0,19418716.0
177427519.1634,89000000.0,19418716.0
177427521.1634,89000000.0,19418716.0
177427523.1634,89000000.0,19418716.0
177427525.1634,89000000.0,19418716.0
177427527.1634,89000000.0,19418716.0
177427529.1634,89000000.0,19418716.0
177427531.1634,89000000.0,19418716.0
177427533.1634,89000000.0,19418716.0
177427535.1634,89000000.0,19418716.0
177427537.1634,89000000.0,19418716.0
177427539.1634,89000000.0,19418716.0
177427541.1634,89000000.0,19418716.0
177427543.1634,89000000.0,19418716.0
177427545.1634,89000000.0,19418716.0
177427547.1634,89000000.0,19418716.0
177427549.1634,89000000.0,19418716.0
177427551.1634,89000000.0,19418716.0
177427553.1634,89000000.0,19418716.0
177427555.1634,89000000.0,19418716.0
177427557.1634,89000000.0,19418716.0
177427559.1634,89000000.0,19418716.0
177427561.1634,89000000.0,19418716.0
177427563.1634,89000000.0,19418716.0
177427565.1634,89000000.0,19418716.0
177427567.1634,89000000.0,19418716.0
177427569.1634,89000000.0,19418716.0
177427571.1634,89000000.0,19418716.0
177427573.1634,89000000.0,19418716.0
177427575.1634,89000000.0,19418716.0
177427577.1634,89000000.0,19418716.0
177427579.1634,89000000.0,19418716.0
177427581.1634,89000000.0,19418716.0
177427583.1634,89000000.0,19418716.0
177427585.1634,89000000.0,19418716.0
177427587.1634,89000000.0,19418716.0
177427589.1634,89000000.0,19418716.0
177427591.1634,89000000.0,19418716.0
177427593.1634,89000000.0,19418716.0
177427595.1634,89000000.0,19418716.0
177427597.1634,89000000.0,19418716.0
177427599.1634,89000000.0,19418716.0
177427601.1634,89000000.0,19418716.0
177427603.1634,89000000.0,19418716.0
177427605.1634,89000000.0,19418716.0
177427607.1634,89000000.0,19418716.0
177427609.1634,89000000.0,19418716.0
177427611.1634,89000000.0,19418716.0
177427613.1634,89000000.0,19418716.0
177427615.1634,89000000.0,19418716.0
177427617.1634,89000000.0,19418716.0
177427619.1634,89000000.0,19418716.0
177427621.1634,89000000.0,19418716.0
177427623.1634,89000000.0,19418716.0
177427625.1634,89000000.0,19418716.0
177427627.1634,89000000.0,19418716.0
177427629.1634,89000000.0,19418716.0
177427631.1634,89000000.0,19418716.0
177427633.1634,89000000.0,19418716.0
177427635.1634,89000000.0,19418716.0
177427637.1634,89000000.0,19418716.0
177427639.1634,89000000.0,19418716.0
177427641.1634,89000000.0,19418716.0
177427643.1634,89000000.0,19418716.0
177427645.1634,89000000.0,19418716.0
177427647.1634,89000000.0,19418716.0
177427649.1634,89000000.0,19418716.0
177427651.1634,89000000.0,19418716.0
177427653.1634,89000000.0,19418716.0
177427655.1634,89000000.0,19418716.0
177427657.1634,89000000.0,19418716.0
177427659.1634,89000000.0,19418716.0
177427661.1634,89000000.0,19418716.0
177427663.1634,89000000.0,19418716.0
177427665.1634,89000000.0,19418716.0
177427667.1634,89000000.0,19418716.0
177427669.1634,89000000.0,19418716.0
177427671.1634,89000000.0,19418716.0
177427673.1634,89000000.0,19418716.0
177427675.1634,89000000.0,19418716.0
177427677.1634,89000000.0,19418716.0
177427679.1634,89000000.0,19418716.0
177427681.1634,89000000.0,19418716.0
177427683.1634,89000000.0,19418716.0
177427685.1634,89000000.0,19418716.0
177427687.1634,89000000.0,19418716.0
177427689.1634,89000000.0,19418716.0
177427691.1634,89000000.0,19418716.0
177427693.1634,89000000.0,19418716.0
177427695.1634,89000000.0,19418716.0
177427697.1634,89000000.0,19418716.0
177427699.1634,89000000.0,19418716.0
177427701.1634,89000000.0,19418716.0
177427703.1634,89000000.0,19418716.0
177427705.1634,89000000.0,19418716.0
177427707.1634,89000000.0,19418716.0
177427709.1634,89000000.0,19418716.0
177427711.1634,89000000.0,19418716.0
177427713.1634,89000000.0,19418716.0
177427715.1634,89000000.0,19418716.0
177427717.1634,89000000.0,19418716.0
177427719.1634,89000000.0,19418716.0
177427721.1634,89000000.0,19418716.0
177427723.1634,89000000.0,19418716.0
177427725.1634,89000000.0,19418716.0
177427727.1634,89000000.0,19418716.0
177427729.1634,89000000.0,19418716.0
177427731.1634,89000000.0,19418716.0
177427733.1634,89000000.0,19418716.0
177427735.1634,89000000.0,19418716.0
177427737.1634,89000000.0,19418716.0
177427739.1634,89000000.0,19418716.0
177427741.1634,89000000.0,19418716.0
177427743.1634,89000000.0,19418716.0
177427745.1634,89000000.0,19418716.0
177427747.1634,89000000.0,19418716.0
177427749.1634,89000000.0,19418716.0
177427751.1634,89000000.0,19418716.0
177427753.1634,89000000.0,19418716.0
177427755.1634,89000000.0,19418716.0
177427757.1634,89000000.0,19418716.0
177427759.1634,89000000.0,19418716.0
177427761.1634,89000000.0,19418716.0
177427763.1634,89000000.0,19418716.0
177427765.1634,89000000.0,19418716.0
177427767.1634,89000000.0,19418716.0
177427769.1634,89000000.0,19418716.0
177427771.1634,89000000.0,19418716.0
177427773.1634,89000000.0,19418716.0
177427775.1634,89000000.0,19418716.0
177427777.1634,89000000.0,19418716.0
177427779.1634,89000000.0,19418716.0
177427781.1634,89000000.0,19418716.0
177427783.1634,89000000.0,19418716.0
177427785.1634,89000000.0,19418716.0
177427787.1634,89000000.0,19418716.0
177427789.1634,89000000.0,19418716.0
177427791.1634,89000000.0,19418716.0
177427793.1634,89000000.0,19418716.0
177427795.1634,89000000.0,19418716.0
177427797.1634,89000000.0,19418716.0
177427799.1634,89000000.0,19418716.0
177427801.1634,89000000.0,19418716.0
177427805.1634,89000000.0,19418716.0
177427807.1634,89000000.0,19418716.0
177427809.1634,89000000.0,19418716.0
177427811.1634,89000000.0,19418716.0
177427813.1634,89000000.0,19418716.0
177427815.1634,89000000.0,19418716.0
177427817.1634,0.0,19418716.0
177427819.1634,89000000.0,19418716.0
177427821.1634,89000000.0,19418716.0
177427823.1634,89000000.0,19418716.0
177427825.1634,89000000.0,19418716.0
177427827.1634,89000000.0,19418716.0
177427829.1634,89000000.0,19418716.0
177427831.1634,89000000.0,19418716.0
177427833.1634,89000000.0,19418716.0
177427835.1634,89000000.0,19418716.0
177427837.1634,89000000.0,19418716.0
177427839.1634,89000000.0,19418716.0
177427841.1634,89000000.0,19418716.0
177427843.1634,89000000.0,19418716.0
177427845.1634,89000000.0,19418716.0
177427847.1634,89000000.0,19418716.0
177427849.1634,89000000.0,19418716.0
177427851.1634,89000000.0,19418716.0
177427853.1634,89000000.0,19418716.0
177427855.1634,89000000.0,19418716.0
177427857.1634,89000000.0,19418716.0
177427859.1634,89000000.0,19418716.0
177427861.1634,89000000.0,19418716.0
177427863.1634,89000000.0,19418716.0
177427865.1634,89000000.0,19418716.0
177427867.1634,89000000.0,19418716.0
177427869.1634,89000000.0,19418716.0
177427871.1634,89000000.0,19418716.0
177427873.1634,89000000.0,19418716.0
177427875.1634,89000000.0,19418716.0
177427877.1634,89000000.0,19418716.0
177427879.1634,89000000.0,19418716.0
177427881.1634,89000000.0,19418716.0
177427883.1634,89000000.0,19418716.0
177427885.1634,89000000.0,19418716.0
177427887.1634,89000000.0,19418716.0
177427889.1634,89000000.0,19418716.0
177427891.1634,89000000.0,19418716.0
177427893.1634,89000000.0,19418716.0
177427895.1634,89000000.0,19418716.0
177427897.1634,89000000.0,19418716.0
177427899.1634,89000000.0,19418716.0
177427901.1634,89000000.0,19418716.0
177427903.1634,89000000.0,19418716.0
177427905.1634,89000000.0,19418716.0
177427907.1634,89000000.0,19418716.0
177427909.1634,89000000.0,19418716.0
177427911.1634,89000000.0,19418716.0
177427913.1634,89000000.0,19418716.0
177427915.1634,89000000.0,19418716.0
177427917.1634,89000000.0,19418716.0
177427919.1634,89000000.0,19418716.0
177427921.1634,89000000.0,19418716.0
177427923.1634,89000000.0,19418716.0
177427925.1634,89000000.0,19418716.0
177427927.1634,89000000.0,19418716.0
177427929.1634,89000000.0,19418716.0
177427931.1634,89000000.0,19418716.0
177427933.1634,89000000.0,19418716.0
177427935.1634,89000000.0,19418716.0
177427937.1634,89000000.0,19418716.0
177427939.1634,89000000.0,19418716.0
177427941.1634,89000000.0,19418716.0
177427943.1634,89000000.0,19418716.0
177427945.1634,89000000.0,19418716.0
177427947.1634,89000000.0,19418716.0
177427949.1634,89000000.0,19418716.0
177427951.1634,89000000.0,19418716.0
177427953.1634,89000000.0,19418716.0
177427955.1634,89000000.0,19418716.0
177427957.1634,89000000.0,19418716.0
177427959.1634,89000000.0,19418716.0
177427961.1634,89000000.0,19418716.0
177427963.1634,89000000.0,19418716.0
177427965.1634,89000000.0,19418716.0
177427967.1634,89000000.0,19418716.0
177427969.1634,89000000.0,19418716.0
177427971.1634,89000000.0,19418716.0
177427973.1634,89000000.0,19418716.0
177427975.1634,89000000.0,19418716.0
177427977.1634,89000000.0,19418716.0
177427979.1634,89000000.0,19418716.0
177427981.1634,89000000.0,19418716.0
177427983.1634,89000000.0,19418716.0
177427985.1634,89000000.0,19418716.0
177427987.1634,89000000.0,19418716.0
177427989.1634,89000000.0,19418716.0
177427991.1634,89000000.0,19418716.0
177427993.1634,89000000.0,19418716.0
177427995.1634,89000000.0,19418716.0
177427997.1634,89000000.0,19418716.0
177427999.1634,89000000.0,19418716.0
177428001.1634,89000000.0,19418716.0
177428003.1634,89000000.0,19418716.0
177428005.1634,89000000.0,19418716.0
177428007.1634,89000000.0,19418716.0
177428009.1634,89000000.0,19418716.0
177428011.1634,89000000.0,19418716.0
177428013.1634,89000000.0,19418716.0
177428015.1634,89000000.0,19418716.0
177428017.1634,89000000.0,19418716.0
177428019.1634,89000000.0,19418716.0
177428021.1634,89000000.0,19418716.0
177428023.1634,89000000.0,19418716.0
177428025.1634,89000000.0,19418716.0
177428027.1634,89000000.0,19418716.0
177428029.1634,89000000.0,19418716.0
177428031.1634,89000000.0,19418716.0
177428033.1634,89000000.0,19418716.0
177428035.1634,89000000.0,19418716.0
177428037.1634,89000000.0,19418716.0
177428039.1634,89000000.0,19418716.0
177428041.1634,89000000.0,19418716.0
177428043.1634,89000000.0,19418716.0
177428045.1634,89000000.0,19418716.0
177428047.1634,89000000.0,19418716.0
177428049.1634,89000000.0,19418716.0
177428051.1634,89000000.0,19418716.0
177428053.1634,89000000.0,19418716.0
177428055.1634,89000000.0,19418716.0
177428057.1634,89000000.0,19418716.0
177428059.1634,89000000.0,19418716.0
177428061.1634,89000000.0,19418716.0
177428063.1634,89000000.0,19418716.0
177428065.1634,89000000.0,19418716.0
177428067.1634,89000000.0,19418716.0
177428069.1634,89000000.0,19418716.0
177428071.1634,89000000.0,19418716.0
177428073.1634,89000000.0,19418716.0
177428075.1634,89000000.0,19418716.0
177428077.1634,89000000.0,19418716.0
177428079.1634,89000000.0,19418716.0
177428081.1634,89000000.0,19418716.0
177428083.1634,89000000.0,19418716.0
177428085.1634,89000000.0,19418716.0
177428087.1634,89000000.0,19418716.0
177428089.1634,89000000.0,19418716.0
177428091.1634,89000000.0,19418716.0
177428093.1634,89000000.0,19418716.0
177428095.1634,89000000.0,19418716.0
177428097.1634,89000000.0,19418716.0
177428099.1634,89000000.0,19418716.0
177428101.1634,89000000.0,19418716.0
177428103.1634,89000000.0,19418716.0
177428105.1634,89000000.0,19418716.0
177428107.1634,89000000.0,19418716.0
177428109.1634,89000000.0,19418716.0
177428111.1634,89000000.0,19418716.0
177428113.1634,89000000.0,19418716.0
177428115.1634,89000000.0,19418716.0
177428117.1634,89000000.0,19418716.0
177428119.1634,89000000.0,19418716.0
177428121.1634,89000000.0,19418716.0
177428123.1634,89000000.0,19418716.0
177428125.1634,89000000.0,19418716.0
177428127.1634,89000000.0,19418716.0
177428129.1634,89000000.0,19418716.0
177428131.1634,89000000.0,19418716.0
177428133.1634,89000000.0,19418716.0
177428135.1634,89000000.0,19418716.0
177428137.1634,89000000.0,19418716.0
177428139.1634,89000000.0,19418716.0
177428141.1634,89000000.0,19418716.0
177428143.1634,89000000.0,19418716.0
177428145.1634,89000000.0,19418716.0
177428147.1634,89000000.0,19418716.0
177428149.1634,89000000.0,19418716.0
177428151.1634,89000000.0,19418716.0
177428153.1634,89000000.0,19418716.0
177428155.1634,89000000.0,19418716.0
177428157.1634,89000000.0,19418716.0
177428159.1634,89000000.0,19418716.0
177428161.1634,89000000.0,19418716.0
177428163.1634,89000000.0,19418716.0
177428165.1634,89000000.0,19418716.0
177428167.1634,89000000.0,19418716.0
177428169.1634,89000000.0,19418716.0
177428171.1634,89000000.0,19418716.0
177428173.1634,89000000.0,19418716.0
177428175.1634,89000000.0,19418716.1
177428177.1634,89000000.0,19418716.1
177428179.1634,89000000.0,19418716.1
177428181.1634,89000000.0,19418716.1
177428183.1634,89000000.0,19418716.1
177428185.1634,89000000.0,19418716.1
177428187.1634,89000000.0,19418716.1
177428189.1634,89000000.0,19418716.1
177428191.1634,89000000.0,19418716.1
177428193.1634,89000000.0,19418716.1
177428195.1634,89000000.0,19418716.1
177428197.1634,89000000.0,19418716.1
177428199.1634,89000000.0,19418716.1
177428201.1634,89000000.0,19418716.1
177428203.1634,89000000.0,19418716.1
177428205.1634,89000000.0,19418716.1
177428207.1634,89000000.0,19418716.1
177428209.1634,89000000.0,19418716.1
177428211.1634,89000000.0,19418716.1
177428213.1634,89000000.0,19418716.1
177428215.1634,89000000.0,19418716.1
177428217.1634,89000000.0,19418716.1
177428219.1634,89000000.0,19418716.1
177428221.1634,89000000.0,19418716.1
177428223.1634,89000000.0,19418716.1
177428225.1634,89000000.0,19418716.1
177428227.1634,89000000.0,19418716.1
177428229.1634,89000000.0,19418716.1
177428231.1634,89000000.0,19418716.1
177428233.1634,89000000.0,19418716.1
177428235.1634,89000000.0,19418716.1
177428237.1634,89000000.0,19418716.1
177428239.1634,89000000.0,19418716.1
177428241.1634,89000000.0,19418716.1
177428243.1634,89000000.0,19418716.1
177428245.1634,89000000.0,19418716.1
177428247.1634,89000000.0,19418716.1
177428249.1634,89000000.0,19418716.1
177428251.1634,89000000.0,19418716.1
177428253.1634,89000000.0,19418716.1
177428255.1634,89000000.0,19418716.1
177428257.1634,89000000.0,19418716.1
177428259.1634,89000000.0,19418716.1
177428261.1634,89000000.0,19418716.1
177428263.1634,89000000.0,19418716.1
177428265.1634,89000000.0,19418716.1
177428267.1634,89000000.0,19418716.1
177428269.1634,89000000.0,19418716.1
177428271.1634,89000000.0,19418716.1
177428273.1634,89000000.0,19418716.1
177428275.1634,89000000.0,19418716.1
177428277.1634,89000000.0,19418716.1
177428279.1634,89000000.0,19418716.1
177428281.1634,89000000.0,19418716.1
177428283.1634,89000000.0,19418716.1
177428285.1634,89000000.0,19418716.1
177428287.1634,89000000.0,19418716.1
177428289.1634,89000000.0,19418716.1
177428291.1634,89000000.0,19418716.1
177428293.1634,89000000.0,19418716.1
177428295.1634,89000000.0,19418716.1
177428297.1634,89000000.0,19418716.1
177428299.1634,89000000.0,19418716.1
177428301.1634,89000000.0,19418716.1
177428303.1634,89000000.0,19418716.1
177428305.1634,89000000.0,19418716.1
177428307.1634,89000000.0,19418716.1
177428309.1634,89000000.0,19418716.1
177428311.1634,89000000.0,19418716.1
177428313.1634,89000000.0,19418716.1
177428315.1634,89000000.0,19418716.1
177428317.1634,89000000.0,19418716.1
177428319.1634,89000000.0,19418716.1
177428321.1634,89000000.0,19418716.1
177428323.1634,89000000.0,19418716.1
177428325.1634,89000000.0,19418716.1
177428327.1634,89000000.0,19418716.1
177428329.1634,89000000.0,19418716.1
177428331.1634,89000000.0,19418716.1
177428333.1634,89000000.0,19418716.1
177428335.1634,89000000.0,19418716.1
177428337.1634,89000000.0,19418716.1
177428339.1634,89000000.0,19418716.1
177428341.1634,89000000.0,19418716.1
177428343.1634,89000000.0,19418716.1
177428345.1634,89000000.0,19418716.1
177428347.1634,89000000.0,19418716.1
177428349.1634,89000000.0,19418716.1
177428351.1634,89000000.0,19418716.1
177428353.1634,89000000.0,19418716.1
177428355.1634,89000000.0,19418716.1
177428357.1634,89000000.0,19418716.1
177428359.1634,89000000.0,19418716.1
177428361.1634,89000000.0,19418716.1
177428363.1634,89000000.0,19418716.1
177428365.1634,89000000.0,19418716.1
177428367.1634,89000000.0,19418716.1
177428369.1634,89000000.0,19418716.1
177428371.1634,89000000.0,19418716.1
177428373.1634,89000000.0,19418716.1
177428375.1634,89000000.0,19418716.1
177428377.1634,89000000.0,19418716.1
177428379.1634,89000000.0,19418716.1
177428381.1634,89000000.0,19418716.1
177428383.1634,89000000.0,19418716.1
177428385.1634,89000000.0,19418716.1
177428387.1634,89000000.0,19418716.1
177428389.1634,89000000.0,19418716.1
177428391.1634,89000000.0,19418716.1
177428393.1634,89000000.0,19418716.1
177428395.0634,89000000.0,19418716.1
177428397.0634,89000000.0,19418716.1
177428399.0634,89000000.0,19418716.1
177428401.0634,89000000.0,19418716.1
177428403.0634,89000000.0,19418716.1
177428405.0634,89000000.0,19418716.1
177428407.0634,89000000.0,19418716.1
177428409.0634,89000000.0,19418716.1
177428411.0634,89000000.0,19418716.1
177428413.0634,89000000.0,19418716.1
177428415.0634,89000000.0,19418716.1
177428417.0634,89000000.0,19418716.1
177428419.0634,89000000.0,19418716.1
177428421.0634,89000000.0,19418716.1
177428423.0634,89000000.0,19418716.1
177428425.0634,89000000.0,19418716.1
177428427.0634,89000000.0,19418716.1
177428429.0634,89000000.0,19418716.1
177428431.0634,89000000.0,19418716.1
177428433.0634,89000000.0,19418716.1
177428435.0634,89000000.0,19418716.1
177428437.0634,89000000.0,19418716.1
177428439.0634,89000000.0,19418716.1
177428441.0634,89000000.0,19418716.1
177428443.0634,89000000.0,19418716.1
177428445.0634,89000000.0,19418716.1
177428447.0634,89000000.0,19418716.1
177428449.0634,89000000.0,19418716.1
177428451.0634,89000000.0,19418716.1
177428453.0634,89000000.0,19418716.1
177428455.0634,89000000.0,19418716.1
177428457.0634,89000000.0,19418716.1
177428459.0634,89000000.0,19418716.1
177428461.0634,89000000.0,19418716.1
177428463.0634,89000000.0,19418716.1
177428465.0634,89000000.0,19418716.1
177428467.0634,89000000.0,19418716.1
177428469.0634,89000000.0,19418716.1
177428471.0634,89000000.0,19418716.1
177428473.0634,89000000.0,19418716.1
177428475.0634,89000000.0,19418716.1
177428477.0634,89000000.0,19418716.1
177428479.0634,89000000.0,19418716.1
177428481.0634,89000000.0,19418716.1
177428483.0634,89000000.0,19418716.1
177428485.0634,89000000.0,19418716.1
177428487.0634,89000000.0,19418716.1
177428489.0634,89000000.0,19418716.1
177428491.0634,89000000.0,19418716.1
177428493.0634,89000000.0,19418716.1
177428495.0634,89000000.0,19418716.1
177428497.0634,89000000.0,19418716.1
177428499.0634,89000000.0,19418716.1
177428501.0634,89000000.0,19418716.1
177428503.0634,89000000.0,19418716.1
177428505.0634,89000000.0,19418716.1
177428507.0634,89000000.0,19418716.1
177428509.0634,89000000.0,19418716.1
177428511.0634,89000000.0,19418716.1
177428513.1634,89000000.0,19418716.1
177428515.0634,89000000.0,19418716.1
177428517.0634,89000000.0,19418716.1
177428519.0634,89000000.0,19418716.1
177428521.0634,89000000.0,19418716.1
177428523.0634,89000000.0,19418716.1
177428525.0634,89000000.0,19418716.1
177428527.0634,89000000.0,19418716.1
177428529.0634,89000000.0,19418716.1
177428531.0634,89000000.0,19418716.1
177428533.0634,89000000.0,19418716.1
177428535.0634,89000000.0,19418716.1
177428537.0634,89000000.0,19418716.1
177428539.0634,89000000.0,19418716.1
177428541.0634,89000000.0,19418716.1
177428543.0634,89000000.0,19418716.1
177428545.0634,89000000.0,19418716.1
177428547.0634,89000000.0,19418716.1
177428549.0634,89000000.0,19418716.1
177428551.0634,89000000.0,19418716.1
177428553.0634,89000000.0,19418716.1
177428555.0634,89000000.0,19418716.1
177428557.0634,89000000.0,19418716.1
177428559.0634,89000000.0,19418716.1
177428561.0634,89000000.0,19418716.1
177428563.0634,89000000.0,19418716.1
177428565.0634,89000000.0,19418716.1
177428567.0634,89000000.0,19418716.1
177428569.0634,89000000.0,19418716.1
177428571.0634,89000000.0,19418716.1
177428573.0634,89000000.0,19418716.1
177428575.0634,89000000.0,19418716.1
177428577.0634,89000000.0,19418716.1
177428579.0634,89000000.0,19418716.1
177428581.0634,89000000.0,19418716.1
177428583.0634,89000000.0,19418716.1
177428585.0634,89000000.0,19418716.1
177428587.0634,89000000.0,19418716.1
177428589.0634,89000000.0,19418716.1
177428591.0634,89000000.0,19418716.1
177428593.0634,89000000.0,19418716.1
177428595.0634,89000000.0,19418716.1
177428597.0634,89000000.0,19418716.1
177428599.0634,89000000.0,19418716.1
177428601.0634,89000000.0,19418716.1
177428603.0634,89000000.0,19418716.1
177428605.0634,89000000.0,19418716.1
177428607.0634,89000000.0,19418716.1
177428609.0634,89000000.0,19418716.1
177428611.0634,89000000.0,19418716.1
177428613.0634,89000000.0,19418716.1
177428615.0634,89000000.0,19418716.1
177428617.0634,89000000.0,19418716.1
177428619.0634,89000000.0,19418716.1
177428621.0634,89000000.0,19418716.1
177428623.0634,89000000.0,19418716.1
177428625.0634,89000000.0,19418716.1
177428627.0634,89000000.0,19418716.1
177428629.0634,89000000.0,19418716.1
177428631.0634,89000000.0,19418716.1
177428633.0634,89000000.0,19418716.1
177428635.0634,89000000.0,19418716.1
177428637.0634,89000000.0,19418716.1
177428639.0634,89000000.0,19418716.1
177428641.0634,89000000.0,19418716.1
177428643.0634,89000000.0,19418716.1
177428645.0634,89000000.0,19418716.1
177428647.0634,89000000.0,19418716.1
177428649.0634,89000000.0,19418716.1
177428651.0634,89000000.0,19418716.1
177428653.0634,89000000.0,19418716.1
177428655.0634,89000000.0,19418716.1
177428657.0634,89000000.0,19418716.1
177428659.0634,89000000.0,19418716.1
177428661.0634,89000000.0,19418716.1
177428663.0634,89000000.0,19418716.1
177428665.0634,89000000.0,19418716.1
177428667.0634,89000000.0,19418716.1
177428669.0634,89000000.0,19418716.1
177428671.0634,89000000.0,19418716.1
177428673.0634,89000000.0,19418716.1
177428675.0634,89000000.0,19418716.1
177428677.0634,89000000.0,19418716.1
177428679.0634,89000000.0,19418716.1
177428681.0634,89000000.0,19418716.1
177428683.0634,89000000.0,19418716.1
177428685.0634,89000000.0,19418716.1
177428687.0634,89000000.0,19418716.1
177428689.0634,89000000.0,19418716.1
177428691.0634,89000000.0,19418716.1
177428693.0634,89000000.0,19418716.1
177428695.0634,89000000.0,19418716.1
177428697.0634,89000000.0,19418716.1
177428699.0634,89000000.0,19418716.1
177428701.0634,89000000.0,19418716.1
177428703.0634,89000000.0,19418716.1
177428705.0634,89000000.0,19418716.1
177428707.0634,89000000.0,19418716.1
177428709.0634,89000000.0,19418716.1
177428711.0634,89000000.0,19418716.1
177428713.0634,89000000.0,19418716.1
177428715.0634,89000000.0,19418716.1
177428717.0634,89000000.0,19418716.1
177428719.0634,89000000.0,19418716.1
177428721.0634,89000000.0,19418716.1
177428723.0634,89000000.0,19418716.1
177428725.0634,89000000.0,19418716.1
177428727.0634,89000000.0,19418716.1
177428729.0634,89000000.0,19418716.1
177428731.0634,89000000.0,19418716.1
177428733.0634,89000000.0,19418716.1
177428735.0634,89000000.0,19418716.1
177428737.0634,89000000.0,19418716.1
177428739.0634,89000000.0,19418716.1
177428741.0634,89000000.0,19418716.1
177428742.9634,89000000.0,19418716.1
177428744.9634,89000000.0,19418716.1
177428746.9634,89000000.0,19418716.1
177428748.9634,89000000.0,19418716.1
177428750.9634,89000000.0,19418716.1
177428752.9634,89000000.0,19418716.1
177428754.9634,89000000.0,19418716.1
177428756.9634,89000000.0,19418716.1
177428758.9634,89000000.0,19418716.1
177428760.9634,89000000.0,19418716.1
177428762.9634,89000000.0,19418716.1
177428764.9634,89000000.0,19418716.1
177428766.9634,89000000.0,19418716.1
177428768.9634,89000000.0,19418716.1
177428770.9634,89000000.0,19418716.1
177428772.9634,89000000.0,19418716.1
177428774.9634,89000000.0,19418716.1
177428776.9634,89000000.0,19418716.1
177428778.9634,89000000.0,19418716.1
177428780.9634,89000000.0,19418716.1
177428782.9634,89000000.0,19418716.1
177428784.9634,89000000.0,19418716.1
177428786.9634,89000000.0,19418716.1
177428788.9634,89000000.0,19418716.1
177428790.9634,89000000.0,19418716.1
177428792.9634,89000000.0,19418716.1
177428794.9634,89000000.0,19418716.1
177428796.9634,89000000.0,19418716.1
177428798.9634,89000000.0,19418716.1
177428800.9634,89000000.0,19418716.1
177428802.9634,89000000.0,19418716.1
177428804.9634,89000000.0,19418716.1
177428806.9634,89000000.0,19418716.1
177428808.9634,89000000.0,19418716.1
177428810.9634,89000000.0,19418716.1
177428812.9634,89000000.0,19418716.1
177428814.9634,89000000.0,19418716.1
177428816.9634,89000000.0,19418716.1
177428818.9634,89000000.0,19418716.1
177428820.9634,89000000.0,19418716.1
177428822.9634,89000000.0,19418716.1
177428824.9634,89000000.0,19418716.1
177428826.9634,89000000.0,19418716.1
177428828.9634,89000000.0,19418716.1
177428830.9634,89000000.0,19418716.1
177428832.9634,89000000.0,19418716.1
177428834.9634,89000000.0,19418716.1
177428836.9634,89000000.0,19418716.1
177428838.9634,89000000.0,19418716.1
177428840.9634,89000000.0,19418716.1
177428842.9634,89000000.0,19418716.1
177428844.9634,89000000.0,19418716.1
177428846.9634,89000000.0,19418716.1
177428848.9634,89000000.0,19418716.1
177428850.9634,89000000.0,19418716.1
177428852.9634,89000000.0,19418716.1
177428854.9634,89000000.0,19418716.1
177428856.9634,89000000.0,19418716.1
177428858.9634,89000000.0,19418716.1
177428860.9634,89000000.0,19418716.1
177428862.9634,89000000.0,19418716.1
177428864.9634,89000000.0,19418716.1
177428866.9634,89000000.0,19418716.1
177428868.9634,89000000.0,19418716.1
177428870.9634,89000000.0,19418716.1
177428872.9634,89000000.0,19418716.1
177428874.9634,89000000.0,19418716.1
177428876.9634,89000000.0,19418716.1
177428878.9634,89000000.0,19418716.1
177428880.9634,89000000.0,19418716.1
177428882.9634,89000000.0,19418716.1
177428884.9634,89000000.0,19418716.1
177428886.9634,89000000.0,19418716.1
177428888.9634,89000000.0,19418716.1
177428890.9634,89000000.0,19418716.1
177428892.9634,89000000.0,19418716.1
177428894.9634,89000000.0,19418716.1
177428896.9634,89000000.0,19418716.1
177428898.9634,89000000.0,19418716.1
177428900.9634,89000000.0,19418716.1
177428902.9634,89000000.0,19418716.1
177428904.9634,89000000.0,19418716.1
177428906.9634,89000000.0,19418716.1
177428908.9634,89000000.0,19418716.1
177428910.9634,89000000.0,19418716.1
177428912.9634,89000000.0,19418716.1
177428914.9634,89000000.0,19418716.1
177428916.9634,89000000.0,19418716.1
177428918.9634,89000000.0,19418716.1
177428920.9634,89000000.0,19418716.1
177428922.9634,89000000.0,19418716.1
177428924.9634,89000000.0,19418716.1
177428926.9634,89000000.0,19418716.1
177428928.9634,89000000.0,19418716.1
177428930.9634,89000000.0,19418716.1
177428932.9634,89000000.0,19418716.1
177428934.9634,89000000.0,19418716.1
177428936.9634,89000000.0,19418716.1
177428938.9634,89000000.0,19418716.1
177428940.9634,89000000.0,19418716.1
177428942.9634,89000000.0,19418716.1
177428944.9634,89000000.0,19418716.1
177428946.9634,89000000.0,19418716.1
177428948.9634,89000000.0,19418716.1
177428950.9634,89000000.0,19418716.1
177428952.9634,89000000.0,19418716.1
177428954.9634,89000000.0,19418716.1
177428956.9634,89000000.0,19418716.1
177428958.9634,89000000.0,19418716.1
177428960.9634,89000000.0,19418716.1
177428962.9634,89000000.0,19418716.1
177428964.9634,89000000.0,19418716.1
177428966.9634,89000000.0,19418716.1
177428968.9634,89000000.0,19418716.1
177428970.9634,89000000.0,19418716.1
177428972.9634,89000000.0,19418716.1
177428974.9634,89000000.0,19418716.1
177428976.9634,89000000.0,19418716.1
177428978.9634,89000000.0,19418716.1
177428980.9634,89000000.0,19418716.1
177428982.9634,89000000.0,19418716.1
177428984.9634,89000000.0,19418716.1
177428986.9634,89000000.0,19418716.1
177428988.9634,89000000.0,19418716.1
177428990.9634,89000000.0,19418716.1
177428992.9634,89000000.0,19418716.1
177428994.9634,89000000.0,19418716.1
177428996.9634,89000000.0,19418716.1
177428998.9634,89000000.0,19418716.1
177429000.9634,89000000.0,19418716.1
177429002.9634,89000000.0,19418716.1
177429004.9634,89000000.0,19418716.1
177429006.9634,89000000.0,19418716.1
177429008.9634,89000000.0,19418716.1
177429010.9634,89000000.0,19418716.1
177429012.9634,89000000.0,19418716.1
177429014.9634,89000000.0,19418716.1
177429016.9634,89000000.0,19418716.1
177429018.9634,89000000.0,19418716.1
177429020.9634,89000000.0,19418716.1
177429022.9634,89000000.0,19418716.1
177429024.9634,89000000.0,19418716.1
177429026.9634,89000000.0,19418716.1
177429028.9634,89000000.0,19418716.1
177429030.9634,89000000.0,19418716.1
177429032.9634,89000000.0,19418716.1
177429034.9634,89000000.0,19418716.1
177429036.9634,89000000.0,19418716.1
177429038.9634,89000000.0,19418716.1
177429040.9634,89000000.0,19418716.1
177429042.9634,89000000.0,19418716.1
177429044.9634,89000000.0,19418716.1
177429046.9634,89000000.0,19418716.1
177429048.9634,89000000.0,19418716.1
177429050.9634,89000000.0,19418716.1
177429052.9634,89000000.0,19418716.1
177429054.9634,89000000.0,19418716.1
177429056.9634,89000000.0,19418716.1
177429058.9634,89000000.0,19418716.1
177429060.9634,89000000.0,19418716.1
177429062.9634,89000000.0,19418716.1
177429065.0634,89000000.0,19418716.1
177429066.9634,89000000.0,19418716.1
177429068.9634,89000000.0,19418716.1
177429070.9634,89000000.0,19418716.1
177429072.9634,89000000.0,19418716.1
177429074.9634,89000000.0,19418716.1
177429076.9634,89000000.0,19418716.1
177429078.9634,89000000.0,19418716.1
177429080.9634,89000000.0,19418716.1
177429082.9634,89000000.0,19418716.1
177429084.9634,89000000.0,19418716.1
177429086.9634,89000000.0,19418716.1
177429088.9634,89000000.0,19418716.1
177429090.9634,89000000.0,19418716.1
177429092.9634,89000000.0,19418716.1
177429094.9634,89000000.0,19418716.1
177429096.9634,89000000.0,19418716.1
177429098.9634,89000000.0,19418716.1
177429100.9634,89000000.0,19418716.1
177429102.9634,89000000.0,19418716.1
177429104.9634,89000000.0,19418716.1
177429106.9634,89000000.0,19418716.1
177429108.9634,89000000.0,19418716.1
177429110.9634,89000000.0,19418716.1
177429112.9634,89000000.0,19418716.1
177429114.9634,89000000.0,19418716.1
177429116.9634,89000000.0,19418716.1
177429118.9634,89000000.0,19418716.1
177429120.9634,89000000.0,19418716.1
177429122.9634,89000000.0,19418716.1
177429124.9634,89000000.0,19418716.1
177429126.9634,89000000.0,19418716.1
177429128.9634,89000000.0,19418716.1
177429130.9634,89000000.0,19418716.1
177429132.9634,89000000.0,19418716.1
177429134.9634,89000000.0,19418716.1
177429136.9634,89000000.0,19418716.1
177429138.9634,89000000.0,19418716.1
177429140.9634,89000000.0,19418716.1
177429142.9634,89000000.0,19418716.1
177429144.9634,89000000.0,19418716.1
177429146.9634,89000000.0,19418716.1
177429148.9634,89000000.0,19418716.1
177429150.9634,89000000.0,19418716.1
177429152.9634,89000000.0,19418716.1
177429154.9634,89000000.0,19418716.1
177429156.9634,89000000.0,19418716.1
177429158.9634,89000000.0,19418716.1
177429160.9634,89000000.0,19418716.1
177429162.9634,89000000.0,19418716.1
177429164.9634,89000000.0,19418716.1
177429166.9634,89000000.0,19418716.1
177429168.9634,89000000.0,19418716.1
177429170.9634,89000000.0,19418716.1
177429172.9634,89000000.0,19418716.1
177429174.9634,89000000.0,19418716.1
177429176.9634,89000000.0,19418716.1
177429178.9634,89000000.0,19418716.1
177429180.9634,89000000.0,19418716.1
177429182.9634,89000000.0,19418716.1
177429184.9634,89000000.0,19418716.1
177429186.9634,89000000.0,19418716.1
177429188.9634,89000000.0,19418716.1
177429190.9634,89000000.0,19418716.1
177429192.9634,89000000.0,19418716.1
177429194.9634,89000000.0,19418716.1
177429196.9634,89000000.0,19418716.1
177429198.9634,89000000.0,19418716.1
177429200.9634,89000000.0,19418716.1
177429202.9634,89000000.0,19418716.1
177429204.9634,89000000.0,19418716.1
177429206.9634,89000000.0,19418716.1
177429208.9634,89000000.0,19418716.1
177429210.9634,89000000.0,19418716.1
177429212.9634,89000000.0,19418716.1
177429214.9634,89000000.0,19418716.1
177429216.9634,89000000.0,19418716.1
177429218.9634,89000000.0,19418716.1
177429220.9634,89000000.0,19418716.1
177429222.9634,89000000.0,19418716.1
177429224.9634,89000000.0,19418716.1
177429226.9634,89000000.0,19418716.1
177429228.9634,89000000.0,19418716.1
177429230.9634,89000000.0,19418716.1
177429232.9634,89000000.0,19418716.1
177429234.9634,89000000.0,19418716.1
177429236.9634,89000000.0,19418716.1
177429238.9634,89000000.0,19418716.1
177429240.9634,89000000.0,19418716.1
177429242.9634,89000000.0,19418716.1
177429244.9634,89000000.0,19418716.1
177429246.9634,89000000.0,19418716.1
177429248.9634,89000000.0,19418716.1
177429250.9634,89000000.0,19418716.1
177429252.9634,89000000.0,19418716.1
177429254.9634,89000000.0,19418716.1
177429256.9634,89000000.0,19418716.1
177429258.9634,89000000.0,19418716.1
177429260.9634,89000000.0,19418716.1
177429262.9634,89000000.0,19418716.1
177429264.9634,89000000.0,19418716.1
177429266.9634,89000000.0,19418716.1
177429268.9634,89000000.0,19418716.1
177429270.9634,89000000.0,19418716.1
177429272.9634,89000000.0,19418716.1
177429274.9634,89000000.0,19418716.1
177429276.9634,89000000.0,19418716.1
177429278.9634,89000000.0,19418716.1
177429280.9634,89000000.0,19418716.1
177429282.9634,89000000.0,19418716.1
177429284.9634,89000000.0,19418716.1
177429286.9634,89000000.0,19418716.1
177429288.9634,89000000.0,19418716.1
177429290.9634,89000000.0,19418716.1
177429292.9634,89000000.0,19418716.1
177429294.9634,89000000.0,19418716.1
177429296.9634,89000000.0,19418716.1
177429298.9634,89000000.0,19418716.1
177429300.9634,89000000.0,19418716.1
177429302.9634,89000000.0,19418716.1
177429304.9634,89000000.0,19418716.1
177429306.9634,89000000.0,19418716.1
177429308.9634,89000000.0,19418716.1
177429310.9634,89000000.0,19418716.1
177429312.9634,89000000.0,19418716.1
177429314.9634,89000000.0,19418716.1
177429316.9634,89000000.0,19418716.1
177429318.9634,89000000.0,19418716.1
177429320.9634,89000000.0,19418716.1
177429322.9634,89000000.0,19418716.1
177429324.9634,89000000.0,19418716.1
177429326.9634,89000000.0,19418716.1
177429328.9634,89000000.0,19418716.1
177429330.9634,89000000.0,19418716.1
177429332.9634,89000000.0,19418716.1
177429334.9634,89000000.0,19418716.1
177429336.9634,89000000.0,19418716.1
177429338.9634,89000000.0,19418716.1
177429340.9634,89000000.0,19418716.1
177429342.9634,89000000.0,19418716.1
177429344.9634,89000000.0,19418716.1
177429346.9634,89000000.0,19418716.1
177429348.9634,89000000.0,19418716.1
177429350.9634,89000000.0,19418716.1
177429352.9634,89000000.0,19418716.1
177429354.9634,89000000.0,19418716.1
177429356.9634,89000000.0,19418716.1
177429358.9634,89000000.0,19418716.1
177429360.9634,89000000.0,19418716.1
177429362.9634,89000000.0,19418716.1
177429364.9634,89000000.0,19418716.1
177429366.9634,89000000.0,19418716.1
177429368.9634,89000000.0,19418716.1
177429370.9634,89000000.0,19418716.1
177429372.9634,89000000.0,19418716.1
177429374.9634,89000000.0,19418716.1
177429376.9634,89000000.0,19418716.1
177429378.9634,89000000.0,19418716.1
177429380.9634,89000000.0,19418716.1
177429382.9634,89000000.0,19418716.1
177429384.9634,89000000.0,19418716.1
177429386.9634,89000000.0,19418716.1
177429388.9634,89000000.0,19418716.1
177429390.9634,89000000.0,19418716.1
177429392.9634,89000000.0,19418716.1
177429394.9634,89000000.0,19418716.1
177429396.9634,89000000.0,19418716.1
177429398.9634,89000000.0,19418716.1
177429400.9634,89000000.0,19418716.1
177429402.9634,89000000.0,19418716.1
177429404.9634,89000000.0,19418716.1
177429406.9634,89000000.0,19418716.1
177429408.9634,89000000.0,19418716.1
177429410.9634,89000000.0,19418716.1
177429412.9634,89000000.0,19418716.1
177429414.9634,89000000.0,19418716.1
177429416.9634,89000000.0,19418716.1
177429418.9634,89000000.0,19418716.1
177429420.9634,89000000.0,19418716.1
177429422.9634,89000000.0,19418716.1
177429424.9634,89000000.0,19418716.1
177429426.9634,89000000.0,19418716.1
177429428.9634,89000000.0,19418716.1
177429430.9634,89000000.0,19418716.1
177429432.9634,89000000.0,19418716.1
177429434.9634,89000000.0,19418716.1
177429436.9634,89000000.0,19418716.1
177429438.9634,89000000.0,19418716.1
177429440.9634,89000000.0,19418716.1
177429442.9634,89000000.0,19418716.1
177429444.9634,89000000.0,19418716.1
177429446.9634,89000000.0,19418716.1
177429448.9634,89000000.0,19418716.1
177429450.9634,89000000.0,19418716.1
177429452.9634,89000000.0,19418716.1
177429454.9634,89000000.0,19418716.1
177429456.9634,89000000.0,19418716.1
177429458.9634,89000000.0,19418716.1
177429460.9634,89000000.0,19418716.1
177429462.9634,89000000.0,19418716.1
177429464.9634,89000000.0,19418716.1
177429466.9634,89000000.0,19418716.1
177429468.9634,89000000.0,19418716.1
177429470.9634,89000000.0,19418716.1
177429472.9634,89000000.0,19418716.1
177429474.9634,89000000.0,19418716.1
177429476.9634,89000000.0,19418716.1
177429478.9634,89000000.0,19418716.1
177429480.9634,89000000.0,19418716.1
177429482.9634,89000000.0,19418716.1
177429484.9634,89000000.0,19418716.1
177429486.9634,89000000.0,19418716.1
177429488.9634,89000000.0,19418716.1
177429490.9634,89000000.0,19418716.1
177429492.9634,89000000.0,19418716.1
177429494.9634,89000000.0,19418716.1
177429496.9634,89000000.0,19418716.1
177429498.9634,89000000.0,19418716.1
177429500.9634,89000000.0,19418716.1
177429502.9634,89000000.0,19418716.1
177429504.9634,89000000.0,19418716.1
177429506.9634,89000000.0,19418716.1
177429508.9634,89000000.0,19418716.1
177429510.9634,89000000.0,19418716.1
177429512.9634,89000000.0,19418716.1
177429514.9634,89000000.0,19418716.1
177429516.9634,89000000.0,19418716.1
177429518.9634,89000000.0,19418716.1
177429520.9634,89000000.0,19418716.1
177429522.9634,89000000.0,19418716.1
177429524.9634,89000000.0,19418716.1
177429526.9634,89000000.0,19418716.1
177429528.9634,89000000.0,19418716.1
177429530.9634,89000000.0,19418716.1
177429532.9634,89000000.0,19418716.1
177429534.9634,89000000.0,19418716.1
177429536.9634,89000000.0,19418716.1
177429538.9634,89000000.0,19418716.1
177429540.9634,89000000.0,19418716.1
177429542.9634,89000000.0,19418716.1
177429544.9634,89000000.0,19418716.1
177429546.9634,89000000.0,19418716.1
177429548.9634,89000000.0,19418716.1
177429550.9634,89000000.0,19418716.1
177429552.9634,89000000.0,19418716.1
177429554.9634,89000000.0,19418716.1
177429556.9634,89000000.0,19418716.1
177429558.9634,89000000.0,19418716.1
177429560.9634,89000000.0,19418716.1
177429562.9634,89000000.0,19418716.1
177429564.9634,89000000.0,19418716.1
177429566.9634,89000000.0,19418716.1
177429568.9634,89000000.0,19418716.1
177429570.9634,89000000.0,19418716.1
177429572.9634,89000000.0,19418716.1
177429574.9634,89000000.0,19418716.1
177429576.9634,89000000.0,19418716.1
177429578.9634,89000000.0,19418716.1
177429580.9634,89000000.0,19418716.1
177429582.9634,89000000.0,19418716.1
177429584.9634,89000000.0,19418716.1
177429586.9634,89000000.0,19418716.1
177429588.9634,89000000.0,19418716.1
177429590.9634,89000000.0,19418716.1
177429592.9634,89000000.0,19418716.1
177429594.9634,89000000.0,19418716.1
177429596.9634,89000000.0,19418716.1
177429598.9634,89000000.0,19418716.1
177429600.9634,89000000.0,19418716.1
177429602.9634,89000000.0,19418716.1
177429604.9634,89000000.0,19418716.1
177429606.9634,89000000.0,19418716.1
177429608.9634,89000000.0,19418716.1
177429610.9634,89000000.0,19418716.1
177429612.9634,89000000.0,19418716.1
177429614.9634,89000000.0,19418716.1
177429616.9634,89000000.0,19418716.1
177429618.9634,89000000.0,19418716.1
177429620.9634,89000000.0,19418716.1
177429622.9634,89000000.0,19418716.1
177429624.9634,89000000.0,19418716.1
177429626.9634,89000000.0,19418716.1
177429628.9634,89000000.0,19418716.1
177429630.9634,89000000.0,19418716.1
177429632.9634,89000000.0,19418716.1
177429634.9634,89000000.0,19418716.1
177429636.9634,89000000.0,19418716.1
177429638.9634,89000000.0,19418716.1
177429640.9634,89000000.0,19418716.1
177429642.9634,89000000.0,19418716.1
177429644.9634,89000000.0,19418716.1
177429646.9634,89000000.0,19418716.1
177429648.9634,89000000.0,19418716.1
177429650.9634,89000000.0,19418716.1
177429652.9634,89000000.0,19418716.1
177429654.9634,89000000.0,19418716.1
177429656.9634,89000000.0,19418716.1
177429658.9634,89000000.0,19418716.1
177429660.9634,89000000.0,19418716.1
177429662.9634,89000000.0,19418716.1
177429664.9634,89000000.0,19418716.1
177429666.9634,89000000.0,19418716.1
177429668.9634,89000000.0,19418716.1
177429670.9634,89000000.0,19418716.1
177429672.9634,89000000.0,19418716.1
177429674.9634,89000000.0,19418716.1
177429676.9634,89000000.0,19418716.1
177429678.9634,89000000.0,19418716.1
177429680.9634,89000000.0,19418716.1
177429682.9634,89000000.0,19418716.1
177429684.9634,89000000.0,19418716.1
177429686.9634,89000000.0,19418716.1
177429688.9634,89000000.0,19418716.1
177429690.9634,89000000.0,19418716.1
177429692.9634,89000000.0,19418716.1
177429694.9634,89000000.0,19418716.1
177429696.9634,89000000.0,19418716.1
177429698.9634,89000000.0,19418716.1
177429700.9634,89000000.0,19418716.1
177429702.9634,89000000.0,19418716.1
177429704.9634,89000000.0,19418716.1
177429706.9634,89000000.0,19418716.1
177429708.9634,89000000.0,19418716.1
177429710.9634,89000000.0,19418716.1
177429712.9634,89000000.0,19418716.1
177429714.9634,89000000.0,19418716.1
177429716.9634,89000000.0,19418716.1
177429718.9634,89000000.0,19418716.1
177429720.9634,89000000.0,19418716.1
177429722.9634,89000000.0,19418716.1
177429724.9634,89000000.0,19418716.1
177429726.9634,89000000.0,19418716.1
177429728.9634,89000000.0,19418716.1
177429730.9634,89000000.0,19418716.1
177429732.9634,89000000.0,19418716.1
177429734.9634,89000000.0,19418716.1
177429736.9634,89000000.0,19418716.1
177429738.9634,89000000.0,19418716.1
177429740.9634,89000000.0,19418716.1
177429742.9634,89000000.0,19418716.1
177429744.9634,89000000.0,19418716.1
177429746.9634,89000000.0,19418716.1
177429748.9634,89000000.0,19418716.1
177429750.9634,89000000.0,19418716.1
177429752.9634,89000000.0,19418716.1
177429754.9634,89000000.0,19418716.1
177429756.9634,89000000.0,19418716.1
177429758.9634,89000000.0,19418716.1
177429760.9634,89000000.0,19418716.1
177429762.9634,89000000.0,19418716.1
177429764.9634,89000000.0,19418716.1
177429766.9634,89000000.0,19418716.1
177429768.9634,89000000.0,19418716.1
177429770.9634,89000000.0,19418716.1
177429772.9634,89000000.0,19418716.1
177429774.9634,89000000.0,19418716.1
177429776.9634,89000000.0,19418716.1
177429778.9634,89000000.0,19418716.1
177429780.9634,89000000.0,19418716.1
177429782.9634,89000000.0,19418716.1
177429784.9634,89000000.0,19418716.1
177429786.9634,89000000.0,19418716.1
177429788.9634,89000000.0,19418716.1
177429790.9634,89000000.0,19418716.1
177429792.9634,89000000.0,19418716.1
177429794.9634,89000000.0,19418716.1
177429796.9634,89000000.0,19418716.1
177429798.9634,89000000.0,19418716.1
177429800.9634,89000000.0,19418716.1
177429802.9634,89000000.0,19418716.1
177429804.9634,89000000.0,19418716.1
177429806.9634,89000000.0,19418716.1
177429808.9634,89000000.0,19418716.1
177429810.9634,89000000.0,19418716.1
177429812.9634,89000000.0,19418716.1
177429814.9634,89000000.0,19418716.1
177429816.9634,89000000.0,19418716.1
177429818.9634,89000000.0,19418716.1
177429820.9634,89000000.0,19418716.1
177429822.9634,89000000.0,19418716.1
177429824.9634,89000000.0,19418716.1
177429826.9634,89000000.0,19418716.1
177429828.9634,89000000.0,19418716.1
177429830.9634,89000000.0,19418716.1
177429832.9634,89000000.0,19418716.1
177429834.9634,89000000.0,19418716.1
177429836.9634,89000000.0,19418716.1
177429838.9634,89000000.0,19418716.1
177429840.9634,89000000.0,19418716.1
177429842.9634,89000000.0,19418716.1
177429844.9634,89000000.0,19418716.1
177429846.9634,89000000.0,19418716.1
177429848.9634,89000000.0,19418716.1
177429850.9634,89000000.0,19418716.1
177429852.9634,89000000.0,19418716.1
177429854.9634,89000000.0,19418716.1
177429856.9634,89000000.0,19418716.1
177429858.9634,89000000.0,19418716.1
177429860.9634,89000000.0,19418716.1
177429862.9634,89000000.0,19418716.1
177429864.9634,89000000.0,19418716.1
177429866.9634,89000000.0,19418716.1
177429868.9634,89000000.0,19418716.1
177429870.9634,89000000.0,19418716.1
177429872.9634,89000000.0,19418716.1
177429874.9634,89000000.0,19418716.1
177429876.9634,89000000.0,19418716.1
177429878.9634,89000000.0,19418716.1
177429880.9634,89000000.0,19418716.1
177429882.9634,89000000.0,19418716.1
177429884.9634,89000000.0,19418716.1
177429886.9634,89000000.0,19418716.1
177429888.9634,89000000.0,19418716.1
177429890.9634,89000000.0,19418716.1
177429892.9634,89000000.0,19418716.1
177429894.9634,89000000.0,19418716.1
177429896.9634,89000000.0,19418716.1
177429898.9634,89000000.0,19418716.1
177429900.9634,89000000.0,19418716.1
177429902.9634,89000000.0,19418716.1
177429904.9634,89000000.0,19418716.1
177429906.9634,89000000.0,19418716.1
177429908.9634,89000000.0,19418716.1
177429910.9634,89000000.0,19418716.1
177429912.9634,89000000.0,19418716.1
177429914.9634,89000000.0,19418716.1
177429916.9634,89000000.0,19418716.1
177429918.9634,89000000.0,19418716.1
177429920.9634,89000000.0,19418716.1
177429922.9634,89000000.0,19418716.1
177429924.9634,89000000.0,19418716.1
177429926.9634,89000000.0,19418716.1
177429928.9634,89000000.0,19418716.1
177429930.9634,89000000.0,19418716.1
177429932.9634,89000000.0,19418716.1
177429934.9634,89000000.0,19418716.1
177429936.9634,89000000.0,19418716.1
177429938.9634,89000000.0,19418716.1
177429940.9634,89000000.0,19418716.1
177429942.9634,89000000.0,19418716.1
177429944.9634,89000000.0,19418716.1
177429946.9634,89000000.0,19418716.1
177429948.9634,89000000.0,19418716.1
177429950.9634,89000000.0,19418716.1
177429952.9634,89000000.0,19418716.1
177429954.9634,89000000.0,19418716.1
177429956.9634,89000000.0,19418716.1
177429958.9634,89000000.0,19418716.1
177429960.9634,89000000.0,19418716.1
177429962.9634,89000000.0,19418716.1
177429964.9634,89000000.0,19418716.1
177429966.9634,89000000.0,19418716.1
177429968.9634,89000000.0,19418716.1
177429970.9634,89000000.0,19418716.1
177429972.9634,89000000.0,19418716.1
177429974.9634,89000000.0,19418716.1
177429976.9634,89000000.0,19418716.1
177429978.9634,89000000.0,19418716.1
177429980.9634,89000000.0,19418716.1
177429982.9634,89000000.0,19418716.1
177429984.9634,89000000.0,19418716.1
177429986.9634,89000000.0,19418716.1
177429988.9634,89000000.0,19418716.1
177429990.9634,89000000.0,19418716.1
177429992.9634,89000000.0,19418716.1
177429994.9634,89000000.0,19418716.1
177429996.9634,89000000.0,19418716.1
177429998.9634,89000000.0,19418716.1
177430000.9634,89000000.0,19418716.1
177430002.9634,89000000.0,19418716.1
177430004.9634,89000000.0,19418716.1
177430006.9634,89000000.0,19418716.1
177430008.9634,89000000.0,19418716.1
177430010.9634,89000000.0,19418716.1
177430012.9634,89000000.0,19418716.1
177430014.9634,89000000.0,19418716.1
177430016.9634,89000000.0,19418716.1
177430018.9634,89000000.0,19418716.1
177430020.9634,89000000.0,19418716.1
177430022.9634,89000000.0,19418716.1
177430024.9634,89000000.0,19418716.1
177430026.9634,89000000.0,19418716.1
177430028.9634,88999999.9,19418716.1
177430030.9634,88999999.9,19418716.1
177430032.9634,88999999.9,19418716.1
177430034.9634,89000000.0,19418716.1
177430036.9634,88999999.9,19418716.1
177430038.9634,88999999.9,19418716.1
177430040.9634,88999999.9,19418716.1
177430042.9634,88999999.9,19418716.1
177430044.9634,88999999.9,19418716.1
177430046.9634,88999999.9,19418716.1
177430048.9634,88999999.9,19418716.1
177430050.9634,88999999.9,19418716.1
177430052.9634,88999999.9,19418716.1
177430054.9634,88999999.9,19418716.1
177430056.9634,88999999.9,19418716.1
177430058.9634,88999999.9,19418716.1
177430060.9634,88999999.9,19418716.1
177430062.9634,88999999.9,19418716.1
177430064.9634,88999999.9,19418716.1
177430066.9634,88999999.9,19418716.1
177430068.9634,88999999.9,19418716.1
177430070.9634,88999999.9,19418716.1
177430072.9634,88999999.9,19418716.1
177430074.9634,88999999.9,19418716.1
177430076.9634,88999999.9,19418716.1
177430078.9634,88999999.9,19418716.1
177430080.9634,88999999.9,19418716.1
177430082.9634,88999999.9,19418716.1
177430084.9634,88999999.9,19418716.1
177430086.9634,88999999.9,19418716.1
177430088.9634,88999999.9,19418716.1
177430090.9634,88999999.9,19418716.1
177430092.9634,88999999.9,19418716.1
177430094.9634,88999999.9,19418716.1
177430096.9634,88999999.9,19418716.1
177430098.9634,88999999.9,19418716.1
177430100.9634,88999999.9,19418716.1
177430102.9634,88999999.9,19418716.1
177430104.9634,88999999.9,19418716.1
177430106.9634,88999999.9,19418716.1
177430108.9634,88999999.9,19418716.1
177430110.9634,88999999.9,19418716.1
177430112.9634,88999999.9,19418716.1
177430114.9634,88999999.9,19418716.1
177430116.9634,88999999.9,19418716.1
177430118.9634,88999999.9,19418716.1
177430120.9634,88999999.9,19418716.1
177430122.9634,88999999.9,19418716.1
177430124.9634,88999999.9,19418716.1
177430126.9634,88999999.9,19418716.1
177430128.9634,88999999.9,19418716.1
177430130.9634,88999999.9,19418716.1
177430132.9634,88999999.9,19418716.1
177430134.9634,88999999.9,19418716.1
177430136.9634,88999999.9,19418716.1
177430138.9634,88999999.80000001,19418716.1
177430140.9634,88999999.80000001,19418716.1
177430142.9634,88999999.80000001,19418716.1
177430144.9634,88999999.80000001,19418716.1
177430146.9634,88999999.80000001,19418716.1
177430149.0634,88999999.80000001,19418716.1
177430150.9634,88999999.80000001,19418716.1
177430152.9634,88999999.80000001,19418716.1
177430154.9634,88999999.80000001,19418716.1
177430156.9634,88999999.80000001,19418716.200000003
177430158.9634,88999999.80000001,19418716.200000003
177430160.9634,88999999.80000001,19418716.200000003
177430162.9634,88999999.80000001,19418716.200000003
177430164.9634,88999999.80000001,19418716.200000003
177430166.9634,88999999.80000001,19418716.200000003
177430168.9634,88999999.80000001,19418716.200000003
177430170.9634,88999999.80000001,19418716.200000003
177430172.9634,88999999.80000001,19418716.200000003
177430174.9634,88999999.80000001,19418716.200000003
177430176.9634,88999999.80000001,19418716.200000003
177430178.9634,88999999.80000001,19418716.200000003
177430180.9634,88999999.80000001,19418716.200000003
177430182.9634,88999999.80000001,19418716.200000003
177430184.9634,88999999.80000001,19418716.200000003
177430186.9634,88999999.80000001,19418716.200000003
177430188.9634,88999999.80000001,19418716.200000003
177430190.9634,88999999.80000001,19418716.200000003
177430192.9634,88999999.80000001,19418716.200000003
177430194.9634,88999999.80000001,19418716.200000003
177430196.9634,88999999.80000001,19418716.200000003
177430198.9634,88999999.80000001,19418716.200000003
177430200.9634,88999999.80000001,19418716.200000003
177430202.9634,88999999.80000001,19418716.200000003
177430204.9634,88999999.80000001,19418716.200000003
177430206.9634,88999999.80000001,19418716.200000003
177430208.9634,88999999.80000001,19418716.200000003
177430210.9634,88999999.80000001,19418716.200000003
177430212.9634,88999999.80000001,19418716.200000003
177430214.9634,88999999.80000001,19418716.200000003
177430216.9634,88999999.80000001,19418716.200000003
177430218.9634,88999999.80000001,19418716.200000003
177430220.9634,88999999.80000001,19418716.200000003
177430222.9634,88999999.80000001,19418716.200000003
177430224.9634,88999999.80000001,19418716.200000003
177430226.9634,88999999.80000001,19418716.200000003
177430228.9634,88999999.80000001,19418716.200000003
177430230.9634,88999999.80000001,19418716.200000003
177430232.9634,88999999.80000001,19418716.200000003
177430234.9634,88999999.80000001,19418716.200000003
177430236.9634,88999999.80000001,19418716.200000003
177430238.9634,88999999.80000001,19418716.200000003
177430240.9634,88999999.80000001,19418716.200000003
177430242.9634,88999999.80000001,19418716.200000003
177430244.9634,88999999.80000001,19418716.200000003
177430246.9634,88999999.80000001,19418716.200000003
177430248.9634,88999999.80000001,19418716.200000003
177430250.9634,88999999.80000001,19418716.200000003
177430252.9634,88999999.80000001,19418716.200000003
177430254.9634,88999999.80000001,19418716.200000003
177430256.9634,88999999.80000001,19418716.200000003
177430258.9634,88999999.80000001,19418716.200000003
177430260.9634,88999999.80000001,19418716.200000003
177430262.9634,88999999.80000001,19418716.200000003
177430264.9634,88999999.80000001,19418716.200000003
177430266.9634,88999999.80000001,19418716.200000003
177430268.9634,88999999.80000001,19418716.200000003
177430270.9634,88999999.80000001,19418716.200000003
177430272.9634,88999999.80000001,19418716.200000003
177430274.9634,88999999.80000001,19418716.200000003
177430276.9634,88999999.80000001,19418716.200000003
177430278.9634,88999999.80000001,19418716.200000003
177430280.9634,88999999.80000001,19418716.200000003
177430282.9634,88999999.80000001,19418716.200000003
177430284.9634,88999999.80000001,19418716.200000003
177430286.9634,88999999.80000001,19418716.200000003
177430288.9634,88999999.80000001,19418716.200000003
177430290.9634,88999999.80000001,19418716.200000003
177430292.9634,88999999.80000001,19418716.200000003
177430294.9634,88999999.80000001,19418716.200000003
177430296.9634,88999999.80000001,19418716.200000003
177430298.9634,88999999.80000001,19418716.200000003
177430300.9634,88999999.80000001,19418716.200000003
177430302.9634,88999999.80000001,19418716.200000003
177430304.9634,88999999.80000001,19418716.200000003
177430306.9634,88999999.80000001,19418716.200000003
177430308.9634,88999999.80000001,19418716.200000003
177430310.9634,88999999.80000001,19418716.200000003
177430312.9634,88999999.80000001,19418716.200000003
177430314.9634,88999999.80000001,19418716.200000003
177430316.9634,88999999.80000001,19418716.200000003
177430318.9634,88999999.80000001,19418716.200000003
177430320.9634,88999999.80000001,19418716.200000003
177430322.9634,88999999.80000001,19418716.200000003
177430324.9634,88999999.80000001,19418716.200000003
177430326.9634,88999999.80000001,19418716.200000003
177430328.9634,88999999.80000001,19418716.200000003
177430330.9634,88999999.80000001,19418716.200000003
177430332.9634,88999999.80000001,19418716.200000003
177430334.9634,88999999.80000001,19418716.200000003
177430336.9634,88999999.80000001,19418716.200000003
177430338.9634,88999999.80000001,19418716.200000003
177430340.9634,88999999.80000001,19418716.200000003
177430342.9634,88999999.80000001,19418716.200000003
177430344.9634,88999999.80000001,19418716.200000003
177430346.9634,88999999.80000001,19418716.200000003
177430348.9634,88999999.80000001,19418716.200000003
177430350.9634,88999999.80000001,19418716.200000003
177430352.9634,88999999.80000001,19418716.200000003
177430354.9634,88999999.80000001,19418716.200000003
177430356.9634,88999999.80000001,19418716.200000003
177430358.9634,88999999.80000001,19418716.200000003
177430360.9634,88999999.80000001,19418716.200000003
177430362.9634,88999999.80000001,19418716.200000003
177430364.9634,88999999.80000001,19418716.200000003
177430366.9634,88999999.80000001,19418716.200000003
177430368.9634,88999999.80000001,19418716.200000003
177430370.9634,88999999.80000001,19418716.200000003
177430372.9634,88999999.80000001,19418716.200000003
177430374.9634,88999999.80000001,19418716.200000003
177430376.9634,88999999.80000001,19418716.200000003
177430378.9634,88999999.80000001,19418716.200000003
177430380.9634,88999999.80000001,19418716.200000003
177430382.9634,88999999.80000001,19418716.200000003
177430384.9634,88999999.80000001,19418716.200000003
177430386.9634,88999999.80000001,19418716.200000003
177430388.9634,88999999.80000001,19418716.200000003
177430390.9634,88999999.80000001,19418716.200000003
177430392.9634,88999999.80000001,19418716.200000003
177430394.9634,88999999.80000001,19418716.200000003
177430396.9634,88999999.80000001,19418716.200000003
177430398.9634,88999999.80000001,19418716.200000003
177430400.9634,88999999.80000001,19418716.200000003
177430402.9634,88999999.80000001,19418716.200000003
177430404.9634,88999999.80000001,19418716.200000003
177430406.9634,88999999.80000001,19418716.200000003
177430408.9634,88999999.80000001,19418716.200000003
177430410.9634,88999999.80000001,19418716.200000003
177430412.9634,88999999.80000001,19418716.200000003
177430414.9634,88999999.80000001,19418716.200000003
177430416.9634,88999999.80000001,19418716.200000003
177430418.9634,88999999.80000001,19418716.200000003
177430420.9634,88999999.80000001,19418716.200000003
177430422.9634,88999999.80000001,19418716.200000003
177430424.9634,88999999.80000001,19418716.200000003
177430426.9634,88999999.80000001,19418716.200000003
177430428.9634,88999999.80000001,19418716.200000003
177430430.9634,88999999.80000001,19418716.200000003
177430432.9634,88999999.80000001,19418716.200000003
177430434.9634,88999999.80000001,19418716.200000003
177430436.9634,88999999.80000001,19418716.200000003
177430438.9634,88999999.80000001,19418716.200000003
177430440.9634,88999999.80000001,19418716.200000003
177430442.9634,88999999.80000001,19418716.200000003
177430444.9634,88999999.80000001,19418716.200000003
177430446.9634,88999999.80000001,19418716.200000003
177430448.9634,88999999.80000001,19418716.200000003
177430450.9634,88999999.80000001,19418716.200000003
177430452.9634,88999999.80000001,19418716.200000003
177430454.9634,88999999.80000001,19418716.200000003
177430456.9634,88999999.80000001,19418716.200000003
177430458.9634,88999999.80000001,19418716.200000003
177430460.9634,88999999.80000001,19418716.200000003
177430462.9634,88999999.80000001,19418716.200000003
177430464.9634,88999999.80000001,19418716.200000003
177430466.9634,88999999.80000001,19418716.200000003
177430468.9634,88999999.80000001,19418716.200000003
177430470.9634,88999999.80000001,19418716.200000003
177430472.9634,88999999.80000001,19418716.200000003
177430474.9634,88999999.80000001,19418716.200000003
177430476.9634,88999999.80000001,19418716.200000003
177430478.9634,88999999.80000001,19418716.200000003
177430480.9634,88999999.80000001,19418716.200000003
177430482.9634,88999999.80000001,19418716.200000003
177430484.9634,88999999.80000001,19418716.200000003
177430486.9634,88999999.80000001,19418716.200000003
177430488.9634,88999999.80000001,19418716.200000003
177430490.9634,88999999.80000001,19418716.200000003
177430492.9634,88999999.80000001,19418716.200000003
177430494.9634,88999999.80000001,19418716.200000003
177430496.9634,88999999.80000001,19418716.200000003
177430498.9634,88999999.80000001,19418716.200000003
177430500.9634,88999999.80000001,19418716.200000003
177430502.9634,88999999.80000001,19418716.200000003
177430504.9634,88999999.80000001,19418716.200000003
177430506.9634,88999999.80000001,19418716.200000003
177430508.9634,88999999.80000001,19418716.200000003
177430510.9634,88999999.80000001,19418716.200000003
177430512.9634,88999999.80000001,19418716.200000003
177430514.9634,88999999.80000001,19418716.200000003
177430516.9634,88999999.80000001,19418716.200000003
177430518.9634,88999999.80000001,19418716.200000003
177430520.9634,88999999.80000001,19418716.200000003
177430522.9634,88999999.80000001,19418716.200000003
177430524.9634,88999999.80000001,19418716.200000003
177430526.9634,88999999.80000001,19418716.200000003
177430528.9634,88999999.80000001,19418716.200000003
177430530.9634,88999999.80000001,19418716.200000003
177430532.9634,88999999.80000001,19418716.200000003
177430534.9634,88999999.80000001,19418716.200000003
177430536.9634,88999999.80000001,19418716.200000003
177430538.9634,88999999.80000001,19418716.200000003
177430540.9634,88999999.80000001,19418716.200000003
177430542.9634,88999999.80000001,19418716.200000003
177430544.9634,88999999.80000001,19418716.200000003
177430546.9634,88999999.80000001,19418716.200000003
177430548.9634,88999999.80000001,19418716.200000003
177430550.9634,88999999.80000001,19418716.200000003
177430552.9634,88999999.80000001,19418716.200000003
177430554.9634,88999999.80000001,19418716.200000003
177430556.9634,88999999.80000001,19418716.200000003
177430558.9634,88999999.80000001,19418716.200000003
177430560.9634,88999999.80000001,19418716.200000003
177430562.9634,88999999.80000001,19418716.200000003
177430564.9634,88999999.80000001,19418716.200000003
177430566.9634,88999999.80000001,19418716.200000003
177430568.9634,88999999.80000001,19418716.200000003
177430570.9634,88999999.80000001,19418716.200000003
177430572.9634,88999999.80000001,19418716.200000003
177430574.9634,88999999.80000001,19418716.200000003
177430576.9634,88999999.80000001,19418716.200000003
177430578.9634,88999999.80000001,19418716.200000003
177430580.9634,88999999.80000001,19418716.200000003
177430582.9634,88999999.80000001,19418716.200000003
177430584.9634,88999999.80000001,19418716.200000003
177430586.9634,88999999.80000001,19418716.200000003
177430588.9634,88999999.80000001,19418716.200000003
177430590.9634,88999999.80000001,19418716.200000003
177430592.9634,88999999.80000001,19418716.200000003
177430594.9634,88999999.80000001,19418716.200000003
177430596.9634,88999999.80000001,19418716.200000003
177430598.9634,88999999.80000001,19418716.200000003
177430600.9634,88999999.80000001,19418716.200000003
177430602.9634,88999999.80000001,19418716.200000003
177430604.9634,88999999.80000001,19418716.200000003
177430606.9634,88999999.80000001,19418716.200000003
177430608.9634,88999999.80000001,19418716.200000003
177430610.9634,88999999.80000001,19418716.200000003
177430612.9634,88999999.80000001,19418716.200000003
177430614.9634,88999999.80000001,19418716.200000003
177430616.9634,88999999.80000001,19418716.200000003
177430618.9634,88999999.80000001,19418716.200000003
177430620.9634,88999999.80000001,19418716.200000003
177430622.9634,88999999.80000001,19418716.200000003
177430624.9634,88999999.80000001,19418716.200000003
177430626.9634,88999999.80000001,19418716.200000003
177430628.9634,88999999.80000001,19418716.200000003
177430630.9634,88999999.80000001,19418716.200000003
177430632.9634,88999999.80000001,19418716.200000003
177430634.9634,88999999.80000001,19418716.200000003
177430636.9634,88999999.80000001,19418716.200000003
177430638.9634,88999999.80000001,19418716.200000003
177430640.9634,88999999.80000001,19418716.200000003
177430642.9634,88999999.80000001,19418716.200000003
177430644.9634,88999999.80000001,19418716.200000003
177430646.9634,88999999.80000001,19418716.200000003
177430648.9634,88999999.80000001,19418716.200000003
177430650.9634,88999999.80000001,19418716.200000003
177430652.9634,88999999.80000001,19418716.200000003
177430654.9634,88999999.80000001,19418716.200000003
177430656.9634,88999999.80000001,19418716.200000003
177430658.9634,88999999.80000001,19418716.200000003
177430660.9634,88999999.80000001,19418716.200000003
177430662.9634,88999999.80000001,19418716.200000003
177430664.9634,88999999.80000001,19418716.200000003
177430666.9634,88999999.80000001,19418716.200000003
177430668.9634,88999999.80000001,19418716.200000003
177430670.9634,88999999.80000001,19418716.200000003
177430672.9634,88999999.80000001,19418716.200000003
177430674.9634,88999999.80000001,19418716.200000003
177430676.9634,88999999.80000001,19418716.200000003
177430678.9634,88999999.80000001,19418716.200000003
177430680.9634,88999999.80000001,19418716.200000003
177430682.9634,88999999.80000001,19418716.200000003
177430684.9634,88999999.80000001,19418716.200000003
177430686.9634,88999999.80000001,19418716.200000003
177430688.9634,88999999.80000001,19418716.200000003
177430690.9634,88999999.80000001,19418716.200000003
177430692.9634,88999999.80000001,19418716.200000003
177430694.9634,88999999.80000001,19418716.200000003
177430696.9634,88999999.80000001,19418716.200000003
177430698.9634,88999999.80000001,19418716.200000003
177430700.9634,88999999.80000001,19418716.200000003
177430702.9634,88999999.80000001,19418716.200000003
177430704.9634,88999999.80000001,19418716.200000003
177430706.9634,88999999.80000001,19418716.200000003
177430708.9634,88999999.80000001,19418716.200000003
177430710.9634,88999999.80000001,19418716.200000003
177430712.9634,88999999.80000001,19418716.200000003
177430714.9634,88999999.80000001,19418716.200000003
177430716.9634,88999999.80000001,19418716.200000003
177430718.9634,88999999.80000001,19418716.200000003
177430720.9634,88999999.80000001,19418716.200000003
177430722.9634,88999999.80000001,19418716.200000003
177430724.9634,88999999.80000001,19418716.200000003
177430726.9634,88999999.80000001,19418716.200000003
177430728.9634,88999999.80000001,19418716.200000003
177430730.9634,88999999.80000001,19418716.200000003
177430732.9634,88999999.80000001,19418716.200000003
177430734.9634,88999999.80000001,19418716.200000003
177430736.9634,88999999.80000001,19418716.200000003
177430738.9634,88999999.80000001,19418716.200000003
177430740.9634,88999999.80000001,19418716.200000003
177430742.9634,88999999.80000001,19418716.200000003
177430744.9634,88999999.80000001,19418716.200000003
177430746.9634,88999999.80000001,19418716.200000003
177430748.9634,88999999.80000001,19418716.200000003
177430750.9634,88999999.80000001,19418716.200000003
177430752.9634,88999999.80000001,19418716.200000003
177430754.9634,88999999.80000001,19418716.200000003
177430756.9634,88999999.80000001,19418716.200000003
177430758.9634,88999999.80000001,19418716.200000003
177430760.9634,88999999.80000001,19418716.200000003
177430762.9634,88999999.80000001,19418716.200000003
177430764.9634,88999999.80000001,19418716.200000003
177430766.9634,88999999.80000001,19418716.200000003
177430768.9634,88999999.80000001,19418716.200000003
177430770.9634,88999999.80000001,19418716.200000003
177430772.9634,88999999.80000001,19418716.200000003
177430774.9634,88999999.80000001,19418716.200000003
177430776.9634,88999999.80000001,19418716.200000003
177430779.0634,88999999.80000001,19418716.200000003
177430780.9634,88999999.80000001,19418716.200000003
177430782.9634,88999999.80000001,19418716.200000003
177430784.9634,88999999.80000001,19418716.200000003
177430786.9634,88999999.80000001,19418716.200000003
177430788.9634,88999999.80000001,19418716.200000003
177430790.9634,88999999.80000001,19418716.200000003
177430792.9634,88999999.80000001,19418716.200000003
177430794.9634,88999999.80000001,19418716.200000003
177430796.9634,88999999.80000001,19418716.200000003
177430798.9634,88999999.80000001,19418716.200000003
177430800.9634,88999999.80000001,19418716.200000003
177430802.9634,88999999.80000001,19418716.200000003
177430804.9634,88999999.80000001,19418716.200000003
177430806.9634,88999999.80000001,19418716.200000003
177430808.9634,88999999.80000001,19418716.200000003
177430810.9634,88999999.80000001,19418716.200000003
177430812.9634,88999999.80000001,19418716.200000003
177430814.9634,88999999.80000001,19418716.200000003
177430816.9634,88999999.80000001,19418716.200000003
177430818.9634,88999999.80000001,19418716.200000003
177430820.9634,88999999.80000001,19418716.200000003
177430822.9634,88999999.80000001,19418716.200000003
177430824.9634,88999999.80000001,19418716.200000003
177430826.9634,88999999.80000001,19418716.200000003
177430828.9634,88999999.80000001,19418716.200000003
177430830.9634,88999999.80000001,19418716.200000003
177430832.9634,88999999.80000001,19418716.200000003
177430834.9634,88999999.80000001,19418716.200000003
177430836.9634,88999999.80000001,19418716.200000003
177430838.9634,88999999.80000001,19418716.200000003
177430840.9634,88999999.80000001,19418716.200000003
177430842.9634,88999999.80000001,19418716.200000003
177430844.9634,88999999.80000001,19418716.200000003
177430846.9634,88999999.80000001,19418716.200000003
177430848.9634,88999999.80000001,19418716.200000003
177430850.9634,88999999.80000001,19418716.200000003
177430852.9634,88999999.80000001,19418716.200000003
177430854.9634,88999999.80000001,19418716.200000003
177430856.9634,88999999.80000001,19418716.200000003
177430858.9634,88999999.80000001,19418716.200000003
177430860.9634,88999999.80000001,19418716.200000003
177430862.9634,88999999.80000001,19418716.200000003
177430864.9634,88999999.80000001,19418716.200000003
177430866.9634,88999999.80000001,19418716.200000003
177430868.9634,88999999.80000001,19418716.200000003
177430870.9634,88999999.80000001,19418716.200000003
177430872.9634,88999999.80000001,19418716.200000003
177430874.9634,88999999.80000001,19418716.200000003
177430876.9634,88999999.80000001,19418716.200000003
177430878.9634,88999999.80000001,19418716.200000003
177430880.9634,88999999.80000001,19418716.200000003
177430882.9634,88999999.80000001,19418716.200000003
177430884.9634,88999999.80000001,19418716.200000003
177430886.9634,88999999.80000001,19418716.200000003
177430888.9634,88999999.80000001,19418716.200000003
177430890.9634,88999999.80000001,19418716.200000003
177430892.9634,88999999.80000001,19418716.200000003
177430894.9634,88999999.80000001,19418716.200000003
177430896.9634,88999999.80000001,19418716.200000003
177430898.9634,88999999.80000001,19418716.200000003
177430900.9634,88999999.80000001,19418716.200000003
177430902.9634,88999999.80000001,19418716.200000003
177430904.9634,88999999.80000001,19418716.200000003
177430906.9634,88999999.80000001,19418716.200000003
177430908.9634,88999999.80000001,19418716.200000003
177430910.9634,88999999.80000001,19418716.200000003
177430912.9634,88999999.80000001,19418716.200000003
177430914.9634,88999999.80000001,19418716.200000003
177430916.9634,88999999.80000001,19418716.200000003
177430918.9634,88999999.80000001,19418716.200000003
177430920.9634,88999999.80000001,19418716.200000003
177430922.9634,88999999.80000001,19418716.200000003
177430924.9634,88999999.80000001,19418716.200000003
177430926.9634,88999999.80000001,19418716.200000003
177430928.9634,88999999.80000001,19418716.200000003
177430930.9634,88999999.80000001,19418716.200000003
177430932.9634,88999999.80000001,19418716.200000003
177430934.9634,88999999.80000001,19418716.200000003
177430936.9634,88999999.80000001,19418716.200000003
177430938.9634,88999999.80000001,19418716.200000003
177430940.9634,88999999.80000001,19418716.200000003
177430942.9634,88999999.80000001,19418716.200000003
177430944.9634,88999999.80000001,19418716.200000003
177430946.9634,88999999.80000001,19418716.200000003
177430948.9634,88999999.80000001,19418716.200000003
177430950.9634,88999999.80000001,19418716.200000003
177430952.9634,88999999.80000001,19418716.200000003
177430954.9634,88999999.80000001,19418716.200000003
177430956.9634,88999999.80000001,19418716.200000003
177430958.9634,88999999.80000001,19418716.200000003
177430960.9634,88999999.80000001,19418716.200000003
177430962.9634,88999999.80000001,19418716.200000003
177430964.9634,88999999.80000001,19418716.200000003
177430966.9634,88999999.80000001,19418716.200000003
177430968.9634,88999999.80000001,19418716.200000003
177430970.9634,88999999.80000001,19418716.200000003
177430972.9634,88999999.80000001,19418716.200000003
177430974.9634,88999999.80000001,19418716.200000003
177430976.9634,88999999.80000001,19418716.200000003
177430978.9634,88999999.80000001,19418716.200000003
177430980.9634,88999999.80000001,19418716.200000003
177430982.9634,88999999.80000001,19418716.200000003
177430984.9634,88999999.80000001,19418716.200000003
177430986.9634,88999999.80000001,19418716.200000003
177430988.9634,88999999.80000001,19418716.200000003
177430990.9634,88999999.80000001,19418716.200000003
177430992.9634,88999999.80000001,19418716.200000003
177430994.9634,88999999.80000001,19418716.200000003
177430996.9634,88999999.80000001,19418716.200000003
177430998.9634,88999999.80000001,19418716.200000003
177431000.9634,88999999.80000001,19418716.200000003
177431003.0634,88999999.80000001,19418716.200000003
177431005.0634,88999999.80000001,19418716.200000003
177431007.0634,88999999.80000001,19418716.200000003
177431009.0634,88999999.80000001,19418716.200000003
177431011.0634,88999999.80000001,19418716.200000003
177431013.0634,88999999.80000001,19418716.200000003
177431015.0634,88999999.80000001,19418716.200000003
177431017.0634,88999999.80000001,19418716.200000003
177431019.0634,88999999.80000001,19418716.200000003
177431021.0634,88999999.80000001,19418716.200000003
177431023.0634,88999999.80000001,19418716.200000003
177431025.0634,88999999.80000001,19418716.200000003
177431027.0634,88999999.80000001,19418716.200000003
177431029.0634,88999999.80000001,19418716.200000003
177431031.0634,88999999.80000001,19418716.200000003
177431033.0634,88999999.80000001,19418716.200000003
177431035.0634,88999999.80000001,19418716.200000003
177431037.0634,88999999.80000001,19418716.200000003
177431039.0634,88999999.80000001,19418716.200000003
177431041.0634,88999999.80000001,19418716.200000003
177431043.0634,88999999.80000001,19418716.200000003
177431045.0634,88999999.80000001,19418716.200000003
177431047.0634,88999999.80000001,19418716.200000003
177431049.0634,88999999.80000001,19418716.200000003
177431051.0634,88999999.80000001,19418716.200000003
177431053.0634,88999999.80000001,19418716.200000003
177431055.0634,88999999.80000001,19418716.200000003
177431057.0634,88999999.80000001,19418716.200000003
177431059.0634,88999999.80000001,19418716.200000003
177431061.0634,88999999.80000001,19418716.200000003
177431063.0634,88999999.80000001,19418716.200000003
177431065.0634,88999999.80000001,19418716.200000003
177431067.0634,88999999.80000001,19418716.200000003
177431069.0634,88999999.80000001,19418716.200000003
177431071.0634,88999999.80000001,19418716.200000003
177431073.0634,88999999.80000001,19418716.200000003
177431075.0634,88999999.80000001,19418716.200000003
177431077.0634,88999999.80000001,19418716.200000003
177431079.0634,88999999.80000001,19418716.200000003
177431081.0634,88999999.80000001,19418716.200000003
177431083.0634,88999999.80000001,19418716.200000003
177431085.0634,88999999.80000001,19418716.200000003
177431087.0634,88999999.80000001,19418716.200000003
177431089.0634,88999999.80000001,19418716.200000003
177431091.0634,88999999.80000001,19418716.200000003
177431093.0634,88999999.80000001,19418716.200000003
177431095.0634,88999999.80000001,19418716.200000003
177431097.0634,88999999.80000001,19418716.200000003
177431099.0634,88999999.80000001,19418716.200000003
177431101.0634,88999999.80000001,19418716.200000003
177431103.0634,88999999.80000001,19418716.200000003
177431105.0634,88999999.80000001,19418716.200000003
177431107.0634,88999999.80000001,19418716.200000003
177431109.0634,88999999.80000001,19418716.200000003
177431111.0634,88999999.80000001,19418716.200000003
177431113.0634,88999999.80000001,19418716.200000003
177431115.0634,88999999.80000001,19418716.200000003
177431117.0634,88999999.80000001,19418716.200000003
177431119.0634,88999999.80000001,19418716.200000003
177431121.0634,88999999.80000001,19418716.200000003
177431123.0634,88999999.80000001,19418716.200000003
177431125.0634,88999999.80000001,19418716.200000003
177431127.0634,88999999.80000001,19418716.200000003
177431129.0634,88999999.80000001,19418716.200000003
177431131.0634,88999999.80000001,19418716.200000003
177431133.0634,88999999.80000001,19418716.200000003
177431135.0634,88999999.80000001,19418716.200000003
177431137.0634,88999999.80000001,19418716.200000003
177431139.0634,88999999.80000001,19418716.200000003
177431141.0634,88999999.80000001,19418716.200000003
177431143.0634,88999999.80000001,19418716.200000003
177431145.0634,88999999.80000001,19418716.200000003
177431147.0634,88999999.80000001,19418716.200000003
177431149.0634,88999999.80000001,19418716.200000003
177431151.0634,88999999.80000001,19418716.200000003
177431153.0634,88999999.80000001,19418716.200000003
177431155.0634,88999999.80000001,19418716.200000003
177431157.0634,88999999.80000001,19418716.200000003
177431159.0634,88999999.80000001,19418716.200000003
177431161.0634,88999999.80000001,19418716.200000003
177431163.0634,88999999.80000001,19418716.200000003
177431165.0634,88999999.80000001,19418716.200000003
177431167.0634,88999999.80000001,19418716.200000003
177431169.0634,88999999.80000001,19418716.200000003
177431171.0634,88999999.80000001,19418716.200000003
177431173.0634,88999999.80000001,19418716.200000003
177431175.0634,88999999.80000001,19418716.200000003
177431177.0634,88999999.80000001,19418716.200000003
177431179.0634,88999999.80000001,19418716.200000003
177431181.0634,88999999.80000001,19418716.200000003
177431183.0634,88999999.80000001,19418716.200000003
177431185.0634,88999999.80000001,19418716.200000003
177431187.0634,88999999.80000001,19418716.200000003
177431189.0634,88999999.80000001,19418716.200000003
177431191.0634,88999999.80000001,19418716.200000003
177431193.0634,88999999.80000001,19418716.200000003
177431195.0634,88999999.80000001,19418716.200000003
177431197.0634,88999999.80000001,19418716.200000003
177431199.0634,88999999.80000001,19418716.200000003
177431201.0634,88999999.80000001,19418716.200000003
177431203.0634,88999999.80000001,19418716.200000003
177431205.0634,88999999.80000001,19418716.200000003
177431207.0634,88999999.80000001,19418716.200000003
177431209.0634,88999999.80000001,19418716.200000003
177431211.0634,88999999.80000001,19418716.200000003
177431213.0634,88999999.80000001,19418716.200000003
177431215.0634,88999999.80000001,19418716.200000003
177431217.0634,88999999.80000001,19418716.200000003
177431219.0634,88999999.80000001,19418716.200000003
177431221.0634,88999999.80000001,19418716.200000003
177431223.0634,88999999.80000001,19418716.200000003
177431225.0634,88999999.80000001,19418716.200000003
177431227.0634,88999999.80000001,19418716.200000003
177431229.0634,88999999.80000001,19418716.200000003
177431231.0634,88999999.80000001,19418716.200000003
177431233.0634,88999999.80000001,19418716.200000003
177431235.0634,88999999.80000001,19418716.200000003
177431237.0634,88999999.80000001,19418716.200000003
177431239.0634,88999999.80000001,19418716.200000003
177431241.0634,88999999.80000001,19418716.200000003
177431243.0634,88999999.80000001,19418716.200000003
177431245.0634,88999999.80000001,19418716.200000003
177431247.0634,88999999.80000001,19418716.200000003
177431249.0634,88999999.80000001,19418716.200000003
177431251.0634,88999999.80000001,19418716.200000003
177431253.0634,88999999.80000001,19418716.200000003
177431255.0634,88999999.80000001,19418716.200000003
177431257.0634,88999999.80000001,19418716.200000003
177431259.0634,88999999.80000001,19418716.200000003
177431261.0634,88999999.80000001,19418716.200000003
177431263.0634,88999999.80000001,19418716.200000003
177431265.0634,88999999.80000001,19418716.200000003
177431267.0634,88999999.80000001,19418716.200000003
177431269.0634,88999999.80000001,19418716.200000003
177431271.0634,88999999.80000001,19418716.200000003
177431273.0634,88999999.80000001,19418716.200000003
177431275.0634,88999999.80000001,19418716.200000003
177431277.0634,88999999.80000001,19418716.200000003
177431279.0634,88999999.80000001,19418716.200000003
177431281.0634,88999999.80000001,19418716.200000003
177431283.0634,88999999.80000001,19418716.200000003
177431285.0634,88999999.80000001,19418716.200000003
177431287.0634,88999999.80000001,19418716.200000003
177431289.0634,88999999.80000001,19418716.200000003
177431291.0634,88999999.80000001,19418716.200000003
177431293.0634,88999999.80000001,19418716.200000003
177431295.0634,88999999.80000001,19418716.200000003
177431297.0634,88999999.70000002,19418716.200000003
177431299.0634,88999999.70000002,19418716.200000003
177431301.0634,88999999.70000002,19418716.200000003
177431303.0634,88999999.70000002,19418716.200000003
177431305.0634,88999999.70000002,19418716.200000003
177431307.0634,88999999.70000002,19418716.200000003
177431309.0634,88999999.70000002,19418716.200000003
177431311.0634,88999999.70000002,19418716.200000003
177431313.0634,88999999.70000002,19418716.200000003
177431315.0634,88999999.70000002,19418716.200000003
177431317.0634,88999999.70000002,19418716.200000003
177431319.0634,88999999.70000002,19418716.200000003
177431321.0634,88999999.70000002,19418716.200000003
177431323.0634,88999999.70000002,19418716.200000003
177431325.0634,88999999.70000002,19418716.200000003
177431327.0634,88999999.70000002,19418716.200000003
177431329.0634,88999999.70000002,19418716.200000003
177431331.0634,88999999.70000002,19418716.200000003
177431333.0634,88999999.70000002,19418716.200000003
177431335.0634,88999999.60000002,19418716.200000003
177431337.0634,88999999.60000002,19418716.200000003
177431339.0634,88999999.60000002,19418716.200000003
177431341.0634,88999999.60000002,19418716.200000003
177431343.0634,88999999.60000002,19418716.200000003
177431345.0634,88999999.60000002,19418716.200000003
177431347.0634,88999999.60000002,19418716.200000003
177431349.0634,88999999.60000002,19418716.200000003
177431351.0634,88999999.60000002,19418716.200000003
177431353.0634,88999999.60000002,19418716.200000003
177431355.0634,88999999.60000002,19418716.200000003
177431357.0634,88999999.60000002,19418716.200000003
177431359.0634,88999999.60000002,19418716.200000003
177431361.0634,88999999.60000002,19418716.200000003
177431363.0634,88999999.60000002,19418716.200000003
177431365.0634,88999999.60000002,19418716.200000003
177431367.0634,88999999.60000002,19418716.200000003
177431369.0634,88999999.60000002,19418716.200000003
177431371.0634,88999999.60000002,19418716.200000003
177431373.0634,88999999.60000002,19418716.200000003
177431375.0634,88999999.60000002,19418716.200000003
177431377.0634,88999999.60000002,19418716.200000003
177431379.0634,88999999.60000002,19418716.200000003
177431381.0634,88999999.60000002,19418716.200000003
177431383.0634,88999999.60000002,19418716.200000003
177431385.0634,88999999.60000002,19418716.200000003
177431387.0634,88999999.60000002,19418716.200000003
177431389.0634,88999999.60000002,19418716.200000003
177431391.0634,88999999.60000002,19418716.200000003
177431393.0634,88999999.60000002,19418716.200000003
177431395.0634,88999999.60000002,19418716.200000003
177431397.0634,88999999.60000002,19418716.200000003
177431399.0634,88999999.60000002,19418716.200000003
177431401.0634,88999999.60000002,19418716.200000003
177431403.0634,88999999.60000002,19418716.200000003
177431405.0634,88999999.60000002,19418716.200000003
177431407.0634,88999999.60000002,19418716.200000003
177431409.0634,88999999.60000002,19418716.200000003
177431411.0634,88999999.60000002,19418716.200000003
177431413.0634,88999999.60000002,19418716.200000003
177431415.0634,88999999.60000002,19418716.200000003
177431417.0634,88999999.60000002,19418716.200000003
177431419.0634,88999999.60000002,19418716.200000003
177431421.0634,88999999.60000002,19418716.200000003
177431423.0634,88999999.60000002,19418716.200000003
177431425.0634,88999999.60000002,19418716.200000003
177431427.0634,88999999.60000002,19418716.200000003
177431429.0634,88999999.60000002,19418716.200000003
177431431.0634,88999999.60000002,19418716.200000003
177431433.0634,88999999.60000002,19418716.200000003
177431435.0634,88999999.60000002,19418716.200000003
177431437.0634,88999999.60000002,19418716.200000003
177431439.0634,88999999.60000002,19418716.200000003
177431441.0634,88999999.60000002,19418716.200000003
177431443.1634,88999999.60000002,19418716.200000003
177431445.0634,88999999.60000002,19418716.200000003
177431447.0634,88999999.60000002,19418716.200000003
177431449.0634,88999999.60000002,19418716.200000003
177431451.0634,88999999.60000002,19418716.200000003
177431453.0634,88999999.60000002,19418716.200000003
177431455.0634,88999999.60000002,19418716.200000003
177431457.0634,88999999.60000002,19418716.200000003
177431459.0634,88999999.60000002,19418716.200000003
177431461.0634,88999999.60000002,19418716.200000003
177431463.0634,88999999.60000002,19418716.200000003
177431465.0634,88999999.60000002,19418716.200000003
177431467.0634,88999999.60000002,19418716.200000003
177431469.0634,88999999.60000002,19418716.200000003
177431471.0634,88999999.60000002,19418716.200000003
177431473.0634,88999999.60000002,19418716.200000003
177431475.0634,88999999.60000002,19418716.200000003
177431477.0634,88999999.60000002,19418716.200000003
177431479.0634,88999999.60000002,19418716.200000003
177431481.0634,88999999.60000002,19418716.200000003
177431483.0634,88999999.60000002,19418716.200000003
177431485.0634,88999999.60000002,19418716.200000003
177431487.0634,88999999.60000002,19418716.200000003
177431489.0634,88999999.60000002,19418716.200000003
177431491.0634,88999999.60000002,19418716.200000003
177431493.0634,2.9802322387695312e-08,19418716.200000003
177431495.0634,2.9802322387695312e-08,19418716.200000003
177431497.0634,2.9802322387695312e-08,19418716.200000003
177431499.0634,2.9802322387695312e-08,19418716.200000003
177431501.0634,2.9802322387695312e-08,19418716.200000003
177431503.0634,2.9802322387695312e-08,19418716.200000003
177431505.0634,2.9802322387695312e-08,19418716.200000003
177431507.0634,2.9802322387695312e-08,19418716.200000003
177431509.0634,2.9802322387695312e-08,19418716.200000003
177431511.0634,2.9802322387695312e-08,19418716.200000003
177431513.0634,2.9802322387695312e-08,19418716.200000003
177431515.0634,2.9802322387695312e-08,19418716.200000003
177431517.0634,2.9802322387695312e-08,19418716.200000003
177431519.0634,2.9802322387695312e-08,19418716.200000003
177431521.0634,2.9802322387695312e-08,19418716.200000003
177431523.0634,2.9802322387695312e-08,19418716.200000003
177431525.0634,2.9802322387695312e-08,19418716.200000003
177431527.0634,2.9802322387695312e-08,19418716.200000003
177431529.0634,2.9802322387695312e-08,19418716.200000003
177431531.0634,2.9802322387695312e-08,19418716.200000003
177431533.0634,2.9802322387695312e-08,19418716.200000003
177431535.0634,2.9802322387695312e-08,19418716.200000003
177431537.0634,2.9802322387695312e-08,19418716.200000003
177431539.0634,2.9802322387695312e-08,19418716.200000003
177431541.0634,2.9802322387695312e-08,19418716.200000003
177431543.0634,2.9802322387695312e-08,19418716.200000003
177431545.0634,2.9802322387695312e-08,19418716.200000003
177431547.0634,2.9802322387695312e-08,19418716.200000003
177431549.0634,2.9802322387695312e-08,19418716.200000003
177431551.0634,2.9802322387695312e-08,19418716.200000003
177431553.0634,2.9802322387695312e-08,19418716.200000003
177431555.0634,2.9802322387695312e-08,19418716.200000003
177431557.0634,2.9802322387695312e-08,19418716.200000003
177431559.0634,2.9802322387695312e-08,19418716.200000003
177431561.0634,2.9802322387695312e-08,19418716.200000003
177431563.0634,2.9802322387695312e-08,19418716.200000003
177431565.0634,2.9802322387695312e-08,19418716.200000003
177431567.0634,2.9802322387695312e-08,19418716.200000003
177431569.0634,2.9802322387695312e-08,19418716.200000003
177431571.0634,2.9802322387695312e-08,19418716.200000003
177431573.0634,2.9802322387695312e-08,19418716.200000003
177431575.0634,2.9802322387695312e-08,19418716.200000003
177431577.0634,2.9802322387695312e-08,19418716.200000003
177431579.0634,2.9802322387695312e-08,19418716.200000003
177431581.0634,2.9802322387695312e-08,19418716.200000003
177431583.0634,2.9802322387695312e-08,19418716.200000003
177431585.0634,2.9802322387695312e-08,19418716.200000003
177431587.0634,2.9802322387695312e-08,19418716.200000003
177431589.0634,2.9802322387695312e-08,19418716.200000003
177431591.0634,2.9802322387695312e-08,19418716.200000003
177431593.0634,2.9802322387695312e-08,19418716.200000003
177431595.0634,2.9802322387695312e-08,19418716.200000003
177431597.0634,2.9802322387695312e-08,19418716.200000003
177431599.0634,2.9802322387695312e-08,19418716.200000003
177431601.0634,2.9802322387695312e-08,19418716.200000003
177431603.0634,2.9802322387695312e-08,19418716.200000003
177431605.0634,2.9802322387695312e-08,19418716.200000003
177431607.0634,2.9802322387695312e-08,19418716.200000003
177431609.0634,2.9802322387695312e-08,19418716.200000003
177431611.0634,2.9802322387695312e-08,19418716.200000003
177431613.0634,2.9802322387695312e-08,19418716.200000003
177431615.0634,2.9802322387695312e-08,19418716.200000003
177431617.0634,2.9802322387695312e-08,19418716.200000003
177431619.0634,2.9802322387695312e-08,19418716.200000003
177431621.0634,2.9802322387695312e-08,19418716.200000003
177431623.0634,2.9802322387695312e-08,19418716.200000003
177431625.0634,2.9802322387695312e-08,19418716.200000003
177431627.0634,2.9802322387695312e-08,19418716.200000003
177431629.0634,2.9802322387695312e-08,19418716.200000003
177431631.0634,2.9802322387695312e-08,19418716.200000003
177431633.0634,2.9802322387695312e-08,19418716.200000003
177431635.0634,2.9802322387695312e-08,19418716.200000003
177431637.0634,2.9802322387695312e-08,19418716.200000003
177431639.0634,2.9802322387695312e-08,19418716.200000003
177431641.0634,2.9802322387695312e-08,19418716.200000003
177431643.0634,2.9802322387695312e-08,19418716.200000003
177431645.0634,2.9802322387695312e-08,19418716.200000003
177431647.0634,2.9802322387695312e-08,19418716.200000003
177431649.0634,2.9802322387695312e-08,19418716.200000003
177431651.0634,2.9802322387695312e-08,19418716.200000003
177431653.0634,2.9802322387695312e-08,19418716.200000003
177431655.0634,2.9802322387695312e-08,19418716.200000003
177431657.0634,2.9802322387695312e-08,19418716.200000003
177431659.0634,2.9802322387695312e-08,19418716.200000003
177431661.0634,2.9802322387695312e-08,19418716.200000003
177431663.1634,2.9802322387695312e-08,19418716.200000003
177431665.0634,2.9802322387695312e-08,19418716.200000003
177431667.0634,2.9802322387695312e-08,19418716.200000003
177431669.0634,2.9802322387695312e-08,19418716.200000003
177431671.0634,2.9802322387695312e-08,19418716.200000003
177431673.0634,2.9802322387695312e-08,19418716.200000003
177431675.0634,2.9802322387695312e-08,19418716.200000003
177431677.0634,2.9802322387695312e-08,19418716.200000003
177431679.0634,2.9802322387695312e-08,19418716.200000003
177431681.0634,2.9802322387695312e-08,19418716.200000003
177431683.0634,2.9802322387695312e-08,19418716.200000003
177431685.0634,2.9802322387695312e-08,19418716.200000003
177431687.0634,2.9802322387695312e-08,19418716.200000003
177431689.0634,2.9802322387695312e-08,19418716.200000003
177431691.0634,2.9802322387695312e-08,19418716.200000003
177431693.0634,2.9802322387695312e-08,19418716.200000003
177431695.0634,2.9802322387695312e-08,19418716.200000003
177431697.0634,2.9802322387695312e-08,19418716.200000003
177431699.0634,2.9802322387695312e-08,19418716.200000003
177431701.0634,2.9802322387695312e-08,19418716.200000003
177431703.0634,2.9802322387695312e-08,19418716.200000003
177431705.0634,2.9802322387695312e-08,19418716.200000003
177431707.0634,2.9802322387695312e-08,19418716.200000003
177431709.0634,2.9802322387695312e-08,19418716.200000003
177431711.0634,2.9802322387695312e-08,19418716.200000003
177431713.0634,2.9802322387695312e-08,19418716.200000003
177431715.0634,2.9802322387695312e-08,19418716.200000003
177431717.0634,2.9802322387695312e-08,19418716.200000003
177431719.0634,2.9802322387695312e-08,19418716.200000003
177431721.0634,2.9802322387695312e-08,19418716.200000003
177431723.0634,2.9802322387695312e-08,19418716.200000003
177431725.0634,2.9802322387695312e-08,19418716.200000003
177431727.0634,2.9802322387695312e-08,19418716.200000003
177431729.0634,2.9802322387695312e-08,19418716.200000003
177431731.0634,2.9802322387695312e-08,19418716.200000003
177431733.0634,2.9802322387695312e-08,19418716.200000003
177431735.0634,2.9802322387695312e-08,19418716.200000003
177431737.0634,2.9802322387695312e-08,19418716.200000003
177431739.0634,2.9802322387695312e-08,19418716.200000003
177431741.0634,2.9802322387695312e-08,19418716.200000003
177431743.0634,2.9802322387695312e-08,19418716.200000003
177431745.0634,2.9802322387695312e-08,19418716.200000003
177431747.0634,2.9802322387695312e-08,19418716.200000003
177431749.0634,2.9802322387695312e-08,19418716.200000003
177431751.0634,2.9802322387695312e-08,19418716.200000003
177431753.0634,2.9802322387695312e-08,19418716.200000003
177431755.0634,2.9802322387695312e-08,19418716.200000003
177431757.0634,2.9802322387695312e-08,19418716.200000003
177431759.0634,98000000.00000003,19418716.200000003
177431761.0634,98000000.00000003,19418716.200000003
177431763.0634,98000000.00000003,19418716.200000003
177431765.0634,98000000.00000003,19418716.200000003
177431767.0634,98000000.00000003,19418716.200000003
177431769.0634,98000000.00000003,19418716.200000003
177431771.0634,98000000.00000003,19418716.200000003
177431773.0634,98000000.00000003,19418716.200000003
177431775.0634,98000000.00000003,19418716.200000003
177431777.0634,98000000.00000003,19418716.200000003
177431779.0634,98000000.00000003,19418716.200000003
177431781.0634,98000000.00000003,19418716.200000003
177431783.0634,98000000.00000003,19418716.200000003
177431785.0634,98000000.00000003,19418716.200000003
177431787.0634,98000000.00000003,19418716.200000003
177431789.0634,98000000.00000003,19418716.200000003
177431791.0634,98000000.00000003,19418716.200000003
177431793.0634,98000000.00000003,19418716.200000003
177431795.0634,98000000.00000003,19418716.200000003
177431797.0634,98000000.00000003,19418716.200000003
177431799.0634,98000000.00000003,19418716.200000003
177431801.0634,98000000.00000003,19418716.200000003
177431803.0634,98000000.00000003,19418716.200000003
177431805.0634,98000000.00000003,19418716.200000003
177431807.0634,98000000.00000003,19418716.200000003
177431809.0634,98000000.00000003,19418716.200000003
177431811.0634,98000000.00000003,19418716.200000003
177431813.0634,98000000.00000003,19418716.200000003
177431815.0634,98000000.00000003,19418716.200000003
177431817.0634,98000000.00000003,19418716.200000003
177431819.0634,98000000.00000003,19418716.200000003
177431821.0634,98000000.00000003,19418716.200000003
177431823.0634,98000000.00000003,19418716.200000003
177431825.0634,98000000.00000003,19418716.200000003
177431827.0634,98000000.00000003,19418716.200000003
177431829.0634,98000000.00000003,19418716.200000003
177431831.0634,98000000.00000003,19418716.200000003
177431833.0634,98000000.00000003,19418716.200000003
177431835.0634,98000000.00000003,19418716.200000003
177431837.0634,98000000.00000003,19418716.200000003
177431839.0634,98000000.00000003,19418716.200000003
177431841.0634,98000000.00000003,19418716.200000003
177431843.0634,98000000.00000003,19418716.200000003
177431845.0634,98000000.00000003,19418716.200000003
177431847.0634,98000000.00000003,19418716.200000003
177431849.0634,98000000.00000003,19418716.200000003
177431851.0634,98000000.00000003,19418716.200000003
177431853.0634,98000000.00000003,19418716.200000003
177431855.0634,98000000.00000003,19418716.200000003
177431857.0634,98000000.00000003,19418716.200000003
177431859.0634,98000000.00000003,19418716.200000003
177431861.0634,98000000.00000003,19418716.200000003
177431863.0634,98000000.00000003,19418716.200000003
177431865.0634,98000000.00000003,19418716.200000003
177431867.0634,98000000.00000003,19418716.200000003
177431869.0634,98000000.00000003,19418716.200000003
177431871.0634,98000000.00000003,19418716.200000003
177431873.0634,98000000.00000003,19418716.200000003
177431875.0634,98000000.00000003,19418716.200000003
177431877.0634,98000000.00000003,19418716.200000003
177431879.0634,98000000.00000003,19418716.200000003
177431881.0634,98000000.00000003,19418716.200000003
177431883.0634,98000000.00000003,19418716.200000003
177431885.0634,98000000.00000003,19418716.200000003
177431887.0634,98000000.00000003,19418716.200000003
177431889.0634,98000000.00000003,19418716.200000003
177431891.0634,98000000.00000003,19418716.200000003
177431893.0634,98000000.00000003,19418716.200000003
177431895.0634,98000000.00000003,19418716.200000003
177431897.0634,98000000.00000003,19418716.200000003
177431899.0634,98000000.00000003,19418716.200000003
177431901.0634,98000000.00000003,19418716.200000003
177431903.0634,98000000.00000003,19418716.200000003
177431905.0634,98000000.00000003,19418716.200000003
177431907.0634,98000000.00000003,19418716.200000003
177431909.0634,98000000.00000003,19418716.200000003
177431911.0634,98000000.00000003,19418716.200000003
177431913.0634,98000000.00000003,19418716.200000003
177431915.0634,98000000.00000003,19418716.200000003
177431917.0634,98000000.00000003,19418716.200000003
177431919.0634,98000000.00000003,19418716.200000003
177431921.0634,98000000.00000003,19418716.200000003
177431923.0634,98000000.00000003,19418716.200000003
177431925.0634,98000000.00000003,19418716.200000003
177431927.0634,98000000.00000003,19418716.200000003
177431929.0634,98000000.00000003,19418716.200000003
177431931.0634,98000000.00000003,19418716.200000003
177431933.0634,98000000.00000003,19418716.200000003
177431935.0634,98000000.00000003,19418716.200000003
177431937.0634,98000000.00000003,19418716.200000003
177431939.0634,98000000.00000003,19418716.200000003
177431941.0634,98000000.00000003,19418716.200000003
177431943.0634,98000000.00000003,19418716.200000003
177431945.0634,98000000.00000003,19418716.200000003
177431947.0634,98000000.00000003,19418716.200000003
177431949.0634,98000000.00000003,19418716.200000003
177431951.0634,98000000.00000003,19418716.200000003
177431953.0634,98000000.00000003,19418716.200000003
177431955.0634,98000000.00000003,19418716.200000003
177431957.0634,98000000.00000003,19418716.200000003
177431959.0634,98000000.00000003,19418716.200000003
177431961.0634,98000000.00000003,19418716.200000003
177431963.0634,98000000.00000003,19418716.200000003
177431965.0634,98000000.00000003,19418716.200000003
177431967.0634,98000000.00000003,19418716.200000003
177431969.0634,98000000.00000003,19418716.200000003
177431971.0634,98000000.00000003,19418716.200000003
177431973.0634,98000000.00000003,19418716.200000003
177431975.0634,98000000.00000003,19418716.200000003
177431977.0634,98000000.00000003,19418716.200000003
177431979.0634,98000000.00000003,19418716.200000003
177431981.0634,98000000.00000003,19418716.200000003
177431983.0634,98000000.00000003,19418716.200000003
177431985.0634,98000000.00000003,19418716.200000003
177431987.0634,98000000.00000003,19418716.200000003
177431989.0634,98000000.00000003,19418716.200000003
177431991.0634,98000000.00000003,19418716.200000003
177431993.0634,98000000.00000003,19418716.200000003
177431995.0634,98000000.00000003,19418716.200000003
177431997.0634,98000000.00000003,19418716.200000003
177431999.0634,98000000.00000003,19418716.200000003
177432001.0634,98000000.00000003,19418716.200000003
177432003.0634,98000000.00000003,19418716.200000003
177432005.0634,98000000.00000003,19418716.200000003
177432007.0634,98000000.00000003,19418716.200000003
177432009.0634,98000000.00000003,19418716.200000003
177432011.0634,98000000.00000003,19418716.200000003
177432013.0634,98000000.00000003,19418716.200000003
177432015.0634,98000000.00000003,19418716.200000003
177432017.0634,98000000.00000003,19418716.200000003
177432019.0634,98000000.00000003,19418716.200000003
177432021.0634,98000000.00000003,19418716.200000003
177432023.0634,98000000.00000003,19418716.200000003
177432025.0634,98000000.00000003,19418716.200000003
177432027.0634,98000000.00000003,19418716.200000003
177432029.0634,98000000.00000003,19418716.200000003
177432031.0634,98000000.00000003,19418716.200000003
177432033.0634,98000000.00000003,19418716.200000003
177432035.0634,98000000.00000003,19418716.200000003
177432037.0634,98000000.00000003,19418716.200000003
177432039.0634,98000000.00000003,19418716.200000003
177432041.0634,98000000.00000003,19418716.200000003
177432043.0634,98000000.00000003,19418716.200000003
177432045.0634,98000000.00000003,19418716.200000003
177432047.0634,98000000.00000003,19418716.200000003
177432049.0634,98000000.00000003,19418716.200000003
177432051.0634,98000000.00000003,19418716.200000003
177432053.0634,98000000.00000003,19418716.200000003
177432055.0634,98000000.00000003,19418716.200000003
177432057.0634,98000000.00000003,19418716.200000003
177432059.0634,98000000.00000003,19418716.200000003
177432061.0634,98000000.00000003,19418716.200000003
177432063.0634,98000000.00000003,19418716.200000003
177432065.0634,98000000.00000003,19418716.200000003
177432067.0634,98000000.00000003,19418716.200000003
177432069.0634,98000000.00000003,19418716.200000003
177432071.0634,98000000.00000003,19418716.200000003
177432073.0634,98000000.00000003,19418716.200000003
177432075.0634,98000000.00000003,19418716.200000003
177432077.0634,98000000.00000003,19418716.200000003
177432079.0634,98000000.00000003,19418716.200000003
177432081.0634,98000000.00000003,19418716.200000003
177432083.0634,98000000.00000003,19418716.200000003
177432085.0634,98000000.00000003,19418716.200000003
177432087.0634,98000000.00000003,19418716.200000003
177432089.0634,98000000.00000003,19418716.200000003
177432091.0634,98000000.00000003,19418716.200000003
177432093.0634,98000000.00000003,19418716.200000003
177432095.0634,98000000.00000003,19418716.200000003
177432097.0634,98000000.00000003,19418716.200000003
177432099.0634,98000000.00000003,19418716.200000003
177432101.0634,98000000.00000003,19418716.200000003
177432103.0634,98000000.00000003,19418716.200000003
177432105.0634,98000000.00000003,19418716.200000003
177432107.0634,98000000.00000003,19418716.200000003
177432109.0634,98000000.00000003,19418716.200000003
177432111.0634,98000000.00000003,19418716.200000003
177432113.0634,98000000.00000003,19418716.200000003
177432115.0634,98000000.00000003,19418716.200000003
177432117.0634,98000000.00000003,19418716.200000003
177432119.0634,98000000.00000003,19418716.200000003
177432121.0634,98000000.00000003,19418716.200000003
177432123.0634,98000000.00000003,19418716.200000003
177432125.0634,98000000.00000003,19418716.200000003
177432127.0634,98000000.00000003,19418716.200000003
177432129.0634,98000000.00000003,19418716.200000003
177432131.0634,98000000.00000003,19418716.200000003
177432133.0634,98000000.00000003,19418716.200000003
177432135.0634,98000000.00000003,19418716.200000003
177432137.0634,98000000.00000003,19418716.200000003
177432139.0634,98000000.00000003,19418716.200000003
177432141.0634,98000000.00000003,19418716.200000003
177432143.0634,98000000.00000003,19418716.200000003
177432145.0634,98000000.00000003,19418716.200000003
177432147.0634,98000000.00000003,19418716.200000003
177432149.0634,98000000.00000003,19418716.200000003
177432151.0634,98000000.00000003,19418716.200000003
177432153.0634,98000000.00000003,19418716.200000003
177432155.0634,98000000.00000003,19418716.200000003
177432157.0634,98000000.00000003,19418716.200000003
177432159.0634,98000000.00000003,19418716.200000003
177432161.0634,98000000.00000003,19418716.200000003
177432163.0634,98000000.00000003,19418716.200000003
177432165.0634,98000000.00000003,19418716.200000003
177432167.0634,98000000.00000003,19418716.200000003
177432169.0634,98000000.00000003,19418716.200000003
177432171.0634,98000000.00000003,19418716.200000003
177432173.0634,98000000.00000003,19418716.200000003
177432175.0634,98000000.00000003,19418716.200000003
177432177.0634,98000000.00000003,19418716.200000003
177432179.0634,98000000.00000003,19418716.200000003
177432181.0634,98000000.00000003,19418716.200000003
177432183.0634,98000000.00000003,19418716.200000003
177432185.0634,98000000.00000003,19418716.200000003
177432187.0634,98000000.00000003,19418716.200000003
177432189.0634,98000000.00000003,19418716.200000003
177432191.0634,98000000.00000003,19418716.200000003
177432193.0634,98000000.00000003,19418716.200000003
177432195.0634,98000000.00000003,19418716.200000003
177432197.0634,98000000.00000003,19418716.200000003
177432199.0634,98000000.00000003,19418716.200000003
177432201.0634,98000000.00000003,19418716.200000003
177432203.0634,98000000.00000003,19418716.200000003
177432205.0634,98000000.00000003,19418716.200000003
177432207.0634,98000000.00000003,19418716.200000003
177432209.0634,98000000.00000003,19418716.200000003
177432211.0634,98000000.00000003,19418716.200000003
177432213.0634,98000000.00000003,19418716.200000003
177432215.0634,98000000.00000003,19418716.200000003
177432217.0634,98000000.00000003,19418716.200000003
177432219.0634,98000000.00000003,19418716.200000003
177432221.0634,98000000.00000003,19418716.200000003
177432223.0634,98000000.00000003,19418716.200000003
177432225.0634,98000000.00000003,19418716.200000003
177432227.0634,98000000.00000003,19418716.200000003
177432229.0634,98000000.00000003,19418716.200000003
177432231.0634,98000000.00000003,19418716.200000003
177432233.0634,98000000.00000003,19418716.200000003
177432235.0634,98000000.00000003,19418716.200000003
177432237.0634,98000000.00000003,19418716.200000003
177432239.0634,98000000.00000003,19418716.200000003
177432241.0634,98000000.00000003,19418716.200000003
177432243.0634,98000000.00000003,19418716.200000003
177432245.0634,98000000.00000003,19418716.200000003
177432247.0634,98000000.00000003,19418716.200000003
177432249.0634,98000000.00000003,19418716.200000003
177432251.0634,98000000.00000003,19418716.200000003
177432253.0634,98000000.00000003,19418716.200000003
177432255.0634,98000000.00000003,19418716.200000003
177432257.0634,98000000.00000003,19418716.200000003
177432259.0634,98000000.00000003,19418716.200000003
177432261.0634,98000000.00000003,19418716.200000003
177432263.0634,98000000.00000003,19418716.200000003
177432265.0634,98000000.00000003,19418716.200000003
177432267.0634,98000000.00000003,19418716.200000003
177432269.0634,98000000.00000003,19418716.200000003
177432271.0634,98000000.00000003,19418716.200000003
177432273.0634,98000000.00000003,19418716.200000003
177432275.0634,98000000.00000003,19418716.200000003
177432277.0634,98000000.00000003,19418716.200000003
177432279.0634,98000000.00000003,19418716.200000003
177432281.0634,98000000.00000003,19418716.200000003
177432283.0634,98000000.00000003,19418716.200000003
177432285.0634,98000000.00000003,19418716.200000003
177432287.0634,98000000.00000003,19418716.200000003
177432289.0634,98000000.00000003,19418716.200000003
177432291.0634,98000000.00000003,19418716.200000003
177432293.0634,98000000.00000003,19418716.200000003
177432295.0634,98000000.00000003,19418716.200000003
177432297.0634,98000000.00000003,19418716.200000003
177432299.0634,98000000.00000003,19418716.200000003
177432301.0634,98000000.00000003,19418716.200000003
177432303.0634,98000000.00000003,19418716.200000003
177432305.0634,98000000.00000003,19418716.200000003
177432307.0634,98000000.00000003,19418716.200000003
177432309.0634,98000000.00000003,19418716.200000003
177432311.0634,98000000.00000003,19418716.200000003
177432313.0634,98000000.00000003,19418716.200000003
177432315.0634,98000000.00000003,19418716.200000003
177432317.0634,98000000.00000003,19418716.200000003
177432319.0634,98000000.00000003,19418716.200000003
177432321.0634,98000000.00000003,19418716.200000003
177432323.0634,98000000.00000003,19418716.200000003
177432325.0634,98000000.00000003,19418716.200000003
177432327.0634,98000000.00000003,19418716.200000003
177432329.0634,98000000.00000003,19418716.200000003
177432331.0634,98000000.00000003,19418716.200000003
177432333.0634,98000000.00000003,19418716.200000003
177432335.0634,98000000.00000003,19418716.200000003
177432337.0634,98000000.00000003,19418716.200000003
177432339.0634,98000000.00000003,19418716.200000003
177432341.0634,98000000.00000003,19418716.200000003
177432343.0634,98000000.00000003,19418716.200000003
177432345.0634,98000000.00000003,19418716.200000003
177432347.0634,98000000.00000003,19418716.200000003
177432349.0634,98000000.00000003,19418716.200000003
177432351.0634,98000000.00000003,19418716.200000003
177432353.0634,98000000.00000003,19418716.200000003
177432355.0634,98000000.00000003,19418716.200000003
177432357.0634,98000000.00000003,19418716.200000003
177432359.0634,98000000.00000003,19418716.200000003
177432361.0634,98000000.00000003,19418716.200000003
177432363.0634,98000000.00000003,19418716.200000003
177432365.0634,98000000.00000003,19418716.200000003
177432367.0634,98000000.00000003,19418716.200000003
177432369.0634,98000000.00000003,19418716.200000003
177432371.0634,98000000.00000003,19418716.200000003
177432373.0634,98000000.00000003,19418716.200000003
177432375.0634,98000000.00000003,19418716.200000003
177432377.0634,98000000.00000003,19418716.200000003
177432379.0634,98000000.00000003,19418716.200000003
177432381.0634,98000000.00000003,19418716.200000003
177432383.0634,98000000.00000003,19418716.200000003
177432385.0634,98000000.00000003,19418716.200000003
177432387.0634,98000000.00000003,19418716.200000003
177432389.0634,98000000.00000003,19418716.200000003
177432391.0634,98000000.00000003,19418716.200000003
177432393.0634,98000000.00000003,19418716.200000003
177432395.0634,98000000.00000003,19418716.200000003
177432397.0634,98000000.00000003,19418716.200000003
177432399.0634,98000000.00000003,19418716.200000003
177432401.0634,98000000.00000003,19418716.200000003
177432403.0634,98000000.00000003,19418716.200000003
177432405.0634,98000000.00000003,19418716.200000003
177432407.0634,98000000.00000003,19418716.200000003
177432409.0634,98000000.00000003,19418716.200000003
177432411.0634,98000000.00000003,19418716.200000003
177432413.0634,98000000.00000003,19418716.200000003
177432415.0634,98000000.00000003,19418716.200000003
177432417.0634,98000000.00000003,19418716.200000003
177432419.0634,98000000.00000003,19418716.200000003
177432421.0634,98000000.00000003,19418716.200000003
177432423.0634,98000000.00000003,19418716.200000003
177432425.0634,98000000.00000003,19418716.200000003
177432427.0634,98000000.00000003,19418716.200000003
177432429.0634,98000000.00000003,19418716.200000003
177432431.0634,98000000.00000003,19418716.200000003
177432433.0634,98000000.00000003,19418716.200000003
177432435.0634,98000000.00000003,19418716.200000003
177432437.0634,98000000.00000003,19418716.200000003
177432439.0634,98000000.00000003,19418716.200000003
177432441.0634,98000000.00000003,19418716.200000003
177432443.0634,98000000.00000003,19418716.200000003
177432445.0634,98000000.00000003,19418716.200000003
177432447.0634,98000000.00000003,19418716.200000003
177432449.0634,98000000.00000003,19418716.200000003
177432451.0634,98000000.00000003,19418716.200000003
177432453.0634,98000000.00000003,19418716.200000003
177432455.0634,98000000.00000003,19418716.200000003
177432457.0634,98000000.00000003,19418716.200000003
177432459.0634,98000000.00000003,19418716.200000003
177432461.0634,98000000.00000003,19418716.200000003
177432463.0634,98000000.00000003,19418716.200000003
177432465.0634,98000000.00000003,19418716.200000003
177432467.0634,98000000.00000003,19418716.200000003
177432469.0634,98000000.00000003,19418716.200000003
177432471.0634,98000000.00000003,19418716.200000003
177432473.0634,98000000.00000003,19418716.200000003
177432475.0634,98000000.00000003,19418716.200000003
177432477.0634,98000000.00000003,19418716.200000003
177432479.0634,98000000.00000003,19418716.200000003
177432481.0634,98000000.00000003,19418716.200000003
177432483.0634,98000000.00000003,19418716.200000003
177432485.0634,98000000.00000003,19418716.200000003
177432487.0634,98000000.00000003,19418716.200000003
177432489.0634,98000000.00000003,19418716.200000003
177432491.0634,98000000.00000003,19418716.200000003
177432493.0634,98000000.00000003,19418716.200000003
177432495.0634,98000000.00000003,19418716.200000003
177432497.0634,98000000.00000003,19418716.200000003
177432499.0634,98000000.00000003,19418716.200000003
177432501.0634,98000000.00000003,19418716.200000003
177432503.0634,98000000.00000003,19418716.200000003
177432505.0634,98000000.00000003,19418716.200000003
177432507.0634,98000000.00000003,19418716.200000003
177432509.0634,98000000.00000003,19418716.200000003
177432511.0634,98000000.00000003,19418716.200000003
177432513.0634,98000000.00000003,19418716.200000003
177432515.0634,98000000.00000003,19418716.200000003
177432517.0634,98000000.00000003,19418716.200000003
177432519.0634,98000000.00000003,19418716.200000003
177432521.0634,98000000.00000003,19418716.200000003
177432523.0634,98000000.00000003,19418716.200000003
177432525.0634,98000000.00000003,19418716.200000003
177432527.0634,98000000.00000003,19418716.200000003
177432529.0634,98000000.00000003,19418716.200000003
177432531.0634,98000000.00000003,19418716.200000003
177432533.0634,98000000.00000003,19418716.200000003
177432535.0634,98000000.00000003,19418716.200000003
177432537.0634,98000000.00000003,19418716.200000003
177432539.0634,98000000.00000003,19418716.200000003
177432541.0634,98000000.00000003,19418716.200000003
177432543.0634,98000000.00000003,19418716.200000003
177432545.0634,98000000.00000003,19418716.200000003
177432547.0634,98000000.00000003,19418716.200000003
177432549.0634,98000000.00000003,19418716.200000003
177432551.0634,98000000.00000003,19418716.200000003
177432553.0634,98000000.00000003,19418716.200000003
177432555.0634,98000000.00000003,19418716.200000003
177432557.0634,98000000.00000003,19418716.200000003
177432559.0634,98000000.00000003,19418716.200000003
177432561.0634,98000000.00000003,19418716.200000003
177432563.0634,98000000.00000003,19418716.200000003
177432565.0634,98000000.00000003,19418716.200000003
177432567.0634,98000000.00000003,19418716.200000003
177432569.0634,98000000.00000003,19418716.200000003
177432571.0634,98000000.00000003,19418716.200000003
177432573.0634,98000000.00000003,19418716.200000003
177432575.0634,98000000.00000003,19418716.200000003
177432577.0634,98000000.00000003,19418716.200000003
177432579.0634,98000000.00000003,19418716.200000003
177432581.0634,98000000.00000003,19418716.200000003
177432583.0634,98000000.00000003,19418716.200000003
177432585.0634,98000000.00000003,19418716.200000003
177432587.0634,98000000.00000003,19418716.200000003
177432589.0634,98000000.00000003,19418716.200000003
177432591.0634,98000000.00000003,19418716.200000003
177432593.0634,98000000.00000003,19418716.200000003
177432595.0634,98000000.00000003,19418716.200000003
177432597.0634,98000000.00000003,19418716.200000003
177432599.0634,98000000.00000003,19418716.200000003
177432601.0634,98000000.00000003,19418716.200000003
177432603.0634,98000000.00000003,19418716.200000003
177432605.0634,98000000.00000003,19418716.200000003
177432607.0634,98000000.00000003,19418716.200000003
177432609.0634,98000000.00000003,19418716.200000003
177432611.0634,98000000.00000003,19418716.200000003
177432613.0634,98000000.00000003,19418716.200000003
177432615.0634,98000000.00000003,19418716.200000003
177432617.1634,98000000.00000003,19418716.200000003
177432619.0634,98000000.00000003,19418716.200000003
177432621.0634,98000000.00000003,19418716.200000003
177432623.0634,98000000.00000003,19418716.200000003
177432625.0634,98000000.00000003,19418716.200000003
177432627.0634,98000000.00000003,19418716.200000003
177432629.0634,98000000.00000003,19418716.200000003
177432631.0634,98000000.00000003,19418716.200000003
177432633.0634,98000000.00000003,19418716.200000003
177432635.0634,98000000.00000003,19418716.200000003
177432637.0634,98000000.00000003,19418716.200000003
177432639.0634,98000000.00000003,19418716.200000003
177432641.0634,98000000.00000003,19418716.200000003
177432643.0634,98000000.00000003,19418716.200000003
177432645.0634,98000000.00000003,19418716.200000003
177432647.0634,98000000.00000003,19418716.200000003
177432649.0634,98000000.00000003,19418716.200000003
177432651.0634,98000000.00000003,19418716.200000003
177432653.0634,98000000.00000003,19418716.200000003
177432655.0634,98000000.00000003,19418716.200000003
177432657.0634,98000000.00000003,19418716.200000003
177432659.0634,98000000.00000003,19418716.200000003
177432661.0634,98000000.00000003,19418716.200000003
177432663.0634,98000000.00000003,19418716.200000003
177432665.0634,98000000.00000003,19418716.200000003
177432667.0634,98000000.00000003,19418716.200000003
177432669.0634,98000000.00000003,19418716.200000003
177432671.0634,98000000.00000003,19418716.200000003
177432673.0634,98000000.00000003,19418716.200000003
177432675.0634,98000000.00000003,19418716.200000003
177432677.0634,98000000.00000003,19418716.200000003
177432679.0634,98000000.00000003,19418716.200000003
177432681.0634,98000000.00000003,19418716.200000003
177432683.0634,98000000.00000003,19418716.200000003
177432685.0634,98000000.00000003,19418716.200000003
177432687.0634,98000000.00000003,19418716.200000003
177432689.0634,98000000.00000003,19418716.200000003
177432691.0634,98000000.00000003,19418716.200000003
177432693.0634,98000000.00000003,19418716.200000003
177432695.0634,98000000.00000003,19418716.200000003
177432697.0634,98000000.00000003,19418716.200000003
177432699.0634,98000000.00000003,19418716.200000003
177432701.0634,98000000.00000003,19418716.200000003
177432703.0634,98000000.00000003,19418716.200000003
177432705.0634,98000000.00000003,19418716.200000003
177432707.0634,98000000.00000003,19418716.200000003
177432709.0634,98000000.00000003,19418716.200000003
177432711.0634,98000000.00000003,19418716.200000003
177432713.0634,98000000.00000003,19418716.200000003
177432715.0634,98000000.00000003,19418716.200000003
177432717.0634,98000000.00000003,19418716.200000003
177432719.0634,98000000.00000003,19418716.200000003
177432721.0634,98000000.00000003,19418716.200000003
177432723.0634,98000000.00000003,19418716.200000003
177432725.0634,98000000.00000003,19418716.200000003
177432727.0634,98000000.00000003,19418716.200000003
177432729.0634,98000000.00000003,19418716.200000003
177432731.0634,98000000.00000003,19418716.200000003
177432733.0634,98000000.00000003,19418716.200000003
177432735.0634,98000000.00000003,19418716.200000003
177432737.0634,98000000.00000003,19418716.200000003
177432739.0634,98000000.00000003,19418716.200000003
177432741.0634,98000000.00000003,19418716.200000003
177432743.0634,98000000.00000003,19418716.200000003
177432745.0634,98000000.00000003,19418716.200000003
177432747.0634,98000000.00000003,19418716.200000003
177432749.0634,98000000.00000003,19418716.200000003
177432751.0634,98000000.00000003,19418716.200000003
177432753.0634,98000000.00000003,19418716.200000003
177432755.0634,98000000.00000003,19418716.200000003
177432757.0634,98000000.00000003,19418716.200000003
177432759.0634,98000000.00000003,19418716.200000003
177432761.0634,98000000.00000003,19418716.200000003
177432763.0634,98000000.00000003,19418716.200000003
177432765.0634,98000000.00000003,19418716.200000003
177432767.0634,98000000.00000003,19418716.200000003
177432769.0634,98000000.00000003,19418716.200000003
177432771.0634,98000000.00000003,19418716.200000003
177432773.0634,98000000.00000003,19418716.200000003
177432775.0634,98000000.00000003,19418716.200000003
177432777.0634,98000000.00000003,19418716.200000003
177432779.0634,98000000.00000003,19418716.200000003
177432781.0634,98000000.00000003,19418716.200000003
177432783.0634,98000000.00000003,19418716.200000003
177432785.0634,98000000.00000003,19418716.200000003
177432787.0634,98000000.00000003,19418716.200000003
177432789.0634,98000000.00000003,19418716.200000003
177432791.0634,98000000.00000003,19418716.200000003
177432793.0634,98000000.00000003,19418716.200000003
177432795.0634,98000000.00000003,19418716.200000003
177432797.0634,98000000.00000003,19418716.200000003
177432799.0634,98000000.00000003,19418716.200000003
177432801.0634,98000000.00000003,19418716.200000003
177432803.0634,98000000.00000003,19418716.200000003
177432805.0634,98000000.00000003,19418716.200000003
177432807.0634,98000000.00000003,19418716.200000003
177432809.0634,98000000.00000003,19418716.200000003
177432811.0634,98000000.00000003,19418716.200000003
177432813.0634,98000000.00000003,19418716.200000003
177432815.0634,98000000.00000003,19418716.200000003
177432817.0634,98000000.00000003,19418716.200000003
177432819.0634,98000000.00000003,19418716.200000003
177432821.0634,98000000.00000003,19418716.200000003
177432823.0634,98000000.00000003,19418716.200000003
177432825.0634,98000000.00000003,19418716.200000003
177432827.0634,98000000.00000003,19418716.200000003
177432829.0634,98000000.00000003,19418716.200000003
177432831.0634,98000000.00000003,19418716.200000003
177432833.0634,98000000.00000003,19418716.200000003
177432835.0634,98000000.00000003,19418716.200000003
177432837.0634,98000000.00000003,19418716.200000003
177432839.0634,98000000.00000003,19418716.200000003
177432841.0634,98000000.00000003,19418716.200000003
177432843.0634,98000000.00000003,19418716.200000003
177432845.0634,98000000.00000003,19418716.200000003
177432847.0634,98000000.00000003,19418716.200000003
177432849.0634,98000000.00000003,19418716.200000003
177432851.0634,98000000.00000003,19418716.200000003
177432853.0634,98000000.00000003,19418716.200000003
177432855.0634,98000000.00000003,19418716.200000003
177432857.0634,98000000.00000003,19418716.200000003
177432859.0634,98000000.00000003,19418716.200000003
177432861.0634,98000000.00000003,19418716.200000003
177432863.0634,98000000.00000003,19418716.200000003
177432865.0634,98000000.00000003,19418716.200000003
177432867.0634,98000000.00000003,19418716.200000003
177432869.0634,98000000.00000003,19418716.200000003
177432871.0634,98000000.00000003,19418716.200000003
177432873.0634,98000000.00000003,19418716.200000003
177432875.0634,98000000.00000003,19418716.200000003
177432877.0634,98000000.00000003,19418716.200000003
177432879.0634,98000000.00000003,19418716.200000003
177432881.0634,98000000.00000003,19418716.200000003
177432883.0634,98000000.00000003,19418716.200000003
177432885.0634,98000000.00000003,19418716.200000003
177432887.0634,98000000.00000003,19418716.200000003
177432889.0634,98000000.00000003,19418716.200000003
177432891.0634,98000000.00000003,19418716.200000003
177432893.0634,98000000.00000003,19418716.200000003
177432895.0634,98000000.00000003,19418716.200000003
177432897.0634,98000000.00000003,19418716.200000003
177432899.0634,98000000.00000003,19418716.200000003
177432901.0634,98000000.00000003,19418716.200000003
177432903.0634,98000000.00000003,19418716.200000003
177432905.0634,98000000.00000003,19418716.200000003
177432907.0634,98000000.00000003,19418716.200000003
177432909.0634,98000000.00000003,19418716.200000003
177432911.0634,98000000.00000003,19418716.200000003
177432913.0634,98000000.00000003,19418716.200000003
177432915.0634,98000000.00000003,19418716.200000003
177432917.0634,98000000.00000003,19418716.200000003
177432919.0634,98000000.00000003,19418716.200000003
177432921.0634,98000000.00000003,19418716.200000003
177432923.0634,98000000.00000003,19418716.200000003
177432925.0634,98000000.00000003,19418716.200000003
177432927.0634,98000000.00000003,19418716.200000003
177432929.0634,98000000.00000003,19418716.200000003
177432931.0634,98000000.00000003,19418716.200000003
177432933.0634,98000000.00000003,19418716.200000003
177432935.0634,98000000.00000003,19418716.200000003
177432937.0634,98000000.00000003,19418716.200000003
177432939.0634,98000000.00000003,19418716.200000003
177432941.0634,98000000.00000003,19418716.200000003
177432943.0634,98000000.00000003,19418716.200000003
177432945.0634,98000000.00000003,19418716.200000003
177432947.0634,98000000.00000003,19418716.200000003
177432949.0634,98000000.00000003,19418716.200000003
177432951.0634,98000000.00000003,19418716.200000003
177432953.0634,98000000.00000003,19418716.200000003
177432955.0634,98000000.00000003,19418716.200000003
177432957.0634,98000000.00000003,19418716.200000003
177432959.0634,98000000.00000003,19418716.200000003
177432961.0634,98000000.00000003,19418716.200000003
177432963.0634,98000000.00000003,19418716.200000003
177432965.0634,98000000.00000003,19418716.200000003
177432967.0634,98000000.00000003,19418716.200000003
177432969.0634,98000000.00000003,19418716.200000003
177432971.0634,98000000.00000003,19418716.200000003
177432973.0634,98000000.00000003,19418716.200000003
177432975.0634,98000000.00000003,19418716.200000003
177432977.0634,98000000.00000003,19418716.200000003
177432979.0634,98000000.00000003,19418716.200000003
177432981.0634,98000000.00000003,19418716.200000003
177432983.0634,98000000.00000003,19418716.200000003
177432985.0634,98000000.00000003,19418716.200000003
177432987.0634,98000000.00000003,19418716.200000003
177432989.0634,98000000.00000003,19418716.200000003
177432991.0634,98000000.00000003,19418716.200000003
177432993.0634,98000000.00000003,19418716.200000003
177432995.0634,98000000.00000003,19418716.200000003
177432997.0634,98000000.00000003,19418716.200000003
177432999.0634,98000000.00000003,19418716.200000003
177433001.0634,98000000.00000003,19418716.200000003
177433003.0634,98000000.00000003,19418716.200000003
177433005.0634,98000000.00000003,19418716.200000003
177433007.0634,98000000.00000003,19418716.200000003
177433009.0634,98000000.00000003,19418716.200000003
177433011.0634,98000000.00000003,19418716.200000003
177433013.0634,98000000.00000003,19418716.200000003
177433015.0634,98000000.00000003,19418716.200000003
177433017.0634,98000000.00000003,19418716.200000003
177433019.0634,98000000.00000003,19418716.200000003
177433021.0634,98000000.00000003,19418716.200000003
177433023.0634,98000000.00000003,19418716.200000003
177433025.0634,98000000.00000003,19418716.200000003
177433027.0634,98000000.00000003,19418716.200000003
177433029.0634,98000000.00000003,19418716.200000003
177433031.0634,98000000.00000003,19418716.200000003
177433033.0634,98000000.00000003,19418716.200000003
177433035.0634,98000000.00000003,19418716.200000003
177433037.0634,98000000.00000003,19418716.200000003
177433039.0634,98000000.00000003,19418716.200000003
177433041.0634,98000000.00000003,19418716.200000003
177433043.0634,98000000.00000003,19418716.200000003
177433045.0634,98000000.00000003,19418716.200000003
177433047.0634,98000000.00000003,19418716.200000003
177433049.0634,98000000.00000003,19418716.200000003
177433051.0634,98000000.00000003,19418716.200000003
177433053.0634,98000000.00000003,19418716.200000003
177433055.0634,98000000.00000003,19418716.200000003
177433057.0634,98000000.00000003,19418716.200000003
177433059.0634,98000000.00000003,19418716.200000003
177433061.0634,98000000.00000003,19418716.200000003
177433063.0634,98000000.00000003,19418716.200000003
177433065.0634,98000000.00000003,19418716.200000003
177433067.0634,98000000.00000003,19418716.200000003
177433069.0634,98000000.00000003,19418716.200000003
177433071.0634,98000000.00000003,19418716.200000003
177433073.0634,98000000.00000003,19418716.200000003
177433075.0634,98000000.00000003,19418716.200000003
177433077.0634,98000000.00000003,19418716.200000003
177433079.0634,98000000.00000003,19418716.200000003
177433081.0634,98000000.00000003,19418716.200000003
177433083.0634,98000000.00000003,19418716.200000003
177433085.0634,98000000.00000003,19418716.200000003
177433087.0634,98000000.00000003,19418716.200000003
177433089.0634,98000000.00000003,19418716.200000003
177433091.0634,98000000.00000003,19418716.200000003
177433093.0634,98000000.00000003,19418716.200000003
177433095.0634,98000000.00000003,19418716.200000003
177433097.0634,98000000.00000003,19418716.200000003
177433099.0634,98000000.00000003,19418716.200000003
177433101.0634,98000000.00000003,19418716.200000003
177433103.0634,98000000.00000003,19418716.200000003
177433105.0634,98000000.00000003,19418716.200000003
177433107.0634,98000000.00000003,19418716.200000003
177433109.0634,98000000.00000003,19418716.200000003
177433111.0634,98000000.00000003,19418716.200000003
177433113.0634,98000000.00000003,19418716.200000003
177433115.0634,98000000.00000003,19418716.200000003
177433117.0634,98000000.00000003,19418716.200000003
177433119.0634,98000000.00000003,19418716.200000003
177433121.0634,98000000.00000003,19418716.200000003
177433123.0634,98000000.00000003,19418716.200000003
177433125.0634,98000000.00000003,19418716.200000003
177433127.0634,98000000.00000003,19418716.200000003
177433129.0634,98000000.00000003,19418716.200000003
177433131.0634,98000000.00000003,19418716.200000003
177433133.0634,98000000.00000003,19418716.200000003
177433135.0634,98000000.00000003,19418716.200000003
177433137.0634,98000000.00000003,19418716.200000003
177433139.0634,98000000.00000003,19418716.200000003
177433141.0634,98000000.00000003,19418716.200000003
177433143.0634,98000000.00000003,19418716.200000003
177433145.0634,98000000.00000003,19418716.200000003
177433147.0634,98000000.00000003,19418716.200000003
177433149.0634,98000000.00000003,19418716.200000003
177433151.0634,98000000.00000003,19418716.200000003
177433153.0634,98000000.00000003,19418716.200000003
177433155.0634,98000000.00000003,19418716.200000003
177433157.0634,98000000.00000003,19418716.200000003
177433159.0634,98000000.00000003,19418716.200000003
177433161.0634,98000000.00000003,19418716.200000003
177433163.0634,98000000.00000003,19418716.200000003
177433165.0634,98000000.00000003,19418716.200000003
177433167.0634,98000000.00000003,19418716.200000003
177433169.0634,98000000.00000003,19418716.200000003
177433171.0634,98000000.00000003,19418716.200000003
177433173.0634,98000000.00000003,19418716.200000003
177433175.0634,98000000.00000003,19418716.200000003
177433177.0634,98000000.00000003,19418716.200000003
177433179.0634,98000000.00000003,19418716.200000003
177433181.0634,98000000.00000003,19418716.200000003
177433183.0634,98000000.00000003,19418716.200000003
177433185.0634,98000000.00000003,19418716.200000003
177433187.0634,98000000.00000003,19418716.200000003
177433189.0634,98000000.00000003,19418716.200000003
177433191.0634,98000000.00000003,19418716.200000003
177433193.0634,98000000.00000003,19418716.200000003
177433195.0634,98000000.00000003,19418716.200000003
177433197.0634,98000000.00000003,19418716.200000003
177433199.0634,98000000.00000003,19418716.200000003
177433201.0634,98000000.00000003,19418716.200000003
177433203.0634,98000000.00000003,19418716.200000003
177433205.0634,98000000.00000003,19418716.200000003
177433207.0634,98000000.00000003,19418716.200000003
177433209.0634,98000000.00000003,19418716.200000003
177433211.0634,98000000.00000003,19418716.200000003
177433213.0634,98000000.00000003,19418716.200000003
177433215.0634,98000000.00000003,19418716.200000003
177433217.0634,98000000.00000003,19418716.200000003
177433219.0634,98000000.00000003,19418716.200000003
177433221.0634,98000000.00000003,19418716.200000003
177433223.0634,98000000.00000003,19418716.200000003
177433225.0634,98000000.00000003,19418716.200000003
177433227.0634,98000000.00000003,19418716.200000003
177433229.0634,98000000.00000003,19418716.200000003
177433231.0634,98000000.00000003,19418716.200000003
177433233.0634,98000000.00000003,19418716.200000003
177433235.0634,98000000.00000003,19418716.200000003
177433237.0634,98000000.00000003,19418716.200000003
177433239.0634,98000000.00000003,19418716.200000003
177433241.0634,98000000.00000003,19418716.200000003
177433243.0634,98000000.00000003,19418716.200000003
177433245.0634,98000000.00000003,19418716.200000003
177433247.0634,98000000.00000003,19418716.200000003
177433249.0634,98000000.00000003,19418716.200000003
177433251.0634,98000000.00000003,19418716.200000003
177433253.0634,98000000.00000003,19418716.200000003
177433255.0634,98000000.00000003,19418716.200000003
177433257.0634,98000000.00000003,19418716.200000003
177433259.0634,98000000.00000003,19418716.200000003
177433261.0634,98000000.00000003,19418716.200000003
177433263.0634,98000000.00000003,19418716.200000003
177433265.0634,98000000.00000003,19418716.200000003
177433267.0634,98000000.00000003,19418716.200000003
177433269.0634,98000000.00000003,19418716.200000003
177433271.0634,98000000.00000003,19418716.200000003
177433273.0634,98000000.00000003,19418716.200000003
177433275.0634,98000000.00000003,19418716.200000003
177433277.0634,98000000.00000003,19418716.200000003
177433279.0634,98000000.00000003,19418716.200000003
177433281.0634,98000000.00000003,19418716.200000003
177433283.0634,98000000.00000003,19418716.200000003
177433285.0634,98000000.00000003,19418716.200000003
177433287.0634,98000000.00000003,19418716.200000003
177433289.0634,98000000.00000003,19418716.200000003
177433291.0634,98000000.00000003,19418716.200000003
177433293.0634,98000000.00000003,19418716.200000003
177433295.1634,98000000.00000003,19418716.200000003
177433297.0634,98000000.00000003,19418716.200000003
177433299.0634,98000000.00000003,19418716.200000003
177433301.0634,98000000.00000003,19418716.200000003
177433303.0634,98000000.00000003,19418716.200000003
177433305.0634,98000000.00000003,19418716.200000003
177433307.0634,98000000.00000003,19418716.200000003
177433309.0634,98000000.00000003,19418716.200000003
177433311.0634,98000000.00000003,19418716.200000003
177433313.0634,98000000.00000003,19418716.200000003
177433315.0634,98000000.00000003,19418716.200000003
177433317.0634,98000000.00000003,19418716.200000003
177433319.0634,98000000.00000003,19418716.200000003
177433321.0634,98000000.00000003,19418716.200000003
177433323.0634,98000000.00000003,19418716.200000003
177433325.0634,98000000.00000003,19418716.200000003
177433327.0634,98000000.00000003,19418716.200000003
177433329.0634,98000000.00000003,19418716.200000003
177433331.0634,98000000.00000003,19418716.200000003
177433333.0634,98000000.00000003,19418716.200000003
177433335.0634,98000000.00000003,19418716.200000003
177433337.0634,98000000.00000003,19418716.200000003
177433339.0634,98000000.00000003,19418716.200000003
177433341.0634,98000000.00000003,19418716.200000003
177433343.0634,98000000.00000003,19418716.200000003
177433345.0634,98000000.00000003,19418716.200000003
177433347.0634,98000000.00000003,19418716.200000003
177433349.0634,98000000.00000003,19418716.200000003
177433351.0634,98000000.00000003,19418716.200000003
177433353.0634,98000000.00000003,19418716.200000003
177433355.0634,98000000.00000003,19418716.200000003
177433357.0634,98000000.00000003,19418716.200000003
177433359.0634,98000000.00000003,19418716.200000003
177433361.0634,98000000.00000003,19418716.200000003
177433363.0634,98000000.00000003,19418716.200000003
177433365.0634,98000000.00000003,19418716.200000003
177433367.0634,98000000.00000003,19418716.200000003
177433369.0634,98000000.00000003,19418716.200000003
177433371.0634,98000000.00000003,19418716.200000003
177433373.0634,98000000.00000003,19418716.200000003
177433375.0634,98000000.00000003,19418716.200000003
177433377.0634,98000000.00000003,19418716.200000003
177433379.0634,98000000.00000003,19418716.200000003
177433381.0634,98000000.00000003,19418716.200000003
177433383.0634,98000000.00000003,19418716.200000003
177433385.0634,98000000.00000003,19418716.200000003
177433387.0634,98000000.00000003,19418716.200000003
177433389.0634,98000000.00000003,19418716.200000003
177433391.0634,98000000.00000003,19418716.200000003
177433393.0634,98000000.00000003,19418716.200000003
177433395.0634,98000000.00000003,19418716.200000003
177433397.0634,98000000.00000003,19418716.200000003
177433399.0634,98000000.00000003,19418716.200000003
177433401.0634,98000000.00000003,19418716.200000003
177433403.0634,98000000.00000003,19418716.200000003
177433405.0634,98000000.00000003,19418716.200000003
177433407.0634,98000000.00000003,19418716.200000003
177433409.0634,98000000.00000003,19418716.200000003
177433411.0634,98000000.00000003,19418716.200000003
177433413.0634,98000000.00000003,19418716.200000003
177433415.0634,98000000.00000003,19418716.200000003
177433417.0634,98000000.00000003,19418716.200000003
177433419.0634,98000000.00000003,19418716.200000003
177433421.0634,98000000.00000003,19418716.200000003
177433423.0634,98000000.00000003,19418716.200000003
177433425.0634,98000000.00000003,19418716.200000003
177433427.0634,98000000.00000003,19418716.200000003
177433429.0634,98000000.00000003,19418716.200000003
177433431.0634,98000000.00000003,19418716.200000003
177433433.0634,98000000.00000003,19418716.200000003
177433435.0634,98000000.00000003,19418716.200000003
177433437.0634,98000000.00000003,19418716.200000003
177433439.0634,98000000.00000003,19418716.200000003
177433441.0634,98000000.00000003,19418716.200000003
177433443.0634,98000000.00000003,19418716.200000003
177433445.0634,98000000.00000003,19418716.200000003
177433447.0634,98000000.00000003,19418716.200000003
177433449.0634,98000000.00000003,19418716.200000003
177433451.0634,98000000.00000003,19418716.200000003
177433453.0634,98000000.00000003,19418716.200000003
177433455.0634,98000000.00000003,19418716.200000003
177433457.0634,98000000.00000003,19418716.200000003
177433459.0634,98000000.00000003,19418716.200000003
177433461.0634,98000000.00000003,19418716.200000003
177433463.0634,98000000.00000003,19418716.200000003
177433465.0634,98000000.00000003,19418716.200000003
177433467.0634,98000000.00000003,19418716.200000003
177433469.0634,98000000.00000003,19418716.200000003
177433471.0634,98000000.00000003,19418716.200000003
177433473.0634,98000000.00000003,19418716.200000003
177433475.0634,98000000.00000003,19418716.200000003
177433477.0634,98000000.00000003,19418716.200000003
177433479.0634,98000000.00000003,19418716.200000003
177433481.0634,98000000.00000003,19418716.200000003
177433483.0634,98000000.00000003,19418716.200000003
177433485.0634,98000000.00000003,19418716.200000003
177433487.0634,98000000.00000003,19418716.200000003
177433489.0634,98000000.00000003,19418716.200000003
177433491.0634,98000000.00000003,19418716.200000003
177433493.0634,98000000.00000003,19418716.200000003
177433495.0634,98000000.00000003,19418716.200000003
177433497.0634,98000000.00000003,19418716.200000003
177433499.0634,98000000.00000003,19418716.200000003
177433501.0634,98000000.00000003,19418716.200000003
177433503.0634,98000000.00000003,19418716.200000003
177433505.0634,98000000.00000003,19418716.200000003
177433507.0634,98000000.00000003,19418716.200000003
177433509.0634,98000000.00000003,19418716.200000003
177433511.0634,98000000.00000003,19418716.200000003
177433513.0634,98000000.00000003,19418716.200000003
177433515.0634,98000000.00000003,19418716.200000003
177433517.0634,98000000.00000003,19418716.200000003
177433519.0634,98000000.00000003,19418716.200000003
177433521.0634,98000000.00000003,19418716.200000003
177433523.0634,98000000.00000003,19418716.200000003
177433525.0634,98000000.00000003,19418716.200000003
177433527.0634,98000000.00000003,19418716.200000003
177433529.0634,98000000.00000003,19418716.200000003
177433531.0634,98000000.00000003,19418716.200000003
177433533.0634,98000000.00000003,19418716.200000003
177433535.0634,98000000.00000003,19418716.200000003
177433537.0634,98000000.00000003,19418716.200000003
177433539.0634,98000000.00000003,19418716.200000003
177433541.0634,98000000.00000003,19418716.200000003
177433543.0634,98000000.00000003,19418716.200000003
177433545.0634,98000000.00000003,19418716.200000003
177433547.0634,98000000.00000003,19418716.200000003
177433549.0634,98000000.00000003,19418716.200000003
177433551.0634,98000000.00000003,19418716.200000003
177433553.0634,98000000.00000003,19418716.200000003
177433555.0634,98000000.00000003,19418716.200000003
177433557.0634,98000000.00000003,19418716.200000003
177433559.0634,98000000.00000003,19418716.200000003
177433561.0634,98000000.00000003,19418716.200000003
177433563.0634,98000000.00000003,19418716.200000003
177433565.0634,98000000.00000003,19418716.200000003
177433567.0634,98000000.00000003,19418716.200000003
177433569.0634,98000000.00000003,19418716.200000003
177433571.0634,98000000.00000003,19418716.200000003
177433573.0634,98000000.00000003,19418716.200000003
177433575.0634,98000000.00000003,19418716.200000003
177433577.0634,98000000.00000003,19418716.200000003
177433579.0634,98000000.00000003,19418716.200000003
177433581.0634,98000000.00000003,19418716.200000003
177433583.0634,98000000.00000003,19418716.200000003
177433585.0634,98000000.00000003,19418716.200000003
177433587.0634,98000000.00000003,19418716.200000003
177433589.0634,98000000.00000003,19418716.200000003
177433591.0634,98000000.00000003,19418716.200000003
177433593.0634,98000000.00000003,19418716.200000003
177433595.0634,98000000.00000003,19418716.200000003
177433597.0634,98000000.00000003,19418716.200000003
177433599.0634,98000000.00000003,19418716.200000003
177433601.0634,98000000.00000003,19418716.200000003
177433603.0634,98000000.00000003,19418716.200000003
177433605.0634,98000000.00000003,19418716.200000003
177433607.0634,98000000.00000003,19418716.200000003
177433609.0634,98000000.00000003,19418716.200000003
177433611.0634,98000000.00000003,19418716.200000003
177433613.0634,98000000.00000003,19418716.200000003
177433615.0634,98000000.00000003,19418716.200000003
177433617.0634,98000000.00000003,19418716.200000003
177433619.0634,98000000.00000003,19418716.200000003
177433621.0634,98000000.00000003,19418716.200000003
177433623.0634,98000000.00000003,19418716.1
177433625.0634,98000000.00000003,19418716.1
177433627.0634,98000000.00000003,19418716.1
177433629.0634,98000000.00000003,19418716.1
177433631.0634,98000000.00000003,19418716.1
177433633.0634,98000000.00000003,19418716.200000003
177433635.0634,98000000.00000003,19418716.200000003
177433637.0634,98000000.00000003,19418716.200000003
177433639.0634,98000000.00000003,19418716.200000003
177433641.0634,98000000.00000003,19418716.200000003
177433643.0634,98000000.00000003,19418716.200000003
177433645.0634,98000000.00000003,19418716.200000003
177433647.0634,98000000.00000003,19418716.200000003
177433649.0634,98000000.00000003,19418716.200000003
177433651.0634,98000000.00000003,19418716.200000003
177433653.0634,98000000.00000003,19418716.200000003
177433655.0634,98000000.00000003,19418716.200000003
177433657.0634,98000000.00000003,19418716.200000003
177433659.0634,98000000.00000003,19418716.200000003
177433661.0634,98000000.00000003,19418716.200000003
177433663.0634,98000000.00000003,19418716.200000003
177433665.0634,98000000.00000003,19418716.200000003
177433667.0634,98000000.00000003,19418716.200000003
177433669.0634,98000000.00000003,19418716.200000003
177433671.0634,98000000.00000003,19418716.200000003
177433673.0634,98000000.00000003,19418716.200000003
177433675.0634,98000000.00000003,19418716.200000003
177433677.0634,98000000.00000003,19418716.200000003
177433679.0634,98000000.00000003,19418716.200000003
177433681.0634,98000000.00000003,19418716.200000003
177433683.0634,98000000.00000003,19418716.200000003
177433685.0634,98000000.00000003,19418716.200000003
177433687.0634,98000000.00000003,19418716.200000003
177433689.0634,98000000.00000003,19418716.200000003
177433691.0634,98000000.00000003,19418716.200000003
177433693.0634,98000000.00000003,19418716.200000003
177433695.0634,98000000.00000003,19418716.200000003
177433697.0634,97999999.90000004,19418716.200000003
177433699.0634,97999999.90000004,19418716.200000003
177433701.0634,97999999.90000004,19418716.200000003
177433703.0634,97999999.90000004,19418716.200000003
177433705.0634,97999999.90000004,19418716.200000003
177433707.0634,97999999.90000004,19418716.200000003
177433709.0634,97999999.90000004,19418716.200000003
177433711.0634,97999999.90000004,19418716.200000003
177433713.0634,97999999.90000004,19418716.200000003
177433715.0634,97999999.90000004,19418716.200000003
177433717.0634,97999999.90000004,19418716.200000003
177433719.0634,97999999.90000004,19418716.200000003
177433721.0634,97999999.90000004,19418716.200000003
177433723.0634,97999999.90000004,19418716.200000003
177433725.0634,97999999.90000004,19418716.200000003
177433727.0634,97999999.90000004,19418716.200000003
177433729.0634,97999999.90000004,19418716.200000003
177433731.0634,97999999.90000004,19418716.200000003
177433733.0634,97999999.90000004,19418716.200000003
177433735.0634,97999999.90000004,19418716.200000003
177433737.0634,97999999.90000004,19418716.200000003
177433739.0634,97999999.90000004,19418716.200000003
177433741.0634,97999999.90000004,19418716.200000003
177433743.0634,97999999.90000004,19418716.200000003
177433745.0634,97999999.90000004,19418716.200000003
177433747.0634,97999999.90000004,19418716.200000003
177433749.0634,97999999.90000004,19418716.200000003
177433751.0634,97999999.90000004,19418716.200000003
177433753.0634,97999999.90000004,19418716.200000003
177433755.0634,97999999.90000004,19418716.200000003
177433757.0634,97999999.90000004,19418716.200000003
177433759.0634,97999999.90000004,19418716.200000003
177433761.0634,97999999.90000004,19418716.200000003
177433763.0634,97999999.90000004,19418716.200000003
177433765.0634,97999999.90000004,19418716.200000003
177433767.0634,97999999.90000004,19418716.200000003
177433769.0634,97999999.90000004,19418716.200000003
177433771.0634,97999999.90000004,19418716.200000003
177433773.0634,97999999.90000004,19418716.200000003
177433775.0634,97999999.90000004,19418716.200000003
177433777.0634,97999999.90000004,19418716.200000003
177433779.0634,97999999.90000004,19418716.200000003
177433781.0634,97999999.90000004,19418716.200000003
177433783.0634,97999999.90000004,19418716.200000003
177433785.0634,97999999.90000004,19418716.200000003
177433787.0634,97999999.90000004,19418716.200000003
177433789.0634,97999999.90000004,19418716.200000003
177433791.0634,97999999.90000004,19418716.200000003
177433793.0634,97999999.90000004,19418716.200000003
177433795.0634,97999999.90000004,19418716.200000003
177433797.0634,97999999.90000004,19418716.200000003
177433799.0634,97999999.90000004,19418716.200000003
177433801.0634,97999999.90000004,19418716.200000003
177433803.0634,97999999.90000004,19418716.200000003
177433805.0634,97999999.90000004,19418716.200000003
177433807.0634,97999999.90000004,19418716.200000003
177433809.0634,97999999.90000004,19418716.200000003
177433811.0634,97999999.90000004,19418716.200000003
177433813.0634,97999999.90000004,19418716.200000003
177433815.0634,97999999.90000004,19418716.200000003
177433817.0634,97999999.90000004,19418716.200000003
177433819.0634,97999999.90000004,19418716.200000003
177433821.0634,97999999.90000004,19418716.200000003
177433823.0634,97999999.90000004,19418716.200000003
177433825.0634,97999999.90000004,19418716.200000003
177433827.0634,97999999.90000004,19418716.200000003
177433829.0634,97999999.90000004,19418716.200000003
177433831.0634,97999999.90000004,19418716.200000003
177433833.0634,97999999.90000004,19418716.200000003
177433835.0634,97999999.90000004,19418716.200000003
177433837.0634,97999999.90000004,19418716.200000003
177433839.0634,97999999.90000004,19418716.200000003
177433841.0634,97999999.90000004,19418716.200000003
177433843.0634,97999999.90000004,19418716.200000003
177433845.0634,97999999.90000004,19418716.200000003
177433847.0634,97999999.90000004,19418716.200000003
177433849.0634,97999999.90000004,19418716.200000003
177433851.0634,97999999.90000004,19418716.200000003
177433853.0634,97999999.90000004,19418716.200000003
177433855.0634,97999999.90000004,19418716.200000003
177433857.0634,97999999.90000004,19418716.200000003
177433859.0634,97999999.90000004,19418716.200000003
177433861.0634,97999999.90000004,19418716.200000003
177433863.0634,97999999.90000004,19418716.200000003
177433865.0634,97999999.90000004,19418716.200000003
177433867.0634,97999999.90000004,19418716.200000003
177433869.0634,97999999.90000004,19418716.200000003
177433871.0634,97999999.90000004,19418716.200000003
177433873.0634,97999999.90000004,19418716.200000003
177433875.0634,97999999.90000004,19418716.200000003
177433877.0634,97999999.90000004,19418716.200000003
177433879.0634,97999999.90000004,19418716.200000003
177433881.0634,97999999.90000004,19418716.200000003
177433883.0634,97999999.90000004,19418716.200000003
177433885.0634,97999999.90000004,19418716.200000003
177433887.0634,97999999.90000004,19418716.200000003
177433889.0634,97999999.90000004,19418716.200000003
177433891.0634,97999999.90000004,19418716.200000003
177433893.0634,97999999.90000004,19418716.200000003
177433895.0634,97999999.90000004,19418716.200000003
177433897.0634,97999999.90000004,19418716.200000003
177433899.0634,97999999.90000004,19418716.200000003
177433901.0634,97999999.90000004,19418716.200000003
177433903.0634,97999999.90000004,19418716.200000003
177433905.0634,97999999.90000004,19418716.200000003
177433907.0634,97999999.90000004,19418716.200000003
177433909.0634,97999999.90000004,19418716.200000003
177433911.0634,97999999.90000004,19418716.200000003
177433913.0634,97999999.90000004,19418716.200000003
177433915.0634,97999999.90000004,19418716.200000003
177433917.0634,97999999.90000004,19418716.200000003
177433919.0634,97999999.90000004,19418716.200000003
177433921.0634,97999999.90000004,19418716.200000003
177433923.0634,97999999.90000004,19418716.200000003
177433925.0634,97999999.90000004,19418716.200000003
177433927.0634,97999999.90000004,19418716.200000003
177433929.0634,97999999.90000004,19418716.200000003
177433931.0634,97999999.90000004,19418716.200000003
177433933.0634,97999999.90000004,19418716.200000003
177433935.0634,97999999.90000004,19418716.200000003
177433937.0634,97999999.90000004,19418716.200000003
177433939.0634,97999999.90000004,19418716.200000003
177433941.0634,97999999.90000004,19418716.200000003
177433943.0634,97999999.90000004,19418716.200000003
177433945.0634,97999999.90000004,19418716.200000003
177433947.0634,97999999.90000004,19418716.200000003
177433949.0634,97999999.90000004,19418716.200000003
177433951.0634,97999999.90000004,19418716.200000003
177433953.0634,97999999.90000004,19418716.200000003
177433955.0634,97999999.90000004,19418716.200000003
177433957.0634,97999999.90000004,19418716.200000003
177433959.0634,97999999.90000004,19418716.200000003
177433961.0634,97999999.90000004,19418716.200000003
177433963.0634,97999999.90000004,19418716.200000003
177433965.0634,97999999.90000004,19418716.200000003
177433967.0634,97999999.90000004,19418716.200000003
177433969.0634,97999999.90000004,19418716.200000003
177433971.0634,97999999.90000004,19418716.200000003
177433973.0634,97999999.90000004,19418716.200000003
177433975.0634,97999999.90000004,19418716.200000003
177433977.0634,97999999.90000004,19418716.200000003
177433979.0634,97999999.90000004,19418716.200000003
177433981.0634,97999999.90000004,19418716.200000003
177433983.0634,97999999.90000004,19418716.200000003
177433985.0634,97999999.90000004,19418716.200000003
177433987.0634,97999999.90000004,19418716.200000003
177433989.0634,97999999.90000004,19418716.200000003
177433991.0634,97999999.90000004,19418716.200000003
177433993.0634,97999999.90000004,19418716.200000003
177433995.0634,97999999.90000004,19418716.200000003
177433997.0634,97999999.90000004,19418716.200000003
177433999.0634,97999999.90000004,19418716.200000003
177434001.0634,97999999.90000004,19418716.200000003
177434003.0634,97999999.90000004,19418716.200000003
177434005.0634,97999999.90000004,19418716.200000003
177434007.0634,97999999.90000004,19418716.200000003
177434009.0634,97999999.90000004,19418716.200000003
177434011.0634,97999999.90000004,19418716.200000003
177434013.0634,97999999.90000004,19418716.200000003
177434015.0634,97999999.90000004,19418716.200000003
177434017.0634,97999999.90000004,19418716.200000003
177434019.0634,97999999.80000004,19418716.200000003
177434021.0634,97999999.80000004,19418716.200000003
177434023.0634,97999999.80000004,19418716.200000003
177434025.0634,97999999.80000004,19418716.200000003
177434027.0634,97999999.80000004,19418716.200000003
177434029.0634,97999999.80000004,19418716.200000003
177434031.0634,97999999.80000004,19418716.200000003
177434033.0634,97999999.80000004,19418716.200000003
177434035.0634,97999999.80000004,19418716.200000003
177434037.0634,97999999.80000004,19418716.200000003
177434039.0634,97999999.80000004,19418716.200000003
177434041.0634,97999999.80000004,19418716.200000003
177434043.0634,97999999.80000004,19418716.200000003
177434045.0634,97999999.80000004,19418716.200000003
177434047.0634,97999999.80000004,19418716.200000003
177434049.0634,97999999.80000004,19418716.200000003
177434051.0634,97999999.80000004,19418716.200000003
177434053.0634,97999999.80000004,19418716.200000003
177434055.0634,97999999.80000004,19418716.200000003
177434057.0634,97999999.80000004,19418716.200000003
177434059.0634,97999999.80000004,19418716.200000003
177434061.0634,97999999.80000004,19418716.200000003
177434063.0634,97999999.80000004,19418716.200000003
177434065.0634,97999999.80000004,19418716.200000003
177434067.0634,97999999.80000004,19418716.200000003
177434069.0634,97999999.80000004,19418716.200000003
177434071.0634,97999999.80000004,19418716.200000003
177434073.0634,97999999.80000004,19418716.200000003
177434075.0634,97999999.80000004,19418716.200000003
177434077.0634,97999999.80000004,19418716.200000003
177434079.0634,97999999.80000004,19418716.200000003
177434081.0634,97999999.80000004,19418716.200000003
177434083.0634,97999999.80000004,19418716.200000003
177434085.0634,97999999.70000005,19418716.200000003
177434087.0634,97999999.70000005,19418716.200000003
177434089.0634,97999999.70000005,19418716.200000003
177434091.0634,97999999.70000005,19418716.200000003
177434093.0634,97999999.70000005,19418716.200000003
177434095.0634,97999999.70000005,19418716.200000003
177434097.0634,97999999.70000005,19418716.200000003
177434099.0634,97999999.70000005,19418716.200000003
177434101.0634,97999999.70000005,19418716.200000003
177434103.0634,97999999.70000005,19418716.200000003
177434105.0634,97999999.80000004,19418716.200000003
177434107.0634,97999999.70000005,19418716.200000003
177434109.0634,97999999.70000005,19418716.200000003
177434111.0634,97999999.70000005,19418716.200000003
177434113.0634,97999999.70000005,19418716.200000003
177434115.0634,97999999.70000005,19418716.200000003
177434117.0634,97999999.70000005,19418716.200000003
177434119.0634,97999999.70000005,19418716.200000003
177434121.0634,97999999.70000005,19418716.200000003
177434123.0634,97999999.70000005,19418716.200000003
177434125.0634,97999999.70000005,19418716.200000003
177434127.0634,97999999.70000005,19418716.200000003
177434129.0634,97999999.70000005,19418716.200000003
177434131.0634,97999999.70000005,19418716.200000003
177434133.0634,97999999.70000005,19418716.200000003
177434135.0634,97999999.70000005,19418716.200000003
177434137.0634,97999999.70000005,19418716.200000003
177434139.0634,97999999.70000005,19418716.200000003
177434141.0634,97999999.70000005,19418716.200000003
177434143.0634,97999999.70000005,19418716.200000003
177434145.0634,97999999.70000005,19418716.200000003
177434147.0634,97999999.70000005,19418716.200000003
177434149.0634,97999999.70000005,19418716.200000003
177434151.0634,97999999.70000005,19418716.200000003
177434153.0634,97999999.70000005,19418716.200000003
177434155.0634,97999999.70000005,19418716.200000003
177434157.0634,97999999.70000005,19418716.200000003
177434159.0634,97999999.70000005,19418716.200000003
177434161.0634,97999999.70000005,19418716.200000003
177434163.0634,97999999.70000005,19418716.200000003
177434165.0634,97999999.70000005,19418716.200000003
177434167.0634,97999999.70000005,19418716.200000003
177434169.0634,97999999.70000005,19418716.200000003
177434171.0634,97999999.70000005,19418716.200000003
177434173.0634,97999999.70000005,19418716.200000003
177434175.0634,97999999.70000005,19418716.200000003
177434177.0634,97999999.70000005,19418716.200000003
177434179.0634,97999999.70000005,19418716.200000003
177434181.0634,97999999.70000005,19418716.200000003
177434183.0634,97999999.70000005,19418716.200000003
177434185.0634,97999999.70000005,19418716.200000003
177434187.0634,97999999.70000005,19418716.200000003
177434189.0634,97999999.70000005,19418716.200000003
177434191.0634,97999999.70000005,19418716.200000003
177434193.0634,97999999.70000005,19418716.200000003
177434195.0634,97999999.70000005,19418716.200000003
177434197.0634,97999999.70000005,19418716.200000003
177434199.0634,97999999.70000005,19418716.200000003
177434201.0634,97999999.70000005,19418716.200000003
177434203.0634,97999999.70000005,19418716.200000003
177434205.0634,97999999.70000005,19418716.200000003
177434207.0634,97999999.70000005,19418716.200000003
177434209.0634,97999999.70000005,19418716.200000003
177434211.0634,97999999.70000005,19418716.200000003
177434213.0634,97999999.70000005,19418716.200000003
177434215.0634,97999999.70000005,19418716.200000003
177434217.0634,97999999.70000005,19418716.200000003
177434219.0634,97999999.70000005,19418716.200000003
177434221.0634,97999999.70000005,19418716.200000003
177434223.0634,97999999.70000005,19418716.200000003
177434225.0634,97999999.70000005,19418716.200000003
177434227.0634,97999999.70000005,19418716.200000003
177434229.0634,97999999.70000005,19418716.200000003
177434231.0634,97999999.70000005,19418716.200000003
177434233.0634,97999999.70000005,19418716.200000003
177434235.0634,97999999.70000005,19418716.200000003
177434237.0634,97999999.70000005,19418716.200000003
177434239.0634,97999999.70000005,19418716.200000003
177434241.0634,97999999.70000005,19418716.200000003
177434243.0634,97999999.70000005,19418716.200000003
177434245.0634,97999999.70000005,19418716.200000003
177434247.0634,97999999.70000005,19418716.200000003
177434249.0634,97999999.70000005,19418716.200000003
177434251.0634,97999999.70000005,19418716.200000003
177434253.0634,97999999.70000005,19418716.200000003
177434255.0634,97999999.70000005,19418716.200000003
177434257.0634,97999999.70000005,19418716.200000003
177434259.0634,97999999.70000005,19418716.200000003
177434261.0634,97999999.70000005,19418716.200000003
177434263.0634,97999999.70000005,19418716.200000003
177434265.0634,97999999.70000005,19418716.200000003
177434267.0634,97999999.70000005,19418716.200000003
177434269.0634,97999999.70000005,19418716.200000003
177434271.0634,97999999.70000005,19418716.200000003
177434273.0634,97999999.70000005,19418716.200000003
177434275.0634,97999999.70000005,19418716.200000003
177434277.0634,97999999.70000005,19418716.200000003
177434279.0634,97999999.70000005,19418716.200000003
177434281.0634,97999999.70000005,19418716.200000003
177434283.0634,97999999.70000005,19418716.200000003
177434285.0634,97999999.70000005,19418716.200000003
177434287.0634,97999999.70000005,19418716.200000003
177434289.0634,97999999.70000005,19418716.200000003
177434291.0634,97999999.70000005,19418716.200000003
177434293.0634,97999999.70000005,19418716.200000003
177434295.0634,97999999.70000005,19418716.200000003
177434297.0634,97999999.70000005,19418716.200000003
177434299.0634,97999999.70000005,19418716.200000003
177434301.0634,97999999.70000005,19418716.200000003
177434303.0634,97999999.70000005,19418716.200000003
177434305.0634,97999999.70000005,19418716.200000003
177434307.0634,97999999.70000005,19418716.200000003
177434309.0634,97999999.70000005,19418716.200000003
177434311.0634,97999999.70000005,19418716.200000003
177434313.0634,97999999.70000005,19418716.200000003
177434315.0634,97999999.70000005,19418716.200000003
177434317.0634,97999999.70000005,19418716.200000003
177434319.0634,97999999.70000005,19418716.200000003
177434321.0634,97999999.70000005,19418716.200000003
177434323.0634,97999999.70000005,19418716.200000003
177434325.0634,97999999.70000005,19418716.200000003
177434327.0634,97999999.70000005,19418716.200000003
177434329.0634,97999999.70000005,19418716.200000003
177434331.0634,97999999.70000005,19418716.200000003
177434333.0634,97999999.70000005,19418716.200000003
177434335.0634,97999999.70000005,19418716.200000003
177434337.0634,97999999.70000005,19418716.200000003
177434339.0634,97999999.70000005,19418716.200000003
177434341.0634,97999999.70000005,19418716.200000003
177434343.0634,97999999.70000005,19418716.200000003
177434345.0634,97999999.70000005,19418716.200000003
177434347.0634,97999999.70000005,19418716.200000003
177434349.0634,97999999.70000005,19418716.200000003
177434351.0634,97999999.70000005,19418716.200000003
177434353.0634,97999999.70000005,19418716.200000003
177434355.0634,97999999.70000005,19418716.200000003
177434357.0634,97999999.70000005,19418716.200000003
177434359.0634,97999999.70000005,19418716.200000003
177434361.0634,97999999.70000005,19418716.200000003
177434363.0634,97999999.70000005,19418716.200000003
177434365.0634,97999999.60000005,19418716.200000003
177434367.0634,97999999.60000005,19418716.200000003
177434369.0634,97999999.60000005,19418716.200000003
177434371.0634,97999999.60000005,19418716.200000003
177434373.0634,97999999.60000005,19418716.200000003
177434375.0634,97999999.60000005,19418716.200000003
177434377.0634,97999999.60000005,19418716.200000003
177434379.0634,97999999.60000005,19418716.200000003
177434381.0634,97999999.60000005,19418716.200000003
177434383.0634,97999999.60000005,19418716.200000003
177434385.0634,97999999.60000005,19418716.200000003
177434387.0634,97999999.60000005,19418716.200000003
177434389.0634,97999999.60000005,19418716.200000003
177434391.0634,97999999.60000005,19418716.200000003
177434393.0634,97999999.60000005,19418716.200000003
177434395.0634,97999999.60000005,19418716.200000003
177434397.0634,97999999.60000005,19418716.200000003
177434399.0634,97999999.60000005,19418716.200000003
177434401.0634,97999999.60000005,19418716.200000003
177434403.0634,97999999.60000005,19418716.200000003
177434405.0634,97999999.60000005,19418716.200000003
177434407.0634,97999999.60000005,19418716.200000003
177434409.0634,97999999.60000005,19418716.200000003
177434411.0634,97999999.60000005,19418716.200000003
177434413.0634,97999999.60000005,19418716.200000003
177434415.0634,97999999.60000005,19418716.200000003
177434417.0634,97999999.60000005,19418716.200000003
177434419.0634,97999999.50000006,19418716.200000003
177434421.0634,97999999.50000006,19418716.200000003
177434423.0634,97999999.50000006,19418716.200000003
177434425.0634,97999999.50000006,19418716.200000003
177434427.0634,97999999.50000006,19418716.200000003
177434429.0634,97999999.50000006,19418716.200000003
177434431.0634,97999999.50000006,19418716.200000003
177434433.0634,97999999.50000006,19418716.200000003
177434435.0634,97999999.50000006,19418716.200000003
177434437.0634,97999999.50000006,19418716.200000003
177434439.0634,97999999.50000006,19418716.200000003
177434441.0634,97999999.50000006,19418716.200000003
177434443.0634,97999999.50000006,19418716.200000003
177434445.0634,97999999.50000006,19418716.200000003
177434447.0634,90141871.20000006,19418716.200000003
177434449.0634,90141871.20000006,19418716.200000003
177434451.0634,90141871.20000006,19418716.200000003
177434453.0634,90141871.20000006,19418716.200000003
177434455.0634,90141871.20000006,19418716.200000003
177434457.0634,90141871.20000006,19418716.200000003
177434459.0634,90141871.20000006,19418716.200000003
177434461.0634,90141871.20000006,19418716.200000003
177434463.0634,90141871.20000006,19418716.200000003
177434465.0634,90141871.20000006,19418716.200000003
177434467.0634,90141871.20000006,19418716.200000003
177434469.0634,90141871.20000006,19418716.200000003
177434471.0634,90141871.20000006,19418716.200000003
177434473.0634,90141871.20000006,19418716.200000003
177434475.0634,90141871.20000006,19418716.200000003
177434477.0634,90141871.20000006,19418716.200000003
177434479.0634,90141871.20000006,19418716.200000003
177434481.0634,90141871.20000006,19418716.200000003
177434483.0634,90141871.20000006,19418716.200000003
177434485.0634,90141871.20000006,19418716.200000003
177434487.0634,90141871.20000006,19418716.200000003
177434489.0634,90141871.20000006,19418716.200000003
177434491.0634,90141871.20000006,19418716.200000003
177434493.0634,90141871.20000006,19418716.200000003
177434495.0634,90141871.20000006,19418716.200000003
177434497.0634,90141871.20000006,19418716.200000003
177434499.0634,90141871.20000006,19418716.200000003
177434501.0634,90141871.20000006,19418716.200000003
177434503.0634,90141871.20000006,19418716.200000003
177434505.0634,90141871.20000006,19418716.200000003
177434507.0634,90141871.20000006,19418716.200000003
177434509.0634,90141871.20000006,19418716.200000003
177434511.0634,90141871.20000006,19418716.200000003
177434513.0634,90141871.20000006,19418716.200000003
177434515.0634,90141871.20000006,19418716.200000003
177434517.0634,90141871.20000006,19418716.200000003
177434519.0634,90141871.20000006,19418716.200000003
177434521.0634,90141871.20000006,19418716.200000003
177434523.0634,90141871.20000006,19418716.200000003
177434525.0634,90141871.20000006,19418716.200000003
177434527.0634,90141871.20000006,19418716.200000003
177434529.0634,90141871.20000006,19418716.200000003
177434531.0634,90141871.20000006,19418716.200000003
177434533.0634,90141871.20000006,19418716.200000003
177434535.0634,90141871.20000006,19418716.200000003
177434537.0634,90141871.20000006,19418716.200000003
177434539.0634,90141871.20000006,19418716.200000003
177434541.0634,90141871.20000006,19418716.200000003
177434543.0634,90141871.20000006,19418716.200000003
177434545.0634,90141871.20000006,19418716.200000003
177434547.0634,90141871.20000006,19418716.200000003
177434549.0634,90141871.20000006,19418716.200000003
177434551.0634,90141871.20000006,19418716.200000003
177434553.0634,90141871.20000006,19418716.200000003
177434555.0634,90141871.20000006,19418716.200000003
177434557.0634,90141871.20000006,19418716.200000003
177434559.0634,90141871.20000006,19418716.200000003
177434561.0634,90141871.20000006,19418716.200000003
177434563.0634,90141871.20000006,19418716.200000003
177434565.0634,90141871.20000006,19418716.200000003
177434567.0634,90141871.20000006,19418716.200000003
177434569.0634,90141871.20000006,19418716.200000003
177434571.0634,90141871.20000006,19418716.200000003
177434573.0634,90141871.20000006,19418716.200000003
177434575.0634,90141871.20000006,19418716.200000003
177434577.0634,90141871.20000006,19418716.200000003
177434579.0634,90141871.20000006,19418716.200000003
177434581.0634,90141871.20000006,19418716.200000003
177434583.0634,90141871.20000006,19418716.200000003
177434585.0634,90141871.20000006,19418716.200000003
177434587.0634,90141871.20000006,19418716.200000003
177434589.0634,90141871.20000006,19418716.200000003
177434591.0634,90141871.20000006,19418716.200000003
177434593.0634,90141871.20000006,19418716.200000003
177434595.0634,90141871.20000006,19418716.200000003
177434597.0634,90141871.20000006,19418716.200000003
177434599.0634,90141871.20000006,19418716.200000003
177434601.0634,90141871.20000006,19418716.200000003
177434603.0634,90141871.20000006,19418716.200000003
177434605.0634,90141871.20000006,19418716.200000003
177434607.0634,90141871.20000006,19418716.200000003
177434609.0634,90141871.20000006,19418716.200000003
177434611.0634,90141871.20000006,19418716.200000003
177434613.0634,90141871.20000006,19418716.200000003
177434615.0634,90141871.20000006,19418716.200000003
177434617.0634,90141871.20000006,19418716.200000003
177434619.0634,90141871.20000006,19418716.200000003
177434621.0634,90141871.20000006,19418716.200000003
177434623.0634,90141871.20000006,19418716.200000003
177434625.0634,90141871.20000006,19418716.200000003
177434627.0634,90141871.20000006,19418716.200000003
177434629.0634,90141871.20000006,19418716.200000003
177434631.0634,97999999.50000006,19418716.200000003
177434633.0634,97999999.50000006,19418716.200000003
177434635.0634,97999999.50000006,19418716.200000003
177434637.0634,97999999.50000006,19418716.200000003
177434639.0634,97999999.50000006,19418716.200000003
177434641.0634,97999999.50000006,19418716.200000003
177434643.0634,97999999.50000006,19418716.200000003
177434645.0634,97999999.50000006,19418716.200000003
177434647.0634,97999999.50000006,19418716.200000003
177434649.0634,97999999.50000006,19418716.200000003
177434651.0634,97999999.50000006,19418716.200000003
177434653.0634,97999999.50000006,19418716.200000003
177434655.0634,97999999.50000006,19418716.200000003
177434657.0634,97999999.50000006,19418716.200000003
177434659.0634,97999999.50000006,19418716.200000003
177434661.0634,97999999.50000006,19418716.200000003
177434663.0634,97999999.50000006,19418716.200000003
177434665.0634,97999999.50000006,19418716.200000003
177434667.0634,97999999.50000006,19418716.200000003
177434669.0634,97999999.50000006,19418716.200000003
177434671.0634,97999999.50000006,19418716.200000003
177434673.0634,97999999.50000006,19418716.200000003
177434675.0634,97999999.50000006,19418716.200000003
177434677.0634,97999999.50000006,19418716.200000003
177434679.0634,97999999.50000006,19418716.200000003
177434681.0634,97999999.50000006,19418716.200000003
177434683.0634,97999999.50000006,19418716.200000003
177434685.0634,97999999.50000006,19418716.200000003
177434687.0634,97999999.50000006,19418716.200000003
177434689.0634,97999999.50000006,19418716.200000003
177434691.0634,97999999.50000006,19418716.200000003
177434693.0634,97999999.50000006,19418716.200000003
177434695.0634,97999999.50000006,19418716.200000003
177434697.0634,97999999.50000006,19418716.200000003
177434699.0634,97999999.50000006,19418716.200000003
177434701.0634,97999999.50000006,19418716.200000003
177434703.0634,97999999.50000006,19418716.200000003
177434705.0634,97999999.50000006,19418716.200000003
177434707.0634,97999999.50000006,19418716.200000003
177434709.0634,97999999.50000006,19418716.200000003
177434711.0634,97999999.50000006,19418716.200000003
177434713.0634,97999999.50000006,19418716.200000003
177434715.0634,97999999.50000006,19418716.200000003
177434717.0634,97999999.50000006,19418716.200000003
177434719.0634,97999999.50000006,19418716.200000003
177434721.0634,97999999.40000007,19418716.200000003
177434723.0634,97999999.40000007,19418716.200000003
177434725.0634,97999999.40000007,19418716.200000003
177434727.0634,97999999.40000007,19418716.200000003
177434729.0634,97999999.40000007,19418716.200000003
177434731.0634,97999999.40000007,19418716.200000003
177434733.0634,97999999.40000007,19418716.200000003
177434735.0634,97999999.40000007,19418716.200000003
177434737.0634,97999999.40000007,19418716.200000003
177434739.0634,97999999.40000007,19418716.200000003
177434741.0634,97999999.40000007,19418716.200000003
177434743.0634,97999999.40000007,19418716.200000003
177434745.0634,97999999.40000007,19418716.200000003
177434747.0634,97999999.40000007,19418716.200000003
177434749.0634,97999999.40000007,19418716.200000003
177434751.0634,97999999.40000007,19418716.200000003
177434753.0634,97999999.40000007,19418716.200000003
177434755.0634,97999999.40000007,19418716.200000003
177434757.0634,97999999.40000007,19418716.200000003
177434759.0634,97999999.40000007,19418716.200000003
177434761.0634,97999999.40000007,19418716.200000003
177434763.0634,97999999.40000007,19418716.200000003
177434765.0634,97999999.40000007,19418716.200000003
177434767.0634,97999999.40000007,19418716.200000003
177434769.0634,97999999.40000007,19418716.200000003
177434771.0634,97999999.40000007,19418716.200000003
177434773.0634,97999999.40000007,19418716.200000003
177434775.0634,97999999.40000007,19418716.200000003
177434777.0634,97999999.40000007,19418716.200000003
177434779.0634,97999999.40000007,19418716.200000003
177434781.0634,97999999.40000007,19418716.200000003
177434783.0634,97999999.40000007,19418716.200000003
177434785.0634,97999999.40000007,19418716.200000003
177434787.0634,97999999.40000007,19418716.200000003
177434789.0634,97999999.40000007,19418716.200000003
177434791.0634,97999999.40000007,19418716.200000003
177434793.0634,97999999.40000007,19418716.200000003
177434795.0634,97999999.40000007,19418716.200000003
177434797.0634,97999999.40000007,19418716.200000003
177434799.0634,97999999.40000007,19418716.200000003
177434801.0634,97999999.40000007,19418716.200000003
177434803.0634,97999999.40000007,19418716.200000003
177434805.0634,97999999.40000007,19418716.200000003
177434807.0634,97999999.40000007,19418716.200000003
177434809.0634,97999999.40000007,19418716.200000003
177434811.0634,97999999.40000007,19418716.200000003
177434813.0634,97999999.40000007,19418716.200000003
177434815.0634,97999999.40000007,19418716.200000003
177434817.0634,97999999.40000007,19418716.200000003
177434819.0634,97999999.40000007,19418716.200000003
177434821.0634,97999999.40000007,19418716.200000003
177434823.0634,97999999.40000007,19418716.200000003
177434825.0634,97999999.40000007,19418716.200000003
177434827.0634,97999999.40000007,19418716.200000003
177434829.0634,97999999.40000007,19418716.200000003
177434831.0634,97999999.40000007,19418716.200000003
177434833.0634,97999999.40000007,19418716.200000003
177434835.0634,97999999.40000007,19418716.200000003
177434837.0634,97999999.40000007,19418716.200000003
177434839.0634,97999999.40000007,19418716.200000003
177434841.0634,97999999.40000007,19418716.200000003
177434843.0634,97999999.40000007,19418716.200000003
177434845.0634,97999999.40000007,19418716.200000003
177434847.0634,97999999.40000007,19418716.200000003
177434849.0634,97999999.40000007,19418716.200000003
177434851.0634,97999999.40000007,19418716.200000003
177434853.0634,97999999.40000007,19418716.200000003
177434855.0634,97999999.40000007,19418716.200000003
177434857.0634,97999999.40000007,19418716.200000003
177434859.0634,97999999.40000007,19418716.200000003
177434861.0634,97999999.40000007,19418716.200000003
177434863.0634,97999999.40000007,19418716.200000003
177434865.0634,97999999.40000007,19418716.200000003
177434867.0634,97999999.40000007,19418716.200000003
177434869.0634,97999999.40000007,19418716.200000003
177434871.0634,97999999.40000007,19418716.200000003
177434873.0634,97999999.40000007,19418716.200000003
177434875.0634,97999999.40000007,19418716.200000003
177434877.0634,97999999.40000007,19418716.200000003
177434879.0634,97999999.40000007,19418716.200000003
177434881.0634,97999999.40000007,19418716.200000003
177434883.0634,97999999.40000007,19418716.200000003
177434885.0634,97999999.40000007,19418716.200000003
177434887.0634,97999999.40000007,19418716.200000003
177434889.0634,97999999.40000007,19418716.200000003
177434891.0634,97999999.40000007,19418716.200000003
177434893.0634,97999999.40000007,19418716.200000003
177434895.0634,97999999.40000007,19418716.200000003
177434897.0634,97999999.40000007,19418716.200000003
177434899.0634,97999999.40000007,19418716.200000003
177434901.0634,97999999.40000007,19418716.200000003
177434903.0634,97999999.40000007,19418716.200000003
177434905.0634,97999999.40000007,19418716.200000003
177434907.0634,97999999.40000007,19418716.200000003
177434909.0634,97999999.40000007,19418716.200000003
177434911.0634,97999999.40000007,19418716.200000003
177434913.0634,97999999.40000007,19418716.200000003
177434915.0634,97999999.40000007,19418716.200000003
177434917.0634,97999999.40000007,19418716.200000003
177434919.0634,97999999.40000007,19418716.200000003
177434921.0634,97999999.40000007,19418716.200000003
177434923.0634,97999999.40000007,19418716.200000003
177434925.0634,97999999.40000007,19418716.200000003
177434927.0634,97999999.40000007,19418716.200000003
177434929.0634,97999999.40000007,19418716.200000003
177434931.0634,97999999.40000007,19418716.200000003
177434933.0634,97999999.40000007,19418716.200000003
177434935.0634,97999999.40000007,19418716.200000003
177434937.0634,97999999.40000007,19418716.200000003
177434939.0634,97999999.40000007,19418716.200000003
177434941.0634,97999999.40000007,19418716.200000003
177434943.0634,97999999.40000007,19418716.200000003
177434945.0634,97999999.40000007,19418716.200000003
177434947.0634,97999999.40000007,19418716.200000003
177434949.0634,97999999.40000007,19418716.200000003
177434951.0634,97999999.40000007,19418716.200000003
177434953.0634,97999999.40000007,19418716.200000003
177434955.0634,97999999.40000007,19418716.200000003
177434957.0634,97999999.40000007,19418716.200000003
177434959.0634,97999999.40000007,19418716.200000003
177434961.0634,97999999.40000007,19418716.200000003
177434963.0634,97999999.40000007,19418716.200000003
177434965.0634,97999999.40000007,19418716.200000003
177434967.0634,97999999.40000007,19418716.200000003
177434969.0634,97999999.40000007,19418716.200000003
177434971.0634,97999999.40000007,19418716.200000003
177434973.0634,97999999.40000007,19418716.200000003
177434975.0634,97999999.40000007,19418716.200000003
177434977.0634,97999999.40000007,19418716.200000003
177434979.0634,97999999.40000007,19418716.200000003
177434981.0634,97999999.40000007,19418716.200000003
177434983.0634,97999999.40000007,19418716.200000003
177434985.0634,97999999.40000007,19418716.200000003
177434987.0634,97999999.40000007,19418716.200000003
177434989.0634,97999999.40000007,19418716.200000003
177434991.0634,97999999.40000007,19418716.200000003
177434993.0634,97999999.40000007,19418716.200000003
177434995.0634,97999999.40000007,19418716.200000003
177434997.0634,97999999.40000007,19418716.200000003
177434999.0634,97999999.40000007,19418716.200000003
177435001.0634,97999999.40000007,19418716.200000003
177435003.0634,97999999.40000007,19418716.200000003
177435005.0634,97999999.40000007,19418716.200000003
177435007.0634,97999999.40000007,19418716.200000003
177435009.0634,97999999.40000007,19418716.200000003
177435011.0634,97999999.40000007,19418716.200000003
177435013.0634,97999999.40000007,19418716.200000003
177435015.0634,97999999.40000007,19418716.200000003
177435017.0634,97999999.40000007,19418716.200000003
177435019.0634,97999999.40000007,19418716.200000003
177435021.0634,97999999.40000007,19418716.200000003
177435023.0634,97999999.40000007,19418716.200000003
177435025.0634,97999999.40000007,19418716.200000003
177435027.0634,97999999.40000007,19418716.200000003
177435029.0634,97999999.40000007,19418716.200000003
177435031.0634,97999999.40000007,19418716.200000003
177435033.0634,97999999.40000007,19418716.200000003
177435035.0634,97999999.40000007,19418716.200000003
177435037.0634,97999999.40000007,19418716.200000003
177435039.0634,97999999.40000007,19418716.200000003
177435041.0634,97999999.40000007,19418716.200000003
177435043.0634,97999999.40000007,19418716.200000003
177435045.0634,97999999.40000007,19418716.200000003
177435047.0634,97999999.40000007,19418716.200000003
177435049.0634,97999999.40000007,19418716.200000003
177435051.0634,97999999.40000007,19418716.200000003
177435053.0634,97999999.40000007,19418716.200000003
177435055.0634,97999999.40000007,19418716.200000003
177435057.0634,97999999.40000007,19418716.200000003
177435059.0634,97999999.40000007,19418716.200000003
177435061.0634,97999999.40000007,19418716.200000003
177435063.0634,97999999.40000007,19418716.200000003
177435065.0634,97999999.40000007,19418716.200000003
177435067.0634,97999999.40000007,19418716.200000003
177435069.0634,97999999.40000007,19418716.200000003
177435071.0634,97999999.40000007,19418716.200000003
177435073.0634,97999999.40000007,19418716.200000003
177435075.0634,97999999.40000007,19418716.200000003
177435077.0634,97999999.40000007,19418716.200000003
177435079.0634,97999999.40000007,19418716.200000003
177435081.0634,97999999.40000007,19418716.200000003
177435083.0634,97999999.40000007,19418716.200000003
177435085.0634,97999999.40000007,19418716.200000003
177435087.0634,97999999.40000007,19418716.200000003
177435089.0634,97999999.30000007,19418716.200000003
177435091.0634,97999999.30000007,19418716.200000003
177435093.0634,97999999.30000007,19418716.200000003
177435095.0634,97999999.30000007,19418716.200000003
177435097.0634,97999999.30000007,19418716.200000003
177435099.0634,97999999.30000007,19418716.200000003
177435101.0634,97999999.30000007,19418716.200000003
177435103.0634,97999999.30000007,19418716.200000003
177435105.0634,97999999.30000007,19418716.200000003
177435107.0634,97999999.30000007,19418716.200000003
177435109.0634,97999999.30000007,19418716.200000003
177435111.0634,97999999.30000007,19418716.200000003
177435113.0634,97999999.30000007,19418716.200000003
177435115.0634,97999999.30000007,19418716.200000003
177435117.0634,97999999.30000007,19418716.200000003
177435119.0634,97999999.30000007,19418716.200000003
177435121.0634,97999999.30000007,19418716.200000003
177435123.0634,97999999.30000007,19418716.200000003
177435125.0634,97999999.30000007,19418716.200000003
177435127.0634,97999999.30000007,19418716.200000003
177435129.0634,97999999.30000007,19418716.200000003
177435131.0634,97999999.30000007,19418716.200000003
177435133.0634,97999999.30000007,19418716.200000003
177435135.0634,97999999.30000007,19418716.200000003
177435137.0634,97999999.30000007,19418716.200000003
177435139.0634,97999999.30000007,19418716.200000003
177435141.0634,97999999.30000007,19418716.200000003
177435143.0634,97999999.30000007,19418716.200000003
177435145.0634,97999999.30000007,19418716.200000003
177435147.0634,97999999.30000007,19418716.200000003
177435149.0634,97999999.30000007,19418716.200000003
177435151.0634,97999999.30000007,19418716.200000003
177435153.0634,97999999.30000007,19418716.200000003
177435155.0634,97999999.30000007,19418716.200000003
177435157.0634,97999999.30000007,19418716.200000003
177435159.0634,97999999.30000007,19418716.200000003
177435161.0634,97999999.30000007,19418716.200000003
177435163.0634,97999999.30000007,19418716.200000003
177435165.0634,97999999.30000007,19418716.200000003
177435167.0634,97999999.30000007,19418716.200000003
177435169.0634,97999999.30000007,19418716.200000003
177435171.0634,97999999.30000007,19418716.200000003
177435173.0634,97999999.30000007,19418716.200000003
177435175.0634,97999999.30000007,19418716.200000003
177435177.0634,97999999.30000007,19418716.200000003
177435179.0634,97999999.30000007,19418716.200000003
177435181.0634,97999999.30000007,19418716.200000003
177435183.0634,97999999.30000007,19418716.200000003
177435185.0634,97999999.30000007,19418716.200000003
177435187.0634,97999999.30000007,19418716.200000003
177435189.0634,97999999.30000007,19418716.200000003
177435191.0634,97999999.30000007,19418716.200000003
177435193.0634,97999999.30000007,19418716.200000003
177435195.0634,97999999.30000007,19418716.200000003
177435197.0634,97999999.30000007,19418716.200000003
177435199.0634,97999999.30000007,19418716.200000003
177435201.0634,97999999.30000007,19418716.200000003
177435203.0634,97999999.30000007,19418716.200000003
177435205.0634,97999999.30000007,19418716.200000003
177435207.0634,97999999.30000007,19418716.200000003
177435209.0634,97999999.30000007,19418716.200000003
177435211.0634,97999999.30000007,19418716.200000003
177435213.0634,97999999.30000007,19418716.200000003
177435215.0634,97999999.30000007,19418716.200000003
177435217.0634,97999999.30000007,19418716.200000003
177435219.0634,97999999.30000007,19418716.200000003
177435221.0634,97999999.30000007,19418716.200000003
177435223.0634,97999999.30000007,19418716.200000003
177435225.0634,97999999.30000007,19418716.200000003
177435227.0634,97999999.30000007,19418716.200000003
177435229.0634,97999999.30000007,19418716.200000003
177435231.0634,97999999.30000007,19418716.200000003
177435233.0634,97999999.30000007,19418716.200000003
177435235.0634,97999999.30000007,19418716.200000003
177435237.0634,97999999.30000007,19418716.200000003
177435239.0634,97999999.30000007,19418716.200000003
177435241.0634,97999999.30000007,19418716.200000003
177435243.0634,97999999.30000007,19418716.200000003
177435245.0634,97999999.30000007,19418716.200000003
177435247.0634,97999999.30000007,19418716.200000003
177435249.0634,97999999.30000007,19418716.200000003
177435251.0634,97999999.30000007,19418716.200000003
177435253.0634,97999999.30000007,19418716.200000003
177435255.0634,97999999.30000007,19418716.200000003
177435257.0634,97999999.30000007,19418716.200000003
177435259.0634,97999999.30000007,19418716.200000003
177435261.0634,97999999.30000007,19418716.200000003
177435263.0634,97999999.30000007,19418716.200000003
177435265.0634,97999999.30000007,19418716.200000003
177435267.0634,97999999.30000007,19418716.200000003
177435269.0634,97999999.30000007,19418716.200000003
177435271.0634,97999999.30000007,19418716.200000003
177435273.0634,97999999.30000007,19418716.200000003
177435275.0634,97999999.30000007,19418716.200000003
177435277.0634,97999999.30000007,19418716.200000003
177435281.0634,97999999.30000007,19418716.200000003
177435291.0634,97999999.30000007,19418716.200000003
177435293.0634,97999999.30000007,19418716.200000003
177435295.0634,97999999.30000007,19418716.200000003
177435297.0634,97999999.30000007,19418716.200000003
177435299.0634,97999999.30000007,19418716.200000003
177435301.0634,97999999.30000007,19418716.200000003
177435303.0634,97999999.30000007,19418716.200000003
177435305.0634,97999999.30000007,19418716.200000003
177435307.0634,97999999.30000007,19418716.200000003
177435309.0634,97999999.30000007,19418716.200000003
177435311.0634,97999999.30000007,19418716.200000003
177435313.0634,97999999.30000007,19418716.200000003
177435315.0634,97999999.30000007,19418716.200000003
177435317.0634,97999999.30000007,19418716.200000003
177435319.0634,97999999.30000007,19418716.200000003
177435321.0634,97999999.30000007,19418716.200000003
177435323.0634,97999999.30000007,19418716.200000003
177435325.0634,97999999.30000007,19418716.200000003
177435327.0634,97999999.30000007,19418716.200000003
177435329.0634,97999999.30000007,19418716.200000003
177435331.0634,97999999.30000007,19418716.200000003
177435333.0634,97999999.30000007,19418716.200000003
177435335.0634,97999999.30000007,19418716.200000003
177435337.0634,97999999.30000007,19418716.200000003
177435339.0634,97999999.30000007,19418716.200000003
177435341.0634,97999999.30000007,19418716.200000003
177435343.0634,97999999.30000007,19418716.200000003
177435345.0634,97999999.30000007,19418716.200000003
177435347.0634,97999999.30000007,19418716.200000003
177435349.0634,97999999.30000007,19418716.200000003
177435351.0634,97999999.30000007,19418716.200000003
177435353.0634,97999999.30000007,19418716.200000003
177435355.0634,97999999.30000007,19418716.200000003
177435357.0634,97999999.30000007,19418716.200000003
177435359.0634,97999999.30000007,19418716.200000003
177435361.0634,97999999.30000007,19418716.200000003
177435363.0634,97999999.30000007,19418716.200000003
177435365.0634,97999999.30000007,19418716.200000003
177435367.0634,97999999.30000007,19418716.200000003
177435369.0634,97999999.30000007,19418716.200000003
177435371.0634,97999999.30000007,19418716.200000003
177435373.0634,97999999.30000007,19418716.200000003
177435375.0634,97999999.30000007,19418716.200000003
177435377.0634,97999999.30000007,19418716.200000003
177435379.0634,97999999.30000007,19418716.200000003
177435381.0634,97999999.30000007,19418716.200000003
177435383.0634,97999999.30000007,19418716.200000003
177435385.0634,97999999.30000007,19418716.200000003
177435387.0634,97999999.30000007,19418716.200000003
177435389.0634,97999999.30000007,19418716.200000003
177435391.0634,97999999.30000007,19418716.200000003
177435393.0634,97999999.30000007,19418716.200000003
177435395.0634,97999999.30000007,19418716.200000003
177435397.0634,97999999.30000007,19418716.200000003
177435399.0634,97999999.30000007,19418716.200000003
177435401.0634,97999999.30000007,19418716.200000003
177435403.0634,97999999.30000007,19418716.200000003
177435405.0634,97999999.30000007,19418716.200000003
177435407.0634,97999999.30000007,19418716.200000003
177435409.0634,97999999.30000007,19418716.200000003
177435411.0634,97999999.30000007,19418716.200000003
177435413.0634,97999999.30000007,19418716.200000003
177435415.0634,97999999.30000007,19418716.200000003
177435417.0634,97999999.30000007,19418716.200000003
177435419.0634,97999999.30000007,19418716.200000003
177435421.0634,97999999.30000007,19418716.200000003
177435423.0634,97999999.30000007,19418716.200000003
177435425.0634,97999999.30000007,19418716.200000003
177435427.0634,97999999.30000007,19418716.200000003
177435429.0634,97999999.30000007,19418716.200000003
177435431.0634,97999999.30000007,19418716.200000003
177435433.0634,97999999.20000008,19418716.200000003
177435435.0634,97999999.20000008,19418716.200000003
177435437.0634,97999999.20000008,19418716.200000003
177435439.0634,97999999.20000008,19418716.200000003
177435441.0634,97999999.20000008,19418716.200000003
177435443.0634,97999999.20000008,19418716.200000003
177435445.0634,97999999.20000008,19418716.200000003
177435447.0634,97999999.20000008,19418716.200000003
177435449.0634,97999999.20000008,19418716.200000003
177435451.0634,97999999.20000008,19418716.200000003
177435453.0634,97999999.20000008,19418716.200000003
177435455.0634,97999999.20000008,19418716.200000003
177435457.0634,97999999.20000008,19418716.200000003
177435459.0634,97999999.20000008,19418716.200000003
177435461.0634,97999999.20000008,19418716.200000003
177435463.0634,97999999.20000008,19418716.200000003
177435465.0634,97999999.20000008,19418716.200000003
177435467.0634,97999999.20000008,19418716.200000003
177435469.0634,97999999.20000008,19418716.200000003
177435471.0634,97999999.20000008,19418716.200000003
177435473.0634,97999999.20000008,19418716.200000003
177435475.0634,97999999.20000008,19418716.200000003
177435477.0634,97999999.20000008,19418716.200000003
177435479.0634,97999999.20000008,19418716.200000003
177435481.0634,97999999.20000008,19418716.200000003
177435483.0634,97999999.20000008,19418716.200000003
177435485.0634,97999999.20000008,19418716.200000003
177435487.0634,97999999.20000008,19418716.200000003
177435489.0634,97999999.20000008,19418716.200000003
177435491.0634,97999999.20000008,19418716.200000003
177435493.0634,97999999.20000008,19418716.200000003
177435495.0634,97999999.20000008,19418716.200000003
177435497.0634,97999999.20000008,19418716.200000003
177435499.0634,97999999.20000008,19418716.200000003
177435501.0634,97999999.20000008,19418716.200000003
177435503.0634,97999999.20000008,19418716.200000003
177435505.0634,97999999.20000008,19418716.200000003
177435507.0634,97999999.20000008,19418716.200000003
177435509.0634,97999999.20000008,19418716.200000003
177435511.0634,97999999.20000008,19418716.200000003
177435513.0634,97999999.20000008,19418716.200000003
177435515.0634,97999999.20000008,19418716.200000003
177435517.0634,97999999.20000008,19418716.200000003
177435519.0634,97999999.20000008,19418716.200000003
177435521.0634,97999999.20000008,19418716.200000003
177435523.0634,97999999.20000008,19418716.200000003
177435525.0634,97999999.20000008,19418716.200000003
177435527.0634,97999999.20000008,19418716.200000003
177435529.0634,97999999.20000008,19418716.200000003
177435531.0634,97999999.20000008,19418716.200000003
177435533.0634,97999999.20000008,19418716.200000003
177435535.0634,97999999.20000008,19418716.200000003
177435537.0634,97999999.20000008,19418716.200000003
177435539.0634,97999999.20000008,19418716.200000003
177435541.0634,97999999.20000008,19418716.200000003
177435543.0634,97999999.20000008,19418716.200000003
177435545.0634,97999999.20000008,19418716.200000003
177435547.0634,97999999.20000008,19418716.200000003
177435549.0634,97999999.20000008,19418716.200000003
177435551.0634,97999999.20000008,19418716.200000003
177435553.0634,97999999.20000008,19418716.200000003
177435555.0634,97999999.20000008,19418716.200000003
177435557.0634,97999999.20000008,19418716.200000003
177435559.0634,97999999.20000008,19418716.200000003
177435561.0634,97999999.20000008,19418716.200000003
177435563.0634,97999999.20000008,19418716.200000003
177435565.0634,97999999.20000008,19418716.200000003
177435567.0634,97999999.20000008,19418716.200000003
177435569.0634,97999999.20000008,19418716.200000003
177435571.0634,97999999.20000008,19418716.200000003
177435573.0634,97999999.20000008,19418716.200000003
177435575.0634,97999999.20000008,19418716.200000003
177435577.0634,97999999.20000008,19418716.200000003
177435579.0634,97999999.20000008,19418716.200000003
177435581.0634,97999999.20000008,19418716.200000003
177435583.0634,97999999.20000008,19418716.200000003
177435585.0634,97999999.20000008,19418716.200000003
177435587.0634,97999999.20000008,19418716.200000003
177435589.0634,97999999.20000008,19418716.200000003
177435591.0634,97999999.20000008,19418716.200000003
177435593.0634,97999999.20000008,19418716.200000003
177435595.0634,97999999.20000008,19418716.200000003
177435597.0634,97999999.20000008,19418716.200000003
177435599.0634,97999999.20000008,19418716.200000003
177435601.0634,97999999.20000008,19418716.200000003
177435603.0634,97999999.20000008,19418716.200000003
177435605.0634,97999999.20000008,19418716.200000003
177435607.0634,97999999.20000008,19418716.200000003
177435609.0634,97999999.20000008,19418716.200000003
177435611.0634,97999999.20000008,19418716.200000003
177435613.0634,97999999.20000008,19418716.200000003
177435615.0634,97999999.20000008,19418716.200000003
177435617.0634,97999999.20000008,19418716.200000003
177435619.0634,97999999.20000008,19418716.200000003
177435621.0634,97999999.20000008,19418716.200000003
177435623.0634,97999999.20000008,19418716.200000003
177435625.0634,97999999.20000008,19418716.200000003
177435627.0634,97999999.20000008,19418716.200000003
177435629.0634,97999999.20000008,19418716.200000003
177435631.0634,97999999.20000008,19418716.200000003
177435633.0634,97999999.20000008,19418716.200000003
177435635.0634,97999999.20000008,19418716.200000003
177435637.0634,97999999.20000008,19418716.200000003
177435639.0634,97999999.20000008,19418716.200000003
177435641.0634,97999999.20000008,19418716.200000003
177435643.0634,97999999.20000008,19418716.200000003
177435645.0634,97999999.20000008,19418716.200000003
177435647.0634,97999999.20000008,19418716.200000003
177435649.0634,97999999.20000008,19418716.200000003
177435651.0634,97999999.20000008,19418716.200000003
177435653.0634,97999999.20000008,19418716.200000003
177435655.0634,97999999.20000008,19418716.200000003
177435657.0634,97999999.20000008,19418716.200000003
177435659.0634,97999999.20000008,19418716.200000003
177435661.0634,97999999.20000008,19418716.200000003
177435663.0634,97999999.20000008,19418716.200000003
177435665.0634,97999999.20000008,19418716.200000003
177435667.0634,97999999.20000008,19418716.200000003
177435669.0634,97999999.20000008,19418716.200000003
177435671.0634,97999999.20000008,19418716.200000003
177435673.0634,97999999.20000008,19418716.200000003
177435675.0634,97999999.20000008,19418716.200000003
177435677.0634,97999999.20000008,19418716.200000003
177435679.0634,97999999.20000008,19418716.200000003
177435681.0634,97999999.20000008,19418716.200000003
177435683.0634,97999999.20000008,19418716.200000003
177435685.0634,97999999.20000008,19418716.200000003
177435687.0634,97999999.20000008,19418716.200000003
177435689.0634,97999999.20000008,19418716.200000003
177435691.0634,97999999.20000008,19418716.200000003
177435693.0634,97999999.20000008,19418716.200000003
177435695.0634,97999999.20000008,19418716.200000003
177435697.0634,97999999.20000008,19418716.200000003
177435699.0634,97999999.20000008,19418716.200000003
177435701.0634,97999999.20000008,19418716.200000003
177435703.0634,97999999.20000008,19418716.200000003
177435705.0634,97999999.20000008,19418716.200000003
177435707.0634,97999999.20000008,19418716.200000003
177435709.0634,97999999.20000008,19418716.200000003
177435711.0634,97999999.20000008,19418716.200000003
177435713.0634,97999999.20000008,19418716.200000003
177435715.0634,97999999.20000008,19418716.200000003
177435717.0634,97999999.20000008,19418716.200000003
177435719.0634,97999999.20000008,19418716.200000003
177435721.0634,97999999.20000008,19418716.200000003
177435723.0634,97999999.20000008,19418716.200000003
177435725.0634,97999999.20000008,19418716.200000003
177435727.0634,97999999.20000008,19418716.200000003
177435729.0634,97999999.20000008,19418716.200000003
177435731.0634,97999999.20000008,19418716.200000003
177435733.0634,97999999.20000008,19418716.200000003
177435735.0634,97999999.20000008,19418716.200000003
177435737.0634,97999999.20000008,19418716.200000003
177435739.0634,97999999.20000008,19418716.200000003
177435741.0634,97999999.10000008,19418716.200000003
177435743.0634,97999999.10000008,19418716.200000003
177435745.0634,97999999.10000008,19418716.200000003
177435747.0634,97999999.10000008,19418716.200000003
177435749.0634,97999999.10000008,19418716.200000003
177435751.0634,97999999.10000008,19418716.200000003
177435753.0634,97999999.10000008,19418716.200000003
177435755.0634,97999999.10000008,19418716.200000003
177435757.0634,97999999.10000008,19418716.200000003
177435759.0634,97999999.10000008,19418716.200000003
177435761.0634,97999999.10000008,19418716.200000003
177435763.0634,97999999.10000008,19418716.200000003
177435765.0634,97999999.10000008,19418716.200000003
177435767.0634,97999999.10000008,19418716.200000003
177435769.0634,97999999.10000008,19418716.200000003
177435771.0634,97999999.10000008,19418716.200000003
177435773.0634,97999999.10000008,19418716.200000003
177435775.0634,97999999.10000008,19418716.200000003
177435777.0634,97999999.10000008,19418716.200000003
177435779.1634,97999999.10000008,19418716.200000003
177435781.0634,97999999.10000008,19418716.200000003
177435783.0634,97999999.10000008,19418716.200000003
177435785.0634,97999999.10000008,19418716.200000003
177435787.0634,97999999.10000008,19418716.200000003
177435789.0634,97999999.10000008,19418716.200000003
177435791.0634,97999999.10000008,19418716.200000003
177435793.0634,97999999.10000008,19418716.200000003
177435795.0634,97999999.10000008,19418716.200000003
177435797.0634,97999999.10000008,19418716.200000003
177435799.0634,97999999.10000008,19418716.200000003
177435801.0634,97999999.10000008,19418716.200000003
177435803.0634,97999999.10000008,19418716.200000003
177435805.0634,97999999.10000008,19418716.200000003
177435807.0634,97999999.10000008,19418716.200000003
177435809.0634,97999999.10000008,19418716.200000003
177435811.0634,97999999.10000008,19418716.200000003
177435813.0634,97999999.10000008,19418716.200000003
177435815.0634,97999999.10000008,19418716.200000003
177435817.0634,97999999.10000008,19418716.200000003
177435819.0634,97999999.10000008,19418716.200000003
177435821.0634,97999999.10000008,19418716.200000003
177435823.0634,97999999.10000008,19418716.200000003
177435825.0634,97999999.10000008,19418716.200000003
177435827.0634,97999999.10000008,19418716.200000003
177435829.0634,97999999.10000008,19418716.200000003
177435831.0634,97999999.10000008,19418716.200000003
177435833.0634,97999999.10000008,19418716.200000003
177435835.0634,97999999.10000008,19418716.200000003
177435837.0634,97999999.10000008,19418716.200000003
177435839.0634,97999999.10000008,19418716.200000003
177435841.0634,97999999.10000008,19418716.200000003
177435843.0634,97999999.10000008,19418716.200000003
177435845.0634,97999999.10000008,19418716.200000003
177435847.0634,97999999.10000008,19418716.200000003
177435849.0634,97999999.10000008,19418716.200000003
177435851.0634,97999999.10000008,19418716.200000003
177435853.0634,97999999.10000008,19418716.200000003
177435855.0634,97999999.10000008,19418716.200000003
177435857.0634,97999999.10000008,19418716.200000003
177435859.0634,97999999.10000008,19418716.200000003
177435861.0634,97999999.10000008,19418716.200000003
177435863.0634,97999999.10000008,19418716.200000003
177435865.0634,97999999.10000008,19418716.200000003
177435867.0634,97999999.10000008,19418716.200000003
177435869.0634,97999999.10000008,19418716.200000003
177435871.0634,97999999.10000008,19418716.200000003
177435873.0634,97999999.10000008,19418716.200000003
177435875.0634,97999999.10000008,19418716.200000003
177435877.0634,97999999.10000008,19418716.200000003
177435879.0634,97999999.10000008,19418716.200000003
177435881.0634,97999999.10000008,19418716.200000003
177435883.0634,97999999.10000008,19418716.200000003
177435885.0634,97999999.10000008,19418716.200000003
177435887.0634,97999999.10000008,19418716.200000003
177435889.0634,97999999.10000008,19418716.200000003
177435891.0634,97999999.10000008,19418716.200000003
177435893.0634,97999999.10000008,19418716.200000003
177435895.0634,97999999.10000008,19418716.200000003
177435897.0634,97999999.10000008,19418716.200000003
177435899.0634,97999999.10000008,19418716.200000003
177435901.0634,97999999.10000008,19418716.200000003
177435903.0634,97999999.10000008,19418716.200000003
177435905.0634,97999999.10000008,19418716.200000003
177435907.0634,97999999.10000008,19418716.200000003
177435909.0634,97999999.10000008,19418716.200000003
177435911.0634,97999999.10000008,19418716.200000003
177435913.0634,97999999.10000008,19418716.200000003
177435915.0634,97999999.10000008,19418716.200000003
177435917.0634,97999999.10000008,19418716.200000003
177435919.0634,97999999.10000008,19418716.200000003
177435921.0634,97999999.10000008,19418716.200000003
177435923.0634,97999999.10000008,19418716.200000003
177435925.0634,97999999.10000008,19418716.200000003
177435927.0634,97999999.10000008,19418716.200000003
177435929.0634,97999999.10000008,19418716.200000003
177435931.0634,97999999.10000008,19418716.200000003
177435933.0634,97999999.10000008,19418716.200000003
177435935.0634,97999999.10000008,19418716.200000003
177435937.0634,97999999.10000008,19418716.200000003
177435939.0634,97999999.10000008,19418716.200000003
177435941.0634,97999999.10000008,19418716.200000003
177435943.0634,97999999.10000008,19418716.200000003
177435945.0634,97999999.10000008,19418716.200000003
177435947.0634,97999999.10000008,19418716.200000003
177435949.0634,97999999.10000008,19418716.200000003
177435951.0634,97999999.10000008,19418716.200000003
177435953.0634,97999999.10000008,19418716.200000003
177435955.0634,97999999.10000008,19418716.200000003
177435957.0634,97999999.10000008,19418716.200000003
177435959.0634,97999999.10000008,19418716.200000003
177435961.0634,97999999.10000008,19418716.200000003
177435963.0634,97999999.10000008,19418716.200000003
177435965.0634,97999999.10000008,19418716.200000003
177435967.0634,97999999.10000008,19418716.200000003
177435969.0634,97999999.10000008,19418716.200000003
177435971.0634,97999999.10000008,19418716.200000003
177435973.0634,97999999.10000008,19418716.200000003
177435975.0634,97999999.10000008,19418716.200000003
177435977.0634,97999999.10000008,19418716.200000003
177435979.0634,97999999.10000008,19418716.200000003
177435981.0634,97999999.10000008,19418716.200000003
177435983.0634,97999999.10000008,19418716.200000003
177435985.0634,97999999.10000008,19418716.200000003
177435987.0634,97999999.10000008,19418716.200000003
177435989.0634,97999999.10000008,19418716.200000003
177435991.0634,97999999.10000008,19418716.200000003
177435993.0634,97999999.10000008,19418716.200000003
177435995.0634,97999999.10000008,19418716.200000003
177435997.0634,97999999.10000008,19418716.200000003
177435999.0634,97999999.10000008,19418716.200000003
177436001.0634,97999999.10000008,19418716.200000003
177436003.0634,97999999.10000008,19418716.200000003
