Timestamp,Buy_Price,Sell_Price
177427299.1632,299996.9,50000.5
177427301.1632,299996.9,50000.5
177427303.1632,299996.9,50000.5
177427305.1632,299996.9,50000.5
177427307.1632,299996.80000000005,50000.5
177427309.1632,299996.80000000005,50000.5
177427311.1632,299996.80000000005,50000.5
177427313.1632,299996.80000000005,50000.5
177427315.1632,299996.80000000005,50000.5
177427317.1632,299996.80000000005,50000.5
177427319.1632,299996.80000000005,50000.5
177427321.1632,299996.80000000005,50000.5
177427323.1632,299996.80000000005,50000.5
177427325.1632,299996.80000000005,50000.5
177427327.1632,299996.80000000005,50000.5
177427329.1632,299996.80000000005,50000.5
177427331.1632,299996.80000000005,50000.5
177427333.1632,299996.80000000005,50000.5
177427335.1632,299996.70000000007,50000.5
177427337.1632,299996.70000000007,50000.5
177427339.1632,299996.70000000007,50000.5
177427341.1632,299996.70000000007,50000.5
177427343.1632,299996.70000000007,50000.5
177427345.1632,299996.70000000007,50000.5
177427347.1632,299996.70000000007,50000.5
177427349.1632,299996.70000000007,50000.5
177427351.1632,299996.70000000007,50000.5
177427353.1632,299996.70000000007,50000.5
177427355.1632,299996.70000000007,50000.5
177427357.1632,299996.70000000007,50000.5
177427359.1632,299996.70000000007,50000.5
177427361.1632,299996.70000000007,50000.5
177427363.1632,299996.70000000007,50000.5
177427365.1632,299996.70000000007,50000.5
177427367.1632,299996.70000000007,50000.5
177427369.1632,299996.70000000007,50000.5
177427371.1632,299996.70000000007,50000.5
177427373.1632,299996.70000000007,50000.5
177427375.1632,299996.6000000001,50000.5
177427377.1632,299996.5000000001,50000.5
177427379.1632,299996.5000000001,50000.5
177427381.1632,299996.5000000001,50000.5
177427383.1632,299996.5000000001,50000.5
177427385.1632,299996.5000000001,50000.5
177427387.1632,299996.40000000014,50000.5
177427389.1632,299996.40000000014,50000.5
177427391.1632,299996.40000000014,50000.5
177427393.1632,299996.40000000014,50000.5
177427395.1632,299996.40000000014,50000.5
177427397.1632,299996.40000000014,50000.5
177427399.1632,299996.5000000001,50000.5
177427401.1632,299996.5000000001,50000.5
177427403.1632,299996.5000000001,50000.5
177427405.1632,299996.40000000014,50000.5
177427407.1632,299996.40000000014,50000.5
177427409.1632,299996.40000000014,50000.5
177427411.1632,299996.40000000014,50000.5
177427413.1632,299996.40000000014,50000.5
177427415.1632,299996.40000000014,50000.5
177427417.1632,299996.40000000014,50000.5
177427419.1632,299996.40000000014,50000.5
177427421.1632,299996.40000000014,50000.5
177427423.1632,299996.40000000014,50000.5
177427425.1632,299996.40000000014,50000.5
177427427.1632,299996.40000000014,50000.5
177427429.1632,299996.40000000014,50000.5
177427431.1632,299996.40000000014,50000.5
177427433.1632,299996.40000000014,50000.5
177427435.1632,299996.40000000014,50000.5
177427437.1632,299996.40000000014,50000.5
177427439.1632,299996.40000000014,50000.5
177427441.1632,299996.40000000014,50000.5
177427443.1632,299996.40000000014,50000.5
177427445.1632,299996.40000000014,50000.5
177427447.1632,299996.40000000014,50000.5
177427449.1632,299996.40000000014,50000.5
177427451.1632,299996.40000000014,50000.5
177427453.1632,299996.40000000014,50000.5
177427455.1632,299996.40000000014,50000.5
177427457.1632,299996.40000000014,50000.5
177427459.1632,299996.40000000014,50000.5
177427461.1632,299996.40000000014,50000.5
177427463.1632,299996.40000000014,50000.5
177427465.1632,299996.40000000014,50000.5
177427467.1632,299996.40000000014,50000.5
177427469.1632,299996.40000000014,50000.5
177427471.1632,299996.40000000014,50000.5
177427473.1632,299996.30000000016,50000.5
177427475.1632,299996.30000000016,50000.5
177427477.1632,299996.30000000016,50000.5
177427479.1632,299996.30000000016,50000.5
177427481.1632,299996.30000000016,50000.5
177427483.1632,299996.30000000016,50000.5
177427485.1632,299996.30000000016,50000.5
177427487.1632,299996.30000000016,50000.5
177427489.1632,299996.30000000016,50000.5
177427491.1632,299996.30000000016,50000.5
177427493.1632,299996.30000000016,50000.5
177427495.1632,299996.30000000016,50000.5
177427497.1632,299996.30000000016,50000.5
177427499.1632,299996.30000000016,50000.5
177427501.1632,299996.30000000016,50000.5
177427503.1632,299996.30000000016,50000.5
177427505.1632,299996.30000000016,50000.5
177427507.1632,299996.30000000016,50000.5
177427509.1632,299996.30000000016,50000.5
177427511.1632,299996.30000000016,50000.5
177427513.1632,299996.30000000016,50000.5
177427515.1632,299996.30000000016,50000.5
177427517.1632,299996.30000000016,50000.5
177427519.1632,299996.30000000016,50000.5
177427521.1632,299996.30000000016,50000.5
177427523.1632,299996.30000000016,50000.5
177427525.1632,299996.30000000016,50000.5
177427527.1632,299996.30000000016,50000.5
177427529.1632,299996.30000000016,50000.5
177427531.1632,299996.30000000016,50000.5
177427533.1632,299996.30000000016,50000.5
177427535.1632,299996.30000000016,50000.5
177427537.1632,299996.30000000016,50000.5
177427539.1632,299996.30000000016,50000.5
177427541.1632,299996.30000000016,50000.5
177427543.1632,299996.30000000016,50000.5
177427545.1632,299996.30000000016,50000.5
177427547.1632,299996.30000000016,50000.5
177427549.1632,299996.2000000002,50000.5
177427551.1632,299996.1000000002,50000.5
177427553.1632,299996.1000000002,50000.5
177427555.1632,299996.1000000002,50000.5
177427557.1632,299996.1000000002,50000.5
177427559.1632,299996.1000000002,50000.5
177427561.1632,299996.1000000002,50000.5
177427563.1632,299996.1000000002,50000.5
177427565.1632,299996.00000000023,50000.5
177427567.1632,299996.00000000023,50000.5
177427569.1632,299995.90000000026,50000.5
177427571.1632,299995.90000000026,50000.5
177427573.1632,299995.90000000026,50000.5
177427575.1632,299995.90000000026,50000.5
177427577.1632,299995.90000000026,50000.5
177427579.1632,299995.90000000026,50000.5
177427581.1632,299995.90000000026,50000.5
177427583.1632,299995.90000000026,50000.5
177427585.1632,299995.90000000026,50000.5
177427587.1632,299995.90000000026,50000.5
177427589.1632,299995.90000000026,50000.5
177427591.1632,299995.8000000003,50000.5
177427593.1632,299995.8000000003,50000.5
177427595.1632,299995.8000000003,50000.5
177427597.1632,299995.90000000026,50000.5
177427599.1632,299995.90000000026,50000.5
177427601.1632,299995.90000000026,50000.5
177427603.1632,299995.90000000026,50000.5
177427605.1632,299995.90000000026,50000.5
177427607.1632,299995.90000000026,50000.5
177427609.1632,299995.8000000003,50000.5
177427611.1632,299995.8000000003,50000.5
177427613.1632,299995.8000000003,50000.5
177427615.1632,299995.8000000003,50000.5
177427617.1632,299995.90000000026,50000.5
177427619.1632,299995.90000000026,50000.5
177427621.1632,299995.90000000026,50000.5
177427623.1632,299995.90000000026,50000.5
177427625.1632,299995.90000000026,50000.5
177427627.1632,299995.90000000026,50000.5
177427629.1632,299995.90000000026,50000.5
177427631.1632,299995.90000000026,50000.5
177427633.1632,299995.90000000026,50000.5
177427635.1632,299995.90000000026,50000.5
177427637.1632,299995.90000000026,50000.5
177427639.1632,299995.90000000026,50000.5
177427641.1632,299995.90000000026,50000.5
177427643.1632,299995.90000000026,50000.5
177427645.1632,299995.90000000026,50000.5
177427647.1632,299995.90000000026,50000.5
177427649.1632,299995.90000000026,50000.5
177427651.1632,299995.90000000026,50000.6
177427653.1632,299995.70000000024,50000.6
177427655.1632,299995.70000000024,50000.7
177427657.1632,299995.8000000002,50000.7
177427659.1632,299995.8000000002,50000.7
177427661.1632,299995.8000000002,50000.7
177427663.1632,299995.8000000002,50000.7
177427665.1632,299995.8000000002,50000.7
177427667.1632,299995.8000000002,50000.7
177427669.1632,299995.8000000002,50000.7
177427671.1632,299995.8000000002,50000.7
177427673.1632,299995.8000000002,50000.7
177427675.1632,299995.8000000002,50000.7
177427677.1632,299995.8000000002,50000.7
177427679.1632,299995.8000000002,50000.7
177427681.1632,299995.8000000002,50000.7
177427683.1632,299995.8000000002,50000.7
177427685.1632,299995.8000000002,50000.7
177427687.1632,299995.8000000002,50000.7
177427689.1632,299995.8000000002,50000.7
177427691.1632,299995.8000000002,50000.7
177427693.1632,299995.8000000002,50000.7
177427695.1632,299995.8000000002,50000.7
177427697.1632,299995.8000000002,50000.7
177427699.1632,299995.8000000002,50000.7
177427701.1632,299995.8000000002,50000.7
177427703.1632,299995.8000000002,50000.7
177427705.1632,299995.8000000002,50000.7
177427707.1632,299995.8000000002,50000.7
177427709.1632,299995.8000000002,50000.7
177427711.1632,299995.8000000002,50000.7
177427713.1632,299995.8000000002,50000.7
177427715.1632,299995.70000000024,50000.7
177427717.1632,299995.60000000027,50000.799999999996
177427719.1632,299995.60000000027,50000.899999999994
177427721.1632,299995.60000000027,50000.899999999994
177427723.1632,299995.60000000027,50000.899999999994
177427725.1632,299995.60000000027,50000.899999999994
177427727.1632,299995.60000000027,50000.899999999994
177427729.1632,299995.60000000027,50000.899999999994
177427731.1632,299995.60000000027,50000.899999999994
177427733.1632,299995.60000000027,50000.899999999994
177427735.1632,299995.60000000027,50000.899999999994
177427737.1632,299995.60000000027,50000.899999999994
177427739.1632,299995.60000000027,50000.899999999994
177427741.1632,299995.60000000027,50000.899999999994
177427743.1632,299995.60000000027,50000.899999999994
177427745.1632,299995.60000000027,50000.899999999994
177427747.1632,299995.60000000027,50000.799999999996
177427749.1632,299995.70000000024,50000.799999999996
177427751.1632,299995.70000000024,50000.799999999996
177427753.1632,299995.70000000024,50000.799999999996
177427755.1632,299995.70000000024,50000.799999999996
177427757.1632,299995.70000000024,50000.799999999996
177427759.1632,299995.70000000024,50000.799999999996
177427761.1632,299995.70000000024,50000.799999999996
177427763.1632,299995.70000000024,50000.799999999996
177427765.1632,299995.70000000024,50000.799999999996
177427767.1632,299995.70000000024,50000.799999999996
177427769.1632,299995.70000000024,50000.799999999996
177427771.1632,299995.70000000024,50000.799999999996
177427773.1632,299995.70000000024,50000.799999999996
177427775.1632,299995.70000000024,50000.799999999996
177427777.1632,299995.70000000024,50000.799999999996
177427779.1632,299995.70000000024,50000.799999999996
177427781.1632,299995.70000000024,50000.799999999996
177427783.1632,299995.60000000027,50000.799999999996
177427785.1632,299995.60000000027,50000.799999999996
177427787.1632,299995.60000000027,50000.799999999996
177427789.1632,299995.60000000027,50000.799999999996
177427791.1632,299995.60000000027,50000.7
177427793.1632,299995.60000000027,50000.7
177427795.1632,299995.60000000027,50000.7
177427797.1632,299995.60000000027,50000.7
177427799.1632,299995.60000000027,50000.7
177427801.1632,299995.60000000027,50000.7
177427805.1632,299995.60000000027,50000.7
177427807.1632,299995.60000000027,50000.7
177427809.1632,299995.60000000027,50000.7
177427811.1632,299995.60000000027,50000.7
177427813.1632,299995.60000000027,50000.7
177427815.1632,299995.60000000027,50000.7
177427817.1632,299995.60000000027,50000.799999999996
177427819.1632,299995.60000000027,50000.799999999996
177427821.1632,299995.60000000027,50000.799999999996
177427823.1632,299995.60000000027,50000.799999999996
177427825.1632,299995.60000000027,50000.799999999996
177427827.1632,299995.60000000027,50000.799999999996
177427829.1632,299995.60000000027,50000.799999999996
177427831.1632,299995.60000000027,50000.799999999996
177427833.1632,299995.60000000027,50000.799999999996
177427835.1632,299995.60000000027,50000.799999999996
177427837.1632,299995.60000000027,50000.799999999996
177427839.1632,299995.60000000027,50000.799999999996
177427841.1632,299995.60000000027,50000.799999999996
177427843.1632,299995.60000000027,50000.799999999996
177427845.1632,299995.60000000027,50000.799999999996
177427847.1632,299995.60000000027,50000.799999999996
177427849.1632,299995.60000000027,50000.799999999996
177427851.1632,299995.60000000027,50000.799999999996
177427853.1632,299995.60000000027,50000.799999999996
177427855.1632,299995.60000000027,50000.799999999996
177427857.1632,299995.60000000027,50000.799999999996
177427859.1632,299995.60000000027,50000.799999999996
177427861.1632,299995.60000000027,50000.799999999996
177427863.1632,299995.60000000027,50000.799999999996
177427865.1632,299995.60000000027,50000.799999999996
177427867.1632,299995.60000000027,50000.799999999996
177427869.1632,299995.60000000027,50000.799999999996
177427871.1632,299995.60000000027,50000.799999999996
177427873.1632,299995.60000000027,50000.799999999996
177427875.1632,299995.60000000027,50000.799999999996
177427877.1632,299995.60000000027,50000.799999999996
177427879.1632,299995.60000000027,50000.799999999996
177427881.1632,299995.60000000027,50000.7
177427883.1632,299995.60000000027,50000.7
177427885.1632,299995.60000000027,50000.7
177427887.1632,299995.60000000027,50000.7
177427889.1632,299995.60000000027,50000.7
177427891.1632,299995.60000000027,50000.7
177427893.1632,299995.60000000027,50000.7
177427895.1632,299995.60000000027,50000.7
177427897.1632,299995.60000000027,50000.7
177427899.1632,299995.60000000027,50000.7
177427901.1632,299995.60000000027,50000.7
177427903.1632,299995.60000000027,50000.7
177427905.1632,299995.60000000027,50000.7
177427907.1632,299995.60000000027,50000.7
177427909.1632,299995.60000000027,50000.7
177427911.1632,299995.60000000027,50000.7
177427913.1632,299995.60000000027,50000.7
177427915.1632,299995.60000000027,50000.7
177427917.1632,299995.60000000027,50000.7
177427919.1632,299995.60000000027,50000.7
177427921.1632,299995.60000000027,50000.7
177427923.1632,299995.60000000027,50000.7
177427925.1632,299995.60000000027,50000.7
177427927.1632,299995.60000000027,50000.7
177427929.1632,299995.60000000027,50000.7
177427931.1632,299995.60000000027,50000.7
177427933.1632,299995.60000000027,50000.7
177427935.1632,299995.60000000027,50000.7
177427937.1632,299995.5000000003,50000.7
177427939.1632,299995.5000000003,50000.7
177427941.1632,299995.5000000003,50000.7
177427943.1632,299995.5000000003,50000.7
177427945.1632,299995.4000000003,50000.7
177427947.1632,299995.30000000034,50000.7
177427949.1632,299995.30000000034,50000.7
177427951.1632,299995.20000000036,50000.7
177427953.1632,299995.1000000004,50000.7
177427955.1632,299995.1000000004,50000.7
177427957.1632,299995.1000000004,50000.7
177427959.1632,299995.1000000004,50000.7
177427961.1632,299995.1000000004,50000.7
177427963.1632,299995.1000000004,50000.7
177427965.1632,299995.1000000004,50000.7
177427967.1632,299995.1000000004,50000.7
177427969.1632,299995.1000000004,50000.7
177427971.1632,299995.1000000004,50000.7
177427973.1632,299995.1000000004,50000.7
177427975.1632,299995.1000000004,50000.7
177427977.1632,299995.1000000004,50000.7
177427979.1632,299995.1000000004,50000.7
177427981.1632,299995.1000000004,50000.7
177427983.1632,299995.1000000004,50000.7
177427985.1632,299995.1000000004,50000.7
177427987.1632,299995.1000000004,50000.7
177427989.1632,299995.6000000004,50000.7
177427991.1632,299995.6000000004,50000.7
177427993.1632,299995.6000000004,50000.7
177427995.1632,299995.6000000004,50000.7
177427997.1632,299995.6000000004,50000.7
177427999.1632,299995.6000000004,50000.7
177428001.1632,299995.6000000004,50000.7
177428003.1632,299995.5000000004,50000.7
177428005.1632,299995.5000000004,50000.7
177428007.1632,299995.5000000004,50000.7
177428009.1632,299995.6000000004,50000.7
177428011.1632,299995.6000000004,50000.7
177428013.1632,299995.6000000004,50000.7
177428015.1632,299995.6000000004,50000.7
177428017.1632,299995.6000000004,50000.7
177428019.1632,299995.6000000004,50000.7
177428021.1632,299995.6000000004,50000.7
177428023.1632,299995.6000000004,50000.7
177428025.1632,299995.6000000004,50000.7
177428027.1632,299995.6000000004,50000.7
177428029.1632,299995.6000000004,50000.7
177428031.1632,299995.6000000004,50000.7
177428033.1632,299995.6000000004,50000.7
177428035.1632,299995.5000000004,50000.7
177428037.1632,299995.5000000004,50000.7
177428039.1632,299995.6000000004,50000.7
177428041.1632,299995.6000000004,50000.7
177428043.1632,299995.6000000004,50000.7
177428045.1632,299995.6000000004,50000.7
177428047.1632,299995.6000000004,50000.7
177428049.1632,299995.6000000004,50000.7
177428051.1632,299995.6000000004,50000.7
177428053.1632,299995.6000000004,50000.7
177428055.1632,299995.6000000004,50000.7
177428057.1632,299995.6000000004,50000.7
177428059.1632,299995.6000000004,50000.7
177428061.1632,299995.6000000004,50000.7
177428063.1632,299995.6000000004,50000.7
177428065.1632,299995.6000000004,50000.7
177428067.1632,299995.6000000004,50000.7
177428069.1632,299995.6000000004,50000.7
177428071.1632,299995.6000000004,50000.7
177428073.1632,299995.6000000004,50000.7
177428075.1632,299995.6000000004,50000.7
177428077.1632,299995.6000000004,50000.7
177428079.1632,299995.6000000004,50000.7
177428081.1632,299995.6000000004,50000.799999999996
177428083.1632,299995.6000000004,50000.799999999996
177428085.1632,299995.6000000004,50000.799999999996
177428087.1632,299995.6000000004,50000.799999999996
177428089.1632,299995.6000000004,50000.799999999996
177428091.1632,299995.6000000004,50000.799999999996
177428093.1632,299995.5000000004,50000.799999999996
177428095.1632,299995.5000000004,50000.799999999996
177428097.1632,299995.6000000004,50000.799999999996
177428099.1632,299995.6000000004,50000.799999999996
177428101.1632,299995.6000000004,50000.799999999996
177428103.1632,299995.6000000004,50000.799999999996
177428105.1632,299995.6000000004,50000.799999999996
177428107.1632,299995.6000000004,50000.799999999996
177428109.1632,299995.6000000004,50000.799999999996
177428111.1632,299995.6000000004,50000.799999999996
177428113.1632,299995.6000000004,50000.799999999996
177428115.1632,299995.6000000004,50000.799999999996
177428117.1632,299995.6000000004,50000.7
177428119.1632,299995.6000000004,50000.7
177428121.1632,299995.6000000004,50000.7
177428123.1632,299995.6000000004,50000.7
177428125.1632,299995.6000000004,50000.7
177428127.1632,299995.6000000004,50000.7
177428129.1632,299995.6000000004,50000.7
177428131.1632,299995.6000000004,50000.7
177428133.1632,299995.6000000004,50000.7
177428135.1632,299995.6000000004,50000.7
177428137.1632,299995.5000000004,50000.7
177428139.1632,299995.5000000004,50000.7
177428141.1632,299995.5000000004,50000.7
177428143.1632,299995.5000000004,50000.799999999996
177428145.1632,299995.5000000004,50000.899999999994
177428147.1632,299995.5000000004,50000.899999999994
177428149.1632,299995.5000000004,50000.899999999994
177428151.1632,299995.40000000043,50000.899999999994
177428153.1632,299995.40000000043,50000.899999999994
177428155.1632,299995.40000000043,50000.899999999994
177428157.1632,299995.40000000043,50000.899999999994
177428159.1632,299995.40000000043,50000.899999999994
177428161.1632,299995.40000000043,50000.899999999994
177428163.1632,299995.40000000043,50000.899999999994
177428165.1632,299995.40000000043,50000.899999999994
177428167.1632,299995.40000000043,50000.99999999999
177428169.1632,299995.40000000043,50000.99999999999
177428171.1632,299995.40000000043,50000.99999999999
177428173.1632,299995.40000000043,50000.99999999999
177428175.1632,299995.40000000043,50000.99999999999
177428177.1632,299995.40000000043,50000.99999999999
177428179.1632,299995.40000000043,50000.99999999999
177428181.1632,299995.40000000043,50000.99999999999
177428183.1632,299995.40000000043,50000.99999999999
177428185.1632,299995.40000000043,50001.09999999999
177428187.1632,299995.40000000043,50001.09999999999
177428189.1632,299995.40000000043,50001.09999999999
177428191.1632,299995.40000000043,50001.09999999999
177428193.1632,299995.40000000043,50001.09999999999
177428195.1632,299995.40000000043,50001.09999999999
177428197.1632,299995.40000000043,50001.09999999999
177428199.1632,299995.40000000043,50001.09999999999
177428201.1632,299995.40000000043,50001.19999999999
177428203.1632,299995.40000000043,50001.19999999999
177428205.1632,299995.40000000043,50001.19999999999
177428207.1632,299995.40000000043,50001.19999999999
177428209.1632,299995.40000000043,50001.19999999999
177428211.1632,299995.40000000043,50001.09999999999
177428213.1632,299995.40000000043,50001.09999999999
177428215.1632,299995.40000000043,50001.09999999999
177428217.1632,299995.40000000043,50000.99999999999
177428219.1632,299995.30000000045,50000.99999999999
177428221.1632,299995.30000000045,50000.99999999999
177428223.1632,299995.30000000045,50000.99999999999
177428225.1632,299995.2000000005,50000.99999999999
177428227.1632,299995.2000000005,50000.99999999999
177428229.1632,299995.2000000005,50000.99999999999
177428231.1632,299995.2000000005,50000.99999999999
177428233.1632,299995.2000000005,50000.99999999999
177428235.1632,299995.2000000005,50000.99999999999
177428237.1632,299995.2000000005,50000.99999999999
177428239.1632,299995.30000000045,50000.99999999999
177428241.1632,299995.30000000045,50000.899999999994
177428243.1632,299995.30000000045,50000.899999999994
177428245.1632,299995.30000000045,50000.899999999994
177428247.1632,299995.30000000045,50000.899999999994
177428249.1632,299995.30000000045,50000.899999999994
177428251.1632,299995.30000000045,50000.899999999994
177428253.1632,299995.30000000045,50000.899999999994
177428255.1632,299995.30000000045,50000.899999999994
177428257.1632,299995.30000000045,50000.899999999994
177428259.1632,299995.30000000045,50000.899999999994
177428261.1632,299995.2000000005,50000.899999999994
177428263.1632,299995.2000000005,50000.899999999994
177428265.1632,299995.2000000005,50000.899999999994
177428267.1632,299995.2000000005,50000.899999999994
177428269.1632,299995.30000000045,50000.899999999994
177428271.1632,299995.30000000045,50000.799999999996
177428273.1632,299995.2000000005,50000.899999999994
177428275.1632,299995.2000000005,50000.899999999994
177428277.1632,299995.2000000005,50000.899999999994
177428279.1632,299995.2000000005,50000.899999999994
177428281.1632,299995.2000000005,50000.899999999994
177428283.1632,299995.2000000005,50000.899999999994
177428285.1632,299995.2000000005,50000.899999999994
177428287.1632,299995.2000000005,50000.899999999994
177428289.1632,299995.2000000005,50000.899999999994
177428291.1632,299995.2000000005,50000.899999999994
177428293.1632,299995.2000000005,50000.799999999996
177428295.1632,299995.30000000045,50000.7
177428297.1632,299995.30000000045,50000.7
177428299.1632,299995.30000000045,50000.7
177428301.1632,299995.30000000045,50000.7
177428303.1632,299995.30000000045,50000.7
177428305.1632,299995.2000000005,50000.7
177428307.1632,299995.2000000005,50000.7
177428309.1632,299995.2000000005,50000.7
177428311.1632,299995.2000000005,50000.7
177428313.1632,299995.2000000005,50000.7
177428315.1632,299995.2000000005,50000.7
177428317.1632,299995.2000000005,50000.7
177428319.1632,299995.2000000005,50000.799999999996
177428321.1632,299995.2000000005,50000.799999999996
177428323.1632,299995.2000000005,50000.799999999996
177428325.1632,299995.2000000005,50000.799999999996
177428327.1632,299995.2000000005,50000.799999999996
177428329.1632,299995.2000000005,50000.799999999996
177428331.1632,299995.1000000005,50000.799999999996
177428333.1632,299995.1000000005,50000.799999999996
177428335.1632,299995.1000000005,50000.799999999996
177428337.1632,299995.1000000005,50000.799999999996
177428339.1632,299995.1000000005,50000.799999999996
177428341.1632,299995.1000000005,50000.799999999996
177428343.1632,299995.1000000005,50000.799999999996
177428345.1632,299995.1000000005,50000.799999999996
177428347.1632,299995.1000000005,50000.799999999996
177428349.1632,299995.1000000005,50000.799999999996
177428351.1632,299995.1000000005,50000.799999999996
177428353.1632,299995.1000000005,50000.799999999996
177428355.1632,299995.1000000005,50000.7
177428357.1632,299995.2000000005,50000.7
177428359.1632,299995.2000000005,50000.7
177428361.1632,299995.2000000005,50000.7
177428363.1632,299995.2000000005,50000.7
177428365.1632,299995.2000000005,50000.7
177428367.1632,299995.2000000005,50000.7
177428369.1632,299995.2000000005,50000.7
177428371.1632,299995.2000000005,50000.7
177428373.1632,299995.2000000005,50000.7
177428375.1632,299995.2000000005,50000.7
177428377.1632,299995.2000000005,50000.7
177428379.1632,299995.2000000005,50000.7
177428381.1632,299995.2000000005,50000.7
177428383.1632,299995.2000000005,50000.7
177428385.1632,299995.2000000005,50000.7
177428387.1632,299995.2000000005,50000.7
177428389.1632,299995.2000000005,50000.7
177428391.1632,299995.2000000005,50000.7
177428393.1632,299995.2000000005,50000.7
177428395.0632,299995.2000000005,50000.7
177428397.0632,299995.2000000005,50000.7
177428399.0632,299995.2000000005,50000.7
177428401.0632,299995.2000000005,50000.7
177428403.0632,299995.2000000005,50000.7
177428405.0632,299995.2000000005,50000.7
177428407.0632,299995.2000000005,50000.7
177428409.0632,299995.2000000005,50000.7
177428411.0632,299995.2000000005,50000.7
177428413.0632,299995.2000000005,50000.7
177428415.0632,299995.2000000005,50000.7
177428417.0632,299995.2000000005,50000.7
177428419.0632,299995.2000000005,50000.7
177428421.0632,299995.2000000005,50000.7
177428423.0632,299995.2000000005,50000.7
177428425.0632,299995.2000000005,50000.7
177428427.0632,299995.2000000005,50000.7
177428429.0632,299995.2000000005,50000.7
177428431.0632,299995.2000000005,50000.7
177428433.0632,299995.2000000005,50000.7
177428435.0632,299995.2000000005,50000.7
177428437.0632,299995.2000000005,50000.7
177428439.0632,299995.2000000005,50000.7
177428441.0632,299995.2000000005,50000.7
177428443.0632,299995.2000000005,50000.7
177428445.0632,299995.2000000005,50000.799999999996
177428447.0632,299995.2000000005,50000.7
177428449.0632,299995.2000000005,50000.7
177428451.0632,299995.2000000005,50000.7
177428453.0632,299995.2000000005,50000.7
177428455.0632,299995.2000000005,50000.7
177428457.0632,299995.2000000005,50000.7
177428459.0632,299995.2000000005,50000.7
177428461.0632,299995.2000000005,50000.7
177428463.0632,299995.2000000005,50000.7
177428465.0632,299995.2000000005,50000.7
177428467.0632,299995.2000000005,50000.7
177428469.0632,299995.2000000005,50000.7
177428471.0632,299995.2000000005,50000.7
177428473.0632,299995.2000000005,50000.7
177428475.0632,299995.2000000005,50000.7
177428477.0632,299995.2000000005,50000.7
177428479.0632,299995.2000000005,50000.7
177428481.0632,299995.1000000005,50000.7
177428483.0632,299995.1000000005,50000.7
177428485.0632,299995.1000000005,50000.7
177428487.0632,299995.1000000005,50000.7
177428489.0632,299995.1000000005,50000.7
177428491.0632,299995.2000000005,50000.7
177428493.0632,299995.2000000005,50000.7
177428495.0632,299995.2000000005,50000.7
177428497.0632,299995.2000000005,50000.799999999996
177428499.0632,299995.2000000005,50000.799999999996
177428501.0632,299995.2000000005,50000.799999999996
177428503.0632,299995.2000000005,50000.799999999996
177428505.0632,274995.80000000045,50000.799999999996
177428507.0632,274995.80000000045,50000.799999999996
177428509.0632,274995.80000000045,50000.799999999996
177428511.0632,274995.80000000045,50000.799999999996
177428513.1632,274995.80000000045,50000.799999999996
177428515.0632,274995.80000000045,50000.799999999996
177428517.0632,274995.80000000045,50000.799999999996
177428519.0632,274995.80000000045,50000.799999999996
177428521.0632,274995.80000000045,50000.799999999996
177428523.0632,299995.2000000005,50000.799999999996
177428525.0632,299995.2000000005,50000.799999999996
177428527.0632,299995.1000000005,50000.799999999996
177428529.0632,299995.1000000005,50000.799999999996
177428531.0632,299995.1000000005,50000.799999999996
177428533.0632,299995.2000000005,50000.799999999996
177428535.0632,299995.2000000005,50000.799999999996
177428537.0632,299995.2000000005,50000.799999999996
177428539.0632,299995.2000000005,50000.799999999996
177428541.0632,299995.2000000005,50000.799999999996
177428543.0632,299995.2000000005,50000.799999999996
177428545.0632,299995.2000000005,50000.799999999996
177428547.0632,299995.2000000005,50000.799999999996
177428549.0632,299995.2000000005,50000.799999999996
177428551.0632,299995.2000000005,50000.799999999996
177428553.0632,299995.2000000005,50000.799999999996
177428555.0632,299995.2000000005,50000.7
177428557.0632,299995.2000000005,50000.7
177428559.0632,299995.2000000005,50000.7
177428561.0632,299995.2000000005,50000.7
177428563.0632,299995.2000000005,50000.7
177428565.0632,299995.2000000005,50000.7
177428567.0632,299995.2000000005,50000.7
177428569.0632,299995.1000000005,50000.7
177428571.0632,299995.1000000005,50000.7
177428573.0632,299995.1000000005,50000.7
177428575.0632,299995.0000000005,50000.7
177428577.0632,299995.0000000005,50000.7
177428579.0632,299995.0000000005,50000.7
177428581.0632,299995.0000000005,50000.7
177428583.0632,299995.0000000005,50000.7
177428585.0632,299995.0000000005,50000.7
177428587.0632,299995.0000000005,50000.7
177428589.0632,299995.0000000005,50000.7
177428591.0632,299995.0000000005,50000.7
177428593.0632,299995.0000000005,50000.7
177428595.0632,299995.0000000005,50000.7
177428597.0632,299995.0000000005,50000.7
177428599.0632,299995.0000000005,50000.7
177428601.0632,299995.1000000005,50000.7
177428603.0632,299995.1000000005,50000.7
177428605.0632,299995.1000000005,50000.7
177428607.0632,299995.1000000005,50000.7
177428609.0632,299995.1000000005,50000.7
177428611.0632,299995.1000000005,50000.7
177428613.0632,299995.1000000005,50000.7
177428615.0632,299995.1000000005,50000.7
177428617.0632,299995.1000000005,50000.7
177428619.0632,299995.1000000005,50000.7
177428621.0632,299995.1000000005,50000.7
177428623.0632,299995.1000000005,50000.7
177428625.0632,299995.1000000005,50000.7
177428627.0632,299995.1000000005,50000.7
177428629.0632,299995.1000000005,50000.7
177428631.0632,299995.1000000005,50000.7
177428633.0632,299995.1000000005,50000.7
177428635.0632,299995.1000000005,50000.7
177428637.0632,299995.1000000005,50000.7
177428639.0632,299995.1000000005,50000.7
177428641.0632,299995.1000000005,50000.7
177428643.0632,299995.1000000005,50000.7
177428645.0632,299995.1000000005,50000.7
177428647.0632,299995.1000000005,50000.7
177428649.0632,299995.2000000005,50000.7
177428651.0632,299995.1000000005,50000.7
177428653.0632,299995.1000000005,50000.7
177428655.0632,299995.1000000005,50000.7
177428657.0632,299995.1000000005,50000.7
177428659.0632,299995.1000000005,50000.7
177428661.0632,299995.1000000005,50000.7
177428663.0632,299995.1000000005,50000.7
177428665.0632,299995.1000000005,50000.7
177428667.0632,299995.2000000005,50000.7
177428669.0632,299995.30000000045,50000.7
177428671.0632,299995.30000000045,50000.7
177428673.0632,299995.30000000045,50000.7
177428675.0632,299995.30000000045,50000.7
177428677.0632,299995.30000000045,50000.7
177428679.0632,299995.30000000045,50000.7
177428681.0632,299995.30000000045,50000.7
177428683.0632,299995.30000000045,50000.7
177428685.0632,299995.30000000045,50000.7
177428687.0632,299995.30000000045,50000.7
177428689.0632,299995.30000000045,50000.7
177428691.0632,299995.30000000045,50000.7
177428693.0632,299995.30000000045,50000.7
177428695.0632,299995.30000000045,50000.7
177428697.0632,299995.30000000045,50000.7
177428699.0632,299995.2000000005,50000.7
177428701.0632,299995.2000000005,50000.7
177428703.0632,299995.2000000005,50000.7
177428705.0632,299995.1000000005,50000.7
177428707.0632,299995.2000000005,50000.7
177428709.0632,299995.2000000005,50000.7
177428711.0632,299995.2000000005,50000.7
177428713.0632,299995.2000000005,50000.7
177428715.0632,299995.2000000005,50000.7
177428717.0632,299995.2000000005,50000.7
177428719.0632,299995.2000000005,50000.7
177428721.0632,299995.2000000005,50000.7
177428723.0632,299995.2000000005,50000.7
177428725.0632,299995.2000000005,50000.5
177428727.0632,299995.2000000005,50000.5
177428729.0632,299995.2000000005,50000.5
177428731.0632,299995.2000000005,50000.5
177428733.0632,299995.2000000005,50000.5
177428735.0632,299995.2000000005,50000.5
177428737.0632,299995.2000000005,50000.5
177428739.0632,299995.2000000005,50000.5
177428741.0632,299995.2000000005,50000.5
177428742.9632,299995.2000000005,50000.5
177428744.9632,299995.2000000005,50000.5
177428746.9632,299995.2000000005,50000.5
177428748.9632,299995.2000000005,50000.5
177428750.9632,299995.2000000005,50000.5
177428752.9632,299995.2000000005,50000.5
177428754.9632,299995.1000000005,50000.5
177428756.9632,299995.1000000005,50000.6
177428758.9632,299995.1000000005,50000.6
177428760.9632,299995.1000000005,50000.6
177428762.9632,299995.1000000005,50000.6
177428764.9632,299995.1000000005,50000.6
177428766.9632,299995.1000000005,50000.6
177428768.9632,299995.1000000005,50000.6
177428770.9632,299995.2000000005,50000.5
177428772.9632,299995.2000000005,50000.5
177428774.9632,299995.2000000005,50000.5
177428776.9632,299995.2000000005,50000.5
177428778.9632,299995.2000000005,50000.5
177428780.9632,299995.2000000005,50000.5
177428782.9632,299995.2000000005,50000.5
177428784.9632,299995.2000000005,50000.5
177428786.9632,299995.2000000005,50000.1
177428788.9632,299995.2000000005,50000.1
177428790.9632,299995.2000000005,50000.1
177428792.9632,299995.2000000005,50000.1
177428794.9632,299995.30000000045,50000.1
177428796.9632,299995.30000000045,50000.1
177428798.9632,299995.30000000045,50000.1
177428800.9632,299995.2000000005,50000.1
177428802.9632,299995.2000000005,50000.1
177428804.9632,299995.2000000005,50000.1
177428806.9632,299995.2000000005,50000.1
177428808.9632,299995.2000000005,50000.1
177428810.9632,299995.2000000005,50000.1
177428812.9632,299995.2000000005,50000.1
177428814.9632,299995.2000000005,50000.1
177428816.9632,299995.2000000005,50000.1
177428818.9632,299995.2000000005,50000.1
177428820.9632,299995.2000000005,50000.2
177428822.9632,299995.2000000005,50000.1
177428824.9632,299995.2000000005,50000.1
177428826.9632,299995.2000000005,50000.1
177428828.9632,299995.2000000005,50000.1
177428830.9632,299995.2000000005,50000.1
177428832.9632,299995.2000000005,50000.1
177428834.9632,299995.2000000005,50000.1
177428836.9632,299995.2000000005,50000.1
177428838.9632,299995.2000000005,50000.1
177428840.9632,299995.2000000005,50000.1
177428842.9632,299995.2000000005,50000.1
177428844.9632,299995.2000000005,50000.1
177428846.9632,299995.2000000005,50000.1
177428848.9632,299995.2000000005,50000.1
177428850.9632,299995.2000000005,50000.1
177428852.9632,299995.2000000005,50000.1
177428854.9632,299995.2000000005,50000.1
177428856.9632,299995.2000000005,50000.1
177428858.9632,299995.2000000005,50000.1
177428860.9632,299995.2000000005,50000.1
177428862.9632,299995.2000000005,50000.1
177428864.9632,299995.2000000005,50000.1
177428866.9632,299995.2000000005,50000.1
177428868.9632,299995.2000000005,50000.1
177428870.9632,299995.2000000005,50000.1
177428872.9632,299995.2000000005,50000.1
177428874.9632,299995.2000000005,50000.1
177428876.9632,299995.2000000005,50000.1
177428878.9632,299995.2000000005,50000.1
177428880.9632,299995.2000000005,50000.1
177428882.9632,299995.2000000005,50000.1
177428884.9632,299995.2000000005,50000.1
177428886.9632,299995.2000000005,50000.1
177428888.9632,299995.2000000005,50000.1
177428890.9632,299995.2000000005,50000.1
177428892.9632,299995.2000000005,50000.1
177428894.9632,299995.2000000005,50000.1
177428896.9632,299995.2000000005,50000.1
177428898.9632,299995.2000000005,50000.1
177428900.9632,299995.2000000005,50000.1
177428902.9632,299995.2000000005,50000.1
177428904.9632,299995.2000000005,50000.1
177428906.9632,299995.2000000005,50000.1
177428908.9632,299995.2000000005,50000.1
177428910.9632,299995.2000000005,50000.0
177428912.9632,299995.2000000005,50000.0
177428914.9632,299995.2000000005,50000.0
177428916.9632,299995.2000000005,50000.0
177428918.9632,299995.2000000005,50000.0
177428920.9632,299995.2000000005,50000.0
177428922.9632,299995.2000000005,50000.0
177428924.9632,299995.2000000005,50000.0
177428926.9632,299995.2000000005,50000.0
177428928.9632,299995.2000000005,50000.0
177428930.9632,299995.2000000005,50000.0
177428932.9632,299995.2000000005,50000.0
177428934.9632,299995.2000000005,50000.0
177428936.9632,299995.2000000005,50000.0
177428938.9632,299995.2000000005,50000.0
177428940.9632,299995.2000000005,50000.0
177428942.9632,299995.2000000005,50000.0
177428944.9632,299995.2000000005,50000.0
177428946.9632,299995.2000000005,50000.0
177428948.9632,299995.2000000005,50000.0
177428950.9632,299995.2000000005,50000.0
177428952.9632,299995.2000000005,50000.0
177428954.9632,299995.2000000005,2561.0
177428956.9632,299995.2000000005,2561.0
177428958.9632,299995.2000000005,2561.0
177428960.9632,299995.2000000005,2561.0
177428962.9632,299995.2000000005,2561.0
177428964.9632,299995.2000000005,2561.0
177428966.9632,299995.1000000005,2561.0
177428968.9632,299995.1000000005,2561.0
177428970.9632,299995.1000000005,2561.0
177428972.9632,299995.0000000005,2561.0
177428974.9632,299995.0000000005,2561.0
177428976.9632,299995.0000000005,2561.0
177428978.9632,299995.1000000005,2561.0
177428980.9632,299995.1000000005,2561.0
177428982.9632,299995.0000000005,2561.0
177428984.9632,299995.0000000005,2561.0
177428986.9632,299995.0000000005,2561.0
177428988.9632,299995.0000000005,2561.0
177428990.9632,299995.0000000005,2561.0
177428992.9632,299995.0000000005,2561.0
177428994.9632,299995.0000000005,2561.0
177428996.9632,299995.0000000005,2561.0
177428998.9632,299995.0000000005,2561.0
177429000.9632,299995.0000000005,2561.0
177429002.9632,299995.0000000005,2561.0
177429004.9632,299995.0000000005,2561.0
177429006.9632,299995.0000000005,2561.0
177429008.9632,299995.0000000005,2561.0
177429010.9632,299995.0000000005,2561.0
177429012.9632,299995.0000000005,2561.0
177429014.9632,299995.0000000005,2561.0
177429016.9632,299995.0000000005,2561.0
177429018.9632,299994.90000000055,2561.0
177429020.9632,299994.90000000055,2561.0
177429022.9632,299994.90000000055,2561.0
177429024.9632,299994.90000000055,2561.0
177429026.9632,299994.90000000055,2561.0
177429028.9632,299994.90000000055,2561.0
177429030.9632,299994.90000000055,2561.0
177429032.9632,299994.80000000057,2561.0
177429034.9632,299994.80000000057,2561.0
177429036.9632,299994.80000000057,2561.0
177429038.9632,299994.80000000057,2561.0
177429040.9632,299994.90000000055,2561.0
177429042.9632,299994.90000000055,2561.0
177429044.9632,299994.80000000057,2561.0
177429046.9632,299994.80000000057,2561.0
177429048.9632,299994.80000000057,2561.0
177429050.9632,299994.80000000057,2561.0
177429052.9632,299994.80000000057,2561.0
177429054.9632,299994.7000000006,2561.0
177429056.9632,299994.7000000006,2561.0
177429058.9632,299994.7000000006,2561.0
177429060.9632,299994.7000000006,2561.0
177429062.9632,299994.7000000006,2561.0
177429065.0632,299994.7000000006,17432.7
177429066.9632,299994.7000000006,17432.7
177429068.9632,299994.7000000006,17432.7
177429070.9632,299994.7000000006,17432.7
177429072.9632,299994.7000000006,2561.0
177429074.9632,299994.7000000006,2561.0
177429076.9632,299994.7000000006,2561.0
177429078.9632,299994.7000000006,2561.0
177429080.9632,299994.6000000006,2561.0
177429082.9632,270251.2000000006,2561.0
177429084.9632,270251.2000000006,2561.0
177429086.9632,270251.2000000006,2561.0
177429088.9632,270251.2000000006,2561.0
177429090.9632,270251.2000000006,2561.0
177429092.9632,270251.2000000006,2561.0
177429094.9632,270251.2000000006,2561.0
177429096.9632,270251.1000000006,2561.0
177429098.9632,270251.1000000006,2561.0
177429100.9632,270251.1000000006,2561.0
177429102.9632,270251.1000000006,2561.0
177429104.9632,270251.1000000006,2561.0
177429106.9632,270251.2000000006,2561.0
177429108.9632,270251.2000000006,2561.0
177429110.9632,270251.2000000006,2561.0
177429112.9632,270251.2000000006,2561.0
177429114.9632,270251.2000000006,2561.0
177429116.9632,270251.2000000006,2561.0
177429118.9632,270251.2000000006,2561.0
177429120.9632,270251.2000000006,2561.0
177429122.9632,270251.2000000006,2561.0
177429124.9632,270251.2000000006,2561.1
177429126.9632,270251.2000000006,2561.1
177429128.9632,270251.2000000006,2561.1
177429130.9632,270251.2000000006,2561.1
177429132.9632,270251.2000000006,2561.1
177429134.9632,270251.2000000006,2561.1
177429136.9632,270251.2000000006,2561.1
177429138.9632,270251.2000000006,2561.1
177429140.9632,270251.1000000006,2561.1
177429142.9632,270251.00000000064,2561.1
177429144.9632,270251.00000000064,2561.1
177429146.9632,270251.1000000006,2561.1
177429148.9632,270251.00000000064,2561.1
177429150.9632,270251.00000000064,2561.1
177429152.9632,270251.00000000064,2561.1
177429154.9632,270251.00000000064,2561.1
177429156.9632,270251.1000000006,2561.1
177429158.9632,270251.1000000006,2561.1
177429160.9632,270251.1000000006,2561.0
177429162.9632,270251.1000000006,2561.0
177429164.9632,270251.1000000006,2561.0
177429166.9632,270251.1000000006,2561.0
177429168.9632,270251.1000000006,2561.0
177429170.9632,270251.1000000006,2561.0
177429172.9632,270251.1000000006,2561.0
177429174.9632,270251.00000000064,2561.0
177429176.9632,270251.00000000064,2561.0
177429178.9632,270251.00000000064,2561.0
177429180.9632,270251.00000000064,2561.0
177429182.9632,270251.00000000064,2561.0
177429184.9632,270251.00000000064,2561.0
177429186.9632,270251.00000000064,2561.0
177429188.9632,270251.00000000064,2561.0
177429190.9632,270251.00000000064,2561.0
177429192.9632,270251.00000000064,2561.0
177429194.9632,270251.00000000064,2561.0
177429196.9632,270251.00000000064,2561.0
177429198.9632,270251.1000000006,2561.0
177429200.9632,270251.1000000006,2561.0
177429202.9632,270251.1000000006,2561.0
177429204.9632,270251.1000000006,2561.0
177429206.9632,270251.1000000006,2561.0
177429208.9632,270251.1000000006,2561.0
177429210.9632,270251.1000000006,2561.0
177429212.9632,270251.1000000006,2561.0
177429214.9632,270251.1000000006,2561.0
177429216.9632,270251.1000000006,2561.0
177429218.9632,270251.1000000006,2561.0
177429220.9632,270251.1000000006,2561.0
177429222.9632,270251.1000000006,2561.0
177429224.9632,270251.1000000006,2561.0
177429226.9632,270251.1000000006,2561.1
177429228.9632,270251.1000000006,2561.1
177429230.9632,270251.1000000006,2561.1
177429232.9632,270251.1000000006,2561.1
177429234.9632,270251.1000000006,2561.1
177429236.9632,270251.1000000006,2561.1
177429238.9632,270251.1000000006,2561.1
177429240.9632,270251.1000000006,2561.1
177429242.9632,270251.1000000006,2561.1
177429244.9632,270251.1000000006,2561.1
177429246.9632,270251.1000000006,2561.1
177429248.9632,270251.1000000006,2561.1
177429250.9632,270251.1000000006,2561.1
177429252.9632,270251.1000000006,2561.1
177429254.9632,270251.1000000006,2561.1
177429256.9632,270251.1000000006,2561.1
177429258.9632,270251.1000000006,2561.1
177429260.9632,270251.1000000006,2561.1
177429262.9632,270251.1000000006,2561.2
177429264.9632,270251.1000000006,2561.2
177429266.9632,270251.1000000006,2561.2
177429268.9632,270251.1000000006,2561.2
177429270.9632,270251.1000000006,2561.2
177429272.9632,270251.1000000006,2561.2
177429274.9632,270251.1000000006,2561.2
177429276.9632,270251.1000000006,2561.2
177429278.9632,270251.1000000006,2561.2
177429280.9632,270251.1000000006,2561.2
177429282.9632,270251.1000000006,2561.2
177429284.9632,270251.1000000006,2561.2
177429286.9632,270251.1000000006,2561.2
177429288.9632,270251.1000000006,2561.2
177429290.9632,270251.1000000006,2561.2
177429292.9632,270251.1000000006,2561.2
177429294.9632,270251.1000000006,2561.2
177429296.9632,270251.1000000006,2561.2
177429298.9632,270251.1000000006,2561.2
177429300.9632,270251.1000000006,2561.2
177429302.9632,270251.1000000006,2561.2
177429304.9632,270251.1000000006,2561.2
177429306.9632,270251.1000000006,2561.2
177429308.9632,270251.1000000006,2561.1
177429310.9632,270251.1000000006,2561.1
177429312.9632,270251.1000000006,2561.1
177429314.9632,270251.1000000006,2561.1
177429316.9632,270251.1000000006,2561.1
177429318.9632,270251.1000000006,2561.1
177429320.9632,270251.1000000006,2561.1
177429322.9632,270251.1000000006,2561.1
177429324.9632,270251.1000000006,2561.1
177429326.9632,270251.1000000006,2561.1
177429328.9632,270251.1000000006,2561.2999999999997
177429330.9632,270251.1000000006,2561.3999999999996
177429332.9632,270251.1000000006,2561.3999999999996
177429334.9632,270251.00000000064,2561.3999999999996
177429336.9632,270251.00000000064,2561.3999999999996
177429338.9632,270251.00000000064,2561.3999999999996
177429340.9632,270251.00000000064,2561.3999999999996
177429342.9632,270251.00000000064,2561.3999999999996
177429344.9632,270251.00000000064,2561.3999999999996
177429346.9632,270251.00000000064,2561.3999999999996
177429348.9632,270251.00000000064,2561.3999999999996
177429350.9632,270251.00000000064,2561.3999999999996
177429352.9632,270251.00000000064,2561.3999999999996
177429354.9632,270251.00000000064,2561.3999999999996
177429356.9632,270251.00000000064,2561.3999999999996
177429358.9632,270251.00000000064,2561.3999999999996
177429360.9632,270251.1000000006,2561.3999999999996
177429362.9632,270251.1000000006,2561.3999999999996
177429364.9632,270251.1000000006,2561.3999999999996
177429366.9632,270251.1000000006,2561.3999999999996
177429368.9632,270251.1000000006,2561.3999999999996
177429370.9632,270251.1000000006,15945.9
177429372.9632,270251.1000000006,15945.9
177429374.9632,270251.1000000006,15945.9
177429376.9632,270251.1000000006,2561.3999999999996
177429378.9632,270251.1000000006,2561.3999999999996
177429380.9632,270251.1000000006,2561.3999999999996
177429382.9632,270251.1000000006,2561.3999999999996
177429384.9632,270251.1000000006,2561.3999999999996
177429386.9632,270251.1000000006,2561.3999999999996
177429388.9632,270251.1000000006,2561.3999999999996
177429390.9632,270251.1000000006,2561.3999999999996
177429392.9632,270251.1000000006,2561.3999999999996
177429394.9632,270251.1000000006,2561.3999999999996
177429396.9632,270251.1000000006,2561.3999999999996
177429398.9632,270251.1000000006,2561.3999999999996
177429400.9632,270251.1000000006,2561.3999999999996
177429402.9632,270251.1000000006,2561.3999999999996
177429404.9632,270251.1000000006,2561.3999999999996
177429406.9632,270251.1000000006,2561.3999999999996
177429408.9632,270251.1000000006,2561.3999999999996
177429410.9632,270251.1000000006,2561.3999999999996
177429412.9632,270251.1000000006,2561.3999999999996
177429414.9632,270251.1000000006,2561.3999999999996
177429416.9632,270251.1000000006,2561.3999999999996
177429418.9632,270251.1000000006,2561.3999999999996
177429420.9632,270251.1000000006,2561.3999999999996
177429422.9632,270251.1000000006,2561.3999999999996
177429424.9632,270251.1000000006,2561.3999999999996
177429426.9632,270251.1000000006,2561.3999999999996
177429428.9632,270251.1000000006,2561.3999999999996
177429430.9632,270251.1000000006,2561.3999999999996
177429432.9632,270251.1000000006,2561.3999999999996
177429434.9632,270251.1000000006,2561.3999999999996
177429436.9632,299994.7000000006,2561.3999999999996
177429438.9632,299994.7000000006,2561.3999999999996
177429440.9632,299994.7000000006,2561.3999999999996
177429442.9632,299994.7000000006,2561.3999999999996
177429444.9632,299994.7000000006,2561.3999999999996
177429446.9632,299994.7000000006,2561.3999999999996
177429448.9632,299994.7000000006,2561.3999999999996
177429450.9632,299994.7000000006,2561.3999999999996
177429452.9632,299994.7000000006,2561.3999999999996
177429454.9632,299994.7000000006,2561.3999999999996
177429456.9632,299994.7000000006,2561.3999999999996
177429458.9632,299994.7000000006,2561.3999999999996
177429460.9632,299994.7000000006,2561.3999999999996
177429462.9632,299994.7000000006,2561.3999999999996
177429464.9632,299994.7000000006,2561.3999999999996
177429466.9632,299994.7000000006,2561.3999999999996
177429468.9632,299994.7000000006,2561.3999999999996
177429470.9632,299994.7000000006,2561.3999999999996
177429472.9632,299994.7000000006,2561.3999999999996
177429474.9632,299994.7000000006,2561.3999999999996
177429476.9632,299994.7000000006,2561.3999999999996
177429478.9632,299994.7000000006,2561.3999999999996
177429480.9632,299994.7000000006,2561.3999999999996
177429482.9632,299994.7000000006,2561.3999999999996
177429484.9632,299994.7000000006,2561.3999999999996
177429486.9632,299994.6000000006,2561.3999999999996
177429488.9632,299994.6000000006,2561.3999999999996
177429490.9632,299994.6000000006,2561.3999999999996
177429492.9632,299994.6000000006,2561.3999999999996
177429494.9632,299994.6000000006,2561.3999999999996
177429496.9632,299994.6000000006,2561.3999999999996
177429498.9632,299994.6000000006,2561.3999999999996
177429500.9632,299994.6000000006,2561.3999999999996
177429502.9632,299994.6000000006,2561.3999999999996
177429504.9632,299994.6000000006,2561.3999999999996
177429506.9632,299994.7000000006,2561.3999999999996
177429508.9632,299994.7000000006,2561.3999999999996
177429510.9632,299994.6000000006,2561.3999999999996
177429512.9632,299994.50000000064,2561.3999999999996
177429514.9632,299994.6000000006,2561.3999999999996
177429516.9632,299994.50000000064,2561.3999999999996
177429518.9632,299994.40000000066,2561.3999999999996
177429520.9632,299994.40000000066,2561.3999999999996
177429522.9632,299994.40000000066,2561.4999999999995
177429524.9632,299994.3000000007,2561.4999999999995
177429526.9632,299994.3000000007,2561.4999999999995
177429528.9632,299994.3000000007,2561.4999999999995
177429530.9632,299994.3000000007,2561.4999999999995
177429532.9632,299994.3000000007,2561.4999999999995
177429534.9632,299994.3000000007,2561.4999999999995
177429536.9632,299994.3000000007,2561.4999999999995
177429538.9632,299994.3000000007,2561.4999999999995
177429540.9632,299994.3000000007,2561.4999999999995
177429542.9632,299994.3000000007,2561.4999999999995
177429544.9632,299994.3000000007,2561.4999999999995
177429546.9632,299994.3000000007,2561.4999999999995
177429548.9632,299994.3000000007,2561.4999999999995
177429550.9632,299994.3000000007,2561.4999999999995
177429552.9632,299994.3000000007,2561.4999999999995
177429554.9632,299994.3000000007,2561.4999999999995
177429556.9632,299994.3000000007,2561.4999999999995
177429558.9632,299994.2000000007,2561.4999999999995
177429560.9632,299994.2000000007,2561.4999999999995
177429562.9632,299994.2000000007,2561.4999999999995
177429564.9632,299994.2000000007,2561.4999999999995
177429566.9632,299994.2000000007,2561.4999999999995
177429568.9632,299994.2000000007,2561.4999999999995
177429570.9632,299994.2000000007,2561.4999999999995
177429572.9632,299994.10000000073,2561.4999999999995
177429574.9632,299994.10000000073,2561.4999999999995
177429576.9632,270250.80000000075,2561.4999999999995
177429578.9632,270250.80000000075,2561.4999999999995
177429580.9632,270250.80000000075,2561.4999999999995
177429582.9632,270250.80000000075,2561.4999999999995
177429584.9632,270250.80000000075,2561.4999999999995
177429586.9632,270250.80000000075,2561.4999999999995
177429588.9632,270250.80000000075,2561.4999999999995
177429590.9632,299994.10000000073,2561.4999999999995
177429592.9632,299994.10000000073,2561.4999999999995
177429594.9632,299994.10000000073,2561.4999999999995
177429596.9632,299994.10000000073,2561.4999999999995
177429598.9632,299994.10000000073,2561.4999999999995
177429600.9632,299994.10000000073,2561.4999999999995
177429602.9632,299994.10000000073,2561.4999999999995
177429604.9632,299994.10000000073,2561.4999999999995
177429606.9632,299994.10000000073,2561.4999999999995
177429608.9632,299994.10000000073,2561.4999999999995
177429610.9632,299994.10000000073,2561.4999999999995
177429612.9632,299994.10000000073,2561.4999999999995
177429614.9632,299994.10000000073,2561.4999999999995
177429616.9632,299994.10000000073,2561.4999999999995
177429618.9632,299994.2000000007,2561.4999999999995
177429620.9632,299994.2000000007,2561.4999999999995
177429622.9632,299994.2000000007,2561.4999999999995
177429624.9632,299994.2000000007,2561.4999999999995
177429626.9632,299994.2000000007,2561.4999999999995
177429628.9632,299994.2000000007,2561.4999999999995
177429630.9632,299994.2000000007,2561.4999999999995
177429632.9632,299994.2000000007,2561.4999999999995
177429634.9632,299994.2000000007,2561.4999999999995
177429636.9632,299994.2000000007,2561.4999999999995
177429638.9632,299994.2000000007,2561.4999999999995
177429640.9632,299994.2000000007,2561.4999999999995
177429642.9632,299994.2000000007,2561.4999999999995
177429644.9632,299994.2000000007,2561.4999999999995
177429646.9632,299994.2000000007,2561.4999999999995
177429648.9632,299994.2000000007,2561.4999999999995
177429650.9632,299994.2000000007,2561.4999999999995
177429652.9632,299994.2000000007,2561.4999999999995
177429654.9632,299994.2000000007,2561.4999999999995
177429656.9632,299994.2000000007,2561.4999999999995
177429658.9632,299994.2000000007,2561.4999999999995
177429660.9632,299994.2000000007,2561.4999999999995
177429662.9632,299994.2000000007,2561.4999999999995
177429664.9632,299994.2000000007,2561.4999999999995
177429666.9632,299994.2000000007,2561.4999999999995
177429668.9632,299994.2000000007,2561.4999999999995
177429670.9632,299994.10000000073,2561.4999999999995
177429672.9632,299994.10000000073,2561.4999999999995
177429674.9632,299994.10000000073,2561.4999999999995
177429676.9632,299994.10000000073,2561.4999999999995
177429678.9632,299994.10000000073,2561.4999999999995
177429680.9632,299994.10000000073,2561.4999999999995
177429682.9632,299994.2000000007,2561.4999999999995
177429684.9632,299994.2000000007,2561.4999999999995
177429686.9632,299994.2000000007,2561.4999999999995
177429688.9632,299994.2000000007,2561.4999999999995
177429690.9632,299994.2000000007,2561.4999999999995
177429692.9632,299994.2000000007,2561.4999999999995
177429694.9632,299994.2000000007,2561.4999999999995
177429696.9632,299994.2000000007,2561.4999999999995
177429698.9632,299994.2000000007,2561.4999999999995
177429700.9632,299994.2000000007,2561.4999999999995
177429702.9632,299994.2000000007,2561.4999999999995
177429704.9632,299994.2000000007,2561.4999999999995
177429706.9632,299994.2000000007,2561.4999999999995
177429708.9632,299994.10000000073,2561.4999999999995
177429710.9632,299994.2000000007,2561.4999999999995
177429712.9632,299994.2000000007,2561.4999999999995
177429714.9632,299994.2000000007,2561.4999999999995
177429716.9632,299994.2000000007,2561.4999999999995
177429718.9632,299994.2000000007,2561.4999999999995
177429720.9632,299994.2000000007,2561.4999999999995
177429722.9632,299994.10000000073,2561.4999999999995
177429724.9632,299994.10000000073,2561.4999999999995
177429726.9632,299994.10000000073,2561.4999999999995
177429728.9632,299994.10000000073,2561.4999999999995
177429730.9632,299994.10000000073,2561.4999999999995
177429732.9632,299994.10000000073,2561.4999999999995
177429734.9632,299994.10000000073,2561.4999999999995
177429736.9632,299994.10000000073,2561.4999999999995
177429738.9632,299994.10000000073,2561.4999999999995
177429740.9632,299994.10000000073,2561.4999999999995
177429742.9632,299994.10000000073,2561.4999999999995
177429744.9632,299994.10000000073,2561.4999999999995
177429746.9632,299994.10000000073,2561.4999999999995
177429748.9632,299994.10000000073,2561.4999999999995
177429750.9632,299994.10000000073,2561.4999999999995
177429752.9632,299994.10000000073,2561.4999999999995
177429754.9632,299994.10000000073,2561.4999999999995
177429756.9632,299994.10000000073,2561.4999999999995
177429758.9632,299994.10000000073,2561.4999999999995
177429760.9632,299994.2000000007,2561.4999999999995
177429762.9632,299994.2000000007,2561.4999999999995
177429764.9632,299994.2000000007,2561.4999999999995
177429766.9632,299994.2000000007,2561.4999999999995
177429768.9632,299994.2000000007,2561.5999999999995
177429770.9632,299994.2000000007,2561.5999999999995
177429772.9632,299994.2000000007,2561.5999999999995
177429774.9632,299994.2000000007,2561.5999999999995
177429776.9632,299994.2000000007,2561.5999999999995
177429778.9632,299994.2000000007,2561.5999999999995
177429780.9632,299994.2000000007,2561.4999999999995
177429782.9632,299994.2000000007,2561.4999999999995
177429784.9632,299994.2000000007,2561.5999999999995
177429786.9632,299994.2000000007,2561.4999999999995
177429788.9632,299994.2000000007,2561.4999999999995
177429790.9632,299994.2000000007,2561.4999999999995
177429792.9632,299994.2000000007,2561.4999999999995
177429794.9632,299994.2000000007,2561.4999999999995
177429796.9632,299994.2000000007,2561.4999999999995
177429798.9632,299994.2000000007,2561.4999999999995
177429800.9632,299994.2000000007,2561.4999999999995
177429802.9632,299994.2000000007,2561.4999999999995
177429804.9632,299994.2000000007,2561.4999999999995
177429806.9632,299994.2000000007,2561.4999999999995
177429808.9632,299994.2000000007,2561.4999999999995
177429810.9632,299994.2000000007,2561.4999999999995
177429812.9632,299994.2000000007,2561.4999999999995
177429814.9632,299994.2000000007,2561.4999999999995
177429816.9632,299994.2000000007,2561.4999999999995
177429818.9632,299994.2000000007,2561.4999999999995
177429820.9632,299994.2000000007,2561.4999999999995
177429822.9632,299994.2000000007,2561.4999999999995
177429824.9632,299994.2000000007,2561.4999999999995
177429826.9632,299994.2000000007,2561.4999999999995
177429828.9632,270250.9000000007,2561.4999999999995
177429830.9632,270250.9000000007,2561.5999999999995
177429832.9632,270250.9000000007,2561.5999999999995
177429834.9632,270250.9000000007,2561.5999999999995
177429836.9632,270250.9000000007,2561.5999999999995
177429838.9632,270250.9000000007,2561.5999999999995
177429840.9632,270250.9000000007,2561.5999999999995
177429842.9632,270250.9000000007,2561.5999999999995
177429844.9632,270250.9000000007,2561.5999999999995
177429846.9632,270250.9000000007,2561.5999999999995
177429848.9632,270250.9000000007,2561.5999999999995
177429850.9632,270250.9000000007,2561.5999999999995
177429852.9632,299994.2000000007,2561.4999999999995
177429854.9632,299994.2000000007,2561.4999999999995
177429856.9632,299994.2000000007,2561.4999999999995
177429858.9632,299994.2000000007,2561.4999999999995
177429860.9632,299994.2000000007,2561.4999999999995
177429862.9632,299994.2000000007,2561.4999999999995
177429864.9632,299994.2000000007,2561.4999999999995
177429866.9632,299994.2000000007,2561.4999999999995
177429868.9632,299994.2000000007,2561.4999999999995
177429870.9632,299994.2000000007,2561.4999999999995
177429872.9632,299994.2000000007,2561.4999999999995
177429874.9632,299994.2000000007,2561.4999999999995
177429876.9632,299994.2000000007,2561.4999999999995
177429878.9632,299994.2000000007,2561.4999999999995
177429880.9632,299994.2000000007,2561.4999999999995
177429882.9632,299994.2000000007,2561.4999999999995
177429884.9632,299994.2000000007,2561.4999999999995
177429886.9632,299994.2000000007,2561.4999999999995
177429888.9632,299994.2000000007,2561.5999999999995
177429890.9632,299994.2000000007,2561.6999999999994
177429892.9632,299994.2000000007,2561.6999999999994
177429894.9632,299994.2000000007,2561.6999999999994
177429896.9632,299994.2000000007,2561.7999999999993
177429898.9632,299994.2000000007,2561.7999999999993
177429900.9632,299994.2000000007,2561.7999999999993
177429902.9632,299994.2000000007,2561.7999999999993
177429904.9632,299994.2000000007,2561.7999999999993
177429906.9632,299994.2000000007,2561.7999999999993
177429908.9632,299994.2000000007,2561.7999999999993
177429910.9632,299994.10000000073,2561.7999999999993
177429912.9632,299994.10000000073,2561.7999999999993
177429914.9632,299994.10000000073,2561.7999999999993
177429916.9632,299994.10000000073,2561.6999999999994
177429918.9632,299994.2000000007,2561.6999999999994
177429920.9632,299994.2000000007,2561.6999999999994
177429922.9632,299994.2000000007,2561.6999999999994
177429924.9632,299994.2000000007,2561.6999999999994
177429926.9632,299994.10000000073,2561.6999999999994
177429928.9632,299994.10000000073,2561.6999999999994
177429930.9632,299994.10000000073,2561.6999999999994
177429932.9632,299994.10000000073,2561.6999999999994
177429934.9632,299994.10000000073,2561.6999999999994
177429936.9632,299994.10000000073,2561.6999999999994
177429938.9632,299994.10000000073,2561.6999999999994
177429940.9632,299994.10000000073,2561.6999999999994
177429942.9632,299994.10000000073,2561.6999999999994
177429944.9632,299994.10000000073,2561.6999999999994
177429946.9632,299994.10000000073,2561.6999999999994
177429948.9632,299994.10000000073,2561.6999999999994
177429950.9632,299994.10000000073,2561.6999999999994
177429952.9632,299994.10000000073,2561.6999999999994
177429954.9632,299994.10000000073,2561.6999999999994
177429956.9632,299994.10000000073,2561.6999999999994
177429958.9632,299994.10000000073,2561.6999999999994
177429960.9632,299994.10000000073,2561.6999999999994
177429962.9632,299994.10000000073,2561.6999999999994
177429964.9632,299994.10000000073,2561.6999999999994
177429966.9632,299994.10000000073,2561.6999999999994
177429968.9632,299994.10000000073,2561.6999999999994
177429970.9632,299994.10000000073,2561.6999999999994
177429972.9632,299994.10000000073,2561.6999999999994
177429974.9632,299994.10000000073,2561.6999999999994
177429976.9632,299994.10000000073,2561.6999999999994
177429978.9632,299994.10000000073,2561.6999999999994
177429980.9632,299994.10000000073,2561.6999999999994
177429982.9632,299994.10000000073,2561.6999999999994
177429984.9632,299994.10000000073,2561.6999999999994
177429986.9632,299994.10000000073,2561.6999999999994
177429988.9632,299994.10000000073,2561.6999999999994
177429990.9632,299994.10000000073,2561.6999999999994
177429992.9632,299994.10000000073,2561.6999999999994
177429994.9632,299994.10000000073,2561.6999999999994
177429996.9632,299994.10000000073,2561.6999999999994
177429998.9632,299994.10000000073,2561.6999999999994
177430000.9632,299994.10000000073,2561.6999999999994
177430002.9632,299994.10000000073,2561.6999999999994
177430004.9632,299994.10000000073,2561.6999999999994
177430006.9632,299994.10000000073,2561.6999999999994
177430008.9632,299994.10000000073,2561.6999999999994
177430010.9632,299994.10000000073,2561.6999999999994
177430012.9632,299994.10000000073,2561.6999999999994
177430014.9632,299994.10000000073,2561.6999999999994
177430016.9632,299994.10000000073,2561.6999999999994
177430018.9632,299994.10000000073,2561.6999999999994
177430020.9632,299994.10000000073,2561.6999999999994
177430022.9632,299994.10000000073,2561.6999999999994
177430024.9632,299994.10000000073,2561.6999999999994
177430026.9632,299994.10000000073,2561.6999999999994
177430028.9632,299994.10000000073,2561.6999999999994
177430030.9632,299994.10000000073,2561.6999999999994
177430032.9632,299994.10000000073,2561.6999999999994
177430034.9632,299994.10000000073,2561.6999999999994
177430036.9632,299994.10000000073,2561.6999999999994
177430038.9632,299994.10000000073,2561.6999999999994
177430040.9632,299994.10000000073,2561.6999999999994
177430042.9632,299994.10000000073,2561.6999999999994
177430044.9632,299994.10000000073,2561.6999999999994
177430046.9632,299994.10000000073,2561.6999999999994
177430048.9632,299994.10000000073,2561.6999999999994
177430050.9632,299994.10000000073,2561.6999999999994
177430052.9632,299994.10000000073,2561.6999999999994
177430054.9632,299994.10000000073,2561.6999999999994
177430056.9632,299994.10000000073,2561.6999999999994
177430058.9632,299994.10000000073,2561.6999999999994
177430060.9632,299994.10000000073,2561.6999999999994
177430062.9632,299994.10000000073,2561.6999999999994
177430064.9632,299994.10000000073,2561.6999999999994
177430066.9632,299994.10000000073,2561.6999999999994
177430068.9632,299994.10000000073,2561.6999999999994
177430070.9632,299994.10000000073,2561.6999999999994
177430072.9632,299994.10000000073,2561.6999999999994
177430074.9632,299994.10000000073,2561.6999999999994
177430076.9632,299994.10000000073,2561.6999999999994
177430078.9632,299994.10000000073,2561.6999999999994
177430080.9632,299994.10000000073,2561.6999999999994
177430082.9632,299994.10000000073,2561.6999999999994
177430084.9632,299994.10000000073,2561.6999999999994
177430086.9632,299994.10000000073,2561.6999999999994
177430088.9632,299994.10000000073,2561.6999999999994
177430090.9632,299994.10000000073,2561.6999999999994
177430092.9632,299994.10000000073,2561.6999999999994
177430094.9632,299994.10000000073,2561.6999999999994
177430096.9632,299994.10000000073,2561.6999999999994
177430098.9632,299994.10000000073,2561.6999999999994
177430100.9632,299994.10000000073,2561.6999999999994
177430102.9632,299994.10000000073,2561.6999999999994
177430104.9632,299994.10000000073,2561.6999999999994
177430106.9632,299994.10000000073,2561.6999999999994
177430108.9632,299994.10000000073,2561.6999999999994
177430110.9632,299994.10000000073,2561.6999999999994
177430112.9632,299994.10000000073,2561.6999999999994
177430114.9632,299994.00000000076,2561.6999999999994
177430116.9632,299994.00000000076,2561.6999999999994
177430118.9632,299994.00000000076,2561.6999999999994
177430120.9632,299994.10000000073,2561.6999999999994
177430122.9632,299994.10000000073,2561.6999999999994
177430124.9632,299994.10000000073,2561.6999999999994
177430126.9632,299994.10000000073,2561.6999999999994
177430128.9632,299994.10000000073,2561.6999999999994
177430130.9632,299994.10000000073,2561.6999999999994
177430132.9632,299994.10000000073,2561.6999999999994
177430134.9632,299994.10000000073,2561.6999999999994
177430136.9632,299994.10000000073,2561.6999999999994
177430138.9632,299994.10000000073,2561.6999999999994
177430140.9632,299994.10000000073,2561.6999999999994
177430142.9632,299994.10000000073,2561.6999999999994
177430144.9632,299994.10000000073,2561.6999999999994
177430146.9632,299994.10000000073,2561.6999999999994
177430149.0632,299994.10000000073,2561.6999999999994
177430150.9632,299994.10000000073,2561.6999999999994
177430152.9632,299994.10000000073,2561.6999999999994
177430154.9632,299994.10000000073,2561.6999999999994
177430156.9632,299994.10000000073,2561.6999999999994
177430158.9632,299994.10000000073,2561.6999999999994
177430160.9632,299994.10000000073,2561.6999999999994
177430162.9632,299994.10000000073,2561.6999999999994
177430164.9632,299994.10000000073,2561.6999999999994
177430166.9632,299994.10000000073,2561.6999999999994
177430168.9632,299994.10000000073,2561.6999999999994
177430170.9632,299994.10000000073,2561.6999999999994
177430172.9632,299994.10000000073,2561.6999999999994
177430174.9632,299994.10000000073,2561.6999999999994
177430176.9632,299994.10000000073,2561.6999999999994
177430178.9632,299994.10000000073,2561.6999999999994
177430180.9632,299994.10000000073,2561.6999999999994
177430182.9632,299994.10000000073,2561.6999999999994
177430184.9632,299994.10000000073,2561.6999999999994
177430186.9632,299994.10000000073,2561.6999999999994
177430188.9632,299994.10000000073,2561.6999999999994
177430190.9632,299994.10000000073,2561.6999999999994
177430192.9632,299994.10000000073,2561.6999999999994
177430194.9632,299994.10000000073,2561.6999999999994
177430196.9632,299994.10000000073,2561.6999999999994
177430198.9632,299994.10000000073,2561.6999999999994
177430200.9632,299994.10000000073,2561.6999999999994
177430202.9632,299994.10000000073,2561.6999999999994
177430204.9632,299994.10000000073,2561.6999999999994
177430206.9632,299994.10000000073,2561.6999999999994
177430208.9632,299994.10000000073,2561.6999999999994
177430210.9632,299994.10000000073,2561.6999999999994
177430212.9632,299994.10000000073,2561.6999999999994
177430214.9632,299994.10000000073,17433.3
177430216.9632,299994.10000000073,2561.699999999999
177430218.9632,299994.10000000073,2561.699999999999
177430220.9632,299994.10000000073,2561.699999999999
177430222.9632,299994.00000000076,2561.699999999999
177430224.9632,299994.00000000076,2561.699999999999
177430226.9632,299994.10000000073,2561.699999999999
177430228.9632,299994.10000000073,2561.699999999999
177430230.9632,299994.10000000073,2561.699999999999
177430232.9632,299994.10000000073,2561.699999999999
177430234.9632,299994.10000000073,2561.699999999999
177430236.9632,299994.10000000073,2561.699999999999
177430238.9632,270250.9000000007,2561.699999999999
177430240.9632,270250.9000000007,2561.699999999999
177430242.9632,270250.9000000007,2561.699999999999
177430244.9632,299994.10000000073,2561.699999999999
177430246.9632,299994.10000000073,2561.699999999999
177430248.9632,299994.10000000073,2561.699999999999
177430250.9632,299994.10000000073,2561.699999999999
177430252.9632,299994.10000000073,2561.699999999999
177430254.9632,299994.10000000073,2561.699999999999
177430256.9632,299994.10000000073,2561.699999999999
177430258.9632,299994.10000000073,2561.699999999999
177430260.9632,299994.10000000073,2561.699999999999
177430262.9632,299994.10000000073,2561.699999999999
177430264.9632,299994.10000000073,2561.699999999999
177430266.9632,299994.10000000073,2561.699999999999
177430268.9632,299994.10000000073,2561.699999999999
177430270.9632,299994.10000000073,2561.699999999999
177430272.9632,299994.10000000073,2561.699999999999
177430274.9632,299994.10000000073,2561.699999999999
177430276.9632,299994.10000000073,2561.699999999999
177430278.9632,299994.10000000073,2561.699999999999
177430280.9632,299994.10000000073,2561.699999999999
177430282.9632,299994.10000000073,2561.699999999999
177430284.9632,299994.10000000073,2561.699999999999
177430286.9632,299994.10000000073,2561.699999999999
177430288.9632,299994.10000000073,2561.699999999999
177430290.9632,299994.10000000073,2561.699999999999
177430292.9632,299994.10000000073,2561.699999999999
177430294.9632,299994.10000000073,2561.699999999999
177430296.9632,299994.10000000073,2561.699999999999
177430298.9632,299994.10000000073,2561.699999999999
177430300.9632,299994.10000000073,2561.699999999999
177430302.9632,299994.10000000073,2561.699999999999
177430304.9632,299994.10000000073,2561.699999999999
177430306.9632,299994.10000000073,2561.699999999999
177430308.9632,299994.10000000073,2561.699999999999
177430310.9632,299994.10000000073,2561.699999999999
177430312.9632,299994.10000000073,2561.699999999999
177430314.9632,299994.10000000073,2561.699999999999
177430316.9632,299994.10000000073,2561.699999999999
177430318.9632,299994.10000000073,2561.699999999999
177430320.9632,299994.10000000073,2561.699999999999
177430322.9632,299994.10000000073,2561.699999999999
177430324.9632,299994.10000000073,2561.699999999999
177430326.9632,299994.10000000073,2561.699999999999
177430328.9632,299994.10000000073,2561.699999999999
177430330.9632,299994.10000000073,2561.699999999999
177430332.9632,299994.10000000073,2561.699999999999
177430334.9632,299994.10000000073,2561.699999999999
177430336.9632,299994.10000000073,2561.699999999999
177430338.9632,299994.10000000073,2561.699999999999
177430340.9632,299994.10000000073,2561.699999999999
177430342.9632,299994.10000000073,2561.699999999999
177430344.9632,299994.10000000073,2561.699999999999
177430346.9632,299994.10000000073,2561.699999999999
177430348.9632,299994.10000000073,2561.699999999999
177430350.9632,299994.10000000073,2561.699999999999
177430352.9632,299994.10000000073,2561.699999999999
177430354.9632,299994.10000000073,2561.699999999999
177430356.9632,299994.10000000073,2561.699999999999
177430358.9632,299994.10000000073,2561.699999999999
177430360.9632,299994.10000000073,2561.699999999999
177430362.9632,299994.10000000073,2561.699999999999
177430364.9632,299994.10000000073,2561.699999999999
177430366.9632,299994.10000000073,2561.699999999999
177430368.9632,299994.10000000073,2561.699999999999
177430370.9632,299994.10000000073,2561.699999999999
177430372.9632,299994.10000000073,2561.699999999999
177430374.9632,299994.00000000076,2561.699999999999
177430376.9632,299994.00000000076,2561.699999999999
177430378.9632,299994.00000000076,2561.699999999999
177430380.9632,299994.00000000076,2561.699999999999
177430382.9632,299994.00000000076,2561.699999999999
177430384.9632,299994.00000000076,2561.699999999999
177430386.9632,299994.00000000076,2561.699999999999
177430388.9632,299994.00000000076,2561.699999999999
177430390.9632,299994.00000000076,2561.699999999999
177430392.9632,270250.9000000008,2561.699999999999
177430394.9632,270250.9000000008,2561.699999999999
177430396.9632,270250.9000000008,2561.699999999999
177430398.9632,270250.9000000008,2561.699999999999
177430400.9632,270250.9000000008,2561.699999999999
177430402.9632,270250.9000000008,2561.699999999999
177430404.9632,270250.9000000008,2561.699999999999
177430406.9632,270250.9000000008,2561.699999999999
177430408.9632,270250.9000000008,2561.699999999999
177430410.9632,270250.9000000008,2561.699999999999
177430412.9632,270250.9000000008,2561.699999999999
177430414.9632,299994.1000000008,2561.699999999999
177430416.9632,299994.1000000008,2561.699999999999
177430418.9632,299994.1000000008,2561.699999999999
177430420.9632,299994.1000000008,2561.699999999999
177430422.9632,299994.1000000008,2561.699999999999
177430424.9632,299994.1000000008,2561.699999999999
177430426.9632,299994.1000000008,2561.699999999999
177430428.9632,299994.1000000008,2561.699999999999
177430430.9632,299994.1000000008,2561.699999999999
177430432.9632,299994.1000000008,2561.699999999999
177430434.9632,299994.1000000008,2561.699999999999
177430436.9632,299994.1000000008,2561.699999999999
177430438.9632,299994.1000000008,2561.699999999999
177430440.9632,299994.20000000077,2561.699999999999
177430442.9632,299994.20000000077,2561.699999999999
177430444.9632,299994.20000000077,2561.699999999999
177430446.9632,299994.20000000077,2561.699999999999
177430448.9632,290000.00000000076,2561.699999999999
177430450.9632,290000.00000000076,2561.699999999999
177430452.9632,289999.9000000008,2561.699999999999
177430454.9632,289999.9000000008,2561.699999999999
177430456.9632,289999.9000000008,2561.699999999999
177430458.9632,289999.9000000008,2561.699999999999
177430460.9632,289999.9000000008,2561.699999999999
177430462.9632,289999.9000000008,2561.699999999999
177430464.9632,289999.9000000008,2561.699999999999
177430466.9632,289999.9000000008,2561.699999999999
177430468.9632,289999.9000000008,2561.699999999999
177430470.9632,289999.9000000008,2561.699999999999
177430472.9632,289999.9000000008,2561.699999999999
177430474.9632,289999.9000000008,2561.699999999999
177430476.9632,289999.9000000008,2561.699999999999
177430478.9632,289999.9000000008,2561.699999999999
177430480.9632,289999.9000000008,2561.699999999999
177430482.9632,289999.9000000008,2561.699999999999
177430484.9632,289999.9000000008,2561.699999999999
177430486.9632,289999.8000000008,2561.699999999999
177430488.9632,289999.8000000008,2561.699999999999
177430490.9632,289999.9000000008,2561.699999999999
177430492.9632,289999.9000000008,2561.699999999999
177430494.9632,289999.9000000008,2561.699999999999
177430496.9632,289999.9000000008,2561.699999999999
177430498.9632,289999.9000000008,2561.699999999999
177430500.9632,289999.9000000008,2561.699999999999
177430502.9632,289999.9000000008,2561.699999999999
177430504.9632,289999.9000000008,2561.699999999999
177430506.9632,289999.9000000008,2561.699999999999
177430508.9632,289999.9000000008,2561.699999999999
177430510.9632,289999.9000000008,2561.699999999999
177430512.9632,289999.9000000008,2561.699999999999
177430514.9632,289999.9000000008,2561.699999999999
177430516.9632,289999.9000000008,2561.699999999999
177430518.9632,289999.9000000008,2561.699999999999
177430520.9632,289999.9000000008,2561.699999999999
177430522.9632,289999.9000000008,2561.699999999999
177430524.9632,289999.9000000008,2561.699999999999
177430526.9632,289999.9000000008,2561.699999999999
177430528.9632,289999.9000000008,2561.699999999999
177430530.9632,289999.9000000008,2561.699999999999
177430532.9632,289999.9000000008,2561.699999999999
177430534.9632,289999.9000000008,2561.699999999999
177430536.9632,289999.9000000008,2561.699999999999
177430538.9632,289999.9000000008,2561.799999999999
177430540.9632,289999.9000000008,2561.799999999999
177430542.9632,289999.9000000008,2561.799999999999
177430544.9632,289999.9000000008,2561.799999999999
177430546.9632,289999.9000000008,2561.699999999999
177430548.9632,289999.9000000008,2561.699999999999
177430550.9632,289999.9000000008,2561.699999999999
177430552.9632,289999.9000000008,2561.699999999999
177430554.9632,289999.9000000008,2561.699999999999
177430556.9632,289999.9000000008,2561.699999999999
177430558.9632,289999.9000000008,2561.699999999999
177430560.9632,289999.9000000008,2561.699999999999
177430562.9632,289999.9000000008,2561.699999999999
177430564.9632,289999.9000000008,2561.699999999999
177430566.9632,289999.9000000008,2561.699999999999
177430568.9632,289999.9000000008,2561.699999999999
177430570.9632,289999.9000000008,2561.699999999999
177430572.9632,289999.9000000008,2561.699999999999
177430574.9632,289999.9000000008,2561.699999999999
177430576.9632,289999.9000000008,2561.699999999999
177430578.9632,289999.9000000008,2561.699999999999
177430580.9632,289999.9000000008,2561.699999999999
177430582.9632,289999.9000000008,2561.699999999999
177430584.9632,289999.9000000008,2561.699999999999
177430586.9632,289999.9000000008,2561.699999999999
177430588.9632,289999.9000000008,2561.699999999999
177430590.9632,289999.9000000008,2561.699999999999
177430592.9632,289999.9000000008,2561.699999999999
177430594.9632,289999.9000000008,2561.699999999999
177430596.9632,289999.9000000008,2561.699999999999
177430598.9632,289999.9000000008,2561.699999999999
177430600.9632,289999.9000000008,2561.699999999999
177430602.9632,289999.9000000008,2561.699999999999
177430604.9632,289999.9000000008,2561.699999999999
177430606.9632,289999.8000000008,2561.699999999999
177430608.9632,289999.9000000008,2561.699999999999
177430610.9632,289999.9000000008,2561.699999999999
177430612.9632,289999.9000000008,2561.699999999999
177430614.9632,289999.9000000008,2561.699999999999
177430616.9632,289999.9000000008,2561.699999999999
177430618.9632,289999.9000000008,2561.699999999999
177430620.9632,289999.9000000008,2561.699999999999
177430622.9632,289999.9000000008,2561.699999999999
177430624.9632,289999.9000000008,2561.799999999999
177430626.9632,289999.9000000008,2561.799999999999
177430628.9632,289999.9000000008,2561.799999999999
177430630.9632,289999.9000000008,2561.8999999999987
177430632.9632,289999.9000000008,2561.799999999999
177430634.9632,289999.9000000008,2561.799999999999
177430636.9632,289999.9000000008,2561.799999999999
177430638.9632,289999.9000000008,2561.799999999999
177430640.9632,289999.9000000008,2561.799999999999
177430642.9632,289999.9000000008,2561.799999999999
177430644.9632,289999.9000000008,2561.799999999999
177430646.9632,289999.9000000008,2561.799999999999
177430648.9632,289999.9000000008,2561.799999999999
177430650.9632,289999.9000000008,2561.799999999999
177430652.9632,289999.9000000008,2561.799999999999
177430654.9632,289999.9000000008,2561.799999999999
177430656.9632,289999.9000000008,2561.799999999999
177430658.9632,289999.9000000008,2561.799999999999
177430660.9632,289999.9000000008,2561.799999999999
177430662.9632,289999.9000000008,2561.799999999999
177430664.9632,289999.9000000008,2561.799999999999
177430666.9632,289999.9000000008,2561.799999999999
177430668.9632,289999.9000000008,2561.799999999999
177430670.9632,289999.9000000008,2561.699999999999
177430672.9632,289999.9000000008,2561.699999999999
177430674.9632,289999.9000000008,2561.699999999999
177430676.9632,289999.9000000008,2561.699999999999
177430678.9632,289999.9000000008,2561.699999999999
177430680.9632,289999.9000000008,2561.699999999999
177430682.9632,289999.9000000008,2561.699999999999
177430684.9632,289999.9000000008,2561.699999999999
177430686.9632,289999.9000000008,2561.699999999999
177430688.9632,289999.9000000008,2561.699999999999
177430690.9632,289999.9000000008,2561.699999999999
177430692.9632,289999.9000000008,2561.699999999999
177430694.9632,289999.9000000008,2561.699999999999
177430696.9632,289999.9000000008,2561.699999999999
177430698.9632,289999.9000000008,2561.699999999999
177430700.9632,289999.9000000008,2561.699999999999
177430702.9632,289999.9000000008,2561.699999999999
177430704.9632,289999.9000000008,2561.699999999999
177430706.9632,289999.9000000008,2561.699999999999
177430708.9632,289999.9000000008,2561.699999999999
177430710.9632,289999.8000000008,2561.699999999999
177430712.9632,289999.8000000008,2561.699999999999
177430714.9632,289999.8000000008,2561.699999999999
177430716.9632,289999.8000000008,2561.699999999999
177430718.9632,289999.8000000008,2561.699999999999
177430720.9632,289999.8000000008,2561.699999999999
177430722.9632,289999.8000000008,2561.699999999999
177430724.9632,289999.8000000008,2561.699999999999
177430726.9632,289999.8000000008,2561.699999999999
177430728.9632,289999.8000000008,2561.699999999999
177430730.9632,289999.8000000008,2561.699999999999
177430732.9632,289999.8000000008,2561.699999999999
177430734.9632,289999.8000000008,2561.699999999999
177430736.9632,289999.8000000008,2561.699999999999
177430738.9632,289999.8000000008,2561.699999999999
177430740.9632,289999.8000000008,2561.699999999999
177430742.9632,289999.8000000008,2561.699999999999
177430744.9632,289999.8000000008,2561.699999999999
177430746.9632,289999.8000000008,2561.699999999999
177430748.9632,289999.8000000008,2561.699999999999
177430750.9632,289999.8000000008,2561.699999999999
177430752.9632,289999.8000000008,2561.699999999999
177430754.9632,289999.8000000008,2561.699999999999
177430756.9632,289999.8000000008,2561.699999999999
177430758.9632,289999.8000000008,2561.699999999999
177430760.9632,289999.9000000008,2561.799999999999
177430762.9632,289999.9000000008,2561.799999999999
177430764.9632,289999.9000000008,2561.799999999999
177430766.9632,289999.9000000008,2561.799999999999
177430768.9632,289999.9000000008,2561.799999999999
177430770.9632,289999.9000000008,2561.799999999999
177430772.9632,289999.8000000008,2561.799999999999
177430774.9632,289999.8000000008,2561.799999999999
177430776.9632,289999.8000000008,2561.799999999999
177430779.0632,289999.8000000008,2561.799999999999
177430780.9632,289999.8000000008,2561.799999999999
177430782.9632,289999.8000000008,2561.799999999999
177430784.9632,289999.8000000008,2561.799999999999
177430786.9632,289999.8000000008,2561.799999999999
177430788.9632,289999.8000000008,2561.799999999999
177430790.9632,289999.8000000008,2561.799999999999
177430792.9632,289999.8000000008,2561.799999999999
177430794.9632,289999.9000000008,2561.799999999999
177430796.9632,289999.9000000008,2561.799999999999
177430798.9632,289999.9000000008,2561.799999999999
177430800.9632,289999.9000000008,2561.8999999999987
177430802.9632,289999.9000000008,2561.8999999999987
177430804.9632,289999.9000000008,2561.8999999999987
177430806.9632,289999.9000000008,2561.8999999999987
177430808.9632,289999.9000000008,2561.8999999999987
177430810.9632,289999.9000000008,2561.799999999999
177430812.9632,289999.9000000008,2561.799999999999
177430814.9632,289999.9000000008,2561.799999999999
177430816.9632,289999.9000000008,2561.799999999999
177430818.9632,289999.9000000008,2561.799999999999
177430820.9632,289999.9000000008,2561.799999999999
177430822.9632,289999.9000000008,2561.799999999999
177430824.9632,289999.9000000008,2561.799999999999
177430826.9632,289999.9000000008,2561.799999999999
177430828.9632,289999.9000000008,2561.799999999999
177430830.9632,289999.9000000008,2561.799999999999
177430832.9632,289999.9000000008,2561.799999999999
177430834.9632,289999.9000000008,2561.799999999999
177430836.9632,289999.9000000008,2561.799999999999
177430838.9632,289999.9000000008,2561.799999999999
177430840.9632,289999.9000000008,2561.799999999999
177430842.9632,289999.9000000008,2561.799999999999
177430844.9632,289999.9000000008,2561.799999999999
177430846.9632,289999.9000000008,2561.799999999999
177430848.9632,289999.8000000008,2561.799999999999
177430850.9632,289999.8000000008,2561.799999999999
177430852.9632,289999.8000000008,2561.8999999999987
177430854.9632,289999.8000000008,2561.8999999999987
177430856.9632,289999.8000000008,2561.8999999999987
177430858.9632,289999.8000000008,2561.8999999999987
177430860.9632,289999.8000000008,2561.8999999999987
177430862.9632,289999.8000000008,2561.8999999999987
177430864.9632,289999.8000000008,2561.8999999999987
177430866.9632,289999.8000000008,2561.8999999999987
177430868.9632,289999.8000000008,2561.8999999999987
177430870.9632,289999.8000000008,2561.8999999999987
177430872.9632,289999.8000000008,2561.8999999999987
177430874.9632,289999.8000000008,2561.8999999999987
177430876.9632,289999.8000000008,2561.8999999999987
177430878.9632,289999.8000000008,2561.8999999999987
177430880.9632,289999.8000000008,2561.8999999999987
177430882.9632,289999.8000000008,2561.8999999999987
177430884.9632,289999.8000000008,2561.8999999999987
177430886.9632,289999.8000000008,2561.8999999999987
177430888.9632,289999.8000000008,2561.8999999999987
177430890.9632,289999.8000000008,2561.8999999999987
177430892.9632,289999.8000000008,2561.8999999999987
177430894.9632,289999.8000000008,2561.8999999999987
177430896.9632,289999.8000000008,2561.8999999999987
177430898.9632,289999.8000000008,2561.8999999999987
177430900.9632,289999.8000000008,2561.8999999999987
177430902.9632,289999.8000000008,2561.8999999999987
177430904.9632,289999.8000000008,2561.8999999999987
177430906.9632,289999.8000000008,2561.8999999999987
177430908.9632,289999.8000000008,2561.8999999999987
177430910.9632,289999.8000000008,2561.8999999999987
177430912.9632,289999.8000000008,2561.8999999999987
177430914.9632,289999.7000000008,2561.8999999999987
177430916.9632,289999.7000000008,2561.8999999999987
177430918.9632,289999.7000000008,2561.8999999999987
177430920.9632,289999.60000000085,2561.8999999999987
177430922.9632,289999.60000000085,2561.8999999999987
177430924.9632,289999.60000000085,2561.8999999999987
177430926.9632,289999.5000000009,2561.8999999999987
177430928.9632,289999.4000000009,2561.8999999999987
177430930.9632,289999.4000000009,2561.8999999999987
177430932.9632,289999.4000000009,2561.8999999999987
177430934.9632,289999.4000000009,2561.8999999999987
177430936.9632,289999.4000000009,2561.8999999999987
177430938.9632,289999.4000000009,2561.8999999999987
177430940.9632,289999.4000000009,2561.8999999999987
177430942.9632,289999.4000000009,2561.8999999999987
177430944.9632,289999.4000000009,2561.8999999999987
177430946.9632,289999.4000000009,2561.8999999999987
177430948.9632,289999.4000000009,2561.8999999999987
177430950.9632,289999.4000000009,2561.8999999999987
177430952.9632,289999.4000000009,2561.9999999999986
177430954.9632,289999.4000000009,2561.9999999999986
177430956.9632,289999.3000000009,2561.8999999999987
177430958.9632,289999.3000000009,2561.8999999999987
177430960.9632,289999.3000000009,2561.8999999999987
177430962.9632,289999.3000000009,2561.8999999999987
177430964.9632,289999.3000000009,2561.8999999999987
177430966.9632,289999.20000000094,2561.8999999999987
177430968.9632,289999.10000000097,2561.8999999999987
177430970.9632,289999.10000000097,2561.8999999999987
177430972.9632,289999.10000000097,2561.8999999999987
177430974.9632,289999.10000000097,2561.8999999999987
177430976.9632,289999.000000001,2561.8999999999987
177430978.9632,289999.000000001,2561.8999999999987
177430980.9632,289999.000000001,2561.8999999999987
177430982.9632,289999.000000001,2561.8999999999987
177430984.9632,289999.000000001,2561.8999999999987
177430986.9632,289999.000000001,2561.8999999999987
177430988.9632,289999.000000001,2561.8999999999987
177430990.9632,289999.000000001,2561.8999999999987
177430992.9632,289999.000000001,2561.8999999999987
177430994.9632,289999.000000001,2561.8999999999987
177430996.9632,289999.000000001,2561.8999999999987
177430998.9632,289999.000000001,2561.8999999999987
177431000.9632,289999.000000001,2561.8999999999987
177431003.0632,289999.000000001,2561.8999999999987
177431005.0632,289999.000000001,2561.8999999999987
177431007.0632,289999.000000001,2561.8999999999987
177431009.0632,289999.000000001,2561.8999999999987
177431011.0632,289999.000000001,2561.8999999999987
177431013.0632,289999.000000001,2561.8999999999987
177431015.0632,289999.000000001,2561.8999999999987
177431017.0632,289999.000000001,2561.8999999999987
177431019.0632,289999.000000001,2561.8999999999987
177431021.0632,289999.000000001,2561.8999999999987
177431023.0632,289999.000000001,2561.8999999999987
177431025.0632,289999.000000001,2561.8999999999987
177431027.0632,289999.000000001,2561.8999999999987
177431029.0632,289999.000000001,2561.8999999999987
177431031.0632,289999.000000001,2561.8999999999987
177431033.0632,289999.000000001,2561.8999999999987
177431035.0632,289998.900000001,2561.8999999999987
177431037.0632,289998.900000001,2561.8999999999987
177431039.0632,289998.80000000104,2561.8999999999987
177431041.0632,289998.80000000104,2561.8999999999987
177431043.0632,289998.80000000104,2561.8999999999987
177431045.0632,289998.80000000104,2561.8999999999987
177431047.0632,289998.80000000104,2561.8999999999987
177431049.0632,289998.80000000104,2561.8999999999987
177431051.0632,289998.80000000104,2561.8999999999987
177431053.0632,289998.80000000104,2561.8999999999987
177431055.0632,289998.80000000104,2561.8999999999987
177431057.0632,289998.80000000104,2561.8999999999987
177431059.0632,289998.80000000104,2561.8999999999987
177431061.0632,289998.80000000104,2561.8999999999987
177431063.0632,289998.80000000104,2561.8999999999987
177431065.0632,289998.80000000104,2561.8999999999987
177431067.0632,289998.80000000104,2561.8999999999987
177431069.0632,289998.80000000104,2561.8999999999987
177431071.0632,289998.80000000104,2561.8999999999987
177431073.0632,289998.80000000104,2561.8999999999987
177431075.0632,289998.80000000104,2561.8999999999987
177431077.0632,289998.70000000106,2561.8999999999987
177431079.0632,289998.70000000106,2561.8999999999987
177431081.0632,289998.70000000106,2561.8999999999987
177431083.0632,289998.70000000106,2561.8999999999987
177431085.0632,289998.70000000106,2561.8999999999987
177431087.0632,289998.6000000011,2561.8999999999987
177431089.0632,289998.6000000011,2561.8999999999987
177431091.0632,289998.6000000011,2561.8999999999987
177431093.0632,289998.6000000011,2561.8999999999987
177431095.0632,289998.70000000106,2561.8999999999987
177431097.0632,289998.70000000106,2561.8999999999987
177431099.0632,289998.70000000106,2561.8999999999987
177431101.0632,289998.70000000106,2561.8999999999987
177431103.0632,289998.70000000106,2561.8999999999987
177431105.0632,289998.6000000011,2561.8999999999987
177431107.0632,289998.6000000011,2561.8999999999987
177431109.0632,289998.6000000011,2561.8999999999987
177431111.0632,289998.6000000011,2561.8999999999987
177431113.0632,289998.6000000011,2561.8999999999987
177431115.0632,289998.6000000011,2561.8999999999987
177431117.0632,289998.6000000011,2561.8999999999987
177431119.0632,289998.6000000011,2561.8999999999987
177431121.0632,289998.6000000011,2561.8999999999987
177431123.0632,289998.6000000011,2561.8999999999987
177431125.0632,289998.6000000011,2561.8999999999987
177431127.0632,289998.6000000011,2561.8999999999987
177431129.0632,289998.6000000011,2561.8999999999987
177431131.0632,289998.6000000011,2561.8999999999987
177431133.0632,289998.6000000011,2561.8999999999987
177431135.0632,289998.6000000011,2561.8999999999987
177431137.0632,289998.6000000011,2561.8999999999987
177431139.0632,289998.6000000011,2561.8999999999987
177431141.0632,289998.6000000011,2561.8999999999987
177431143.0632,289998.6000000011,2561.8999999999987
177431145.0632,289998.6000000011,2561.8999999999987
177431147.0632,289998.6000000011,2561.8999999999987
177431149.0632,289998.6000000011,2561.8999999999987
177431151.0632,289998.6000000011,2561.8999999999987
177431153.0632,289998.5000000011,2561.8999999999987
177431155.0632,289998.5000000011,2561.8999999999987
177431157.0632,289998.5000000011,2561.8999999999987
177431159.0632,289998.40000000113,2561.8999999999987
177431161.0632,289998.40000000113,2561.8999999999987
177431163.0632,289998.40000000113,2561.8999999999987
177431165.0632,289998.5000000011,2561.8999999999987
177431167.0632,289998.40000000113,2561.8999999999987
177431169.0632,289998.40000000113,2561.8999999999987
177431171.0632,289998.40000000113,2561.8999999999987
177431173.0632,289998.40000000113,2561.8999999999987
177431175.0632,289998.40000000113,2561.8999999999987
177431177.0632,289998.40000000113,2561.8999999999987
177431179.0632,289998.40000000113,2561.8999999999987
177431181.0632,289998.40000000113,2561.8999999999987
177431183.0632,289998.40000000113,2561.8999999999987
177431185.0632,289998.40000000113,2561.8999999999987
177431187.0632,289998.40000000113,2561.8999999999987
177431189.0632,289998.40000000113,2561.8999999999987
177431191.0632,289998.30000000115,2561.8999999999987
177431193.0632,289998.2000000012,2561.8999999999987
177431195.0632,289998.2000000012,2561.8999999999987
177431197.0632,289998.2000000012,2561.8999999999987
177431199.0632,289998.2000000012,2561.8999999999987
177431201.0632,289998.2000000012,2561.8999999999987
177431203.0632,289998.2000000012,2561.8999999999987
177431205.0632,289998.1000000012,2561.8999999999987
177431207.0632,289998.1000000012,2561.8999999999987
177431209.0632,289998.0000000012,2561.8999999999987
177431211.0632,289997.90000000125,2561.8999999999987
177431213.0632,289997.90000000125,2561.8999999999987
177431215.0632,289997.90000000125,2561.8999999999987
177431217.0632,289997.90000000125,2561.8999999999987
177431219.0632,289997.90000000125,2561.8999999999987
177431221.0632,289997.90000000125,2561.8999999999987
177431223.0632,289998.0000000012,2561.8999999999987
177431225.0632,289998.0000000012,2561.8999999999987
177431227.0632,289998.0000000012,2561.8999999999987
177431229.0632,289998.0000000012,2561.8999999999987
177431231.0632,289998.0000000012,2561.8999999999987
177431233.0632,289998.0000000012,2561.8999999999987
177431235.0632,261254.40000000122,2561.8999999999987
177431237.0632,261254.40000000122,2561.8999999999987
177431239.0632,261254.40000000122,2561.8999999999987
177431241.0632,261254.40000000122,2561.8999999999987
177431243.0632,261254.40000000122,2561.8999999999987
177431245.0632,261254.40000000122,2561.8999999999987
177431247.0632,261254.40000000122,2561.8999999999987
177431249.0632,289998.0000000012,2561.8999999999987
177431251.0632,289998.0000000012,2561.8999999999987
177431253.0632,289998.0000000012,2561.8999999999987
177431255.0632,289997.90000000125,2561.8999999999987
177431257.0632,289997.90000000125,2561.8999999999987
177431259.0632,289997.90000000125,2561.9999999999986
177431261.0632,289997.90000000125,2561.9999999999986
177431263.0632,289997.90000000125,2561.9999999999986
177431265.0632,289997.90000000125,2561.8999999999987
177431267.0632,289997.90000000125,2561.8999999999987
177431269.0632,289997.90000000125,2561.8999999999987
177431271.0632,289997.90000000125,2561.8999999999987
177431273.0632,289997.90000000125,2561.8999999999987
177431275.0632,289997.90000000125,2561.8999999999987
177431277.0632,289997.90000000125,2561.8999999999987
177431279.0632,289997.90000000125,2561.8999999999987
177431281.0632,289997.90000000125,2561.8999999999987
177431283.0632,289997.90000000125,2561.8999999999987
177431285.0632,289997.90000000125,2561.8999999999987
177431287.0632,289997.90000000125,2561.8999999999987
177431289.0632,289997.90000000125,2561.8999999999987
177431291.0632,289997.80000000127,2561.8999999999987
177431293.0632,289997.80000000127,2561.8999999999987
177431295.0632,289997.80000000127,2561.8999999999987
177431297.0632,289997.80000000127,2561.8999999999987
177431299.0632,289997.80000000127,2561.8999999999987
177431301.0632,289997.80000000127,2561.8999999999987
177431303.0632,289997.7000000013,2561.8999999999987
177431305.0632,289997.7000000013,2561.8999999999987
177431307.0632,289997.7000000013,2561.8999999999987
177431309.0632,289997.6000000013,2561.8999999999987
177431311.0632,289997.6000000013,2561.8999999999987
177431313.0632,289997.6000000013,2561.8999999999987
177431315.0632,289997.6000000013,2561.8999999999987
177431317.0632,289997.6000000013,2561.8999999999987
177431319.0632,289997.6000000013,2561.8999999999987
177431321.0632,289997.6000000013,2561.8999999999987
177431323.0632,289997.6000000013,2561.8999999999987
177431325.0632,289997.6000000013,2561.8999999999987
177431327.0632,289997.6000000013,2561.8999999999987
177431329.0632,289997.6000000013,2561.8999999999987
177431331.0632,289997.6000000013,2561.8999999999987
177431333.0632,289997.6000000013,2561.8999999999987
177431335.0632,289997.6000000013,2561.8999999999987
177431337.0632,289997.6000000013,2561.8999999999987
177431339.0632,289997.6000000013,2561.8999999999987
177431341.0632,289997.6000000013,2561.8999999999987
177431343.0632,289997.6000000013,2561.8999999999987
177431345.0632,289997.6000000013,2561.8999999999987
177431347.0632,289997.6000000013,2561.8999999999987
177431349.0632,289997.6000000013,2561.8999999999987
177431351.0632,289997.7000000013,2561.8999999999987
177431353.0632,289997.7000000013,2561.8999999999987
177431355.0632,289997.7000000013,2561.8999999999987
177431357.0632,289997.80000000127,2561.8999999999987
177431359.0632,289997.80000000127,2561.8999999999987
177431361.0632,289997.80000000127,2561.8999999999987
177431363.0632,289997.90000000125,2561.8999999999987
177431365.0632,289997.90000000125,2561.8999999999987
177431367.0632,289997.90000000125,2561.8999999999987
177431369.0632,289997.90000000125,2561.8999999999987
177431371.0632,289997.90000000125,2561.8999999999987
177431373.0632,289997.90000000125,2561.8999999999987
177431375.0632,289997.90000000125,2561.8999999999987
177431377.0632,289997.90000000125,2561.8999999999987
177431379.0632,289997.90000000125,2561.8999999999987
177431381.0632,289997.90000000125,2561.8999999999987
177431383.0632,289997.90000000125,2561.8999999999987
177431385.0632,289997.90000000125,2561.8999999999987
177431387.0632,289997.90000000125,2561.8999999999987
177431389.0632,289997.80000000127,2561.8999999999987
177431391.0632,289997.80000000127,2561.8999999999987
177431393.0632,289997.80000000127,2561.8999999999987
177431395.0632,289997.80000000127,2561.8999999999987
177431397.0632,289997.80000000127,2561.8999999999987
177431399.0632,289997.80000000127,2561.8999999999987
177431401.0632,289997.80000000127,2561.8999999999987
177431403.0632,289997.80000000127,2561.8999999999987
177431405.0632,289997.80000000127,2561.8999999999987
177431407.0632,289997.80000000127,2561.8999999999987
177431409.0632,289997.80000000127,2561.8999999999987
177431411.0632,289997.80000000127,2561.8999999999987
177431413.0632,289997.80000000127,2561.8999999999987
177431415.0632,289997.80000000127,2561.8999999999987
177431417.0632,289997.80000000127,2561.8999999999987
177431419.0632,289997.80000000127,2561.8999999999987
177431421.0632,289997.80000000127,2561.8999999999987
177431423.0632,289997.80000000127,2561.8999999999987
177431425.0632,289997.80000000127,2561.8999999999987
177431427.0632,289997.80000000127,2561.8999999999987
177431429.0632,289997.80000000127,2561.8999999999987
177431431.0632,289997.80000000127,2561.8999999999987
177431433.0632,289997.80000000127,2561.8999999999987
177431435.0632,289997.80000000127,2561.8999999999987
177431437.0632,289997.80000000127,2561.8999999999987
177431439.0632,289997.80000000127,2561.8999999999987
177431441.0632,289997.80000000127,2561.8999999999987
177431443.1632,289997.80000000127,2561.8999999999987
177431445.0632,289997.80000000127,2561.8999999999987
177431447.0632,289997.80000000127,2561.8999999999987
177431449.0632,289997.7000000013,2561.8999999999987
177431451.0632,289997.7000000013,2561.8999999999987
177431453.0632,289997.7000000013,2561.8999999999987
177431455.0632,289997.7000000013,2561.8999999999987
177431457.0632,289997.80000000127,2561.8999999999987
177431459.0632,289997.80000000127,2561.8999999999987
177431461.0632,289997.80000000127,2561.8999999999987
177431463.0632,289997.80000000127,2561.8999999999987
177431465.0632,289997.80000000127,2561.8999999999987
177431467.0632,289997.80000000127,2561.8999999999987
177431469.0632,289997.80000000127,2561.8999999999987
177431471.0632,289997.80000000127,2561.8999999999987
177431473.0632,289997.80000000127,2561.8999999999987
177431475.0632,289997.7000000013,2561.8999999999987
177431477.0632,289997.7000000013,2561.8999999999987
177431479.0632,289997.7000000013,2561.8999999999987
177431481.0632,289997.7000000013,2561.8999999999987
177431483.0632,289997.7000000013,2561.8999999999987
177431485.0632,289997.80000000127,2561.8999999999987
177431487.0632,289997.80000000127,2561.8999999999987
177431489.0632,289997.80000000127,2561.8999999999987
177431491.0632,289997.80000000127,2561.8999999999987
177431493.0632,289997.80000000127,2561.8999999999987
177431495.0632,289997.80000000127,2561.9999999999986
177431497.0632,289997.80000000127,2561.9999999999986
177431499.0632,289997.80000000127,2561.9999999999986
177431501.0632,289997.80000000127,2561.9999999999986
177431503.0632,289997.80000000127,2561.9999999999986
177431505.0632,289997.80000000127,2561.9999999999986
177431507.0632,289997.80000000127,2561.9999999999986
177431509.0632,289997.80000000127,2561.9999999999986
177431511.0632,289997.80000000127,2561.9999999999986
177431513.0632,289997.80000000127,2561.9999999999986
177431515.0632,289997.80000000127,2561.9999999999986
177431517.0632,289997.80000000127,2561.9999999999986
177431519.0632,289997.80000000127,2561.9999999999986
177431521.0632,289997.80000000127,2561.9999999999986
177431523.0632,289997.80000000127,2561.9999999999986
177431525.0632,289997.80000000127,2561.9999999999986
177431527.0632,289997.80000000127,2561.9999999999986
177431529.0632,289997.80000000127,2561.9999999999986
177431531.0632,289997.80000000127,2561.9999999999986
177431533.0632,289997.80000000127,2561.9999999999986
177431535.0632,289997.80000000127,2561.9999999999986
177431537.0632,289997.80000000127,2561.9999999999986
177431539.0632,289997.80000000127,2561.9999999999986
177431541.0632,289997.80000000127,2561.9999999999986
177431543.0632,289997.80000000127,2561.9999999999986
177431545.0632,289997.80000000127,2561.9999999999986
177431547.0632,289997.80000000127,2561.9999999999986
177431549.0632,289997.80000000127,2561.9999999999986
177431551.0632,289997.80000000127,2561.9999999999986
177431553.0632,289997.80000000127,2561.9999999999986
177431555.0632,289997.80000000127,2561.9999999999986
177431557.0632,289997.80000000127,2561.9999999999986
177431559.0632,289997.80000000127,2561.9999999999986
177431561.0632,289997.80000000127,2561.9999999999986
177431563.0632,289997.80000000127,2561.9999999999986
177431565.0632,289997.80000000127,2561.9999999999986
177431567.0632,289997.80000000127,2561.9999999999986
177431569.0632,289997.80000000127,2561.9999999999986
177431571.0632,289997.80000000127,2561.9999999999986
177431573.0632,289997.80000000127,2561.9999999999986
177431575.0632,289997.80000000127,2561.9999999999986
177431577.0632,289997.80000000127,2561.9999999999986
177431579.0632,289997.80000000127,2561.9999999999986
177431581.0632,289997.7000000013,2561.9999999999986
177431583.0632,289997.7000000013,2561.9999999999986
177431585.0632,289997.7000000013,2561.9999999999986
177431587.0632,289997.7000000013,2561.9999999999986
177431589.0632,289997.7000000013,2561.9999999999986
177431591.0632,289997.6000000013,2561.9999999999986
177431593.0632,289997.6000000013,2561.9999999999986
177431595.0632,289997.6000000013,2561.9999999999986
177431597.0632,289997.6000000013,2561.9999999999986
177431599.0632,289997.6000000013,2561.9999999999986
177431601.0632,289997.6000000013,2561.9999999999986
177431603.0632,289997.6000000013,2561.9999999999986
177431605.0632,289997.6000000013,2561.9999999999986
177431607.0632,289997.6000000013,2561.9999999999986
177431609.0632,289997.6000000013,2561.9999999999986
177431611.0632,289997.6000000013,2561.9999999999986
177431613.0632,289997.6000000013,2561.9999999999986
177431615.0632,289997.6000000013,2561.9999999999986
177431617.0632,289997.6000000013,2561.9999999999986
177431619.0632,289997.6000000013,2561.9999999999986
177431621.0632,289997.6000000013,2561.9999999999986
177431623.0632,289997.6000000013,2561.9999999999986
177431625.0632,289997.6000000013,2561.9999999999986
177431627.0632,289997.50000000134,2561.9999999999986
177431629.0632,289997.50000000134,2561.9999999999986
177431631.0632,289997.40000000136,2561.9999999999986
177431633.0632,289997.20000000135,2561.9999999999986
177431635.0632,289997.20000000135,2561.9999999999986
177431637.0632,289997.20000000135,2561.9999999999986
177431639.0632,289997.20000000135,2561.9999999999986
177431641.0632,289997.20000000135,2561.9999999999986
177431643.0632,289997.20000000135,2561.9999999999986
177431645.0632,289997.20000000135,2561.9999999999986
177431647.0632,289997.20000000135,2561.9999999999986
177431649.0632,289997.20000000135,2561.9999999999986
177431651.0632,289997.20000000135,2561.9999999999986
177431653.0632,289997.20000000135,2561.9999999999986
177431655.0632,289997.20000000135,2561.9999999999986
177431657.0632,289997.20000000135,2561.9999999999986
177431659.0632,289997.20000000135,2561.9999999999986
177431661.0632,289997.20000000135,2561.9999999999986
177431663.1632,289997.20000000135,2561.9999999999986
177431665.0632,289997.20000000135,2561.9999999999986
177431667.0632,289997.20000000135,2561.9999999999986
177431669.0632,289997.20000000135,2561.9999999999986
177431671.0632,289997.20000000135,2561.9999999999986
177431673.0632,289997.20000000135,2561.9999999999986
177431675.0632,289997.20000000135,2561.9999999999986
177431677.0632,289997.20000000135,2561.9999999999986
177431679.0632,289997.20000000135,2561.9999999999986
177431681.0632,289997.20000000135,2561.9999999999986
177431683.0632,289997.20000000135,2561.9999999999986
177431685.0632,289997.20000000135,2561.9999999999986
177431687.0632,289997.20000000135,2561.9999999999986
177431689.0632,289997.20000000135,2561.9999999999986
177431691.0632,289997.20000000135,2561.9999999999986
177431693.0632,289997.20000000135,2561.9999999999986
177431695.0632,289997.20000000135,2561.9999999999986
177431697.0632,289997.20000000135,2561.9999999999986
177431699.0632,289997.20000000135,2561.9999999999986
177431701.0632,289997.20000000135,2561.9999999999986
177431703.0632,289997.20000000135,2561.9999999999986
177431705.0632,289997.20000000135,2561.9999999999986
177431707.0632,289997.20000000135,2561.9999999999986
177431709.0632,289997.20000000135,2561.9999999999986
177431711.0632,289997.20000000135,2561.9999999999986
177431713.0632,289997.20000000135,2561.9999999999986
177431715.0632,289997.20000000135,2561.9999999999986
177431717.0632,289997.20000000135,2561.9999999999986
177431719.0632,289997.20000000135,2561.9999999999986
177431721.0632,289997.20000000135,2561.9999999999986
177431723.0632,289997.20000000135,2561.9999999999986
177431725.0632,289997.20000000135,2561.9999999999986
177431727.0632,289997.20000000135,2561.9999999999986
177431729.0632,289997.20000000135,2561.9999999999986
177431731.0632,289997.20000000135,2561.9999999999986
177431733.0632,289997.20000000135,2561.9999999999986
177431735.0632,289997.20000000135,2561.9999999999986
177431737.0632,289997.20000000135,2561.9999999999986
177431739.0632,289997.20000000135,2561.9999999999986
177431741.0632,289997.20000000135,2561.9999999999986
177431743.0632,289997.20000000135,2561.9999999999986
177431745.0632,289997.20000000135,2561.9999999999986
177431747.0632,289997.20000000135,2561.9999999999986
177431749.0632,289997.20000000135,2561.9999999999986
177431751.0632,289997.20000000135,2561.9999999999986
177431753.0632,289997.20000000135,2561.9999999999986
177431755.0632,289997.1000000014,2561.9999999999986
177431757.0632,289997.1000000014,2561.9999999999986
177431759.0632,289997.1000000014,2561.9999999999986
177431761.0632,289997.1000000014,2561.9999999999986
177431763.0632,289997.1000000014,2561.9999999999986
177431765.0632,289997.1000000014,2561.9999999999986
177431767.0632,289997.1000000014,2561.9999999999986
177431769.0632,289997.1000000014,2561.9999999999986
177431771.0632,289997.1000000014,2561.9999999999986
177431773.0632,289997.1000000014,2561.9999999999986
177431775.0632,289997.1000000014,2561.9999999999986
177431777.0632,289997.1000000014,2561.9999999999986
177431779.0632,289997.1000000014,2561.9999999999986
177431781.0632,289997.1000000014,2561.9999999999986
177431783.0632,289997.20000000135,2561.9999999999986
177431785.0632,289997.1000000014,2561.9999999999986
177431787.0632,289997.1000000014,2561.9999999999986
177431789.0632,289997.1000000014,2561.9999999999986
177431791.0632,289997.1000000014,2561.9999999999986
177431793.0632,289997.1000000014,2561.9999999999986
177431795.0632,289997.1000000014,2561.9999999999986
177431797.0632,289997.1000000014,2561.9999999999986
177431799.0632,289997.1000000014,2561.9999999999986
177431801.0632,289997.1000000014,2561.9999999999986
177431803.0632,289997.1000000014,2561.9999999999986
177431805.0632,289997.1000000014,2561.9999999999986
177431807.0632,289997.1000000014,2561.9999999999986
177431809.0632,289997.1000000014,2561.9999999999986
177431811.0632,289997.1000000014,2561.9999999999986
177431813.0632,289997.1000000014,2561.9999999999986
177431815.0632,289997.1000000014,2561.9999999999986
177431817.0632,289997.1000000014,2561.9999999999986
177431819.0632,289997.1000000014,2561.9999999999986
177431821.0632,289997.1000000014,2561.9999999999986
177431823.0632,289997.1000000014,2561.9999999999986
177431825.0632,289997.1000000014,2561.9999999999986
177431827.0632,289997.1000000014,2561.9999999999986
177431829.0632,289997.1000000014,2561.9999999999986
177431831.0632,289997.1000000014,2561.9999999999986
177431833.0632,289997.1000000014,2561.9999999999986
177431835.0632,289997.1000000014,2561.9999999999986
177431837.0632,289997.1000000014,2561.9999999999986
177431839.0632,289997.1000000014,2561.9999999999986
177431841.0632,289997.1000000014,2561.9999999999986
177431843.0632,289997.1000000014,2561.9999999999986
177431845.0632,289997.1000000014,2561.9999999999986
177431847.0632,289997.1000000014,2561.9999999999986
177431849.0632,289997.1000000014,2561.9999999999986
177431851.0632,289997.1000000014,2561.9999999999986
177431853.0632,289997.1000000014,2561.9999999999986
177431855.0632,289997.1000000014,2561.9999999999986
177431857.0632,289997.1000000014,2561.9999999999986
177431859.0632,289997.1000000014,2561.9999999999986
177431861.0632,289997.1000000014,2561.9999999999986
177431863.0632,289997.1000000014,2561.9999999999986
177431865.0632,289997.1000000014,2561.9999999999986
177431867.0632,289997.1000000014,2561.9999999999986
177431869.0632,289997.1000000014,2561.9999999999986
177431871.0632,289997.1000000014,2561.9999999999986
177431873.0632,289997.1000000014,2561.9999999999986
177431875.0632,289997.1000000014,2561.9999999999986
177431877.0632,289997.1000000014,2561.9999999999986
177431879.0632,289997.1000000014,2561.9999999999986
177431881.0632,289997.1000000014,2561.9999999999986
177431883.0632,289997.1000000014,2561.9999999999986
177431885.0632,289997.1000000014,2561.9999999999986
177431887.0632,289997.1000000014,2561.9999999999986
177431889.0632,289997.1000000014,2561.9999999999986
177431891.0632,289997.1000000014,2561.9999999999986
177431893.0632,289997.0000000014,2561.9999999999986
177431895.0632,289997.0000000014,2561.9999999999986
177431897.0632,289997.0000000014,2561.9999999999986
177431899.0632,289997.0000000014,2561.9999999999986
177431901.0632,289997.0000000014,2561.9999999999986
177431903.0632,289997.0000000014,2561.9999999999986
177431905.0632,289997.0000000014,2561.9999999999986
177431907.0632,289997.0000000014,2561.9999999999986
177431909.0632,289997.0000000014,2561.9999999999986
177431911.0632,289997.0000000014,2561.9999999999986
177431913.0632,289997.0000000014,2561.9999999999986
177431915.0632,289997.0000000014,2561.9999999999986
177431917.0632,289997.0000000014,2561.9999999999986
177431919.0632,289997.0000000014,2561.9999999999986
177431921.0632,289997.0000000014,2561.9999999999986
177431923.0632,289997.0000000014,2561.9999999999986
177431925.0632,289997.1000000014,2561.9999999999986
177431927.0632,289997.1000000014,2561.9999999999986
177431929.0632,289997.1000000014,2561.9999999999986
177431931.0632,289997.1000000014,2561.9999999999986
177431933.0632,289997.1000000014,2561.9999999999986
177431935.0632,289997.1000000014,2561.9999999999986
177431937.0632,289997.1000000014,2561.9999999999986
177431939.0632,289997.1000000014,2561.9999999999986
177431941.0632,289997.1000000014,2561.9999999999986
177431943.0632,289997.1000000014,2561.9999999999986
177431945.0632,289997.1000000014,2561.9999999999986
177431947.0632,289997.1000000014,2561.9999999999986
177431949.0632,289997.1000000014,2561.9999999999986
177431951.0632,289997.1000000014,2561.9999999999986
177431953.0632,289997.0000000014,2561.9999999999986
177431955.0632,289997.0000000014,2561.9999999999986
177431957.0632,289997.0000000014,2561.9999999999986
177431959.0632,289997.0000000014,2561.9999999999986
177431961.0632,289997.0000000014,2561.9999999999986
177431963.0632,289997.0000000014,2561.9999999999986
177431965.0632,289997.0000000014,2561.9999999999986
177431967.0632,289997.0000000014,2561.9999999999986
177431969.0632,289997.0000000014,2561.9999999999986
177431971.0632,289997.0000000014,2561.9999999999986
177431973.0632,289997.0000000014,2561.9999999999986
177431975.0632,289997.0000000014,2561.9999999999986
177431977.0632,289997.0000000014,2561.9999999999986
177431979.0632,289997.0000000014,2561.9999999999986
177431981.0632,289997.0000000014,2561.9999999999986
177431983.0632,289997.0000000014,2561.9999999999986
177431985.0632,289997.0000000014,2561.9999999999986
177431987.0632,289997.0000000014,2561.9999999999986
177431989.0632,289997.0000000014,2561.9999999999986
177431991.0632,289997.0000000014,2561.9999999999986
177431993.0632,289997.0000000014,2561.9999999999986
177431995.0632,289997.0000000014,2561.9999999999986
177431997.0632,289997.0000000014,2561.9999999999986
177431999.0632,289997.0000000014,2561.9999999999986
177432001.0632,289997.0000000014,2561.9999999999986
177432003.0632,289997.0000000014,2561.9999999999986
177432005.0632,289997.0000000014,2561.9999999999986
177432007.0632,289997.0000000014,2561.9999999999986
177432009.0632,289997.0000000014,2561.9999999999986
177432011.0632,289997.0000000014,2561.9999999999986
177432013.0632,289997.0000000014,2561.9999999999986
177432015.0632,289997.0000000014,2561.9999999999986
177432017.0632,289997.0000000014,2561.9999999999986
177432019.0632,289997.0000000014,2561.9999999999986
177432021.0632,289997.0000000014,2561.9999999999986
177432023.0632,289997.0000000014,2561.9999999999986
177432025.0632,289997.0000000014,2561.9999999999986
177432027.0632,289997.0000000014,2561.9999999999986
177432029.0632,289997.0000000014,2561.9999999999986
177432031.0632,289997.0000000014,2561.9999999999986
177432033.0632,289997.0000000014,2561.9999999999986
177432035.0632,289997.0000000014,2561.9999999999986
177432037.0632,289997.0000000014,2561.9999999999986
177432039.0632,289997.0000000014,2561.9999999999986
177432041.0632,289997.0000000014,2561.9999999999986
177432043.0632,289997.0000000014,2561.9999999999986
177432045.0632,289997.0000000014,2561.9999999999986
177432047.0632,289997.0000000014,2561.9999999999986
177432049.0632,289997.0000000014,2561.9999999999986
177432051.0632,289997.0000000014,2561.9999999999986
177432053.0632,289997.0000000014,2561.9999999999986
177432055.0632,289997.0000000014,2562.0999999999985
177432057.0632,289997.0000000014,2562.0999999999985
177432059.0632,289997.0000000014,2562.0999999999985
177432061.0632,289997.0000000014,2562.0999999999985
177432063.0632,289997.0000000014,2561.9999999999986
177432065.0632,289997.0000000014,2561.9999999999986
177432067.0632,289997.0000000014,2561.9999999999986
177432069.0632,289997.0000000014,2561.9999999999986
177432071.0632,289997.0000000014,2561.9999999999986
177432073.0632,289997.0000000014,2561.9999999999986
177432075.0632,289997.0000000014,2561.9999999999986
177432077.0632,289997.0000000014,2561.9999999999986
177432079.0632,289996.9000000014,2561.9999999999986
177432081.0632,289996.9000000014,2561.9999999999986
177432083.0632,289996.9000000014,2561.9999999999986
177432085.0632,289996.9000000014,2561.9999999999986
177432087.0632,289996.9000000014,2561.9999999999986
177432089.0632,289996.9000000014,2561.9999999999986
177432091.0632,289996.9000000014,2561.9999999999986
177432093.0632,289996.9000000014,2561.9999999999986
177432095.0632,289996.9000000014,2561.9999999999986
177432097.0632,289996.9000000014,2561.9999999999986
177432099.0632,289996.9000000014,2561.9999999999986
177432101.0632,289996.9000000014,2561.9999999999986
177432103.0632,289996.9000000014,2561.9999999999986
177432105.0632,289997.0000000014,2561.9999999999986
177432107.0632,289997.0000000014,2561.9999999999986
177432109.0632,289997.0000000014,2561.9999999999986
177432111.0632,289997.0000000014,2561.9999999999986
177432113.0632,289997.0000000014,2561.9999999999986
177432115.0632,289997.0000000014,2561.9999999999986
177432117.0632,289997.0000000014,2561.9999999999986
177432119.0632,289997.0000000014,2561.9999999999986
177432121.0632,289997.0000000014,2561.9999999999986
177432123.0632,289997.0000000014,2561.9999999999986
177432125.0632,289997.0000000014,2561.9999999999986
177432127.0632,289997.0000000014,2561.9999999999986
177432129.0632,289997.0000000014,2561.9999999999986
177432131.0632,289997.0000000014,2561.9999999999986
177432133.0632,289997.0000000014,2561.9999999999986
177432135.0632,289997.0000000014,2561.9999999999986
177432137.0632,289997.0000000014,2561.9999999999986
177432139.0632,289997.0000000014,2561.9999999999986
177432141.0632,289997.0000000014,2561.9999999999986
177432143.0632,289997.0000000014,2561.9999999999986
177432145.0632,289997.0000000014,2561.9999999999986
177432147.0632,289997.0000000014,2561.9999999999986
177432149.0632,289997.0000000014,2561.9999999999986
177432151.0632,289997.0000000014,2561.9999999999986
177432153.0632,289997.0000000014,2561.9999999999986
177432155.0632,289997.0000000014,2561.9999999999986
177432157.0632,289997.0000000014,2561.9999999999986
177432159.0632,289997.0000000014,2561.9999999999986
177432161.0632,289997.0000000014,2561.9999999999986
177432163.0632,289997.0000000014,2561.9999999999986
177432165.0632,289997.0000000014,2561.9999999999986
177432167.0632,289997.0000000014,16933.8
177432169.0632,289997.0000000014,16933.8
177432171.0632,289997.0000000014,16933.8
177432173.0632,289997.0000000014,16933.8
177432175.0632,289997.0000000014,16933.8
177432177.0632,289997.0000000014,16933.8
177432179.0632,289997.0000000014,16933.8
177432181.0632,289997.0000000014,16933.8
177432183.0632,289997.0000000014,16933.8
177432185.0632,289997.0000000014,16933.8
177432187.0632,289997.0000000014,16933.8
177432189.0632,289997.0000000014,16933.8
177432191.0632,289997.0000000014,16933.8
177432193.0632,289997.0000000014,16933.8
177432195.0632,289997.0000000014,16933.8
177432197.0632,289997.0000000014,16933.8
177432199.0632,289997.0000000014,16933.8
177432201.0632,289997.0000000014,16933.8
177432203.0632,289997.0000000014,16933.8
177432205.0632,289997.0000000014,16933.8
177432207.0632,289997.0000000014,16933.8
177432209.0632,289997.0000000014,16933.8
177432211.0632,289997.0000000014,16933.8
177432213.0632,289997.0000000014,16933.8
177432215.0632,289997.0000000014,16933.8
177432217.0632,289997.0000000014,16933.8
177432219.0632,289997.0000000014,2562.0
177432221.0632,289997.0000000014,2562.0
177432223.0632,289996.9000000014,2562.0
177432225.0632,289996.9000000014,2562.0
177432227.0632,289996.9000000014,2562.0
177432229.0632,289996.9000000014,2562.0
177432231.0632,289996.9000000014,2562.0
177432233.0632,289996.9000000014,2562.0
177432235.0632,289996.9000000014,2562.0
177432237.0632,289996.80000000144,2562.0
177432239.0632,289996.80000000144,2562.0
177432241.0632,289996.9000000014,2562.0
177432243.0632,289996.9000000014,2562.0
177432245.0632,289996.9000000014,2562.0
177432247.0632,289996.9000000014,2562.0
177432249.0632,289996.9000000014,2562.0
177432251.0632,289996.9000000014,2562.0
177432253.0632,289996.9000000014,2562.0
177432255.0632,289996.9000000014,2562.0
177432257.0632,289996.9000000014,2562.0
177432259.0632,289996.9000000014,2562.0
177432261.0632,289997.0000000014,2562.0
177432263.0632,289997.0000000014,2562.0
177432265.0632,289997.0000000014,2562.0
177432267.0632,289997.0000000014,2562.0
177432269.0632,289997.0000000014,2562.0
177432271.0632,289997.0000000014,2562.0
177432273.0632,289997.0000000014,2562.0
177432275.0632,289997.0000000014,2562.0
177432277.0632,289997.0000000014,2562.0
177432279.0632,289997.0000000014,2562.0
177432281.0632,289997.0000000014,2562.0
177432283.0632,289997.0000000014,2562.0
177432285.0632,289997.0000000014,2562.0
177432287.0632,289997.0000000014,2562.0
177432289.0632,289997.0000000014,2562.0
177432291.0632,289997.0000000014,2562.0
177432293.0632,289997.0000000014,2562.0
177432295.0632,289997.0000000014,2562.0
177432297.0632,289997.0000000014,2562.0
177432299.0632,289997.0000000014,2562.0
177432301.0632,289997.0000000014,2562.0
177432303.0632,289997.0000000014,2562.0
177432305.0632,289997.0000000014,2562.0
177432307.0632,289997.0000000014,2562.0
177432309.0632,289997.0000000014,2562.0
177432311.0632,289997.0000000014,2562.0
177432313.0632,289997.0000000014,2562.0
177432315.0632,289997.0000000014,2562.0
177432317.0632,289997.0000000014,2562.0
177432319.0632,289997.0000000014,2562.0
177432321.0632,289997.0000000014,2562.0
177432323.0632,289997.0000000014,2562.0
177432325.0632,289997.0000000014,2562.0
177432327.0632,289997.0000000014,2562.0
177432329.0632,289996.9000000014,2562.0
177432331.0632,289996.9000000014,2562.0
177432333.0632,289997.0000000014,2562.0
177432335.0632,289997.0000000014,2562.0
177432337.0632,289997.0000000014,2562.0
177432339.0632,289997.0000000014,2562.0
177432341.0632,289997.0000000014,2562.0
177432343.0632,289996.9000000014,2562.0
177432345.0632,289997.0000000014,2562.0
177432347.0632,289996.9000000014,2562.0
177432349.0632,289996.9000000014,2562.0
177432351.0632,289996.9000000014,2562.0
177432353.0632,289996.9000000014,2562.0
177432355.0632,289996.9000000014,2562.0
177432357.0632,289996.9000000014,2562.0
177432359.0632,289996.9000000014,2562.0
177432361.0632,289996.9000000014,2562.0
177432363.0632,289996.9000000014,2562.0
177432365.0632,289996.9000000014,2562.0
177432367.0632,289996.9000000014,2562.0
177432369.0632,289996.9000000014,2562.0
177432371.0632,289996.9000000014,2562.0
177432373.0632,289996.9000000014,16933.7
177432375.0632,289997.0000000014,16933.7
177432377.0632,289997.0000000014,16933.7
177432379.0632,289997.0000000014,16933.7
177432381.0632,289997.0000000014,16933.7
177432383.0632,289997.0000000014,16933.7
177432385.0632,289997.0000000014,16933.7
177432387.0632,289997.0000000014,16933.7
177432389.0632,289997.0000000014,16933.7
177432391.0632,289997.0000000014,16933.7
177432393.0632,289997.0000000014,16933.7
177432395.0632,289997.0000000014,16933.7
177432397.0632,289997.0000000014,16933.7
177432399.0632,289997.0000000014,16933.7
177432401.0632,289997.0000000014,16933.7
177432403.0632,289997.0000000014,16933.7
177432405.0632,289997.0000000014,16933.7
177432407.0632,289997.0000000014,16933.7
177432409.0632,289997.1000000014,16933.7
177432411.0632,289997.1000000014,16933.7
177432413.0632,289997.1000000014,16933.7
177432415.0632,289997.1000000014,16933.7
177432417.0632,289997.1000000014,16933.7
177432419.0632,289997.1000000014,16933.7
177432421.0632,289997.1000000014,16933.7
177432423.0632,289997.1000000014,16933.7
177432425.0632,289997.1000000014,16933.7
177432427.0632,289997.1000000014,16933.7
177432429.0632,289997.1000000014,16933.7
177432431.0632,289997.1000000014,16933.7
177432433.0632,289997.1000000014,16933.7
177432435.0632,289997.1000000014,16933.7
177432437.0632,289997.1000000014,16933.7
177432439.0632,289997.1000000014,16933.7
177432441.0632,289997.1000000014,16933.7
177432443.0632,289997.1000000014,16933.7
177432445.0632,289997.1000000014,16933.7
177432447.0632,289997.1000000014,16933.7
177432449.0632,289997.1000000014,16933.7
177432451.0632,289997.1000000014,16933.7
177432453.0632,289997.1000000014,16933.7
177432455.0632,289997.1000000014,16933.7
177432457.0632,289997.1000000014,16933.7
177432459.0632,289997.1000000014,16933.7
177432461.0632,289997.1000000014,16933.7
177432463.0632,289997.1000000014,2562.0
177432465.0632,289997.1000000014,2562.0
177432467.0632,289997.1000000014,2562.0
177432469.0632,289997.1000000014,2562.0
177432471.0632,289997.1000000014,2562.0
177432473.0632,289997.1000000014,2562.0
177432475.0632,289997.1000000014,2562.0
177432477.0632,289997.1000000014,2562.0
177432479.0632,289997.1000000014,2562.0
177432481.0632,289997.1000000014,2562.0
177432483.0632,289997.1000000014,2562.0
177432485.0632,289997.1000000014,2562.0
177432487.0632,289997.1000000014,2562.0
177432489.0632,289997.1000000014,2562.0
177432491.0632,289997.1000000014,2562.1
177432493.0632,289997.1000000014,2562.1
177432495.0632,289997.1000000014,2562.1
177432497.0632,289997.1000000014,2562.1
177432499.0632,289997.1000000014,2562.0
177432501.0632,289997.1000000014,2562.0
177432503.0632,289997.1000000014,2562.0
177432505.0632,289997.1000000014,2562.0
177432507.0632,289997.1000000014,2562.0
177432509.0632,289997.1000000014,2562.0
177432511.0632,289997.1000000014,2562.0
177432513.0632,289997.1000000014,2562.0
177432515.0632,289997.1000000014,2562.0
177432517.0632,289997.1000000014,2562.0
177432519.0632,289997.1000000014,2562.0
177432521.0632,289997.1000000014,2562.0
177432523.0632,289997.1000000014,2562.0
177432525.0632,289997.1000000014,2562.0
177432527.0632,289997.0000000014,2562.0
177432529.0632,289997.0000000014,2562.0
177432531.0632,289997.0000000014,2562.0
177432533.0632,289997.0000000014,2562.0
177432535.0632,289996.9000000014,2562.0
177432537.0632,289996.9000000014,2562.0
177432539.0632,289997.0000000014,2562.0
177432541.0632,289997.0000000014,2562.1
177432543.0632,289997.0000000014,2562.1
177432545.0632,289997.0000000014,2562.1
177432547.0632,289997.0000000014,2562.1
177432549.0632,289997.0000000014,2562.1
177432551.0632,289997.1000000014,2562.1
177432553.0632,289997.1000000014,2562.1
177432555.0632,289997.1000000014,2562.1
177432557.0632,289997.1000000014,2562.1
177432559.0632,289997.1000000014,2562.1
177432561.0632,289997.1000000014,2562.1
177432563.0632,289997.1000000014,2562.1
177432565.0632,289997.1000000014,2562.1
177432567.0632,289997.1000000014,2562.1
177432569.0632,289997.1000000014,2562.1
177432571.0632,289997.1000000014,2562.1
177432573.0632,289997.1000000014,2562.2
177432575.0632,289996.90000000136,2562.2
177432577.0632,289996.90000000136,2562.2
177432579.0632,289996.90000000136,2562.2
177432581.0632,289996.90000000136,2562.2
177432583.0632,289996.90000000136,2562.2
177432585.0632,289996.90000000136,2562.2
177432587.0632,289996.90000000136,2562.2
177432589.0632,289996.90000000136,2562.2
177432591.0632,289996.90000000136,2562.2
177432593.0632,289997.00000000134,2562.2
177432595.0632,289997.00000000134,2562.2
177432597.0632,289997.00000000134,2562.2
177432599.0632,289997.00000000134,2562.2
177432601.0632,289997.00000000134,2562.2
177432603.0632,289997.00000000134,2562.2
177432605.0632,289997.00000000134,2562.2
177432607.0632,289997.00000000134,2562.2
177432609.0632,289997.00000000134,2562.2
177432611.0632,289997.00000000134,2562.2
177432613.0632,289997.1000000013,2562.2
177432615.0632,289997.1000000013,2562.2
177432617.1632,289997.1000000013,2562.2
177432619.0632,289997.1000000013,2562.2
177432621.0632,289997.1000000013,2562.2
177432623.0632,289997.1000000013,2562.2
177432625.0632,289997.1000000013,2562.2
177432627.0632,289997.1000000013,2562.2
177432629.0632,289997.1000000013,2562.2
177432631.0632,289997.1000000013,2562.2
177432633.0632,289997.1000000013,2562.2
177432635.0632,289997.1000000013,2562.2
177432637.0632,289997.1000000013,2562.2
177432639.0632,289997.1000000013,2562.2
177432641.0632,289997.1000000013,2562.2
177432643.0632,289997.1000000013,2562.2
177432645.0632,289997.1000000013,2562.2
177432647.0632,289997.1000000013,2562.2
177432649.0632,289997.1000000013,2562.2
177432651.0632,289997.1000000013,2562.2
177432653.0632,289997.1000000013,2562.2
177432655.0632,289997.1000000013,2562.2
177432657.0632,289997.1000000013,2562.2
177432659.0632,289997.1000000013,2562.2
177432661.0632,289997.00000000134,2562.2
177432663.0632,289997.00000000134,2562.2
177432665.0632,289997.00000000134,2562.2
177432667.0632,289997.00000000134,2562.2
177432669.0632,289997.00000000134,2562.2
177432671.0632,289997.00000000134,2562.2
177432673.0632,289997.00000000134,2562.2
177432675.0632,289997.00000000134,2562.2
177432677.0632,289997.00000000134,2562.2
177432679.0632,289997.00000000134,2562.2
177432681.0632,289997.00000000134,2562.2
177432683.0632,289997.00000000134,2562.2
177432685.0632,289997.00000000134,2562.2
177432687.0632,289997.00000000134,2562.2
177432689.0632,289997.00000000134,2562.2
177432691.0632,289997.00000000134,2562.2
177432693.0632,289997.00000000134,2562.2
177432695.0632,289997.00000000134,2562.2
177432697.0632,289997.00000000134,2562.2
177432699.0632,289997.00000000134,2562.2
177432701.0632,289997.00000000134,2562.2
177432703.0632,289997.00000000134,2562.2
177432705.0632,289997.00000000134,2562.2
177432707.0632,289997.00000000134,2562.2
177432709.0632,289997.00000000134,2562.2
177432711.0632,289997.00000000134,2562.2
177432713.0632,289997.00000000134,2562.2
177432715.0632,289997.00000000134,2562.2
177432717.0632,289997.00000000134,2562.2
177432719.0632,289997.00000000134,2562.2
177432721.0632,289997.00000000134,2562.2
177432723.0632,289997.00000000134,2562.2
177432725.0632,289997.00000000134,2562.2
177432727.0632,289997.00000000134,2562.2
177432729.0632,289997.00000000134,2562.2
177432731.0632,289997.00000000134,2562.2
177432733.0632,289997.00000000134,2562.2
177432735.0632,289997.00000000134,2562.1
177432737.0632,289997.00000000134,2562.1
177432739.0632,289997.00000000134,2562.1
177432741.0632,289997.00000000134,2562.1
177432743.0632,289997.00000000134,2562.1
177432745.0632,289997.00000000134,2562.1
177432747.0632,289997.00000000134,2562.1
177432749.0632,289997.00000000134,2562.2
177432751.0632,289997.00000000134,2562.2
177432753.0632,289997.00000000134,2562.2
177432755.0632,289997.00000000134,2562.2
177432757.0632,289997.00000000134,2562.2
177432759.0632,289997.00000000134,2562.2
177432761.0632,289997.00000000134,2562.2
177432763.0632,289997.00000000134,2562.2
177432765.0632,289997.00000000134,2562.2
177432767.0632,289997.00000000134,2562.2
177432769.0632,289997.00000000134,2562.2
177432771.0632,289997.00000000134,2562.2
177432773.0632,289997.00000000134,2562.2
177432775.0632,289997.00000000134,2562.2
177432777.0632,289997.00000000134,2562.2
177432779.0632,289997.00000000134,2562.2
177432781.0632,289997.00000000134,2562.2
177432783.0632,289997.00000000134,2562.2
177432785.0632,289997.00000000134,2562.2
177432787.0632,289997.00000000134,2562.2
177432789.0632,289997.00000000134,2562.2
177432791.0632,289997.00000000134,2562.2
177432793.0632,289997.00000000134,2562.2
177432795.0632,289997.00000000134,2562.2
177432797.0632,289997.00000000134,2562.2
177432799.0632,289997.00000000134,2562.2
177432801.0632,289997.00000000134,2562.2
177432803.0632,289997.00000000134,2562.2
177432805.0632,289997.00000000134,2562.2
177432807.0632,289997.00000000134,2562.2
177432809.0632,289997.00000000134,2562.2
177432811.0632,289997.00000000134,2562.2
177432813.0632,289997.00000000134,2562.2
177432815.0632,289997.00000000134,2562.2
177432817.0632,289997.00000000134,2562.2
177432819.0632,289997.00000000134,2562.2
177432821.0632,289997.00000000134,2562.2
177432823.0632,289997.00000000134,2562.2
177432825.0632,289997.00000000134,2562.2
177432827.0632,289997.00000000134,2562.2
177432829.0632,289997.00000000134,2562.2
177432831.0632,289997.00000000134,2562.2
177432833.0632,289997.1000000013,2562.2
177432835.0632,289997.1000000013,2562.2
177432837.0632,289997.1000000013,2562.2
177432839.0632,289997.1000000013,2562.2
177432841.0632,289997.1000000013,2562.2
177432843.0632,289997.1000000013,2562.2
177432845.0632,289997.1000000013,2562.2
177432847.0632,289997.1000000013,2562.2
177432849.0632,289997.1000000013,2562.2
177432851.0632,289997.1000000013,2562.2
177432853.0632,289997.1000000013,2562.2
177432855.0632,289997.1000000013,2562.2
177432857.0632,289997.1000000013,2562.2
177432859.0632,289997.1000000013,2562.2
177432861.0632,289997.1000000013,2562.2
177432863.0632,289997.1000000013,2562.2
177432865.0632,289997.1000000013,2562.2
177432867.0632,289997.1000000013,2562.2
177432869.0632,289997.1000000013,2562.2
177432871.0632,289997.1000000013,2562.2
177432873.0632,289997.1000000013,2562.2
177432875.0632,289997.1000000013,2562.2
177432877.0632,289997.1000000013,2562.2
177432879.0632,289997.1000000013,2562.2
177432881.0632,289997.2000000013,2562.2999999999997
177432883.0632,289997.2000000013,2562.2999999999997
177432885.0632,289997.2000000013,2562.2999999999997
177432887.0632,289997.2000000013,2562.2999999999997
177432889.0632,289997.2000000013,2562.2999999999997
177432891.0632,289997.2000000013,2562.2999999999997
177432893.0632,289997.2000000013,2562.2999999999997
177432895.0632,289997.2000000013,2562.2999999999997
177432897.0632,289997.2000000013,2562.2999999999997
177432899.0632,289997.2000000013,2562.2999999999997
177432901.0632,289997.2000000013,2562.2999999999997
177432903.0632,289997.2000000013,2562.2999999999997
177432905.0632,289997.2000000013,2562.2999999999997
177432907.0632,289997.2000000013,2562.2999999999997
177432909.0632,289997.2000000013,2562.2999999999997
177432911.0632,289997.2000000013,2562.2999999999997
177432913.0632,289997.2000000013,2562.2999999999997
177432915.0632,289997.2000000013,2562.2999999999997
177432917.0632,289997.2000000013,2562.2999999999997
177432919.0632,289997.1000000013,2562.2999999999997
177432921.0632,289997.1000000013,2562.2999999999997
177432923.0632,289997.1000000013,2562.2999999999997
177432925.0632,289997.1000000013,2562.2999999999997
177432927.0632,289997.1000000013,2562.2999999999997
177432929.0632,289997.1000000013,2562.2999999999997
177432931.0632,289997.1000000013,2562.2999999999997
177432933.0632,289997.1000000013,2562.2999999999997
177432935.0632,289997.1000000013,2562.2999999999997
177432937.0632,289997.1000000013,2562.2999999999997
177432939.0632,289997.1000000013,2562.2999999999997
177432941.0632,289997.1000000013,2562.2999999999997
177432943.0632,289997.1000000013,2562.2999999999997
177432945.0632,289997.1000000013,2562.2
177432947.0632,289997.1000000013,2562.2
177432949.0632,289997.1000000013,2562.2
177432951.0632,289997.1000000013,2562.2
177432953.0632,289997.2000000013,2562.2
177432955.0632,289997.1000000013,2562.2
177432957.0632,289997.1000000013,2562.2
177432959.0632,289997.1000000013,2562.2
177432961.0632,289997.1000000013,2562.2
177432963.0632,289997.1000000013,2562.2
177432965.0632,289997.1000000013,2562.2
177432967.0632,289997.1000000013,2562.2
177432969.0632,289997.1000000013,2562.2
177432971.0632,289997.1000000013,2562.2
177432973.0632,289997.1000000013,2562.2
177432975.0632,289997.1000000013,2562.2
177432977.0632,289997.1000000013,2562.2
177432979.0632,289997.1000000013,2562.2
177432981.0632,289997.00000000134,2562.2
177432983.0632,289997.00000000134,2562.2
177432985.0632,289997.00000000134,2562.2
177432987.0632,289997.00000000134,2562.2
177432989.0632,289997.00000000134,2562.2
177432991.0632,289997.00000000134,2562.2
177432993.0632,289997.00000000134,2562.2
177432995.0632,289997.00000000134,2562.2
177432997.0632,289997.00000000134,2562.2
177432999.0632,289997.1000000013,2562.2
177433001.0632,289997.1000000013,2562.2
177433003.0632,289997.1000000013,2562.2
177433005.0632,289997.1000000013,2562.2
177433007.0632,289997.1000000013,2562.2
177433009.0632,289997.1000000013,2562.2
177433011.0632,289997.1000000013,2562.2
177433013.0632,289997.1000000013,2562.2
177433015.0632,289997.1000000013,2562.2
177433017.0632,289997.1000000013,2562.2
177433019.0632,289997.1000000013,2562.2
177433021.0632,289997.1000000013,2562.2
177433023.0632,289997.1000000013,2562.2
177433025.0632,289997.1000000013,2562.2
177433027.0632,289997.1000000013,2562.2
177433029.0632,289997.1000000013,2562.2
177433031.0632,289997.2000000013,2562.2
177433033.0632,289997.2000000013,2562.2
177433035.0632,289997.2000000013,2562.2
177433037.0632,289997.2000000013,2562.1
177433039.0632,289997.2000000013,2562.2
177433041.0632,289997.2000000013,2562.2
177433043.0632,289997.2000000013,2562.2
177433045.0632,289997.2000000013,2562.2
177433047.0632,289997.2000000013,2562.2
177433049.0632,289997.2000000013,2562.2
177433051.0632,289997.2000000013,2562.2
177433053.0632,289997.2000000013,2562.2
177433055.0632,289997.2000000013,2562.2
177433057.0632,289997.2000000013,2562.2
177433059.0632,289997.2000000013,2562.2
177433061.0632,289997.2000000013,2562.2
177433063.0632,289997.2000000013,2562.2
177433065.0632,289997.2000000013,2562.2
177433067.0632,289997.2000000013,2562.2
177433069.0632,289997.2000000013,2562.2
177433071.0632,289997.2000000013,2562.2
177433073.0632,289997.2000000013,2562.2
177433075.0632,289997.2000000013,2562.2
177433077.0632,289997.2000000013,2562.2
177433079.0632,289997.2000000013,2562.2
177433081.0632,289997.2000000013,2562.2
177433083.0632,289997.2000000013,2562.2
177433085.0632,289997.2000000013,2562.2
177433087.0632,289997.2000000013,2562.2
177433089.0632,289997.2000000013,2562.2
177433091.0632,289997.2000000013,2562.2
177433093.0632,289997.2000000013,2562.2
177433095.0632,289997.2000000013,2562.2
177433097.0632,289997.2000000013,2562.2
177433099.0632,289997.2000000013,2562.2
177433101.0632,289997.1000000013,2562.2
177433103.0632,289997.1000000013,2562.2
177433105.0632,289997.1000000013,2562.2
177433107.0632,289997.1000000013,2562.2
177433109.0632,289997.1000000013,2562.2
177433111.0632,289997.1000000013,2562.2
177433113.0632,289997.1000000013,2562.2
177433115.0632,289997.1000000013,2562.2
177433117.0632,289997.1000000013,2562.2
177433119.0632,289997.1000000013,2562.2
177433121.0632,289997.1000000013,2562.2
177433123.0632,289997.1000000013,2562.2
177433125.0632,289997.1000000013,2562.2
177433127.0632,289997.1000000013,2562.2
177433129.0632,289997.1000000013,2562.2
177433131.0632,289997.1000000013,2562.2
177433133.0632,289997.1000000013,2562.2
177433135.0632,289997.1000000013,2562.2
177433137.0632,289997.1000000013,2562.2
177433139.0632,289997.2000000013,2562.2999999999997
177433141.0632,289997.2000000013,2562.2999999999997
177433143.0632,289997.2000000013,2562.2999999999997
177433145.0632,289997.2000000013,2562.2999999999997
177433147.0632,289997.2000000013,2562.2999999999997
177433149.0632,289997.2000000013,2562.2999999999997
177433151.0632,289997.2000000013,2562.2999999999997
177433153.0632,289997.2000000013,2562.2999999999997
177433155.0632,289997.2000000013,2562.2999999999997
177433157.0632,289997.2000000013,2562.2999999999997
177433159.0632,289997.2000000013,2562.2999999999997
177433161.0632,289997.2000000013,2562.2999999999997
177433163.0632,289997.2000000013,2562.2999999999997
177433165.0632,289997.1000000013,2562.2999999999997
177433167.0632,289997.1000000013,2562.2999999999997
177433169.0632,289997.1000000013,2562.2999999999997
177433171.0632,289997.1000000013,2562.2999999999997
177433173.0632,289997.1000000013,2562.2999999999997
177433175.0632,289997.1000000013,2562.2999999999997
177433177.0632,289997.00000000134,2562.2999999999997
177433179.0632,289997.00000000134,2562.2999999999997
177433181.0632,289997.00000000134,2562.2999999999997
177433183.0632,289997.00000000134,2562.2999999999997
177433185.0632,289997.00000000134,2562.2999999999997
177433187.0632,289997.00000000134,2562.2999999999997
177433189.0632,289997.00000000134,2562.2999999999997
177433191.0632,289997.1000000013,2562.2999999999997
177433193.0632,289997.1000000013,2562.2999999999997
177433195.0632,289997.1000000013,2562.2999999999997
177433197.0632,289997.1000000013,2562.2999999999997
177433199.0632,289997.1000000013,2562.2999999999997
177433201.0632,289997.1000000013,2562.2999999999997
177433203.0632,289997.1000000013,2562.2999999999997
177433205.0632,289997.1000000013,2562.2999999999997
177433207.0632,289997.1000000013,2562.2999999999997
177433209.0632,289997.1000000013,2562.2999999999997
177433211.0632,289997.1000000013,2562.2999999999997
177433213.0632,289997.1000000013,2562.2999999999997
177433215.0632,289997.1000000013,2562.2999999999997
177433217.0632,289997.1000000013,2562.2999999999997
177433219.0632,289997.1000000013,2562.2999999999997
177433221.0632,289997.1000000013,2562.2999999999997
177433223.0632,289997.1000000013,2562.2999999999997
177433225.0632,289997.1000000013,2562.2999999999997
177433227.0632,289997.1000000013,2562.2999999999997
177433229.0632,289997.1000000013,2562.2999999999997
177433231.0632,289997.1000000013,2562.2999999999997
177433233.0632,289997.1000000013,2562.2999999999997
177433235.0632,289997.1000000013,2562.2999999999997
177433237.0632,289997.1000000013,2562.2999999999997
177433239.0632,289997.1000000013,2562.2999999999997
177433241.0632,289997.1000000013,2562.2999999999997
177433243.0632,289997.1000000013,2562.2999999999997
177433245.0632,289997.1000000013,2562.2999999999997
177433247.0632,289997.1000000013,2562.2999999999997
177433249.0632,289997.1000000013,100000.0
177433251.0632,289997.1000000013,100000.0
177433253.0632,289997.1000000013,100000.0
177433255.0632,289997.1000000013,100000.0
177433257.0632,289997.1000000013,100000.0
177433259.0632,289997.1000000013,100000.0
177433261.0632,289997.1000000013,100000.0
177433263.0632,289997.1000000013,100000.0
177433265.0632,289997.1000000013,100000.0
177433267.0632,289997.1000000013,100000.0
177433269.0632,289997.1000000013,100000.0
177433271.0632,289997.1000000013,100000.0
177433273.0632,289997.1000000013,100000.0
177433275.0632,289997.1000000013,109499.9
177433277.0632,289997.1000000013,109499.9
177433279.0632,289997.1000000013,109499.9
177433281.0632,289997.1000000013,109499.9
177433283.0632,289997.1000000013,109499.9
177433285.0632,289997.2000000013,109499.9
177433287.0632,289997.2000000013,109499.9
177433289.0632,289997.2000000013,109499.9
177433291.0632,289997.2000000013,109499.9
177433293.0632,289997.2000000013,109499.9
177433295.1632,289997.2000000013,109499.9
177433297.0632,289997.2000000013,109499.9
177433299.0632,289997.2000000013,109499.9
177433301.0632,289997.2000000013,109499.9
177433303.0632,289997.2000000013,109499.9
177433305.0632,289997.2000000013,109499.9
177433307.0632,289997.2000000013,109499.9
177433309.0632,289997.2000000013,109499.9
177433311.0632,289997.2000000013,109499.9
177433313.0632,289997.2000000013,109499.9
177433315.0632,289997.2000000013,109499.9
177433317.0632,289997.2000000013,109499.9
177433319.0632,289997.2000000013,109499.9
177433321.0632,289997.2000000013,109499.9
177433323.0632,289997.2000000013,109499.9
177433325.0632,289997.2000000013,109499.9
177433327.0632,289997.2000000013,109499.9
177433329.0632,289997.2000000013,109499.9
177433331.0632,289997.2000000013,109499.9
177433333.0632,289997.1000000013,109499.9
177433335.0632,289997.2000000013,109499.9
177433337.0632,289997.2000000013,109499.9
177433339.0632,289997.2000000013,109499.9
177433341.0632,289997.2000000013,109499.9
177433343.0632,289997.2000000013,109499.9
177433345.0632,289997.2000000013,109499.9
177433347.0632,289997.2000000013,109499.9
177433349.0632,289997.2000000013,109499.9
177433351.0632,289997.2000000013,109499.9
177433353.0632,289997.2000000013,109499.9
177433355.0632,289997.2000000013,100000.0
177433357.0632,289997.2000000013,100000.0
177433359.0632,289997.2000000013,100000.0
177433361.0632,289997.2000000013,100000.0
177433363.0632,289997.2000000013,100000.0
177433365.0632,289997.2000000013,100000.0
177433367.0632,289997.2000000013,2562.199999999997
177433369.0632,289997.2000000013,2562.199999999997
177433371.0632,289997.2000000013,2562.199999999997
177433373.0632,289997.2000000013,2562.299999999997
177433375.0632,289997.2000000013,2562.299999999997
177433377.0632,289997.2000000013,2562.299999999997
177433379.0632,289997.2000000013,2562.299999999997
177433381.0632,289997.2000000013,2562.299999999997
177433383.0632,289997.1000000013,2562.299999999997
177433385.0632,289997.1000000013,2562.299999999997
177433387.0632,289997.1000000013,2562.299999999997
177433389.0632,289997.1000000013,2562.299999999997
177433391.0632,289997.1000000013,2562.299999999997
177433393.0632,289997.1000000013,2562.299999999997
177433395.0632,289997.1000000013,2562.299999999997
177433397.0632,289997.1000000013,2562.299999999997
177433399.0632,289997.1000000013,2562.299999999997
177433401.0632,289997.1000000013,2562.299999999997
177433403.0632,289997.1000000013,2562.299999999997
177433405.0632,289997.1000000013,2562.299999999997
177433407.0632,289997.1000000013,2562.299999999997
177433409.0632,289997.1000000013,2562.299999999997
177433411.0632,289997.1000000013,2562.299999999997
177433413.0632,289997.1000000013,2562.299999999997
177433415.0632,289997.1000000013,2562.299999999997
177433417.0632,289997.1000000013,2562.299999999997
177433419.0632,289997.1000000013,2562.299999999997
177433421.0632,289997.1000000013,2562.299999999997
177433423.0632,289997.1000000013,2562.299999999997
177433425.0632,289997.1000000013,2562.299999999997
177433427.0632,289997.1000000013,2562.299999999997
177433429.0632,289997.1000000013,2562.299999999997
177433431.0632,289997.1000000013,2562.299999999997
177433433.0632,289997.1000000013,2562.299999999997
177433435.0632,289997.1000000013,2562.299999999997
177433437.0632,289997.1000000013,2562.299999999997
177433439.0632,289997.00000000134,2562.199999999997
177433441.0632,289997.00000000134,2562.199999999997
177433443.0632,289997.00000000134,2562.199999999997
177433445.0632,289997.00000000134,2562.199999999997
177433447.0632,289997.00000000134,2562.199999999997
177433449.0632,289997.00000000134,2562.199999999997
177433451.0632,289997.00000000134,2562.199999999997
177433453.0632,289996.90000000136,2562.199999999997
177433455.0632,289996.90000000136,2562.199999999997
177433457.0632,289996.90000000136,2562.199999999997
177433459.0632,289996.90000000136,2562.199999999997
177433461.0632,289996.90000000136,2562.199999999997
177433463.0632,289996.90000000136,2562.199999999997
177433465.0632,289996.90000000136,2562.199999999997
177433467.0632,289996.90000000136,2562.199999999997
177433469.0632,289996.90000000136,2562.199999999997
177433471.0632,289996.90000000136,2562.199999999997
177433473.0632,289996.90000000136,2562.199999999997
177433475.0632,289996.90000000136,2562.199999999997
177433477.0632,289996.90000000136,2562.199999999997
177433479.0632,289996.90000000136,2562.199999999997
177433481.0632,289996.90000000136,2562.199999999997
177433483.0632,289996.90000000136,2562.199999999997
177433485.0632,289996.90000000136,2562.199999999997
177433487.0632,289996.90000000136,2562.199999999997
177433489.0632,289996.90000000136,2562.199999999997
177433491.0632,289996.90000000136,2562.199999999997
177433493.0632,289996.90000000136,2562.199999999997
177433495.0632,289996.90000000136,2562.199999999997
177433497.0632,289996.90000000136,2562.199999999997
177433499.0632,289996.90000000136,2562.199999999997
177433501.0632,289996.90000000136,2562.199999999997
177433503.0632,289996.90000000136,2562.199999999997
177433505.0632,289996.90000000136,2562.199999999997
177433507.0632,289996.90000000136,2562.199999999997
177433509.0632,289996.90000000136,2562.199999999997
177433511.0632,289996.90000000136,2562.199999999997
177433513.0632,289996.90000000136,2562.199999999997
177433515.0632,289996.90000000136,2562.199999999997
177433517.0632,289996.90000000136,2562.199999999997
177433519.0632,289996.90000000136,2562.199999999997
177433521.0632,289996.90000000136,2562.199999999997
177433523.0632,289996.90000000136,2562.199999999997
177433525.0632,289996.90000000136,2562.199999999997
177433527.0632,289996.90000000136,2562.199999999997
177433529.0632,289996.90000000136,2562.199999999997
177433531.0632,289996.90000000136,2562.199999999997
177433533.0632,289996.90000000136,2562.199999999997
177433535.0632,289996.90000000136,2562.199999999997
177433537.0632,289996.90000000136,2562.199999999997
177433539.0632,289996.90000000136,2562.199999999997
177433541.0632,289996.90000000136,2562.199999999997
177433543.0632,289996.90000000136,2562.199999999997
177433545.0632,289996.90000000136,2562.199999999997
177433547.0632,289996.90000000136,2562.199999999997
177433549.0632,289996.90000000136,2562.199999999997
177433551.0632,289996.90000000136,2562.199999999997
177433553.0632,289996.90000000136,2562.199999999997
177433555.0632,289996.90000000136,2562.199999999997
177433557.0632,289996.90000000136,2562.199999999997
177433559.0632,289996.90000000136,2562.199999999997
177433561.0632,289996.90000000136,2562.199999999997
177433563.0632,289996.90000000136,2562.199999999997
177433565.0632,289996.90000000136,2562.199999999997
177433567.0632,289996.90000000136,2562.199999999997
177433569.0632,289996.90000000136,2562.199999999997
177433571.0632,289996.90000000136,2562.199999999997
177433573.0632,289996.90000000136,2562.199999999997
177433575.0632,289996.90000000136,2562.199999999997
177433577.0632,289996.90000000136,2562.199999999997
177433579.0632,289996.90000000136,2562.199999999997
177433581.0632,289996.90000000136,2562.199999999997
177433583.0632,289996.90000000136,2562.199999999997
177433585.0632,289996.90000000136,2562.199999999997
177433587.0632,289996.90000000136,2562.199999999997
177433589.0632,289996.90000000136,2562.199999999997
177433591.0632,289996.90000000136,2562.199999999997
177433593.0632,289996.90000000136,2562.199999999997
177433595.0632,289996.90000000136,2562.199999999997
177433597.0632,289996.90000000136,2562.199999999997
177433599.0632,289996.90000000136,2562.199999999997
177433601.0632,289996.90000000136,2562.199999999997
177433603.0632,289996.90000000136,2562.199999999997
177433605.0632,289996.90000000136,2562.199999999997
177433607.0632,289996.90000000136,2562.199999999997
177433609.0632,289996.90000000136,2562.199999999997
177433611.0632,289996.90000000136,2562.199999999997
177433613.0632,289996.90000000136,2562.199999999997
177433615.0632,289996.90000000136,2562.199999999997
177433617.0632,289996.90000000136,2562.199999999997
177433619.0632,289996.90000000136,2562.199999999997
177433621.0632,289996.90000000136,2562.199999999997
177433623.0632,289996.90000000136,2562.199999999997
177433625.0632,289996.90000000136,2562.199999999997
177433627.0632,289996.90000000136,2562.199999999997
177433629.0632,289996.90000000136,2562.199999999997
177433631.0632,289996.90000000136,2562.199999999997
177433633.0632,289996.90000000136,2562.199999999997
177433635.0632,289996.90000000136,2562.199999999997
177433637.0632,289996.90000000136,2562.199999999997
177433639.0632,289996.90000000136,2562.199999999997
177433641.0632,289996.90000000136,2562.199999999997
177433643.0632,289996.90000000136,2562.199999999997
177433645.0632,289996.90000000136,2562.199999999997
177433647.0632,289996.90000000136,2562.199999999997
177433649.0632,289996.90000000136,2562.199999999997
177433651.0632,289996.90000000136,2562.199999999997
177433653.0632,289996.90000000136,2562.199999999997
177433655.0632,289996.90000000136,2562.199999999997
177433657.0632,289996.90000000136,2562.199999999997
177433659.0632,289996.90000000136,2562.199999999997
177433661.0632,289996.90000000136,2562.199999999997
177433663.0632,289996.90000000136,2562.199999999997
177433665.0632,289996.90000000136,2562.199999999997
177433667.0632,289996.90000000136,2562.199999999997
177433669.0632,289996.90000000136,2562.199999999997
177433671.0632,289996.90000000136,2562.199999999997
177433673.0632,289996.90000000136,2562.199999999997
177433675.0632,289996.90000000136,2562.199999999997
177433677.0632,289996.90000000136,2562.199999999997
177433679.0632,289996.90000000136,2562.199999999997
177433681.0632,289996.8000000014,2562.199999999997
177433683.0632,289996.8000000014,2562.199999999997
177433685.0632,289996.8000000014,2562.199999999997
177433687.0632,289996.8000000014,2562.199999999997
177433689.0632,289996.8000000014,2562.199999999997
177433691.0632,289996.8000000014,2562.199999999997
177433693.0632,289996.8000000014,2562.199999999997
177433695.0632,289996.8000000014,2562.199999999997
177433697.0632,289996.8000000014,2562.199999999997
177433699.0632,289996.8000000014,2562.199999999997
177433701.0632,289996.8000000014,2562.199999999997
177433703.0632,289996.8000000014,2562.199999999997
177433705.0632,289996.90000000136,2562.199999999997
177433707.0632,289996.90000000136,2562.199999999997
177433709.0632,289996.90000000136,2562.199999999997
177433711.0632,289996.90000000136,2562.199999999997
177433713.0632,289996.90000000136,2562.199999999997
177433715.0632,289996.90000000136,2562.199999999997
177433717.0632,289996.90000000136,2562.199999999997
177433719.0632,289996.90000000136,2562.199999999997
177433721.0632,289996.90000000136,2562.199999999997
177433723.0632,289996.8000000014,2562.199999999997
177433725.0632,289996.8000000014,2562.199999999997
177433727.0632,289996.8000000014,2562.199999999997
177433729.0632,289996.8000000014,2562.199999999997
177433731.0632,289996.90000000136,2562.199999999997
177433733.0632,289996.90000000136,2562.199999999997
177433735.0632,289996.90000000136,2562.199999999997
177433737.0632,289996.90000000136,2562.199999999997
177433739.0632,289996.90000000136,2562.199999999997
177433741.0632,289996.90000000136,2562.199999999997
177433743.0632,289996.90000000136,2562.199999999997
177433745.0632,289996.90000000136,2562.199999999997
177433747.0632,289996.90000000136,2562.199999999997
177433749.0632,289996.90000000136,2562.199999999997
177433751.0632,289996.90000000136,2562.199999999997
177433753.0632,289996.90000000136,2562.199999999997
177433755.0632,289996.90000000136,2562.199999999997
177433757.0632,289996.90000000136,2562.199999999997
177433759.0632,289996.90000000136,2562.199999999997
177433761.0632,289996.90000000136,2562.199999999997
177433763.0632,289996.90000000136,2562.199999999997
177433765.0632,289996.8000000014,2562.199999999997
177433767.0632,289996.8000000014,2562.199999999997
177433769.0632,289996.8000000014,2562.199999999997
177433771.0632,289996.8000000014,2562.199999999997
177433773.0632,289996.8000000014,2562.199999999997
177433775.0632,289996.8000000014,2562.199999999997
177433777.0632,289996.8000000014,2562.199999999997
177433779.0632,289996.8000000014,2562.199999999997
177433781.0632,289996.8000000014,2562.199999999997
177433783.0632,289996.8000000014,2562.199999999997
177433785.0632,289996.8000000014,2562.199999999997
177433787.0632,289996.8000000014,2562.199999999997
177433789.0632,289996.8000000014,2562.199999999997
177433791.0632,289996.8000000014,2562.199999999997
177433793.0632,289996.8000000014,2562.199999999997
177433795.0632,289996.8000000014,2562.199999999997
177433797.0632,289996.8000000014,2562.199999999997
177433799.0632,289996.8000000014,2562.199999999997
177433801.0632,289996.8000000014,2562.199999999997
177433803.0632,289996.8000000014,2562.199999999997
177433805.0632,289996.8000000014,2562.199999999997
177433807.0632,289996.8000000014,2562.199999999997
177433809.0632,289996.8000000014,2562.199999999997
177433811.0632,289996.8000000014,2562.199999999997
177433813.0632,289996.8000000014,2562.199999999997
177433815.0632,289996.8000000014,2562.199999999997
177433817.0632,289996.8000000014,2562.199999999997
177433819.0632,289996.8000000014,2562.199999999997
177433821.0632,289996.8000000014,2562.199999999997
177433823.0632,289996.8000000014,2562.199999999997
177433825.0632,289996.8000000014,2562.199999999997
177433827.0632,289996.8000000014,2562.199999999997
177433829.0632,289996.8000000014,2562.199999999997
177433831.0632,289996.90000000136,2562.199999999997
177433833.0632,289996.90000000136,2562.199999999997
177433835.0632,289996.90000000136,2562.199999999997
177433837.0632,289996.90000000136,2562.199999999997
177433839.0632,289996.90000000136,2562.199999999997
177433841.0632,289996.90000000136,2562.199999999997
177433843.0632,289996.90000000136,2562.199999999997
177433845.0632,289996.90000000136,2562.199999999997
177433847.0632,289996.90000000136,2562.199999999997
177433849.0632,289996.90000000136,2562.199999999997
177433851.0632,289996.90000000136,2562.199999999997
177433853.0632,261253.40000000136,2562.199999999997
177433855.0632,261253.40000000136,2562.199999999997
177433857.0632,261253.40000000136,2562.199999999997
177433859.0632,261253.40000000136,2562.199999999997
177433861.0632,261253.40000000136,2562.199999999997
177433863.0632,261253.40000000136,2562.199999999997
177433865.0632,261253.40000000136,2562.199999999997
177433867.0632,261253.40000000136,2562.199999999997
177433869.0632,261253.40000000136,2562.199999999997
177433871.0632,261253.40000000136,2562.199999999997
177433873.0632,261253.40000000136,2562.199999999997
177433875.0632,289996.90000000136,2562.199999999997
177433877.0632,289996.90000000136,2562.199999999997
177433879.0632,289996.90000000136,2562.199999999997
177433881.0632,289996.90000000136,2562.199999999997
177433883.0632,289996.90000000136,2562.199999999997
177433885.0632,289996.90000000136,2562.199999999997
177433887.0632,289996.90000000136,2562.199999999997
177433889.0632,289996.90000000136,2562.199999999997
177433891.0632,289996.90000000136,2562.199999999997
177433893.0632,289996.90000000136,2562.199999999997
177433895.0632,289996.90000000136,2562.199999999997
177433897.0632,289996.90000000136,2562.199999999997
177433899.0632,289996.90000000136,2562.199999999997
177433901.0632,289996.90000000136,2562.299999999997
177433903.0632,289996.90000000136,2562.299999999997
177433905.0632,289996.90000000136,2562.199999999997
177433907.0632,289996.90000000136,2562.199999999997
177433909.0632,289996.90000000136,2562.199999999997
177433911.0632,289996.90000000136,2562.199999999997
177433913.0632,289996.90000000136,2562.199999999997
177433915.0632,289996.90000000136,2562.199999999997
177433917.0632,289996.90000000136,2562.199999999997
177433919.0632,289996.90000000136,2562.199999999997
177433921.0632,289996.90000000136,2562.199999999997
177433923.0632,289996.90000000136,2562.199999999997
177433925.0632,289996.90000000136,2562.199999999997
177433927.0632,289996.90000000136,2562.199999999997
177433929.0632,289996.90000000136,2562.199999999997
177433931.0632,289996.8000000014,2562.199999999997
177433933.0632,289996.8000000014,2562.199999999997
177433935.0632,289996.8000000014,2562.199999999997
177433937.0632,289996.8000000014,2562.199999999997
177433939.0632,289996.8000000014,2562.199999999997
177433941.0632,289996.7000000014,2562.199999999997
177433943.0632,289996.7000000014,2562.199999999997
177433945.0632,289996.7000000014,2562.199999999997
177433947.0632,289996.7000000014,2562.199999999997
177433949.0632,289996.7000000014,2562.199999999997
177433951.0632,289996.7000000014,2562.199999999997
177433953.0632,289996.7000000014,2562.199999999997
177433955.0632,289996.7000000014,2562.199999999997
177433957.0632,289996.7000000014,2562.299999999997
177433959.0632,289996.7000000014,2562.299999999997
177433961.0632,289996.7000000014,2562.299999999997
177433963.0632,289996.7000000014,2562.299999999997
177433965.0632,289996.7000000014,2562.299999999997
177433967.0632,289996.7000000014,2562.299999999997
177433969.0632,289996.7000000014,2562.299999999997
177433971.0632,289996.7000000014,2562.299999999997
177433973.0632,289996.7000000014,2562.299999999997
177433975.0632,289996.7000000014,2562.299999999997
177433977.0632,289996.7000000014,2562.299999999997
177433979.0632,289996.7000000014,2562.299999999997
177433981.0632,289996.7000000014,2562.299999999997
177433983.0632,289996.7000000014,2562.299999999997
177433985.0632,289996.7000000014,2562.299999999997
177433987.0632,289996.7000000014,2562.299999999997
177433989.0632,289996.7000000014,2562.299999999997
177433991.0632,289996.7000000014,2562.299999999997
177433993.0632,289996.60000000143,2562.299999999997
177433995.0632,289996.60000000143,2562.299999999997
177433997.0632,289996.60000000143,2562.299999999997
177433999.0632,289996.60000000143,2562.299999999997
177434001.0632,289996.60000000143,2562.299999999997
177434003.0632,289996.60000000143,2562.299999999997
177434005.0632,289996.7000000014,2562.299999999997
177434007.0632,289996.7000000014,2562.299999999997
177434009.0632,289996.7000000014,2562.299999999997
177434011.0632,289996.7000000014,2562.299999999997
177434013.0632,289996.7000000014,2562.299999999997
177434015.0632,289996.7000000014,2562.299999999997
177434017.0632,289996.7000000014,2562.299999999997
177434019.0632,289996.7000000014,2562.299999999997
177434021.0632,289996.7000000014,2562.299999999997
177434023.0632,289996.60000000143,2562.299999999997
177434025.0632,289996.60000000143,2562.299999999997
177434027.0632,289996.60000000143,2562.299999999997
177434029.0632,289996.7000000014,2562.299999999997
177434031.0632,289996.7000000014,2562.299999999997
177434033.0632,289996.7000000014,2562.299999999997
177434035.0632,289996.7000000014,2562.299999999997
177434037.0632,289996.7000000014,2562.299999999997
177434039.0632,289996.7000000014,2562.299999999997
177434041.0632,289996.7000000014,2562.299999999997
177434043.0632,289996.7000000014,2562.299999999997
177434045.0632,289996.7000000014,2562.299999999997
177434047.0632,289996.7000000014,2562.299999999997
177434049.0632,289996.7000000014,2562.299999999997
177434051.0632,289996.7000000014,2562.299999999997
177434053.0632,289996.7000000014,2562.299999999997
177434055.0632,289996.7000000014,2562.299999999997
177434057.0632,289996.7000000014,2562.299999999997
177434059.0632,289996.7000000014,2562.299999999997
177434061.0632,289996.7000000014,2562.299999999997
177434063.0632,289996.7000000014,2562.299999999997
177434065.0632,289996.7000000014,2562.299999999997
177434067.0632,289996.7000000014,2562.299999999997
177434069.0632,289996.7000000014,2562.299999999997
177434071.0632,289996.7000000014,2562.299999999997
177434073.0632,289996.7000000014,2562.299999999997
177434075.0632,289996.7000000014,2562.299999999997
177434077.0632,289996.7000000014,2562.299999999997
177434079.0632,289996.7000000014,2562.299999999997
177434081.0632,289996.7000000014,2562.299999999997
177434083.0632,289996.7000000014,2562.299999999997
177434085.0632,289996.7000000014,2562.299999999997
177434087.0632,289996.7000000014,2562.299999999997
177434089.0632,289996.7000000014,2562.299999999997
177434091.0632,289996.7000000014,2562.299999999997
177434093.0632,289996.7000000014,2562.299999999997
177434095.0632,289996.7000000014,2562.299999999997
177434097.0632,289996.7000000014,2562.299999999997
177434099.0632,289996.7000000014,2562.299999999997
177434101.0632,289996.7000000014,2562.199999999997
177434103.0632,289996.7000000014,2562.199999999997
177434105.0632,289996.7000000014,2562.199999999997
177434107.0632,289996.7000000014,2562.199999999997
177434109.0632,289996.7000000014,2562.199999999997
177434111.0632,289996.7000000014,2562.199999999997
177434113.0632,289996.7000000014,2562.199999999997
177434115.0632,289996.7000000014,2562.199999999997
177434117.0632,289996.7000000014,2562.199999999997
177434119.0632,289996.7000000014,2562.199999999997
177434121.0632,289996.7000000014,2562.199999999997
177434123.0632,289996.7000000014,2562.199999999997
177434125.0632,289996.7000000014,2562.199999999997
177434127.0632,289996.7000000014,2562.199999999997
177434129.0632,289996.7000000014,2562.199999999997
177434131.0632,289996.7000000014,2562.199999999997
177434133.0632,289996.7000000014,2562.199999999997
177434135.0632,289996.7000000014,2562.199999999997
177434137.0632,289996.7000000014,2562.199999999997
177434139.0632,289996.7000000014,2562.199999999997
177434141.0632,289996.7000000014,2562.199999999997
177434143.0632,289996.7000000014,2562.199999999997
177434145.0632,289996.7000000014,2562.199999999997
177434147.0632,289996.7000000014,2562.199999999997
177434149.0632,289996.7000000014,2562.199999999997
177434151.0632,289996.7000000014,2562.199999999997
177434153.0632,289996.7000000014,2562.199999999997
177434155.0632,289996.7000000014,2562.199999999997
177434157.0632,289996.7000000014,2562.199999999997
177434159.0632,289996.7000000014,2562.199999999997
177434161.0632,289996.7000000014,2562.199999999997
177434163.0632,289996.60000000143,2562.199999999997
177434165.0632,289996.60000000143,2562.199999999997
177434167.0632,289996.60000000143,2562.199999999997
177434169.0632,289996.60000000143,2562.199999999997
177434171.0632,289996.60000000143,2562.199999999997
177434173.0632,289996.60000000143,2562.199999999997
177434175.0632,289996.60000000143,2562.199999999997
177434177.0632,289996.60000000143,2562.199999999997
177434179.0632,289996.60000000143,2562.199999999997
177434181.0632,289996.60000000143,2562.199999999997
177434183.0632,289996.60000000143,2562.199999999997
177434185.0632,289996.60000000143,2562.199999999997
177434187.0632,289996.60000000143,2562.199999999997
177434189.0632,289996.60000000143,2562.199999999997
177434191.0632,289996.60000000143,2562.199999999997
177434193.0632,289996.60000000143,2562.199999999997
177434195.0632,289996.60000000143,2562.199999999997
177434197.0632,289996.60000000143,2562.199999999997
177434199.0632,289996.60000000143,2562.199999999997
177434201.0632,289996.60000000143,2562.199999999997
177434203.0632,289996.60000000143,2562.199999999997
177434205.0632,289996.60000000143,2562.199999999997
177434207.0632,289996.60000000143,2562.199999999997
177434209.0632,289996.60000000143,2562.199999999997
177434211.0632,289996.60000000143,2562.199999999997
177434213.0632,289996.60000000143,2562.199999999997
177434215.0632,289996.60000000143,2562.199999999997
177434217.0632,289996.60000000143,2562.199999999997
177434219.0632,289996.60000000143,2562.199999999997
177434221.0632,289996.60000000143,2562.199999999997
177434223.0632,289996.60000000143,2562.199999999997
177434225.0632,289996.60000000143,2562.199999999997
177434227.0632,289996.60000000143,2562.199999999997
177434229.0632,289996.60000000143,2562.199999999997
177434231.0632,289996.60000000143,2562.199999999997
177434233.0632,289996.50000000146,2562.199999999997
177434235.0632,289996.50000000146,2562.199999999997
177434237.0632,289996.50000000146,2562.199999999997
177434239.0632,289996.50000000146,2562.199999999997
177434241.0632,289996.50000000146,2562.199999999997
177434243.0632,289996.50000000146,2562.199999999997
177434245.0632,289996.4000000015,2562.199999999997
177434247.0632,289996.4000000015,2562.199999999997
177434249.0632,289996.4000000015,2562.199999999997
177434251.0632,289996.4000000015,2562.199999999997
177434253.0632,289996.4000000015,2562.199999999997
177434255.0632,289996.4000000015,2562.199999999997
177434257.0632,289996.4000000015,2562.199999999997
177434259.0632,289996.4000000015,2562.199999999997
177434261.0632,289996.4000000015,2562.199999999997
177434263.0632,289996.4000000015,2562.199999999997
177434265.0632,289996.4000000015,2562.199999999997
177434267.0632,289996.4000000015,2562.199999999997
177434269.0632,289996.50000000146,2562.199999999997
177434271.0632,289996.50000000146,2562.199999999997
177434273.0632,289996.50000000146,2562.199999999997
177434275.0632,289996.50000000146,2562.199999999997
177434277.0632,289996.50000000146,2562.199999999997
177434279.0632,289996.50000000146,2562.199999999997
177434281.0632,289996.50000000146,2562.199999999997
177434283.0632,289996.50000000146,2562.199999999997
177434285.0632,289996.50000000146,2562.199999999997
177434287.0632,289996.50000000146,2562.199999999997
177434289.0632,289996.50000000146,2562.199999999997
177434291.0632,289996.50000000146,2562.199999999997
177434293.0632,289996.50000000146,2562.199999999997
177434295.0632,289996.50000000146,2562.199999999997
177434297.0632,289996.50000000146,2562.199999999997
177434299.0632,289996.50000000146,2562.199999999997
177434301.0632,289996.50000000146,2562.199999999997
177434303.0632,289996.50000000146,2562.199999999997
177434305.0632,289996.50000000146,2562.199999999997
177434307.0632,289996.50000000146,2562.199999999997
177434309.0632,289996.50000000146,2562.199999999997
177434311.0632,289996.50000000146,2562.199999999997
177434313.0632,289996.50000000146,2562.199999999997
177434315.0632,289996.60000000143,2562.199999999997
177434317.0632,289996.60000000143,2562.199999999997
177434319.0632,289996.60000000143,2562.199999999997
177434321.0632,289996.60000000143,2562.199999999997
177434323.0632,289996.60000000143,2562.199999999997
177434325.0632,289996.60000000143,2562.199999999997
177434327.0632,289996.60000000143,2562.199999999997
177434329.0632,289996.60000000143,2562.199999999997
177434331.0632,289996.60000000143,2562.199999999997
177434333.0632,289996.60000000143,2562.199999999997
177434335.0632,289996.60000000143,2562.199999999997
177434337.0632,289996.60000000143,2562.199999999997
177434339.0632,289996.60000000143,2562.199999999997
177434341.0632,289996.60000000143,2562.199999999997
177434343.0632,289996.60000000143,2562.199999999997
177434345.0632,289996.60000000143,2562.199999999997
177434347.0632,289996.60000000143,2562.199999999997
177434349.0632,289996.60000000143,2562.199999999997
177434351.0632,289996.60000000143,2562.199999999997
177434353.0632,289996.60000000143,2562.199999999997
177434355.0632,289996.60000000143,2562.199999999997
177434357.0632,289996.60000000143,2562.199999999997
177434359.0632,289996.60000000143,2562.199999999997
177434361.0632,289996.60000000143,2562.199999999997
177434363.0632,289996.60000000143,2562.199999999997
177434365.0632,289996.60000000143,2562.199999999997
177434367.0632,289996.60000000143,2562.199999999997
177434369.0632,289996.60000000143,2562.199999999997
177434371.0632,289996.60000000143,2562.199999999997
177434373.0632,289996.60000000143,2562.199999999997
177434375.0632,289996.60000000143,2562.199999999997
177434377.0632,289996.60000000143,2562.199999999997
177434379.0632,289996.60000000143,2562.199999999997
177434381.0632,289996.60000000143,2562.199999999997
177434383.0632,289996.60000000143,2562.199999999997
177434385.0632,289996.60000000143,2562.199999999997
177434387.0632,289996.60000000143,2562.199999999997
177434389.0632,289996.60000000143,2562.199999999997
177434391.0632,289996.60000000143,2562.199999999997
177434393.0632,289996.60000000143,2562.199999999997
177434395.0632,289996.60000000143,2562.199999999997
177434397.0632,289996.60000000143,2562.199999999997
177434399.0632,289996.60000000143,2562.199999999997
177434401.0632,289996.60000000143,2562.199999999997
177434403.0632,289996.60000000143,2562.199999999997
177434405.0632,289996.60000000143,2562.199999999997
177434407.0632,289996.60000000143,2562.199999999997
177434409.0632,289996.60000000143,2562.199999999997
177434411.0632,289996.60000000143,2562.199999999997
177434413.0632,289996.60000000143,2562.199999999997
177434415.0632,289996.60000000143,2562.199999999997
177434417.0632,289996.60000000143,2562.199999999997
177434419.0632,289996.60000000143,2562.199999999997
177434421.0632,289996.60000000143,2562.199999999997
177434423.0632,289996.60000000143,2562.199999999997
177434425.0632,289996.60000000143,2562.199999999997
177434427.0632,289996.60000000143,2562.199999999997
177434429.0632,289996.60000000143,2562.199999999997
177434431.0632,289996.60000000143,2562.199999999997
177434433.0632,289996.60000000143,2562.199999999997
177434435.0632,289996.60000000143,2562.199999999997
177434437.0632,289996.60000000143,2562.199999999997
177434439.0632,289996.60000000143,2562.199999999997
177434441.0632,289996.60000000143,2562.199999999997
177434443.0632,289996.60000000143,2562.199999999997
177434445.0632,289996.60000000143,2562.199999999997
177434447.0632,289996.60000000143,2562.199999999997
177434449.0632,289996.60000000143,2562.199999999997
177434451.0632,289996.60000000143,2562.199999999997
177434453.0632,289996.60000000143,2562.199999999997
177434455.0632,289996.60000000143,2562.199999999997
177434457.0632,289996.60000000143,2562.199999999997
177434459.0632,289996.60000000143,2562.199999999997
177434461.0632,289996.60000000143,2562.199999999997
177434463.0632,289996.60000000143,2562.199999999997
177434465.0632,289996.60000000143,2562.199999999997
177434467.0632,289996.60000000143,2562.199999999997
177434469.0632,289996.60000000143,2562.199999999997
177434471.0632,289996.60000000143,2562.199999999997
177434473.0632,289996.60000000143,2562.199999999997
177434475.0632,289996.60000000143,2562.199999999997
177434477.0632,289996.60000000143,2562.199999999997
177434479.0632,289996.60000000143,2562.199999999997
177434481.0632,289996.60000000143,2562.199999999997
177434483.0632,289996.60000000143,2562.199999999997
177434485.0632,289996.60000000143,2562.199999999997
177434487.0632,289996.60000000143,2562.199999999997
177434489.0632,289996.60000000143,2562.199999999997
177434491.0632,289996.60000000143,2562.199999999997
177434493.0632,289996.60000000143,2562.199999999997
177434495.0632,289996.60000000143,2562.199999999997
177434497.0632,289996.60000000143,2562.199999999997
177434499.0632,289996.60000000143,2562.199999999997
177434501.0632,289996.60000000143,2562.199999999997
177434503.0632,289996.60000000143,2562.199999999997
177434505.0632,289996.60000000143,2562.199999999997
177434507.0632,289996.60000000143,2562.199999999997
177434509.0632,289996.60000000143,2562.199999999997
177434511.0632,289996.60000000143,2562.199999999997
177434513.0632,289996.60000000143,2562.199999999997
177434515.0632,289996.60000000143,2562.199999999997
177434517.0632,289996.60000000143,2562.199999999997
177434519.0632,289996.60000000143,2562.199999999997
177434521.0632,289996.60000000143,2562.199999999997
177434523.0632,289996.50000000146,2562.199999999997
177434525.0632,289996.50000000146,2562.199999999997
177434527.0632,289996.50000000146,2562.199999999997
177434529.0632,289996.50000000146,2562.199999999997
177434531.0632,289996.50000000146,2562.199999999997
177434533.0632,289996.50000000146,2562.199999999997
177434535.0632,289996.50000000146,2562.199999999997
177434537.0632,289000.00000000146,2562.199999999997
177434539.0632,289000.00000000146,2562.199999999997
177434541.0632,288999.9000000015,2562.199999999997
177434543.0632,288999.9000000015,2562.199999999997
177434545.0632,288999.9000000015,2562.199999999997
177434547.0632,288999.9000000015,2562.199999999997
177434549.0632,288999.9000000015,2562.199999999997
177434551.0632,288999.9000000015,2562.199999999997
177434553.0632,288999.9000000015,2562.199999999997
177434555.0632,288999.9000000015,2562.199999999997
177434557.0632,288999.9000000015,2562.199999999997
177434559.0632,288999.9000000015,2562.199999999997
177434561.0632,288999.9000000015,2562.199999999997
177434563.0632,288999.9000000015,2562.199999999997
177434565.0632,288999.9000000015,2562.199999999997
177434567.0632,288999.9000000015,2562.199999999997
177434569.0632,288999.9000000015,2562.199999999997
177434571.0632,288999.9000000015,2562.199999999997
177434573.0632,288999.9000000015,2562.199999999997
177434575.0632,288999.9000000015,16884.1
177434577.0632,288999.9000000015,16884.1
177434579.0632,288999.9000000015,2562.199999999999
177434581.0632,260356.1000000015,2562.199999999999
177434583.0632,260356.1000000015,2562.199999999999
177434585.0632,260356.1000000015,2562.199999999999
177434587.0632,260356.1000000015,2562.199999999999
177434589.0632,260356.1000000015,2562.199999999999
177434591.0632,260356.00000000148,2562.199999999999
177434593.0632,260356.00000000148,2562.199999999999
177434595.0632,260356.00000000148,2562.199999999999
177434597.0632,260356.00000000148,2562.199999999999
177434599.0632,260356.00000000148,2562.199999999999
177434601.0632,260356.00000000148,2562.199999999999
177434603.0632,260356.1000000015,2562.199999999999
177434605.0632,260356.1000000015,2562.199999999999
177434607.0632,260356.1000000015,2562.199999999999
177434609.0632,260356.1000000015,2562.199999999999
177434611.0632,260356.1000000015,2562.199999999999
177434613.0632,288999.9000000015,2562.199999999999
177434615.0632,288999.9000000015,2562.199999999999
177434617.0632,288999.9000000015,16884.1
177434619.0632,288999.9000000015,16884.1
177434621.0632,288999.9000000015,16884.1
177434623.0632,288999.9000000015,16884.1
177434625.0632,288999.9000000015,16884.1
177434627.0632,288999.9000000015,16884.1
177434629.0632,288999.9000000015,16884.1
177434631.0632,288999.9000000015,16884.1
177434633.0632,288999.9000000015,16884.1
177434635.0632,288999.9000000015,16884.1
177434637.0632,288999.9000000015,16884.1
177434639.0632,288999.9000000015,16884.1
177434641.0632,288999.9000000015,16884.1
177434643.0632,288999.9000000015,16884.1
177434645.0632,288999.9000000015,16884.1
177434647.0632,288999.9000000015,16884.1
177434649.0632,288999.9000000015,16884.1
177434651.0632,288999.9000000015,16884.1
177434653.0632,288999.9000000015,16884.1
177434655.0632,288999.9000000015,16884.1
177434657.0632,288999.9000000015,16884.1
177434659.0632,288999.9000000015,16884.1
177434661.0632,288999.9000000015,16884.1
177434663.0632,288999.9000000015,16884.1
177434665.0632,288999.9000000015,16884.1
177434667.0632,288999.9000000015,16884.199999999997
177434669.0632,288999.9000000015,16884.199999999997
177434671.0632,288999.9000000015,16884.199999999997
177434673.0632,288999.9000000015,16884.299999999996
177434675.0632,288999.9000000015,16884.299999999996
177434677.0632,288999.9000000015,16884.299999999996
177434679.0632,288999.9000000015,16884.299999999996
177434681.0632,288999.9000000015,16884.299999999996
177434683.0632,288999.9000000015,16884.299999999996
177434685.0632,288999.9000000015,16884.299999999996
177434687.0632,288999.9000000015,16884.299999999996
177434689.0632,288999.9000000015,16884.299999999996
177434691.0632,288999.9000000015,16884.299999999996
177434693.0632,288999.9000000015,16884.299999999996
177434695.0632,288999.9000000015,16884.299999999996
177434697.0632,288999.9000000015,16884.299999999996
177434699.0632,288999.9000000015,16884.299999999996
177434701.0632,288999.9000000015,16884.299999999996
177434703.0632,288999.9000000015,16884.299999999996
177434705.0632,288999.9000000015,16884.299999999996
177434707.0632,288999.9000000015,16884.299999999996
177434709.0632,288999.9000000015,16884.299999999996
177434711.0632,288999.9000000015,16884.299999999996
177434713.0632,288999.9000000015,16884.299999999996
177434715.0632,288999.9000000015,16884.299999999996
177434717.0632,288999.9000000015,16884.299999999996
177434719.0632,288999.9000000015,16884.299999999996
177434721.0632,288999.9000000015,16884.299999999996
177434723.0632,288999.9000000015,16884.299999999996
177434725.0632,288999.8000000015,16884.299999999996
177434727.0632,288999.8000000015,16884.299999999996
177434729.0632,288999.8000000015,16884.299999999996
177434731.0632,288999.8000000015,16884.299999999996
177434733.0632,288999.8000000015,16884.299999999996
177434735.0632,288999.8000000015,16884.299999999996
177434737.0632,288999.8000000015,16884.299999999996
177434739.0632,288999.8000000015,16884.299999999996
177434741.0632,288999.8000000015,16884.299999999996
177434743.0632,288999.8000000015,16884.299999999996
177434745.0632,288999.8000000015,16884.299999999996
177434747.0632,288999.8000000015,16884.299999999996
177434749.0632,288999.8000000015,16884.299999999996
177434751.0632,288999.8000000015,16884.299999999996
177434753.0632,288999.8000000015,16884.299999999996
177434755.0632,288999.8000000015,16884.199999999997
177434757.0632,288999.8000000015,16884.199999999997
177434759.0632,288999.8000000015,16884.199999999997
177434761.0632,288999.8000000015,16884.199999999997
177434763.0632,288999.8000000015,16884.199999999997
177434765.0632,288999.8000000015,16884.199999999997
177434767.0632,288999.7000000015,16884.199999999997
177434769.0632,288999.7000000015,16884.199999999997
177434771.0632,288999.7000000015,16884.199999999997
177434773.0632,288999.7000000015,16884.199999999997
177434775.0632,288999.7000000015,16884.199999999997
177434777.0632,288999.7000000015,16884.199999999997
177434779.0632,288999.7000000015,16884.199999999997
177434781.0632,288999.7000000015,16884.199999999997
177434783.0632,288999.7000000015,16884.199999999997
177434785.0632,288999.7000000015,16884.199999999997
177434787.0632,288999.7000000015,16884.199999999997
177434789.0632,288999.60000000155,16884.299999999996
177434791.0632,288999.60000000155,16884.299999999996
177434793.0632,288999.60000000155,16884.299999999996
177434795.0632,288999.60000000155,16884.299999999996
177434797.0632,288999.60000000155,16884.299999999996
177434799.0632,288999.60000000155,16884.299999999996
177434801.0632,288999.60000000155,16884.299999999996
177434803.0632,288999.60000000155,16884.299999999996
177434805.0632,288999.60000000155,16884.299999999996
177434807.0632,288999.60000000155,16884.299999999996
177434809.0632,288999.60000000155,16884.299999999996
177434811.0632,288999.60000000155,16884.299999999996
177434813.0632,288999.60000000155,16884.299999999996
177434815.0632,288999.60000000155,16884.399999999994
177434817.0632,288999.60000000155,16884.399999999994
177434819.0632,288999.60000000155,16884.399999999994
177434821.0632,288999.60000000155,16884.399999999994
177434823.0632,288999.5000000016,16884.399999999994
177434825.0632,288999.4000000016,16884.399999999994
177434827.0632,288999.4000000016,16884.399999999994
177434829.0632,288999.4000000016,16884.399999999994
177434831.0632,288999.4000000016,16884.399999999994
177434833.0632,288999.4000000016,16884.399999999994
177434835.0632,288999.4000000016,16884.399999999994
177434837.0632,288999.4000000016,16884.399999999994
177434839.0632,288999.4000000016,16884.399999999994
177434841.0632,288999.4000000016,16884.399999999994
177434843.0632,288999.4000000016,16884.399999999994
177434845.0632,288999.4000000016,16884.399999999994
177434847.0632,288999.4000000016,16884.399999999994
177434849.0632,288999.4000000016,16884.399999999994
177434851.0632,288999.4000000016,16884.399999999994
177434853.0632,288999.4000000016,16884.399999999994
177434855.0632,288999.4000000016,16884.399999999994
177434857.0632,288999.4000000016,16884.399999999994
177434859.0632,288999.4000000016,16884.399999999994
177434861.0632,288999.4000000016,16884.399999999994
177434863.0632,288999.4000000016,16884.399999999994
177434865.0632,288999.4000000016,16884.399999999994
177434867.0632,288999.4000000016,16884.399999999994
177434869.0632,288999.4000000016,16884.399999999994
177434871.0632,288999.5000000016,16884.399999999994
177434873.0632,288999.5000000016,16884.399999999994
177434875.0632,288999.5000000016,16884.399999999994
177434877.0632,288999.5000000016,16884.399999999994
177434879.0632,288999.5000000016,16884.399999999994
177434881.0632,288999.5000000016,16884.399999999994
177434883.0632,288999.5000000016,16884.399999999994
177434885.0632,288999.5000000016,16884.399999999994
177434887.0632,288999.5000000016,16884.399999999994
177434889.0632,288999.5000000016,16884.399999999994
177434891.0632,288999.5000000016,16884.399999999994
177434893.0632,288999.5000000016,16884.399999999994
177434895.0632,288999.5000000016,16884.399999999994
177434897.0632,288999.5000000016,16884.399999999994
177434899.0632,288999.5000000016,16884.399999999994
177434901.0632,288999.5000000016,16884.399999999994
177434903.0632,288999.5000000016,16884.399999999994
177434905.0632,288999.5000000016,16884.399999999994
177434907.0632,288999.5000000016,16884.399999999994
177434909.0632,288999.5000000016,16884.399999999994
177434911.0632,288999.5000000016,16884.399999999994
177434913.0632,288999.5000000016,16884.399999999994
177434915.0632,288999.5000000016,16884.399999999994
177434917.0632,288999.5000000016,16884.399999999994
177434919.0632,288999.5000000016,16884.399999999994
177434921.0632,288999.5000000016,16884.399999999994
177434923.0632,288999.5000000016,16884.399999999994
177434925.0632,288999.5000000016,16884.399999999994
177434927.0632,288999.5000000016,16884.399999999994
177434929.0632,288999.5000000016,16884.399999999994
177434931.0632,288999.5000000016,16884.399999999994
177434933.0632,288999.5000000016,16884.399999999994
177434935.0632,288999.5000000016,16884.399999999994
177434937.0632,288999.5000000016,16884.399999999994
177434939.0632,288999.5000000016,16884.499999999993
177434941.0632,288999.5000000016,16884.499999999993
177434943.0632,288999.5000000016,16884.499999999993
177434945.0632,288999.5000000016,16884.499999999993
177434947.0632,288999.60000000155,16884.499999999993
177434949.0632,288999.60000000155,16884.499999999993
177434951.0632,288999.60000000155,16884.499999999993
177434953.0632,288999.60000000155,16884.499999999993
177434955.0632,288999.60000000155,16884.499999999993
177434957.0632,288999.60000000155,16884.499999999993
177434959.0632,288999.60000000155,16884.499999999993
177434961.0632,288999.60000000155,16884.499999999993
177434963.0632,288999.60000000155,16884.499999999993
177434965.0632,288999.5000000016,16884.499999999993
177434967.0632,288999.5000000016,16884.59999999999
177434969.0632,288999.5000000016,16884.59999999999
177434971.0632,288999.5000000016,16884.59999999999
177434973.0632,288999.5000000016,16884.59999999999
177434975.0632,288999.5000000016,16884.59999999999
177434977.0632,288999.5000000016,16884.59999999999
177434979.0632,288999.5000000016,16884.59999999999
177434981.0632,288999.5000000016,16884.59999999999
177434983.0632,288999.5000000016,16884.59999999999
177434985.0632,288999.5000000016,16884.59999999999
177434987.0632,288999.5000000016,16884.59999999999
177434989.0632,288999.5000000016,16884.59999999999
177434991.0632,288999.5000000016,16884.59999999999
177434993.0632,288999.5000000016,16884.59999999999
177434995.0632,288999.5000000016,16884.59999999999
177434997.0632,288999.5000000016,16884.59999999999
177434999.0632,288999.5000000016,16884.59999999999
177435001.0632,288999.5000000016,16884.59999999999
177435003.0632,288999.5000000016,16884.59999999999
177435005.0632,288999.5000000016,16884.59999999999
177435007.0632,288999.5000000016,16884.59999999999
177435009.0632,288999.5000000016,16884.59999999999
177435011.0632,288999.5000000016,16884.59999999999
177435013.0632,288999.5000000016,16884.59999999999
177435015.0632,288999.5000000016,16884.59999999999
177435017.0632,288999.5000000016,16884.59999999999
177435019.0632,288999.5000000016,16884.59999999999
177435021.0632,288999.5000000016,16884.59999999999
177435023.0632,288999.5000000016,16884.59999999999
177435025.0632,288999.5000000016,16884.59999999999
177435027.0632,288999.5000000016,16884.59999999999
177435029.0632,288999.5000000016,16884.59999999999
177435031.0632,288999.5000000016,16884.59999999999
177435033.0632,288999.5000000016,16884.59999999999
177435035.0632,288999.5000000016,16884.59999999999
177435037.0632,288999.5000000016,16884.59999999999
177435039.0632,288999.5000000016,16884.59999999999
177435041.0632,288999.5000000016,16884.59999999999
177435043.0632,288999.5000000016,16884.59999999999
177435045.0632,288999.5000000016,16884.59999999999
177435047.0632,288999.5000000016,16884.59999999999
177435049.0632,288999.5000000016,16884.59999999999
177435051.0632,288999.5000000016,16884.59999999999
177435053.0632,288999.5000000016,16884.59999999999
177435055.0632,288999.5000000016,16884.59999999999
177435057.0632,288999.5000000016,16884.59999999999
177435059.0632,288999.5000000016,16884.59999999999
177435061.0632,288999.5000000016,16884.59999999999
177435063.0632,288999.5000000016,16884.59999999999
177435065.0632,288999.5000000016,16884.59999999999
177435067.0632,288999.5000000016,16884.59999999999
177435069.0632,288999.5000000016,16884.59999999999
177435071.0632,288999.5000000016,16884.59999999999
177435073.0632,288999.5000000016,16884.59999999999
177435075.0632,288999.5000000016,16884.59999999999
177435077.0632,288999.60000000155,16884.499999999993
177435079.0632,288999.5000000016,16884.699999999993
177435081.0632,288999.4000000016,16884.699999999993
177435083.0632,288999.4000000016,16884.699999999993
177435085.0632,288999.4000000016,16884.699999999993
177435087.0632,288999.4000000016,16884.699999999993
177435089.0632,288999.4000000016,16884.699999999993
177435091.0632,288999.4000000016,16884.699999999993
177435093.0632,288999.5000000016,16884.699999999993
177435095.0632,288999.5000000016,16884.699999999993
177435097.0632,288999.5000000016,16884.699999999993
177435099.0632,288999.5000000016,16884.699999999993
177435101.0632,288999.5000000016,16884.699999999993
177435103.0632,288999.5000000016,16884.699999999993
177435105.0632,288999.5000000016,16884.699999999993
177435107.0632,288999.5000000016,16884.699999999993
177435109.0632,288999.5000000016,16884.699999999993
177435111.0632,288999.5000000016,16884.699999999993
177435113.0632,288999.5000000016,16884.699999999993
177435115.0632,288999.5000000016,16884.699999999993
177435117.0632,288999.5000000016,16884.699999999993
177435119.0632,288999.5000000016,16884.699999999993
177435121.0632,288999.5000000016,16884.699999999993
177435123.0632,288999.5000000016,16884.699999999993
177435125.0632,288999.5000000016,16884.699999999993
177435127.0632,288999.5000000016,16884.699999999993
177435129.0632,288999.5000000016,16884.699999999993
177435131.0632,288999.5000000016,16884.699999999993
177435133.0632,288999.5000000016,16884.699999999993
177435135.0632,288999.5000000016,16884.699999999993
177435137.0632,288999.5000000016,16884.699999999993
177435139.0632,288999.5000000016,16884.699999999993
177435141.0632,288999.5000000016,16884.699999999993
177435143.0632,288999.5000000016,16884.699999999993
177435145.0632,288999.5000000016,16884.699999999993
177435147.0632,288999.5000000016,16884.699999999993
177435149.0632,288999.5000000016,16884.699999999993
177435151.0632,288999.4000000016,16884.699999999993
177435153.0632,288999.4000000016,16884.699999999993
177435155.0632,288999.4000000016,16884.699999999993
177435157.0632,288999.4000000016,16884.699999999993
177435159.0632,288999.5000000016,16884.699999999993
177435161.0632,288999.5000000016,16884.699999999993
177435163.0632,288999.5000000016,16884.699999999993
177435165.0632,288999.5000000016,16884.699999999993
177435167.0632,288999.5000000016,16884.699999999993
177435169.0632,288999.5000000016,16884.699999999993
177435171.0632,288999.5000000016,16884.699999999993
177435173.0632,288999.5000000016,16884.699999999993
177435175.0632,288999.5000000016,16884.699999999993
177435177.0632,288999.5000000016,16884.699999999993
177435179.0632,288999.5000000016,16884.699999999993
177435181.0632,288999.5000000016,16884.699999999993
177435183.0632,288999.5000000016,16884.699999999993
177435185.0632,288999.5000000016,16884.699999999993
177435187.0632,288999.5000000016,16884.699999999993
177435189.0632,288999.4000000016,16884.699999999993
177435191.0632,288999.4000000016,16884.699999999993
177435193.0632,288999.4000000016,16884.699999999993
177435195.0632,288999.4000000016,16884.699999999993
177435197.0632,288999.4000000016,16884.699999999993
177435199.0632,288999.4000000016,16884.699999999993
177435201.0632,288999.4000000016,16884.699999999993
177435203.0632,288999.4000000016,16884.699999999993
177435205.0632,288999.4000000016,16884.699999999993
177435207.0632,288999.4000000016,16884.699999999993
177435209.0632,288999.4000000016,16884.699999999993
177435211.0632,288999.4000000016,16884.699999999993
177435213.0632,288999.4000000016,16884.699999999993
177435215.0632,288999.4000000016,16884.699999999993
177435217.0632,288999.4000000016,16884.699999999993
177435219.0632,288999.4000000016,16884.699999999993
177435221.0632,288999.4000000016,16884.699999999993
177435223.0632,288999.4000000016,16884.699999999993
177435225.0632,288999.4000000016,16884.699999999993
177435227.0632,288999.4000000016,16884.699999999993
177435229.0632,288999.4000000016,16884.699999999993
177435231.0632,288999.4000000016,16884.699999999993
177435233.0632,288999.4000000016,16884.699999999993
177435235.0632,288999.4000000016,16884.699999999993
177435237.0632,288999.4000000016,16884.699999999993
177435239.0632,288999.4000000016,16884.699999999993
177435241.0632,288999.4000000016,16884.699999999993
177435243.0632,288999.4000000016,16884.699999999993
177435245.0632,288999.4000000016,16884.699999999993
177435247.0632,288999.4000000016,16884.699999999993
177435249.0632,288999.4000000016,16884.699999999993
177435251.0632,288999.4000000016,16884.699999999993
177435253.0632,288999.4000000016,16884.699999999993
177435255.0632,288999.4000000016,16884.699999999993
177435257.0632,288999.4000000016,16884.699999999993
177435259.0632,288999.4000000016,16884.699999999993
177435261.0632,288999.4000000016,16884.699999999993
177435263.0632,288999.4000000016,16884.699999999993
177435265.0632,288999.4000000016,16884.699999999993
177435267.0632,288999.4000000016,16884.699999999993
177435269.0632,288999.4000000016,16884.699999999993
177435271.0632,288999.4000000016,16884.699999999993
177435273.0632,288999.4000000016,16884.699999999993
177435275.0632,288999.4000000016,16884.699999999993
177435277.0632,288999.4000000016,16884.699999999993
177435281.0632,288999.4000000016,16884.699999999993
177435291.0632,288999.4000000016,16884.699999999993
177435293.0632,288999.5000000016,16884.699999999993
177435295.0632,288999.5000000016,16884.699999999993
177435297.0632,288999.5000000016,16884.699999999993
177435299.0632,288999.5000000016,16884.699999999993
177435301.0632,288999.5000000016,16884.699999999993
177435303.0632,288999.5000000016,16884.699999999993
177435305.0632,288999.4000000016,16884.699999999993
177435307.0632,288999.4000000016,16884.699999999993
177435309.0632,288999.4000000016,16884.699999999993
177435311.0632,288999.4000000016,16884.699999999993
177435313.0632,288999.4000000016,16884.699999999993
177435315.0632,288999.4000000016,16884.699999999993
177435317.0632,288999.4000000016,16884.699999999993
177435319.0632,288999.4000000016,16884.699999999993
177435321.0632,288999.4000000016,16884.799999999992
177435323.0632,288999.4000000016,16884.699999999993
177435325.0632,288999.4000000016,16884.699999999993
177435327.0632,288999.4000000016,16884.699999999993
177435329.0632,288999.4000000016,16884.699999999993
177435331.0632,288999.4000000016,16884.699999999993
177435333.0632,288999.4000000016,16884.699999999993
177435335.0632,288999.4000000016,16884.699999999993
177435337.0632,288999.4000000016,16884.699999999993
177435339.0632,288999.4000000016,16884.699999999993
177435341.0632,288999.4000000016,16884.699999999993
177435343.0632,288999.4000000016,16884.699999999993
177435345.0632,288999.4000000016,16884.799999999992
177435347.0632,288999.5000000016,16884.799999999992
177435349.0632,288999.5000000016,16884.799999999992
177435351.0632,288999.5000000016,16884.799999999992
177435353.0632,288999.5000000016,16884.699999999993
177435355.0632,288999.5000000016,16884.699999999993
177435357.0632,288999.5000000016,16884.699999999993
177435359.0632,288999.5000000016,16884.699999999993
177435361.0632,288999.5000000016,16884.699999999993
177435363.0632,288999.5000000016,16884.699999999993
177435365.0632,288999.5000000016,16884.699999999993
177435367.0632,288999.5000000016,16884.699999999993
177435369.0632,288999.5000000016,16884.699999999993
177435371.0632,288999.5000000016,16884.699999999993
177435373.0632,288999.5000000016,16884.699999999993
177435375.0632,288999.5000000016,16884.699999999993
177435377.0632,288999.5000000016,16884.699999999993
177435379.0632,288999.5000000016,16884.699999999993
177435381.0632,288999.5000000016,16884.699999999993
177435383.0632,288999.5000000016,16884.699999999993
177435385.0632,288999.5000000016,16884.699999999993
177435387.0632,288999.5000000016,16884.699999999993
177435389.0632,288999.5000000016,16884.699999999993
177435391.0632,288999.5000000016,16884.699999999993
177435393.0632,288999.5000000016,16884.699999999993
177435395.0632,288999.5000000016,16884.699999999993
177435397.0632,288999.5000000016,16884.699999999993
177435399.0632,288999.5000000016,16884.699999999993
177435401.0632,288999.4000000016,16884.699999999993
177435403.0632,288999.4000000016,16884.699999999993
177435405.0632,288999.4000000016,16884.699999999993
177435407.0632,288999.5000000016,16884.699999999993
177435409.0632,288999.5000000016,16884.699999999993
177435411.0632,288999.5000000016,16884.699999999993
177435413.0632,288999.5000000016,16884.699999999993
177435415.0632,288999.5000000016,16884.699999999993
177435417.0632,288999.5000000016,16884.699999999993
177435419.0632,288999.5000000016,16884.699999999993
177435421.0632,288999.5000000016,16884.699999999993
177435423.0632,288999.5000000016,16884.699999999993
177435425.0632,288999.5000000016,16884.699999999993
177435427.0632,288999.5000000016,16884.699999999993
177435429.0632,288999.5000000016,16884.699999999993
177435431.0632,288999.4000000016,16884.699999999993
177435433.0632,288999.4000000016,16884.699999999993
177435435.0632,288999.4000000016,16884.699999999993
177435437.0632,288999.4000000016,16884.699999999993
177435439.0632,288999.4000000016,16884.699999999993
177435441.0632,288999.4000000016,16884.699999999993
177435443.0632,288999.4000000016,16884.699999999993
177435445.0632,288999.4000000016,16884.699999999993
177435447.0632,288999.4000000016,16884.699999999993
177435449.0632,288999.4000000016,16884.699999999993
177435451.0632,288999.4000000016,16884.699999999993
177435453.0632,288999.4000000016,16884.699999999993
177435455.0632,288999.4000000016,16884.699999999993
177435457.0632,288999.4000000016,16884.699999999993
177435459.0632,288999.4000000016,16884.699999999993
177435461.0632,288999.4000000016,16884.699999999993
177435463.0632,288999.4000000016,16884.699999999993
177435465.0632,288999.4000000016,16884.699999999993
177435467.0632,288999.4000000016,16884.699999999993
177435469.0632,288999.4000000016,16884.699999999993
177435471.0632,288999.4000000016,16884.699999999993
177435473.0632,288999.4000000016,16884.699999999993
177435475.0632,288999.4000000016,16884.699999999993
177435477.0632,288999.4000000016,16884.699999999993
177435479.0632,288999.4000000016,16884.699999999993
177435481.0632,288999.5000000016,16884.699999999993
177435483.0632,288999.5000000016,16884.699999999993
177435485.0632,288999.5000000016,16884.799999999992
177435487.0632,288999.5000000016,16884.799999999992
177435489.0632,288999.5000000016,16884.799999999992
177435491.0632,288999.5000000016,16884.799999999992
177435493.0632,288999.5000000016,16884.799999999992
177435495.0632,288999.5000000016,16884.799999999992
177435497.0632,288999.5000000016,16884.799999999992
177435499.0632,288999.5000000016,16884.799999999992
177435501.0632,288999.5000000016,16884.799999999992
177435503.0632,288999.5000000016,16884.799999999992
177435505.0632,288999.5000000016,16884.799999999992
177435507.0632,288999.5000000016,16884.799999999992
177435509.0632,288999.5000000016,16884.799999999992
177435511.0632,288999.5000000016,16884.799999999992
177435513.0632,288999.5000000016,16884.799999999992
177435515.0632,288999.5000000016,16884.799999999992
177435517.0632,288999.5000000016,16884.799999999992
177435519.0632,288999.5000000016,16884.799999999992
177435521.0632,288999.5000000016,16884.799999999992
177435523.0632,288999.5000000016,16884.799999999992
177435525.0632,288999.5000000016,16884.799999999992
177435527.0632,288999.5000000016,16884.799999999992
177435529.0632,288999.5000000016,16884.799999999992
177435531.0632,288999.5000000016,16884.799999999992
177435533.0632,288999.5000000016,16884.799999999992
177435535.0632,288999.5000000016,16884.799999999992
177435537.0632,288999.5000000016,16884.699999999993
177435539.0632,288999.5000000016,16884.699999999993
177435541.0632,288999.5000000016,16884.699999999993
177435543.0632,288999.5000000016,16884.699999999993
177435545.0632,288999.5000000016,30490.399999999994
177435547.0632,288999.5000000016,30490.399999999994
177435549.0632,288999.5000000016,30490.399999999994
177435551.0632,288999.5000000016,30490.399999999994
177435553.0632,288999.5000000016,30490.399999999994
177435555.0632,288999.5000000016,30490.399999999994
177435557.0632,288999.5000000016,30490.399999999994
177435559.0632,288999.5000000016,30490.399999999994
177435561.0632,288999.5000000016,30490.399999999994
177435563.0632,288999.5000000016,30490.399999999994
177435565.0632,288999.5000000016,30490.399999999994
177435567.0632,288999.5000000016,30490.399999999994
177435569.0632,288999.5000000016,30490.399999999994
177435571.0632,288999.5000000016,30490.399999999994
177435573.0632,288999.5000000016,30490.399999999994
177435575.0632,288999.5000000016,30490.399999999994
177435577.0632,288999.5000000016,30490.399999999994
177435579.0632,288999.5000000016,30490.399999999994
177435581.0632,288999.5000000016,30490.399999999994
177435583.0632,288999.5000000016,30490.399999999994
177435585.0632,288999.5000000016,30490.399999999994
177435587.0632,288999.5000000016,30490.399999999994
177435589.0632,288999.5000000016,30490.399999999994
177435591.0632,288999.5000000016,30490.399999999994
177435593.0632,288999.5000000016,30490.399999999994
177435595.0632,288999.5000000016,30490.399999999994
177435597.0632,288999.5000000016,30490.399999999994
177435599.0632,288999.5000000016,30490.399999999994
177435601.0632,288999.4000000016,30490.399999999994
177435603.0632,288999.4000000016,30490.399999999994
177435605.0632,288999.4000000016,30490.399999999994
177435607.0632,288999.4000000016,30490.399999999994
177435609.0632,288999.4000000016,30490.399999999994
177435611.0632,288999.4000000016,30490.399999999994
177435613.0632,288999.4000000016,30490.399999999994
177435615.0632,288999.4000000016,30490.399999999994
177435617.0632,288999.5000000016,30490.399999999994
177435619.0632,288999.5000000016,30490.399999999994
177435621.0632,288999.5000000016,30490.399999999994
177435623.0632,288999.5000000016,30490.399999999994
177435625.0632,288999.5000000016,30490.399999999994
177435627.0632,288999.5000000016,30490.499999999993
177435629.0632,288999.5000000016,30490.499999999993
177435631.0632,288999.5000000016,30490.499999999993
177435633.0632,288999.5000000016,30490.499999999993
177435635.0632,288999.5000000016,30490.499999999993
177435637.0632,288999.5000000016,30490.499999999993
177435639.0632,288999.5000000016,30490.499999999993
177435641.0632,288999.5000000016,30490.499999999993
177435643.0632,288999.5000000016,30490.499999999993
177435645.0632,288999.5000000016,30490.499999999993
177435647.0632,288999.5000000016,30490.499999999993
177435649.0632,288999.5000000016,30490.499999999993
177435651.0632,288999.5000000016,30490.499999999993
177435653.0632,288999.5000000016,30490.499999999993
177435655.0632,288999.5000000016,30490.499999999993
177435657.0632,288999.5000000016,30490.499999999993
177435659.0632,288999.5000000016,30490.499999999993
177435661.0632,288999.5000000016,30490.499999999993
177435663.0632,288999.5000000016,30490.499999999993
177435665.0632,288999.5000000016,30490.499999999993
177435667.0632,288999.5000000016,30490.499999999993
177435669.0632,288999.5000000016,30490.499999999993
177435671.0632,288999.5000000016,30490.499999999993
177435673.0632,288999.5000000016,30490.499999999993
177435675.0632,288999.5000000016,30490.499999999993
177435677.0632,288999.5000000016,30490.499999999993
177435679.0632,288999.5000000016,30490.499999999993
177435681.0632,288999.5000000016,30490.399999999994
177435683.0632,288999.5000000016,30490.399999999994
177435685.0632,288999.5000000016,30490.399999999994
177435687.0632,288999.5000000016,30490.399999999994
177435689.0632,288999.5000000016,30490.399999999994
177435691.0632,288999.5000000016,30490.399999999994
177435693.0632,288999.5000000016,30490.399999999994
177435695.0632,288999.5000000016,30490.399999999994
177435697.0632,288999.5000000016,30490.399999999994
177435699.0632,288999.5000000016,30490.399999999994
177435701.0632,288999.5000000016,30490.399999999994
177435703.0632,288999.5000000016,30490.399999999994
177435705.0632,288999.5000000016,30490.399999999994
177435707.0632,288999.5000000016,30490.399999999994
177435709.0632,288999.5000000016,30490.399999999994
177435711.0632,288999.5000000016,30490.399999999994
177435713.0632,288999.5000000016,30490.399999999994
177435715.0632,288999.5000000016,30490.399999999994
177435717.0632,288999.5000000016,30490.399999999994
177435719.0632,288999.5000000016,30490.399999999994
177435721.0632,288999.5000000016,30490.399999999994
177435723.0632,288999.5000000016,30490.399999999994
177435725.0632,288999.5000000016,30490.399999999994
177435727.0632,288999.5000000016,16884.699999999993
177435729.0632,288999.5000000016,16884.699999999993
177435731.0632,288999.5000000016,16884.699999999993
177435733.0632,288999.5000000016,16884.699999999993
177435735.0632,288999.5000000016,16884.699999999993
177435737.0632,288999.5000000016,16884.699999999993
177435739.0632,288999.5000000016,16884.699999999993
177435741.0632,288999.5000000016,16884.699999999993
177435743.0632,288999.5000000016,16884.699999999993
177435745.0632,288999.5000000016,16884.699999999993
177435747.0632,288999.5000000016,16884.699999999993
177435749.0632,288999.5000000016,16884.699999999993
177435751.0632,288999.5000000016,16884.699999999993
177435753.0632,288999.5000000016,16884.699999999993
177435755.0632,288999.5000000016,16884.699999999993
177435757.0632,288999.5000000016,16884.699999999993
177435759.0632,288999.5000000016,16884.699999999993
177435761.0632,288999.5000000016,16884.699999999993
177435763.0632,288999.5000000016,16884.699999999993
177435765.0632,288999.5000000016,16884.699999999993
177435767.0632,288999.5000000016,16884.699999999993
177435769.0632,288999.5000000016,16884.699999999993
177435771.0632,288999.5000000016,16884.699999999993
177435773.0632,288999.5000000016,16884.699999999993
177435775.0632,288999.5000000016,16884.799999999992
177435777.0632,288999.5000000016,16884.799999999992
177435779.1632,288999.5000000016,16884.799999999992
177435781.0632,288999.5000000016,16884.799999999992
177435783.0632,288999.5000000016,16884.799999999992
177435785.0632,288999.5000000016,16884.799999999992
177435787.0632,288999.5000000016,16884.799999999992
177435789.0632,288999.5000000016,16884.799999999992
177435791.0632,288999.5000000016,16884.799999999992
177435793.0632,288999.5000000016,16884.799999999992
177435795.0632,288999.5000000016,16884.799999999992
177435797.0632,288999.5000000016,16884.799999999992
177435799.0632,288999.5000000016,16884.799999999992
177435801.0632,288999.5000000016,16884.799999999992
177435803.0632,288999.5000000016,16884.799999999992
177435805.0632,288999.5000000016,16884.799999999992
177435807.0632,288999.5000000016,16884.799999999992
177435809.0632,288999.5000000016,16884.799999999992
177435811.0632,288999.5000000016,16884.799999999992
177435813.0632,288999.5000000016,16884.799999999992
177435815.0632,288999.5000000016,16884.799999999992
177435817.0632,288999.5000000016,16884.799999999992
177435819.0632,288999.5000000016,16884.799999999992
177435821.0632,288999.5000000016,16884.799999999992
177435823.0632,288999.5000000016,16884.799999999992
177435825.0632,288999.5000000016,16884.799999999992
177435827.0632,288999.5000000016,16884.799999999992
177435829.0632,288999.5000000016,16884.799999999992
177435831.0632,288999.4000000016,16884.799999999992
177435833.0632,288999.4000000016,16884.799999999992
177435835.0632,288999.5000000016,16884.799999999992
177435837.0632,288999.5000000016,16884.799999999992
177435839.0632,288999.5000000016,16884.799999999992
177435841.0632,288999.5000000016,16884.799999999992
177435843.0632,288999.5000000016,16884.799999999992
177435845.0632,288999.5000000016,16884.799999999992
177435847.0632,288999.5000000016,16884.799999999992
177435849.0632,288999.5000000016,16884.799999999992
177435851.0632,288999.5000000016,16884.799999999992
177435853.0632,288999.5000000016,16884.799999999992
177435855.0632,288999.5000000016,16884.799999999992
177435857.0632,288999.5000000016,16884.799999999992
177435859.0632,288999.5000000016,16884.799999999992
177435861.0632,288999.5000000016,16884.799999999992
177435863.0632,288999.5000000016,16884.799999999992
177435865.0632,288999.5000000016,16884.699999999993
177435867.0632,288999.5000000016,16884.699999999993
177435869.0632,288999.5000000016,16884.699999999993
177435871.0632,288999.5000000016,16884.699999999993
177435873.0632,288999.5000000016,16884.699999999993
177435875.0632,288999.5000000016,16884.699999999993
177435877.0632,288999.5000000016,16884.699999999993
177435879.0632,288999.5000000016,16884.699999999993
177435881.0632,288999.5000000016,16884.699999999993
177435883.0632,288999.5000000016,16884.699999999993
177435885.0632,288999.5000000016,16884.699999999993
177435887.0632,288999.5000000016,16884.699999999993
177435889.0632,288999.5000000016,16884.699999999993
177435891.0632,288999.5000000016,16884.699999999993
177435893.0632,288999.5000000016,16884.699999999993
177435895.0632,288999.5000000016,16884.699999999993
177435897.0632,288999.5000000016,16884.699999999993
177435899.0632,288999.5000000016,16884.699999999993
177435901.0632,288999.5000000016,16884.699999999993
177435903.0632,288999.5000000016,16884.699999999993
177435905.0632,288999.5000000016,16884.699999999993
177435907.0632,288999.5000000016,16884.699999999993
177435909.0632,288999.5000000016,16884.699999999993
177435911.0632,288999.5000000016,16884.799999999992
177435913.0632,288999.5000000016,16884.799999999992
177435915.0632,288999.5000000016,16884.799999999992
177435917.0632,288999.5000000016,16884.799999999992
177435919.0632,288999.5000000016,16884.799999999992
177435921.0632,288999.5000000016,16884.799999999992
177435923.0632,288999.5000000016,16884.699999999993
177435925.0632,288999.5000000016,16884.699999999993
177435927.0632,288999.5000000016,16884.699999999993
177435929.0632,288999.5000000016,16884.699999999993
177435931.0632,288999.5000000016,16884.699999999993
177435933.0632,288999.5000000016,16884.699999999993
177435935.0632,288999.5000000016,16884.699999999993
177435937.0632,288999.5000000016,16884.699999999993
