Timestamp,Buy_Price,Sell_Price
177427393.1643,899998.3,4.7
177427395.1643,899998.3,4.7
177427397.1643,899998.3,4.7
177427399.1643,899998.3,4.7
177427401.1643,899998.3,4.7
177427403.1643,899998.3,4.7
177427405.1643,899998.3,4.7
177427407.1643,899998.3,4.7
177427409.1643,899998.3,4.7
177427411.1643,899998.3,4.7
177427413.1643,899998.3,4.7
177427415.1643,899998.3,4.7
177427417.1643,899998.3,4.7
177427419.1643,899998.3,4.7
177427421.1643,899998.3,4.7
177427423.1643,899998.3,4.7
177427425.1643,899998.3,4.7
177427427.1643,899998.3,4.7
177427429.1643,899998.3,4.7
177427431.1643,899998.3,4.7
177427433.1643,899998.3,4.7
177427435.1643,899998.3,4.7
177427437.1643,899998.3,4.7
177427439.1643,899998.3,4.7
177427441.1643,899998.3,4.7
177427443.1643,899998.3,4.7
177427445.1643,899998.3,4.7
177427447.1643,899998.3,4.7
177427449.1643,899998.3,4.7
177427451.1643,899998.3,4.7
177427453.1643,899998.3,4.7
177427455.1643,899998.3,4.7
177427457.1643,899998.3,4.7
177427459.1643,899998.3,4.7
177427461.1643,899998.3,4.7
177427463.1643,899998.3,4.7
177427465.1643,899998.3,4.7
177427467.1643,899998.3,4.7
177427469.1643,899998.3,4.7
177427471.1643,899998.3,4.7
177427473.1643,899998.3,4.7
177427475.1643,899998.3,4.7
177427477.1643,899998.3,4.7
177427479.1643,899998.3,4.7
177427481.1643,899998.3,4.7
177427483.1643,899998.3,4.7
177427485.1643,899998.3,4.7
177427487.1643,899998.3,4.7
177427489.1643,899998.3,4.7
177427491.1643,899998.3,4.7
177427493.1643,899998.3,4.7
177427495.1643,899998.3,4.7
177427497.1643,899998.3,4.7
177427499.1643,899998.3,4.7
177427501.1643,899998.3,4.7
177427503.1643,899998.3,4.7
177427505.1643,899998.3,4.7
177427507.1643,899998.3,4.7
177427509.1643,899998.3,4.7
177427511.1643,899998.3,4.7
177427513.1643,899998.3,4.7
177427515.1643,899998.3,4.7
177427517.1643,899998.3,4.7
177427519.1643,899998.3,4.7
177427521.1643,899998.3,4.7
177427523.1643,899998.3,4.7
177427525.1643,899998.3,4.7
177427527.1643,899998.3,4.7
177427529.1643,899998.3,4.7
177427531.1643,899998.3,4.7
177427533.1643,899998.3,4.7
177427535.1643,899998.3,4.7
177427537.1643,899998.3,4.7
177427539.1643,899998.3,4.7
177427541.1643,899998.3,4.7
177427543.1643,899998.3,4.7
177427545.1643,899998.3,4.7
177427547.1643,899998.3,4.7
177427549.1643,899998.3,4.7
177427551.1643,899998.3,4.7
177427553.1643,899998.3,4.7
177427555.1643,899998.3,4.7
177427557.1643,899998.3,4.7
177427559.1643,899998.3,4.7
177427561.1643,899998.3,4.7
177427563.1643,899998.3,4.7
177427565.1643,899998.3,4.7
177427567.1643,899998.3,4.7
177427569.1643,899998.3,4.7
177427571.1643,899998.3,4.7
177427573.1643,899998.3,4.7
177427575.1643,899998.3,4.7
177427577.1643,899998.3,4.7
177427579.1643,899998.3,4.7
177427581.1643,899998.3,4.7
177427583.1643,899998.3,4.7
177427585.1643,899998.3,4.7
177427587.1643,899998.3,4.7
177427589.1643,899998.3,4.7
177427591.1643,899998.3,4.7
177427593.1643,899998.3,4.7
177427595.1643,899998.3,4.7
177427597.1643,899998.3,4.7
177427599.1643,899998.3,4.7
177427601.1643,899998.3,4.7
177427603.1643,899998.3,4.7
177427605.1643,899998.3,4.7
177427607.1643,899998.3,4.7
177427609.1643,899998.3,4.7
177427611.1643,899998.3,4.7
177427613.1643,899998.3,4.7
177427615.1643,899998.3,4.7
177427617.1643,899998.3,4.7
177427619.1643,899998.3,4.7
177427621.1643,899998.3,4.7
177427623.1643,899998.3,4.7
177427625.1643,899998.3,4.7
177427627.1643,899998.3,4.7
177427629.1643,899998.3,4.7
177427631.1643,899998.3,4.7
177427633.1643,899998.3,4.7
177427635.1643,899998.3,4.7
177427637.1643,899998.3,4.7
177427639.1643,899998.3,4.7
177427641.1643,899998.3,4.7
177427643.1643,899998.3,4.7
177427645.1643,899998.3,4.7
177427647.1643,899998.3,4.7
177427649.1643,899998.3,4.7
177427651.1643,899998.3,4.7
177427653.1643,899998.3,4.7
177427655.1643,899998.3,4.7
177427657.1643,899998.3,4.7
177427659.1643,899998.3,4.7
177427661.1643,899998.3,4.7
177427663.1643,899998.3,4.7
177427665.1643,899998.3,4.7
177427667.1643,899998.3,4.7
177427669.1643,899998.3,4.7
177427671.1643,899998.3,4.7
177427673.1643,899998.3,4.7
177427675.1643,899998.3,4.7
177427677.1643,899998.3,4.7
177427679.1643,899998.3,4.7
177427681.1643,899998.3,4.7
177427683.1643,899998.3,4.7
177427685.1643,899998.3,4.7
177427687.1643,899998.3,4.7
177427689.1643,899998.3,4.7
177427691.1643,899998.3,4.7
177427693.1643,899998.3,4.7
177427695.1643,899998.3,4.7
177427697.1643,899998.3,4.7
177427699.1643,899998.3,4.7
177427701.1643,899998.3,4.7
177427703.1643,899998.3,4.7
177427705.1643,899998.3,4.7
177427707.1643,899998.3,4.7
177427709.1643,899998.3,4.7
177427711.1643,899998.3,4.7
177427713.1643,899998.3,4.7
177427715.1643,899998.3,4.7
177427717.1643,899998.3,4.7
177427719.1643,899998.3,4.7
177427721.1643,899998.3,4.7
177427723.1643,899998.3,4.7
177427725.1643,899998.3,4.7
177427727.1643,899998.3,4.7
177427729.1643,899998.3,4.7
177427731.1643,899998.3,4.7
177427733.1643,899998.3,4.7
177427735.1643,899998.3,4.7
177427737.1643,899998.3,4.7
177427739.1643,899998.3,4.7
177427741.1643,899998.3,4.7
177427743.1643,899998.3,4.7
177427745.1643,899998.3,4.7
177427747.1643,899998.3,4.7
177427749.1643,899998.3,4.7
177427751.1643,899998.3,4.7
177427753.1643,899998.3,4.7
177427755.1643,899998.3,4.7
177427757.1643,899998.3,4.7
177427759.1643,899998.3,4.7
177427761.1643,899998.3,4.7
177427763.1643,899998.3,4.7
177427765.1643,899998.3,4.7
177427767.1643,899998.3,4.7
177427769.1643,899998.3,4.7
177427771.1643,899998.3,4.7
177427773.1643,899998.3,4.7
177427775.1643,899998.3,4.7
177427777.1643,899998.3,4.7
177427779.1643,899998.3,4.7
177427781.1643,899998.3,4.7
177427783.1643,899998.3,4.7
177427785.1643,899998.3,4.7
177427787.1643,899998.2000000001,4.7
177427789.1643,899998.2000000001,4.7
177427791.1643,899998.2000000001,4.7
177427793.1643,899998.2000000001,4.7
177427795.1643,899998.2000000001,4.7
177427797.1643,899998.2000000001,4.7
177427799.1643,899998.2000000001,4.7
177427801.1643,899998.2000000001,4.7
177427805.1643,899998.2000000001,4.7
177427807.1643,899998.2000000001,4.7
177427809.1643,899998.2000000001,4.7
177427811.1643,899998.2000000001,4.7
177427813.1643,899998.2000000001,4.7
177427815.1643,899998.2000000001,4.7
177427817.1643,899998.2000000001,4.7
177427819.1643,899998.2000000001,4.7
177427821.1643,899998.2000000001,4.7
177427823.1643,899998.2000000001,4.7
177427825.1643,899998.2000000001,4.7
177427827.1643,899998.2000000001,4.7
177427829.1643,899998.2000000001,4.7
177427831.1643,899998.2000000001,4.7
177427833.1643,899998.2000000001,4.7
177427835.1643,899998.2000000001,4.7
177427837.1643,899998.2000000001,4.7
177427839.1643,899998.2000000001,4.7
177427841.1643,899998.2000000001,4.7
177427843.1643,899998.2000000001,4.7
177427845.1643,899998.2000000001,4.7
177427847.1643,899998.2000000001,4.7
177427849.1643,899998.2000000001,4.7
177427851.1643,899998.2000000001,4.7
177427853.1643,899998.2000000001,4.7
177427855.1643,899998.2000000001,4.7
177427857.1643,899998.2000000001,4.7
177427859.1643,899998.2000000001,4.7
177427861.1643,899998.2000000001,4.7
177427863.1643,899998.2000000001,4.7
177427865.1643,899998.2000000001,4.7
177427867.1643,899998.2000000001,4.7
177427869.1643,899998.2000000001,4.7
177427871.1643,899998.2000000001,4.7
177427873.1643,899998.2000000001,4.7
177427875.1643,899998.2000000001,4.7
177427877.1643,899998.2000000001,4.7
177427879.1643,899998.2000000001,4.7
177427881.1643,899998.2000000001,4.7
177427883.1643,899998.2000000001,4.7
177427885.1643,899998.2000000001,4.7
177427887.1643,899998.2000000001,4.7
177427889.1643,899998.2000000001,4.7
177427891.1643,899998.2000000001,4.7
177427893.1643,899998.2000000001,4.7
177427895.1643,899998.2000000001,4.7
177427897.1643,899998.2000000001,4.7
177427899.1643,899998.2000000001,4.7
177427901.1643,899998.2000000001,4.7
177427903.1643,899998.2000000001,4.7
177427905.1643,899998.2000000001,4.7
177427907.1643,899998.2000000001,4.7
177427909.1643,899998.2000000001,4.7
177427911.1643,899998.2000000001,4.7
177427913.1643,899998.2000000001,4.7
177427915.1643,899998.2000000001,4.7
177427917.1643,899998.2000000001,4.7
177427919.1643,899998.2000000001,4.7
177427921.1643,899998.2000000001,4.7
177427923.1643,899998.2000000001,4.7
177427925.1643,899998.2000000001,4.7
177427927.1643,899998.2000000001,4.7
177427929.1643,899998.2000000001,4.7
177427931.1643,899998.2000000001,4.7
177427933.1643,899998.2000000001,4.7
177427935.1643,899998.2000000001,4.7
177427937.1643,899998.2000000001,4.7
177427939.1643,899998.2000000001,4.7
177427941.1643,899998.2000000001,4.7
177427943.1643,899998.2000000001,4.7
177427945.1643,899998.2000000001,4.7
177427947.1643,899998.2000000001,4.7
177427949.1643,899998.2000000001,4.7
177427951.1643,899998.2000000001,4.7
177427953.1643,899998.2000000001,4.7
177427955.1643,899998.2000000001,4.7
177427957.1643,899998.2000000001,4.7
177427959.1643,899998.2000000001,4.7
177427961.1643,899998.2000000001,4.7
177427963.1643,899998.2000000001,4.7
177427965.1643,899998.2000000001,4.7
177427967.1643,899998.2000000001,4.7
177427969.1643,899998.2000000001,4.7
177427971.1643,899998.2000000001,4.7
177427973.1643,899998.2000000001,4.7
177427975.1643,899998.2000000001,4.7
177427977.1643,899998.2000000001,4.7
177427979.1643,899998.2000000001,4.7
177427981.1643,899998.2000000001,4.7
177427983.1643,899998.2000000001,4.7
177427985.1643,899998.2000000001,4.7
177427987.1643,899998.2000000001,4.7
177427989.1643,899998.2000000001,4.7
177427991.1643,899998.2000000001,4.7
177427993.1643,899998.2000000001,4.7
177427995.1643,899998.2000000001,4.7
177427997.1643,899998.2000000001,4.7
177427999.1643,899998.2000000001,4.7
177428001.1643,899998.2000000001,4.7
177428003.1643,899998.2000000001,4.7
177428005.1643,899998.2000000001,4.7
177428007.1643,899998.2000000001,4.7
177428009.1643,899998.2000000001,4.7
177428011.1643,899998.2000000001,4.7
177428013.1643,899998.2000000001,4.7
177428015.1643,899998.2000000001,4.7
177428017.1643,899998.2000000001,4.7
177428019.1643,899998.2000000001,4.7
177428021.1643,899998.2000000001,4.7
177428023.1643,899998.2000000001,4.7
177428025.1643,899998.2000000001,4.7
177428027.1643,899998.2000000001,4.7
177428029.1643,899998.2000000001,4.7
177428031.1643,899998.2000000001,4.7
177428033.1643,899998.2000000001,4.7
177428035.1643,899998.2000000001,4.7
177428037.1643,899998.2000000001,4.7
177428039.1643,899998.2000000001,4.7
177428041.1643,899998.2000000001,4.7
177428043.1643,899998.2000000001,4.7
177428045.1643,899998.2000000001,4.7
177428047.1643,899998.2000000001,4.7
177428049.1643,899998.2000000001,4.7
177428051.1643,899998.2000000001,4.7
177428053.1643,899998.2000000001,4.7
177428055.1643,899998.2000000001,4.7
177428057.1643,899998.2000000001,4.7
177428059.1643,899998.2000000001,4.7
177428061.1643,899998.2000000001,4.7
177428063.1643,899998.2000000001,4.7
177428065.1643,899998.2000000001,4.7
177428067.1643,899998.2000000001,4.7
177428069.1643,899998.2000000001,4.7
177428071.1643,899998.2000000001,4.7
177428073.1643,899998.2000000001,4.7
177428075.1643,899998.2000000001,4.7
177428077.1643,899998.2000000001,4.7
177428079.1643,899998.2000000001,4.7
177428081.1643,899998.2000000001,4.7
177428083.1643,899998.2000000001,4.7
177428085.1643,899998.2000000001,4.7
177428087.1643,899998.2000000001,4.7
177428089.1643,899998.2000000001,4.7
177428091.1643,899998.2000000001,4.7
177428093.1643,899998.2000000001,4.7
177428095.1643,899998.2000000001,4.7
177428097.1643,899998.2000000001,4.7
177428099.1643,899998.2000000001,4.7
177428101.1643,899998.2000000001,4.7
177428103.1643,899998.2000000001,4.7
177428105.1643,899998.2000000001,4.7
177428107.1643,899998.2000000001,4.7
177428109.1643,899998.2000000001,4.7
177428111.1643,899998.2000000001,4.7
177428113.1643,899998.2000000001,4.7
177428115.1643,899998.2000000001,4.7
177428117.1643,899998.2000000001,4.7
177428119.1643,899998.2000000001,4.7
177428121.1643,899998.2000000001,4.7
177428123.1643,899998.2000000001,4.7
177428125.1643,899998.2000000001,4.7
177428127.1643,899998.2000000001,4.7
177428129.1643,899998.2000000001,4.7
177428131.1643,899998.2000000001,4.7
177428133.1643,899998.2000000001,4.7
177428135.1643,899998.2000000001,4.7
177428137.1643,899998.2000000001,4.7
177428139.1643,899998.2000000001,4.7
177428141.1643,899998.2000000001,4.7
177428143.1643,899998.2000000001,4.7
177428145.1643,899998.2000000001,4.7
177428147.1643,899998.2000000001,4.7
177428149.1643,899998.2000000001,4.7
177428151.1643,899998.2000000001,4.7
177428153.1643,899998.2000000001,4.7
177428155.1643,899998.2000000001,4.7
177428157.1643,899998.2000000001,4.7
177428159.1643,899998.2000000001,4.7
177428161.1643,899998.2000000001,4.7
177428163.1643,899998.2000000001,4.7
177428165.1643,899998.2000000001,4.7
177428167.1643,899998.2000000001,4.7
177428169.1643,899998.2000000001,4.7
177428171.1643,899998.2000000001,4.7
177428173.1643,899998.2000000001,4.7
177428175.1643,899998.2000000001,4.7
177428177.1643,899998.2000000001,4.7
177428179.1643,899998.2000000001,4.7
177428181.1643,899998.2000000001,4.7
177428183.1643,899998.2000000001,4.7
177428185.1643,899998.2000000001,4.7
177428187.1643,899998.2000000001,4.7
177428189.1643,899998.2000000001,4.7
177428191.1643,899998.2000000001,4.7
177428193.1643,899998.2000000001,4.7
177428195.1643,899998.2000000001,4.7
177428197.1643,899998.2000000001,4.7
177428199.1643,899998.2000000001,4.7
177428201.1643,899998.2000000001,4.7
177428203.1643,899998.2000000001,4.7
177428205.1643,899998.2000000001,4.7
177428207.1643,899998.2000000001,4.7
177428209.1643,899998.2000000001,4.7
177428211.1643,899998.2000000001,4.7
177428213.1643,899998.2000000001,4.7
177428215.1643,899998.2000000001,4.7
177428217.1643,899998.2000000001,4.7
177428219.1643,899998.2000000001,4.7
177428221.1643,899998.2000000001,4.7
177428223.1643,899998.2000000001,4.7
177428225.1643,899998.2000000001,4.7
177428227.1643,899998.2000000001,4.7
177428229.1643,899998.2000000001,4.7
177428231.1643,899998.2000000001,4.7
177428233.1643,899998.2000000001,4.7
177428235.1643,899998.2000000001,4.7
177428237.1643,899998.2000000001,4.7
177428239.1643,899998.2000000001,4.7
177428241.1643,899998.2000000001,4.7
177428243.1643,899998.2000000001,4.7
177428245.1643,899998.2000000001,4.7
177428247.1643,899998.2000000001,4.7
177428249.1643,899998.2000000001,4.7
177428251.1643,899998.2000000001,4.7
177428253.1643,899998.2000000001,4.7
177428255.1643,899998.2000000001,4.7
177428257.1643,899998.2000000001,4.7
177428259.1643,899998.2000000001,4.7
177428261.1643,899998.2000000001,4.7
177428263.1643,899998.2000000001,4.7
177428265.1643,899998.2000000001,4.7
177428267.1643,899998.2000000001,4.7
177428269.1643,899998.2000000001,4.7
177428271.1643,899998.2000000001,4.7
177428273.1643,899998.2000000001,4.7
177428275.1643,899998.2000000001,4.7
177428277.1643,899998.2000000001,4.7
177428279.1643,899998.2000000001,4.7
177428281.1643,899998.2000000001,4.7
177428283.1643,899998.2000000001,4.7
177428285.1643,899998.2000000001,4.7
177428287.1643,899998.2000000001,4.7
177428289.1643,899998.2000000001,4.7
177428291.1643,899998.2000000001,4.7
177428293.1643,899998.2000000001,4.7
177428295.1643,899998.2000000001,4.7
177428297.1643,899998.2000000001,4.7
177428299.1643,899998.2000000001,4.7
177428301.1643,899998.2000000001,4.7
177428303.1643,899998.2000000001,4.7
177428305.1643,899998.2000000001,4.7
177428307.1643,899998.2000000001,4.7
177428309.1643,899998.2000000001,4.7
177428311.1643,899998.2000000001,4.7
177428313.1643,899998.2000000001,4.7
177428315.1643,899998.2000000001,4.7
177428317.1643,899998.2000000001,4.7
177428319.1643,899998.2000000001,4.7
177428321.1643,899998.2000000001,4.7
177428323.1643,899998.2000000001,4.7
177428325.1643,899998.2000000001,4.7
177428327.1643,899998.2000000001,4.7
177428329.1643,899998.2000000001,4.7
177428331.1643,899998.2000000001,4.7
177428333.1643,899998.2000000001,4.7
177428335.1643,899998.2000000001,4.7
177428337.1643,899998.2000000001,4.7
177428339.1643,899998.2000000001,4.7
177428341.1643,899998.2000000001,4.7
177428343.1643,899998.2000000001,4.7
177428345.1643,899998.2000000001,4.7
177428347.1643,899998.2000000001,4.7
177428349.1643,899998.2000000001,4.7
177428351.1643,899998.2000000001,4.7
177428353.1643,899998.2000000001,4.7
177428355.1643,899998.2000000001,4.7
177428357.1643,899998.2000000001,4.7
177428359.1643,899998.2000000001,4.7
177428361.1643,899998.2000000001,4.7
177428363.1643,899998.2000000001,4.7
177428365.1643,899998.2000000001,4.7
177428367.1643,899998.2000000001,4.7
177428369.1643,899998.2000000001,4.7
177428371.1643,899998.2000000001,4.7
177428373.1643,899998.2000000001,4.7
177428375.1643,899998.2000000001,4.7
177428377.1643,899998.2000000001,4.7
177428379.1643,899998.2000000001,4.7
177428381.1643,899998.2000000001,4.7
177428383.1643,899998.2000000001,4.7
177428385.1643,899998.2000000001,4.7
177428387.1643,899998.2000000001,4.7
177428389.1643,899998.2000000001,4.7
177428391.1643,899998.2000000001,4.7
177428393.1643,899998.2000000001,4.7
177428395.0643,899998.2000000001,4.7
177428397.0643,899998.2000000001,4.7
177428399.0643,899998.2000000001,4.7
177428401.0643,899998.2000000001,4.7
177428403.0643,899998.2000000001,4.7
177428405.0643,899998.2000000001,4.7
177428407.0643,899998.2000000001,4.7
177428409.0643,899998.2000000001,4.7
177428411.0643,899998.2000000001,4.7
177428413.0643,899998.2000000001,4.7
177428415.0643,899998.2000000001,4.7
177428417.0643,899998.2000000001,4.7
177428419.0643,899998.2000000001,4.7
177428421.0643,899998.2000000001,4.7
177428423.0643,899998.2000000001,4.7
177428425.0643,899998.2000000001,4.7
177428427.0643,899998.2000000001,4.7
177428429.0643,899998.2000000001,4.7
177428431.0643,899998.2000000001,4.7
177428433.0643,899998.2000000001,4.7
177428435.0643,899998.2000000001,4.7
177428437.0643,899998.2000000001,4.7
177428439.0643,899998.2000000001,4.7
177428441.0643,899998.2000000001,4.7
177428443.0643,899998.2000000001,4.7
177428445.0643,899998.2000000001,4.7
177428447.0643,899998.2000000001,4.7
177428449.0643,899998.2000000001,4.7
177428451.0643,899998.2000000001,4.7
177428453.0643,899998.2000000001,4.7
177428455.0643,899998.2000000001,4.7
177428457.0643,899998.2000000001,4.7
177428459.0643,899998.2000000001,4.7
177428461.0643,899998.2000000001,4.7
177428463.0643,899998.2000000001,4.7
177428465.0643,899998.2000000001,4.7
177428467.0643,899998.2000000001,4.7
177428469.0643,899998.2000000001,4.7
177428471.0643,899998.2000000001,4.7
177428473.0643,899998.2000000001,4.7
177428475.0643,899998.2000000001,4.7
177428477.0643,899998.2000000001,4.7
177428479.0643,899998.2000000001,4.7
177428481.0643,899998.2000000001,4.7
177428483.0643,899998.2000000001,4.7
177428485.0643,899998.2000000001,4.7
177428487.0643,899998.2000000001,4.7
177428489.0643,899998.2000000001,4.7
177428491.0643,899998.2000000001,4.7
177428493.0643,899998.2000000001,4.7
177428495.0643,899998.2000000001,4.7
177428497.0643,899998.2000000001,4.7
177428499.0643,899998.2000000001,4.7
177428501.0643,899998.2000000001,4.7
177428503.0643,899998.2000000001,4.7
177428505.0643,899998.2000000001,4.7
177428507.0643,899998.2000000001,4.7
177428509.0643,899998.2000000001,4.7
177428511.0643,899998.2000000001,4.7
177428513.1643,899998.2000000001,4.7
177428515.0643,899998.2000000001,4.7
177428517.0643,899998.2000000001,4.7
177428519.0643,899998.2000000001,4.7
177428521.0643,899998.2000000001,4.7
177428523.0643,899998.2000000001,4.7
177428525.0643,899998.2000000001,4.7
177428527.0643,899998.2000000001,4.7
177428529.0643,899998.2000000001,4.7
177428531.0643,899998.2000000001,4.7
177428533.0643,899998.2000000001,4.7
177428535.0643,899998.2000000001,4.7
177428537.0643,899998.2000000001,4.7
177428539.0643,899998.2000000001,4.7
177428541.0643,899998.2000000001,4.7
177428543.0643,899998.2000000001,4.7
177428545.0643,899998.2000000001,4.7
177428547.0643,899998.2000000001,4.7
177428549.0643,899998.2000000001,4.7
177428551.0643,899998.2000000001,4.7
177428553.0643,899998.2000000001,4.7
177428555.0643,899998.2000000001,4.7
177428557.0643,899998.2000000001,4.7
177428559.0643,899998.2000000001,4.7
177428561.0643,899998.2000000001,4.7
177428563.0643,899998.2000000001,4.7
177428565.0643,899998.2000000001,4.7
177428567.0643,899998.2000000001,4.7
177428569.0643,899998.2000000001,4.7
177428571.0643,899998.2000000001,4.7
177428573.0643,899998.2000000001,4.7
177428575.0643,899998.2000000001,4.7
177428577.0643,899998.2000000001,4.7
177428579.0643,899998.2000000001,4.7
177428581.0643,899998.2000000001,4.7
177428583.0643,899998.2000000001,4.7
177428585.0643,899998.2000000001,4.7
177428587.0643,899998.2000000001,4.7
177428589.0643,899998.2000000001,4.7
177428591.0643,899998.2000000001,4.7
177428593.0643,899998.2000000001,4.7
177428595.0643,899998.2000000001,4.7
177428597.0643,899998.2000000001,4.7
177428599.0643,899998.2000000001,4.7
177428601.0643,899998.2000000001,4.7
177428603.0643,899998.2000000001,4.7
177428605.0643,899998.2000000001,4.7
177428607.0643,899998.2000000001,4.7
177428609.0643,899998.2000000001,4.7
177428611.0643,899998.2000000001,4.7
177428613.0643,899998.2000000001,4.7
177428615.0643,899998.2000000001,4.7
177428617.0643,899998.2000000001,4.7
177428619.0643,899998.2000000001,4.7
177428621.0643,899998.2000000001,4.7
177428623.0643,899998.2000000001,4.7
177428625.0643,899998.2000000001,4.7
177428627.0643,899998.2000000001,4.7
177428629.0643,899998.2000000001,4.7
177428631.0643,899998.2000000001,4.7
177428633.0643,899998.2000000001,4.7
177428635.0643,899998.2000000001,4.7
177428637.0643,899998.2000000001,4.7
177428639.0643,899998.2000000001,4.7
177428641.0643,899998.2000000001,4.7
177428643.0643,899998.2000000001,4.7
177428645.0643,899998.2000000001,4.7
177428647.0643,899998.2000000001,4.7
177428649.0643,899998.2000000001,4.7
177428651.0643,899998.2000000001,4.7
177428653.0643,899998.2000000001,4.7
177428655.0643,899998.2000000001,4.7
177428657.0643,899998.2000000001,4.7
177428659.0643,899998.2000000001,4.7
177428661.0643,899998.2000000001,4.7
177428663.0643,899998.2000000001,4.7
177428665.0643,899998.2000000001,4.7
177428667.0643,899998.2000000001,4.7
177428669.0643,899998.2000000001,4.7
177428671.0643,899998.2000000001,4.7
177428673.0643,899998.2000000001,4.7
177428675.0643,899998.2000000001,4.7
177428677.0643,899998.2000000001,4.7
177428679.0643,899998.2000000001,4.7
177428681.0643,899998.2000000001,4.7
177428683.0643,899998.2000000001,4.7
177428685.0643,899998.2000000001,4.7
177428687.0643,899998.2000000001,4.7
177428689.0643,899998.2000000001,4.7
177428691.0643,899998.2000000001,4.7
177428693.0643,899998.2000000001,4.7
177428695.0643,899998.2000000001,4.7
177428697.0643,899998.2000000001,4.7
177428699.0643,899998.2000000001,4.7
177428701.0643,899998.2000000001,4.7
177428703.0643,899998.2000000001,4.7
177428705.0643,899998.2000000001,4.7
177428707.0643,899998.2000000001,4.7
177428709.0643,899998.2000000001,4.7
177428711.0643,899998.2000000001,4.7
177428713.0643,899998.2000000001,4.7
177428715.0643,899998.2000000001,4.7
177428717.0643,899998.2000000001,4.7
177428719.0643,899998.2000000001,4.7
177428721.0643,899998.2000000001,4.7
177428723.0643,899998.2000000001,4.7
177428725.0643,899998.2000000001,4.7
177428727.0643,899998.2000000001,4.7
177428729.0643,899998.2000000001,4.7
177428731.0643,899998.2000000001,4.7
177428733.0643,899998.2000000001,4.7
177428735.0643,899998.2000000001,4.7
177428737.0643,899998.2000000001,4.7
177428739.0643,899998.2000000001,4.7
177428741.0643,899998.2000000001,4.7
177428742.9643,899998.2000000001,4.7
177428744.9643,899998.2000000001,4.7
177428746.9643,899998.2000000001,4.7
177428748.9643,899998.2000000001,4.7
177428750.9643,899998.2000000001,4.7
177428752.9643,899998.2000000001,4.7
177428754.9643,899998.2000000001,4.7
177428756.9643,899998.2000000001,4.7
177428758.9643,899998.2000000001,4.7
177428760.9643,899998.2000000001,4.7
177428762.9643,899998.2000000001,4.7
177428764.9643,899998.2000000001,4.7
177428766.9643,899998.2000000001,4.7
177428768.9643,899998.2000000001,4.7
177428770.9643,899998.2000000001,4.7
177428772.9643,899998.2000000001,4.7
177428774.9643,899998.2000000001,4.7
177428776.9643,899998.2000000001,4.7
177428778.9643,899998.2000000001,4.7
177428780.9643,899998.2000000001,4.7
177428782.9643,899998.2000000001,4.7
177428784.9643,899998.2000000001,4.7
177428786.9643,899998.2000000001,4.7
177428788.9643,899998.2000000001,4.7
177428790.9643,899998.2000000001,4.7
177428792.9643,899998.2000000001,4.7
177428794.9643,899998.2000000001,4.7
177428796.9643,899998.2000000001,4.7
177428798.9643,899998.2000000001,4.7
177428800.9643,899998.2000000001,4.7
177428802.9643,899998.2000000001,4.7
177428804.9643,899998.2000000001,4.7
177428806.9643,899998.2000000001,4.7
177428808.9643,899998.2000000001,4.7
177428810.9643,899998.2000000001,4.7
177428812.9643,899998.2000000001,4.7
177428814.9643,899998.2000000001,4.7
177428816.9643,899998.2000000001,4.7
177428818.9643,899998.2000000001,4.7
177428820.9643,899998.2000000001,4.7
177428822.9643,899998.2000000001,4.7
177428824.9643,899998.2000000001,4.7
177428826.9643,899998.2000000001,4.7
177428828.9643,899998.2000000001,4.7
177428830.9643,899998.2000000001,4.7
177428832.9643,899998.2000000001,4.7
177428834.9643,899998.2000000001,4.7
177428836.9643,899998.2000000001,4.7
177428838.9643,899998.2000000001,4.7
177428840.9643,899998.2000000001,4.7
177428842.9643,899998.2000000001,4.7
177428844.9643,899998.2000000001,4.7
177428846.9643,899998.2000000001,4.7
177428848.9643,899998.2000000001,4.7
177428850.9643,899998.2000000001,4.3
177428852.9643,899998.2000000001,4.3
177428854.9643,899998.2000000001,4.3
177428856.9643,899998.2000000001,4.3
177428858.9643,899998.2000000001,4.3
177428860.9643,899998.2000000001,4.3
177428862.9643,899998.2000000001,4.3
177428864.9643,899998.2000000001,4.3
177428866.9643,899998.2000000001,4.3
177428868.9643,899998.2000000001,4.3
177428870.9643,899998.2000000001,4.3
177428872.9643,899998.2000000001,4.3
177428874.9643,899998.2000000001,4.3
177428876.9643,899998.2000000001,4.3
177428878.9643,899998.2000000001,4.3
177428880.9643,899998.2000000001,4.3
177428882.9643,899998.2000000001,4.3
177428884.9643,899998.2000000001,4.3
177428886.9643,899998.2000000001,4.3
177428888.9643,899998.2000000001,4.3
177428890.9643,899998.2000000001,4.3
177428892.9643,899998.2000000001,4.3
177428894.9643,899998.2000000001,4.3
177428896.9643,899998.2000000001,4.3
177428898.9643,899998.2000000001,4.3
177428900.9643,899998.2000000001,4.3
177428902.9643,899998.2000000001,4.3
177428904.9643,899998.2000000001,4.3
177428906.9643,899998.2000000001,4.3
177428908.9643,899998.2000000001,4.3
177428910.9643,899998.2000000001,4.3
177428912.9643,899998.2000000001,4.3
177428914.9643,899998.2000000001,4.3
177428916.9643,899998.2000000001,4.3
177428918.9643,899998.2000000001,4.3
177428920.9643,899998.2000000001,4.3
177428922.9643,899998.2000000001,4.3
177428924.9643,899998.2000000001,4.3
177428926.9643,899998.2000000001,4.3
177428928.9643,899998.2000000001,4.3
177428930.9643,899998.2000000001,4.3
177428932.9643,899998.2000000001,4.3
177428934.9643,899998.2000000001,4.3
177428936.9643,899998.2000000001,4.3
177428938.9643,899998.2000000001,4.3
177428940.9643,899998.2000000001,4.3
177428942.9643,899998.2000000001,4.3
177428944.9643,899998.2000000001,4.3
177428946.9643,899998.2000000001,4.3
177428948.9643,899998.2000000001,4.3
177428950.9643,899998.2000000001,4.3
177428952.9643,899998.2000000001,4.3
177428954.9643,899998.2000000001,4.3
177428956.9643,899998.2000000001,4.3
177428958.9643,899998.2000000001,4.3
177428960.9643,899998.2000000001,4.3
177428962.9643,899998.2000000001,4.3
177428964.9643,899998.2000000001,4.3
177428966.9643,899998.2000000001,4.3
177428968.9643,899998.2000000001,4.3
177428970.9643,899998.2000000001,4.3
177428972.9643,899998.2000000001,4.3
177428974.9643,899998.2000000001,4.3
177428976.9643,899998.2000000001,4.3
177428978.9643,899998.2000000001,4.3
177428980.9643,899998.2000000001,4.3
177428982.9643,899998.2000000001,4.3
177428984.9643,899998.2000000001,4.3
177428986.9643,899998.2000000001,4.3
177428988.9643,899998.2000000001,4.3
177428990.9643,899998.2000000001,4.3
177428992.9643,899998.2000000001,4.3
177428994.9643,899998.2000000001,4.3
177428996.9643,899998.2000000001,4.3
177428998.9643,899998.2000000001,4.3
177429000.9643,899998.2000000001,4.3
177429002.9643,899998.2000000001,4.3
177429004.9643,899998.2000000001,4.3
177429006.9643,899998.2000000001,4.3
177429008.9643,899998.2000000001,4.3
177429010.9643,899998.2000000001,4.3
177429012.9643,899998.2000000001,4.3
177429014.9643,899998.2000000001,4.3
177429016.9643,899998.2000000001,4.3
177429018.9643,899998.2000000001,4.3
177429020.9643,899998.2000000001,4.3
177429022.9643,899998.2000000001,4.3
177429024.9643,899998.2000000001,4.3
177429026.9643,899998.2000000001,0.0
177429028.9643,899998.2000000001,0.0
177429030.9643,899998.2000000001,0.0
177429032.9643,899998.2000000001,0.0
177429034.9643,899998.2000000001,0.0
177429036.9643,899998.2000000001,0.0
177429038.9643,899998.2000000001,0.0
177429040.9643,899998.2000000001,0.0
177429042.9643,899998.2000000001,0.0
177429044.9643,899998.2000000001,0.0
177429046.9643,899998.2000000001,0.0
177429048.9643,899998.2000000001,0.0
177429050.9643,899998.2000000001,0.0
177429052.9643,899998.2000000001,0.0
177429054.9643,899998.2000000001,0.0
177429056.9643,899998.2000000001,0.0
177429058.9643,899998.2000000001,0.0
177429060.9643,899998.2000000001,0.0
177429062.9643,899998.2000000001,0.0
177429065.0643,899998.2000000001,0.0
177429066.9643,899998.2000000001,0.0
177429068.9643,899998.2000000001,0.0
177429070.9643,899998.2000000001,0.0
177429072.9643,899998.2000000001,0.0
177429074.9643,899998.2000000001,0.0
177429076.9643,899998.2000000001,0.0
177429078.9643,899998.2000000001,0.0
177429080.9643,899998.2000000001,0.0
177429082.9643,899998.2000000001,0.0
177429084.9643,899998.2000000001,0.0
177429086.9643,899998.2000000001,0.0
177429088.9643,899998.2000000001,0.0
177429090.9643,899998.2000000001,0.0
177429092.9643,899998.2000000001,0.0
177429094.9643,899998.2000000001,0.0
177429096.9643,899998.2000000001,0.0
177429098.9643,899998.2000000001,0.0
177429100.9643,899998.2000000001,0.0
177429102.9643,899998.2000000001,0.0
177429104.9643,899998.2000000001,0.0
177429106.9643,899998.2000000001,0.0
177429108.9643,899998.2000000001,0.0
177429110.9643,899998.2000000001,0.0
177429112.9643,899998.2000000001,0.0
177429114.9643,899998.2000000001,0.0
177429116.9643,899998.2000000001,0.0
177429118.9643,899998.2000000001,0.0
177429120.9643,899998.2000000001,0.0
177429122.9643,899998.2000000001,0.0
177429124.9643,899998.2000000001,0.0
177429126.9643,899998.2000000001,0.0
177429128.9643,899998.2000000001,0.0
177429130.9643,899998.2000000001,0.0
177429132.9643,899998.2000000001,0.0
177429134.9643,899998.2000000001,0.0
177429136.9643,899998.2000000001,0.0
177429138.9643,899998.2000000001,0.0
177429140.9643,899998.2000000001,0.0
177429142.9643,899998.2000000001,0.0
177429144.9643,899998.2000000001,0.0
177429146.9643,899998.2000000001,0.0
177429148.9643,899998.2000000001,0.0
177429150.9643,899998.2000000001,0.0
177429152.9643,899998.2000000001,0.0
177429154.9643,899998.2000000001,0.0
177429156.9643,899998.2000000001,0.0
177429158.9643,899998.2000000001,0.0
177429160.9643,899998.2000000001,0.0
177429162.9643,899998.2000000001,0.0
177429164.9643,899998.2000000001,0.0
177429166.9643,899998.2000000001,0.0
177429168.9643,899998.2000000001,0.0
177429170.9643,899998.2000000001,0.0
177429172.9643,899998.2000000001,0.0
177429174.9643,899998.2000000001,0.0
177429176.9643,899998.2000000001,0.0
177429178.9643,899998.2000000001,0.0
177429180.9643,899998.2000000001,0.0
177429182.9643,899998.2000000001,0.0
177429184.9643,899998.2000000001,0.0
177429186.9643,899998.2000000001,0.0
177429188.9643,899998.2000000001,0.0
177429190.9643,899998.2000000001,0.0
177429192.9643,899998.2000000001,0.0
177429194.9643,899998.2000000001,0.0
177429196.9643,899998.2000000001,0.0
177429198.9643,899998.2000000001,0.0
177429200.9643,899998.2000000001,0.0
177429202.9643,899998.2000000001,0.0
177429204.9643,899998.2000000001,0.0
177429206.9643,899998.2000000001,0.0
177429208.9643,899998.2000000001,0.0
177429210.9643,899998.2000000001,0.0
177429212.9643,899998.2000000001,0.0
177429214.9643,899998.2000000001,0.0
177429216.9643,899998.2000000001,0.0
177429218.9643,899998.2000000001,0.0
177429220.9643,899998.2000000001,0.0
177429222.9643,899998.2000000001,0.0
177429224.9643,899998.2000000001,0.0
177429226.9643,899998.2000000001,0.0
177429228.9643,899998.2000000001,0.0
177429230.9643,899998.2000000001,0.0
177429232.9643,899998.2000000001,0.0
177429234.9643,899998.2000000001,0.0
177429236.9643,899998.2000000001,0.0
177429238.9643,899998.2000000001,0.0
177429240.9643,899998.2000000001,0.0
177429242.9643,899998.2000000001,0.0
177429244.9643,899998.2000000001,0.0
177429246.9643,899998.2000000001,0.0
177429248.9643,899998.2000000001,0.0
177429250.9643,899998.2000000001,0.0
177429252.9643,899998.2000000001,0.0
177429254.9643,899998.2000000001,0.0
177429256.9643,899998.2000000001,0.0
177429258.9643,899998.2000000001,0.0
177429260.9643,899998.2000000001,0.0
177429262.9643,899998.2000000001,0.0
177429264.9643,899998.2000000001,0.0
177429266.9643,899998.2000000001,0.0
177429268.9643,899998.2000000001,0.0
177429270.9643,899998.2000000001,0.0
177429272.9643,899998.2000000001,0.0
177429274.9643,899998.2000000001,0.0
177429276.9643,899998.2000000001,0.0
177429278.9643,899998.2000000001,0.0
177429280.9643,899998.2000000001,0.0
177429282.9643,899998.2000000001,0.0
177429284.9643,899998.2000000001,0.0
177429286.9643,899998.2000000001,0.0
177429288.9643,899998.2000000001,0.0
177429290.9643,899998.2000000001,0.0
177429292.9643,899998.2000000001,0.0
177429294.9643,899998.2000000001,0.0
177429296.9643,899998.2000000001,0.0
177429298.9643,899998.2000000001,0.0
177429300.9643,899998.2000000001,0.0
177429302.9643,899998.2000000001,0.0
177429304.9643,899998.2000000001,0.0
177429306.9643,899998.2000000001,0.0
177429308.9643,899998.2000000001,0.0
177429310.9643,899998.2000000001,0.0
177429312.9643,899998.2000000001,0.0
177429314.9643,899998.2000000001,0.0
177429316.9643,899998.2000000001,0.0
177429318.9643,899998.2000000001,0.0
177429320.9643,899998.2000000001,0.0
177429322.9643,899998.2000000001,0.0
177429324.9643,899998.2000000001,0.0
177429326.9643,899998.2000000001,0.0
177429328.9643,899998.2000000001,0.0
177429330.9643,899998.2000000001,0.0
177429332.9643,899998.2000000001,0.0
177429334.9643,899998.2000000001,0.0
177429336.9643,899998.2000000001,0.0
177429338.9643,899998.2000000001,0.0
177429340.9643,899998.2000000001,0.0
177429342.9643,899998.2000000001,0.0
177429344.9643,899998.2000000001,0.0
177429346.9643,899998.2000000001,0.0
177429348.9643,899998.2000000001,0.0
177429350.9643,899998.2000000001,0.0
177429352.9643,899998.2000000001,0.0
177429354.9643,899998.2000000001,0.0
177429356.9643,899998.2000000001,0.0
177429358.9643,899998.2000000001,0.0
177429360.9643,899998.2000000001,0.0
177429362.9643,899998.2000000001,0.0
177429364.9643,899998.2000000001,0.0
177429366.9643,899998.2000000001,0.0
177429368.9643,899998.2000000001,0.0
177429370.9643,899998.2000000001,0.0
177429372.9643,899998.2000000001,0.0
177429374.9643,899998.2000000001,0.0
177429376.9643,899998.2000000001,0.0
177429378.9643,899998.2000000001,0.0
177429380.9643,899998.2000000001,0.0
177429382.9643,899998.2000000001,0.0
177429384.9643,899998.2000000001,0.0
177429386.9643,899998.2000000001,0.0
177429388.9643,899998.2000000001,0.0
177429390.9643,899998.2000000001,0.0
177429392.9643,899998.2000000001,0.0
177429394.9643,899998.2000000001,0.0
177429396.9643,899998.2000000001,0.0
177429398.9643,899998.2000000001,0.0
177429400.9643,899998.2000000001,0.0
177429402.9643,899998.2000000001,0.0
177429404.9643,899998.2000000001,0.0
177429406.9643,899998.2000000001,0.0
177429408.9643,899998.2000000001,0.0
177429410.9643,899998.2000000001,0.0
177429412.9643,899998.2000000001,0.0
177429414.9643,899998.2000000001,0.0
177429416.9643,899998.2000000001,0.0
177429418.9643,899998.2000000001,0.0
177429420.9643,899998.2000000001,0.0
177429422.9643,899998.2000000001,0.0
177429424.9643,899998.2000000001,0.0
177429426.9643,899998.2000000001,0.0
177429428.9643,899998.2000000001,0.0
177429430.9643,899998.2000000001,0.0
177429432.9643,899998.2000000001,0.0
177429434.9643,899998.2000000001,0.0
177429436.9643,899998.2000000001,0.0
177429438.9643,899998.2000000001,0.0
177429440.9643,899998.2000000001,0.0
177429442.9643,899998.2000000001,0.0
177429444.9643,899998.2000000001,0.0
177429446.9643,899998.2000000001,0.0
177429448.9643,899998.2000000001,0.0
177429450.9643,899998.2000000001,0.0
177429452.9643,899998.2000000001,0.0
177429454.9643,899998.2000000001,0.0
177429456.9643,899998.2000000001,0.0
177429458.9643,899998.2000000001,0.0
177429460.9643,899998.2000000001,0.0
177429462.9643,899998.2000000001,0.0
177429464.9643,899998.2000000001,0.0
177429466.9643,899998.2000000001,0.0
177429468.9643,899998.2000000001,0.0
177429470.9643,899998.2000000001,0.0
177429472.9643,899998.2000000001,0.0
177429474.9643,899998.2000000001,0.0
177429476.9643,899998.2000000001,0.0
177429478.9643,899998.2000000001,0.0
177429480.9643,899998.2000000001,0.0
177429482.9643,899998.2000000001,0.0
177429484.9643,899998.2000000001,0.0
177429486.9643,899998.2000000001,0.0
177429488.9643,899998.2000000001,0.0
177429490.9643,899998.2000000001,0.0
177429492.9643,899998.2000000001,0.0
177429494.9643,899998.2000000001,0.0
177429496.9643,899998.2000000001,0.0
177429498.9643,899998.2000000001,0.0
177429500.9643,899998.2000000001,0.0
177429502.9643,899998.2000000001,0.0
177429504.9643,899998.2000000001,0.0
177429506.9643,899998.2000000001,0.0
177429508.9643,899998.2000000001,0.0
177429510.9643,899998.2000000001,0.0
177429512.9643,899998.2000000001,0.0
177429514.9643,899998.2000000001,0.0
177429516.9643,899998.2000000001,0.0
177429518.9643,899998.2000000001,0.0
177429520.9643,899998.2000000001,0.0
177429522.9643,899998.2000000001,0.0
177429524.9643,899998.2000000001,0.0
177429526.9643,899998.2000000001,0.0
177429528.9643,899998.2000000001,0.0
177429530.9643,899998.2000000001,0.0
177429532.9643,899998.2000000001,0.0
177429534.9643,899998.2000000001,0.0
177429536.9643,899998.2000000001,0.0
177429538.9643,899998.2000000001,0.0
177429540.9643,899998.2000000001,0.0
177429542.9643,899998.2000000001,0.0
177429544.9643,899998.2000000001,0.0
177429546.9643,899998.2000000001,0.0
177429548.9643,899998.2000000001,0.0
177429550.9643,899998.2000000001,0.0
177429552.9643,899998.2000000001,0.0
177429554.9643,899998.2000000001,0.0
177429556.9643,899998.2000000001,0.0
177429558.9643,899998.2000000001,0.0
177429560.9643,899998.2000000001,0.0
177429562.9643,899998.2000000001,0.0
177429564.9643,899998.2000000001,0.0
177429566.9643,899998.2000000001,0.0
177429568.9643,899998.2000000001,0.0
177429570.9643,899998.2000000001,0.0
177429572.9643,899998.2000000001,0.0
177429574.9643,899998.2000000001,0.0
177429576.9643,899998.2000000001,0.0
177429578.9643,899998.2000000001,0.0
177429580.9643,899998.2000000001,0.0
177429582.9643,899998.2000000001,0.0
177429584.9643,899998.2000000001,0.0
177429586.9643,899998.2000000001,0.0
177429588.9643,899998.2000000001,0.0
177429590.9643,899998.2000000001,0.0
177429592.9643,899998.2000000001,0.0
177429594.9643,899998.2000000001,0.0
177429596.9643,899998.2000000001,0.0
177429598.9643,899998.2000000001,0.0
177429600.9643,899998.2000000001,0.0
177429602.9643,899998.2000000001,0.0
177429604.9643,899998.2000000001,0.0
177429606.9643,899998.2000000001,0.0
177429608.9643,899998.2000000001,0.0
177429610.9643,899998.2000000001,0.0
177429612.9643,899998.2000000001,0.0
177429614.9643,899998.2000000001,0.0
177429616.9643,899998.2000000001,0.0
177429618.9643,899998.2000000001,0.0
177429620.9643,899998.2000000001,0.0
177429622.9643,899998.2000000001,0.0
177429624.9643,899998.2000000001,0.0
177429626.9643,899998.2000000001,0.0
177429628.9643,899998.2000000001,0.0
177429630.9643,899998.2000000001,0.0
177429632.9643,899998.2000000001,0.0
177429634.9643,899998.2000000001,0.0
177429636.9643,899998.2000000001,0.0
177429638.9643,899998.2000000001,0.0
177429640.9643,899998.2000000001,0.0
177429642.9643,899998.2000000001,0.0
177429644.9643,899998.2000000001,0.0
177429646.9643,899998.2000000001,0.0
177429648.9643,899998.2000000001,0.0
177429650.9643,899998.2000000001,0.0
177429652.9643,899998.2000000001,0.0
177429654.9643,899998.2000000001,0.0
177429656.9643,899998.2000000001,0.0
177429658.9643,899998.2000000001,0.0
177429660.9643,899998.2000000001,0.0
177429662.9643,899998.2000000001,0.0
177429664.9643,899998.2000000001,0.0
177429666.9643,899998.2000000001,0.0
177429668.9643,899998.2000000001,0.0
177429670.9643,899998.2000000001,0.0
177429672.9643,899998.2000000001,0.0
177429674.9643,899998.2000000001,0.0
177429676.9643,899998.2000000001,0.0
177429678.9643,899998.2000000001,0.0
177429680.9643,899998.2000000001,0.0
177429682.9643,899998.2000000001,0.0
177429684.9643,899998.2000000001,0.0
177429686.9643,899998.2000000001,0.0
177429688.9643,899998.2000000001,0.0
177429690.9643,899998.2000000001,0.0
177429692.9643,899998.2000000001,0.0
177429694.9643,899998.2000000001,0.0
177429696.9643,899998.2000000001,0.0
177429698.9643,899998.2000000001,0.0
177429700.9643,899998.2000000001,0.0
177429702.9643,899998.2000000001,0.0
177429704.9643,899998.2000000001,0.0
177429706.9643,899998.2000000001,0.0
177429708.9643,899998.2000000001,0.0
177429710.9643,899998.2000000001,0.0
177429712.9643,899998.2000000001,0.0
177429714.9643,899998.2000000001,0.0
177429716.9643,899998.2000000001,0.0
177429718.9643,899998.2000000001,0.0
177429720.9643,899998.2000000001,0.0
177429722.9643,899998.2000000001,0.0
177429724.9643,899998.2000000001,0.0
177429726.9643,899998.2000000001,0.0
177429728.9643,899998.2000000001,0.0
177429730.9643,899998.2000000001,0.0
177429732.9643,899998.2000000001,0.0
177429734.9643,899998.2000000001,0.0
177429736.9643,899998.2000000001,0.0
177429738.9643,899998.2000000001,0.0
177429740.9643,899998.2000000001,0.0
177429742.9643,899998.2000000001,0.0
177429744.9643,899998.2000000001,0.0
177429746.9643,899998.2000000001,0.0
177429748.9643,899998.2000000001,0.0
177429750.9643,899998.2000000001,0.0
177429752.9643,899998.2000000001,0.0
177429754.9643,899998.2000000001,0.0
177429756.9643,899998.2000000001,0.0
177429758.9643,899998.2000000001,0.0
177429760.9643,899998.2000000001,0.0
177429762.9643,899998.2000000001,0.0
177429764.9643,899998.2000000001,0.0
177429766.9643,899998.2000000001,0.0
177429768.9643,899998.2000000001,0.0
177429770.9643,899998.2000000001,0.0
177429772.9643,899998.2000000001,0.0
177429774.9643,899998.2000000001,0.0
177429776.9643,899998.2000000001,0.0
177429778.9643,899998.2000000001,0.0
177429780.9643,899998.2000000001,0.0
177429782.9643,899998.2000000001,0.0
177429784.9643,899998.2000000001,0.0
177429786.9643,899998.2000000001,0.0
177429788.9643,899998.2000000001,0.0
177429790.9643,899998.2000000001,0.0
177429792.9643,899998.2000000001,0.0
177429794.9643,899998.2000000001,0.0
177429796.9643,899998.2000000001,0.0
177429798.9643,899998.2000000001,0.0
177429800.9643,899998.2000000001,0.0
177429802.9643,899998.2000000001,0.0
177429804.9643,899998.2000000001,0.0
177429806.9643,899998.2000000001,0.0
177429808.9643,899998.2000000001,0.0
177429810.9643,899998.2000000001,0.0
177429812.9643,899998.2000000001,0.0
177429814.9643,899998.2000000001,0.0
177429816.9643,899998.2000000001,0.0
177429818.9643,899998.2000000001,0.0
177429820.9643,899998.2000000001,0.0
177429822.9643,899998.2000000001,0.0
177429824.9643,899998.2000000001,0.0
177429826.9643,899998.2000000001,0.0
177429828.9643,899998.2000000001,0.0
177429830.9643,899998.2000000001,0.0
177429832.9643,899998.2000000001,0.0
177429834.9643,899998.2000000001,0.0
177429836.9643,899998.2000000001,0.0
177429838.9643,899998.2000000001,0.0
177429840.9643,899998.2000000001,0.0
177429842.9643,899998.2000000001,0.0
177429844.9643,899998.2000000001,0.0
177429846.9643,899998.2000000001,0.0
177429848.9643,899998.2000000001,0.0
177429850.9643,899998.2000000001,0.0
177429852.9643,899998.2000000001,0.0
177429854.9643,899998.2000000001,0.0
177429856.9643,899998.2000000001,0.0
177429858.9643,899998.2000000001,0.0
177429860.9643,899998.2000000001,0.0
177429862.9643,899998.2000000001,0.0
177429864.9643,899998.2000000001,0.0
177429866.9643,899998.2000000001,0.0
177429868.9643,899998.2000000001,0.0
177429870.9643,899998.2000000001,0.0
177429872.9643,899998.2000000001,0.0
177429874.9643,899998.2000000001,0.0
177429876.9643,899998.2000000001,0.0
177429878.9643,899998.2000000001,0.0
177429880.9643,899998.2000000001,0.0
177429882.9643,899998.2000000001,0.0
177429884.9643,899998.2000000001,0.0
177429886.9643,899998.2000000001,0.0
177429888.9643,899998.2000000001,0.0
177429890.9643,899998.2000000001,0.0
177429892.9643,899998.2000000001,0.0
177429894.9643,899998.2000000001,0.0
177429896.9643,899998.2000000001,0.0
177429898.9643,899998.2000000001,0.0
177429900.9643,899998.2000000001,0.0
177429902.9643,899998.2000000001,0.0
177429904.9643,899998.2000000001,0.0
177429906.9643,899998.2000000001,0.0
177429908.9643,899998.2000000001,0.0
177429910.9643,899998.2000000001,0.0
177429912.9643,899998.2000000001,0.0
177429914.9643,899998.2000000001,0.0
177429916.9643,899998.2000000001,0.0
177429918.9643,899998.2000000001,0.0
177429920.9643,899998.2000000001,0.0
177429922.9643,899998.2000000001,0.0
177429924.9643,899998.2000000001,0.0
177429926.9643,899998.2000000001,0.0
177429928.9643,899998.2000000001,0.0
177429930.9643,899998.2000000001,0.0
177429932.9643,899998.2000000001,0.0
177429934.9643,899998.2000000001,0.0
177429936.9643,899998.2000000001,0.0
177429938.9643,899998.2000000001,0.0
177429940.9643,899998.2000000001,0.0
177429942.9643,899998.2000000001,0.0
177429944.9643,899998.2000000001,0.0
177429946.9643,899998.2000000001,0.0
177429948.9643,899998.2000000001,0.0
177429950.9643,899998.2000000001,0.0
177429952.9643,899998.2000000001,0.0
177429954.9643,899998.2000000001,0.0
177429956.9643,899998.2000000001,0.0
177429958.9643,899998.2000000001,0.0
177429960.9643,899998.2000000001,0.0
177429962.9643,899998.2000000001,0.0
177429964.9643,899998.2000000001,0.0
177429966.9643,899998.2000000001,0.0
177429968.9643,899998.2000000001,0.0
177429970.9643,899998.2000000001,0.0
177429972.9643,899998.2000000001,0.0
177429974.9643,899998.2000000001,0.0
177429976.9643,899998.2000000001,0.0
177429978.9643,899998.2000000001,0.0
177429980.9643,899998.2000000001,0.0
177429982.9643,899998.2000000001,0.0
177429984.9643,899998.2000000001,0.0
177429986.9643,899998.2000000001,0.0
177429988.9643,899998.2000000001,0.0
177429990.9643,899998.2000000001,0.0
177429992.9643,899998.2000000001,0.0
177429994.9643,899998.2000000001,0.0
177429996.9643,899998.2000000001,0.0
177429998.9643,899998.2000000001,0.0
177430000.9643,899998.2000000001,0.0
177430002.9643,899998.2000000001,0.0
177430004.9643,899998.2000000001,0.0
177430006.9643,899998.2000000001,0.0
177430008.9643,899998.2000000001,0.0
177430010.9643,899998.2000000001,0.0
177430012.9643,899998.2000000001,0.0
177430014.9643,899998.2000000001,0.0
177430016.9643,899998.2000000001,0.0
177430018.9643,899998.2000000001,0.0
177430020.9643,899998.2000000001,0.0
177430022.9643,899998.2000000001,0.0
177430024.9643,899998.2000000001,0.0
177430026.9643,899998.2000000001,0.0
177430028.9643,899998.2000000001,0.0
177430030.9643,899998.2000000001,0.0
177430032.9643,899998.2000000001,0.0
177430034.9643,899998.2000000001,0.0
177430036.9643,899998.2000000001,0.0
177430038.9643,899998.2000000001,0.0
177430040.9643,899998.2000000001,0.0
177430042.9643,899998.2000000001,0.0
177430044.9643,899998.2000000001,0.0
177430046.9643,899998.2000000001,0.0
177430048.9643,899998.2000000001,0.0
177430050.9643,899998.2000000001,0.0
177430052.9643,899998.2000000001,0.0
177430054.9643,899998.2000000001,0.0
177430056.9643,899998.2000000001,0.0
177430058.9643,899998.2000000001,0.0
177430060.9643,899998.2000000001,0.0
177430062.9643,899998.2000000001,0.0
177430064.9643,899998.2000000001,0.0
177430066.9643,899998.2000000001,0.0
177430068.9643,899998.2000000001,0.0
177430070.9643,899998.2000000001,0.0
177430072.9643,899998.2000000001,0.0
177430074.9643,899998.2000000001,0.0
177430076.9643,899998.2000000001,0.0
177430078.9643,899998.2000000001,0.0
177430080.9643,899998.2000000001,0.0
177430082.9643,899998.2000000001,0.0
177430084.9643,899998.2000000001,0.0
177430086.9643,899998.2000000001,0.0
177430088.9643,899998.2000000001,0.0
177430090.9643,899998.2000000001,0.0
177430092.9643,899998.2000000001,0.0
177430094.9643,899998.2000000001,0.0
177430096.9643,899998.2000000001,0.0
177430098.9643,899998.2000000001,0.0
177430100.9643,899998.2000000001,0.0
177430102.9643,899998.2000000001,0.0
177430104.9643,899998.2000000001,0.0
177430106.9643,899998.2000000001,0.0
177430108.9643,899998.2000000001,0.0
177430110.9643,899998.2000000001,0.0
177430112.9643,899998.2000000001,0.0
177430114.9643,899998.2000000001,0.0
177430116.9643,899998.2000000001,0.0
177430118.9643,899998.2000000001,0.0
177430120.9643,899998.2000000001,0.0
177430122.9643,899998.2000000001,0.0
177430124.9643,899998.2000000001,0.0
177430126.9643,899998.2000000001,0.0
177430128.9643,899998.2000000001,0.0
177430130.9643,899998.2000000001,0.0
177430132.9643,899998.2000000001,0.0
177430134.9643,899998.2000000001,0.0
177430136.9643,899998.2000000001,0.0
177430138.9643,899998.2000000001,0.0
177430140.9643,899998.2000000001,0.0
177430142.9643,899998.2000000001,0.0
177430144.9643,899998.2000000001,0.0
177430146.9643,899998.2000000001,0.0
177430149.0643,899998.2000000001,0.0
177430150.9643,899998.2000000001,0.0
177430152.9643,899998.2000000001,0.0
177430154.9643,899998.2000000001,0.0
177430156.9643,899998.2000000001,0.0
177430158.9643,899998.2000000001,0.0
177430160.9643,899998.2000000001,0.0
177430162.9643,899998.2000000001,0.0
177430164.9643,899998.2000000001,0.0
177430166.9643,899998.2000000001,0.0
177430168.9643,899998.2000000001,0.0
177430170.9643,899998.2000000001,0.0
177430172.9643,899998.2000000001,0.0
177430174.9643,899998.2000000001,0.0
177430176.9643,899998.2000000001,0.0
177430178.9643,899998.2000000001,0.0
177430180.9643,899998.2000000001,0.0
177430182.9643,899998.2000000001,0.0
177430184.9643,899998.2000000001,0.0
177430186.9643,899998.2000000001,0.0
177430188.9643,899998.2000000001,0.0
177430190.9643,899998.2000000001,0.0
177430192.9643,899998.2000000001,0.0
177430194.9643,899998.2000000001,0.0
177430196.9643,899998.2000000001,0.0
177430198.9643,899998.2000000001,0.0
177430200.9643,899998.2000000001,0.0
177430202.9643,899998.2000000001,0.0
177430204.9643,899998.2000000001,0.0
177430206.9643,899998.2000000001,0.0
177430208.9643,899998.2000000001,0.0
177430210.9643,899998.2000000001,0.0
177430212.9643,899998.2000000001,0.0
177430214.9643,899998.2000000001,0.0
177430216.9643,899998.2000000001,0.0
177430218.9643,899998.2000000001,0.0
177430220.9643,899998.2000000001,0.0
177430222.9643,899998.2000000001,0.0
177430224.9643,899998.2000000001,0.0
177430226.9643,899998.2000000001,0.0
177430228.9643,899998.2000000001,0.0
177430230.9643,899998.2000000001,0.0
177430232.9643,899998.2000000001,0.0
177430234.9643,899998.2000000001,0.0
177430236.9643,899998.2000000001,0.0
177430238.9643,899998.2000000001,0.0
177430240.9643,899998.2000000001,0.0
177430242.9643,899998.2000000001,0.0
177430244.9643,899998.2000000001,0.0
177430246.9643,899998.2000000001,0.0
177430248.9643,899998.2000000001,0.0
177430250.9643,899998.2000000001,0.0
177430252.9643,899998.2000000001,0.0
177430254.9643,899998.2000000001,0.0
177430256.9643,899998.2000000001,0.0
177430258.9643,899998.2000000001,0.0
177430260.9643,899998.2000000001,0.0
177430262.9643,899998.2000000001,0.0
177430264.9643,899998.2000000001,0.0
177430266.9643,899998.2000000001,0.0
177430268.9643,899998.2000000001,0.0
177430270.9643,899998.2000000001,0.0
177430272.9643,899998.2000000001,0.0
177430274.9643,899998.2000000001,0.0
177430276.9643,899998.2000000001,0.0
177430278.9643,899998.2000000001,0.0
177430280.9643,899998.2000000001,0.0
177430282.9643,899998.2000000001,0.0
177430284.9643,899998.2000000001,0.0
177430286.9643,899998.2000000001,0.0
177430288.9643,899998.2000000001,0.0
177430290.9643,899998.2000000001,0.0
177430292.9643,899998.2000000001,0.0
177430294.9643,899998.2000000001,0.0
177430296.9643,899998.2000000001,0.0
177430298.9643,899998.2000000001,0.0
177430300.9643,899998.2000000001,0.0
177430302.9643,899998.2000000001,0.0
177430304.9643,899998.2000000001,0.0
177430306.9643,899998.2000000001,0.0
177430308.9643,899998.2000000001,0.0
177430310.9643,899998.2000000001,0.0
177430312.9643,899998.2000000001,0.0
177430314.9643,899998.2000000001,0.0
177430316.9643,899998.2000000001,0.0
177430318.9643,899998.2000000001,0.0
177430320.9643,899998.2000000001,0.0
177430322.9643,899998.2000000001,0.0
177430324.9643,899998.2000000001,0.0
177430326.9643,899998.2000000001,0.0
177430328.9643,899998.2000000001,0.0
177430330.9643,899998.2000000001,0.0
177430332.9643,899998.2000000001,0.0
177430334.9643,899998.2000000001,0.0
177430336.9643,899998.2000000001,0.0
177430338.9643,899998.2000000001,0.0
177430340.9643,899998.2000000001,0.0
177430342.9643,899998.2000000001,0.0
177430344.9643,899998.2000000001,0.0
177430346.9643,899998.2000000001,0.0
177430348.9643,899998.2000000001,0.0
177430350.9643,899998.2000000001,0.0
177430352.9643,899998.2000000001,0.0
177430354.9643,899998.2000000001,0.0
177430356.9643,899998.2000000001,0.0
177430358.9643,899998.2000000001,0.0
177430360.9643,899998.2000000001,0.0
177430362.9643,899998.2000000001,0.0
177430364.9643,899998.2000000001,0.0
177430366.9643,899998.2000000001,0.0
177430368.9643,899998.2000000001,0.0
177430370.9643,899998.2000000001,0.0
177430372.9643,899998.2000000001,0.0
177430374.9643,899998.2000000001,0.0
177430376.9643,899998.2000000001,0.0
177430378.9643,899998.2000000001,0.0
177430380.9643,899998.2000000001,0.0
177430382.9643,899998.2000000001,0.0
177430384.9643,899998.2000000001,0.0
177430386.9643,899998.2000000001,0.0
177430388.9643,899998.2000000001,0.0
177430390.9643,899998.2000000001,0.0
177430392.9643,899998.2000000001,0.0
177430394.9643,899998.2000000001,0.0
177430396.9643,899998.2000000001,0.0
177430398.9643,899998.2000000001,0.0
177430400.9643,899998.2000000001,0.0
177430402.9643,899998.2000000001,0.0
177430404.9643,899998.2000000001,0.0
177430406.9643,899998.2000000001,0.0
177430408.9643,899998.2000000001,0.0
177430410.9643,899998.2000000001,0.0
177430412.9643,899998.2000000001,0.0
177430414.9643,899998.2000000001,0.0
177430416.9643,899998.2000000001,0.0
177430418.9643,899998.2000000001,0.0
177430420.9643,899998.2000000001,0.0
177430422.9643,899998.2000000001,0.0
177430424.9643,899998.2000000001,0.0
177430426.9643,899998.2000000001,0.0
177430428.9643,899998.2000000001,0.0
177430430.9643,899998.2000000001,0.0
177430432.9643,899998.2000000001,0.0
177430434.9643,899998.2000000001,0.0
177430436.9643,899998.2000000001,0.0
177430438.9643,899998.2000000001,0.0
177430440.9643,899998.2000000001,0.0
177430442.9643,899998.2000000001,0.0
177430444.9643,899998.2000000001,0.0
177430446.9643,899998.2000000001,0.0
177430448.9643,899998.2000000001,0.0
177430450.9643,899998.2000000001,0.0
177430452.9643,899998.2000000001,0.0
177430454.9643,899998.2000000001,0.0
177430456.9643,899998.2000000001,0.0
177430458.9643,899998.2000000001,0.0
177430460.9643,899998.2000000001,0.0
177430462.9643,899998.2000000001,0.0
177430464.9643,899998.2000000001,0.0
177430466.9643,899998.2000000001,0.0
177430468.9643,899998.2000000001,0.0
177430470.9643,899998.2000000001,0.0
177430472.9643,899998.2000000001,0.0
177430474.9643,899998.2000000001,0.0
177430476.9643,899998.2000000001,0.0
177430478.9643,899998.2000000001,0.0
177430480.9643,899998.2000000001,0.0
177430482.9643,899998.2000000001,0.0
177430484.9643,899998.2000000001,0.0
177430486.9643,899998.2000000001,0.0
177430488.9643,899998.2000000001,0.0
177430490.9643,899998.2000000001,0.0
177430492.9643,899998.2000000001,0.0
177430494.9643,899998.2000000001,0.0
177430496.9643,899998.2000000001,0.0
177430498.9643,899998.2000000001,0.0
177430500.9643,899998.2000000001,0.0
177430502.9643,899998.2000000001,0.0
177430504.9643,899998.2000000001,0.0
177430506.9643,899998.2000000001,0.0
177430508.9643,899998.2000000001,0.0
177430510.9643,899998.2000000001,0.0
177430512.9643,899998.2000000001,0.0
177430514.9643,899998.2000000001,0.0
177430516.9643,899998.2000000001,0.0
177430518.9643,899998.2000000001,0.0
177430520.9643,899998.2000000001,0.0
177430522.9643,899998.2000000001,0.0
177430524.9643,899998.2000000001,0.0
177430526.9643,899998.2000000001,0.0
177430528.9643,899998.2000000001,0.0
177430530.9643,899998.2000000001,0.0
177430532.9643,899998.2000000001,0.0
177430534.9643,899998.2000000001,0.0
177430536.9643,899998.2000000001,0.0
177430538.9643,899998.2000000001,0.0
177430540.9643,899998.2000000001,0.0
177430542.9643,899998.2000000001,0.0
177430544.9643,899998.2000000001,0.0
177430546.9643,899998.2000000001,0.0
177430548.9643,899998.2000000001,0.0
177430550.9643,899998.2000000001,0.0
177430552.9643,899998.2000000001,0.0
177430554.9643,899998.2000000001,0.0
177430556.9643,899998.2000000001,0.0
177430558.9643,899998.2000000001,0.0
177430560.9643,899998.2000000001,0.0
177430562.9643,899998.2000000001,0.0
177430564.9643,899998.2000000001,0.0
177430566.9643,899998.2000000001,0.0
177430568.9643,899998.2000000001,0.0
177430570.9643,899998.2000000001,0.0
177430572.9643,899998.2000000001,0.0
177430574.9643,899998.2000000001,0.0
177430576.9643,899998.2000000001,0.0
177430578.9643,899998.2000000001,0.0
177430580.9643,899998.2000000001,0.0
177430582.9643,899998.2000000001,0.0
177430584.9643,899998.2000000001,0.0
177430586.9643,899998.2000000001,0.0
177430588.9643,899998.2000000001,0.0
177430590.9643,899998.2000000001,0.0
177430592.9643,899998.2000000001,0.0
177430594.9643,899998.2000000001,0.0
177430596.9643,899998.2000000001,0.0
177430598.9643,899998.2000000001,0.0
177430600.9643,899998.2000000001,0.0
177430602.9643,899998.2000000001,0.0
177430604.9643,899998.2000000001,0.0
177430606.9643,899998.2000000001,0.0
177430608.9643,899998.2000000001,0.0
177430610.9643,899998.2000000001,0.0
177430612.9643,899998.2000000001,0.0
177430614.9643,899998.2000000001,0.0
177430616.9643,899998.2000000001,0.0
177430618.9643,899998.2000000001,0.0
177430620.9643,899998.2000000001,0.0
177430622.9643,899998.2000000001,0.0
177430624.9643,899998.2000000001,0.0
177430626.9643,899998.2000000001,0.0
177430628.9643,899998.2000000001,0.0
177430630.9643,899998.2000000001,0.0
177430632.9643,899998.2000000001,0.0
177430634.9643,899998.2000000001,0.0
177430636.9643,899998.2000000001,0.0
177430638.9643,899998.2000000001,0.0
177430640.9643,899998.2000000001,0.0
177430642.9643,899998.2000000001,0.0
177430644.9643,899998.2000000001,0.0
177430646.9643,899998.2000000001,0.0
177430648.9643,899998.2000000001,0.0
177430650.9643,899998.2000000001,0.0
177430652.9643,899998.2000000001,0.0
177430654.9643,899998.2000000001,0.0
177430656.9643,899998.2000000001,0.0
177430658.9643,899998.2000000001,0.0
177430660.9643,899998.2000000001,0.0
177430662.9643,899998.2000000001,0.0
177430664.9643,899998.2000000001,0.0
177430666.9643,899998.2000000001,0.0
177430668.9643,899998.2000000001,0.0
177430670.9643,899998.2000000001,0.0
177430672.9643,899998.2000000001,0.0
177430674.9643,899998.2000000001,0.0
177430676.9643,899998.2000000001,0.0
177430678.9643,899998.2000000001,0.0
177430680.9643,899998.2000000001,0.0
177430682.9643,899998.2000000001,0.0
177430684.9643,899998.2000000001,0.0
177430686.9643,899998.2000000001,0.0
177430688.9643,899998.2000000001,0.0
177430690.9643,899998.2000000001,0.0
177430692.9643,899998.2000000001,0.0
177430694.9643,899998.2000000001,0.0
177430696.9643,899998.2000000001,0.0
177430698.9643,899998.2000000001,0.0
177430700.9643,899998.2000000001,0.0
177430702.9643,899998.2000000001,0.0
177430704.9643,899998.2000000001,0.0
177430706.9643,899998.2000000001,0.0
177430708.9643,899998.2000000001,0.0
177430710.9643,899998.2000000001,0.0
177430712.9643,899998.2000000001,0.0
177430714.9643,899998.2000000001,0.0
177430716.9643,899998.2000000001,0.0
177430718.9643,899998.2000000001,0.0
177430720.9643,899998.2000000001,0.0
177430722.9643,899998.2000000001,0.0
177430724.9643,899998.2000000001,0.0
177430726.9643,899998.2000000001,0.0
177430728.9643,899998.2000000001,0.0
177430730.9643,899998.2000000001,0.0
177430732.9643,899998.2000000001,0.0
177430734.9643,899998.2000000001,0.0
177430736.9643,899998.2000000001,0.0
177430738.9643,899998.2000000001,0.0
177430740.9643,899998.2000000001,0.0
177430742.9643,899998.2000000001,0.0
177430744.9643,899998.2000000001,0.0
177430746.9643,899998.2000000001,0.0
177430748.9643,899998.2000000001,0.0
177430750.9643,899998.2000000001,0.0
177430752.9643,899998.2000000001,0.0
177430754.9643,899998.2000000001,0.0
177430756.9643,899998.2000000001,0.0
177430758.9643,899998.2000000001,0.0
177430760.9643,899998.2000000001,0.0
177430762.9643,899998.2000000001,0.0
177430764.9643,899998.2000000001,0.0
177430766.9643,899998.2000000001,0.0
177430768.9643,899998.2000000001,0.0
177430770.9643,899998.2000000001,0.0
177430772.9643,899998.2000000001,0.0
177430774.9643,899998.2000000001,0.0
177430776.9643,899998.2000000001,0.0
177430779.0643,899998.2000000001,0.0
177430780.9643,899998.2000000001,0.0
177430782.9643,899998.2000000001,0.0
177430784.9643,899998.2000000001,0.0
177430786.9643,899998.2000000001,0.0
177430788.9643,899998.2000000001,0.0
177430790.9643,899998.2000000001,0.0
177430792.9643,899998.2000000001,0.0
177430794.9643,899998.2000000001,0.0
177430796.9643,899998.2000000001,0.0
177430798.9643,899998.2000000001,0.0
177430800.9643,899998.2000000001,0.0
177430802.9643,899998.2000000001,0.0
177430804.9643,899998.2000000001,0.0
177430806.9643,899998.2000000001,0.0
177430808.9643,899998.2000000001,0.0
177430810.9643,899998.2000000001,0.0
177430812.9643,899998.2000000001,0.0
177430814.9643,899998.2000000001,0.0
177430816.9643,899998.2000000001,0.0
177430818.9643,899998.2000000001,0.0
177430820.9643,899998.2000000001,0.0
177430822.9643,899998.2000000001,0.0
177430824.9643,899998.2000000001,0.0
177430826.9643,899998.2000000001,0.0
177430828.9643,899998.2000000001,0.0
177430830.9643,899998.2000000001,0.0
177430832.9643,899998.2000000001,0.0
177430834.9643,899998.2000000001,0.0
177430836.9643,899998.2000000001,0.0
177430838.9643,899998.2000000001,0.0
177430840.9643,899998.2000000001,0.0
177430842.9643,899998.2000000001,0.0
177430844.9643,899998.2000000001,0.0
177430846.9643,899998.2000000001,0.0
177430848.9643,899998.2000000001,0.0
177430850.9643,899998.2000000001,0.0
177430852.9643,899998.2000000001,0.0
177430854.9643,899998.2000000001,0.0
177430856.9643,899998.2000000001,0.0
177430858.9643,899998.2000000001,0.0
177430860.9643,899998.2000000001,0.0
177430862.9643,899998.2000000001,0.0
177430864.9643,899998.2000000001,0.0
177430866.9643,899998.2000000001,0.0
177430868.9643,899998.2000000001,0.0
177430870.9643,899998.2000000001,0.0
177430872.9643,899998.2000000001,0.0
177430874.9643,899998.2000000001,0.0
177430876.9643,899998.2000000001,0.0
177430878.9643,899998.2000000001,0.0
177430880.9643,899998.2000000001,0.0
177430882.9643,899998.2000000001,0.0
177430884.9643,899998.2000000001,0.0
177430886.9643,899998.2000000001,0.0
177430888.9643,899998.2000000001,0.0
177430890.9643,899998.2000000001,0.0
177430892.9643,899998.2000000001,0.0
177430894.9643,899998.2000000001,0.0
177430896.9643,899998.2000000001,0.0
177430898.9643,899998.2000000001,0.0
177430900.9643,899998.2000000001,0.0
177430902.9643,899998.2000000001,0.0
177430904.9643,899998.2000000001,0.0
177430906.9643,899998.2000000001,0.0
177430908.9643,899998.2000000001,0.0
177430910.9643,899998.2000000001,0.0
177430912.9643,899998.2000000001,0.0
177430914.9643,899998.2000000001,0.0
177430916.9643,899998.2000000001,0.0
177430918.9643,899998.2000000001,0.0
177430920.9643,899998.2000000001,0.0
177430922.9643,899998.2000000001,0.0
177430924.9643,899998.2000000001,0.0
177430926.9643,899998.2000000001,0.0
177430928.9643,899998.2000000001,0.0
177430930.9643,899998.2000000001,0.0
177430932.9643,899998.2000000001,0.0
177430934.9643,899998.2000000001,0.0
177430936.9643,899998.2000000001,0.0
177430938.9643,899998.2000000001,0.0
177430940.9643,899998.2000000001,0.0
177430942.9643,899998.2000000001,0.0
177430944.9643,899998.2000000001,0.0
177430946.9643,899998.2000000001,0.0
177430948.9643,899998.2000000001,0.0
177430950.9643,899998.2000000001,0.0
177430952.9643,899998.2000000001,0.0
177430954.9643,899998.2000000001,0.0
177430956.9643,899998.2000000001,0.0
177430958.9643,899998.2000000001,0.0
177430960.9643,899998.2000000001,0.0
177430962.9643,899998.2000000001,0.0
177430964.9643,899998.2000000001,0.0
177430966.9643,899998.2000000001,0.0
177430968.9643,899998.2000000001,0.0
177430970.9643,899998.2000000001,0.0
177430972.9643,899998.2000000001,0.0
177430974.9643,899998.2000000001,0.0
177430976.9643,899998.2000000001,0.0
177430978.9643,899998.2000000001,0.0
177430980.9643,899998.2000000001,0.0
177430982.9643,899998.2000000001,0.0
177430984.9643,899998.2000000001,0.0
177430986.9643,899998.2000000001,0.0
177430988.9643,899998.2000000001,0.0
177430990.9643,899998.2000000001,0.0
177430992.9643,899998.2000000001,0.0
177430994.9643,899998.2000000001,0.0
177430996.9643,899998.2000000001,0.0
177430998.9643,899998.2000000001,0.0
177431000.9643,899998.2000000001,0.0
177431003.0643,899998.2000000001,0.0
177431005.0643,899998.2000000001,0.0
177431007.0643,899998.2000000001,0.0
177431009.0643,899998.2000000001,0.0
177431011.0643,899998.2000000001,0.0
177431013.0643,899998.2000000001,0.0
177431015.0643,899998.2000000001,0.0
177431017.0643,899998.2000000001,0.0
177431019.0643,899998.2000000001,0.0
177431021.0643,899998.2000000001,0.0
177431023.0643,899998.2000000001,0.0
177431025.0643,899998.2000000001,0.0
177431027.0643,899998.2000000001,0.0
177431029.0643,899998.2000000001,0.0
177431031.0643,899998.2000000001,0.0
177431033.0643,899998.2000000001,0.0
177431035.0643,899998.2000000001,0.0
177431037.0643,899998.2000000001,0.0
177431039.0643,899998.2000000001,0.0
177431041.0643,899998.2000000001,0.0
177431043.0643,899998.2000000001,0.0
177431045.0643,899998.2000000001,0.0
177431047.0643,899998.2000000001,0.0
177431049.0643,899998.2000000001,0.0
177431051.0643,899998.2000000001,0.0
177431053.0643,899998.2000000001,0.0
177431055.0643,899998.2000000001,0.0
177431057.0643,899998.2000000001,0.0
177431059.0643,899998.2000000001,0.0
177431061.0643,899998.2000000001,0.0
177431063.0643,899998.2000000001,0.0
177431065.0643,899998.2000000001,0.0
177431067.0643,899998.2000000001,0.0
177431069.0643,899998.2000000001,0.0
177431071.0643,899998.2000000001,0.0
177431073.0643,899998.2000000001,0.0
177431075.0643,899998.2000000001,0.0
177431077.0643,899998.2000000001,0.0
177431079.0643,899998.2000000001,0.0
177431081.0643,899998.2000000001,0.0
177431083.0643,899998.2000000001,0.0
177431085.0643,899998.2000000001,0.0
177431087.0643,899998.2000000001,0.0
177431089.0643,899998.2000000001,0.0
177431091.0643,899998.2000000001,0.0
177431093.0643,899998.2000000001,0.0
177431095.0643,899998.2000000001,0.0
177431097.0643,899998.2000000001,0.0
177431099.0643,899998.2000000001,0.0
177431101.0643,899998.2000000001,0.0
177431103.0643,899998.2000000001,0.0
177431105.0643,899998.2000000001,0.0
177431107.0643,899998.2000000001,0.0
177431109.0643,899998.2000000001,0.0
177431111.0643,899998.2000000001,0.0
177431113.0643,899998.2000000001,0.0
177431115.0643,899998.2000000001,0.0
177431117.0643,899998.2000000001,0.0
177431119.0643,899998.2000000001,0.0
177431121.0643,899998.2000000001,0.0
177431123.0643,899998.2000000001,0.0
177431125.0643,899998.2000000001,0.0
177431127.0643,899998.2000000001,0.0
177431129.0643,899998.2000000001,0.0
177431131.0643,899998.2000000001,0.0
177431133.0643,899998.2000000001,0.0
177431135.0643,899998.2000000001,0.0
177431137.0643,899998.2000000001,0.0
177431139.0643,899998.2000000001,0.0
177431141.0643,899998.2000000001,0.0
177431143.0643,899998.2000000001,0.0
177431145.0643,899998.2000000001,0.0
177431147.0643,899998.2000000001,0.0
177431149.0643,899998.2000000001,0.0
177431151.0643,899998.2000000001,0.0
177431153.0643,899998.2000000001,0.0
177431155.0643,899998.2000000001,0.0
177431157.0643,899998.2000000001,0.0
177431159.0643,899998.2000000001,0.0
177431161.0643,899998.2000000001,0.0
177431163.0643,899998.2000000001,0.0
177431165.0643,899998.2000000001,0.0
177431167.0643,899998.2000000001,0.0
177431169.0643,899998.2000000001,0.0
177431171.0643,899998.2000000001,0.0
177431173.0643,899998.2000000001,0.0
177431175.0643,899998.2000000001,0.0
177431177.0643,899998.2000000001,0.0
177431179.0643,899998.2000000001,0.0
177431181.0643,899998.2000000001,0.0
177431183.0643,899998.2000000001,0.0
177431185.0643,899998.2000000001,0.0
177431187.0643,899998.2000000001,0.0
177431189.0643,899998.2000000001,0.0
177431191.0643,899998.2000000001,0.0
177431193.0643,899998.2000000001,0.0
177431195.0643,899998.2000000001,0.0
177431197.0643,899998.2000000001,0.0
177431199.0643,899998.2000000001,0.0
177431201.0643,899998.2000000001,0.0
177431203.0643,899998.2000000001,0.0
177431205.0643,899998.2000000001,0.0
177431207.0643,899998.2000000001,0.0
177431209.0643,899998.2000000001,0.0
177431211.0643,899998.2000000001,0.0
177431213.0643,899998.2000000001,0.0
177431215.0643,899998.2000000001,0.0
177431217.0643,899998.2000000001,0.0
177431219.0643,899998.2000000001,0.0
177431221.0643,899998.2000000001,0.0
177431223.0643,899998.2000000001,0.0
177431225.0643,899998.2000000001,0.0
177431227.0643,899998.2000000001,0.0
177431229.0643,899998.2000000001,0.0
177431231.0643,899998.2000000001,0.0
177431233.0643,899998.2000000001,0.0
177431235.0643,899998.2000000001,0.0
177431237.0643,899998.2000000001,0.0
177431239.0643,899998.2000000001,0.0
177431241.0643,899998.2000000001,0.0
177431243.0643,899998.2000000001,0.0
177431245.0643,899998.2000000001,0.0
177431247.0643,899998.2000000001,0.0
177431249.0643,899998.2000000001,0.0
177431251.0643,899998.2000000001,0.0
177431253.0643,899998.2000000001,0.0
177431255.0643,899998.2000000001,0.0
177431257.0643,899998.2000000001,0.0
177431259.0643,899998.2000000001,0.0
177431261.0643,899998.2000000001,0.0
177431263.0643,899998.2000000001,0.0
177431265.0643,899998.2000000001,0.0
177431267.0643,899998.2000000001,0.0
177431269.0643,899998.2000000001,0.0
177431271.0643,899998.2000000001,0.0
177431273.0643,899998.2000000001,0.0
177431275.0643,899998.2000000001,0.0
177431277.0643,899998.2000000001,0.0
177431279.0643,899998.2000000001,0.0
177431281.0643,899998.2000000001,0.0
177431283.0643,899998.2000000001,0.0
177431285.0643,899998.2000000001,0.0
177431287.0643,899998.2000000001,0.0
177431289.0643,899998.2000000001,0.0
177431291.0643,899998.2000000001,0.0
177431293.0643,899998.2000000001,0.0
177431295.0643,899998.2000000001,0.0
177431297.0643,899998.2000000001,0.0
177431299.0643,899998.2000000001,0.0
177431301.0643,899998.2000000001,0.0
177431303.0643,899998.2000000001,0.0
177431305.0643,899998.2000000001,0.0
177431307.0643,899998.2000000001,0.0
177431309.0643,899998.2000000001,0.0
177431311.0643,899998.2000000001,0.0
177431313.0643,899998.2000000001,0.0
177431315.0643,899998.2000000001,0.0
177431317.0643,899998.2000000001,0.0
177431319.0643,899998.2000000001,0.0
177431321.0643,899998.2000000001,0.0
177431323.0643,899998.2000000001,0.0
177431325.0643,899998.2000000001,0.0
177431327.0643,899998.2000000001,0.0
177431329.0643,899998.2000000001,0.0
177431331.0643,899998.2000000001,0.0
177431333.0643,899998.2000000001,0.0
177431335.0643,899998.2000000001,0.0
177431337.0643,899998.2000000001,0.0
177431339.0643,899998.2000000001,0.0
177431341.0643,899998.2000000001,0.0
177431343.0643,899998.2000000001,0.0
177431345.0643,899998.2000000001,0.0
177431347.0643,899998.2000000001,0.0
177431349.0643,899998.2000000001,0.0
177431351.0643,899998.2000000001,0.0
177431353.0643,899998.2000000001,0.0
177431355.0643,899998.2000000001,0.0
177431357.0643,899998.2000000001,0.0
177431359.0643,899998.2000000001,0.0
177431361.0643,899998.2000000001,0.0
177431363.0643,899998.2000000001,0.0
177431365.0643,899998.2000000001,0.0
177431367.0643,899998.2000000001,0.0
177431369.0643,899998.2000000001,0.0
177431371.0643,899998.2000000001,0.0
177431373.0643,899998.2000000001,0.0
177431375.0643,899998.2000000001,0.0
177431377.0643,899998.2000000001,0.0
177431379.0643,899998.2000000001,0.0
177431381.0643,899998.2000000001,0.0
177431383.0643,899998.2000000001,0.0
177431385.0643,899998.2000000001,0.0
177431387.0643,899998.2000000001,0.0
177431389.0643,899998.2000000001,0.0
177431391.0643,899998.2000000001,0.0
177431393.0643,899998.2000000001,0.0
177431395.0643,899998.2000000001,0.0
177431397.0643,899998.2000000001,0.0
177431399.0643,899998.2000000001,0.0
177431401.0643,899998.2000000001,0.0
177431403.0643,899998.2000000001,0.0
177431405.0643,899998.2000000001,0.0
177431407.0643,899998.2000000001,0.0
177431409.0643,899998.2000000001,0.0
177431411.0643,899998.2000000001,0.0
177431413.0643,899998.2000000001,0.0
177431415.0643,899998.2000000001,0.0
177431417.0643,899998.2000000001,0.0
177431419.0643,899998.2000000001,0.0
177431421.0643,899998.2000000001,0.0
177431423.0643,899998.2000000001,0.0
177431425.0643,899998.2000000001,0.0
177431427.0643,899998.2000000001,0.0
177431429.0643,899998.2000000001,0.0
177431431.0643,899998.2000000001,0.0
177431433.0643,899998.2000000001,0.0
177431435.0643,899998.2000000001,0.0
177431437.0643,899998.2000000001,0.0
177431439.0643,899998.2000000001,0.0
177431441.0643,899998.2000000001,0.0
177431443.1643,899998.2000000001,0.0
177431445.0643,899998.2000000001,0.0
177431447.0643,899998.2000000001,0.0
177431449.0643,899998.2000000001,0.0
177431451.0643,899998.2000000001,0.0
177431453.0643,899998.2000000001,0.0
177431455.0643,899998.2000000001,0.0
177431457.0643,899998.2000000001,0.0
177431459.0643,899998.2000000001,0.0
177431461.0643,899998.2000000001,0.0
177431463.0643,899998.2000000001,0.0
177431465.0643,899998.2000000001,0.0
177431467.0643,899998.2000000001,0.0
177431469.0643,899998.2000000001,0.0
177431471.0643,899998.2000000001,0.0
177431473.0643,899998.2000000001,0.0
177431475.0643,899998.2000000001,0.0
177431477.0643,899998.2000000001,0.0
177431479.0643,899998.2000000001,0.0
177431481.0643,899998.2000000001,0.0
177431483.0643,899998.2000000001,0.0
177431485.0643,899998.2000000001,0.0
177431487.0643,899998.2000000001,0.0
177431489.0643,899998.2000000001,0.0
177431491.0643,899998.2000000001,0.0
177431493.0643,899998.2000000001,0.0
177431495.0643,899998.2000000001,0.0
177431497.0643,899998.2000000001,0.0
177431499.0643,899998.2000000001,0.0
177431501.0643,899998.2000000001,0.0
177431503.0643,899998.2000000001,0.0
177431505.0643,899998.2000000001,0.0
177431507.0643,899998.2000000001,0.0
177431509.0643,899998.2000000001,0.0
177431511.0643,899998.2000000001,0.0
177431513.0643,899998.2000000001,0.0
177431515.0643,899998.2000000001,0.0
177431517.0643,899998.2000000001,0.0
177431519.0643,899998.2000000001,0.0
177431521.0643,899998.2000000001,0.0
177431523.0643,899998.2000000001,0.0
177431525.0643,899998.2000000001,0.0
177431527.0643,899998.2000000001,0.0
177431529.0643,899998.2000000001,0.0
177431531.0643,899998.2000000001,0.0
177431533.0643,899998.2000000001,0.0
177431535.0643,899998.2000000001,0.0
177431537.0643,899998.2000000001,0.0
177431539.0643,899998.2000000001,0.0
177431541.0643,899998.2000000001,0.0
177431543.0643,899998.2000000001,0.0
177431545.0643,899998.2000000001,0.0
177431547.0643,899998.2000000001,0.0
177431549.0643,899998.2000000001,0.0
177431551.0643,899998.2000000001,0.0
177431553.0643,899998.2000000001,0.0
177431555.0643,899998.2000000001,0.0
177431557.0643,899998.2000000001,0.0
177431559.0643,899998.2000000001,0.0
177431561.0643,899998.2000000001,0.0
177431563.0643,899998.2000000001,0.0
177431565.0643,899998.2000000001,0.0
177431567.0643,899998.2000000001,0.0
177431569.0643,899998.2000000001,0.0
177431571.0643,899998.2000000001,0.0
177431573.0643,899998.2000000001,0.0
177431575.0643,899998.2000000001,0.0
177431577.0643,899998.2000000001,0.0
177431579.0643,899998.2000000001,0.0
177431581.0643,899998.2000000001,0.0
177431583.0643,899998.2000000001,0.0
177431585.0643,899998.2000000001,0.0
177431587.0643,899998.2000000001,0.0
177431589.0643,899998.2000000001,0.0
177431591.0643,899998.2000000001,0.0
177431593.0643,899998.2000000001,0.0
177431595.0643,899998.2000000001,0.0
177431597.0643,899998.2000000001,0.0
177431599.0643,899998.2000000001,0.0
177431601.0643,899998.2000000001,0.0
177431603.0643,899998.2000000001,0.0
177431605.0643,899998.2000000001,0.0
177431607.0643,899998.2000000001,0.0
177431609.0643,899998.2000000001,0.0
177431611.0643,899998.2000000001,0.0
177431613.0643,899998.2000000001,0.0
177431615.0643,899998.2000000001,0.0
177431617.0643,899998.2000000001,0.0
177431619.0643,899998.2000000001,0.0
177431621.0643,899998.2000000001,0.0
177431623.0643,899998.2000000001,0.0
177431625.0643,899998.2000000001,0.0
177431627.0643,899998.2000000001,0.0
177431629.0643,899998.2000000001,0.0
177431631.0643,899998.2000000001,0.0
177431633.0643,899998.2000000001,0.0
177431635.0643,899998.2000000001,0.0
177431637.0643,899998.2000000001,0.0
177431639.0643,899998.2000000001,0.0
177431641.0643,899998.2000000001,0.0
177431643.0643,899998.2000000001,0.0
177431645.0643,899998.2000000001,0.0
177431647.0643,899998.2000000001,0.0
177431649.0643,899998.2000000001,0.0
177431651.0643,899998.2000000001,0.0
177431653.0643,899998.2000000001,0.0
177431655.0643,899998.2000000001,0.0
177431657.0643,899998.2000000001,0.0
177431659.0643,899998.2000000001,0.0
177431661.0643,899998.2000000001,0.0
177431663.1643,899998.2000000001,0.0
177431665.0643,899998.2000000001,0.0
177431667.0643,899998.2000000001,0.0
177431669.0643,899998.2000000001,0.0
177431671.0643,899998.2000000001,0.0
177431673.0643,899998.2000000001,0.0
177431675.0643,899998.2000000001,0.0
177431677.0643,899998.2000000001,0.0
177431679.0643,899998.2000000001,0.0
177431681.0643,899998.2000000001,0.0
177431683.0643,899998.2000000001,0.0
177431685.0643,899998.2000000001,0.0
177431687.0643,899998.2000000001,0.0
177431689.0643,899998.2000000001,0.0
177431691.0643,899998.2000000001,0.0
177431693.0643,899998.2000000001,0.0
177431695.0643,899998.2000000001,0.0
177431697.0643,899998.2000000001,0.0
177431699.0643,899998.2000000001,0.0
177431701.0643,899998.2000000001,0.0
177431703.0643,899998.2000000001,0.0
177431705.0643,899998.2000000001,0.0
177431707.0643,899998.2000000001,0.0
177431709.0643,899998.2000000001,0.0
177431711.0643,899998.2000000001,0.0
177431713.0643,899998.2000000001,0.0
177431715.0643,899998.2000000001,0.0
177431717.0643,899998.2000000001,0.0
177431719.0643,899998.2000000001,0.0
177431721.0643,899998.2000000001,0.0
177431723.0643,899998.2000000001,0.0
177431725.0643,899998.2000000001,0.0
177431727.0643,899998.2000000001,0.0
177431729.0643,899998.2000000001,0.0
177431731.0643,899998.2000000001,0.0
177431733.0643,899998.2000000001,0.0
177431735.0643,899998.2000000001,0.0
177431737.0643,899998.2000000001,0.0
177431739.0643,899998.2000000001,0.0
177431741.0643,899998.2000000001,0.0
177431743.0643,899998.2000000001,0.0
177431745.0643,899998.2000000001,0.0
177431747.0643,899998.2000000001,0.0
177431749.0643,899998.2000000001,0.0
177431751.0643,899998.2000000001,0.0
177431753.0643,899998.2000000001,0.0
177431755.0643,899998.2000000001,0.0
177431757.0643,899998.2000000001,0.0
177431759.0643,899998.2000000001,0.0
177431761.0643,899998.2000000001,0.0
177431763.0643,899998.2000000001,0.0
177431765.0643,899998.2000000001,0.0
177431767.0643,899998.2000000001,0.0
177431769.0643,899998.2000000001,0.0
177431771.0643,899998.2000000001,0.0
177431773.0643,899998.2000000001,0.0
177431775.0643,899998.2000000001,0.0
177431777.0643,899998.2000000001,0.0
177431779.0643,899998.2000000001,0.0
177431781.0643,899998.2000000001,0.0
177431783.0643,899998.2000000001,0.0
177431785.0643,899998.2000000001,0.0
177431787.0643,899998.2000000001,0.0
177431789.0643,899998.2000000001,0.0
177431791.0643,899998.2000000001,0.0
177431793.0643,899998.2000000001,0.0
177431795.0643,899998.2000000001,0.0
177431797.0643,899998.2000000001,0.0
177431799.0643,899998.2000000001,0.0
177431801.0643,899998.2000000001,0.0
177431803.0643,899998.2000000001,0.0
177431805.0643,899998.2000000001,0.0
177431807.0643,899998.2000000001,0.0
177431809.0643,899998.2000000001,0.0
177431811.0643,899998.2000000001,0.0
177431813.0643,899998.2000000001,0.0
177431815.0643,899998.2000000001,0.0
177431817.0643,899998.2000000001,0.0
177431819.0643,899998.2000000001,0.0
177431821.0643,899998.2000000001,0.0
177431823.0643,899998.2000000001,0.0
177431825.0643,899998.2000000001,0.0
177431827.0643,899998.2000000001,0.0
177431829.0643,899998.2000000001,0.0
177431831.0643,899998.2000000001,0.0
177431833.0643,899998.2000000001,0.0
177431835.0643,899998.2000000001,0.0
177431837.0643,899998.2000000001,0.0
177431839.0643,899998.2000000001,0.0
177431841.0643,899998.2000000001,0.0
177431843.0643,899998.2000000001,0.0
177431845.0643,899998.2000000001,0.0
177431847.0643,899998.2000000001,0.0
177431849.0643,899998.2000000001,0.0
177431851.0643,899998.2000000001,0.0
177431853.0643,899998.2000000001,0.0
177431855.0643,899998.2000000001,0.0
177431857.0643,899998.2000000001,0.0
177431859.0643,899998.2000000001,0.0
177431861.0643,899998.2000000001,0.0
177431863.0643,899998.2000000001,0.0
177431865.0643,899998.2000000001,0.0
177431867.0643,899998.2000000001,0.0
177431869.0643,899998.2000000001,0.0
177431871.0643,899998.2000000001,0.0
177431873.0643,899998.2000000001,0.0
177431875.0643,899998.2000000001,0.0
177431877.0643,899998.2000000001,0.0
177431879.0643,899998.2000000001,0.0
177431881.0643,899998.2000000001,0.0
177431883.0643,899998.2000000001,0.0
177431885.0643,899998.2000000001,0.0
177431887.0643,899998.2000000001,0.0
177431889.0643,899998.2000000001,0.0
177431891.0643,899998.2000000001,0.0
177431893.0643,899998.2000000001,0.0
177431895.0643,899998.2000000001,0.0
177431897.0643,899998.2000000001,0.0
177431899.0643,899998.2000000001,0.0
177431901.0643,899998.2000000001,0.0
177431903.0643,899998.2000000001,0.0
177431905.0643,899998.2000000001,0.0
177431907.0643,899998.2000000001,0.0
177431909.0643,899998.2000000001,0.0
177431911.0643,899998.2000000001,0.0
177431913.0643,899998.2000000001,0.0
177431915.0643,899998.2000000001,0.0
177431917.0643,899998.2000000001,0.0
177431919.0643,899998.2000000001,0.0
177431921.0643,899998.2000000001,0.0
177431923.0643,899998.2000000001,0.0
177431925.0643,899998.2000000001,0.0
177431927.0643,899998.2000000001,0.0
177431929.0643,899998.2000000001,0.0
177431931.0643,899998.2000000001,0.0
177431933.0643,899998.2000000001,0.0
177431935.0643,899998.2000000001,0.0
177431937.0643,899998.2000000001,0.0
177431939.0643,899998.2000000001,0.0
177431941.0643,899998.2000000001,0.0
177431943.0643,899998.2000000001,0.0
177431945.0643,899998.2000000001,0.0
177431947.0643,899998.2000000001,0.0
177431949.0643,899998.2000000001,0.0
177431951.0643,899998.2000000001,0.0
177431953.0643,899998.2000000001,0.0
177431955.0643,899998.2000000001,0.0
177431957.0643,899998.2000000001,0.0
177431959.0643,899998.2000000001,0.0
177431961.0643,899998.2000000001,0.0
177431963.0643,899998.2000000001,0.0
177431965.0643,899998.2000000001,0.0
177431967.0643,899998.2000000001,0.0
177431969.0643,899998.2000000001,0.0
177431971.0643,899998.2000000001,0.0
177431973.0643,899998.2000000001,0.0
177431975.0643,899998.2000000001,0.0
177431977.0643,899998.2000000001,0.0
177431979.0643,899998.2000000001,0.0
177431981.0643,899998.2000000001,0.0
177431983.0643,899998.2000000001,0.0
177431985.0643,899998.2000000001,0.0
177431987.0643,899998.2000000001,0.0
177431989.0643,899998.2000000001,0.0
177431991.0643,899998.2000000001,0.0
177431993.0643,899998.2000000001,0.0
177431995.0643,899998.2000000001,0.0
177431997.0643,899998.2000000001,0.0
177431999.0643,899998.2000000001,0.0
177432001.0643,899998.2000000001,0.0
177432003.0643,899998.2000000001,0.0
177432005.0643,899998.2000000001,0.0
177432007.0643,899998.2000000001,0.0
177432009.0643,899998.2000000001,0.0
177432011.0643,899998.2000000001,0.0
177432013.0643,899998.2000000001,0.0
177432015.0643,899998.2000000001,0.0
177432017.0643,899998.2000000001,0.0
177432019.0643,899998.2000000001,0.0
177432021.0643,899998.2000000001,0.0
177432023.0643,899998.2000000001,0.0
177432025.0643,899998.2000000001,0.0
177432027.0643,899998.2000000001,0.0
177432029.0643,899998.2000000001,0.0
177432031.0643,899998.2000000001,0.0
177432033.0643,899998.2000000001,0.0
177432035.0643,899998.2000000001,0.0
177432037.0643,899998.2000000001,0.0
177432039.0643,899998.2000000001,0.0
177432041.0643,899998.2000000001,0.0
177432043.0643,899998.2000000001,0.0
177432045.0643,899998.2000000001,0.0
177432047.0643,899998.2000000001,0.0
177432049.0643,899998.2000000001,0.0
177432051.0643,899998.2000000001,0.0
177432053.0643,899998.2000000001,0.0
177432055.0643,899998.2000000001,0.0
177432057.0643,899998.2000000001,0.0
177432059.0643,899998.2000000001,0.0
177432061.0643,899998.2000000001,0.0
177432063.0643,899998.2000000001,0.0
177432065.0643,899998.2000000001,0.0
177432067.0643,899998.2000000001,0.0
177432069.0643,899998.2000000001,0.0
177432071.0643,899998.2000000001,0.0
177432073.0643,899998.2000000001,0.0
177432075.0643,899998.2000000001,0.0
177432077.0643,899998.2000000001,0.0
177432079.0643,899998.2000000001,0.0
177432081.0643,899998.2000000001,0.0
177432083.0643,899998.2000000001,0.0
177432085.0643,899998.2000000001,0.0
177432087.0643,899998.2000000001,0.0
177432089.0643,899998.2000000001,0.0
177432091.0643,899998.2000000001,0.0
177432093.0643,899998.2000000001,0.0
177432095.0643,899998.2000000001,0.0
177432097.0643,899998.2000000001,0.0
177432099.0643,899998.2000000001,0.0
177432101.0643,899998.2000000001,0.0
177432103.0643,899998.2000000001,0.0
177432105.0643,899998.2000000001,0.0
177432107.0643,899998.2000000001,0.0
177432109.0643,899998.2000000001,0.0
177432111.0643,899998.2000000001,0.0
177432113.0643,899998.2000000001,0.0
177432115.0643,899998.2000000001,0.0
177432117.0643,899998.2000000001,0.0
177432119.0643,899998.2000000001,0.0
177432121.0643,899998.2000000001,0.0
177432123.0643,899998.2000000001,0.0
177432125.0643,899998.2000000001,0.0
177432127.0643,899998.2000000001,0.0
177432129.0643,899998.2000000001,0.0
177432131.0643,899998.2000000001,0.0
177432133.0643,899998.2000000001,0.0
177432135.0643,899998.2000000001,0.0
177432137.0643,899998.2000000001,0.0
177432139.0643,899998.2000000001,0.0
177432141.0643,899998.2000000001,0.0
177432143.0643,899998.2000000001,0.0
177432145.0643,899998.2000000001,0.0
177432147.0643,899998.2000000001,0.0
177432149.0643,899998.2000000001,0.0
177432151.0643,899998.2000000001,0.0
177432153.0643,899998.2000000001,0.0
177432155.0643,899998.2000000001,0.0
177432157.0643,899998.2000000001,0.0
177432159.0643,899998.2000000001,0.0
177432161.0643,899998.2000000001,0.0
177432163.0643,899998.2000000001,0.0
177432165.0643,899998.2000000001,0.0
177432167.0643,899998.2000000001,0.0
177432169.0643,899998.2000000001,0.0
177432171.0643,899998.2000000001,0.0
177432173.0643,899998.2000000001,0.0
177432175.0643,899998.2000000001,0.0
177432177.0643,899998.2000000001,0.0
177432179.0643,899998.2000000001,0.0
177432181.0643,899998.2000000001,0.0
177432183.0643,899998.2000000001,0.0
177432185.0643,899998.2000000001,0.0
177432187.0643,899998.2000000001,0.0
177432189.0643,899998.2000000001,0.0
177432191.0643,899998.2000000001,0.0
177432193.0643,899998.2000000001,0.0
177432195.0643,899998.2000000001,0.0
177432197.0643,899998.2000000001,0.0
177432199.0643,899998.2000000001,0.0
177432201.0643,899998.2000000001,0.0
177432203.0643,899998.2000000001,0.0
177432205.0643,899998.2000000001,0.0
177432207.0643,899998.2000000001,0.0
177432209.0643,899998.2000000001,0.0
177432211.0643,899998.2000000001,0.0
177432213.0643,899998.2000000001,0.0
177432215.0643,899998.2000000001,0.0
177432217.0643,899998.2000000001,0.0
177432219.0643,899998.2000000001,0.0
177432221.0643,899998.2000000001,0.0
177432223.0643,899998.2000000001,0.0
177432225.0643,899998.2000000001,0.0
177432227.0643,899998.2000000001,0.0
177432229.0643,899998.2000000001,0.0
177432231.0643,899998.2000000001,0.0
177432233.0643,899998.2000000001,0.0
177432235.0643,899998.2000000001,0.0
177432237.0643,899998.2000000001,0.0
177432239.0643,899998.2000000001,0.0
177432241.0643,899998.2000000001,0.0
177432243.0643,899998.2000000001,0.0
177432245.0643,899998.2000000001,0.0
177432247.0643,899998.2000000001,0.0
177432249.0643,899998.2000000001,0.0
177432251.0643,899998.2000000001,0.0
177432253.0643,899998.2000000001,0.0
177432255.0643,899998.2000000001,0.0
177432257.0643,899998.2000000001,0.0
177432259.0643,899998.2000000001,0.0
177432261.0643,899998.2000000001,0.0
177432263.0643,899998.2000000001,0.0
177432265.0643,899998.2000000001,0.0
177432267.0643,899998.2000000001,0.0
177432269.0643,899998.2000000001,0.0
177432271.0643,899998.2000000001,0.0
177432273.0643,899998.2000000001,0.0
177432275.0643,899998.2000000001,0.0
177432277.0643,899998.2000000001,0.0
177432279.0643,899998.2000000001,0.0
177432281.0643,899998.2000000001,0.0
177432283.0643,899998.2000000001,0.0
177432285.0643,899998.2000000001,0.0
177432287.0643,899998.2000000001,0.0
177432289.0643,899998.2000000001,0.0
177432291.0643,899998.2000000001,0.0
177432293.0643,899998.2000000001,0.0
177432295.0643,899998.2000000001,0.0
177432297.0643,899998.2000000001,0.0
177432299.0643,899998.2000000001,0.0
177432301.0643,899998.2000000001,0.0
177432303.0643,899998.2000000001,0.0
177432305.0643,899998.2000000001,0.0
177432307.0643,899998.2000000001,0.0
177432309.0643,899998.2000000001,0.0
177432311.0643,899998.2000000001,0.0
177432313.0643,899998.2000000001,0.0
177432315.0643,899998.2000000001,0.0
177432317.0643,899998.2000000001,0.0
177432319.0643,899998.2000000001,0.0
177432321.0643,899998.2000000001,0.0
177432323.0643,899998.2000000001,0.0
177432325.0643,899998.2000000001,0.0
177432327.0643,899998.2000000001,0.0
177432329.0643,899998.2000000001,0.0
177432331.0643,899998.2000000001,0.0
177432333.0643,899998.2000000001,0.0
177432335.0643,899998.2000000001,0.0
177432337.0643,899998.2000000001,0.0
177432339.0643,899998.2000000001,0.0
177432341.0643,899998.2000000001,0.0
177432343.0643,899998.2000000001,0.0
177432345.0643,899998.2000000001,0.0
177432347.0643,899998.2000000001,0.0
177432349.0643,899998.2000000001,0.0
177432351.0643,899998.2000000001,0.0
177432353.0643,899998.2000000001,0.0
177432355.0643,899998.2000000001,0.0
177432357.0643,899998.2000000001,0.0
177432359.0643,899998.2000000001,0.0
177432361.0643,899998.2000000001,0.0
177432363.0643,899998.2000000001,0.0
177432365.0643,899998.2000000001,0.0
177432367.0643,899998.2000000001,0.0
177432369.0643,899998.2000000001,0.0
177432371.0643,899998.2000000001,0.0
177432373.0643,899998.2000000001,0.0
177432375.0643,899998.2000000001,0.0
177432377.0643,899998.2000000001,0.0
177432379.0643,899998.2000000001,0.0
177432381.0643,899998.2000000001,0.0
177432383.0643,899998.2000000001,0.0
177432385.0643,899998.2000000001,0.0
177432387.0643,899998.2000000001,0.0
177432389.0643,899998.2000000001,0.0
177432391.0643,899998.2000000001,0.0
177432393.0643,899998.2000000001,0.0
177432395.0643,899998.2000000001,0.0
177432397.0643,899998.2000000001,0.0
177432399.0643,899998.2000000001,0.0
177432401.0643,899998.2000000001,0.0
177432403.0643,899998.2000000001,0.0
177432405.0643,899998.2000000001,0.0
177432407.0643,899998.2000000001,0.0
177432409.0643,899998.2000000001,0.0
177432411.0643,899998.2000000001,0.0
177432413.0643,899998.2000000001,0.0
177432415.0643,899998.2000000001,0.0
177432417.0643,899998.2000000001,0.0
177432419.0643,899998.2000000001,0.0
177432421.0643,899998.2000000001,0.0
177432423.0643,899998.2000000001,0.0
177432425.0643,899998.2000000001,0.0
177432427.0643,899998.2000000001,0.0
177432429.0643,899998.2000000001,0.0
177432431.0643,899998.2000000001,0.0
177432433.0643,899998.2000000001,0.0
177432435.0643,899998.2000000001,0.0
177432437.0643,899998.2000000001,0.0
177432439.0643,899998.2000000001,0.0
177432441.0643,899998.2000000001,0.0
177432443.0643,899998.2000000001,0.0
177432445.0643,899998.2000000001,0.0
177432447.0643,899998.2000000001,0.0
177432449.0643,899998.2000000001,0.0
177432451.0643,899998.2000000001,0.0
177432453.0643,899998.2000000001,0.0
177432455.0643,899998.2000000001,0.0
177432457.0643,899998.2000000001,0.0
177432459.0643,899998.2000000001,0.0
177432461.0643,899998.2000000001,0.0
177432463.0643,899998.2000000001,0.0
177432465.0643,899998.2000000001,0.0
177432467.0643,899998.2000000001,0.0
177432469.0643,899998.2000000001,0.0
177432471.0643,899998.2000000001,0.0
177432473.0643,899998.2000000001,0.0
177432475.0643,899998.2000000001,0.0
177432477.0643,899998.2000000001,0.0
177432479.0643,899998.2000000001,0.0
177432481.0643,899998.2000000001,0.0
177432483.0643,899998.2000000001,0.0
177432485.0643,899998.2000000001,0.0
177432487.0643,899998.2000000001,0.0
177432489.0643,899998.2000000001,0.0
177432491.0643,899998.2000000001,0.0
177432493.0643,899998.2000000001,0.0
177432495.0643,899998.2000000001,0.0
177432497.0643,899998.2000000001,0.0
177432499.0643,899998.2000000001,0.0
177432501.0643,899998.2000000001,0.0
177432503.0643,899998.2000000001,0.0
177432505.0643,899998.2000000001,0.0
177432507.0643,899998.2000000001,0.0
177432509.0643,899998.2000000001,0.0
177432511.0643,899998.2000000001,0.0
177432513.0643,899998.2000000001,0.0
177432515.0643,899998.2000000001,0.0
177432517.0643,899998.2000000001,0.0
177432519.0643,899998.2000000001,0.0
177432521.0643,899998.2000000001,0.0
177432523.0643,899998.2000000001,0.0
177432525.0643,899998.2000000001,0.0
177432527.0643,899998.2000000001,0.0
177432529.0643,899998.2000000001,0.0
177432531.0643,899998.2000000001,0.0
177432533.0643,899998.2000000001,0.0
177432535.0643,899998.2000000001,0.0
177432537.0643,899998.2000000001,0.0
177432539.0643,899998.2000000001,0.0
177432541.0643,899998.2000000001,0.0
177432543.0643,899998.2000000001,0.0
177432545.0643,899998.2000000001,0.0
177432547.0643,899998.2000000001,0.0
177432549.0643,899998.2000000001,0.0
177432551.0643,899998.2000000001,0.0
177432553.0643,899998.2000000001,0.0
177432555.0643,899998.2000000001,0.0
177432557.0643,899998.2000000001,0.0
177432559.0643,899998.2000000001,0.0
177432561.0643,899998.2000000001,0.0
177432563.0643,899998.2000000001,0.0
177432565.0643,899998.2000000001,0.0
177432567.0643,899998.2000000001,0.0
177432569.0643,899998.2000000001,0.0
177432571.0643,899998.2000000001,0.0
177432573.0643,899998.2000000001,0.0
177432575.0643,899998.2000000001,0.0
177432577.0643,899998.2000000001,0.0
177432579.0643,899998.2000000001,0.0
177432581.0643,899998.2000000001,0.0
177432583.0643,899998.2000000001,0.0
177432585.0643,899998.2000000001,0.0
177432587.0643,899998.2000000001,0.0
177432589.0643,899998.2000000001,0.0
177432591.0643,899998.2000000001,0.0
177432593.0643,899998.2000000001,0.0
177432595.0643,899998.2000000001,0.0
177432597.0643,899998.2000000001,0.0
177432599.0643,899998.2000000001,0.0
177432601.0643,899998.2000000001,0.0
177432603.0643,899998.2000000001,0.0
177432605.0643,899998.2000000001,0.0
177432607.0643,899998.2000000001,0.0
177432609.0643,899998.2000000001,0.0
177432611.0643,899998.2000000001,0.0
177432613.0643,899998.2000000001,0.0
177432615.0643,899998.2000000001,0.0
177432617.1643,899998.2000000001,0.0
177432619.0643,899998.2000000001,0.0
177432621.0643,899998.2000000001,0.0
177432623.0643,899998.2000000001,0.0
177432625.0643,899998.2000000001,0.0
177432627.0643,899998.2000000001,0.0
177432629.0643,899998.2000000001,0.0
177432631.0643,899998.2000000001,0.0
177432633.0643,899998.2000000001,0.0
177432635.0643,899998.2000000001,0.0
177432637.0643,899998.2000000001,0.0
177432639.0643,899998.2000000001,0.0
177432641.0643,899998.2000000001,0.0
177432643.0643,899998.2000000001,0.0
177432645.0643,899998.2000000001,0.0
177432647.0643,899998.2000000001,0.0
177432649.0643,899998.2000000001,0.0
177432651.0643,899998.2000000001,0.0
177432653.0643,899998.2000000001,0.0
177432655.0643,899998.2000000001,0.0
177432657.0643,899998.2000000001,0.0
177432659.0643,899998.2000000001,0.0
177432661.0643,899998.2000000001,0.0
177432663.0643,899998.2000000001,0.0
177432665.0643,899998.2000000001,0.0
177432667.0643,899998.2000000001,0.0
177432669.0643,899998.2000000001,0.0
177432671.0643,899998.2000000001,0.0
177432673.0643,899998.2000000001,0.0
177432675.0643,899998.2000000001,0.0
177432677.0643,899998.2000000001,0.0
177432679.0643,899998.2000000001,0.0
177432681.0643,899998.2000000001,0.0
177432683.0643,899998.2000000001,0.0
177432685.0643,899998.2000000001,0.0
177432687.0643,899998.2000000001,0.0
177432689.0643,899998.2000000001,0.0
177432691.0643,899998.2000000001,0.0
177432693.0643,899998.2000000001,0.0
177432695.0643,899998.2000000001,0.0
177432697.0643,899998.2000000001,0.0
177432699.0643,899998.2000000001,0.0
177432701.0643,899998.2000000001,0.0
177432703.0643,899998.2000000001,0.0
177432705.0643,899998.2000000001,0.0
177432707.0643,899998.2000000001,0.0
177432709.0643,899998.2000000001,0.0
177432711.0643,899998.2000000001,0.0
177432713.0643,899998.2000000001,0.0
177432715.0643,899998.2000000001,0.0
177432717.0643,899998.2000000001,0.0
177432719.0643,899998.2000000001,0.0
177432721.0643,899998.2000000001,0.0
177432723.0643,899998.2000000001,0.0
177432725.0643,899998.2000000001,0.0
177432727.0643,899998.2000000001,0.0
177432729.0643,899998.2000000001,0.0
177432731.0643,899998.2000000001,0.0
177432733.0643,899998.2000000001,0.0
177432735.0643,899998.2000000001,0.0
177432737.0643,899998.2000000001,0.0
177432739.0643,899998.2000000001,0.0
177432741.0643,899998.2000000001,0.0
177432743.0643,899998.2000000001,0.0
177432745.0643,899998.2000000001,0.0
177432747.0643,899998.2000000001,0.0
177432749.0643,899998.2000000001,0.0
177432751.0643,899998.2000000001,0.0
177432753.0643,899998.2000000001,0.0
177432755.0643,899998.2000000001,0.0
177432757.0643,899998.2000000001,0.0
177432759.0643,899998.2000000001,0.0
177432761.0643,899998.2000000001,0.0
177432763.0643,899998.2000000001,0.0
177432765.0643,899998.2000000001,0.0
177432767.0643,899998.2000000001,0.0
177432769.0643,899998.2000000001,0.0
177432771.0643,899998.2000000001,0.0
177432773.0643,899998.2000000001,0.0
177432775.0643,899998.2000000001,0.0
177432777.0643,899998.2000000001,0.0
177432779.0643,899998.2000000001,0.0
177432781.0643,899998.2000000001,0.0
177432783.0643,899998.2000000001,0.0
177432785.0643,899998.2000000001,0.0
177432787.0643,899998.2000000001,0.0
177432789.0643,899998.2000000001,0.0
177432791.0643,899998.2000000001,0.0
177432793.0643,899998.2000000001,0.0
177432795.0643,899998.2000000001,0.0
177432797.0643,899998.2000000001,0.0
177432799.0643,899998.2000000001,0.0
177432801.0643,899998.2000000001,0.0
177432803.0643,899998.2000000001,0.0
177432805.0643,899998.2000000001,0.0
177432807.0643,899998.2000000001,0.0
177432809.0643,899998.2000000001,0.0
177432811.0643,899998.2000000001,0.0
177432813.0643,899998.2000000001,0.0
177432815.0643,899998.2000000001,0.0
177432817.0643,899998.2000000001,0.0
177432819.0643,899998.2000000001,0.0
177432821.0643,899998.2000000001,0.0
177432823.0643,899998.2000000001,0.0
177432825.0643,899998.2000000001,0.0
177432827.0643,899998.2000000001,0.0
177432829.0643,899998.2000000001,0.0
177432831.0643,899998.2000000001,0.0
177432833.0643,899998.2000000001,0.0
177432835.0643,899998.2000000001,0.0
177432837.0643,899998.2000000001,0.0
177432839.0643,899998.2000000001,0.0
177432841.0643,899998.2000000001,0.0
177432843.0643,899998.2000000001,0.0
177432845.0643,899998.2000000001,0.0
177432847.0643,899998.2000000001,0.0
177432849.0643,899998.2000000001,0.0
177432851.0643,899998.2000000001,0.0
177432853.0643,899998.2000000001,0.0
177432855.0643,899998.2000000001,0.0
177432857.0643,899998.2000000001,0.0
177432859.0643,899998.2000000001,0.0
177432861.0643,899998.2000000001,0.0
177432863.0643,899998.2000000001,0.0
177432865.0643,899998.2000000001,0.0
177432867.0643,899998.2000000001,0.0
177432869.0643,899998.2000000001,0.0
177432871.0643,899998.2000000001,0.0
177432873.0643,899998.2000000001,0.0
177432875.0643,899998.2000000001,0.0
177432877.0643,899998.2000000001,0.0
177432879.0643,899998.2000000001,0.0
177432881.0643,899998.2000000001,0.0
177432883.0643,899998.2000000001,0.0
177432885.0643,899998.2000000001,0.0
177432887.0643,899998.2000000001,0.0
177432889.0643,899998.2000000001,0.0
177432891.0643,899998.2000000001,0.0
177432893.0643,899998.2000000001,0.0
177432895.0643,899998.2000000001,0.0
177432897.0643,899998.2000000001,0.0
177432899.0643,899998.2000000001,0.0
177432901.0643,899998.2000000001,0.0
177432903.0643,899998.2000000001,0.0
177432905.0643,899998.2000000001,0.0
177432907.0643,899998.2000000001,0.0
177432909.0643,899998.2000000001,0.0
177432911.0643,899998.2000000001,0.0
177432913.0643,899998.2000000001,0.0
177432915.0643,899998.2000000001,0.0
177432917.0643,899998.2000000001,0.0
177432919.0643,899998.2000000001,0.0
177432921.0643,899998.2000000001,0.0
177432923.0643,899998.2000000001,0.0
177432925.0643,899998.2000000001,0.0
177432927.0643,899998.2000000001,0.0
177432929.0643,899998.2000000001,0.0
177432931.0643,899998.2000000001,0.0
177432933.0643,899998.2000000001,0.0
177432935.0643,899998.2000000001,0.0
177432937.0643,899998.2000000001,0.0
177432939.0643,899998.2000000001,0.0
177432941.0643,899998.2000000001,0.0
177432943.0643,899998.2000000001,0.0
177432945.0643,899998.2000000001,0.0
177432947.0643,899998.2000000001,0.0
177432949.0643,899998.2000000001,0.0
177432951.0643,899998.2000000001,0.0
177432953.0643,899998.2000000001,0.0
177432955.0643,899998.2000000001,0.0
177432957.0643,899998.2000000001,0.0
177432959.0643,899998.2000000001,0.0
177432961.0643,899998.2000000001,0.0
177432963.0643,899998.2000000001,0.0
177432965.0643,899998.2000000001,0.0
177432967.0643,899998.2000000001,0.0
177432969.0643,899998.2000000001,0.0
177432971.0643,899998.2000000001,0.0
177432973.0643,899998.2000000001,0.0
177432975.0643,899998.2000000001,0.0
177432977.0643,899998.2000000001,0.0
177432979.0643,899998.2000000001,0.0
177432981.0643,899998.2000000001,0.0
177432983.0643,899998.2000000001,0.0
177432985.0643,899998.2000000001,0.0
177432987.0643,899998.2000000001,0.0
177432989.0643,899998.2000000001,0.0
177432991.0643,899998.2000000001,0.0
177432993.0643,899998.2000000001,0.0
177432995.0643,899998.2000000001,0.0
177432997.0643,899998.2000000001,0.0
177432999.0643,899998.2000000001,0.0
177433001.0643,899998.2000000001,0.0
177433003.0643,899998.2000000001,0.0
177433005.0643,899998.2000000001,0.0
177433007.0643,899998.2000000001,0.0
177433009.0643,899998.2000000001,0.0
177433011.0643,899998.2000000001,0.0
177433013.0643,899998.2000000001,0.0
177433015.0643,899998.2000000001,0.0
177433017.0643,899998.2000000001,0.0
177433019.0643,899998.2000000001,0.0
177433021.0643,899998.2000000001,0.0
177433023.0643,899998.2000000001,0.0
177433025.0643,899998.2000000001,0.0
177433027.0643,899998.2000000001,0.0
177433029.0643,899998.2000000001,0.0
177433031.0643,899998.2000000001,0.0
177433033.0643,899998.2000000001,0.0
177433035.0643,899998.2000000001,0.0
177433037.0643,899998.2000000001,0.0
177433039.0643,899998.2000000001,0.0
177433041.0643,899998.2000000001,0.0
177433043.0643,899998.2000000001,0.0
177433045.0643,899998.2000000001,0.0
177433047.0643,899998.2000000001,0.0
177433049.0643,899998.2000000001,0.0
177433051.0643,899998.2000000001,0.0
177433053.0643,899998.2000000001,0.0
177433055.0643,899998.2000000001,0.0
177433057.0643,899998.2000000001,0.0
177433059.0643,899998.2000000001,0.0
177433061.0643,899998.2000000001,0.0
177433063.0643,899998.2000000001,0.0
177433065.0643,899998.2000000001,0.0
177433067.0643,899998.2000000001,0.0
177433069.0643,899998.2000000001,0.0
177433071.0643,899998.2000000001,0.0
177433073.0643,899998.2000000001,0.0
177433075.0643,899998.2000000001,0.0
177433077.0643,899998.2000000001,0.0
177433079.0643,899998.2000000001,0.0
177433081.0643,899998.2000000001,0.0
177433083.0643,899998.2000000001,0.0
177433085.0643,899998.2000000001,0.0
177433087.0643,899998.2000000001,0.0
177433089.0643,899998.2000000001,0.0
177433091.0643,899998.2000000001,0.0
177433093.0643,899998.2000000001,0.0
177433095.0643,899998.2000000001,0.0
177433097.0643,899998.2000000001,0.0
177433099.0643,899998.2000000001,0.0
177433101.0643,899998.2000000001,0.0
177433103.0643,899998.2000000001,0.0
177433105.0643,899998.2000000001,0.0
177433107.0643,899998.2000000001,0.0
177433109.0643,899998.2000000001,0.0
177433111.0643,899998.2000000001,0.0
177433113.0643,899998.2000000001,0.0
177433115.0643,899998.2000000001,0.0
177433117.0643,899998.2000000001,0.0
177433119.0643,899998.2000000001,0.0
177433121.0643,899998.2000000001,0.0
177433123.0643,899998.2000000001,0.0
177433125.0643,899998.2000000001,0.0
177433127.0643,899998.2000000001,0.0
177433129.0643,899998.2000000001,0.0
177433131.0643,899998.2000000001,0.0
177433133.0643,899998.2000000001,0.0
177433135.0643,899998.2000000001,0.0
177433137.0643,899998.2000000001,0.0
177433139.0643,899998.2000000001,0.0
177433141.0643,899998.2000000001,0.0
177433143.0643,899998.2000000001,0.0
177433145.0643,899998.2000000001,0.0
177433147.0643,899998.2000000001,0.0
177433149.0643,899998.2000000001,0.0
177433151.0643,899998.2000000001,0.0
177433153.0643,899998.2000000001,0.0
177433155.0643,899998.2000000001,0.0
177433157.0643,899998.2000000001,0.0
177433159.0643,899998.2000000001,0.0
177433161.0643,899998.2000000001,0.0
177433163.0643,899998.2000000001,0.0
177433165.0643,899998.2000000001,0.0
177433167.0643,899998.2000000001,0.0
177433169.0643,899998.2000000001,0.0
177433171.0643,899998.2000000001,0.0
177433173.0643,899998.2000000001,0.0
177433175.0643,899998.2000000001,0.0
177433177.0643,899998.2000000001,0.0
177433179.0643,899998.2000000001,0.0
177433181.0643,899998.2000000001,0.0
177433183.0643,899998.2000000001,0.0
177433185.0643,899998.2000000001,0.0
177433187.0643,899998.2000000001,0.0
177433189.0643,899998.2000000001,0.0
177433191.0643,899998.2000000001,0.0
177433193.0643,899998.2000000001,0.0
177433195.0643,899998.2000000001,0.0
177433197.0643,899998.2000000001,0.0
177433199.0643,899998.2000000001,0.0
177433201.0643,899998.2000000001,0.0
177433203.0643,899998.2000000001,0.0
177433205.0643,899998.2000000001,0.0
177433207.0643,899998.2000000001,0.0
177433209.0643,899998.2000000001,0.0
177433211.0643,899998.2000000001,0.0
177433213.0643,899998.2000000001,0.0
177433215.0643,899998.2000000001,0.0
177433217.0643,899998.2000000001,0.0
177433219.0643,899998.2000000001,0.0
177433221.0643,899998.2000000001,0.0
177433223.0643,899998.2000000001,0.0
177433225.0643,899998.2000000001,0.0
177433227.0643,899998.2000000001,0.0
177433229.0643,899998.2000000001,0.0
177433231.0643,899998.2000000001,0.0
177433233.0643,899998.2000000001,0.0
177433235.0643,899998.2000000001,0.0
177433237.0643,899998.2000000001,0.0
177433239.0643,899998.2000000001,0.0
177433241.0643,899998.2000000001,0.0
177433243.0643,899998.2000000001,0.0
177433245.0643,899998.2000000001,0.0
177433247.0643,899998.2000000001,0.0
177433249.0643,899998.2000000001,0.0
177433251.0643,899998.2000000001,0.0
177433253.0643,899998.2000000001,0.0
177433255.0643,899998.2000000001,0.0
177433257.0643,899998.2000000001,0.0
177433259.0643,899998.2000000001,0.0
177433261.0643,899998.2000000001,0.0
177433263.0643,899998.2000000001,0.0
177433265.0643,899998.2000000001,0.0
177433267.0643,899998.2000000001,0.0
177433269.0643,899998.2000000001,0.0
177433271.0643,899998.2000000001,0.0
177433273.0643,899998.2000000001,0.0
177433275.0643,899998.2000000001,0.0
177433277.0643,899998.2000000001,0.0
177433279.0643,899998.2000000001,0.0
177433281.0643,899998.2000000001,0.0
177433283.0643,899998.2000000001,0.0
177433285.0643,899998.2000000001,0.0
177433287.0643,899998.2000000001,0.0
177433289.0643,899998.2000000001,0.0
177433291.0643,899998.2000000001,0.0
177433293.0643,899998.2000000001,0.0
177433295.1643,899998.2000000001,0.0
177433297.0643,899998.2000000001,0.0
177433299.0643,899998.2000000001,0.0
177433301.0643,899998.2000000001,0.0
177433303.0643,899998.2000000001,0.0
177433305.0643,899998.2000000001,0.0
177433307.0643,899998.2000000001,0.0
177433309.0643,899998.2000000001,0.0
177433311.0643,899998.2000000001,0.0
177433313.0643,899998.2000000001,0.0
177433315.0643,899998.2000000001,0.0
177433317.0643,899998.2000000001,0.0
177433319.0643,899998.2000000001,0.0
177433321.0643,899998.2000000001,0.0
177433323.0643,899998.2000000001,0.0
177433325.0643,899998.2000000001,0.0
177433327.0643,899998.2000000001,0.0
177433329.0643,899998.2000000001,0.0
177433331.0643,899998.2000000001,0.0
177433333.0643,899998.2000000001,0.0
177433335.0643,899998.2000000001,0.0
177433337.0643,899998.2000000001,0.0
177433339.0643,899998.2000000001,0.0
177433341.0643,899998.2000000001,0.0
177433343.0643,899998.2000000001,0.0
177433345.0643,899998.2000000001,0.0
177433347.0643,899998.2000000001,0.0
177433349.0643,899998.2000000001,0.0
177433351.0643,899998.2000000001,0.0
177433353.0643,899998.2000000001,0.0
177433355.0643,899998.2000000001,0.0
177433357.0643,899998.2000000001,0.0
177433359.0643,899998.2000000001,0.0
177433361.0643,899998.2000000001,0.0
177433363.0643,899998.2000000001,0.0
177433365.0643,899998.2000000001,0.0
177433367.0643,899998.2000000001,0.0
177433369.0643,899998.2000000001,0.0
177433371.0643,899998.2000000001,0.0
177433373.0643,899998.2000000001,0.0
177433375.0643,899998.2000000001,0.0
177433377.0643,899998.2000000001,0.0
177433379.0643,899998.2000000001,0.0
177433381.0643,899998.2000000001,0.0
177433383.0643,899998.2000000001,0.0
177433385.0643,899998.2000000001,0.0
177433387.0643,899998.2000000001,0.0
177433389.0643,899998.2000000001,0.0
177433391.0643,899998.2000000001,0.0
177433393.0643,899998.2000000001,0.0
177433395.0643,899998.2000000001,0.0
177433397.0643,899998.2000000001,0.0
177433399.0643,899998.2000000001,0.0
177433401.0643,899998.2000000001,0.0
177433403.0643,899998.2000000001,0.0
177433405.0643,899998.2000000001,0.0
177433407.0643,899998.2000000001,0.0
177433409.0643,899998.2000000001,0.0
177433411.0643,899998.2000000001,0.0
177433413.0643,899998.2000000001,0.0
177433415.0643,899998.2000000001,0.0
177433417.0643,899998.2000000001,0.0
177433419.0643,899998.2000000001,0.0
177433421.0643,899998.2000000001,0.0
177433423.0643,899998.2000000001,0.0
177433425.0643,899998.2000000001,0.0
177433427.0643,899998.2000000001,0.0
177433429.0643,899998.2000000001,0.0
177433431.0643,899998.2000000001,0.0
177433433.0643,899998.2000000001,0.0
177433435.0643,899998.2000000001,0.0
177433437.0643,899998.2000000001,0.0
177433439.0643,899998.2000000001,0.0
177433441.0643,899998.2000000001,0.0
177433443.0643,899998.2000000001,0.0
177433445.0643,899998.2000000001,0.0
177433447.0643,899998.2000000001,0.0
177433449.0643,899998.2000000001,0.0
177433451.0643,899998.2000000001,0.0
177433453.0643,899998.2000000001,0.0
177433455.0643,899998.2000000001,0.0
177433457.0643,899998.2000000001,0.0
177433459.0643,899998.2000000001,0.0
177433461.0643,899998.2000000001,0.0
177433463.0643,899998.2000000001,0.0
177433465.0643,899998.2000000001,0.0
177433467.0643,899998.2000000001,0.0
177433469.0643,899998.2000000001,0.0
177433471.0643,899998.2000000001,0.0
177433473.0643,899998.2000000001,0.0
177433475.0643,899998.2000000001,0.0
177433477.0643,899998.2000000001,0.0
177433479.0643,899998.2000000001,0.0
177433481.0643,899998.2000000001,0.0
177433483.0643,899998.2000000001,0.0
177433485.0643,899998.2000000001,0.0
177433487.0643,899998.2000000001,0.0
177433489.0643,899998.2000000001,0.0
177433491.0643,899998.2000000001,0.0
177433493.0643,899998.2000000001,0.0
177433495.0643,899998.2000000001,0.0
177433497.0643,899998.2000000001,0.0
177433499.0643,899998.2000000001,0.0
177433501.0643,899998.2000000001,0.0
177433503.0643,899998.2000000001,0.0
177433505.0643,899998.2000000001,0.0
177433507.0643,899998.2000000001,0.0
177433509.0643,899998.2000000001,0.0
177433511.0643,899998.2000000001,0.0
177433513.0643,899998.2000000001,0.0
177433515.0643,899998.2000000001,0.0
177433517.0643,899998.2000000001,0.0
177433519.0643,899998.2000000001,0.0
177433521.0643,899998.2000000001,0.0
177433523.0643,899998.2000000001,0.0
177433525.0643,899998.2000000001,0.0
177433527.0643,899998.2000000001,0.0
177433529.0643,899998.2000000001,0.0
177433531.0643,899998.2000000001,0.0
177433533.0643,899998.2000000001,0.0
177433535.0643,899998.2000000001,0.0
177433537.0643,899998.2000000001,0.0
177433539.0643,899998.2000000001,0.0
177433541.0643,899998.2000000001,0.0
177433543.0643,899998.2000000001,0.0
177433545.0643,899998.2000000001,0.0
177433547.0643,899998.2000000001,0.0
177433549.0643,899998.2000000001,0.0
177433551.0643,899998.2000000001,0.0
177433553.0643,899998.2000000001,0.0
177433555.0643,899998.2000000001,0.0
177433557.0643,899998.2000000001,0.0
177433559.0643,899998.2000000001,0.0
177433561.0643,899998.2000000001,0.0
177433563.0643,899998.2000000001,0.0
177433565.0643,899998.2000000001,0.0
177433567.0643,899998.2000000001,0.0
177433569.0643,899998.2000000001,0.0
177433571.0643,899998.2000000001,0.0
177433573.0643,899998.2000000001,0.0
177433575.0643,899998.2000000001,0.0
177433577.0643,899998.2000000001,0.0
177433579.0643,899998.2000000001,0.0
177433581.0643,899998.2000000001,0.0
177433583.0643,899998.2000000001,0.0
177433585.0643,899998.2000000001,0.0
177433587.0643,899998.2000000001,0.0
177433589.0643,899998.2000000001,0.0
177433591.0643,899998.2000000001,0.0
177433593.0643,899998.2000000001,0.0
177433595.0643,899998.2000000001,0.0
177433597.0643,899998.2000000001,0.0
177433599.0643,899998.2000000001,0.0
177433601.0643,899998.2000000001,0.0
177433603.0643,899998.2000000001,0.0
177433605.0643,899998.2000000001,0.0
177433607.0643,899998.2000000001,0.0
177433609.0643,899998.2000000001,0.0
177433611.0643,899998.2000000001,0.0
177433613.0643,899998.2000000001,0.0
177433615.0643,899998.2000000001,0.0
177433617.0643,899998.2000000001,0.0
177433619.0643,899998.2000000001,0.0
177433621.0643,899998.2000000001,0.0
177433623.0643,899998.2000000001,0.0
177433625.0643,899998.2000000001,0.0
177433627.0643,899998.2000000001,0.0
177433629.0643,899998.2000000001,0.0
177433631.0643,899998.2000000001,0.0
177433633.0643,899998.2000000001,0.0
177433635.0643,899998.2000000001,0.0
177433637.0643,899998.2000000001,0.0
177433639.0643,899998.2000000001,0.0
177433641.0643,899998.2000000001,0.0
177433643.0643,899998.2000000001,0.0
177433645.0643,899998.2000000001,0.0
177433647.0643,899998.2000000001,0.0
177433649.0643,899998.2000000001,0.0
177433651.0643,899998.2000000001,0.0
177433653.0643,899998.2000000001,0.0
177433655.0643,899998.2000000001,0.0
177433657.0643,899998.2000000001,0.0
177433659.0643,899998.2000000001,0.0
177433661.0643,899998.2000000001,0.0
177433663.0643,899998.2000000001,0.0
177433665.0643,899998.2000000001,0.0
177433667.0643,899998.2000000001,0.0
177433669.0643,899998.2000000001,0.0
177433671.0643,899998.2000000001,0.0
177433673.0643,899998.2000000001,0.0
177433675.0643,899998.2000000001,0.0
177433677.0643,899998.2000000001,0.0
177433679.0643,899998.2000000001,0.0
177433681.0643,899998.2000000001,0.0
177433683.0643,899998.2000000001,0.0
177433685.0643,899998.2000000001,0.0
177433687.0643,899998.2000000001,0.0
177433689.0643,899998.2000000001,0.0
177433691.0643,899998.2000000001,0.0
177433693.0643,899998.2000000001,0.0
177433695.0643,899998.2000000001,0.0
177433697.0643,899998.2000000001,0.0
177433699.0643,899998.2000000001,0.0
177433701.0643,899998.2000000001,0.0
177433703.0643,899998.2000000001,0.0
177433705.0643,899998.2000000001,0.0
177433707.0643,899998.2000000001,0.0
177433709.0643,899998.2000000001,0.0
177433711.0643,899998.2000000001,0.0
177433713.0643,899998.2000000001,0.0
177433715.0643,899998.2000000001,0.0
177433717.0643,899998.2000000001,0.0
177433719.0643,899998.2000000001,0.0
177433721.0643,899998.2000000001,0.0
177433723.0643,899998.2000000001,0.0
177433725.0643,899998.2000000001,0.0
177433727.0643,899998.2000000001,0.0
177433729.0643,899998.2000000001,0.0
177433731.0643,899998.2000000001,0.0
177433733.0643,899998.2000000001,0.0
177433735.0643,899998.2000000001,0.0
177433737.0643,899998.2000000001,0.0
177433739.0643,899998.2000000001,0.0
177433741.0643,899998.2000000001,0.0
177433743.0643,899998.2000000001,0.0
177433745.0643,899998.2000000001,0.0
177433747.0643,899998.2000000001,0.0
177433749.0643,899998.2000000001,0.0
177433751.0643,899998.2000000001,0.0
177433753.0643,899998.2000000001,0.0
177433755.0643,899998.2000000001,0.0
177433757.0643,899998.2000000001,0.0
177433759.0643,899998.2000000001,0.0
177433761.0643,899998.2000000001,0.0
177433763.0643,899998.2000000001,0.0
177433765.0643,899998.2000000001,0.0
177433767.0643,899998.2000000001,0.0
177433769.0643,899998.2000000001,0.0
177433771.0643,899998.2000000001,0.0
177433773.0643,899998.2000000001,0.0
177433775.0643,899998.2000000001,0.0
177433777.0643,899998.2000000001,0.0
177433779.0643,899998.2000000001,0.0
177433781.0643,899998.2000000001,0.0
177433783.0643,899998.2000000001,0.0
177433785.0643,899998.2000000001,0.0
177433787.0643,899998.2000000001,0.0
177433789.0643,899998.2000000001,0.0
177433791.0643,899998.2000000001,0.0
177433793.0643,899998.2000000001,0.0
177433795.0643,899998.2000000001,0.0
177433797.0643,899998.2000000001,0.0
177433799.0643,899998.2000000001,0.0
177433801.0643,899998.2000000001,0.0
177433803.0643,899998.2000000001,0.0
177433805.0643,899998.2000000001,0.0
177433807.0643,899998.2000000001,0.0
177433809.0643,899998.2000000001,0.0
177433811.0643,899998.2000000001,0.0
177433813.0643,899998.2000000001,0.0
177433815.0643,899998.2000000001,0.0
177433817.0643,899998.2000000001,0.0
177433819.0643,899998.2000000001,0.0
177433821.0643,899998.2000000001,0.0
177433823.0643,899998.2000000001,0.0
177433825.0643,899998.2000000001,0.0
177433827.0643,899998.2000000001,0.0
177433829.0643,899998.2000000001,0.0
177433831.0643,899998.2000000001,0.0
177433833.0643,899998.2000000001,0.0
177433835.0643,899998.2000000001,0.0
177433837.0643,899998.2000000001,0.0
177433839.0643,899998.2000000001,0.0
177433841.0643,899998.2000000001,0.0
177433843.0643,899998.2000000001,0.0
177433845.0643,899998.2000000001,0.0
177433847.0643,899998.2000000001,0.0
177433849.0643,899998.2000000001,0.0
177433851.0643,899998.2000000001,0.0
177433853.0643,899998.2000000001,0.0
177433855.0643,899998.2000000001,0.0
177433857.0643,899998.2000000001,0.0
177433859.0643,899998.2000000001,0.0
177433861.0643,899998.2000000001,0.0
177433863.0643,899998.2000000001,0.0
177433865.0643,899998.2000000001,0.0
177433867.0643,899998.2000000001,0.0
177433869.0643,899998.2000000001,0.0
177433871.0643,899998.2000000001,0.0
177433873.0643,899998.2000000001,0.0
177433875.0643,899998.2000000001,0.0
177433877.0643,899998.2000000001,0.0
177433879.0643,899998.2000000001,0.0
177433881.0643,899998.2000000001,0.0
177433883.0643,899998.2000000001,0.0
177433885.0643,899998.2000000001,0.0
177433887.0643,899998.2000000001,0.0
177433889.0643,899998.2000000001,0.0
177433891.0643,899998.2000000001,0.0
177433893.0643,899998.2000000001,0.0
177433895.0643,899998.2000000001,0.0
177433897.0643,899998.2000000001,0.0
177433899.0643,899998.2000000001,0.0
177433901.0643,899998.2000000001,0.0
177433903.0643,899998.2000000001,0.0
177433905.0643,899998.2000000001,0.0
177433907.0643,899998.2000000001,0.0
177433909.0643,899998.2000000001,0.0
177433911.0643,899998.2000000001,0.0
177433913.0643,899998.2000000001,0.0
177433915.0643,899998.2000000001,0.0
177433917.0643,899998.2000000001,0.0
177433919.0643,899998.2000000001,0.0
177433921.0643,899998.2000000001,0.0
177433923.0643,899998.2000000001,0.0
177433925.0643,899998.2000000001,0.0
177433927.0643,899998.2000000001,0.0
177433929.0643,899998.2000000001,0.0
177433931.0643,899998.2000000001,0.0
177433933.0643,899998.2000000001,0.0
177433935.0643,899998.2000000001,0.0
177433937.0643,899998.2000000001,0.0
177433939.0643,899998.2000000001,0.0
177433941.0643,899998.2000000001,0.0
177433943.0643,899998.2000000001,0.0
177433945.0643,899998.2000000001,0.0
177433947.0643,899998.2000000001,0.0
177433949.0643,899998.2000000001,0.0
177433951.0643,899998.2000000001,0.0
177433953.0643,899998.2000000001,0.0
177433955.0643,899998.2000000001,0.0
177433957.0643,899998.2000000001,0.0
177433959.0643,899998.2000000001,0.0
177433961.0643,899998.2000000001,0.0
177433963.0643,899998.2000000001,0.0
177433965.0643,899998.2000000001,0.0
177433967.0643,899998.2000000001,0.0
177433969.0643,899998.2000000001,0.0
177433971.0643,899998.2000000001,0.0
177433973.0643,899998.2000000001,0.0
177433975.0643,899998.2000000001,0.0
177433977.0643,899998.2000000001,0.0
177433979.0643,899998.2000000001,0.0
177433981.0643,899998.2000000001,0.0
177433983.0643,899998.2000000001,0.0
177433985.0643,899998.2000000001,0.0
177433987.0643,899998.2000000001,0.0
177433989.0643,899998.2000000001,0.0
177433991.0643,899998.2000000001,0.0
177433993.0643,899998.2000000001,0.0
177433995.0643,899998.2000000001,0.0
177433997.0643,899998.2000000001,0.0
177433999.0643,899998.2000000001,0.0
177434001.0643,899998.2000000001,0.0
177434003.0643,899998.2000000001,0.0
177434005.0643,899998.2000000001,0.0
177434007.0643,899998.2000000001,0.0
177434009.0643,899998.2000000001,0.0
177434011.0643,899998.2000000001,0.0
177434013.0643,899998.2000000001,0.0
177434015.0643,899998.2000000001,0.0
177434017.0643,899998.2000000001,0.0
177434019.0643,899998.2000000001,0.0
177434021.0643,899998.2000000001,0.0
177434023.0643,899998.2000000001,0.0
177434025.0643,899998.2000000001,0.0
177434027.0643,899998.2000000001,0.0
177434029.0643,899998.2000000001,0.0
177434031.0643,899998.2000000001,0.0
177434033.0643,899998.2000000001,0.0
177434035.0643,899998.2000000001,0.0
177434037.0643,899998.2000000001,0.0
177434039.0643,899998.2000000001,0.0
177434041.0643,899998.2000000001,0.0
177434043.0643,899998.2000000001,0.0
177434045.0643,899998.2000000001,0.0
177434047.0643,899998.2000000001,0.0
177434049.0643,899998.2000000001,0.0
177434051.0643,899998.2000000001,0.0
177434053.0643,899998.2000000001,0.0
177434055.0643,899998.2000000001,0.0
177434057.0643,899998.2000000001,0.0
177434059.0643,899998.2000000001,0.0
177434061.0643,899998.2000000001,0.0
177434063.0643,899998.2000000001,0.0
177434065.0643,899998.2000000001,0.0
177434067.0643,899998.2000000001,0.0
177434069.0643,899998.2000000001,0.0
177434071.0643,899998.2000000001,0.0
177434073.0643,899998.2000000001,0.0
177434075.0643,899998.2000000001,0.0
177434077.0643,899998.2000000001,0.0
177434079.0643,899998.2000000001,0.0
177434081.0643,899998.2000000001,0.0
177434083.0643,899998.2000000001,0.0
177434085.0643,899998.2000000001,0.0
177434087.0643,899998.2000000001,0.0
177434089.0643,899998.2000000001,0.0
177434091.0643,899998.2000000001,0.0
177434093.0643,899998.2000000001,0.0
177434095.0643,899998.2000000001,0.0
177434097.0643,899998.2000000001,0.0
177434099.0643,899998.2000000001,0.0
177434101.0643,899998.2000000001,0.0
177434103.0643,899998.2000000001,0.0
177434105.0643,899998.2000000001,0.0
177434107.0643,899998.2000000001,0.0
177434109.0643,899998.2000000001,0.0
177434111.0643,899998.2000000001,0.0
177434113.0643,899998.2000000001,0.0
177434115.0643,899998.2000000001,0.0
177434117.0643,899998.2000000001,0.0
177434119.0643,899998.2000000001,0.0
177434121.0643,899998.2000000001,0.0
177434123.0643,899998.2000000001,0.0
177434125.0643,899998.2000000001,0.0
177434127.0643,899998.2000000001,0.0
177434129.0643,899998.2000000001,0.0
177434131.0643,899998.2000000001,0.0
177434133.0643,899998.2000000001,0.0
177434135.0643,899998.2000000001,0.0
177434137.0643,899998.2000000001,0.0
177434139.0643,899998.2000000001,0.0
177434141.0643,899998.2000000001,0.0
177434143.0643,899998.2000000001,0.0
177434145.0643,899998.2000000001,0.0
177434147.0643,899998.2000000001,0.0
177434149.0643,899998.2000000001,0.0
177434151.0643,899998.2000000001,0.0
177434153.0643,899998.2000000001,0.0
177434155.0643,899998.2000000001,0.0
177434157.0643,899998.2000000001,0.0
177434159.0643,899998.2000000001,0.0
177434161.0643,899998.2000000001,0.0
177434163.0643,899998.2000000001,0.0
177434165.0643,899998.2000000001,0.0
177434167.0643,899998.2000000001,0.0
177434169.0643,899998.2000000001,0.0
177434171.0643,899998.2000000001,0.0
177434173.0643,899998.2000000001,0.0
177434175.0643,899998.2000000001,0.0
177434177.0643,899998.2000000001,0.0
177434179.0643,899998.2000000001,0.0
177434181.0643,899998.2000000001,0.0
177434183.0643,899998.2000000001,0.0
177434185.0643,899998.2000000001,0.0
177434187.0643,899998.2000000001,0.0
177434189.0643,899998.2000000001,0.0
177434191.0643,899998.2000000001,0.0
177434193.0643,899998.2000000001,0.0
177434195.0643,899998.2000000001,0.0
177434197.0643,899998.2000000001,0.0
177434199.0643,899998.2000000001,0.0
177434201.0643,899998.2000000001,0.0
177434203.0643,899998.2000000001,0.0
177434205.0643,899998.2000000001,0.0
177434207.0643,899998.2000000001,0.0
177434209.0643,899998.2000000001,0.0
177434211.0643,899998.2000000001,0.0
177434213.0643,899998.2000000001,0.0
177434215.0643,899998.2000000001,0.0
177434217.0643,899998.2000000001,0.0
177434219.0643,899998.2000000001,0.0
177434221.0643,899998.2000000001,0.0
177434223.0643,899998.2000000001,0.0
177434225.0643,899998.2000000001,0.0
177434227.0643,899998.2000000001,0.0
177434229.0643,899998.2000000001,0.0
177434231.0643,899998.2000000001,0.0
177434233.0643,899998.2000000001,0.0
177434235.0643,899998.2000000001,0.0
177434237.0643,899998.2000000001,0.0
177434239.0643,899998.2000000001,0.0
177434241.0643,899998.2000000001,0.0
177434243.0643,899998.2000000001,0.0
177434245.0643,899998.2000000001,0.0
177434247.0643,899998.2000000001,0.0
177434249.0643,899998.2000000001,0.0
177434251.0643,899998.2000000001,0.0
177434253.0643,899998.2000000001,0.0
177434255.0643,899998.2000000001,0.0
177434257.0643,899998.2000000001,0.0
177434259.0643,899998.2000000001,0.0
177434261.0643,899998.2000000001,0.0
177434263.0643,899998.2000000001,0.0
177434265.0643,899998.2000000001,0.0
177434267.0643,899998.2000000001,0.0
177434269.0643,899998.2000000001,0.0
177434271.0643,899998.2000000001,0.0
177434273.0643,899998.2000000001,0.0
177434275.0643,899998.2000000001,0.0
177434277.0643,899998.2000000001,0.0
177434279.0643,899998.2000000001,0.0
177434281.0643,899998.2000000001,0.0
177434283.0643,899998.2000000001,0.0
177434285.0643,899998.2000000001,0.0
177434287.0643,899998.2000000001,0.0
177434289.0643,899998.2000000001,0.0
177434291.0643,899998.2000000001,0.0
177434293.0643,899998.2000000001,0.0
177434295.0643,899998.2000000001,0.0
177434297.0643,899998.2000000001,0.0
177434299.0643,899998.2000000001,0.0
177434301.0643,899998.2000000001,0.0
177434303.0643,899998.2000000001,0.0
177434305.0643,899998.2000000001,0.0
177434307.0643,899998.2000000001,0.0
177434309.0643,899998.2000000001,0.0
177434311.0643,899998.2000000001,0.0
177434313.0643,899998.2000000001,0.0
177434315.0643,899998.2000000001,0.0
177434317.0643,899998.2000000001,0.0
177434319.0643,899998.2000000001,0.0
177434321.0643,899998.2000000001,0.0
177434323.0643,899998.2000000001,0.0
177434325.0643,899998.2000000001,0.0
177434327.0643,899998.2000000001,0.0
177434329.0643,899998.2000000001,0.0
177434331.0643,899998.2000000001,0.0
177434333.0643,899998.2000000001,0.0
177434335.0643,899998.2000000001,0.0
177434337.0643,899998.2000000001,0.0
177434339.0643,899998.2000000001,0.0
177434341.0643,899998.2000000001,0.0
177434343.0643,899998.2000000001,0.0
177434345.0643,899998.2000000001,0.0
177434347.0643,899998.2000000001,0.0
177434349.0643,899998.2000000001,0.0
177434351.0643,899998.2000000001,0.0
177434353.0643,899998.2000000001,0.0
177434355.0643,899998.2000000001,0.0
177434357.0643,899998.2000000001,0.0
177434359.0643,899998.2000000001,0.0
177434361.0643,899998.2000000001,0.0
177434363.0643,899998.2000000001,0.0
177434365.0643,899998.2000000001,0.0
177434367.0643,899998.2000000001,0.0
177434369.0643,899998.2000000001,0.0
177434371.0643,899998.2000000001,0.0
177434373.0643,899998.2000000001,0.0
177434375.0643,899998.2000000001,0.0
177434377.0643,899998.2000000001,0.0
177434379.0643,899998.2000000001,0.0
177434381.0643,899998.2000000001,0.0
177434383.0643,899998.2000000001,0.0
177434385.0643,899998.2000000001,0.0
177434387.0643,899998.2000000001,0.0
177434389.0643,899998.2000000001,0.0
177434391.0643,899998.2000000001,0.0
177434393.0643,899998.2000000001,0.0
177434395.0643,899998.2000000001,0.0
177434397.0643,899998.2000000001,0.0
177434399.0643,899998.2000000001,0.0
177434401.0643,899998.2000000001,0.0
177434403.0643,899998.2000000001,0.0
177434405.0643,899998.2000000001,0.0
177434407.0643,899998.2000000001,0.0
177434409.0643,899998.2000000001,0.0
177434411.0643,899998.2000000001,0.0
177434413.0643,899998.2000000001,0.0
177434415.0643,899998.2000000001,0.0
177434417.0643,899998.2000000001,0.0
177434419.0643,899998.2000000001,0.0
177434421.0643,899998.2000000001,0.0
177434423.0643,899998.2000000001,0.0
177434425.0643,899998.2000000001,0.0
177434427.0643,899998.2000000001,0.0
177434429.0643,899998.2000000001,0.0
177434431.0643,899998.2000000001,0.0
177434433.0643,899998.2000000001,0.0
177434435.0643,899998.2000000001,0.0
177434437.0643,899998.2000000001,0.0
177434439.0643,899998.2000000001,0.0
177434441.0643,899998.2000000001,0.0
177434443.0643,899998.2000000001,0.0
177434445.0643,899998.2000000001,0.0
177434447.0643,899998.2000000001,0.0
177434449.0643,899998.2000000001,0.0
177434451.0643,899998.2000000001,0.0
177434453.0643,899998.2000000001,0.0
177434455.0643,899998.2000000001,0.0
177434457.0643,899998.2000000001,0.0
177434459.0643,899998.2000000001,0.0
177434461.0643,899998.2000000001,0.0
177434463.0643,899998.2000000001,0.0
177434465.0643,899998.2000000001,0.0
177434467.0643,899998.2000000001,0.0
177434469.0643,899998.2000000001,0.0
177434471.0643,899998.2000000001,0.0
177434473.0643,899998.2000000001,0.0
177434475.0643,899998.2000000001,0.0
177434477.0643,899998.2000000001,0.0
177434479.0643,899998.2000000001,0.0
177434481.0643,899998.2000000001,0.0
177434483.0643,899998.2000000001,0.0
177434485.0643,899998.2000000001,0.0
177434487.0643,899998.2000000001,0.0
177434489.0643,899998.2000000001,0.0
177434491.0643,899998.2000000001,0.0
177434493.0643,899998.2000000001,0.0
177434495.0643,899998.2000000001,0.0
177434497.0643,899998.2000000001,0.0
177434499.0643,899998.2000000001,0.0
177434501.0643,899998.2000000001,0.0
177434503.0643,899998.2000000001,0.0
177434505.0643,899998.2000000001,0.0
177434507.0643,899998.2000000001,0.0
177434509.0643,899998.2000000001,0.0
177434511.0643,899998.2000000001,0.0
177434513.0643,899998.2000000001,0.0
177434515.0643,899998.2000000001,0.0
177434517.0643,899998.2000000001,0.0
177434519.0643,899998.2000000001,0.0
177434521.0643,899998.2000000001,0.0
177434523.0643,899998.2000000001,0.0
177434525.0643,899998.2000000001,0.0
177434527.0643,899998.2000000001,0.0
177434529.0643,899998.2000000001,0.0
177434531.0643,899998.2000000001,0.0
177434533.0643,899998.2000000001,0.0
177434535.0643,899998.2000000001,0.0
177434537.0643,899998.2000000001,0.0
177434539.0643,899998.2000000001,0.0
177434541.0643,899998.2000000001,0.0
177434543.0643,899998.2000000001,0.0
177434545.0643,899998.2000000001,0.0
177434547.0643,899998.2000000001,0.0
177434549.0643,899998.2000000001,0.0
177434551.0643,899998.2000000001,0.0
177434553.0643,899998.2000000001,0.0
177434555.0643,899998.2000000001,0.0
177434557.0643,899998.2000000001,0.0
177434559.0643,899998.2000000001,0.0
177434561.0643,899998.2000000001,0.0
177434563.0643,899998.2000000001,0.0
177434565.0643,899998.2000000001,0.0
177434567.0643,899998.2000000001,0.0
177434569.0643,899998.2000000001,0.0
177434571.0643,899998.2000000001,0.0
177434573.0643,899998.2000000001,0.0
177434575.0643,899998.2000000001,0.0
177434577.0643,899998.2000000001,0.0
177434579.0643,899998.2000000001,0.0
177434581.0643,899998.2000000001,0.0
177434583.0643,899998.2000000001,0.0
177434585.0643,899998.2000000001,0.0
177434587.0643,899998.2000000001,0.0
177434589.0643,899998.2000000001,0.0
177434591.0643,899998.2000000001,0.0
177434593.0643,899998.2000000001,0.0
177434595.0643,899998.2000000001,0.0
177434597.0643,899998.2000000001,0.0
177434599.0643,899998.2000000001,0.0
177434601.0643,899998.2000000001,0.0
177434603.0643,899998.2000000001,0.0
177434605.0643,899998.2000000001,0.0
177434607.0643,899998.2000000001,0.0
177434609.0643,899998.2000000001,0.0
177434611.0643,899998.2000000001,0.0
177434613.0643,899998.2000000001,0.0
177434615.0643,899998.2000000001,0.0
177434617.0643,899998.2000000001,0.0
177434619.0643,899998.2000000001,0.0
177434621.0643,899998.2000000001,0.0
177434623.0643,899998.2000000001,0.0
177434625.0643,899998.2000000001,0.0
177434627.0643,899998.2000000001,0.0
177434629.0643,899998.2000000001,0.0
177434631.0643,899998.2000000001,0.0
177434633.0643,899998.2000000001,0.0
177434635.0643,899998.2000000001,0.0
177434637.0643,899998.2000000001,0.0
177434639.0643,899998.2000000001,0.0
177434641.0643,899998.2000000001,0.0
177434643.0643,899998.2000000001,0.0
177434645.0643,899998.2000000001,0.0
177434647.0643,899998.2000000001,0.0
177434649.0643,899998.2000000001,0.0
177434651.0643,899998.2000000001,0.0
177434653.0643,899998.2000000001,0.0
177434655.0643,899998.2000000001,0.0
177434657.0643,899998.2000000001,0.0
177434659.0643,899998.2000000001,0.0
177434661.0643,899998.2000000001,0.0
177434663.0643,899998.2000000001,0.0
177434665.0643,899998.2000000001,0.0
177434667.0643,899998.2000000001,0.0
177434669.0643,899998.2000000001,0.0
177434671.0643,899998.2000000001,0.0
177434673.0643,899998.2000000001,0.0
177434675.0643,899998.2000000001,0.0
177434677.0643,899998.2000000001,0.0
177434679.0643,899998.2000000001,0.0
177434681.0643,899998.2000000001,0.0
177434683.0643,899998.2000000001,0.0
177434685.0643,899998.2000000001,0.0
177434687.0643,899998.2000000001,0.0
177434689.0643,899998.2000000001,0.0
177434691.0643,899998.2000000001,0.0
177434693.0643,899998.2000000001,0.0
177434695.0643,899998.2000000001,0.0
177434697.0643,899998.2000000001,0.0
177434699.0643,899998.2000000001,0.0
177434701.0643,899998.2000000001,0.0
177434703.0643,899998.2000000001,0.0
177434705.0643,899998.2000000001,0.0
177434707.0643,899998.2000000001,0.0
177434709.0643,899998.2000000001,0.0
177434711.0643,899998.2000000001,0.0
177434713.0643,899998.2000000001,0.0
177434715.0643,899998.2000000001,0.0
177434717.0643,899998.2000000001,0.0
177434719.0643,899998.2000000001,0.0
177434721.0643,899998.2000000001,0.0
177434723.0643,899998.2000000001,0.0
177434725.0643,899998.2000000001,0.0
177434727.0643,899998.2000000001,0.0
177434729.0643,899998.2000000001,0.0
177434731.0643,899998.2000000001,0.0
177434733.0643,899998.2000000001,0.0
177434735.0643,899998.2000000001,0.0
177434737.0643,899998.2000000001,0.0
177434739.0643,899998.2000000001,0.0
177434741.0643,899998.2000000001,0.0
177434743.0643,899998.2000000001,0.0
177434745.0643,899998.2000000001,0.0
177434747.0643,899998.2000000001,0.0
177434749.0643,899998.2000000001,0.0
177434751.0643,899998.2000000001,0.0
177434753.0643,899998.2000000001,0.0
177434755.0643,899998.2000000001,0.0
177434757.0643,899998.2000000001,0.0
177434759.0643,899998.2000000001,0.0
177434761.0643,899998.2000000001,0.0
177434763.0643,899998.2000000001,0.0
177434765.0643,899998.2000000001,0.0
177434767.0643,899998.2000000001,0.0
177434769.0643,899998.2000000001,0.0
177434771.0643,899998.2000000001,0.0
177434773.0643,899998.2000000001,0.0
177434775.0643,899998.2000000001,0.0
177434777.0643,899998.2000000001,0.0
177434779.0643,899998.2000000001,0.0
177434781.0643,899998.2000000001,0.0
177434783.0643,899998.2000000001,0.0
177434785.0643,899998.2000000001,0.0
177434787.0643,899998.2000000001,0.0
177434789.0643,899998.2000000001,0.0
177434791.0643,899998.2000000001,0.0
177434793.0643,899998.2000000001,0.0
177434795.0643,899998.2000000001,0.0
177434797.0643,899998.2000000001,0.0
177434799.0643,899998.2000000001,0.0
177434801.0643,899998.2000000001,0.0
177434803.0643,899998.2000000001,0.0
177434805.0643,899998.2000000001,0.0
177434807.0643,899998.2000000001,0.0
177434809.0643,899998.2000000001,0.0
177434811.0643,899998.2000000001,0.0
177434813.0643,899998.2000000001,0.0
177434815.0643,899998.2000000001,0.0
177434817.0643,899998.2000000001,0.0
177434819.0643,899998.2000000001,0.0
177434821.0643,899998.2000000001,0.0
177434823.0643,899998.2000000001,0.0
177434825.0643,899998.2000000001,0.0
177434827.0643,899998.2000000001,0.0
177434829.0643,899998.2000000001,0.0
177434831.0643,899998.2000000001,0.0
177434833.0643,899998.2000000001,0.0
177434835.0643,899998.2000000001,0.0
177434837.0643,899998.2000000001,0.0
177434839.0643,899998.2000000001,0.0
177434841.0643,899998.2000000001,0.0
177434843.0643,899998.2000000001,0.0
177434845.0643,899998.2000000001,0.0
177434847.0643,899998.2000000001,0.0
177434849.0643,899998.2000000001,0.0
177434851.0643,899998.2000000001,0.0
177434853.0643,899998.2000000001,0.0
177434855.0643,899998.2000000001,0.0
177434857.0643,899998.2000000001,0.0
177434859.0643,899998.2000000001,0.0
177434861.0643,899998.2000000001,0.0
177434863.0643,899998.2000000001,0.0
177434865.0643,899998.2000000001,0.0
177434867.0643,899998.2000000001,0.0
177434869.0643,899998.2000000001,0.0
177434871.0643,899998.2000000001,0.0
177434873.0643,899998.2000000001,0.0
177434875.0643,899998.2000000001,0.0
177434877.0643,899998.2000000001,0.0
177434879.0643,899998.2000000001,0.0
177434881.0643,899998.2000000001,0.0
177434883.0643,899998.2000000001,0.0
177434885.0643,899998.2000000001,0.0
177434887.0643,899998.2000000001,0.0
177434889.0643,899998.2000000001,0.0
177434891.0643,899998.2000000001,0.0
177434893.0643,899998.2000000001,0.0
177434895.0643,899998.2000000001,0.0
177434897.0643,899998.2000000001,0.0
177434899.0643,899998.2000000001,0.0
177434901.0643,899998.2000000001,0.0
177434903.0643,899998.2000000001,0.0
177434905.0643,899998.2000000001,0.0
177434907.0643,899998.2000000001,0.0
177434909.0643,899998.2000000001,0.0
177434911.0643,899998.2000000001,0.0
177434913.0643,899998.2000000001,0.0
177434915.0643,899998.2000000001,0.0
177434917.0643,899998.2000000001,0.0
177434919.0643,899998.2000000001,0.0
177434921.0643,899998.2000000001,0.0
177434923.0643,899998.2000000001,0.0
177434925.0643,899998.2000000001,0.0
177434927.0643,899998.2000000001,0.0
177434929.0643,899998.2000000001,0.0
177434931.0643,899998.2000000001,0.0
177434933.0643,899998.2000000001,0.0
177434935.0643,899998.2000000001,0.0
177434937.0643,899998.2000000001,0.0
177434939.0643,899998.2000000001,0.0
177434941.0643,899998.2000000001,0.0
177434943.0643,899998.2000000001,0.0
177434945.0643,899998.2000000001,0.0
177434947.0643,899998.2000000001,0.0
177434949.0643,899998.2000000001,0.0
177434951.0643,899998.2000000001,0.0
177434953.0643,899998.2000000001,0.0
177434955.0643,899998.2000000001,0.0
177434957.0643,899998.2000000001,0.0
177434959.0643,899998.2000000001,0.0
177434961.0643,899998.2000000001,0.0
177434963.0643,899998.2000000001,0.0
177434965.0643,899998.2000000001,0.0
177434967.0643,899998.2000000001,0.0
177434969.0643,899998.2000000001,0.0
177434971.0643,899998.2000000001,0.0
177434973.0643,899998.2000000001,0.0
177434975.0643,899998.2000000001,0.0
177434977.0643,899998.2000000001,0.0
177434979.0643,899998.2000000001,0.0
177434981.0643,899998.2000000001,0.0
177434983.0643,899998.2000000001,0.0
177434985.0643,899998.2000000001,0.0
177434987.0643,899998.2000000001,0.0
177434989.0643,899998.2000000001,0.0
177434991.0643,899998.2000000001,0.0
177434993.0643,899998.2000000001,0.0
177434995.0643,899998.2000000001,0.0
177434997.0643,899998.2000000001,0.0
177434999.0643,899998.2000000001,0.0
177435001.0643,899998.2000000001,0.0
177435003.0643,899998.2000000001,0.0
177435005.0643,899998.2000000001,0.0
177435007.0643,899998.2000000001,0.0
177435009.0643,899998.2000000001,0.0
177435011.0643,899998.2000000001,0.0
177435013.0643,899998.2000000001,0.0
177435015.0643,899998.2000000001,0.0
177435017.0643,899998.2000000001,0.0
177435019.0643,899998.2000000001,0.0
177435021.0643,899998.2000000001,0.0
177435023.0643,899998.2000000001,0.0
177435025.0643,899998.2000000001,0.0
177435027.0643,899998.2000000001,0.0
177435029.0643,899998.2000000001,0.0
177435031.0643,899998.2000000001,0.0
177435033.0643,899998.2000000001,0.0
177435035.0643,899998.2000000001,0.0
177435037.0643,899998.2000000001,0.0
177435039.0643,899998.2000000001,0.0
177435041.0643,899998.2000000001,0.0
177435043.0643,899998.2000000001,0.0
177435045.0643,899998.2000000001,0.0
177435047.0643,899998.2000000001,0.0
177435049.0643,899998.2000000001,0.0
177435051.0643,899998.2000000001,0.0
177435053.0643,899998.2000000001,0.0
177435055.0643,899998.2000000001,0.0
177435057.0643,899998.2000000001,0.0
177435059.0643,899998.2000000001,0.0
177435061.0643,899998.2000000001,0.0
177435063.0643,899998.2000000001,0.0
177435065.0643,899998.2000000001,0.0
177435067.0643,899998.2000000001,0.0
177435069.0643,899998.2000000001,0.0
177435071.0643,899998.2000000001,0.0
177435073.0643,899998.2000000001,0.0
177435075.0643,899998.2000000001,0.0
177435077.0643,899998.2000000001,0.0
177435079.0643,899998.2000000001,0.0
177435081.0643,899998.2000000001,0.0
177435083.0643,899998.2000000001,0.0
177435085.0643,899998.2000000001,0.0
177435087.0643,899998.2000000001,0.0
177435089.0643,899998.2000000001,0.0
177435091.0643,899998.2000000001,0.0
177435093.0643,899998.2000000001,0.0
177435095.0643,899998.2000000001,0.0
177435097.0643,899998.2000000001,0.0
177435099.0643,899998.2000000001,0.0
177435101.0643,899998.2000000001,0.0
177435103.0643,899998.2000000001,0.0
177435105.0643,899998.2000000001,0.0
177435107.0643,899998.2000000001,0.0
177435109.0643,899998.2000000001,0.0
177435111.0643,899998.2000000001,0.0
177435113.0643,899998.2000000001,0.0
177435115.0643,899998.2000000001,0.0
177435117.0643,899998.2000000001,0.0
177435119.0643,899998.2000000001,0.0
177435121.0643,899998.2000000001,0.0
177435123.0643,899998.2000000001,0.0
177435125.0643,899998.2000000001,0.0
177435127.0643,899998.2000000001,0.0
177435129.0643,899998.2000000001,0.0
177435131.0643,899998.2000000001,0.0
177435133.0643,899998.2000000001,0.0
177435135.0643,899998.2000000001,0.0
177435137.0643,899998.2000000001,0.0
177435139.0643,899998.2000000001,0.0
177435141.0643,899998.2000000001,0.0
177435143.0643,899998.2000000001,0.0
177435145.0643,899998.2000000001,0.0
177435147.0643,899998.2000000001,0.0
177435149.0643,899998.2000000001,0.0
177435151.0643,899998.2000000001,0.0
177435153.0643,899998.2000000001,0.0
177435155.0643,899998.2000000001,0.0
177435157.0643,899998.2000000001,0.0
177435159.0643,899998.2000000001,0.0
177435161.0643,899998.2000000001,0.0
177435163.0643,899998.2000000001,0.0
177435165.0643,899998.2000000001,0.0
177435167.0643,899998.2000000001,0.0
177435169.0643,899998.2000000001,0.0
177435171.0643,899998.2000000001,0.0
177435173.0643,899998.2000000001,0.0
177435175.0643,899998.2000000001,0.0
177435177.0643,899998.2000000001,0.0
177435179.0643,899998.2000000001,0.0
177435181.0643,899998.2000000001,0.0
177435183.0643,899998.2000000001,0.0
177435185.0643,899998.2000000001,0.0
177435187.0643,899998.2000000001,0.0
177435189.0643,899998.2000000001,0.0
177435191.0643,899998.2000000001,0.0
177435193.0643,899998.2000000001,0.0
177435195.0643,899998.2000000001,0.0
177435197.0643,899998.2000000001,0.0
177435199.0643,899998.2000000001,0.0
177435201.0643,899998.2000000001,0.0
177435203.0643,899998.2000000001,0.0
177435205.0643,899998.2000000001,0.0
177435207.0643,899998.2000000001,0.0
177435209.0643,899998.2000000001,0.0
177435211.0643,899998.2000000001,0.0
177435213.0643,899998.2000000001,0.0
177435215.0643,899998.2000000001,0.0
177435217.0643,899998.2000000001,0.0
177435219.0643,899998.2000000001,0.0
177435221.0643,899998.2000000001,0.0
177435223.0643,899998.2000000001,0.0
177435225.0643,899998.2000000001,0.0
177435227.0643,899998.2000000001,0.0
177435229.0643,899998.2000000001,0.0
177435231.0643,899998.2000000001,0.0
177435233.0643,899998.2000000001,0.0
177435235.0643,899998.2000000001,0.0
177435237.0643,899998.2000000001,0.0
177435239.0643,899998.2000000001,0.0
177435241.0643,899998.2000000001,0.0
177435243.0643,899998.2000000001,0.0
177435245.0643,899998.2000000001,0.0
177435247.0643,899998.2000000001,0.0
177435249.0643,899998.2000000001,0.0
177435251.0643,899998.2000000001,0.0
177435253.0643,899998.2000000001,0.0
177435255.0643,899998.2000000001,0.0
177435257.0643,899998.2000000001,0.0
177435259.0643,899998.2000000001,0.0
177435261.0643,899998.2000000001,0.0
177435263.0643,899998.2000000001,0.0
177435265.0643,899998.2000000001,0.0
177435267.0643,899998.2000000001,0.0
177435269.0643,899998.2000000001,0.0
177435271.0643,899998.2000000001,0.0
177435273.0643,899998.2000000001,0.0
177435275.0643,899998.2000000001,0.0
177435277.0643,899998.2000000001,0.0
177435281.0643,899998.2000000001,0.0
177435291.0643,899998.2000000001,0.0
177435293.0643,899998.2000000001,0.0
177435295.0643,899998.2000000001,0.0
177435297.0643,899998.2000000001,0.0
177435299.0643,899998.2000000001,0.0
177435301.0643,899998.2000000001,0.0
177435303.0643,899998.2000000001,0.0
177435305.0643,899998.2000000001,0.0
177435307.0643,899998.2000000001,0.0
177435309.0643,899998.2000000001,0.0
177435311.0643,899998.2000000001,0.0
177435313.0643,899998.2000000001,0.0
177435315.0643,899998.2000000001,0.0
177435317.0643,899998.2000000001,0.0
177435319.0643,899998.2000000001,0.0
177435321.0643,899998.2000000001,0.0
177435323.0643,899998.2000000001,0.0
177435325.0643,899998.2000000001,0.0
177435327.0643,899998.2000000001,0.0
177435329.0643,899998.2000000001,0.0
177435331.0643,899998.2000000001,0.0
177435333.0643,899998.2000000001,0.0
177435335.0643,899998.2000000001,0.0
177435337.0643,899998.2000000001,0.0
177435339.0643,899998.2000000001,0.0
177435341.0643,899998.2000000001,0.0
177435343.0643,899998.2000000001,0.0
177435345.0643,899998.2000000001,0.0
177435347.0643,899998.2000000001,0.0
177435349.0643,899998.2000000001,0.0
177435351.0643,899998.2000000001,0.0
177435353.0643,899998.2000000001,0.0
177435355.0643,899998.2000000001,0.0
177435357.0643,899998.2000000001,0.0
177435359.0643,899998.2000000001,0.0
177435361.0643,899998.2000000001,0.0
177435363.0643,899998.2000000001,0.0
177435365.0643,899998.2000000001,0.0
177435367.0643,899998.2000000001,0.0
177435369.0643,899998.2000000001,0.0
177435371.0643,899998.2000000001,0.0
177435373.0643,899998.2000000001,0.0
177435375.0643,899998.2000000001,0.0
177435377.0643,899998.2000000001,0.0
177435379.0643,899998.2000000001,0.0
177435381.0643,899998.2000000001,0.0
177435383.0643,899998.2000000001,0.0
177435385.0643,899998.2000000001,0.0
177435387.0643,899998.2000000001,0.0
177435389.0643,899998.2000000001,0.0
177435391.0643,899998.2000000001,0.0
177435393.0643,899998.2000000001,0.0
177435395.0643,899998.2000000001,0.0
177435397.0643,899998.2000000001,0.0
177435399.0643,899998.2000000001,0.0
177435401.0643,899998.2000000001,0.0
177435403.0643,899998.2000000001,0.0
177435405.0643,899998.2000000001,0.0
177435407.0643,899998.2000000001,0.0
177435409.0643,899998.2000000001,0.0
177435411.0643,899998.2000000001,0.0
177435413.0643,899998.2000000001,0.0
177435415.0643,899998.2000000001,0.0
177435417.0643,899998.2000000001,0.0
177435419.0643,899998.2000000001,0.0
177435421.0643,899998.2000000001,0.0
177435423.0643,899998.2000000001,0.0
177435425.0643,899998.2000000001,0.0
177435427.0643,899998.2000000001,0.0
177435429.0643,899998.2000000001,0.0
177435431.0643,899998.2000000001,0.0
177435433.0643,899998.2000000001,0.0
177435435.0643,899998.2000000001,0.0
177435437.0643,899998.2000000001,0.0
177435439.0643,899998.2000000001,0.0
177435441.0643,899998.2000000001,0.0
177435443.0643,899998.2000000001,0.0
177435445.0643,899998.2000000001,0.0
177435447.0643,899998.2000000001,0.0
177435449.0643,899998.2000000001,0.0
177435451.0643,899998.2000000001,0.0
177435453.0643,899998.2000000001,0.0
177435455.0643,899998.2000000001,0.0
177435457.0643,899998.2000000001,0.0
177435459.0643,899998.2000000001,0.0
177435461.0643,899998.2000000001,0.0
177435463.0643,899998.2000000001,0.0
177435465.0643,899998.2000000001,0.0
177435467.0643,899998.2000000001,0.0
177435469.0643,899998.2000000001,0.0
177435471.0643,899998.2000000001,0.0
177435473.0643,899998.2000000001,0.0
177435475.0643,899998.2000000001,0.0
177435477.0643,899998.2000000001,0.0
177435479.0643,899998.2000000001,0.0
177435481.0643,899998.2000000001,0.0
177435483.0643,899998.2000000001,0.0
177435485.0643,899998.2000000001,0.0
177435487.0643,899998.2000000001,0.0
177435489.0643,899998.2000000001,0.0
177435491.0643,899998.2000000001,0.0
177435493.0643,899998.2000000001,0.0
177435495.0643,899998.2000000001,0.0
177435497.0643,899998.2000000001,0.0
177435499.0643,899998.2000000001,0.0
177435501.0643,899998.2000000001,0.0
177435503.0643,899998.2000000001,0.0
177435505.0643,899998.2000000001,0.0
177435507.0643,899998.2000000001,0.0
177435509.0643,899998.2000000001,0.0
177435511.0643,899998.2000000001,0.0
177435513.0643,899998.2000000001,0.0
177435515.0643,899998.2000000001,0.0
177435517.0643,899998.2000000001,0.0
177435519.0643,899998.2000000001,0.0
177435521.0643,899998.2000000001,0.0
177435523.0643,899998.2000000001,0.0
177435525.0643,899998.2000000001,0.0
177435527.0643,899998.2000000001,0.0
177435529.0643,899998.2000000001,0.0
177435531.0643,899998.2000000001,0.0
177435533.0643,899998.2000000001,0.0
177435535.0643,899998.2000000001,0.0
177435537.0643,899998.2000000001,0.0
177435539.0643,899998.2000000001,0.0
177435541.0643,899998.2000000001,0.0
177435543.0643,899998.2000000001,0.0
177435545.0643,899998.2000000001,0.0
177435547.0643,899998.2000000001,0.0
177435549.0643,899998.2000000001,0.0
177435551.0643,899998.2000000001,0.0
177435553.0643,899998.2000000001,0.0
177435555.0643,899998.2000000001,0.0
177435557.0643,899998.2000000001,0.0
177435559.0643,899998.2000000001,0.0
177435561.0643,899998.2000000001,0.0
177435563.0643,899998.2000000001,0.0
177435565.0643,899998.2000000001,0.0
177435567.0643,899998.2000000001,0.0
177435569.0643,899998.2000000001,0.0
177435571.0643,899998.2000000001,0.0
177435573.0643,899998.2000000001,0.0
177435575.0643,899998.2000000001,0.0
177435577.0643,899998.2000000001,0.0
177435579.0643,899998.2000000001,0.0
177435581.0643,899998.2000000001,0.0
177435583.0643,899998.2000000001,0.0
177435585.0643,899998.2000000001,0.0
177435587.0643,899998.2000000001,0.0
177435589.0643,899998.2000000001,0.0
177435591.0643,899998.2000000001,0.0
177435593.0643,899998.2000000001,0.0
177435595.0643,899998.2000000001,0.0
177435597.0643,899998.2000000001,0.0
177435599.0643,899998.2000000001,0.0
177435601.0643,899998.2000000001,0.0
177435603.0643,899998.2000000001,0.0
177435605.0643,899998.2000000001,0.0
177435607.0643,899998.2000000001,0.0
177435609.0643,899998.2000000001,0.0
177435611.0643,899998.2000000001,0.0
177435613.0643,899998.2000000001,0.0
177435615.0643,899998.2000000001,0.0
177435617.0643,899998.2000000001,0.0
177435619.0643,899998.2000000001,0.0
177435621.0643,899998.2000000001,0.0
177435623.0643,899998.2000000001,0.0
177435625.0643,899998.2000000001,0.0
177435627.0643,899998.2000000001,0.0
177435629.0643,899998.2000000001,0.0
177435631.0643,899998.2000000001,0.0
177435633.0643,899998.2000000001,0.0
177435635.0643,899998.2000000001,0.0
177435637.0643,899998.2000000001,0.0
177435639.0643,899998.2000000001,0.0
177435641.0643,899998.2000000001,0.0
177435643.0643,899998.2000000001,0.0
177435645.0643,899998.2000000001,0.0
177435647.0643,899998.2000000001,0.0
177435649.0643,899998.2000000001,0.0
177435651.0643,899998.2000000001,0.0
177435653.0643,899998.2000000001,0.0
177435655.0643,899998.2000000001,0.0
177435657.0643,899998.2000000001,0.0
177435659.0643,899998.2000000001,0.0
177435661.0643,899998.2000000001,0.0
177435663.0643,899998.2000000001,0.0
177435665.0643,899998.2000000001,0.0
177435667.0643,899998.2000000001,0.0
177435669.0643,899998.2000000001,0.0
177435671.0643,899998.2000000001,0.0
177435673.0643,899998.2000000001,0.0
177435675.0643,899998.2000000001,0.0
177435677.0643,899998.2000000001,0.0
177435679.0643,899998.2000000001,0.0
177435681.0643,899998.2000000001,0.0
177435683.0643,899998.2000000001,0.0
177435685.0643,899998.2000000001,0.0
177435687.0643,899998.2000000001,0.0
177435689.0643,899998.2000000001,0.0
177435691.0643,899998.2000000001,0.0
177435693.0643,899998.2000000001,0.0
177435695.0643,899998.2000000001,0.0
177435697.0643,899998.2000000001,0.0
177435699.0643,899998.2000000001,0.0
177435701.0643,899998.2000000001,0.0
177435703.0643,899998.2000000001,0.0
177435705.0643,899998.2000000001,0.0
177435707.0643,899998.2000000001,0.0
177435709.0643,899998.2000000001,0.0
177435711.0643,899998.2000000001,0.0
177435713.0643,899998.2000000001,0.0
177435715.0643,899998.2000000001,0.0
177435717.0643,899998.2000000001,0.0
177435719.0643,899998.2000000001,0.0
177435721.0643,899998.2000000001,0.0
177435723.0643,899998.2000000001,0.0
177435725.0643,899998.2000000001,0.0
177435727.0643,899998.2000000001,0.0
177435729.0643,899998.2000000001,0.0
177435731.0643,899998.2000000001,0.0
177435733.0643,899998.2000000001,0.0
177435735.0643,899998.2000000001,0.0
177435737.0643,899998.2000000001,0.0
177435739.0643,899998.2000000001,0.0
177435741.0643,899998.2000000001,0.0
177435743.0643,899998.2000000001,0.0
177435745.0643,899998.2000000001,0.0
177435747.0643,899998.2000000001,0.0
177435749.0643,899998.2000000001,0.0
177435751.0643,899998.2000000001,0.0
177435753.0643,899998.2000000001,0.0
177435755.0643,899998.2000000001,0.0
177435757.0643,899998.2000000001,0.0
177435759.0643,899998.2000000001,0.0
177435761.0643,899998.2000000001,0.0
177435763.0643,899998.2000000001,0.0
177435765.0643,899998.2000000001,0.0
177435767.0643,899998.2000000001,0.0
177435769.0643,899998.2000000001,0.0
177435771.0643,899998.2000000001,0.0
177435773.0643,899998.2000000001,0.0
177435775.0643,899998.2000000001,0.0
177435777.0643,899998.2000000001,0.0
177435779.1643,899998.2000000001,0.0
177435781.0643,899998.2000000001,0.0
177435783.0643,899998.2000000001,0.0
177435785.0643,899998.2000000001,0.0
177435787.0643,899998.2000000001,0.0
177435789.0643,899998.2000000001,0.0
177435791.0643,899998.2000000001,0.0
177435793.0643,899998.2000000001,0.0
177435795.0643,899998.2000000001,0.0
177435797.0643,899998.2000000001,0.0
177435799.0643,899998.2000000001,0.0
177435801.0643,899998.2000000001,0.0
177435803.0643,899998.2000000001,0.0
177435805.0643,899998.2000000001,0.0
177435807.0643,899998.2000000001,0.0
177435809.0643,899998.2000000001,0.0
177435811.0643,899998.2000000001,0.0
177435813.0643,899998.2000000001,0.0
177435815.0643,899998.2000000001,0.0
177435817.0643,899998.2000000001,0.0
177435819.0643,899998.2000000001,0.0
177435821.0643,899998.2000000001,0.0
177435823.0643,899998.2000000001,0.0
177435825.0643,899998.2000000001,0.0
177435827.0643,899998.2000000001,0.0
177435829.0643,899998.2000000001,0.0
177435831.0643,899998.2000000001,0.0
177435833.0643,899998.2000000001,0.0
177435835.0643,899998.2000000001,0.0
177435837.0643,899998.2000000001,0.0
177435839.0643,899998.2000000001,0.0
177435841.0643,899998.2000000001,0.0
177435843.0643,899998.2000000001,0.0
177435845.0643,899998.2000000001,0.0
177435847.0643,899998.2000000001,0.0
177435849.0643,899998.2000000001,0.0
177435851.0643,899998.2000000001,0.0
177435853.0643,899998.2000000001,0.0
177435855.0643,899998.2000000001,0.0
177435857.0643,899998.2000000001,0.0
177435859.0643,899998.2000000001,0.0
177435861.0643,899998.2000000001,0.0
177435863.0643,899998.2000000001,0.0
177435865.0643,899998.2000000001,0.0
177435867.0643,899998.2000000001,0.0
177435869.0643,899998.2000000001,0.0
177435871.0643,899998.2000000001,0.0
177435873.0643,899998.2000000001,0.0
177435875.0643,899998.2000000001,0.0
177435877.0643,899998.2000000001,0.0
177435879.0643,899998.2000000001,0.0
177435881.0643,899998.2000000001,0.0
177435883.0643,899998.2000000001,0.0
177435885.0643,899998.2000000001,0.0
177435887.0643,899998.2000000001,0.0
177435889.0643,899998.2000000001,0.0
177435891.0643,899998.2000000001,0.0
177435893.0643,899998.2000000001,0.0
177435895.0643,899998.2000000001,0.0
177435897.0643,899998.2000000001,0.0
177435899.0643,899998.2000000001,0.0
177435901.0643,899998.2000000001,0.0
177435903.0643,899998.2000000001,0.0
177435905.0643,899998.2000000001,0.0
177435907.0643,899998.2000000001,0.0
177435909.0643,899998.2000000001,0.0
177435911.0643,899998.2000000001,0.0
177435913.0643,899998.2000000001,0.0
177435915.0643,899998.2000000001,0.0
177435917.0643,899998.2000000001,0.0
177435919.0643,899998.2000000001,0.0
177435921.0643,899998.2000000001,0.0
177435923.0643,899998.2000000001,0.0
177435925.0643,899998.2000000001,0.0
177435927.0643,899998.2000000001,0.0
177435929.0643,899998.2000000001,0.0
177435931.0643,899998.2000000001,0.0
177435933.0643,899998.2000000001,0.0
177435935.0643,899998.2000000001,0.0
177435937.0643,899998.2000000001,0.0
177435939.0643,899998.2000000001,0.0
177435941.0643,899998.2000000001,0.0
177435943.0643,899998.2000000001,0.0
177435945.0643,899998.2000000001,0.0
177435947.0643,899998.2000000001,0.0
177435949.0643,899998.2000000001,0.0
177435951.0643,899998.2000000001,0.0
177435953.0643,899998.2000000001,0.0
177435955.0643,899998.2000000001,0.0
177435957.0643,899998.2000000001,0.0
177435959.0643,899998.2000000001,0.0
177435961.0643,899998.2000000001,0.0
177435963.0643,899998.2000000001,0.0
177435965.0643,899998.2000000001,0.0
177435967.0643,899998.2000000001,0.0
177435969.0643,899998.2000000001,0.0
177435971.0643,899998.2000000001,0.0
177435973.0643,899998.2000000001,0.0
177435975.0643,899998.2000000001,0.0
177435977.0643,899998.2000000001,0.0
177435979.0643,899998.2000000001,0.0
177435981.0643,899998.2000000001,0.0
177435983.0643,899998.2000000001,0.0
177435985.0643,899998.2000000001,0.0
177435987.0643,899998.2000000001,0.0
177435989.0643,899998.2000000001,0.0
177435991.0643,899998.2000000001,0.0
177435993.0643,899998.2000000001,0.0
177435995.0643,899998.2000000001,0.0
177435997.0643,899998.2000000001,0.0
177435999.0643,899998.2000000001,0.0
177436001.0643,899998.2000000001,0.0
177436003.0643,899998.2000000001,0.0
177436005.0643,899998.2000000001,0.0
177436007.0643,899998.2000000001,0.0
177436009.0643,899998.2000000001,0.0
177436011.0643,899998.2000000001,0.0
177436013.0643,899998.2000000001,0.0
177436015.0643,899998.2000000001,0.0
177436017.0643,899998.2000000001,0.0
177436019.0643,899998.2000000001,0.0
177436021.0643,899998.2000000001,0.0
177436023.0643,899998.2000000001,0.0
177436025.0643,899998.2000000001,0.0
177436027.0643,899998.2000000001,0.0
177436029.0643,899998.2000000001,0.0
177436031.0643,899998.2000000001,0.0
