Timestamp,Buy_Price,Sell_Price
177427401.168,2999990.7,2224379.8
177427403.168,2999990.7,2224379.8
177427405.168,2999990.7,2224379.8
177427407.168,2999990.7,2224379.8
177427409.168,2999990.7,2224379.8
177427411.168,2999990.7,2224379.8
177427413.168,2999990.7,2224379.8
177427415.168,2999990.7,2224379.8
177427417.168,2999990.7,2224379.8
177427419.168,2999990.7,2224379.8
177427421.168,2999990.7,2224379.8
177427423.168,2999990.7,2224379.8
177427425.168,2999990.7,2224379.8
177427427.168,2999990.7,2224379.8
177427429.168,2999990.7,2224379.8
177427431.168,2999990.7,2224379.8
177427433.168,2999990.7,2224379.8
177427435.168,2999990.7,2224379.8
177427437.168,2999990.7,2224379.8
177427439.168,2999990.7,2224379.8
177427441.168,2999990.7,2224379.9
177427443.168,2999990.7,2224380.0
177427445.168,2999990.7,2224380.0
177427447.168,2999990.7,2224380.1
177427449.168,2999990.7,2224380.1
177427451.168,2999990.7,2224380.1
177427453.168,2999990.7,2224380.1
177427455.168,2999990.7,2224380.2
177427457.168,2999990.7,2224380.2
177427459.168,2999990.7,2224380.2
177427461.168,2999990.7,2263160.7
177427463.168,2999990.7,2263160.7
177427465.168,2999990.7,2263160.7
177427467.168,2999990.7,2224380.2
177427469.168,2999990.7,2263160.7
177427471.168,2999990.7,2263160.8000000003
177427473.168,2999990.7,2263160.8000000003
177427475.168,2999990.7,2263160.8000000003
177427477.168,2999990.7,2263160.8000000003
177427479.168,2999990.7,2263160.8000000003
177427481.168,2999990.7,2263160.8000000003
177427483.168,2999990.7,2263160.8000000003
177427485.168,2999990.7,2263160.8000000003
177427487.168,2999990.7,2263160.8000000003
177427489.168,2999990.7,2263160.8000000003
177427491.168,2999990.7,2263160.9000000004
177427493.168,2999990.7,2263160.9000000004
177427495.168,2999990.7,2263160.9000000004
177427497.168,2999990.7,2263160.9000000004
177427499.168,2999990.7,2263160.9000000004
177427501.168,2999990.7,2263161.0000000005
177427503.168,2999990.7,2263161.0000000005
177427505.168,2999990.7,2263161.0000000005
177427507.168,2999990.7,2263161.1000000006
177427509.168,2999990.7,2263161.1000000006
177427511.168,2999990.7,2263161.1000000006
177427513.168,2999990.7,2263161.2000000007
177427515.168,2999990.7,2263161.2000000007
177427517.168,2999990.7,2263161.2000000007
177427519.168,2999990.7,2263161.3000000007
177427521.168,2999990.7,2263161.400000001
177427523.168,2999990.7,2263161.400000001
177427525.168,2999990.6,2263161.500000001
177427527.168,2999990.6,2263161.500000001
177427529.168,2999990.5,2263161.500000001
177427531.168,2999990.5,2263161.500000001
177427533.168,2999990.5,2263161.600000001
177427535.168,2999990.5,2263161.600000001
177427537.168,2999990.5,2263161.600000001
177427539.168,2999990.5,2263161.600000001
177427541.168,2999990.5,2263161.600000001
177427543.168,2999990.5,2263161.700000001
177427545.168,2999990.5,2263161.700000001
177427547.168,2999990.5,2263161.700000001
177427549.168,2999990.5,2300003.200000001
177427551.168,2999990.5,2300003.200000001
177427553.168,2999990.5,2300003.200000001
177427555.168,2999990.5,2300003.300000001
177427557.168,2999990.5,2300003.4000000013
177427559.168,2999990.5,2300003.4000000013
177427561.168,2999990.5,2300003.4000000013
177427563.168,2999990.5,2300003.4000000013
177427565.168,2999990.5,2300003.4000000013
177427567.168,2999990.5,2300003.4000000013
177427569.168,2999990.5,2300003.5000000014
177427571.168,2999990.5,2300003.5000000014
177427573.168,2999990.5,2300003.6000000015
177427575.168,2999990.5,2300003.6000000015
177427577.168,2999990.5,2300003.6000000015
177427579.168,2999990.5,2300003.7000000016
177427581.168,2999990.5,2300003.8000000017
177427583.168,2999990.5,2300003.8000000017
177427585.168,2999990.5,2300003.8000000017
177427587.168,2999990.5,2300003.8000000017
177427589.168,2999990.5,2300003.8000000017
177427591.168,2999990.5,2300003.900000002
177427593.168,2999990.5,2300003.900000002
177427595.168,2999990.5,2300003.900000002
177427597.168,2999990.5,2300004.000000002
177427599.168,2999990.5,2300004.000000002
177427601.168,2999990.5,2300004.000000002
177427603.168,2999990.5,2300004.100000002
177427605.168,2999990.5,2300004.100000002
177427607.168,2999990.5,2300004.100000002
177427609.168,2999990.5,2300004.200000002
177427611.168,2999990.5,2300004.200000002
177427613.168,2999990.5,2300004.200000002
177427615.168,2999990.6,2300004.300000002
177427617.168,2999990.6,2300004.300000002
177427619.168,2999990.6,2300004.300000002
177427621.168,2999990.6,2300004.4000000022
177427623.168,2999990.6,2300004.4000000022
177427625.168,2999990.6,2300004.4000000022
177427627.168,2999990.6,2300004.4000000022
177427629.168,2999990.6,2300004.5000000023
177427631.168,2999990.6,2300004.5000000023
177427633.168,2999990.6,2300004.5000000023
177427635.168,2999990.6,2300004.5000000023
177427637.168,2999990.6,2300004.5000000023
177427639.168,2999990.6,2300004.6000000024
177427641.168,2999990.6,2300004.6000000024
177427643.168,2999990.6,2300004.6000000024
177427645.168,2999990.6,2300004.7000000025
177427647.168,2999990.6,2300004.7000000025
177427649.168,2999990.7,2300004.7000000025
177427651.168,2999990.6,2300004.7000000025
177427653.168,2999990.6,2300004.7000000025
177427655.168,2999990.6,2300004.7000000025
177427657.168,2999990.6,2300004.7000000025
177427659.168,2999990.6,2300004.7000000025
177427661.168,2999990.6,2300004.7000000025
177427663.168,2999990.6,2300004.7000000025
177427665.168,2999990.6,2300004.7000000025
177427667.168,2999990.6,2300004.7000000025
177427669.168,2999990.6,2300004.7000000025
177427671.168,2999990.6,2300004.7000000025
177427673.168,2999990.6,2300004.7000000025
177427675.168,2999990.6,2300004.8000000026
177427677.168,2999990.6,2300004.8000000026
177427679.168,2999990.6,2300004.8000000026
177427681.168,2999990.6,2300004.9000000027
177427683.168,2999990.6,2300004.9000000027
177427685.168,2999990.6,2300004.9000000027
177427687.168,2999990.6,2300004.9000000027
177427689.168,2999990.6,2300005.000000003
177427691.168,2999990.6,2300005.100000003
177427693.168,2999990.6,2300005.100000003
177427695.168,2999990.6,2300005.100000003
177427697.168,2999990.6,2300005.100000003
177427699.168,2999990.6,2300005.100000003
177427701.168,2999990.6,2300005.200000003
177427703.168,2999990.6,2300005.200000003
177427705.168,2999990.6,2300005.200000003
177427707.168,2999990.6,2300005.200000003
177427709.168,2999990.6,2300005.200000003
177427711.168,2999990.6,2300005.300000003
177427713.168,2999990.6,2300005.300000003
177427715.168,2999990.6,2300005.300000003
177427717.168,2999990.6,2300005.400000003
177427719.168,2999990.6,2300005.400000003
177427721.168,2999990.6,2300005.400000003
177427723.168,2999990.6,2300005.5000000033
177427725.168,2999990.6,2300005.5000000033
177427727.168,2999990.6,2300005.5000000033
177427729.168,2999990.6,2300005.6000000034
177427731.168,2999990.6,2300005.6000000034
177427733.168,2999990.6,2300005.6000000034
177427735.168,2999990.6,2300005.7000000034
177427737.168,2999990.6,2300005.7000000034
177427739.168,2999990.6,2300005.7000000034
177427741.168,2999990.6,2300005.8000000035
177427743.168,2999990.6,2300005.8000000035
177427745.168,2999990.6,2300005.8000000035
177427747.168,2999990.6,2300005.9000000036
177427749.168,2999990.6,2300005.9000000036
177427751.168,2999990.6,2300005.9000000036
177427753.168,2999990.5,2300005.9000000036
177427755.168,2999990.5,2300006.0000000037
177427757.168,2999990.5,2300006.0000000037
177427759.168,2999990.5,2300006.0000000037
177427761.168,2999990.5,2300006.0000000037
177427763.168,2999990.5,2300006.0000000037
177427765.168,2999990.5,2300006.100000004
177427767.168,2999990.5,2300006.100000004
177427769.168,2999990.5,2300006.100000004
177427771.168,2999990.5,2300006.100000004
177427773.168,2999990.5,2300006.200000004
177427775.168,2999990.5,2300006.200000004
177427777.168,2999990.5,2300006.200000004
177427779.168,2999990.5,2300006.200000004
177427781.168,2999990.5,2300006.200000004
177427783.168,2999990.5,2300006.300000004
177427785.168,2999990.4,2300006.400000004
177427787.168,2999990.1999999997,2300006.400000004
177427789.168,2999989.9999999995,2300006.500000004
177427791.168,2999989.8999999994,2300006.500000004
177427793.168,2999989.8999999994,2300006.500000004
177427795.168,2999989.8999999994,2300006.6000000043
177427797.168,2999989.8999999994,2335005.8000000045
177427799.168,2999989.8999999994,2335005.8000000045
177427801.168,2999989.7999999993,2335005.8000000045
177427805.168,2999989.6999999993,2335005.9000000046
177427807.168,2999989.6999999993,2335005.9000000046
177427809.168,2999989.6999999993,2335006.0000000047
177427811.168,2999989.6999999993,2335006.0000000047
177427813.168,2999989.6999999993,2335006.0000000047
177427815.168,2999989.6999999993,2335006.0000000047
177427817.168,2999989.6999999993,2335006.0000000047
177427819.168,2999989.6999999993,2335006.0000000047
177427821.168,2999989.6999999993,2335006.1000000047
177427823.168,2999989.6999999993,2335006.1000000047
177427825.168,2999989.6999999993,2335006.1000000047
177427827.168,2999989.6999999993,2335006.1000000047
177427829.168,2999989.6999999993,2335006.200000005
177427831.168,2999989.6999999993,2335006.200000005
177427833.168,2999989.6999999993,2335006.200000005
177427835.168,2999989.599999999,2335006.200000005
177427837.168,2999989.599999999,2335006.200000005
177427839.168,2999989.599999999,2335006.200000005
177427841.168,2999989.599999999,2335006.200000005
177427843.168,2999989.599999999,2335006.200000005
177427845.168,2999989.599999999,2335006.200000005
177427847.168,2999989.599999999,2335006.200000005
177427849.168,2999989.599999999,2335006.200000005
177427851.168,2999989.599999999,2335006.200000005
177427853.168,2999989.599999999,2335006.200000005
177427855.168,2999989.599999999,2335006.200000005
177427857.168,2999989.599999999,2335006.200000005
177427859.168,2999989.599999999,2335006.200000005
177427861.168,2999989.599999999,2335006.200000005
177427863.168,2999989.599999999,2335006.200000005
177427865.168,2999989.599999999,2335006.200000005
177427867.168,2999989.599999999,2335006.200000005
177427869.168,2999989.599999999,2335006.200000005
177427871.168,2999989.599999999,2335006.200000005
177427873.168,2999989.599999999,2335006.200000005
177427875.168,2999989.599999999,2335006.200000005
177427877.168,2999989.599999999,2335006.200000005
177427879.168,2999989.599999999,2335006.200000005
177427881.168,2999989.599999999,2335006.200000005
177427883.168,2999989.599999999,2335006.200000005
177427885.168,2999989.599999999,2335006.200000005
177427887.168,2999989.599999999,2335006.200000005
177427889.168,2999989.599999999,2335006.200000005
177427891.168,2999989.599999999,2335006.200000005
177427893.168,2999989.599999999,2335006.200000005
177427895.168,2999989.599999999,2335006.200000005
177427897.168,2999989.599999999,2335006.200000005
177427899.168,2999989.599999999,2335006.200000005
177427901.168,2999989.599999999,2335006.200000005
177427903.168,2999989.599999999,2335006.200000005
177427905.168,2999989.599999999,2335006.200000005
177427907.168,2999989.599999999,2335006.200000005
177427909.168,2999989.599999999,2335006.200000005
177427911.168,2999989.599999999,2335006.200000005
177427913.168,2999989.599999999,2335006.200000005
177427915.168,2999989.599999999,2335006.200000005
177427917.168,2999989.599999999,2335006.200000005
177427919.168,2999989.599999999,2335006.200000005
177427921.168,2999989.599999999,2335006.200000005
177427923.168,2999989.599999999,2335006.200000005
177427925.168,2999989.499999999,2335006.200000005
177427927.168,2999989.499999999,2335006.200000005
177427929.168,2999989.499999999,2335006.200000005
177427931.168,2999989.499999999,2335006.200000005
177427933.168,2999989.499999999,2335006.200000005
177427935.168,2999989.499999999,2335006.200000005
177427937.168,2999989.499999999,2335006.200000005
177427939.168,2999989.499999999,2335006.200000005
177427941.168,2999989.499999999,2335006.200000005
177427943.168,2999989.499999999,2335006.200000005
177427945.168,2999989.499999999,2335006.200000005
177427947.168,2999989.399999999,2335006.200000005
177427949.168,2999989.399999999,2335006.200000005
177427951.168,2999989.399999999,2335006.200000005
177427953.168,2999989.399999999,2335006.200000005
177427955.168,2999989.399999999,2335006.200000005
177427957.168,2999989.399999999,2335006.200000005
177427959.168,2999989.399999999,2335006.200000005
177427961.168,2999989.399999999,2335006.200000005
177427963.168,2999989.399999999,2335006.200000005
177427965.168,2999989.399999999,2335006.200000005
177427967.168,2999989.399999999,2335006.200000005
177427969.168,2999989.399999999,2335006.200000005
177427971.168,2999989.399999999,2335006.200000005
177427973.168,2999989.399999999,2335006.200000005
177427975.168,2999989.399999999,2335006.200000005
177427977.168,2999989.399999999,2335006.200000005
177427979.168,2999989.399999999,2335006.200000005
177427981.168,2999989.399999999,2335006.200000005
177427983.168,2999989.399999999,2335006.200000005
177427985.168,2999989.399999999,2335006.200000005
177427987.168,2999989.399999999,2335006.200000005
177427989.168,2999989.399999999,2335006.200000005
177427991.168,2999989.399999999,2335006.200000005
177427993.168,2999989.399999999,2335006.200000005
177427995.168,2999989.399999999,2335006.200000005
177427997.168,2999989.399999999,2335006.200000005
177427999.168,2999989.399999999,2335006.200000005
177428001.168,2999989.599999999,2335006.200000005
177428003.168,2999989.599999999,2335006.200000005
177428005.168,2999989.599999999,2335006.200000005
177428007.168,2999989.599999999,2335006.300000005
177428009.168,2999989.599999999,2335006.300000005
177428011.168,2999989.599999999,2335006.300000005
177428013.168,2999989.599999999,2335006.300000005
177428015.168,2999989.599999999,2335006.300000005
177428017.168,2999989.599999999,2335006.400000005
177428019.168,2999989.599999999,2335006.400000005
177428021.168,2999989.599999999,2335006.400000005
177428023.168,2999989.599999999,2335006.400000005
177428025.168,2999989.599999999,2335006.400000005
177428027.168,2999989.599999999,2335006.400000005
177428029.168,2999989.599999999,2335006.400000005
177428031.168,2999989.599999999,2335006.400000005
177428033.168,2999989.599999999,2335006.400000005
177428035.168,2999989.499999999,2335006.400000005
177428037.168,2999989.499999999,2335006.500000005
177428039.168,2999989.499999999,2335006.500000005
177428041.168,2999989.499999999,2335006.500000005
177428043.168,2999989.499999999,2335006.400000005
177428045.168,2999989.499999999,2335006.300000005
177428047.168,2999989.499999999,2335006.500000005
177428049.168,2999989.499999999,2335006.500000005
177428051.168,2999989.499999999,2335006.500000005
177428053.168,2999989.399999999,2335006.500000005
177428055.168,2999989.299999999,2335006.500000005
177428057.168,2999989.299999999,2335006.500000005
177428059.168,2999989.299999999,2335006.500000005
177428061.168,2999989.399999999,2335006.500000005
177428063.168,2999989.399999999,2335006.500000005
177428065.168,2999989.399999999,2335006.500000005
177428067.168,2999989.399999999,2335006.500000005
177428069.168,2999989.499999999,2335006.500000005
177428071.168,2999989.499999999,2335006.500000005
177428073.168,2999989.499999999,2335006.500000005
177428075.168,2999989.499999999,2335006.500000005
177428077.168,2999989.499999999,2335006.500000005
177428079.168,2999989.499999999,2335006.500000005
177428081.168,2999989.499999999,2335006.500000005
177428083.168,2999989.499999999,2335006.500000005
177428085.168,2999989.6999999993,2335006.500000005
177428087.168,2999989.6999999993,2335006.500000005
177428089.168,2999989.6999999993,2335006.500000005
177428091.168,2999989.6999999993,2335006.500000005
177428093.168,2999989.6999999993,2335006.500000005
177428095.168,2999989.6999999993,2335006.500000005
177428097.168,2999989.6999999993,2335006.500000005
177428099.168,2999989.6999999993,2335006.500000005
177428101.168,2999989.6999999993,2335006.500000005
177428103.168,2999989.6999999993,2335006.500000005
177428105.168,2999989.6999999993,2335006.500000005
177428107.168,2999989.6999999993,2335006.500000005
177428109.168,2999989.6999999993,2335006.500000005
177428111.168,2999989.6999999993,2335006.500000005
177428113.168,2999989.6999999993,2335006.500000005
177428115.168,2999989.6999999993,2335006.500000005
177428117.168,2999989.6999999993,2335006.500000005
177428119.168,2999989.6999999993,2335006.500000005
177428121.168,2999989.6999999993,2335006.500000005
177428123.168,2999989.6999999993,2335006.500000005
177428125.168,2999989.6999999993,2335006.500000005
177428127.168,2999989.6999999993,2335006.500000005
177428129.168,2999989.6999999993,2335006.500000005
177428131.168,2999989.6999999993,2335006.500000005
177428133.168,2999989.599999999,2335006.500000005
177428135.168,2999989.599999999,2335006.500000005
177428137.168,2999989.599999999,2335006.500000005
177428139.168,2999989.599999999,2335006.500000005
177428141.168,2999989.499999999,2335006.500000005
177428143.168,2999989.499999999,2335006.500000005
177428145.168,2999989.499999999,2335006.500000005
177428147.168,2999989.499999999,2335006.500000005
177428149.168,2999989.499999999,2335006.500000005
177428151.168,2999989.499999999,2335006.500000005
177428153.168,2999989.399999999,2335006.500000005
177428155.168,2999989.499999999,2335006.500000005
177428157.168,2999989.499999999,2335006.500000005
177428159.168,2999989.499999999,2335006.500000005
177428161.168,2999989.399999999,2335006.500000005
177428163.168,2999989.399999999,2335006.500000005
177428165.168,2999989.399999999,2335006.500000005
177428167.168,2999989.399999999,2335006.500000005
177428169.168,2999989.399999999,2335006.500000005
177428171.168,2999989.399999999,2335006.500000005
177428173.168,2999989.399999999,2335006.500000005
177428175.168,2999989.399999999,2335006.500000005
177428177.168,2999989.399999999,2335006.500000005
177428179.168,2999989.399999999,2335006.500000005
177428181.168,2999989.399999999,2335006.500000005
177428183.168,2999989.399999999,2335006.500000005
177428185.168,2999989.399999999,2335006.400000005
177428187.168,2999989.399999999,2335006.400000005
177428189.168,2999989.399999999,2335006.400000005
177428191.168,2999989.399999999,2335006.500000005
177428193.168,2999989.399999999,2335006.500000005
177428195.168,2999989.399999999,2335006.500000005
177428197.168,2999989.399999999,2335006.500000005
177428199.168,2999989.399999999,2335006.500000005
177428201.168,2999989.399999999,2335006.500000005
177428203.168,2999989.399999999,2335006.500000005
177428205.168,2999989.399999999,2335006.500000005
177428207.168,2999989.399999999,2335006.500000005
177428209.168,2999989.299999999,2335006.500000005
177428211.168,2999989.299999999,2335006.500000005
177428213.168,2999989.299999999,2335006.500000005
177428215.168,2999989.299999999,2335006.500000005
177428217.168,2999989.299999999,2335006.500000005
177428219.168,2999989.299999999,2335006.500000005
177428221.168,2999989.299999999,2335006.500000005
177428223.168,2999989.299999999,2335006.500000005
177428225.168,2999989.299999999,2335006.500000005
177428227.168,2999989.299999999,2335006.500000005
177428229.168,2999989.299999999,2335006.500000005
177428231.168,2999989.299999999,2335006.500000005
177428233.168,2999989.299999999,2335006.500000005
177428235.168,2999989.299999999,2335006.500000005
177428237.168,2999989.299999999,2335006.500000005
177428239.168,2999989.299999999,2335006.500000005
177428241.168,2999989.299999999,2335006.500000005
177428243.168,2999989.199999999,2335006.500000005
177428245.168,2999989.199999999,2335006.500000005
177428247.168,2999989.199999999,2335006.600000005
177428249.168,2999989.199999999,2335006.600000005
177428251.168,2999989.199999999,2335006.600000005
177428253.168,2999989.199999999,2335006.600000005
177428255.168,2999989.199999999,2335006.600000005
177428257.168,2999989.199999999,2335006.600000005
177428259.168,2999989.199999999,2335006.600000005
177428261.168,2999989.199999999,2335006.600000005
177428263.168,2933490.899999999,2335006.600000005
177428265.168,2933490.899999999,2335006.600000005
177428267.168,2933490.899999999,2335006.600000005
177428269.168,2933490.899999999,2335006.600000005
177428271.168,2933490.899999999,2335006.600000005
177428273.168,2933490.899999999,2335006.600000005
177428275.168,2933490.899999999,2335006.600000005
177428277.168,2933490.899999999,2335006.600000005
177428279.168,2933490.899999999,2335006.600000005
177428281.168,2933490.899999999,2335006.600000005
177428283.168,2933490.899999999,2335006.600000005
177428285.168,2999989.199999999,2335006.600000005
177428287.168,2999989.199999999,2335006.600000005
177428289.168,2999989.0999999987,2335006.600000005
177428291.168,2999989.0999999987,2335006.600000005
177428293.168,2999989.0999999987,2335006.600000005
177428295.168,2999989.0999999987,2335006.600000005
177428297.168,2999989.0999999987,2335006.600000005
177428299.168,2999989.0999999987,2335006.600000005
177428301.168,2999989.0999999987,2335006.600000005
177428303.168,2999989.0999999987,2335006.600000005
177428305.168,2999989.0999999987,2335006.7000000053
177428307.168,2999989.0999999987,2335006.7000000053
177428309.168,2999988.9999999986,2335006.7000000053
177428311.168,2999988.8999999985,2335006.7000000053
177428313.168,2999988.8999999985,2335006.7000000053
177428315.168,2999988.8999999985,2335006.7000000053
177428317.168,2999988.8999999985,2335006.7000000053
177428319.168,2999988.7999999984,2335006.7000000053
177428321.168,2999988.7999999984,2335006.7000000053
177428323.168,2999988.7999999984,2335006.7000000053
177428325.168,2999988.8999999985,2335006.7000000053
177428327.168,2999988.8999999985,2335006.7000000053
177428329.168,2999988.8999999985,2335006.7000000053
177428331.168,2999988.8999999985,2335006.7000000053
177428333.168,2999988.9999999986,2335006.7000000053
177428335.168,2999988.9999999986,2335006.7000000053
177428337.168,2999988.9999999986,2335006.7000000053
177428339.168,2999988.9999999986,2335006.7000000053
177428341.168,2999988.9999999986,2335006.7000000053
177428343.168,2999988.9999999986,2335006.7000000053
177428345.168,2999988.9999999986,2335006.7000000053
177428347.168,2999988.9999999986,2335006.7000000053
177428349.168,2999988.9999999986,2335006.7000000053
177428351.168,2999988.9999999986,2335006.7000000053
177428353.168,2999988.9999999986,2335006.7000000053
177428355.168,2999988.9999999986,2335006.7000000053
177428357.168,2999988.9999999986,2335006.7000000053
177428359.168,2999988.9999999986,2335006.7000000053
177428361.168,2999988.9999999986,2335006.7000000053
177428363.168,2999988.9999999986,2335006.7000000053
177428365.168,2999988.9999999986,2335006.8000000054
177428367.168,2999988.9999999986,2335006.8000000054
177428369.168,2999988.9999999986,2335006.8000000054
177428371.168,2999988.9999999986,2335006.9000000055
177428373.168,2999988.8999999985,2335006.9000000055
177428375.168,2999988.8999999985,2335006.9000000055
177428377.168,2999988.8999999985,2335006.8000000054
177428379.168,2999989.0999999987,2335006.7000000053
177428381.168,2999989.0999999987,2335006.8000000054
177428383.168,2999989.0999999987,2335006.9000000055
177428385.168,2999989.0999999987,2335006.9000000055
177428387.168,2999989.0999999987,2335006.9000000055
177428389.168,2999989.0999999987,2335007.0000000056
177428391.168,2999988.9999999986,2335007.0000000056
177428393.168,2999988.9999999986,2335007.1000000057
177428395.06800002,2999988.8999999985,2335007.1000000057
177428397.06800002,2999988.8999999985,2335007.1000000057
177428399.06800002,2999988.8999999985,2335007.1000000057
177428401.06800002,2999988.8999999985,2335007.1000000057
177428403.06800002,2999988.8999999985,2335007.200000006
177428405.06800002,2999988.7999999984,2335007.200000006
177428407.06800002,2999988.7999999984,2335007.200000006
177428409.06800002,2999988.7999999984,2335007.200000006
177428411.06800002,2999988.7999999984,2335007.200000006
177428413.06800002,2999988.7999999984,2335007.300000006
177428415.06800002,2999988.7999999984,2335007.300000006
177428417.06800002,2999988.7999999984,2335007.300000006
177428419.06800002,2999988.7999999984,2335007.400000006
177428421.06800002,2999988.6999999983,2335007.400000006
177428423.06800002,2999988.599999998,2335007.400000006
177428425.06800002,2999988.599999998,2335007.400000006
177428427.06800002,2999988.599999998,2335007.400000006
177428429.06800002,2999988.599999998,2335007.500000006
177428431.06800002,2999988.499999998,2335007.500000006
177428433.06800002,2999988.6999999983,2335007.500000006
177428435.06800002,2999988.6999999983,2335007.500000006
177428437.06800002,2999988.599999998,2335007.500000006
177428439.06800002,2999988.499999998,2335007.600000006
177428441.06800002,2999988.499999998,2335007.600000006
177428443.06800002,2999988.499999998,2335007.600000006
177428445.06800002,2999988.399999998,2335007.600000006
177428447.06800002,2999988.299999998,2335007.600000006
177428449.06800002,2999988.299999998,2335007.600000006
177428451.06800002,2999988.299999998,2335007.600000006
177428453.06800002,2999988.299999998,2335007.600000006
177428455.06800002,2999988.299999998,2335007.600000006
177428457.06800002,2999988.299999998,2335007.600000006
177428459.06800002,2999988.299999998,2335007.600000006
177428461.06800002,2999988.299999998,2335007.600000006
177428463.06800002,2999988.299999998,2335007.600000006
177428465.06800002,2999988.299999998,2335007.600000006
177428467.06800002,2999988.299999998,2335007.600000006
177428469.06800002,2999988.299999998,2335007.600000006
177428471.06800002,2999988.299999998,2335007.600000006
177428473.06800002,2999988.299999998,2335007.600000006
177428475.06800002,2999988.299999998,2335007.600000006
177428477.06800002,2999988.299999998,2335007.600000006
177428479.06800002,2999988.299999998,2335007.600000006
177428481.06800002,2999988.299999998,2335007.600000006
177428483.06800002,2999988.299999998,2335007.600000006
177428485.06800002,2999988.299999998,2335007.600000006
177428487.06800002,2999988.299999998,2335007.600000006
177428489.06800002,2999988.299999998,2335007.600000006
177428491.06800002,2999988.299999998,2335007.600000006
177428493.06800002,2999988.299999998,2335007.600000006
177428495.06800002,2999988.299999998,2335007.600000006
177428497.06800002,2999988.199999998,2335007.600000006
177428499.06800002,2999988.199999998,2335007.600000006
177428501.06800002,2999988.199999998,2335007.600000006
177428503.06800002,2999988.199999998,2335007.600000006
177428505.06800002,2999988.0999999978,2335007.600000006
177428507.06800002,2999988.0999999978,2335007.600000006
177428509.06800002,2999988.0999999978,2335007.600000006
177428511.06800002,2999988.0999999978,2335007.600000006
177428513.168,2999988.0999999978,2335007.600000006
177428515.06800002,2999988.0999999978,2335007.600000006
177428517.06800002,2999988.0999999978,2335007.600000006
177428519.06800002,2999988.0999999978,2335007.600000006
177428521.06800002,2999988.0999999978,2335007.600000006
177428523.06800002,2999988.0999999978,2335007.600000006
177428525.06800002,2999988.0999999978,2335007.600000006
177428527.06800002,2999988.0999999978,2335007.600000006
177428529.06800002,2999987.9999999977,2335007.600000006
177428531.06800002,2999987.9999999977,2335007.600000006
177428533.06800002,2999987.9999999977,2335007.600000006
177428535.06800002,2999987.9999999977,2335007.600000006
177428537.06800002,2999988.0999999978,2335007.600000006
177428539.06800002,2999987.9999999977,2335007.600000006
177428541.06800002,2999987.9999999977,2335007.600000006
177428543.06800002,2999987.9999999977,2335007.600000006
177428545.06800002,2999987.9999999977,2335007.500000006
177428547.06800002,2999987.9999999977,2335007.500000006
177428549.06800002,2999987.9999999977,2335007.500000006
177428551.06800002,2999987.9999999977,2335007.500000006
177428553.06800002,2999987.9999999977,2335007.500000006
177428555.06800002,2999987.9999999977,2335007.500000006
177428557.06800002,2999987.8999999976,2335007.500000006
177428559.06800002,2999987.8999999976,2335007.500000006
177428561.06800002,2999987.8999999976,2335007.600000006
177428563.06800002,2999987.7999999975,2335007.600000006
177428565.06800002,2999987.7999999975,2335007.600000006
177428567.06800002,2999987.7999999975,2335007.600000006
177428569.06800002,2999987.7999999975,2335007.600000006
177428571.06800002,2999987.7999999975,2335007.600000006
177428573.06800002,2999987.6999999974,2335007.600000006
177428575.06800002,2999987.6999999974,2335007.600000006
177428577.06800002,2999987.6999999974,2335007.600000006
177428579.06800002,2999987.6999999974,2335007.600000006
177428581.06800002,2999987.5999999973,2335007.600000006
177428583.06800002,2999987.6999999974,2335007.600000006
177428585.06800002,2999987.6999999974,2335007.600000006
177428587.06800002,2999987.6999999974,2335007.600000006
177428589.06800002,2999987.6999999974,2335007.7000000062
177428591.06800002,2999987.5999999973,2335007.7000000062
177428593.06800002,2999987.5999999973,2335007.7000000062
177428595.06800002,2999987.5999999973,2335007.7000000062
177428597.06800002,2999987.5999999973,2335007.8000000063
177428599.06800002,2999987.5999999973,2335007.8000000063
177428601.06800002,2999987.499999997,2335007.8000000063
177428603.06800002,2999987.399999997,2335007.8000000063
177428605.06800002,2999987.399999997,2335007.9000000064
177428607.06800002,2999987.399999997,2335007.9000000064
177428609.06800002,2999987.399999997,2335008.0000000065
177428611.06800002,2999987.299999997,2335008.0000000065
177428613.06800002,2999987.299999997,2335008.0000000065
177428615.06800002,2999987.299999997,2335008.0000000065
177428617.06800002,2999987.199999997,2335008.1000000066
177428619.06800002,2999987.199999997,2335008.1000000066
177428621.06800002,2999987.199999997,2335008.2000000067
177428623.06800002,2999987.199999997,2335008.2000000067
177428625.06800002,2999987.099999997,2335008.2000000067
177428627.06800002,2999987.099999997,2335008.2000000067
177428629.06800002,2999986.9999999967,2335008.300000007
177428631.06800002,2999986.9999999967,2335008.300000007
177428633.06800002,2999986.9999999967,2335008.400000007
177428635.06800002,2999986.9999999967,2335008.400000007
177428637.06800002,2999986.9999999967,2335008.400000007
177428639.06800002,2999986.9999999967,2335008.400000007
177428641.06800002,2999987.099999997,2335008.500000007
177428643.06800002,2999987.099999997,2335008.500000007
177428645.06800002,2999987.099999997,2335008.600000007
177428647.06800002,2999987.099999997,2335008.600000007
177428649.06800002,2999987.099999997,2335008.600000007
177428651.06800002,2999987.099999997,2335008.600000007
177428653.06800002,2999987.099999997,2335008.700000007
177428655.06800002,2999987.099999997,2335008.700000007
177428657.06800002,2999987.099999997,2335008.8000000073
177428659.06800002,2999987.099999997,2335008.8000000073
177428661.06800002,2999987.099999997,2335008.8000000073
177428663.06800002,2999987.099999997,2335008.8000000073
177428665.06800002,2999987.099999997,2335008.9000000074
177428667.06800002,2999987.099999997,2335008.9000000074
177428669.06800002,2999987.099999997,2335009.0000000075
177428671.06800002,2999987.099999997,2335009.1000000075
177428673.06800002,2999987.099999997,2335009.1000000075
177428675.06800002,2999987.099999997,2335009.1000000075
177428677.06800002,2999987.099999997,2335009.2000000076
177428679.06800002,2999987.099999997,2335009.3000000077
177428681.06800002,2999987.099999997,2335009.400000008
177428683.06800002,2999987.099999997,2335009.400000008
177428685.06800002,2999987.099999997,2335009.400000008
177428687.06800002,2999986.9999999967,2335009.400000008
177428689.06800002,2999986.9999999967,2335009.400000008
177428691.06800002,2999986.9999999967,2335009.500000008
177428693.06800002,2999986.9999999967,2335009.500000008
177428695.06800002,2999986.8999999966,2335009.500000008
177428697.06800002,2999986.8999999966,2335009.400000008
177428699.06800002,2999986.6999999965,2335009.100000008
177428701.06800002,2999986.6999999965,2335009.100000008
177428703.06800002,2999986.6999999965,2335009.100000008
177428705.06800002,2999986.6999999965,2335009.100000008
177428707.06800002,2999986.6999999965,2335009.100000008
177428709.06800002,2999986.5999999964,2335009.100000008
177428711.06800002,2999986.5999999964,2335009.100000008
177428713.06800002,2999986.5999999964,2335009.100000008
177428715.06800002,2999986.5999999964,2335009.100000008
177428717.06800002,2999986.5999999964,2335009.100000008
177428719.06800002,2999986.5999999964,2335009.100000008
177428721.06800002,2999986.4999999963,2335009.100000008
177428723.06800002,2999986.4999999963,2335009.100000008
177428725.06800002,2999986.4999999963,2335009.100000008
177428727.06800002,2999986.399999996,2335009.100000008
177428729.06800002,2999986.399999996,2335009.100000008
177428731.06800002,2999986.199999996,2335009.100000008
177428733.06800002,2999986.199999996,2335009.100000008
177428735.06800002,2999986.199999996,2335009.100000008
177428737.06800002,2999986.099999996,2335009.100000008
177428739.06800002,2999986.099999996,2335009.100000008
177428741.06800002,2999986.099999996,2335009.100000008
177428742.96800002,2999986.099999996,2335009.100000008
177428744.96800002,2999985.999999996,2335009.100000008
177428746.96800002,2999985.999999996,2335009.100000008
177428748.96800002,2999985.8999999957,2335009.100000008
177428750.96800002,2999985.8999999957,2335009.100000008
177428752.96800002,2999985.8999999957,2335009.100000008
177428754.96800002,2999985.7999999956,2335009.100000008
177428756.96800002,2999985.6999999955,2335009.100000008
177428758.96800002,2999985.6999999955,2335009.100000008
177428760.96800002,2999985.5999999954,2335009.100000008
177428762.96800002,2999985.5999999954,2335009.100000008
177428764.96800002,2999985.5999999954,2335009.100000008
177428766.96800002,2999985.4999999953,2335009.100000008
177428768.96800002,2999985.4999999953,2335009.100000008
177428770.96800002,2999985.4999999953,2335009.100000008
177428772.96800002,2999985.4999999953,2335009.100000008
177428774.96800002,2999985.5999999954,2335009.100000008
177428776.96800002,2999985.5999999954,2335009.100000008
177428778.96800002,2999985.4999999953,2335009.100000008
177428780.96800002,2999985.4999999953,2335009.100000008
177428782.96800002,2999985.4999999953,2335009.100000008
177428784.96800002,2999985.3999999953,2335009.100000008
177428786.96800002,2999985.3999999953,2335009.100000008
177428788.96800002,2999985.3999999953,2335009.100000008
177428790.96800002,2999985.299999995,2335009.100000008
177428792.96800002,2999985.299999995,2335009.100000008
177428794.96800002,2999985.299999995,2335009.100000008
177428796.96800002,2999985.299999995,2335009.100000008
177428798.96800002,2999985.299999995,2335009.100000008
177428800.96800002,2999985.299999995,2335009.100000008
177428802.96800002,2999985.299999995,2335009.100000008
177428804.96800002,2999985.299999995,2335009.100000008
177428806.96800002,2999985.299999995,2335009.100000008
177428808.96800002,2999985.299999995,2335009.100000008
177428810.96800002,2999985.299999995,2335009.100000008
177428812.96800002,2999985.299999995,2335009.100000008
177428814.96800002,2999985.299999995,2335009.100000008
177428816.96800002,2999985.199999995,2335009.100000008
177428818.96800002,2999985.199999995,2335009.100000008
177428820.96800002,2999985.099999995,2335009.100000008
177428822.96800002,2999985.099999995,2335009.100000008
177428824.96800002,2999984.999999995,2335009.100000008
177428826.96800002,2999984.999999995,2335009.100000008
177428828.96800002,2999984.999999995,2335009.100000008
177428830.96800002,2999984.999999995,2335009.100000008
177428832.96800002,2999984.999999995,2335009.100000008
177428834.96800002,2999984.999999995,2335009.100000008
177428836.96800002,2999984.999999995,2335009.100000008
177428838.96800002,2999984.899999995,2335009.100000008
177428840.96800002,2999984.899999995,2335009.100000008
177428842.96800002,2999984.899999995,2335009.100000008
177428844.96800002,2999984.899999995,2335009.100000008
177428846.96800002,2999984.7999999947,2335009.100000008
177428848.96800002,2999984.7999999947,2335009.100000008
177428850.96800002,2999984.7999999947,2335009.100000008
177428852.96800002,2999984.7999999947,2335009.100000008
177428854.96800002,2999984.7999999947,2335009.100000008
177428856.96800002,2999984.899999995,2335009.100000008
177428858.96800002,2999984.899999995,2335009.100000008
177428860.96800002,2999984.899999995,2335009.100000008
177428862.96800002,2999984.899999995,2335009.100000008
177428864.96800002,2999984.7999999947,2335009.100000008
177428866.96800002,2999984.7999999947,2335009.100000008
177428868.96800002,2999984.7999999947,2335009.100000008
177428870.96800002,2999984.7999999947,2335009.100000008
177428872.96800002,2999984.7999999947,2335009.100000008
177428874.96800002,2999984.5999999945,2335009.100000008
177428876.96800002,2999984.5999999945,2335009.100000008
177428878.96800002,2999984.5999999945,2335009.100000008
177428880.96800002,2999984.5999999945,2335009.100000008
177428882.96800002,2999984.5999999945,2335009.100000008
177428884.96800002,2999984.5999999945,2335009.100000008
177428886.96800002,2999984.5999999945,2335009.100000008
177428888.96800002,2999984.5999999945,2335009.100000008
177428890.96800002,2999984.4999999944,2335009.100000008
177428892.96800002,2999984.4999999944,2335009.100000008
177428894.96800002,2999984.3999999943,2335009.100000008
177428896.96800002,2999984.3999999943,2335009.100000008
177428898.96800002,2999984.3999999943,2335009.100000008
177428900.96800002,2999984.299999994,2335009.100000008
177428902.96800002,2999984.199999994,2335009.100000008
177428904.96800002,2999984.199999994,2335009.200000008
177428906.96800002,2999984.199999994,2335009.200000008
177428908.96800002,2999984.199999994,2335009.200000008
177428910.96800002,2999984.199999994,2335009.200000008
177428912.96800002,2999984.499999994,2335009.200000008
177428914.96800002,2999984.399999994,2335009.200000008
177428916.96800002,2999984.399999994,2335009.200000008
177428918.96800002,2999984.399999994,2335009.200000008
177428920.96800002,2999984.399999994,2335009.200000008
177428922.96800002,2999984.399999994,2335009.200000008
177428924.96800002,2999984.399999994,2335009.200000008
177428926.96800002,2999984.399999994,2335009.200000008
177428928.96800002,2999984.399999994,2335009.200000008
177428930.96800002,2999984.399999994,2335009.200000008
177428932.96800002,2999984.399999994,2335009.200000008
177428934.96800002,2999984.399999994,2335009.200000008
177428936.96800002,2999984.399999994,2335009.200000008
177428938.96800002,2999984.399999994,2335009.200000008
177428940.96800002,2999984.399999994,2335009.200000008
177428942.96800002,2999984.399999994,2335009.200000008
177428944.96800002,2999984.399999994,2335009.200000008
177428946.96800002,2999984.399999994,2335009.200000008
177428948.96800002,2999984.399999994,2335009.200000008
177428950.96800002,2999984.399999994,2335009.200000008
177428952.96800002,2999984.499999994,2335009.200000008
177428954.96800002,2999984.499999994,2335009.200000008
177428956.96800002,2999984.499999994,2335009.200000008
177428958.96800002,2999984.499999994,2335009.200000008
177428960.96800002,2999984.499999994,2335009.200000008
177428962.96800002,2999984.499999994,2335009.200000008
177428964.96800002,2999984.499999994,2335009.200000008
177428966.96800002,2999984.499999994,2335009.200000008
177428968.96800002,2999984.499999994,2335009.200000008
177428970.96800002,2999984.499999994,2335009.200000008
177428972.96800002,2999984.899999994,2335009.200000008
177428974.96800002,2999984.899999994,2335009.200000008
177428976.96800002,2999984.899999994,2335009.200000008
177428978.96800002,2999984.899999994,2335009.200000008
177428980.96800002,2999984.899999994,2335009.200000008
177428982.96800002,2999984.899999994,2335009.200000008
177428984.96800002,2999984.899999994,2335009.200000008
177428986.96800002,2999984.899999994,2335009.200000008
177428988.96800002,2999984.899999994,2335009.200000008
177428990.96800002,2999984.899999994,2335009.200000008
177428992.96800002,2999984.899999994,2335009.200000008
177428994.96800002,2999984.899999994,2335009.200000008
177428996.96800002,2999984.899999994,2335009.200000008
177428998.96800002,2999984.899999994,2335009.200000008
177429000.96800002,2999984.899999994,2335009.200000008
177429002.96800002,2999984.899999994,2335009.200000008
177429004.96800002,2999984.899999994,2335009.200000008
177429006.96800002,2999984.899999994,2335009.200000008
177429008.96800002,2999984.899999994,2335009.200000008
177429010.96800002,2999984.899999994,2335009.200000008
177429012.96800002,2999984.899999994,2335009.200000008
177429014.96800002,2999984.899999994,2335009.200000008
177429016.96800002,2999984.899999994,2335009.200000008
177429018.96800002,2999984.899999994,2335009.200000008
177429020.96800002,2999984.899999994,2335009.200000008
177429022.96800002,2999984.899999994,2335009.200000008
177429024.96800002,2999984.899999994,2335009.200000008
177429026.96800002,2999984.899999994,2335009.200000008
177429028.96800002,2999984.899999994,2335009.200000008
177429030.96800002,2999984.899999994,2335009.200000008
177429032.96800002,2999984.899999994,2335009.200000008
177429034.96800002,2999984.899999994,2335009.200000008
177429036.96800002,2999984.899999994,2335009.200000008
177429038.96800002,2999984.899999994,2335009.200000008
177429040.96800002,2999984.899999994,2335009.200000008
177429042.96800002,2999984.899999994,2335009.200000008
177429044.96800002,2999984.899999994,2335009.200000008
177429046.96800002,2999984.7999999938,2335009.200000008
177429048.96800002,2999984.7999999938,2335009.200000008
177429050.96800002,2999984.7999999938,2335009.200000008
177429052.96800002,2999984.7999999938,2335009.200000008
177429054.96800002,2999984.7999999938,2335009.200000008
177429056.96800002,2999984.7999999938,2335009.200000008
177429058.96800002,2999984.7999999938,2335009.200000008
177429060.96800002,2999984.7999999938,2335009.200000008
177429062.96800002,2999984.7999999938,2335009.200000008
177429065.06800002,2999984.7999999938,2335009.200000008
177429066.96800002,2999984.7999999938,2335009.200000008
177429068.96800002,2999984.7999999938,2335009.200000008
177429070.96800002,2999984.7999999938,2335009.200000008
177429072.96800002,2999984.7999999938,2335009.200000008
177429074.96800002,2999984.7999999938,2335009.200000008
177429076.96800002,2999984.7999999938,2335009.200000008
177429078.96800002,2999984.7999999938,2335009.200000008
177429080.96800002,2999984.7999999938,2335009.200000008
177429082.96800002,2999984.6999999937,2335009.200000008
177429084.96800002,2999984.6999999937,2335009.200000008
177429086.96800002,2999984.6999999937,2335009.200000008
177429088.96800002,2999984.6999999937,2335009.200000008
177429090.96800002,2999984.6999999937,2335009.300000008
177429092.96800002,2999984.6999999937,2335009.300000008
177429094.96800002,2999984.7999999938,2335009.300000008
177429096.96800002,2999984.7999999938,2335009.300000008
177429098.96800002,2999984.7999999938,2335009.300000008
177429100.96800002,2999984.7999999938,2335009.300000008
177429102.96800002,2999984.7999999938,2335009.300000008
177429104.96800002,2999984.899999994,2335009.300000008
177429106.96800002,2999984.7999999938,2335009.300000008
177429108.96800002,2999984.7999999938,2335009.300000008
177429110.96800002,2999984.7999999938,2335009.300000008
177429112.96800002,2999984.7999999938,2335009.300000008
177429114.96800002,2999984.7999999938,2335009.300000008
177429116.96800002,2999984.7999999938,2335009.300000008
177429118.96800002,2999984.7999999938,2335009.300000008
177429120.96800002,2999984.7999999938,2335009.300000008
177429122.96800002,2999984.7999999938,2335009.300000008
177429124.96800002,2999984.7999999938,2335009.300000008
177429126.96800002,2999984.7999999938,2335009.300000008
177429128.96800002,2999984.7999999938,2335009.300000008
177429130.96800002,2999984.7999999938,2335009.300000008
177429132.96800002,2999984.7999999938,2335009.300000008
177429134.96800002,2999984.7999999938,2335009.300000008
177429136.96800002,2999984.7999999938,2335009.300000008
177429138.96800002,2999984.7999999938,2335009.300000008
177429140.96800002,2999984.7999999938,2335009.300000008
177429142.96800002,2999984.6999999937,2335009.300000008
177429144.96800002,2999984.6999999937,2335009.300000008
177429146.96800002,2999984.6999999937,2335009.300000008
177429148.96800002,2999984.6999999937,2335009.300000008
177429150.96800002,2999984.6999999937,2335009.300000008
177429152.96800002,2999984.5999999936,2335009.300000008
177429154.96800002,2999984.5999999936,2335009.300000008
177429156.96800002,2999984.5999999936,2335009.300000008
177429158.96800002,2999984.5999999936,2335009.300000008
177429160.96800002,2999984.5999999936,2335009.300000008
177429162.96800002,2999984.5999999936,2335009.300000008
177429164.96800002,2999984.4999999935,2335009.300000008
177429166.96800002,2999984.4999999935,2335009.4000000083
177429168.96800002,2999984.4999999935,2335009.4000000083
177429170.96800002,2999984.4999999935,2335009.4000000083
177429172.96800002,2999984.4999999935,2335009.5000000084
177429174.96800002,2999984.4999999935,2335009.5000000084
177429176.96800002,2999984.4999999935,2335009.5000000084
177429178.96800002,2999984.4999999935,2335009.5000000084
177429180.96800002,2999984.3999999934,2335009.5000000084
177429182.96800002,2999984.3999999934,2335009.5000000084
177429184.96800002,2999984.3999999934,2335009.5000000084
177429186.96800002,2999984.3999999934,2335009.5000000084
177429188.96800002,2999984.3999999934,2335009.5000000084
177429190.96800002,2999984.3999999934,2335009.5000000084
177429192.96800002,2999984.3999999934,2335009.5000000084
177429194.96800002,2999984.3999999934,2335009.5000000084
177429196.96800002,2999984.3999999934,2335009.5000000084
177429198.96800002,2999984.3999999934,2335009.5000000084
177429200.96800002,2999984.3999999934,2335009.5000000084
177429202.96800002,2999984.3999999934,2335009.5000000084
177429204.96800002,2999984.3999999934,2335009.5000000084
177429206.96800002,2999984.3999999934,2335009.5000000084
177429208.96800002,2999984.3999999934,2335009.5000000084
177429210.96800002,2999984.3999999934,2335009.5000000084
177429212.96800002,2999984.3999999934,2335009.5000000084
177429214.96800002,2999984.3999999934,2335009.5000000084
177429216.96800002,2999984.3999999934,2335009.5000000084
177429218.96800002,2999984.3999999934,2335009.5000000084
177429220.96800002,2999984.3999999934,2335009.5000000084
177429222.96800002,2999984.3999999934,2335009.5000000084
177429224.96800002,2999984.3999999934,2335009.5000000084
177429226.96800002,2999984.2999999933,2335009.5000000084
177429228.96800002,2999984.2999999933,2335009.5000000084
177429230.96800002,2999984.2999999933,2335009.5000000084
177429232.96800002,2999984.2999999933,2335009.5000000084
177429234.96800002,2999984.2999999933,2335009.5000000084
177429236.96800002,2999984.2999999933,2335009.5000000084
177429238.96800002,2999984.2999999933,2335009.5000000084
177429240.96800002,2999984.2999999933,2335009.5000000084
177429242.96800002,2999984.199999993,2335009.5000000084
177429244.96800002,2999984.199999993,2335009.6000000085
177429246.96800002,2999984.199999993,2335009.6000000085
177429248.96800002,2999984.199999993,2335009.6000000085
177429250.96800002,2999984.099999993,2335009.7000000086
177429252.96800002,2999984.099999993,2335009.7000000086
177429254.96800002,2999984.099999993,2335009.7000000086
177429256.96800002,2999983.899999993,2335009.7000000086
177429258.96800002,2999983.899999993,2335009.7000000086
177429260.96800002,2999983.899999993,2335009.7000000086
177429262.96800002,2999983.899999993,2335009.7000000086
177429264.96800002,2999983.899999993,2335009.7000000086
177429266.96800002,2999983.899999993,2335009.7000000086
177429268.96800002,2999983.899999993,2335009.7000000086
177429270.96800002,2999983.899999993,2335009.7000000086
177429272.96800002,2999983.899999993,2335009.7000000086
177429274.96800002,2999983.899999993,2335009.7000000086
177429276.96800002,2999983.899999993,2335009.7000000086
177429278.96800002,2999983.899999993,2335009.7000000086
177429280.96800002,2999983.899999993,2335009.7000000086
177429282.96800002,2999983.799999993,2335009.7000000086
177429284.96800002,2999983.799999993,2335009.7000000086
177429286.96800002,2999983.799999993,2335009.7000000086
177429288.96800002,2999983.799999993,2335009.7000000086
177429290.96800002,2999983.799999993,2335009.7000000086
177429292.96800002,2999983.799999993,2335009.7000000086
177429294.96800002,2999983.799999993,2335009.7000000086
177429296.96800002,2999983.799999993,2335009.7000000086
177429298.96800002,2999983.799999993,2335009.7000000086
177429300.96800002,2999983.799999993,2335009.7000000086
177429302.96800002,2999983.799999993,2335009.7000000086
177429304.96800002,2999983.899999993,2335009.7000000086
177429306.96800002,2999984.099999993,2335009.7000000086
177429308.96800002,2999984.099999993,2335009.7000000086
177429310.96800002,2999984.099999993,2335009.7000000086
177429312.96800002,2999984.099999993,2335009.7000000086
177429314.96800002,2999983.999999993,2335009.7000000086
177429316.96800002,2999983.999999993,2335009.8000000087
177429318.96800002,2999983.999999993,2335009.8000000087
177429320.96800002,2999983.999999993,2335009.8000000087
177429322.96800002,2999983.899999993,2335009.9000000088
177429324.96800002,2999983.899999993,2335009.9000000088
177429326.96800002,2999983.899999993,2335009.9000000088
177429328.96800002,2999983.899999993,2335009.9000000088
177429330.96800002,2999983.899999993,2335009.9000000088
177429332.96800002,2999983.899999993,2335009.9000000088
177429334.96800002,2999983.899999993,2335009.9000000088
177429336.96800002,2999983.899999993,2335009.9000000088
177429338.96800002,2999983.899999993,2335009.9000000088
177429340.96800002,2999983.899999993,2335009.8000000087
177429342.96800002,2999983.899999993,2335009.8000000087
177429344.96800002,2999983.899999993,2335009.8000000087
177429346.96800002,2999983.899999993,2335009.8000000087
177429348.96800002,2999983.899999993,2335009.8000000087
177429350.96800002,2999983.899999993,2335009.8000000087
177429352.96800002,2999983.899999993,2335009.8000000087
177429354.96800002,2933486.499999993,2335009.8000000087
177429356.96800002,2933486.499999993,2335009.8000000087
177429358.96800002,2933486.499999993,2335009.8000000087
177429360.96800002,2933486.499999993,2335009.8000000087
177429362.96800002,2933486.499999993,2335009.8000000087
177429364.96800002,2933486.499999993,2335009.9000000088
177429366.96800002,2933486.499999993,2335009.9000000088
177429368.96800002,2933486.499999993,2335009.9000000088
177429370.96800002,2933486.499999993,2335009.9000000088
177429372.96800002,2933486.499999993,2335009.9000000088
177429374.96800002,2933486.499999993,2335009.9000000088
177429376.96800002,2933486.499999993,2335009.9000000088
177429378.96800002,2933486.399999993,2335009.9000000088
177429380.96800002,2933486.399999993,2335009.9000000088
177429382.96800002,2933486.399999993,2335009.9000000088
177429384.96800002,2933486.399999993,2335009.9000000088
177429386.96800002,2933486.399999993,2335009.9000000088
177429388.96800002,2933486.399999993,2335009.9000000088
177429390.96800002,2933486.399999993,2335010.000000009
177429392.96800002,2933486.399999993,2335010.000000009
177429394.96800002,2933486.399999993,2335010.000000009
177429396.96800002,2933486.399999993,2335010.000000009
177429398.96800002,2933486.399999993,2335010.000000009
177429400.96800002,2933486.399999993,2335010.000000009
177429402.96800002,2933486.399999993,2335010.000000009
177429404.96800002,2933486.399999993,2335010.000000009
177429406.96800002,2933486.399999993,2335010.000000009
177429408.96800002,2933486.399999993,2335010.000000009
177429410.96800002,2933486.399999993,2335010.000000009
177429412.96800002,2933486.399999993,2335010.000000009
177429414.96800002,2933486.399999993,2335010.000000009
177429416.96800002,2933486.399999993,2335010.000000009
177429418.96800002,2933486.399999993,2335010.000000009
177429420.96800002,2933486.399999993,2335010.000000009
177429422.96800002,2933486.399999993,2335010.000000009
177429424.96800002,2933486.399999993,2335010.000000009
177429426.96800002,2933486.399999993,2335010.000000009
177429428.96800002,2933486.399999993,2335010.000000009
177429430.96800002,2933486.399999993,2335010.000000009
177429432.96800002,2933486.399999993,2335010.000000009
177429434.96800002,2933486.299999993,2335010.000000009
177429436.96800002,2933486.299999993,2335010.000000009
177429438.96800002,2933486.299999993,2335010.000000009
177429440.96800002,2933486.299999993,2335010.000000009
177429442.96800002,2933486.299999993,2335010.000000009
177429444.96800002,2933486.299999993,2335010.000000009
177429446.96800002,2933486.299999993,2335010.000000009
177429448.96800002,2933486.299999993,2335010.000000009
177429450.96800002,2933486.299999993,2335010.000000009
177429452.96800002,2933486.299999993,2335010.000000009
177429454.96800002,2933486.299999993,2335010.000000009
177429456.96800002,2933486.299999993,2335010.100000009
177429458.96800002,2933486.299999993,2335010.100000009
177429460.96800002,2933486.1999999927,2335010.100000009
177429462.96800002,2933486.1999999927,2335010.100000009
177429464.96800002,2933486.1999999927,2335010.100000009
177429466.96800002,2933486.1999999927,2335010.100000009
177429468.96800002,2933486.1999999927,2335010.100000009
177429470.96800002,2933486.1999999927,2335010.100000009
177429472.96800002,2933486.1999999927,2335010.100000009
177429474.96800002,2933486.1999999927,2335010.100000009
177429476.96800002,2933486.1999999927,2335010.100000009
177429478.96800002,2933486.1999999927,2335010.100000009
177429480.96800002,2933486.0999999926,2335010.200000009
177429482.96800002,2933486.0999999926,2335010.200000009
177429484.96800002,2873638.3999999925,2335010.200000009
177429486.96800002,2873638.3999999925,2335010.200000009
177429488.96800002,2873638.3999999925,2335010.200000009
177429490.96800002,2873638.3999999925,2335010.200000009
177429492.96800002,2873638.3999999925,2335010.200000009
177429494.96800002,2873638.3999999925,2335010.200000009
177429496.96800002,2873638.2999999924,2335010.200000009
177429498.96800002,2873638.2999999924,2335010.200000009
177429500.96800002,2873638.2999999924,2335010.200000009
177429502.96800002,2873638.1999999923,2335010.200000009
177429504.96800002,2873638.1999999923,2335010.200000009
177429506.96800002,2873638.1999999923,2335010.200000009
177429508.96800002,2873638.1999999923,2335010.200000009
177429510.96800002,2873638.1999999923,2335010.200000009
177429512.96800002,2873638.1999999923,2335010.200000009
177429514.96800002,2873638.1999999923,2335010.200000009
177429516.96800002,2873637.999999992,2335010.200000009
177429518.96800002,2873637.999999992,2335010.200000009
177429520.96800002,2873637.899999992,2335010.200000009
177429522.96800002,2873637.899999992,2335010.200000009
177429524.96800002,2873637.899999992,2335010.200000009
177429526.96800002,2873637.899999992,2335010.200000009
177429528.96800002,2873637.899999992,2335010.200000009
177429530.96800002,2873637.899999992,2335010.200000009
177429532.96800002,2873637.999999992,2335010.200000009
177429534.96800002,2873637.999999992,2335010.200000009
177429536.96800002,2873637.999999992,2335010.200000009
177429538.96800002,2873637.999999992,2335010.200000009
177429540.96800002,2873637.999999992,2335010.200000009
177429542.96800002,2873637.999999992,2335010.200000009
177429544.96800002,2873637.999999992,2335010.200000009
177429546.96800002,2873637.999999992,2335010.300000009
177429548.96800002,2873637.999999992,2335010.300000009
177429550.96800002,2873637.999999992,2335010.300000009
177429552.96800002,2873637.999999992,2335010.300000009
177429554.96800002,2873637.999999992,2335010.300000009
177429556.96800002,2873637.799999992,2335010.300000009
177429558.96800002,2873637.699999992,2335010.300000009
177429560.96800002,2873637.699999992,2335010.300000009
177429562.96800002,2873637.699999992,2335010.300000009
177429564.96800002,2873637.699999992,2335010.300000009
177429566.96800002,2873637.699999992,2335010.300000009
177429568.96800002,2873637.699999992,2335010.300000009
177429570.96800002,2819774.9999999916,2335010.300000009
177429572.96800002,2819774.9999999916,2335010.300000009
177429574.96800002,2819774.9999999916,2335010.300000009
177429576.96800002,2819774.9999999916,2335010.300000009
177429578.96800002,2819774.9999999916,2335010.300000009
177429580.96800002,2819774.8999999915,2335010.300000009
177429582.96800002,2819774.8999999915,2335010.300000009
177429584.96800002,2819774.8999999915,2335010.300000009
177429586.96800002,2819774.9999999916,2335010.300000009
177429588.96800002,2819774.9999999916,2335010.300000009
177429590.96800002,2819774.9999999916,2335010.300000009
177429592.96800002,2819774.9999999916,2335010.300000009
177429594.96800002,2819774.9999999916,2335010.300000009
177429596.96800002,2819774.9999999916,2335010.300000009
177429598.96800002,2819774.9999999916,2335010.300000009
177429600.96800002,2819774.9999999916,2335010.300000009
177429602.96800002,2819774.9999999916,2335010.300000009
177429604.96800002,2819774.9999999916,2335010.300000009
177429606.96800002,2819774.9999999916,2335010.300000009
177429608.96800002,2819774.9999999916,2335010.300000009
177429610.96800002,2819774.9999999916,2335010.300000009
177429612.96800002,2819774.9999999916,2335010.300000009
177429614.96800002,2819774.9999999916,2335010.300000009
177429616.96800002,2819774.9999999916,2335010.300000009
177429618.96800002,2819774.9999999916,2335010.300000009
177429620.96800002,2819774.9999999916,2335010.300000009
177429622.96800002,2819774.9999999916,2335010.300000009
177429624.96800002,2819774.9999999916,2335010.300000009
177429626.96800002,2819774.9999999916,2335010.300000009
177429628.96800002,2819774.9999999916,2335010.300000009
177429630.96800002,2819774.9999999916,2335010.300000009
177429632.96800002,2819774.9999999916,2335010.300000009
177429634.96800002,2819774.9999999916,2335010.300000009
177429636.96800002,2819774.9999999916,2335010.300000009
177429638.96800002,2819774.9999999916,2335010.300000009
177429640.96800002,2819774.9999999916,2335010.300000009
177429642.96800002,2819774.9999999916,2335010.300000009
177429644.96800002,2819774.8999999915,2335010.300000009
177429646.96800002,2819774.7999999914,2335010.300000009
177429648.96800002,2819774.6999999913,2335010.300000009
177429650.96800002,2819774.6999999913,2335010.300000009
177429652.96800002,2819774.6999999913,2335010.300000009
177429654.96800002,2819774.6999999913,2335010.300000009
177429656.96800002,2819774.6999999913,2335010.300000009
177429658.96800002,2819774.6999999913,2335010.300000009
177429660.96800002,2819774.6999999913,2335010.300000009
177429662.96800002,2819774.6999999913,2335010.300000009
177429664.96800002,2819774.7999999914,2335010.300000009
177429666.96800002,2819774.7999999914,2335010.300000009
177429668.96800002,2819774.7999999914,2335010.300000009
177429670.96800002,2819774.7999999914,2335010.300000009
177429672.96800002,2819774.7999999914,2335010.300000009
177429674.96800002,2819774.8999999915,2335010.300000009
177429676.96800002,2819774.7999999914,2335010.300000009
177429678.96800002,2819774.7999999914,2335010.300000009
177429680.96800002,2819774.7999999914,2335010.300000009
177429682.96800002,2819774.7999999914,2335010.300000009
177429684.96800002,2819774.7999999914,2335010.300000009
177429686.96800002,2819774.7999999914,2335010.300000009
177429688.96800002,2819774.7999999914,2335010.300000009
177429690.96800002,2819774.7999999914,2335010.300000009
177429692.96800002,2819774.6999999913,2335010.300000009
177429694.96800002,2819774.6999999913,2335010.300000009
177429696.96800002,2819774.6999999913,2335010.300000009
177429698.96800002,2819774.6999999913,2335010.300000009
177429700.96800002,2819774.6999999913,2335010.200000009
177429702.96800002,2819774.5999999912,2335010.200000009
177429704.96800002,2819774.5999999912,2335010.200000009
177429706.96800002,2819774.5999999912,2335010.200000009
177429708.96800002,2819774.5999999912,2335010.200000009
177429710.96800002,2819774.5999999912,2335010.200000009
177429712.96800002,2819774.5999999912,2335010.200000009
177429714.96800002,2819774.5999999912,2335010.200000009
177429716.96800002,2819774.5999999912,2335010.200000009
177429718.96800002,2819774.5999999912,2335010.200000009
177429720.96800002,2819774.5999999912,2335010.200000009
177429722.96800002,2819774.5999999912,2335010.200000009
177429724.96800002,2819774.5999999912,2335010.200000009
177429726.96800002,2819774.5999999912,2335010.300000009
177429728.96800002,2819774.499999991,2335010.300000009
177429730.96800002,2819774.499999991,2335010.400000009
177429732.96800002,2819774.499999991,2335010.400000009
177429734.96800002,2819774.499999991,2335010.400000009
177429736.96800002,2819774.499999991,2335010.400000009
177429738.96800002,2819774.499999991,2335010.400000009
177429740.96800002,2819774.499999991,2335010.400000009
177429742.96800002,2819774.499999991,2335010.400000009
177429744.96800002,2819774.499999991,2335010.400000009
177429746.96800002,2819774.499999991,2335010.400000009
177429748.96800002,2819774.499999991,2335010.400000009
177429750.96800002,2819774.499999991,2335010.400000009
177429752.96800002,2819774.499999991,2335010.400000009
177429754.96800002,2819774.499999991,2335010.400000009
177429756.96800002,2819774.499999991,2335010.400000009
177429758.96800002,2819774.499999991,2335010.400000009
177429760.96800002,2819774.499999991,2335010.400000009
177429762.96800002,2819774.499999991,2335010.400000009
177429764.96800002,2819774.5999999912,2335010.400000009
177429766.96800002,2819774.5999999912,2335010.400000009
177429768.96800002,2819774.5999999912,2335010.400000009
177429770.96800002,2819774.5999999912,2335010.400000009
177429772.96800002,2819774.5999999912,2335010.400000009
177429774.96800002,2819774.5999999912,2335010.400000009
177429776.96800002,2819774.7999999914,2335010.400000009
177429778.96800002,2819774.8999999915,2335010.400000009
177429780.96800002,2819774.8999999915,2335010.400000009
177429782.96800002,2819774.8999999915,2335010.400000009
177429784.96800002,2819774.8999999915,2335010.400000009
177429786.96800002,2819774.8999999915,2335010.400000009
177429788.96800002,2819774.8999999915,2335010.400000009
177429790.96800002,2819774.8999999915,2335010.400000009
177429792.96800002,2819774.8999999915,2335010.400000009
177429794.96800002,2819774.8999999915,2335010.400000009
177429796.96800002,2819774.8999999915,2335010.400000009
177429798.96800002,2819774.8999999915,2335010.5000000093
177429800.96800002,2819774.8999999915,2335010.400000009
177429802.96800002,2819774.8999999915,2335010.400000009
177429804.96800002,2819774.8999999915,2335010.400000009
177429806.96800002,2819774.8999999915,2335010.400000009
177429808.96800002,2819774.8999999915,2335010.400000009
177429810.96800002,2819774.8999999915,2335010.400000009
177429812.96800002,2819774.8999999915,2335010.400000009
177429814.96800002,2873637.6999999913,2335010.400000009
177429816.96800002,2873637.6999999913,2335010.5000000093
177429818.96800002,2873637.6999999913,2335010.6000000094
177429820.96800002,2873637.6999999913,2335010.7000000095
177429822.96800002,2873637.6999999913,2335010.7000000095
177429824.96800002,2873637.6999999913,2335010.7000000095
177429826.96800002,2873637.6999999913,2335010.7000000095
177429828.96800002,2873637.6999999913,2335010.7000000095
177429830.96800002,2873637.6999999913,2335010.7000000095
177429832.96800002,2873637.6999999913,2335010.7000000095
177429834.96800002,2873637.6999999913,2335010.7000000095
177429836.96800002,2873637.6999999913,2335010.8000000096
177429838.96800002,2873637.6999999913,2335010.8000000096
177429840.96800002,2873637.6999999913,2335010.8000000096
177429842.96800002,2873637.6999999913,2335010.8000000096
177429844.96800002,2873637.6999999913,2335010.9000000097
177429846.96800002,2873637.6999999913,2335010.9000000097
177429848.96800002,2873637.6999999913,2335010.9000000097
177429850.96800002,2873637.5999999912,2335010.9000000097
177429852.96800002,2873637.5999999912,2335010.9000000097
177429854.96800002,2873637.5999999912,2335011.00000001
177429856.96800002,2873637.5999999912,2335011.00000001
177429858.96800002,2873637.5999999912,2335011.00000001
177429860.96800002,2873637.5999999912,2335011.00000001
177429862.96800002,2873637.5999999912,2335011.00000001
177429864.96800002,2873637.5999999912,2335011.00000001
177429866.96800002,2873637.5999999912,2335010.9000000097
177429868.96800002,2873637.6999999913,2335010.9000000097
177429870.96800002,2873637.6999999913,2335010.9000000097
177429872.96800002,2873637.6999999913,2335010.9000000097
177429874.96800002,2873637.6999999913,2335010.9000000097
177429876.96800002,2873637.6999999913,2335010.9000000097
177429878.96800002,2873637.6999999913,2335010.9000000097
177429880.96800002,2873637.6999999913,2335010.9000000097
177429882.96800002,2873637.6999999913,2335010.9000000097
177429884.96800002,2873637.6999999913,2335010.9000000097
177429886.96800002,2873637.6999999913,2335010.9000000097
177429888.96800002,2873637.6999999913,2335010.9000000097
177429890.96800002,2873637.6999999913,2335010.9000000097
177429892.96800002,2873637.6999999913,2335010.9000000097
177429894.96800002,2873637.6999999913,2335010.9000000097
177429896.96800002,2873637.6999999913,2335010.9000000097
177429898.96800002,2873637.6999999913,2335010.9000000097
177429900.96800002,2873637.6999999913,2335010.9000000097
177429902.96800002,2873637.6999999913,2335010.9000000097
177429904.96800002,2873637.6999999913,2335010.9000000097
177429906.96800002,2873637.6999999913,2335010.9000000097
177429908.96800002,2873637.6999999913,2335010.9000000097
177429910.96800002,2873637.6999999913,2335011.00000001
177429912.96800002,2873637.6999999913,2335011.00000001
177429914.96800002,2873637.6999999913,2335011.00000001
177429916.96800002,2873637.6999999913,2335011.00000001
177429918.96800002,2873637.6999999913,2335011.00000001
177429920.96800002,2873637.6999999913,2335011.00000001
177429922.96800002,2873637.6999999913,2335011.00000001
177429924.96800002,2873637.6999999913,2335011.00000001
177429926.96800002,2873637.6999999913,2335011.00000001
177429928.96800002,2873637.6999999913,2335011.00000001
177429930.96800002,2873637.6999999913,2335011.00000001
177429932.96800002,2873637.6999999913,2335011.00000001
177429934.96800002,2873637.5999999912,2335011.00000001
177429936.96800002,2873637.5999999912,2335011.00000001
177429938.96800002,2873637.5999999912,2335011.00000001
177429940.96800002,2873637.5999999912,2335011.00000001
177429942.96800002,2873637.5999999912,2335011.00000001
177429944.96800002,2873637.5999999912,2335011.00000001
177429946.96800002,2873637.6999999913,2335011.00000001
177429948.96800002,2873637.6999999913,2335011.00000001
177429950.96800002,2873637.6999999913,2335011.10000001
177429952.96800002,2873637.5999999912,2335011.10000001
177429954.96800002,2873637.5999999912,2335011.10000001
177429956.96800002,2873637.5999999912,2335011.10000001
177429958.96800002,2873637.6999999913,2335011.20000001
177429960.96800002,2873637.6999999913,2335011.20000001
177429962.96800002,2873637.6999999913,2335011.20000001
177429964.96800002,2873637.6999999913,2335011.20000001
177429966.96800002,2873637.6999999913,2335011.30000001
177429968.96800002,2873637.6999999913,2335011.30000001
177429970.96800002,2873637.6999999913,2335011.40000001
177429972.96800002,2873637.6999999913,2335011.40000001
177429974.96800002,2873637.6999999913,2335011.40000001
177429976.96800002,2873637.6999999913,2335011.40000001
177429978.96800002,2873637.6999999913,2335011.40000001
177429980.96800002,2873637.6999999913,2335011.40000001
177429982.96800002,2873637.6999999913,2335011.40000001
177429984.96800002,2873637.6999999913,2335011.40000001
177429986.96800002,2873637.5999999912,2335011.40000001
177429988.96800002,2873637.499999991,2335011.40000001
177429990.96800002,2873637.499999991,2335011.40000001
177429992.96800002,2873637.499999991,2335011.40000001
177429994.96800002,2873637.399999991,2335011.40000001
177429996.96800002,2873637.399999991,2335011.40000001
177429998.96800002,2873637.399999991,2335011.40000001
177430000.96800002,2873637.399999991,2335011.40000001
177430002.96800002,2873637.499999991,2335011.40000001
177430004.96800002,2873637.499999991,2335011.40000001
177430006.96800002,2873637.499999991,2335011.40000001
177430008.96800002,2873637.6999999913,2335011.40000001
177430010.96800002,2873637.6999999913,2335011.40000001
177430012.96800002,2873637.6999999913,2335011.40000001
177430014.96800002,2873637.6999999913,2335011.40000001
177430016.96800002,2873637.6999999913,2335011.40000001
177430018.96800002,2873637.6999999913,2335011.40000001
177430020.96800002,2873637.6999999913,2335011.40000001
177430022.96800002,2873637.6999999913,2335011.40000001
177430024.96800002,2873637.5999999912,2335011.40000001
177430026.96800002,2873637.5999999912,2335011.40000001
177430028.96800002,2873637.5999999912,2335011.40000001
177430030.96800002,2873637.5999999912,2335011.40000001
177430032.96800002,2873637.5999999912,2335011.40000001
177430034.96800002,2873637.6999999913,2335011.40000001
177430036.96800002,2873637.6999999913,2335011.40000001
177430038.96800002,2873637.6999999913,2335011.40000001
177430040.96800002,2873637.6999999913,2335011.40000001
177430042.96800002,2873637.6999999913,2335011.40000001
177430044.96800002,2873637.6999999913,2335011.40000001
177430046.96800002,2873637.6999999913,2335011.5000000102
177430048.96800002,2873637.6999999913,2335011.5000000102
177430050.96800002,2873637.6999999913,2335011.5000000102
177430052.96800002,2873637.6999999913,2335011.5000000102
177430054.96800002,2873637.6999999913,2335011.6000000103
177430056.96800002,2873637.6999999913,2335011.6000000103
177430058.96800002,2873637.6999999913,2335011.6000000103
177430060.96800002,2873637.6999999913,2335011.6000000103
177430062.96800002,2873637.6999999913,2335011.6000000103
177430064.96800002,2873637.6999999913,2335011.6000000103
177430066.96800002,2873637.6999999913,2335011.6000000103
177430068.96800002,2873637.6999999913,2335011.6000000103
177430070.96800002,2873637.6999999913,2335011.6000000103
177430072.96800002,2873637.6999999913,2335011.6000000103
177430074.96800002,2873637.6999999913,2335011.6000000103
177430076.96800002,2873637.6999999913,2335011.6000000103
177430078.96800002,2873637.6999999913,2335011.6000000103
177430080.96800002,2873637.6999999913,2335011.6000000103
177430082.96800002,2873637.6999999913,2335011.6000000103
177430084.96800002,2873637.6999999913,2335011.6000000103
177430086.96800002,2873637.6999999913,2335011.6000000103
177430088.96800002,2873637.6999999913,2335011.6000000103
177430090.96800002,2873637.6999999913,2335011.6000000103
177430092.96800002,2873637.6999999913,2335011.6000000103
177430094.96800002,2873637.5999999912,2335011.6000000103
177430096.96800002,2873637.5999999912,2335011.6000000103
177430098.96800002,2873637.5999999912,2335011.6000000103
177430100.96800002,2873637.5999999912,2335011.6000000103
177430102.96800002,2873637.5999999912,2335011.6000000103
177430104.96800002,2873637.5999999912,2335011.6000000103
177430106.96800002,2873637.5999999912,2335011.6000000103
177430108.96800002,2873637.5999999912,2335011.6000000103
177430110.96800002,2819774.999999991,2335011.6000000103
177430112.96800002,2873637.499999991,2335011.3000000105
177430114.96800002,2873637.399999991,2335011.3000000105
177430116.96800002,2873637.399999991,2335011.3000000105
177430118.96800002,2873637.399999991,2335011.3000000105
177430120.96800002,2873637.399999991,2335011.3000000105
177430122.96800002,2873637.399999991,2335011.3000000105
177430124.96800002,2873637.399999991,2335011.3000000105
177430126.96800002,2873637.399999991,2335011.3000000105
177430128.96800002,2873637.399999991,2335011.3000000105
177430130.96800002,2873637.399999991,2335011.3000000105
177430132.96800002,2873637.299999991,2335011.3000000105
177430134.96800002,2873637.299999991,2335011.3000000105
177430136.96800002,2873637.299999991,2335011.3000000105
177430138.96800002,2873637.299999991,2335011.3000000105
177430140.96800002,2873637.299999991,2335011.3000000105
177430142.96800002,2873637.299999991,2335011.3000000105
177430144.96800002,2873637.299999991,2335011.3000000105
177430146.96800002,2873637.299999991,2335011.3000000105
177430149.06800002,2873637.299999991,2335011.3000000105
177430150.96800002,2873637.299999991,2335011.3000000105
177430152.96800002,2873637.299999991,2335011.3000000105
177430154.96800002,2873637.299999991,2335011.3000000105
177430156.96800002,2873637.299999991,2335011.3000000105
177430158.96800002,2873637.299999991,2335011.3000000105
177430160.96800002,2873637.299999991,2335011.3000000105
177430162.96800002,2873637.299999991,2335011.3000000105
177430164.96800002,2873637.299999991,2335011.3000000105
177430166.96800002,2873637.299999991,2335011.3000000105
177430168.96800002,2873637.299999991,2335011.3000000105
177430170.96800002,2873637.299999991,2335011.3000000105
177430172.96800002,2873637.299999991,2335011.3000000105
177430174.96800002,2873637.299999991,2335011.3000000105
177430176.96800002,2873637.299999991,2335011.3000000105
177430178.96800002,2873637.299999991,2335011.3000000105
177430180.96800002,2873637.299999991,2335011.3000000105
177430182.96800002,2873637.299999991,2335011.4000000106
177430184.96800002,2873637.299999991,2335011.4000000106
177430186.96800002,2873637.299999991,2335011.4000000106
177430188.96800002,2873637.299999991,2335011.4000000106
177430190.96800002,2873637.299999991,2335011.4000000106
177430192.96800002,2873637.299999991,2335011.4000000106
177430194.96800002,2873637.399999991,2335011.4000000106
177430196.96800002,2873637.399999991,2335011.4000000106
177430198.96800002,2873637.399999991,2335011.4000000106
177430200.96800002,2873637.399999991,2335011.4000000106
177430202.96800002,2873637.399999991,2335011.4000000106
177430204.96800002,2873637.399999991,2335011.4000000106
177430206.96800002,2873637.399999991,2335011.4000000106
177430208.96800002,2873637.399999991,2335011.4000000106
177430210.96800002,2873637.399999991,2335011.4000000106
177430212.96800002,2873637.399999991,2335011.4000000106
177430214.96800002,2873637.5999999912,2335011.4000000106
177430216.96800002,2873637.5999999912,2335011.4000000106
177430218.96800002,2873637.5999999912,2335011.4000000106
177430220.96800002,2873637.5999999912,2335011.4000000106
177430222.96800002,2873637.5999999912,2335011.4000000106
177430224.96800002,2873637.5999999912,2335011.4000000106
177430226.96800002,2873637.5999999912,2335011.4000000106
177430228.96800002,2873637.5999999912,2335011.4000000106
177430230.96800002,2873637.5999999912,2335011.4000000106
177430232.96800002,2873637.5999999912,2335011.4000000106
177430234.96800002,2873637.5999999912,2335011.4000000106
177430236.96800002,2873637.5999999912,2335011.4000000106
177430238.96800002,2873637.5999999912,2335011.4000000106
177430240.96800002,2873637.5999999912,2335011.4000000106
177430242.96800002,2873637.5999999912,2335011.5000000107
177430244.96800002,2873637.5999999912,2335011.5000000107
177430246.96800002,2873637.5999999912,2335011.5000000107
177430248.96800002,2873637.5999999912,2335011.5000000107
177430250.96800002,2873637.5999999912,2335011.5000000107
177430252.96800002,2873637.5999999912,2335011.5000000107
177430254.96800002,2873637.6999999913,2335011.5000000107
177430256.96800002,2873637.6999999913,2335011.5000000107
177430258.96800002,2873637.6999999913,2335011.5000000107
177430260.96800002,2873637.6999999913,2335011.5000000107
177430262.96800002,2873637.6999999913,2335011.5000000107
177430264.96800002,2873637.6999999913,2335011.5000000107
177430266.96800002,2873637.5999999912,2335011.600000011
177430268.96800002,2873637.5999999912,2335011.600000011
177430270.96800002,2873637.5999999912,2335011.600000011
177430272.96800002,2873637.5999999912,2335011.600000011
177430274.96800002,2873637.5999999912,2335011.600000011
177430276.96800002,2873637.5999999912,2335011.600000011
177430278.96800002,2873637.5999999912,2335011.600000011
177430280.96800002,2873637.5999999912,2335011.600000011
177430282.96800002,2873637.5999999912,2335011.600000011
177430284.96800002,2873637.5999999912,2335011.600000011
177430286.96800002,2873637.5999999912,2335011.600000011
177430288.96800002,2873637.5999999912,2335011.600000011
177430290.96800002,2873637.5999999912,2335011.600000011
177430292.96800002,2873637.5999999912,2335011.600000011
177430294.96800002,2873637.5999999912,2335011.600000011
177430296.96800002,2873637.5999999912,2335011.600000011
177430298.96800002,2873637.499999991,2335011.600000011
177430300.96800002,2873637.499999991,2335011.600000011
177430302.96800002,2873637.499999991,2335011.600000011
177430304.96800002,2873637.499999991,2335011.600000011
177430306.96800002,2873637.499999991,2335011.600000011
177430308.96800002,2873637.499999991,2335011.600000011
177430310.96800002,2873637.499999991,2335011.600000011
177430312.96800002,2873637.499999991,2335011.600000011
177430314.96800002,2873637.499999991,2335011.600000011
177430316.96800002,2873637.499999991,2335011.600000011
177430318.96800002,2873637.499999991,2335011.600000011
177430320.96800002,2873637.499999991,2335011.600000011
177430322.96800002,2873637.499999991,2335011.600000011
177430324.96800002,2873637.499999991,2335011.600000011
177430326.96800002,2873637.499999991,2335011.600000011
177430328.96800002,2873637.499999991,2335011.600000011
177430330.96800002,2873637.499999991,2335011.600000011
177430332.96800002,2873637.499999991,2335011.600000011
177430334.96800002,2873637.5999999912,2335011.600000011
177430336.96800002,2873637.5999999912,2335011.600000011
177430338.96800002,2873637.5999999912,2335011.600000011
177430340.96800002,2873637.5999999912,2335011.600000011
177430342.96800002,2873637.5999999912,2335011.600000011
177430344.96800002,2873637.5999999912,2335011.600000011
177430346.96800002,2873637.5999999912,2335011.600000011
177430348.96800002,2873637.5999999912,2335011.600000011
177430350.96800002,2873637.5999999912,2335011.600000011
177430352.96800002,2873637.499999991,2335011.600000011
177430354.96800002,2873637.499999991,2335011.600000011
177430356.96800002,2873637.499999991,2335011.600000011
177430358.96800002,2873637.499999991,2335011.600000011
177430360.96800002,2873637.499999991,2335011.600000011
177430362.96800002,2873637.499999991,2335011.600000011
177430364.96800002,2873637.499999991,2335011.700000011
177430366.96800002,2873637.499999991,2335011.700000011
177430368.96800002,2873637.499999991,2335011.700000011
177430370.96800002,2873637.499999991,2335011.700000011
177430372.96800002,2873637.499999991,2335011.800000011
177430374.96800002,2873637.499999991,2335011.800000011
177430376.96800002,2873637.499999991,2335011.800000011
177430378.96800002,2873637.499999991,2335011.800000011
177430380.96800002,2873637.499999991,2335011.800000011
177430382.96800002,2873637.499999991,2335011.800000011
177430384.96800002,2873637.499999991,2335011.800000011
177430386.96800002,2873637.499999991,2335011.800000011
177430388.96800002,2873637.499999991,2335011.800000011
177430390.96800002,2873637.499999991,2335011.800000011
177430392.96800002,2873637.499999991,2335011.800000011
177430394.96800002,2873637.499999991,2335011.800000011
177430396.96800002,2873637.499999991,2335011.800000011
177430398.96800002,2873637.499999991,2335011.800000011
177430400.96800002,2873637.499999991,2335011.800000011
177430402.96800002,2873637.399999991,2335011.800000011
177430404.96800002,2873637.399999991,2335011.800000011
177430406.96800002,2873637.399999991,2335011.800000011
177430408.96800002,2873637.399999991,2335011.800000011
177430410.96800002,2873637.399999991,2335011.800000011
177430412.96800002,2873637.399999991,2335011.800000011
177430414.96800002,2873637.399999991,2335011.800000011
177430416.96800002,2873637.399999991,2335011.800000011
177430418.96800002,2873637.399999991,2335011.800000011
177430420.96800002,2873637.399999991,2335011.500000011
177430422.96800002,2873637.399999991,2335011.500000011
177430424.96800002,2873637.399999991,2335011.500000011
177430426.96800002,2873637.399999991,2335011.500000011
177430428.96800002,2873637.399999991,2335011.500000011
177430430.96800002,2873637.399999991,2335011.500000011
177430432.96800002,2873637.399999991,2335011.500000011
177430434.96800002,2873637.399999991,2335011.500000011
177430436.96800002,2873637.399999991,2335011.500000011
177430438.96800002,2873637.399999991,2335011.500000011
177430440.96800002,2873637.299999991,2335011.500000011
177430442.96800002,2873637.299999991,2335011.500000011
177430444.96800002,2873637.299999991,2335011.500000011
177430446.96800002,2873637.299999991,2335011.500000011
177430448.96800002,2873637.299999991,2335011.500000011
177430450.96800002,2873637.299999991,2335011.500000011
177430452.96800002,2873637.299999991,2335011.500000011
177430454.96800002,2873637.299999991,2335011.500000011
177430456.96800002,2873637.299999991,2335011.500000011
177430458.96800002,2873637.299999991,2335011.500000011
177430460.96800002,2873637.299999991,2335011.300000011
177430462.96800002,2873637.299999991,2335011.300000011
177430464.96800002,2873637.299999991,2335011.300000011
177430466.96800002,2873637.199999991,2335011.300000011
177430468.96800002,2873637.199999991,2335011.300000011
177430470.96800002,2873637.199999991,2335011.300000011
177430472.96800002,2873637.199999991,2335011.300000011
177430474.96800002,2873637.199999991,2335011.300000011
177430476.96800002,2873637.199999991,2335011.300000011
177430478.96800002,2873637.199999991,2335011.300000011
177430480.96800002,2873637.099999991,2335011.300000011
177430482.96800002,2873637.099999991,2335011.300000011
177430484.96800002,2873637.099999991,2335011.300000011
177430486.96800002,2873637.099999991,2335011.300000011
177430488.96800002,2873637.099999991,2335011.300000011
177430490.96800002,2873637.099999991,2335011.300000011
177430492.96800002,2873637.099999991,2335011.300000011
177430494.96800002,2873637.099999991,2335011.300000011
177430496.96800002,2873637.099999991,2335011.300000011
177430498.96800002,2873637.099999991,2335011.300000011
177430500.96800002,2873637.099999991,2335011.300000011
177430502.96800002,2873636.9999999907,2335011.300000011
177430504.96800002,2873636.9999999907,2335011.300000011
177430506.96800002,2873636.9999999907,2335011.300000011
177430508.96800002,2873636.9999999907,2335011.300000011
177430510.96800002,2873636.9999999907,2335011.300000011
177430512.96800002,2873636.9999999907,2335011.300000011
177430514.96800002,2873636.9999999907,2335011.300000011
177430516.96800002,2873636.9999999907,2335011.300000011
177430518.96800002,2873637.099999991,2335011.300000011
177430520.96800002,2873637.099999991,2335011.300000011
177430522.96800002,2873637.099999991,2335011.300000011
177430524.96800002,2873637.099999991,2335011.300000011
177430526.96800002,2873637.099999991,2335011.300000011
177430528.96800002,2873637.099999991,2335011.300000011
177430530.96800002,2873637.099999991,2335011.300000011
177430532.96800002,2873637.099999991,2335011.300000011
177430534.96800002,2873637.099999991,2335011.300000011
177430536.96800002,2873637.099999991,2335011.300000011
177430538.96800002,2873637.099999991,2335011.300000011
177430540.96800002,2873637.099999991,2335011.300000011
177430542.96800002,2873637.099999991,2335011.300000011
177430544.96800002,2873637.099999991,2335011.300000011
177430546.96800002,2873637.099999991,2335011.300000011
177430548.96800002,2873637.099999991,2335011.300000011
177430550.96800002,2873637.099999991,2335011.300000011
177430552.96800002,2873637.099999991,2335011.300000011
177430554.96800002,2873637.099999991,2335011.300000011
177430556.96800002,2873637.099999991,2335011.300000011
177430558.96800002,2873637.099999991,2335011.300000011
177430560.96800002,2873637.099999991,2335011.300000011
177430562.96800002,2873637.099999991,2335011.300000011
177430564.96800002,2873636.9999999907,2335011.300000011
177430566.96800002,2873636.9999999907,2335011.300000011
177430568.96800002,2873636.9999999907,2335011.300000011
177430570.96800002,2873636.9999999907,2335011.300000011
177430572.96800002,2873636.9999999907,2335011.300000011
177430574.96800002,2873636.9999999907,2335011.300000011
177430576.96800002,2873636.9999999907,2335011.300000011
177430578.96800002,2873636.9999999907,2335011.300000011
177430580.96800002,2873636.9999999907,2335011.300000011
177430582.96800002,2873637.099999991,2335011.300000011
177430584.96800002,2873637.099999991,2335011.300000011
177430586.96800002,2873637.099999991,2335011.300000011
177430588.96800002,2873637.099999991,2335011.300000011
177430590.96800002,2873637.099999991,2335011.300000011
177430592.96800002,2873637.099999991,2335011.400000011
177430594.96800002,2873637.099999991,2335011.400000011
177430596.96800002,2873637.099999991,2335011.400000011
177430598.96800002,2873637.099999991,2335011.400000011
177430600.96800002,2873637.099999991,2335011.400000011
177430602.96800002,2873637.099999991,2335011.400000011
177430604.96800002,2873637.099999991,2335011.400000011
177430606.96800002,2873637.099999991,2335011.400000011
177430608.96800002,2873637.099999991,2335011.400000011
177430610.96800002,2873637.099999991,2335011.400000011
177430612.96800002,2873637.099999991,2335011.400000011
177430614.96800002,2873637.199999991,2335011.400000011
177430616.96800002,2873637.199999991,2335011.400000011
177430618.96800002,2873637.199999991,2335011.400000011
177430620.96800002,2873637.199999991,2335011.400000011
177430622.96800002,2873637.099999991,2335011.400000011
177430624.96800002,2873637.099999991,2335011.400000011
177430626.96800002,2873637.099999991,2335011.400000011
177430628.96800002,2873637.099999991,2335011.400000011
177430630.96800002,2873637.099999991,2335011.400000011
177430632.96800002,2873637.099999991,2335011.400000011
177430634.96800002,2873637.099999991,2335011.400000011
177430636.96800002,2873637.099999991,2335011.400000011
177430638.96800002,2873637.099999991,2335011.400000011
177430640.96800002,2873637.099999991,2335011.400000011
177430642.96800002,2873637.099999991,2335011.400000011
177430644.96800002,2873637.099999991,2335011.400000011
177430646.96800002,2873637.099999991,2335011.400000011
177430648.96800002,2873637.099999991,2335011.400000011
177430650.96800002,2873637.099999991,2335011.400000011
177430652.96800002,2873637.099999991,2335011.400000011
177430654.96800002,2873637.099999991,2335011.400000011
177430656.96800002,2873637.099999991,2335011.400000011
177430658.96800002,2873637.099999991,2335011.400000011
177430660.96800002,2873637.099999991,2335011.400000011
177430662.96800002,2873637.099999991,2335011.400000011
177430664.96800002,2873637.099999991,2335011.400000011
177430666.96800002,2873637.099999991,2335011.400000011
177430668.96800002,2873637.099999991,2335011.400000011
177430670.96800002,2873637.099999991,2335011.400000011
177430672.96800002,2873637.099999991,2335011.400000011
177430674.96800002,2873637.099999991,2335011.400000011
177430676.96800002,2873637.099999991,2335011.400000011
177430678.96800002,2873637.099999991,2335011.400000011
177430680.96800002,2873637.099999991,2335011.400000011
177430682.96800002,2873637.099999991,2335011.400000011
177430684.96800002,2873637.099999991,2335011.400000011
177430686.96800002,2873637.099999991,2335011.400000011
177430688.96800002,2873637.099999991,2335011.400000011
177430690.96800002,2873637.099999991,2335011.400000011
177430692.96800002,2873637.099999991,2335011.400000011
177430694.96800002,2873637.099999991,2335011.400000011
177430696.96800002,2873637.099999991,2335011.400000011
177430698.96800002,2873637.099999991,2335011.400000011
177430700.96800002,2873637.099999991,2335011.400000011
177430702.96800002,2873637.099999991,2335011.400000011
177430704.96800002,2873637.099999991,2335011.400000011
177430706.96800002,2873637.099999991,2335011.400000011
177430708.96800002,2873637.099999991,2335011.400000011
177430710.96800002,2873637.099999991,2335011.400000011
177430712.96800002,2873637.099999991,2335011.400000011
177430714.96800002,2873637.099999991,2335011.400000011
177430716.96800002,2873637.099999991,2335011.400000011
177430718.96800002,2873637.3999999906,2335011.400000011
177430720.96800002,2873637.4999999907,2335011.400000011
177430722.96800002,2873637.4999999907,2335011.400000011
177430724.96800002,2873637.3999999906,2335011.400000011
177430726.96800002,2873637.3999999906,2335011.400000011
177430728.96800002,2873637.3999999906,2335011.400000011
177430730.96800002,2873637.3999999906,2335011.400000011
177430732.96800002,2873637.3999999906,2335011.400000011
177430734.96800002,2873637.3999999906,2335011.400000011
177430736.96800002,2873637.3999999906,2335011.400000011
177430738.96800002,2873637.3999999906,2335011.400000011
177430740.96800002,2873637.3999999906,2335011.400000011
177430742.96800002,2873637.3999999906,2335011.400000011
177430744.96800002,2873637.3999999906,2335011.400000011
177430746.96800002,2873637.3999999906,2335011.400000011
177430748.96800002,2873637.3999999906,2361942.700000011
177430750.96800002,2873637.3999999906,2361942.700000011
177430752.96800002,2873637.3999999906,2361942.700000011
177430754.96800002,2873637.3999999906,2361942.700000011
177430756.96800002,2873637.3999999906,2361942.700000011
177430758.96800002,2873637.3999999906,2361942.700000011
177430760.96800002,2873637.3999999906,2361942.700000011
177430762.96800002,2873637.3999999906,2361942.700000011
177430764.96800002,2873637.3999999906,2361942.700000011
177430766.96800002,2873637.3999999906,2361942.700000011
177430768.96800002,2873637.3999999906,2361942.700000011
177430770.96800002,2873637.3999999906,2361942.700000011
177430772.96800002,2873637.3999999906,2361942.700000011
177430774.96800002,2873637.3999999906,2361942.700000011
177430776.96800002,2873637.3999999906,2361942.700000011
177430779.06800002,2873637.3999999906,2361942.700000011
177430780.96800002,2873637.3999999906,2361942.700000011
177430782.96800002,2873637.3999999906,2361942.700000011
177430784.96800002,2873637.3999999906,2361942.700000011
177430786.96800002,2873637.3999999906,2361942.700000011
177430788.96800002,2873637.3999999906,2361942.700000011
177430790.96800002,2873637.3999999906,2361942.700000011
177430792.96800002,2873637.3999999906,2361942.700000011
177430794.96800002,2873637.3999999906,2361942.700000011
177430796.96800002,2873637.3999999906,2361942.700000011
177430798.96800002,2873637.3999999906,2361942.700000011
177430800.96800002,2873637.3999999906,2361942.700000011
177430802.96800002,2873637.3999999906,2361942.700000011
177430804.96800002,2873637.3999999906,2361942.700000011
177430806.96800002,2873637.3999999906,2361942.700000011
177430808.96800002,2873637.2999999905,2361942.700000011
177430810.96800002,2873637.2999999905,2361942.700000011
177430812.96800002,2873637.2999999905,2361942.700000011
177430814.96800002,2873637.1999999904,2361942.700000011
177430816.96800002,2873637.1999999904,2361942.700000011
177430818.96800002,2873637.1999999904,2361942.700000011
177430820.96800002,2873637.1999999904,2361942.700000011
177430822.96800002,2873637.1999999904,2361942.700000011
177430824.96800002,2873637.1999999904,2361942.700000011
177430826.96800002,2873637.1999999904,2361942.700000011
177430828.96800002,2873637.1999999904,2361942.700000011
177430830.96800002,2873637.1999999904,2361942.700000011
177430832.96800002,2873637.1999999904,2361942.700000011
177430834.96800002,2873637.1999999904,2361942.800000011
177430836.96800002,2873637.1999999904,2361942.800000011
177430838.96800002,2873637.1999999904,2361942.800000011
177430840.96800002,2873637.0999999903,2361942.800000011
177430842.96800002,2873637.0999999903,2361942.800000011
177430844.96800002,2873637.0999999903,2361942.800000011
177430846.96800002,2873637.0999999903,2361942.800000011
177430848.96800002,2873637.0999999903,2361942.800000011
177430850.96800002,2873637.0999999903,2361942.800000011
177430852.96800002,2873637.0999999903,2361942.800000011
177430854.96800002,2873637.0999999903,2361942.800000011
177430856.96800002,2873637.0999999903,2361942.800000011
177430858.96800002,2873637.0999999903,2361942.800000011
177430860.96800002,2873637.0999999903,2361942.800000011
177430862.96800002,2873637.0999999903,2361942.800000011
177430864.96800002,2873637.0999999903,2361942.800000011
177430866.96800002,2873637.0999999903,2361942.800000011
177430868.96800002,2873637.1999999904,2361942.800000011
177430870.96800002,2873637.1999999904,2361942.800000011
177430872.96800002,2873637.1999999904,2361942.800000011
177430874.96800002,2873637.1999999904,2361942.800000011
177430876.96800002,2873637.1999999904,2361942.800000011
177430878.96800002,2873637.1999999904,2361942.800000011
177430880.96800002,2873637.1999999904,2361942.800000011
177430882.96800002,2873637.1999999904,2361942.800000011
177430884.96800002,2873637.1999999904,2361942.800000011
177430886.96800002,2873637.1999999904,2361942.800000011
177430888.96800002,2873637.1999999904,2361942.900000011
177430890.96800002,2873637.1999999904,2361942.900000011
177430892.96800002,2873637.1999999904,2361942.900000011
177430894.96800002,2873637.1999999904,2361942.900000011
177430896.96800002,2873637.1999999904,2361942.900000011
177430898.96800002,2873637.1999999904,2361942.900000011
177430900.96800002,2873637.1999999904,2361942.900000011
177430902.96800002,2873637.1999999904,2361942.900000011
177430904.96800002,2873637.1999999904,2361942.900000011
177430906.96800002,2873637.1999999904,2361942.900000011
177430908.96800002,2873637.1999999904,2361942.900000011
177430910.96800002,2873637.1999999904,2361942.900000011
177430912.96800002,2873637.1999999904,2361942.900000011
177430914.96800002,2873637.1999999904,2361942.900000011
177430916.96800002,2873637.1999999904,2361942.900000011
177430918.96800002,2873637.1999999904,2361942.900000011
177430920.96800002,2873637.1999999904,2361942.900000011
177430922.96800002,2873637.1999999904,2361942.900000011
177430924.96800002,2873637.2999999905,2361942.900000011
177430926.96800002,2873637.3999999906,2361942.900000011
177430928.96800002,2873637.3999999906,2361942.900000011
177430930.96800002,2873637.3999999906,2361942.900000011
177430932.96800002,2873637.3999999906,2361942.900000011
177430934.96800002,2873637.3999999906,2361942.900000011
177430936.96800002,2873637.3999999906,2361942.900000011
177430938.96800002,2873637.3999999906,2361942.900000011
177430940.96800002,2873637.3999999906,2361942.900000011
177430942.96800002,2873637.3999999906,2361942.900000011
177430944.96800002,2873637.3999999906,2361942.900000011
177430946.96800002,2873637.3999999906,2361942.900000011
177430948.96800002,2873637.3999999906,2361942.900000011
177430950.96800002,2873637.3999999906,2361942.900000011
177430952.96800002,2873637.3999999906,2361942.900000011
177430954.96800002,2873637.3999999906,2361942.900000011
177430956.96800002,2873637.3999999906,2361942.900000011
177430958.96800002,2873637.3999999906,2361942.900000011
177430960.96800002,2873637.3999999906,2361942.900000011
177430962.96800002,2873637.3999999906,2361942.900000011
177430964.96800002,2873637.3999999906,2361942.900000011
177430966.96800002,2873637.3999999906,2361942.900000011
177430968.96800002,2873637.3999999906,2361942.900000011
177430970.96800002,2873637.3999999906,2361942.900000011
177430972.96800002,2873637.3999999906,2361942.900000011
177430974.96800002,2873637.3999999906,2361942.900000011
177430976.96800002,2873637.3999999906,2361942.900000011
177430978.96800002,2822467.8999999906,2361942.900000011
177430980.96800002,2822467.8999999906,2361942.900000011
177430982.96800002,2822467.8999999906,2361942.900000011
177430984.96800002,2822467.8999999906,2361942.900000011
177430986.96800002,2822467.8999999906,2361942.900000011
177430988.96800002,2822467.8999999906,2361942.900000011
177430990.96800002,2822467.8999999906,2361942.900000011
177430992.96800002,2822467.8999999906,2361942.900000011
177430994.96800002,2822467.8999999906,2361942.900000011
177430996.96800002,2822467.8999999906,2361942.900000011
177430998.96800002,2822467.8999999906,2361942.900000011
177431000.96800002,2822467.8999999906,2361942.900000011
177431003.06800002,2822467.8999999906,2361942.900000011
177431005.06800002,2822467.8999999906,2361942.900000011
177431007.06800002,2822467.8999999906,2361942.700000011
177431009.06800002,2822467.7999999905,2361942.700000011
177431011.06800002,2822467.7999999905,2361942.700000011
177431013.06800002,2822467.7999999905,2361942.700000011
177431015.06800002,2822467.7999999905,2361942.700000011
177431017.06800002,2822467.7999999905,2361942.700000011
177431019.06800002,2822467.7999999905,2361942.700000011
177431021.06800002,2822467.7999999905,2361942.700000011
177431023.06800002,2822467.7999999905,2361942.700000011
177431025.06800002,2822467.7999999905,2361942.800000011
177431027.06800002,2822467.7999999905,2361942.800000011
177431029.06800002,2822467.7999999905,2361942.800000011
177431031.06800002,2822467.7999999905,2361942.800000011
177431033.06800002,2822467.7999999905,2361942.800000011
177431035.06800002,2822467.7999999905,2361942.800000011
177431037.06800002,2822467.7999999905,2361942.800000011
177431039.06800002,2822467.7999999905,2361942.800000011
177431041.06800002,2822467.7999999905,2361942.800000011
177431043.06800002,2822467.7999999905,2361942.800000011
177431045.06800002,2822467.7999999905,2361942.800000011
177431047.06800002,2822467.7999999905,2361942.800000011
177431049.06800002,2822467.7999999905,2361942.800000011
177431051.06800002,2822467.7999999905,2361942.800000011
177431053.06800002,2822467.7999999905,2361942.800000011
177431055.06800002,2822467.7999999905,2361942.800000011
177431057.06800002,2822467.7999999905,2361942.800000011
177431059.06800002,2822467.7999999905,2361942.800000011
177431061.06800002,2822467.6999999904,2361942.800000011
177431063.06800002,2822467.6999999904,2361942.800000011
177431065.06800002,2822467.6999999904,2361942.800000011
177431067.06800002,2822467.6999999904,2361942.800000011
177431069.06800002,2822467.6999999904,2361942.800000011
177431071.06800002,2822467.6999999904,2361942.800000011
177431073.06800002,2822467.6999999904,2361942.800000011
177431075.06800002,2822467.6999999904,2361942.800000011
177431077.06800002,2822467.6999999904,2361942.800000011
177431079.06800002,2822467.6999999904,2361942.800000011
177431081.06800002,2822467.6999999904,2361942.900000011
177431083.06800002,2822467.6999999904,2361942.900000011
177431085.06800002,2822467.6999999904,2361942.900000011
177431087.06800002,2822467.6999999904,2361942.900000011
177431089.06800002,2822467.6999999904,2361942.900000011
177431091.06800002,2822467.6999999904,2361942.900000011
177431093.06800002,2822467.6999999904,2361942.900000011
177431095.06800002,2822467.6999999904,2361942.900000011
177431097.06800002,2822467.6999999904,2361942.900000011
177431099.06800002,2822467.6999999904,2361942.900000011
177431101.06800002,2822467.6999999904,2361942.900000011
177431103.06800002,2822467.7999999905,2361942.800000011
177431105.06800002,2822467.7999999905,2361942.800000011
177431107.06800002,2822467.7999999905,2361942.800000011
177431109.06800002,2822467.7999999905,2361942.800000011
177431111.06800002,2822467.7999999905,2361942.800000011
177431113.06800002,2822467.7999999905,2361942.900000011
177431115.06800002,2822467.7999999905,2361942.900000011
177431117.06800002,2822467.7999999905,2361942.900000011
177431119.06800002,2822467.7999999905,2361942.900000011
177431121.06800002,2822467.7999999905,2361942.900000011
177431123.06800002,2822467.7999999905,2361942.900000011
177431125.06800002,2822467.7999999905,2361942.900000011
177431127.06800002,2822467.7999999905,2361942.900000011
177431129.06800002,2822467.7999999905,2361942.900000011
177431131.06800002,2822467.8999999906,2361942.900000011
177431133.06800002,2822467.8999999906,2361942.900000011
177431135.06800002,2822467.8999999906,2361942.900000011
177431137.06800002,2822467.8999999906,2361942.900000011
177431139.06800002,2822467.8999999906,2361942.800000011
177431141.06800002,2822467.8999999906,2361942.900000011
177431143.06800002,2822467.8999999906,2361942.900000011
177431145.06800002,2822467.8999999906,2361942.900000011
177431147.06800002,2822467.8999999906,2361942.900000011
177431149.06800002,2822467.8999999906,2361942.900000011
177431151.06800002,2822467.8999999906,2361942.900000011
177431153.06800002,2822467.8999999906,2361942.900000011
177431155.06800002,2822467.8999999906,2361942.900000011
177431157.06800002,2822467.8999999906,2361942.900000011
177431159.06800002,2822467.8999999906,2361942.900000011
177431161.06800002,2822467.8999999906,2361942.900000011
177431163.06800002,2822467.8999999906,2361942.900000011
177431165.06800002,2822467.8999999906,2361942.900000011
177431167.06800002,2822467.8999999906,2361942.900000011
177431169.06800002,2822467.8999999906,2361942.900000011
177431171.06800002,2822467.8999999906,2361942.900000011
177431173.06800002,2822467.8999999906,2361942.900000011
177431175.06800002,2822467.8999999906,2361942.900000011
177431177.06800002,2822467.8999999906,2361942.900000011
177431179.06800002,2822467.8999999906,2361942.900000011
177431181.06800002,2822467.8999999906,2361942.900000011
177431183.06800002,2822467.8999999906,2361942.900000011
177431185.06800002,2822467.8999999906,2361942.900000011
177431187.06800002,2822467.8999999906,2361942.900000011
177431189.06800002,2822467.8999999906,2361942.900000011
177431191.06800002,2822467.8999999906,2361942.900000011
177431193.06800002,2822467.8999999906,2361942.900000011
177431195.06800002,2822467.8999999906,2361942.900000011
177431197.06800002,2822467.8999999906,2361942.900000011
177431199.06800002,2822467.8999999906,2361942.900000011
177431201.06800002,2822467.8999999906,2361942.900000011
177431203.06800002,2822467.8999999906,2361942.900000011
177431205.06800002,2822467.8999999906,2361942.900000011
177431207.06800002,2822467.8999999906,2361942.900000011
177431209.06800002,2873637.3999999906,2361942.900000011
177431211.06800002,2873637.3999999906,2361942.900000011
177431213.06800002,2873637.3999999906,2361942.900000011
177431215.06800002,2873637.3999999906,2361942.900000011
177431217.06800002,2873637.3999999906,2361942.900000011
177431219.06800002,2873637.3999999906,2361942.900000011
177431221.06800002,2873637.6999999904,2361942.900000011
177431223.06800002,2873637.6999999904,2361942.900000011
177431225.06800002,2873637.6999999904,2361942.900000011
177431227.06800002,2873637.6999999904,2361942.900000011
177431229.06800002,2873637.6999999904,2361942.900000011
177431231.06800002,2873637.5999999903,2361942.900000011
177431233.06800002,2873637.5999999903,2361942.900000011
177431235.06800002,2873637.5999999903,2361942.900000011
177431237.06800002,2873637.5999999903,2361942.900000011
177431239.06800002,2873637.5999999903,2361942.900000011
177431241.06800002,2873637.5999999903,2361942.900000011
177431243.06800002,2873637.5999999903,2361942.900000011
177431245.06800002,2873637.5999999903,2361942.900000011
177431247.06800002,2873637.5999999903,2361942.900000011
177431249.06800002,2873637.49999999,2361942.900000011
177431251.06800002,2873637.49999999,2361942.900000011
177431253.06800002,2873637.5999999903,2361942.900000011
177431255.06800002,2873637.49999999,2361942.900000011
177431257.06800002,2873637.49999999,2361942.900000011
177431259.06800002,2873637.49999999,2361942.900000011
177431261.06800002,2873637.49999999,2361942.900000011
177431263.06800002,2873637.49999999,2361942.900000011
177431265.06800002,2873637.39999999,2361942.900000011
177431267.06800002,2873637.39999999,2361942.900000011
177431269.06800002,2873637.39999999,2361942.900000011
177431271.06800002,2873637.39999999,2361942.900000011
177431273.06800002,2873637.29999999,2361942.900000011
177431275.06800002,2873637.29999999,2361942.900000011
177431277.06800002,2873637.29999999,2361942.900000011
177431279.06800002,2873637.29999999,2361942.900000011
177431281.06800002,2873637.29999999,2361942.900000011
177431283.06800002,2873637.29999999,2361942.900000011
177431285.06800002,2873637.29999999,2361942.900000011
177431287.06800002,2873637.29999999,2361942.900000011
177431289.06800002,2873637.29999999,2361942.900000011
177431291.06800002,2873637.29999999,2361942.900000011
177431293.06800002,2873637.29999999,2361942.900000011
177431295.06800002,2873637.29999999,2361942.900000011
177431297.06800002,2873637.29999999,2361942.900000011
177431299.06800002,2873637.29999999,2361942.900000011
177431301.06800002,2873637.19999999,2361942.900000011
177431303.06800002,2873637.09999999,2361942.900000011
177431305.06800002,2873637.09999999,2361942.900000011
177431307.06800002,2873637.09999999,2361942.900000011
177431309.06800002,2873637.09999999,2361942.900000011
177431311.06800002,2873637.09999999,2361942.900000011
177431313.06800002,2873637.09999999,2361942.900000011
177431315.06800002,2873637.09999999,2361942.900000011
177431317.06800002,2873637.09999999,2361942.900000011
177431319.06800002,2873637.09999999,2361942.900000011
177431321.06800002,2873637.09999999,2361942.900000011
177431323.06800002,2873637.09999999,2361942.900000011
177431325.06800002,2873637.09999999,2361942.900000011
177431327.06800002,2873637.09999999,2361942.900000011
177431329.06800002,2873637.09999999,2361942.900000011
177431331.06800002,2873637.09999999,2361942.900000011
177431333.06800002,2873637.09999999,2361942.900000011
177431335.06800002,2873637.09999999,2361942.900000011
177431337.06800002,2873637.09999999,2361942.900000011
177431339.06800002,2873637.09999999,2361942.900000011
177431341.06800002,2873637.09999999,2361942.900000011
177431343.06800002,2873637.09999999,2361942.900000011
177431345.06800002,2873637.09999999,2361942.900000011
177431347.06800002,2873636.9999999898,2361942.900000011
177431349.06800002,2873636.9999999898,2361942.900000011
177431351.06800002,2873636.9999999898,2361942.900000011
177431353.06800002,2873636.8999999897,2361942.900000011
177431355.06800002,2873636.8999999897,2361942.900000011
177431357.06800002,2873636.8999999897,2361942.900000011
177431359.06800002,2873636.7999999896,2361942.900000011
177431361.06800002,2873636.7999999896,2361942.900000011
177431363.06800002,2873636.7999999896,2361942.900000011
177431365.06800002,2873636.6999999895,2361942.900000011
177431367.06800002,2873636.6999999895,2361942.900000011
177431369.06800002,2873636.6999999895,2361942.900000011
177431371.06800002,2873636.6999999895,2361942.900000011
177431373.06800002,2873636.6999999895,2361942.900000011
177431375.06800002,2873636.6999999895,2361942.900000011
177431377.06800002,2873636.6999999895,2361942.900000011
177431379.06800002,2873636.6999999895,2361942.900000011
177431381.06800002,2873636.6999999895,2361942.900000011
177431383.06800002,2873636.6999999895,2361942.900000011
177431385.06800002,2873636.6999999895,2361942.900000011
177431387.06800002,2873636.6999999895,2361942.900000011
177431389.06800002,2873636.6999999895,2361942.900000011
177431391.06800002,2873636.6999999895,2361942.900000011
177431393.06800002,2873636.6999999895,2361942.900000011
177431395.06800002,2873636.6999999895,2361942.900000011
177431397.06800002,2873636.6999999895,2361942.900000011
177431399.06800002,2873636.5999999894,2361942.800000011
177431401.06800002,2873636.4999999893,2361942.800000011
177431403.06800002,2873636.4999999893,2361942.800000011
177431405.06800002,2873636.4999999893,2361942.800000011
177431407.06800002,2873636.399999989,2361942.800000011
177431409.06800002,2873636.5999999894,2361942.800000011
177431411.06800002,2873636.5999999894,2361942.800000011
177431413.06800002,2873636.5999999894,2361942.800000011
177431415.06800002,2873636.5999999894,2361942.800000011
177431417.06800002,2873636.5999999894,2361942.800000011
177431419.06800002,2873636.5999999894,2361942.800000011
177431421.06800002,2873636.5999999894,2361942.800000011
177431423.06800002,2873636.5999999894,2361942.800000011
177431425.06800002,2873636.5999999894,2361942.800000011
177431427.06800002,2873636.5999999894,2361942.800000011
177431429.06800002,2873636.5999999894,2361942.800000011
177431431.06800002,2873636.5999999894,2361942.800000011
177431433.06800002,2873636.5999999894,2361942.800000011
177431435.06800002,2873636.5999999894,2361942.800000011
177431437.06800002,2873636.5999999894,2361942.800000011
177431439.06800002,2873636.5999999894,2361942.800000011
177431441.06800002,2873636.5999999894,2361942.800000011
177431443.168,2873636.5999999894,2361942.800000011
177431445.06800002,2873636.5999999894,2361942.800000011
177431447.06800002,2873636.5999999894,2361942.800000011
177431449.06800002,2873636.5999999894,2361942.800000011
177431451.06800002,2873636.5999999894,2361942.800000011
177431453.06800002,2873636.5999999894,2361942.800000011
177431455.06800002,2873636.7999999896,2361942.800000011
177431457.06800002,2873636.7999999896,2361942.800000011
177431459.06800002,2873636.7999999896,2361942.800000011
177431461.06800002,2873636.7999999896,2361942.800000011
177431463.06800002,2873636.7999999896,2361942.800000011
177431465.06800002,2873636.7999999896,2361942.800000011
177431467.06800002,2873636.7999999896,2361942.800000011
177431469.06800002,2873636.7999999896,2361942.800000011
177431471.06800002,2873636.7999999896,2361942.800000011
177431473.06800002,2873636.7999999896,2361942.800000011
177431475.06800002,2873636.7999999896,2361942.800000011
177431477.06800002,2873636.7999999896,2361942.800000011
177431479.06800002,2873636.7999999896,2361942.800000011
177431481.06800002,2873636.7999999896,2361942.800000011
177431483.06800002,2873636.7999999896,2361942.800000011
177431485.06800002,2873636.7999999896,2361942.800000011
177431487.06800002,2873636.7999999896,2361942.800000011
177431489.06800002,2873636.7999999896,2361942.800000011
177431491.06800002,2873636.7999999896,2361942.800000011
177431493.06800002,2873636.7999999896,2361942.800000011
177431495.06800002,2873636.7999999896,2361942.800000011
177431497.06800002,2873636.7999999896,2361942.800000011
177431499.06800002,2873636.7999999896,2361942.800000011
177431501.06800002,2873636.7999999896,2361942.800000011
177431503.06800002,2873636.7999999896,2361942.800000011
177431505.06800002,2873636.7999999896,2361942.800000011
177431507.06800002,2873636.7999999896,2361942.800000011
177431509.06800002,2873636.7999999896,2361942.800000011
177431511.06800002,2873636.6999999895,2361942.800000011
177431513.06800002,2873636.6999999895,2361942.800000011
177431515.06800002,2873636.6999999895,2361942.800000011
177431517.06800002,2873636.6999999895,2361942.800000011
177431519.06800002,2873636.6999999895,2361942.700000011
177431521.06800002,2873636.6999999895,2361942.700000011
177431523.06800002,2873636.6999999895,2361942.700000011
177431525.06800002,2873636.6999999895,2361942.700000011
177431527.06800002,2873636.6999999895,2361942.700000011
177431529.06800002,2873636.6999999895,2361942.700000011
177431531.06800002,2873636.6999999895,2361942.700000011
177431533.06800002,2873636.6999999895,2361942.700000011
177431535.06800002,2873636.6999999895,2361942.700000011
177431537.06800002,2873636.6999999895,2361942.700000011
177431539.06800002,2873636.6999999895,2361942.700000011
177431541.06800002,2873636.6999999895,2361942.700000011
177431543.06800002,2873636.6999999895,2361942.700000011
177431545.06800002,2873636.6999999895,2361942.700000011
177431547.06800002,2873636.6999999895,2361942.700000011
177431549.06800002,2873636.6999999895,2361942.700000011
177431551.06800002,2873636.6999999895,2361942.700000011
177431553.06800002,2873636.6999999895,2361942.700000011
177431555.06800002,2873636.6999999895,2361942.700000011
177431557.06800002,2873636.6999999895,2361942.700000011
177431559.06800002,2873636.6999999895,2361942.700000011
177431561.06800002,2873636.6999999895,2361942.700000011
177431563.06800002,2873636.6999999895,2361942.700000011
177431565.06800002,2873636.6999999895,2361942.700000011
177431567.06800002,2873636.6999999895,2361942.700000011
177431569.06800002,2873636.6999999895,2361942.700000011
177431571.06800002,2873636.6999999895,2361942.700000011
177431573.06800002,2873636.6999999895,2361942.700000011
177431575.06800002,2873636.6999999895,2361942.700000011
177431577.06800002,2873636.6999999895,2361942.700000011
177431579.06800002,2873636.6999999895,2361942.700000011
177431581.06800002,2873636.6999999895,2361942.700000011
177431583.06800002,2873636.6999999895,2361942.700000011
177431585.06800002,2873636.6999999895,2361942.700000011
177431587.06800002,2873636.6999999895,2361942.700000011
177431589.06800002,2873636.6999999895,2361942.700000011
177431591.06800002,2873636.6999999895,2361942.700000011
177431593.06800002,2873636.6999999895,2361942.700000011
177431595.06800002,2873636.6999999895,2361942.700000011
177431597.06800002,2873636.9999999893,2361942.700000011
177431599.06800002,2873636.9999999893,2361942.700000011
177431601.06800002,2873636.9999999893,2361942.700000011
177431603.06800002,2873636.9999999893,2361942.700000011
177431605.06800002,2873636.9999999893,2361942.700000011
177431607.06800002,2873636.9999999893,2361942.700000011
177431609.06800002,2873636.9999999893,2361942.700000011
177431611.06800002,2873636.9999999893,2361942.700000011
177431613.06800002,2873636.9999999893,2361942.700000011
177431615.06800002,2873636.9999999893,2361942.700000011
177431617.06800002,2873636.9999999893,2361942.700000011
177431619.06800002,2873636.9999999893,2361942.700000011
177431621.06800002,2873636.9999999893,2361942.700000011
177431623.06800002,2873636.9999999893,2361942.700000011
177431625.06800002,2873636.9999999893,2361942.700000011
177431627.06800002,2873636.9999999893,2361942.700000011
177431629.06800002,2873636.9999999893,2361942.700000011
177431631.06800002,2873636.9999999893,2361942.700000011
177431633.06800002,2873636.9999999893,2361942.700000011
177431635.06800002,2873636.9999999893,2361942.700000011
177431637.06800002,2873636.9999999893,2361942.700000011
177431639.06800002,2873636.9999999893,2361942.700000011
177431641.06800002,2873636.9999999893,2361942.700000011
177431643.06800002,2873636.9999999893,2361942.700000011
177431645.06800002,2873636.9999999893,2361942.700000011
177431647.06800002,2873636.9999999893,2361942.700000011
177431649.06800002,2873636.9999999893,2361942.700000011
177431651.06800002,2873636.9999999893,2361942.700000011
177431653.06800002,2873636.9999999893,2361942.700000011
177431655.06800002,2873636.9999999893,2361942.700000011
177431657.06800002,2873636.9999999893,2361942.700000011
177431659.06800002,2873636.9999999893,2361942.700000011
177431661.06800002,2873636.9999999893,2361942.700000011
177431663.168,2873636.9999999893,2361942.700000011
177431665.06800002,2873636.9999999893,2361942.700000011
177431667.06800002,2873636.9999999893,2361942.700000011
177431669.06800002,2873636.9999999893,2361942.700000011
177431671.06800002,2873636.9999999893,2361942.700000011
177431673.06800002,2873636.9999999893,2361942.700000011
177431675.06800002,2873636.9999999893,2361942.700000011
177431677.06800002,2873636.9999999893,2361942.700000011
177431679.06800002,2873636.899999989,2361942.700000011
177431681.06800002,2873636.799999989,2361942.700000011
177431683.06800002,2873636.799999989,2361942.700000011
177431685.06800002,2873636.799999989,2361942.700000011
177431687.06800002,2873636.799999989,2361942.700000011
177431689.06800002,2873636.799999989,2361942.700000011
177431691.06800002,2873636.799999989,2361942.700000011
177431693.06800002,2873636.799999989,2361942.700000011
177431695.06800002,2873636.799999989,2361942.700000011
177431697.06800002,2873636.799999989,2361942.700000011
177431699.06800002,2873636.799999989,2361942.700000011
177431701.06800002,2873636.799999989,2361942.700000011
177431703.06800002,2873636.799999989,2361942.700000011
177431705.06800002,2873636.799999989,2361942.700000011
177431707.06800002,2873636.799999989,2361942.700000011
177431709.06800002,2873636.799999989,2361942.700000011
177431711.06800002,2873636.799999989,2361942.700000011
177431713.06800002,2873636.799999989,2361942.800000011
177431715.06800002,2873636.799999989,2361942.800000011
177431717.06800002,2873636.699999989,2361942.800000011
177431719.06800002,2873636.699999989,2361942.800000011
177431721.06800002,2873636.699999989,2361942.800000011
177431723.06800002,2873636.799999989,2361942.800000011
177431725.06800002,2873636.799999989,2361942.800000011
177431727.06800002,2873636.699999989,2361942.800000011
177431729.06800002,2873636.699999989,2361942.800000011
177431731.06800002,2873636.699999989,2361942.800000011
177431733.06800002,2873636.699999989,2361942.800000011
177431735.06800002,2873636.699999989,2361942.800000011
177431737.06800002,2873636.699999989,2361942.800000011
177431739.06800002,2873636.699999989,2361942.800000011
177431741.06800002,2873636.699999989,2361942.800000011
177431743.06800002,2873636.699999989,2361942.800000011
177431745.06800002,2873636.699999989,2361942.800000011
177431747.06800002,2873636.699999989,2361942.800000011
177431749.06800002,2873636.699999989,2361942.800000011
177431751.06800002,2873636.699999989,2361942.800000011
177431753.06800002,2873636.699999989,2361942.800000011
177431755.06800002,2873636.699999989,2361942.800000011
177431757.06800002,2873636.699999989,2361942.800000011
177431759.06800002,2873636.699999989,2361942.800000011
177431761.06800002,2873636.699999989,2361942.800000011
177431763.06800002,2873636.699999989,2361942.800000011
177431765.06800002,2873636.699999989,2361942.800000011
177431767.06800002,2873636.799999989,2361942.800000011
177431769.06800002,2873636.799999989,2361942.800000011
177431771.06800002,2873636.799999989,2361942.800000011
177431773.06800002,2873636.799999989,2361942.800000011
177431775.06800002,2873636.799999989,2361942.800000011
177431777.06800002,2873636.799999989,2361942.800000011
177431779.06800002,2873636.699999989,2361942.800000011
177431781.06800002,2873636.699999989,2361942.800000011
177431783.06800002,2873636.699999989,2361942.800000011
177431785.06800002,2873636.699999989,2361942.800000011
177431787.06800002,2873636.799999989,2361942.800000011
177431789.06800002,2873636.799999989,2361942.800000011
177431791.06800002,2873636.799999989,2361942.800000011
177431793.06800002,2873636.699999989,2361942.800000011
177431795.06800002,2873636.699999989,2361942.800000011
177431797.06800002,2873636.699999989,2361942.800000011
177431799.06800002,2873636.699999989,2361942.800000011
177431801.06800002,2873636.699999989,2361942.800000011
177431803.06800002,2873636.699999989,2361942.800000011
177431805.06800002,2873636.699999989,2361942.800000011
177431807.06800002,2873636.699999989,2361942.800000011
177431809.06800002,2873636.699999989,2361942.800000011
177431811.06800002,2873636.699999989,2361942.800000011
177431813.06800002,2873636.699999989,2361942.800000011
177431815.06800002,2873636.699999989,2361942.800000011
177431817.06800002,2873636.699999989,2361942.800000011
177431819.06800002,2873636.699999989,2361942.800000011
177431821.06800002,2873636.699999989,2361942.800000011
177431823.06800002,2873636.599999989,2361942.800000011
177431825.06800002,2873636.599999989,2361942.800000011
177431827.06800002,2873636.599999989,2361942.800000011
177431829.06800002,2873636.599999989,2361942.800000011
177431831.06800002,2873636.599999989,2361942.800000011
177431833.06800002,2873636.599999989,2361942.800000011
177431835.06800002,2873636.499999989,2361942.800000011
177431837.06800002,2873636.499999989,2361942.800000011
177431839.06800002,2873636.499999989,2361942.800000011
177431841.06800002,2873636.499999989,2361942.800000011
177431843.06800002,2873636.3999999887,2361942.800000011
177431845.06800002,2873636.2999999886,2361942.800000011
177431847.06800002,2873636.2999999886,2361942.800000011
177431849.06800002,2873636.2999999886,2361942.800000011
177431851.06800002,2873636.2999999886,2361942.800000011
177431853.06800002,2873636.2999999886,2361942.800000011
177431855.06800002,2873636.2999999886,2361942.800000011
177431857.06800002,2873636.2999999886,2361942.800000011
177431859.06800002,2873636.2999999886,2361942.800000011
177431861.06800002,2873636.2999999886,2361942.800000011
177431863.06800002,2873636.2999999886,2361942.800000011
177431865.06800002,2873636.2999999886,2361942.800000011
177431867.06800002,2873636.2999999886,2361942.800000011
177431869.06800002,2873636.2999999886,2361942.800000011
177431871.06800002,2873636.2999999886,2361942.800000011
177431873.06800002,2873636.2999999886,2361942.800000011
177431875.06800002,2873636.2999999886,2361942.800000011
177431877.06800002,2873636.2999999886,2361942.800000011
177431879.06800002,2873636.2999999886,2361942.800000011
177431881.06800002,2873636.2999999886,2361942.800000011
177431883.06800002,2873636.2999999886,2361942.800000011
177431885.06800002,2873636.2999999886,2361942.800000011
177431887.06800002,2873636.2999999886,2361942.800000011
177431889.06800002,2873636.2999999886,2361942.800000011
177431891.06800002,2873636.2999999886,2361942.800000011
177431893.06800002,2873636.2999999886,2361942.800000011
177431895.06800002,2873636.2999999886,2361942.800000011
177431897.06800002,2873636.1999999885,2361942.800000011
177431899.06800002,2873636.1999999885,2361942.800000011
177431901.06800002,2873636.1999999885,2361942.800000011
177431903.06800002,2873636.1999999885,2361942.800000011
177431905.06800002,2873636.0999999885,2361942.800000011
177431907.06800002,2873636.0999999885,2361942.800000011
177431909.06800002,2873636.0999999885,2361942.800000011
177431911.06800002,2873636.0999999885,2361942.800000011
177431913.06800002,2873636.0999999885,2361942.800000011
177431915.06800002,2873636.0999999885,2361942.800000011
177431917.06800002,2873636.0999999885,2361942.900000011
177431919.06800002,2873635.9999999884,2361942.900000011
177431921.06800002,2873635.9999999884,2361942.900000011
177431923.06800002,2873635.8999999883,2361942.900000011
177431925.06800002,2873635.8999999883,2361942.900000011
177431927.06800002,2873635.8999999883,2361942.900000011
177431929.06800002,2873635.8999999883,2361942.900000011
177431931.06800002,2873635.8999999883,2361942.900000011
177431933.06800002,2873635.8999999883,2361942.900000011
177431935.06800002,2873635.8999999883,2361942.700000011
177431937.06800002,2873635.8999999883,2361942.700000011
177431939.06800002,2873635.8999999883,2361942.700000011
177431941.06800002,2873635.8999999883,2361942.700000011
177431943.06800002,2873635.8999999883,2361942.700000011
177431945.06800002,2873635.799999988,2361942.700000011
177431947.06800002,2873635.799999988,2361942.700000011
177431949.06800002,2873635.799999988,2361942.700000011
177431951.06800002,2873635.799999988,2361942.700000011
177431953.06800002,2873635.699999988,2361942.700000011
177431955.06800002,2873635.699999988,2361942.700000011
177431957.06800002,2873635.699999988,2361942.700000011
177431959.06800002,2873635.599999988,2361942.700000011
177431961.06800002,2873635.599999988,2361942.700000011
177431963.06800002,2873635.599999988,2361942.700000011
177431965.06800002,2873635.599999988,2361942.700000011
177431967.06800002,2873635.599999988,2361942.700000011
177431969.06800002,2873635.599999988,2361942.700000011
177431971.06800002,2873635.599999988,2361942.700000011
177431973.06800002,2873635.599999988,2361942.700000011
177431975.06800002,2873635.599999988,2361942.700000011
177431977.06800002,2873635.599999988,2361942.700000011
177431979.06800002,2873635.599999988,2361942.700000011
177431981.06800002,2873635.599999988,2361942.700000011
177431983.06800002,2873635.599999988,2361942.700000011
177431985.06800002,2873635.599999988,2361942.700000011
177431987.06800002,2873635.599999988,2361942.700000011
177431989.06800002,2873635.599999988,2361942.700000011
177431991.06800002,2873635.599999988,2361942.700000011
177431993.06800002,2873635.599999988,2361942.700000011
177431995.06800002,2873635.599999988,2361942.700000011
177431997.06800002,2873635.499999988,2361942.700000011
177431999.06800002,2873635.399999988,2361942.700000011
177432001.06800002,2873635.399999988,2361942.700000011
177432003.06800002,2873635.399999988,2361942.700000011
177432005.06800002,2873635.399999988,2361942.700000011
177432007.06800002,2873635.399999988,2361942.700000011
177432009.06800002,2873635.399999988,2361942.700000011
177432011.06800002,2873635.399999988,2361942.700000011
177432013.06800002,2873635.399999988,2361942.700000011
177432015.06800002,2873635.399999988,2361942.700000011
177432017.06800002,2873635.399999988,2361942.700000011
177432019.06800002,2873635.399999988,2361942.700000011
177432021.06800002,2873635.399999988,2361942.700000011
177432023.06800002,2873635.399999988,2361942.700000011
177432025.06800002,2873635.399999988,2361942.700000011
177432027.06800002,2873635.399999988,2361942.700000011
177432029.06800002,2873635.399999988,2361942.700000011
177432031.06800002,2873635.399999988,2361942.700000011
177432033.06800002,2873635.399999988,2361942.700000011
177432035.06800002,2873635.399999988,2361942.700000011
177432037.06800002,2873635.399999988,2361942.700000011
177432039.06800002,2873635.399999988,2361942.700000011
177432041.06800002,2873635.399999988,2361942.700000011
177432043.06800002,2873635.2999999877,2361942.700000011
177432045.06800002,2873635.1999999876,2361942.700000011
177432047.06800002,2873635.1999999876,2361942.700000011
177432049.06800002,2873635.1999999876,2361942.700000011
177432051.06800002,2873635.1999999876,2361942.700000011
177432053.06800002,2873635.1999999876,2361942.700000011
177432055.06800002,2873635.1999999876,2361942.700000011
177432057.06800002,2873635.1999999876,2361942.700000011
177432059.06800002,2873635.1999999876,2361942.700000011
177432061.06800002,2873635.1999999876,2361942.700000011
177432063.06800002,2873635.1999999876,2361942.700000011
177432065.06800002,2873635.1999999876,2361942.700000011
177432067.06800002,2873635.1999999876,2361942.700000011
177432069.06800002,2873635.1999999876,2361942.700000011
177432071.06800002,2873635.1999999876,2361942.700000011
177432073.06800002,2873635.1999999876,2361942.700000011
177432075.06800002,2873635.1999999876,2361942.700000011
177432077.06800002,2873635.1999999876,2361942.700000011
177432079.06800002,2873635.1999999876,2361942.700000011
177432081.06800002,2873635.1999999876,2361942.700000011
177432083.06800002,2873635.0999999875,2361942.700000011
177432085.06800002,2873635.0999999875,2361942.700000011
177432087.06800002,2873635.0999999875,2361942.700000011
177432089.06800002,2873635.0999999875,2361942.700000011
177432091.06800002,2873635.0999999875,2361942.700000011
177432093.06800002,2873635.0999999875,2361942.700000011
177432095.06800002,2873635.0999999875,2361942.700000011
177432097.06800002,2873634.9999999874,2361942.700000011
177432099.06800002,2873634.9999999874,2361942.700000011
177432101.06800002,2873634.9999999874,2361942.700000011
177432103.06800002,2873634.9999999874,2361942.700000011
177432105.06800002,2873634.9999999874,2361942.700000011
177432107.06800002,2873634.9999999874,2361942.700000011
177432109.06800002,2873634.9999999874,2361942.700000011
177432111.06800002,2873634.8999999873,2361942.700000011
177432113.06800002,2873634.8999999873,2361942.700000011
177432115.06800002,2873634.8999999873,2361942.700000011
177432117.06800002,2873634.8999999873,2361942.700000011
177432119.06800002,2873634.8999999873,2361942.700000011
177432121.06800002,2873634.8999999873,2361942.700000011
177432123.06800002,2873634.8999999873,2361942.700000011
177432125.06800002,2873634.8999999873,2361942.700000011
177432127.06800002,2873634.8999999873,2361942.700000011
177432129.06800002,2873634.8999999873,2361942.700000011
177432131.06800002,2873634.8999999873,2361942.700000011
177432133.06800002,2873634.8999999873,2361942.700000011
177432135.06800002,2873634.7999999872,2361942.700000011
177432137.06800002,2873634.7999999872,2361942.700000011
177432139.06800002,2873634.7999999872,2361942.700000011
177432141.06800002,2873634.7999999872,2361942.700000011
177432143.06800002,2873634.7999999872,2361942.700000011
177432145.06800002,2873634.7999999872,2361942.700000011
177432147.06800002,2873634.7999999872,2361942.700000011
177432149.06800002,2873634.8999999873,2361942.700000011
177432151.06800002,2873634.8999999873,2361942.700000011
177432153.06800002,2873634.8999999873,2361942.700000011
177432155.06800002,2873634.8999999873,2361942.700000011
177432157.06800002,2873634.8999999873,2361942.700000011
177432159.06800002,2873634.8999999873,2361942.700000011
177432161.06800002,2873634.8999999873,2361942.700000011
177432163.06800002,2873634.8999999873,2361942.700000011
177432165.06800002,2873634.8999999873,2361942.700000011
177432167.06800002,2873634.8999999873,2361942.700000011
177432169.06800002,2873634.8999999873,2361942.700000011
177432171.06800002,2873634.8999999873,2361942.700000011
177432173.06800002,2873634.8999999873,2361942.700000011
177432175.06800002,2873634.8999999873,2361942.700000011
177432177.06800002,2873634.7999999872,2361942.700000011
177432179.06800002,2873634.7999999872,2361942.700000011
177432181.06800002,2873634.7999999872,2361942.700000011
177432183.06800002,2873634.7999999872,2361942.700000011
177432185.06800002,2873634.7999999872,2361942.700000011
177432187.06800002,2873634.7999999872,2361942.700000011
177432189.06800002,2873634.7999999872,2361942.700000011
177432191.06800002,2873634.7999999872,2361942.700000011
177432193.06800002,2873634.7999999872,2361942.700000011
177432195.06800002,2873634.7999999872,2361942.700000011
177432197.06800002,2873634.7999999872,2361942.700000011
177432199.06800002,2873634.7999999872,2361942.700000011
177432201.06800002,2873634.7999999872,2361942.700000011
177432203.06800002,2873634.7999999872,2361942.700000011
177432205.06800002,2873634.7999999872,2361942.700000011
177432207.06800002,2873634.7999999872,2361942.700000011
177432209.06800002,2873634.699999987,2361942.700000011
177432211.06800002,2873634.699999987,2361942.700000011
177432213.06800002,2873634.699999987,2361942.700000011
177432215.06800002,2873634.699999987,2361942.700000011
177432217.06800002,2873634.699999987,2361942.700000011
177432219.06800002,2873634.599999987,2361942.700000011
177432221.06800002,2873634.599999987,2361942.700000011
177432223.06800002,2873634.599999987,2361942.700000011
177432225.06800002,2873634.599999987,2361942.800000011
177432227.06800002,2873634.599999987,2361942.800000011
177432229.06800002,2873634.599999987,2361942.800000011
177432231.06800002,2873634.599999987,2361942.800000011
177432233.06800002,2873634.599999987,2361942.800000011
177432235.06800002,2873634.599999987,2361942.800000011
177432237.06800002,2873634.599999987,2361942.900000011
177432239.06800002,2873634.599999987,2361942.900000011
177432241.06800002,2873634.599999987,2361942.900000011
177432243.06800002,2873634.599999987,2361942.900000011
177432245.06800002,2873634.599999987,2361942.900000011
177432247.06800002,2873634.599999987,2361943.000000011
177432249.06800002,2873634.599999987,2361943.000000011
177432251.06800002,2873634.599999987,2361943.000000011
177432253.06800002,2873634.599999987,2361943.000000011
177432255.06800002,2873634.599999987,2361943.000000011
177432257.06800002,2873634.599999987,2361943.000000011
177432259.06800002,2873634.499999987,2361943.000000011
177432261.06800002,2873634.499999987,2361943.000000011
177432263.06800002,2873634.499999987,2361943.000000011
177432265.06800002,2873634.499999987,2361943.000000011
177432267.06800002,2873634.499999987,2361943.000000011
177432269.06800002,2873634.499999987,2361943.000000011
177432271.06800002,2873634.499999987,2361943.000000011
177432273.06800002,2873634.499999987,2361943.000000011
177432275.06800002,2873634.499999987,2361943.000000011
177432277.06800002,2873634.499999987,2361943.000000011
177432279.06800002,2873634.499999987,2361943.000000011
177432281.06800002,2873634.499999987,2361943.000000011
177432283.06800002,2873634.499999987,2361943.000000011
177432285.06800002,2873634.499999987,2361943.000000011
177432287.06800002,2873634.499999987,2361943.000000011
177432289.06800002,2873634.499999987,2361943.000000011
177432291.06800002,2873634.499999987,2361943.000000011
177432293.06800002,2873634.499999987,2361943.000000011
177432295.06800002,2873634.499999987,2361943.000000011
177432297.06800002,2873634.499999987,2361943.000000011
177432299.06800002,2873634.499999987,2361943.000000011
177432301.06800002,2873634.499999987,2361943.000000011
177432303.06800002,2873634.499999987,2361943.000000011
177432305.06800002,2873634.499999987,2361943.000000011
177432307.06800002,2873634.399999987,2361943.000000011
177432309.06800002,2873634.399999987,2361943.000000011
177432311.06800002,2873634.399999987,2361943.000000011
177432313.06800002,2873634.399999987,2361943.000000011
177432315.06800002,2873634.399999987,2361943.000000011
177432317.06800002,2873634.399999987,2361943.000000011
177432319.06800002,2873634.399999987,2361943.000000011
177432321.06800002,2873634.399999987,2361943.000000011
177432323.06800002,2873634.399999987,2361943.000000011
177432325.06800002,2873634.399999987,2361943.000000011
177432327.06800002,2873634.399999987,2361943.000000011
177432329.06800002,2873634.399999987,2361943.000000011
177432331.06800002,2873634.399999987,2361943.000000011
177432333.06800002,2873634.399999987,2361943.000000011
177432335.06800002,2873634.399999987,2361943.000000011
177432337.06800002,2873634.399999987,2361943.000000011
177432339.06800002,2873634.399999987,2361943.000000011
177432341.06800002,2873634.399999987,2361943.000000011
177432343.06800002,2873634.399999987,2361943.000000011
177432345.06800002,2822465.299999987,2361943.000000011
177432347.06800002,2822465.299999987,2361943.000000011
177432349.06800002,2822465.299999987,2361943.000000011
177432351.06800002,2822465.299999987,2361943.000000011
177432353.06800002,2822465.299999987,2361943.000000011
177432355.06800002,2822465.299999987,2361943.000000011
177432357.06800002,2822465.299999987,2361943.000000011
177432359.06800002,2822465.299999987,2361943.000000011
177432361.06800002,2822465.299999987,2361943.000000011
177432363.06800002,2822465.299999987,2361943.000000011
177432365.06800002,2873634.399999987,2361943.000000011
177432367.06800002,2873634.399999987,2361943.000000011
177432369.06800002,2873634.399999987,2361943.000000011
177432371.06800002,2873634.399999987,2361943.000000011
177432373.06800002,2873634.399999987,2361943.000000011
177432375.06800002,2873634.399999987,2361943.000000011
177432377.06800002,2873634.399999987,2361943.000000011
177432379.06800002,2873634.299999987,2361943.000000011
177432381.06800002,2873634.299999987,2361943.000000011
177432383.06800002,2873634.299999987,2361943.1000000113
177432385.06800002,2873634.299999987,2361943.1000000113
177432387.06800002,2873634.299999987,2361943.1000000113
177432389.06800002,2873634.299999987,2361943.1000000113
177432391.06800002,2873634.1999999867,2361943.2000000114
177432393.06800002,2873634.1999999867,2361943.2000000114
177432395.06800002,2873634.1999999867,2361943.2000000114
177432397.06800002,2873634.1999999867,2361943.2000000114
177432399.06800002,2873634.1999999867,2361943.2000000114
177432401.06800002,2873634.1999999867,2361943.2000000114
177432403.06800002,2873634.1999999867,2361943.2000000114
177432405.06800002,2873634.1999999867,2361943.2000000114
177432407.06800002,2873634.1999999867,2361943.2000000114
177432409.06800002,2873634.1999999867,2361943.2000000114
177432411.06800002,2873634.1999999867,2361943.2000000114
177432413.06800002,2873634.1999999867,2361943.2000000114
177432415.06800002,2873634.1999999867,2361943.2000000114
177432417.06800002,2873634.1999999867,2361943.2000000114
177432419.06800002,2873634.1999999867,2361943.2000000114
177432421.06800002,2873634.1999999867,2361943.2000000114
177432423.06800002,2873634.1999999867,2361943.2000000114
177432425.06800002,2873634.1999999867,2361943.2000000114
177432427.06800002,2873634.0999999866,2361943.2000000114
177432429.06800002,2873634.0999999866,2361943.2000000114
177432431.06800002,2873634.0999999866,2361943.3000000115
177432433.06800002,2873634.0999999866,2361943.3000000115
177432435.06800002,2873634.0999999866,2361943.3000000115
177432437.06800002,2873633.9999999865,2361943.3000000115
177432439.06800002,2873633.9999999865,2361943.4000000115
177432441.06800002,2873633.9999999865,2361943.4000000115
177432443.06800002,2873633.9999999865,2361943.4000000115
177432445.06800002,2873633.9999999865,2361943.4000000115
177432447.06800002,2873633.9999999865,2361943.4000000115
177432449.06800002,2873633.9999999865,2361943.4000000115
177432451.06800002,2873633.9999999865,2361943.4000000115
177432453.06800002,2873633.8999999864,2361943.3000000115
177432455.06800002,2873633.8999999864,2361943.3000000115
177432457.06800002,2873633.8999999864,2361943.3000000115
177432459.06800002,2873633.8999999864,2361943.3000000115
177432461.06800002,2873633.7999999863,2361943.3000000115
177432463.06800002,2873633.7999999863,2361943.3000000115
177432465.06800002,2873633.7999999863,2361943.3000000115
177432467.06800002,2873633.7999999863,2361943.3000000115
177432469.06800002,2873633.699999986,2361943.3000000115
177432471.06800002,2873633.699999986,2361943.3000000115
177432473.06800002,2873633.699999986,2361943.3000000115
177432475.06800002,2873633.699999986,2361943.3000000115
177432477.06800002,2873633.699999986,2361943.3000000115
177432479.06800002,2873633.699999986,2361943.3000000115
177432481.06800002,2873633.699999986,2361943.3000000115
177432483.06800002,2873633.599999986,2361943.3000000115
177432485.06800002,2873633.599999986,2361943.3000000115
177432487.06800002,2873633.599999986,2361943.3000000115
177432489.06800002,2873633.599999986,2361943.3000000115
177432491.06800002,2873633.599999986,2361943.3000000115
177432493.06800002,2873633.499999986,2361943.3000000115
177432495.06800002,2873633.499999986,2361943.3000000115
177432497.06800002,2873633.499999986,2361943.3000000115
177432499.06800002,2873633.499999986,2361943.3000000115
177432501.06800002,2873633.499999986,2361943.3000000115
177432503.06800002,2873633.499999986,2361943.3000000115
177432505.06800002,2873633.499999986,2361943.3000000115
177432507.06800002,2873633.499999986,2361943.3000000115
177432509.06800002,2873633.499999986,2361943.3000000115
177432511.06800002,2873633.499999986,2361943.3000000115
177432513.06800002,2873633.499999986,2361943.3000000115
177432515.06800002,2873633.499999986,2361943.3000000115
177432517.06800002,2873633.499999986,2361943.3000000115
177432519.06800002,2873633.499999986,2361943.3000000115
177432521.06800002,2873633.499999986,2361943.3000000115
177432523.06800002,2873633.499999986,2361943.3000000115
177432525.06800002,2873633.499999986,2361943.3000000115
177432527.06800002,2873633.499999986,2361943.3000000115
177432529.06800002,2873633.499999986,2361943.4000000115
177432531.06800002,2873633.499999986,2361943.4000000115
177432533.06800002,2873633.499999986,2361943.5000000116
177432535.06800002,2873633.499999986,2361943.5000000116
177432537.06800002,2873633.499999986,2361943.5000000116
177432539.06800002,2873633.499999986,2361943.5000000116
177432541.06800002,2873633.499999986,2361943.5000000116
177432543.06800002,2873633.499999986,2361943.5000000116
177432545.06800002,2873633.499999986,2361943.5000000116
177432547.06800002,2873633.499999986,2361943.5000000116
177432549.06800002,2873633.599999986,2361943.5000000116
177432551.06800002,2873633.599999986,2361943.5000000116
177432553.06800002,2873633.599999986,2361943.5000000116
177432555.06800002,2873633.599999986,2361943.5000000116
177432557.06800002,2873633.599999986,2361943.6000000117
177432559.06800002,2873633.599999986,2361943.6000000117
177432561.06800002,2873633.599999986,2361943.6000000117
177432563.06800002,2873633.599999986,2361943.6000000117
177432565.06800002,2873633.599999986,2361943.6000000117
177432567.06800002,2873633.599999986,2361943.6000000117
177432569.06800002,2873633.599999986,2361943.6000000117
177432571.06800002,2873633.599999986,2361943.6000000117
177432573.06800002,2873633.599999986,2361943.6000000117
177432575.06800002,2873633.599999986,2361943.6000000117
177432577.06800002,2873633.599999986,2361943.6000000117
177432579.06800002,2873633.599999986,2361943.6000000117
177432581.06800002,2873633.599999986,2361943.6000000117
177432583.06800002,2873633.599999986,2361943.6000000117
177432585.06800002,2873633.599999986,2361943.6000000117
177432587.06800002,2873633.599999986,2361943.6000000117
177432589.06800002,2873633.599999986,2361943.6000000117
177432591.06800002,2873633.599999986,2361943.6000000117
177432593.06800002,2873633.599999986,2361943.6000000117
177432595.06800002,2873633.599999986,2361943.6000000117
177432597.06800002,2873633.599999986,2361943.6000000117
177432599.06800002,2873633.599999986,2361943.6000000117
177432601.06800002,2873633.599999986,2361943.6000000117
177432603.06800002,2873633.599999986,2361943.6000000117
177432605.06800002,2873633.599999986,2361943.6000000117
177432607.06800002,2822464.599999986,2361943.6000000117
177432609.06800002,2822464.599999986,2361943.6000000117
177432611.06800002,2822464.599999986,2361943.6000000117
177432613.06800002,2822464.599999986,2361943.6000000117
177432615.06800002,2822464.599999986,2361943.6000000117
177432617.168,2822464.599999986,2361943.6000000117
177432619.06800002,2822464.599999986,2361943.6000000117
177432621.06800002,2822464.599999986,2361943.6000000117
177432623.06800002,2822464.599999986,2361943.6000000117
177432625.06800002,2822464.599999986,2361943.6000000117
177432627.06800002,2822464.599999986,2361943.6000000117
177432629.06800002,2822464.599999986,2361943.6000000117
177432631.06800002,2822464.599999986,2361943.6000000117
177432633.06800002,2822464.599999986,2361943.6000000117
177432635.06800002,2822464.599999986,2361943.6000000117
177432637.06800002,2822464.599999986,2361943.6000000117
177432639.06800002,2822464.599999986,2361943.6000000117
177432641.06800002,2822464.599999986,2361943.6000000117
177432643.06800002,2822464.599999986,2361943.6000000117
177432645.06800002,2822464.599999986,2361943.6000000117
177432647.06800002,2822464.599999986,2361943.6000000117
177432649.06800002,2822464.599999986,2361943.6000000117
177432651.06800002,2822464.599999986,2361943.6000000117
177432653.06800002,2822464.599999986,2361943.6000000117
177432655.06800002,2822464.599999986,2361943.6000000117
177432657.06800002,2822464.599999986,2361943.6000000117
177432659.06800002,2822464.599999986,2361943.6000000117
177432661.06800002,2822464.599999986,2361943.6000000117
177432663.06800002,2822464.599999986,2361943.6000000117
177432665.06800002,2822464.599999986,2361943.6000000117
177432667.06800002,2822464.599999986,2361943.6000000117
177432669.06800002,2822464.499999986,2361943.6000000117
177432671.06800002,2822464.499999986,2361943.6000000117
177432673.06800002,2822464.499999986,2361943.6000000117
177432675.06800002,2822464.499999986,2361943.6000000117
177432677.06800002,2822464.499999986,2361943.6000000117
177432679.06800002,2822464.499999986,2361943.6000000117
177432681.06800002,2822464.499999986,2361943.6000000117
177432683.06800002,2822464.499999986,2361943.6000000117
177432685.06800002,2822464.499999986,2361943.6000000117
177432687.06800002,2822464.499999986,2361943.6000000117
177432689.06800002,2822464.499999986,2361943.6000000117
177432691.06800002,2822464.499999986,2361943.6000000117
177432693.06800002,2822464.499999986,2361943.6000000117
177432695.06800002,2822464.499999986,2361943.6000000117
177432697.06800002,2822464.499999986,2361943.6000000117
177432699.06800002,2822464.499999986,2361943.6000000117
177432701.06800002,2822464.499999986,2361943.6000000117
177432703.06800002,2822464.499999986,2361943.6000000117
177432705.06800002,2822464.499999986,2361943.6000000117
177432707.06800002,2822464.499999986,2361943.6000000117
177432709.06800002,2822464.499999986,2361943.6000000117
177432711.06800002,2822464.499999986,2361943.6000000117
177432713.06800002,2822464.499999986,2361943.6000000117
177432715.06800002,2822464.499999986,2361943.6000000117
177432717.06800002,2822464.599999986,2361943.6000000117
177432719.06800002,2822464.599999986,2361943.6000000117
177432721.06800002,2822464.599999986,2361943.6000000117
177432723.06800002,2822464.599999986,2361943.6000000117
177432725.06800002,2822464.599999986,2361943.6000000117
177432727.06800002,2822464.599999986,2361943.6000000117
177432729.06800002,2822464.599999986,2361943.6000000117
177432731.06800002,2822464.599999986,2361943.6000000117
177432733.06800002,2822464.599999986,2361943.6000000117
177432735.06800002,2822464.599999986,2361943.6000000117
177432737.06800002,2822464.599999986,2361943.6000000117
177432739.06800002,2822464.599999986,2361943.6000000117
177432741.06800002,2822464.599999986,2361943.6000000117
177432743.06800002,2822464.599999986,2361943.6000000117
177432745.06800002,2822464.599999986,2361943.6000000117
177432747.06800002,2822464.599999986,2361943.6000000117
177432749.06800002,2822464.599999986,2361943.6000000117
177432751.06800002,2822464.599999986,2361943.6000000117
177432753.06800002,2822464.599999986,2361943.6000000117
177432755.06800002,2822464.599999986,2361943.6000000117
177432757.06800002,2822464.599999986,2361943.6000000117
177432759.06800002,2822464.599999986,2361943.6000000117
177432761.06800002,2822464.599999986,2361943.6000000117
177432763.06800002,2822464.599999986,2361943.700000012
177432765.06800002,2822464.599999986,2361943.700000012
177432767.06800002,2873633.599999986,2361943.700000012
177432769.06800002,2873633.499999986,2361943.700000012
177432771.06800002,2873633.499999986,2361943.700000012
177432773.06800002,2873633.499999986,2361943.700000012
177432775.06800002,2873633.499999986,2361943.700000012
177432777.06800002,2873633.499999986,2361943.700000012
177432779.06800002,2873633.499999986,2361943.700000012
177432781.06800002,2873633.499999986,2361943.700000012
177432783.06800002,2873633.599999986,2361943.700000012
177432785.06800002,2873633.599999986,2361943.700000012
177432787.06800002,2873633.599999986,2361943.700000012
177432789.06800002,2873633.599999986,2361943.700000012
177432791.06800002,2873633.599999986,2361943.700000012
177432793.06800002,2873633.599999986,2361943.700000012
177432795.06800002,2873633.599999986,2361943.700000012
177432797.06800002,2873633.599999986,2361943.700000012
177432799.06800002,2873633.599999986,2361943.5000000116
177432801.06800002,2873633.599999986,2361943.5000000116
177432803.06800002,2873633.599999986,2361943.5000000116
177432805.06800002,2873633.599999986,2361943.5000000116
177432807.06800002,2873633.599999986,2361943.5000000116
177432809.06800002,2873633.599999986,2361943.5000000116
177432811.06800002,2873633.599999986,2361943.5000000116
177432813.06800002,2873633.599999986,2361943.5000000116
177432815.06800002,2873633.599999986,2361943.5000000116
177432817.06800002,2873633.599999986,2361943.5000000116
177432819.06800002,2873633.599999986,2361943.5000000116
177432821.06800002,2873633.599999986,2361943.5000000116
177432823.06800002,2873633.599999986,2361943.5000000116
177432825.06800002,2873633.599999986,2361943.5000000116
177432827.06800002,2873633.599999986,2361943.5000000116
177432829.06800002,2873633.599999986,2361943.6000000117
177432831.06800002,2873633.599999986,2361943.6000000117
177432833.06800002,2873633.599999986,2361943.6000000117
177432835.06800002,2873633.499999986,2361943.6000000117
177432837.06800002,2873633.499999986,2361943.6000000117
177432839.06800002,2873633.499999986,2361943.6000000117
177432841.06800002,2873633.499999986,2361943.6000000117
177432843.06800002,2873633.499999986,2361943.6000000117
177432845.06800002,2873633.499999986,2361943.6000000117
177432847.06800002,2873633.599999986,2361943.6000000117
177432849.06800002,2873633.599999986,2361943.6000000117
177432851.06800002,2873633.599999986,2361943.6000000117
177432853.06800002,2873633.599999986,2361943.6000000117
177432855.06800002,2873633.599999986,2361943.6000000117
177432857.06800002,2873633.599999986,2361943.6000000117
177432859.06800002,2873633.599999986,2361943.6000000117
177432861.06800002,2873633.599999986,2361943.6000000117
177432863.06800002,2873633.7999999863,2361943.700000012
177432865.06800002,2873633.7999999863,2361943.700000012
177432867.06800002,2873633.7999999863,2361943.700000012
177432869.06800002,2873633.7999999863,2361943.700000012
177432871.06800002,2873633.7999999863,2361943.700000012
177432873.06800002,2873633.7999999863,2361943.700000012
177432875.06800002,2873633.7999999863,2361943.700000012
177432877.06800002,2873633.7999999863,2361943.700000012
177432879.06800002,2873633.7999999863,2361943.700000012
177432881.06800002,2873633.9999999865,2361943.700000012
177432883.06800002,2873633.9999999865,2361943.700000012
177432885.06800002,2873633.9999999865,2361943.700000012
177432887.06800002,2873634.1999999867,2361943.700000012
177432889.06800002,2873634.1999999867,2361943.700000012
177432891.06800002,2873634.1999999867,2361943.700000012
177432893.06800002,2873634.1999999867,2361943.700000012
177432895.06800002,2873634.1999999867,2361943.700000012
177432897.06800002,2873634.1999999867,2361943.700000012
177432899.06800002,2873634.1999999867,2361943.700000012
177432901.06800002,2873634.1999999867,2361943.700000012
177432903.06800002,2873634.0999999866,2361943.700000012
177432905.06800002,2873634.0999999866,2361943.700000012
177432907.06800002,2873634.0999999866,2361943.700000012
177432909.06800002,2873634.0999999866,2361943.700000012
177432911.06800002,2873634.0999999866,2361943.700000012
177432913.06800002,2873634.1999999867,2361943.700000012
177432915.06800002,2873634.1999999867,2361943.700000012
177432917.06800002,2873634.1999999867,2361943.700000012
177432919.06800002,2873634.1999999867,2361943.700000012
177432921.06800002,2873634.1999999867,2361943.700000012
177432923.06800002,2873634.1999999867,2361943.700000012
177432925.06800002,2873634.1999999867,2361943.700000012
177432927.06800002,2873634.1999999867,2361943.700000012
177432929.06800002,2873634.1999999867,2361943.700000012
177432931.06800002,2873634.1999999867,2361943.700000012
177432933.06800002,2873634.1999999867,2361943.700000012
177432935.06800002,2873634.1999999867,2361943.700000012
177432937.06800002,2873634.1999999867,2361943.700000012
177432939.06800002,2873634.1999999867,2361943.700000012
177432941.06800002,2873634.1999999867,2361943.700000012
177432943.06800002,2873634.1999999867,2361943.700000012
177432945.06800002,2873634.1999999867,2361943.700000012
177432947.06800002,2873634.1999999867,2361943.700000012
177432949.06800002,2873634.1999999867,2361943.700000012
177432951.06800002,2873634.1999999867,2361943.700000012
177432953.06800002,2873634.1999999867,2361943.700000012
177432955.06800002,2873634.1999999867,2361943.700000012
177432957.06800002,2873634.1999999867,2361943.700000012
177432959.06800002,2873634.1999999867,2361943.700000012
177432961.06800002,2873634.1999999867,2361943.700000012
177432963.06800002,2873634.1999999867,2361943.700000012
177432965.06800002,2873634.299999987,2361943.700000012
177432967.06800002,2873634.299999987,2361943.700000012
177432969.06800002,2873634.299999987,2361943.700000012
177432971.06800002,2873634.299999987,2361943.700000012
177432973.06800002,2873634.299999987,2361943.700000012
177432975.06800002,2873634.299999987,2361943.700000012
177432977.06800002,2873634.299999987,2361943.700000012
177432979.06800002,2873634.299999987,2361943.700000012
177432981.06800002,2873634.299999987,2361943.700000012
177432983.06800002,2873634.299999987,2361943.700000012
177432985.06800002,2873634.299999987,2361943.700000012
177432987.06800002,2873634.299999987,2361943.700000012
177432989.06800002,2873634.299999987,2361943.700000012
177432991.06800002,2873634.299999987,2361943.700000012
177432993.06800002,2873634.299999987,2361943.700000012
177432995.06800002,2873634.299999987,2361943.700000012
177432997.06800002,2873634.299999987,2361943.700000012
177432999.06800002,2873634.299999987,2361943.700000012
177433001.06800002,2873634.299999987,2361943.700000012
177433003.06800002,2873634.299999987,2361943.700000012
177433005.06800002,2873634.299999987,2361943.700000012
177433007.06800002,2873634.299999987,2361943.700000012
177433009.06800002,2873634.299999987,2361943.700000012
177433011.06800002,2873634.1999999867,2361943.6000000117
177433013.06800002,2873634.1999999867,2361943.6000000117
177433015.06800002,2873634.1999999867,2361943.6000000117
177433017.06800002,2873634.1999999867,2361943.6000000117
177433019.06800002,2873634.1999999867,2361943.6000000117
177433021.06800002,2873634.1999999867,2361943.6000000117
177433023.06800002,2873634.1999999867,2361943.6000000117
177433025.06800002,2873634.1999999867,2361943.6000000117
177433027.06800002,2873634.1999999867,2361943.6000000117
177433029.06800002,2873634.1999999867,2361943.6000000117
177433031.06800002,2873634.1999999867,2361943.6000000117
177433033.06800002,2873634.1999999867,2361943.6000000117
177433035.06800002,2873634.1999999867,2361943.6000000117
177433037.06800002,2873634.1999999867,2361943.6000000117
177433039.06800002,2873634.1999999867,2361943.6000000117
177433041.06800002,2873634.1999999867,2361943.6000000117
177433043.06800002,2873634.1999999867,2361943.6000000117
177433045.06800002,2873634.1999999867,2361943.6000000117
177433047.06800002,2873634.1999999867,2361943.6000000117
177433049.06800002,2873634.1999999867,2361943.6000000117
177433051.06800002,2873634.1999999867,2361943.6000000117
177433053.06800002,2873634.1999999867,2361943.6000000117
177433055.06800002,2873634.1999999867,2361943.6000000117
177433057.06800002,2873634.1999999867,2361943.6000000117
177433059.06800002,2873634.1999999867,2361943.6000000117
177433061.06800002,2873634.1999999867,2361943.6000000117
177433063.06800002,2873634.1999999867,2361943.6000000117
177433065.06800002,2873634.1999999867,2361943.6000000117
177433067.06800002,2873634.1999999867,2361943.6000000117
177433069.06800002,2873634.1999999867,2361943.6000000117
177433071.06800002,2873634.1999999867,2361943.6000000117
177433073.06800002,2873634.1999999867,2361943.6000000117
177433075.06800002,2873634.1999999867,2361943.6000000117
177433077.06800002,2873634.1999999867,2361943.6000000117
177433079.06800002,2873634.1999999867,2361943.6000000117
177433081.06800002,2873634.1999999867,2361943.6000000117
177433083.06800002,2873634.1999999867,2361943.6000000117
177433085.06800002,2873634.1999999867,2361943.6000000117
177433087.06800002,2873634.1999999867,2361943.6000000117
177433089.06800002,2873634.1999999867,2361943.6000000117
177433091.06800002,2873634.1999999867,2361943.6000000117
177433093.06800002,2873634.1999999867,2361943.6000000117
177433095.06800002,2873634.1999999867,2361943.6000000117
177433097.06800002,2873634.1999999867,2361943.6000000117
177433099.06800002,2873634.1999999867,2361943.6000000117
177433101.06800002,2873634.1999999867,2361943.6000000117
177433103.06800002,2873634.1999999867,2361943.6000000117
177433105.06800002,2873634.1999999867,2361943.6000000117
177433107.06800002,2873634.1999999867,2361943.700000012
177433109.06800002,2873634.399999987,2361943.700000012
177433111.06800002,2873634.299999987,2361943.700000012
177433113.06800002,2873634.299999987,2361943.700000012
177433115.06800002,2873634.299999987,2361943.700000012
177433117.06800002,2873634.299999987,2361943.700000012
177433119.06800002,2873634.299999987,2361943.700000012
177433121.06800002,2873634.299999987,2361943.700000012
177433123.06800002,2873634.299999987,2361943.700000012
177433125.06800002,2873634.1999999867,2361943.700000012
177433127.06800002,2873634.1999999867,2361943.700000012
177433129.06800002,2873634.1999999867,2361943.700000012
177433131.06800002,2873634.1999999867,2361943.700000012
177433133.06800002,2873634.1999999867,2361943.700000012
177433135.06800002,2873634.1999999867,2361943.700000012
177433137.06800002,2873634.0999999866,2361943.700000012
177433139.06800002,2873634.0999999866,2361943.700000012
177433141.06800002,2873634.0999999866,2361943.700000012
177433143.06800002,2873634.0999999866,2361943.700000012
177433145.06800002,2873634.0999999866,2361943.700000012
177433147.06800002,2873634.0999999866,2361943.700000012
177433149.06800002,2873634.0999999866,2361943.700000012
177433151.06800002,2873634.0999999866,2361943.700000012
177433153.06800002,2873634.0999999866,2361943.700000012
177433155.06800002,2873634.0999999866,2361943.700000012
177433157.06800002,2873634.0999999866,2361943.700000012
177433159.06800002,2873634.0999999866,2361943.700000012
177433161.06800002,2873634.0999999866,2361943.700000012
177433163.06800002,2873634.0999999866,2361943.700000012
177433165.06800002,2873634.0999999866,2361943.700000012
177433167.06800002,2873634.0999999866,2361943.700000012
177433169.06800002,2873634.0999999866,2361943.700000012
177433171.06800002,2873634.0999999866,2361943.700000012
177433173.06800002,2873634.0999999866,2361943.700000012
177433175.06800002,2873634.0999999866,2361943.700000012
177433177.06800002,2873634.0999999866,2361943.700000012
177433179.06800002,2873634.0999999866,2361943.700000012
177433181.06800002,2873634.0999999866,2361943.700000012
177433183.06800002,2873634.0999999866,2361943.700000012
177433185.06800002,2873634.0999999866,2361943.700000012
177433187.06800002,2873634.0999999866,2361943.700000012
177433189.06800002,2873634.0999999866,2361943.700000012
177433191.06800002,2873634.0999999866,2361943.700000012
177433193.06800002,2873634.0999999866,2361943.700000012
177433195.06800002,2873634.0999999866,2361943.700000012
177433197.06800002,2873634.0999999866,2361943.700000012
177433199.06800002,2873634.1999999867,2361943.700000012
177433201.06800002,2873634.1999999867,2361943.700000012
177433203.06800002,2873634.1999999867,2361943.700000012
177433205.06800002,2873634.1999999867,2361943.700000012
177433207.06800002,2873634.1999999867,2361943.700000012
177433209.06800002,2873634.399999987,2361943.700000012
177433211.06800002,2873634.399999987,2361943.700000012
177433213.06800002,2873634.399999987,2361943.700000012
177433215.06800002,2873634.399999987,2361943.700000012
177433217.06800002,2873634.399999987,2361943.700000012
177433219.06800002,2873634.399999987,2361943.700000012
177433221.06800002,2873634.399999987,2361943.700000012
177433223.06800002,2873634.399999987,2361943.700000012
177433225.06800002,2873634.399999987,2361943.700000012
177433227.06800002,2822465.299999987,2361943.700000012
177433229.06800002,2822465.299999987,2361943.700000012
177433231.06800002,2822465.299999987,2361943.700000012
177433233.06800002,2822465.299999987,2361943.700000012
177433235.06800002,2822465.299999987,2361943.700000012
177433237.06800002,2822465.299999987,2361943.700000012
177433239.06800002,2822465.299999987,2361943.700000012
177433241.06800002,2822465.1999999867,2361943.700000012
177433243.06800002,2822465.1999999867,2361943.700000012
177433245.06800002,2822465.1999999867,2361943.700000012
177433247.06800002,2822465.1999999867,2361943.700000012
177433249.06800002,2822465.1999999867,2361943.700000012
177433251.06800002,2822465.1999999867,2361943.700000012
177433253.06800002,2822465.1999999867,2361943.700000012
177433255.06800002,2822465.1999999867,2361943.700000012
177433257.06800002,2822465.1999999867,2361943.700000012
177433259.06800002,2822465.1999999867,2361943.700000012
177433261.06800002,2822465.1999999867,2361943.700000012
177433263.06800002,2822465.1999999867,2361943.700000012
177433265.06800002,2822465.1999999867,2361943.700000012
177433267.06800002,2822465.1999999867,2361943.700000012
177433269.06800002,2822465.1999999867,2361943.800000012
177433271.06800002,2822465.1999999867,2361943.800000012
177433273.06800002,2822465.1999999867,2361943.800000012
177433275.06800002,2822465.1999999867,2361943.800000012
177433277.06800002,2822465.1999999867,2361943.800000012
177433279.06800002,2822465.1999999867,2361943.900000012
177433281.06800002,2822465.1999999867,2361943.900000012
177433283.06800002,2822465.1999999867,2361943.900000012
177433285.06800002,2822465.1999999867,2361943.900000012
177433287.06800002,2822465.1999999867,2361944.000000012
177433289.06800002,2822465.1999999867,2361944.000000012
177433291.06800002,2822465.0999999866,2361944.000000012
177433293.06800002,2822465.0999999866,2361944.000000012
177433295.168,2822465.0999999866,2361944.000000012
177433297.06800002,2822465.0999999866,2361944.100000012
177433299.06800002,2822465.0999999866,2361944.100000012
177433301.06800002,2822465.0999999866,2361944.100000012
177433303.06800002,2822465.0999999866,2361944.100000012
177433305.06800002,2822465.0999999866,2361944.100000012
177433307.06800002,2822465.0999999866,2361944.100000012
177433309.06800002,2822465.0999999866,2361944.100000012
177433311.06800002,2822465.0999999866,2361944.100000012
177433313.06800002,2822465.0999999866,2361944.100000012
177433315.06800002,2822465.0999999866,2361944.100000012
177433317.06800002,2822465.0999999866,2361944.100000012
177433319.06800002,2822465.0999999866,2361944.100000012
177433321.06800002,2822465.0999999866,2361944.100000012
177433323.06800002,2822465.0999999866,2361944.100000012
177433325.06800002,2822465.1999999867,2361944.100000012
177433327.06800002,2822465.1999999867,2361944.100000012
177433329.06800002,2822465.299999987,2361944.100000012
177433331.06800002,2822465.299999987,2361944.100000012
177433333.06800002,2822465.299999987,2361944.100000012
177433335.06800002,2822465.299999987,2361944.100000012
177433337.06800002,2822465.299999987,2361944.100000012
177433339.06800002,2822465.299999987,2361944.100000012
177433341.06800002,2822465.299999987,2361944.100000012
177433343.06800002,2822465.299999987,2361944.100000012
177433345.06800002,2822465.299999987,2361944.100000012
177433347.06800002,2822465.299999987,2361944.100000012
177433349.06800002,2822465.299999987,2361944.100000012
177433351.06800002,2822465.299999987,2361944.100000012
177433353.06800002,2822465.299999987,2361944.100000012
177433355.06800002,2822465.299999987,2361944.100000012
177433357.06800002,2822465.299999987,2361944.100000012
177433359.06800002,2822465.299999987,2361944.100000012
177433361.06800002,2822465.299999987,2361944.100000012
177433363.06800002,2822465.299999987,2361944.100000012
177433365.06800002,2822465.299999987,2361944.100000012
177433367.06800002,2822465.299999987,2361944.100000012
177433369.06800002,2822465.1999999867,2361944.100000012
177433371.06800002,2822465.1999999867,2361944.100000012
177433373.06800002,2822465.1999999867,2361944.100000012
177433375.06800002,2822465.299999987,2361944.100000012
177433377.06800002,2799999.999999987,2361944.100000012
177433379.06800002,2799999.999999987,2361944.100000012
177433381.06800002,2799999.999999987,2361944.100000012
177433383.06800002,2799999.999999987,2361944.100000012
177433385.06800002,2799999.999999987,2361944.100000012
177433387.06800002,2799999.999999987,2361944.100000012
177433389.06800002,2822465.299999987,2361944.100000012
177433391.06800002,2822465.299999987,2361944.100000012
177433393.06800002,2822465.299999987,2361944.100000012
177433395.06800002,2822465.299999987,2361944.100000012
177433397.06800002,2822465.299999987,2361944.100000012
177433399.06800002,2822465.299999987,2361944.100000012
177433401.06800002,2822465.299999987,2361944.100000012
177433403.06800002,2822465.299999987,2361944.100000012
177433405.06800002,2822465.299999987,2361944.100000012
177433407.06800002,2822465.299999987,2361944.100000012
177433409.06800002,2822465.299999987,2361944.100000012
177433411.06800002,2822465.1999999867,2361944.100000012
177433413.06800002,2822465.1999999867,2361944.100000012
177433415.06800002,2822465.1999999867,2361944.100000012
177433417.06800002,2822465.1999999867,2361944.100000012
177433419.06800002,2822465.1999999867,2361944.100000012
177433421.06800002,2822465.1999999867,2361944.100000012
177433423.06800002,2822465.1999999867,2361944.100000012
177433425.06800002,2822465.1999999867,2361944.100000012
177433427.06800002,2822465.1999999867,2361944.100000012
177433429.06800002,2822465.1999999867,2361944.100000012
177433431.06800002,2822465.1999999867,2361944.100000012
177433433.06800002,2822465.1999999867,2361944.100000012
177433435.06800002,2822465.0999999866,2361944.100000012
177433437.06800002,2822465.0999999866,2361944.100000012
177433439.06800002,2822465.0999999866,2361944.100000012
177433441.06800002,2822465.0999999866,2361944.100000012
177433443.06800002,2822464.9999999865,2361944.100000012
177433445.06800002,2822464.9999999865,2361944.100000012
177433447.06800002,2822464.9999999865,2361944.100000012
177433449.06800002,2822464.7999999863,2361944.100000012
177433451.06800002,2822464.7999999863,2361944.100000012
177433453.06800002,2822464.7999999863,2361944.100000012
177433455.06800002,2822464.7999999863,2361944.100000012
177433457.06800002,2822464.8999999864,2361944.100000012
177433459.06800002,2822464.8999999864,2361944.100000012
177433461.06800002,2822464.8999999864,2361944.100000012
177433463.06800002,2822464.7999999863,2361944.100000012
177433465.06800002,2822464.7999999863,2361944.100000012
177433467.06800002,2822464.7999999863,2361944.100000012
177433469.06800002,2822464.7999999863,2361944.100000012
177433471.06800002,2822464.7999999863,2361944.100000012
177433473.06800002,2822464.7999999863,2361944.100000012
177433475.06800002,2822464.7999999863,2361944.100000012
177433477.06800002,2822464.7999999863,2361944.100000012
177433479.06800002,2822464.7999999863,2361944.100000012
177433481.06800002,2822464.7999999863,2361944.100000012
177433483.06800002,2822464.7999999863,2361944.100000012
177433485.06800002,2822464.7999999863,2361944.100000012
177433487.06800002,2822464.7999999863,2361944.100000012
177433489.06800002,2822464.7999999863,2361944.100000012
177433491.06800002,2822464.7999999863,2361944.100000012
177433493.06800002,2822464.7999999863,2361944.100000012
177433495.06800002,2822464.7999999863,2361944.100000012
177433497.06800002,2822464.7999999863,2361944.100000012
177433499.06800002,2822464.7999999863,2361944.100000012
177433501.06800002,2822464.7999999863,2361944.100000012
177433503.06800002,2822464.7999999863,2361944.100000012
177433505.06800002,2822464.7999999863,2361944.100000012
177433507.06800002,2822464.7999999863,2361944.100000012
177433509.06800002,2822464.7999999863,2361944.100000012
177433511.06800002,2822464.7999999863,2361944.100000012
177433513.06800002,2822464.7999999863,2361944.100000012
177433515.06800002,2822464.7999999863,2361944.100000012
177433517.06800002,2822464.7999999863,2361944.100000012
177433519.06800002,2822464.7999999863,2361944.100000012
177433521.06800002,2822464.7999999863,2361944.100000012
177433523.06800002,2822464.7999999863,2361944.100000012
177433525.06800002,2822464.7999999863,2361944.100000012
177433527.06800002,2822464.7999999863,2361944.100000012
177433529.06800002,2822464.699999986,2361944.100000012
177433531.06800002,2822464.699999986,2361944.100000012
177433533.06800002,2822464.699999986,2361944.100000012
177433535.06800002,2822464.699999986,2361944.100000012
177433537.06800002,2822464.699999986,2361944.100000012
177433539.06800002,2822464.699999986,2361944.100000012
177433541.06800002,2822464.599999986,2361944.100000012
177433543.06800002,2822464.599999986,2361944.100000012
177433545.06800002,2822464.599999986,2361944.100000012
177433547.06800002,2822464.599999986,2361944.100000012
177433549.06800002,2822464.599999986,2361944.100000012
177433551.06800002,2822464.599999986,2361944.100000012
177433553.06800002,2822464.599999986,2361944.100000012
177433555.06800002,2822464.499999986,2361944.100000012
177433557.06800002,2822464.499999986,2361944.100000012
177433559.06800002,2822464.499999986,2361944.100000012
177433561.06800002,2822464.499999986,2361944.100000012
177433563.06800002,2822464.499999986,2361944.100000012
177433565.06800002,2822464.399999986,2361944.100000012
177433567.06800002,2822464.399999986,2361944.100000012
177433569.06800002,2822464.399999986,2361944.100000012
177433571.06800002,2822464.399999986,2361944.100000012
177433573.06800002,2822464.399999986,2361944.100000012
177433575.06800002,2822464.399999986,2361944.100000012
177433577.06800002,2822464.399999986,2361944.100000012
177433579.06800002,2822464.399999986,2361944.100000012
177433581.06800002,2822464.399999986,2361944.100000012
177433583.06800002,2822464.399999986,2361944.100000012
177433585.06800002,2822464.399999986,2361944.100000012
177433587.06800002,2822464.399999986,2361944.100000012
177433589.06800002,2822464.299999986,2361944.100000012
177433591.06800002,2822464.299999986,2361944.100000012
177433593.06800002,2822464.299999986,2361944.100000012
177433595.06800002,2822464.299999986,2361944.100000012
177433597.06800002,2822464.299999986,2361944.100000012
177433599.06800002,2822464.299999986,2361944.100000012
177433601.06800002,2822464.1999999858,2361944.100000012
177433603.06800002,2822464.1999999858,2361944.100000012
177433605.06800002,2822464.1999999858,2361944.100000012
177433607.06800002,2822464.1999999858,2361944.2000000123
177433609.06800002,2822464.1999999858,2361944.2000000123
177433611.06800002,2822464.1999999858,2361944.2000000123
177433613.06800002,2822464.1999999858,2361944.2000000123
177433615.06800002,2822464.1999999858,2361944.2000000123
177433617.06800002,2822464.0999999857,2361944.2000000123
177433619.06800002,2822464.0999999857,2361944.2000000123
177433621.06800002,2822464.0999999857,2361944.2000000123
177433623.06800002,2822464.0999999857,2361944.2000000123
177433625.06800002,2822464.0999999857,2361944.100000012
177433627.06800002,2822464.0999999857,2361944.100000012
177433629.06800002,2822464.0999999857,2361944.100000012
177433631.06800002,2822463.9999999856,2361944.100000012
177433633.06800002,2822463.9999999856,2361944.100000012
177433635.06800002,2822463.9999999856,2361944.100000012
177433637.06800002,2822463.9999999856,2361944.100000012
177433639.06800002,2822463.9999999856,2361944.100000012
177433641.06800002,2822463.9999999856,2361944.100000012
177433643.06800002,2822463.9999999856,2361944.100000012
177433645.06800002,2822463.9999999856,2361944.100000012
177433647.06800002,2822463.9999999856,2361944.100000012
177433649.06800002,2822463.9999999856,2361944.100000012
177433651.06800002,2822463.9999999856,2361944.100000012
177433653.06800002,2822463.9999999856,2361944.100000012
177433655.06800002,2822463.9999999856,2361944.100000012
177433657.06800002,2822463.9999999856,2361944.100000012
177433659.06800002,2822463.9999999856,2361944.100000012
177433661.06800002,2822463.9999999856,2361944.100000012
177433663.06800002,2822463.9999999856,2361944.100000012
177433665.06800002,2822463.9999999856,2361944.100000012
177433667.06800002,2822463.9999999856,2361944.100000012
177433669.06800002,2822463.9999999856,2361944.100000012
177433671.06800002,2822463.9999999856,2361944.100000012
177433673.06800002,2822463.9999999856,2361944.100000012
177433675.06800002,2822463.9999999856,2361944.100000012
177433677.06800002,2822463.9999999856,2361944.100000012
177433679.06800002,2822463.9999999856,2361944.100000012
177433681.06800002,2822463.9999999856,2361944.100000012
177433683.06800002,2822463.9999999856,2361944.100000012
177433685.06800002,2822463.9999999856,2361944.100000012
177433687.06800002,2822463.9999999856,2361944.100000012
177433689.06800002,2822463.9999999856,2361944.100000012
177433691.06800002,2822463.9999999856,2361944.100000012
177433693.06800002,2822463.9999999856,2361944.100000012
177433695.06800002,2822463.9999999856,2361944.100000012
177433697.06800002,2822463.9999999856,2361944.100000012
177433699.06800002,2822463.9999999856,2361944.100000012
177433701.06800002,2822463.9999999856,2361944.100000012
177433703.06800002,2822463.9999999856,2361944.100000012
177433705.06800002,2822463.9999999856,2361944.100000012
177433707.06800002,2822463.9999999856,2361944.100000012
177433709.06800002,2822463.9999999856,2361944.100000012
177433711.06800002,2822463.9999999856,2361944.100000012
177433713.06800002,2822463.9999999856,2361944.100000012
177433715.06800002,2822463.9999999856,2361944.100000012
177433717.06800002,2822463.9999999856,2361944.100000012
177433719.06800002,2822463.9999999856,2361944.100000012
177433721.06800002,2822463.9999999856,2361944.100000012
177433723.06800002,2822463.9999999856,2361944.100000012
177433725.06800002,2822463.9999999856,2361944.100000012
177433727.06800002,2822463.9999999856,2361944.100000012
177433729.06800002,2822463.9999999856,2361944.100000012
177433731.06800002,2822463.9999999856,2361944.100000012
177433733.06800002,2822463.9999999856,2361944.100000012
177433735.06800002,2822463.9999999856,2361944.100000012
177433737.06800002,2822463.9999999856,2361944.100000012
177433739.06800002,2822463.9999999856,2361944.100000012
177433741.06800002,2822463.9999999856,2361944.100000012
177433743.06800002,2822463.9999999856,2361944.100000012
177433745.06800002,2822463.9999999856,2361944.100000012
177433747.06800002,2822463.9999999856,2361944.100000012
177433749.06800002,2822463.8999999855,2361944.100000012
177433751.06800002,2822463.8999999855,2361944.100000012
177433753.06800002,2822463.8999999855,2361944.100000012
177433755.06800002,2822463.8999999855,2361944.100000012
177433757.06800002,2822463.8999999855,2361944.100000012
177433759.06800002,2822463.8999999855,2361944.100000012
177433761.06800002,2822463.8999999855,2361944.100000012
177433763.06800002,2822463.7999999854,2361944.100000012
177433765.06800002,2822463.7999999854,2361944.100000012
177433767.06800002,2822463.7999999854,2361944.100000012
177433769.06800002,2822463.7999999854,2361944.100000012
177433771.06800002,2822463.7999999854,2361944.100000012
177433773.06800002,2822463.6999999853,2361943.8000000124
177433775.06800002,2822463.6999999853,2361943.8000000124
177433777.06800002,2822463.6999999853,2361943.8000000124
177433779.06800002,2822463.6999999853,2361943.8000000124
177433781.06800002,2822463.6999999853,2361943.8000000124
177433783.06800002,2822463.6999999853,2361943.9000000125
177433785.06800002,2822463.6999999853,2361943.9000000125
177433787.06800002,2822463.599999985,2361943.8000000124
177433789.06800002,2822463.599999985,2361943.8000000124
177433791.06800002,2822463.599999985,2361943.8000000124
177433793.06800002,2822463.599999985,2361943.8000000124
177433795.06800002,2822463.599999985,2361943.8000000124
177433797.06800002,2822463.599999985,2361943.8000000124
177433799.06800002,2822463.599999985,2361943.8000000124
177433801.06800002,2822463.599999985,2361943.8000000124
177433803.06800002,2822463.599999985,2361943.8000000124
177433805.06800002,2822463.599999985,2361943.8000000124
177433807.06800002,2822463.599999985,2361943.8000000124
177433809.06800002,2822463.599999985,2361943.8000000124
177433811.06800002,2822463.599999985,2361943.8000000124
177433813.06800002,2822463.599999985,2361943.8000000124
177433815.06800002,2822463.599999985,2361943.8000000124
177433817.06800002,2822463.599999985,2361943.8000000124
177433819.06800002,2822463.599999985,2361943.8000000124
177433821.06800002,2822463.599999985,2361943.8000000124
177433823.06800002,2822463.599999985,2361943.8000000124
177433825.06800002,2822463.599999985,2361943.8000000124
177433827.06800002,2822463.599999985,2361943.8000000124
177433829.06800002,2822463.599999985,2361943.8000000124
177433831.06800002,2822463.599999985,2361943.9000000125
177433833.06800002,2822463.599999985,2361943.9000000125
177433835.06800002,2822463.599999985,2361943.9000000125
177433837.06800002,2822463.599999985,2361943.9000000125
177433839.06800002,2822463.599999985,2361943.9000000125
177433841.06800002,2822463.599999985,2361943.9000000125
177433843.06800002,2822463.599999985,2361943.9000000125
177433845.06800002,2822463.599999985,2361943.9000000125
177433847.06800002,2822463.599999985,2361943.9000000125
177433849.06800002,2822463.599999985,2361943.9000000125
177433851.06800002,2822463.599999985,2361943.9000000125
177433853.06800002,2822463.599999985,2361943.9000000125
177433855.06800002,2822463.6999999853,2361943.9000000125
177433857.06800002,2822463.6999999853,2361943.9000000125
177433859.06800002,2822463.6999999853,2361943.9000000125
177433861.06800002,2822463.6999999853,2361943.9000000125
177433863.06800002,2822463.6999999853,2361943.9000000125
177433865.06800002,2822463.6999999853,2361943.9000000125
177433867.06800002,2822464.099999985,2361943.9000000125
177433869.06800002,2822464.099999985,2361943.9000000125
177433871.06800002,2822464.099999985,2361943.9000000125
177433873.06800002,2822464.099999985,2361943.9000000125
177433875.06800002,2822464.099999985,2361943.9000000125
177433877.06800002,2822464.2999999854,2361943.8000000124
177433879.06800002,2822464.2999999854,2361943.8000000124
177433881.06800002,2822464.2999999854,2361943.8000000124
177433883.06800002,2822464.2999999854,2361943.8000000124
177433885.06800002,2822464.2999999854,2361943.8000000124
177433887.06800002,2822464.2999999854,2361943.8000000124
177433889.06800002,2822464.2999999854,2361943.8000000124
177433891.06800002,2822464.2999999854,2361943.8000000124
177433893.06800002,2822464.2999999854,2361943.8000000124
177433895.06800002,2822464.2999999854,2361943.8000000124
177433897.06800002,2822464.2999999854,2361943.8000000124
177433899.06800002,2822464.2999999854,2361943.8000000124
177433901.06800002,2822464.2999999854,2361943.8000000124
177433903.06800002,2822464.2999999854,2361943.8000000124
177433905.06800002,2822464.2999999854,2361943.8000000124
177433907.06800002,2822464.2999999854,2361943.8000000124
177433909.06800002,2822464.2999999854,2361943.8000000124
177433911.06800002,2822464.2999999854,2361943.8000000124
177433913.06800002,2822464.2999999854,2361943.8000000124
177433915.06800002,2822464.2999999854,2361943.8000000124
177433917.06800002,2822464.2999999854,2361943.8000000124
177433919.06800002,2822464.2999999854,2361943.8000000124
177433921.06800002,2822464.2999999854,2361943.8000000124
177433923.06800002,2822464.2999999854,2361943.8000000124
177433925.06800002,2822464.2999999854,2361943.8000000124
177433927.06800002,2822464.2999999854,2361943.8000000124
177433929.06800002,2822464.2999999854,2361943.8000000124
177433931.06800002,2822464.2999999854,2361943.8000000124
177433933.06800002,2822464.2999999854,2361943.8000000124
177433935.06800002,2822464.2999999854,2361943.8000000124
177433937.06800002,2822464.2999999854,2361943.8000000124
177433939.06800002,2822464.2999999854,2361943.8000000124
177433941.06800002,2822464.2999999854,2361943.8000000124
177433943.06800002,2822464.2999999854,2361943.8000000124
177433945.06800002,2822464.2999999854,2361943.8000000124
177433947.06800002,2822464.2999999854,2361943.8000000124
177433949.06800002,2822464.2999999854,2361943.8000000124
177433951.06800002,2822464.2999999854,2361943.8000000124
177433953.06800002,2822464.2999999854,2361943.8000000124
177433955.06800002,2822464.2999999854,2361943.8000000124
177433957.06800002,2822464.2999999854,2361943.8000000124
177433959.06800002,2822464.2999999854,2361943.8000000124
177433961.06800002,2822464.2999999854,2361943.8000000124
177433963.06800002,2822464.2999999854,2361943.8000000124
177433965.06800002,2822464.2999999854,2361943.8000000124
177433967.06800002,2822464.2999999854,2361943.8000000124
177433969.06800002,2822464.2999999854,2361943.8000000124
177433971.06800002,2822464.2999999854,2361943.8000000124
177433973.06800002,2822464.2999999854,2361943.8000000124
177433975.06800002,2822464.2999999854,2361943.8000000124
177433977.06800002,2822464.2999999854,2361943.8000000124
177433979.06800002,2822464.2999999854,2361943.8000000124
177433981.06800002,2822464.2999999854,2361943.8000000124
177433983.06800002,2822464.2999999854,2361943.8000000124
177433985.06800002,2822464.2999999854,2361943.8000000124
177433987.06800002,2822464.2999999854,2361943.8000000124
177433989.06800002,2822464.2999999854,2361943.8000000124
177433991.06800002,2822464.2999999854,2361943.8000000124
177433993.06800002,2822464.2999999854,2361943.8000000124
177433995.06800002,2822464.2999999854,2361943.8000000124
177433997.06800002,2822464.2999999854,2361943.8000000124
177433999.06800002,2822464.2999999854,2361943.8000000124
177434001.06800002,2822464.2999999854,2361943.8000000124
177434003.06800002,2822464.2999999854,2361943.8000000124
177434005.06800002,2822464.2999999854,2361943.8000000124
177434007.06800002,2822464.2999999854,2361943.8000000124
177434009.06800002,2822464.2999999854,2361943.8000000124
177434011.06800002,2822464.2999999854,2361943.8000000124
177434013.06800002,2822464.2999999854,2361943.8000000124
177434015.06800002,2822464.2999999854,2361943.8000000124
177434017.06800002,2822464.2999999854,2361943.8000000124
177434019.06800002,2822464.2999999854,2361943.8000000124
177434021.06800002,2822464.2999999854,2361943.8000000124
177434023.06800002,2822464.2999999854,2361943.8000000124
177434025.06800002,2822464.2999999854,2361943.8000000124
177434027.06800002,2822464.2999999854,2361943.8000000124
177434029.06800002,2822464.2999999854,2361943.8000000124
177434031.06800002,2822464.2999999854,2361943.8000000124
177434033.06800002,2822464.2999999854,2361943.8000000124
177434035.06800002,2822464.2999999854,2361943.8000000124
177434037.06800002,2822464.2999999854,2361943.8000000124
177434039.06800002,2822464.2999999854,2361943.8000000124
177434041.06800002,2822464.2999999854,2361943.8000000124
177434043.06800002,2822464.2999999854,2361943.8000000124
177434045.06800002,2822464.2999999854,2361943.8000000124
177434047.06800002,2822464.2999999854,2361943.9000000125
177434049.06800002,2822464.2999999854,2361943.9000000125
177434051.06800002,2822464.2999999854,2361943.9000000125
177434053.06800002,2822464.2999999854,2361943.9000000125
177434055.06800002,2822464.2999999854,2361943.9000000125
177434057.06800002,2822464.2999999854,2361943.9000000125
177434059.06800002,2822464.2999999854,2361943.9000000125
177434061.06800002,2822464.2999999854,2361943.9000000125
177434063.06800002,2822464.2999999854,2361943.9000000125
177434065.06800002,2822464.2999999854,2361943.9000000125
177434067.06800002,2822464.2999999854,2361943.9000000125
177434069.06800002,2822464.2999999854,2361943.9000000125
177434071.06800002,2822464.2999999854,2361943.9000000125
177434073.06800002,2822464.2999999854,2361943.9000000125
177434075.06800002,2822464.2999999854,2361943.9000000125
177434077.06800002,2822464.2999999854,2361943.9000000125
177434079.06800002,2822464.2999999854,2361943.9000000125
177434081.06800002,2822464.2999999854,2361943.9000000125
177434083.06800002,2822464.2999999854,2361943.9000000125
177434085.06800002,2822464.2999999854,2361943.9000000125
177434087.06800002,2822464.2999999854,2361943.8000000124
177434089.06800002,2822464.2999999854,2361943.8000000124
177434091.06800002,2822464.2999999854,2361943.8000000124
177434093.06800002,2822464.2999999854,2361943.8000000124
177434095.06800002,2822464.2999999854,2361943.8000000124
177434097.06800002,2822464.2999999854,2361943.8000000124
177434099.06800002,2822464.2999999854,2361943.8000000124
177434101.06800002,2822464.2999999854,2361943.8000000124
177434103.06800002,2822464.2999999854,2361943.8000000124
177434105.06800002,2822464.2999999854,2361943.8000000124
177434107.06800002,2822464.2999999854,2361943.8000000124
177434109.06800002,2822464.2999999854,2361943.8000000124
177434111.06800002,2822464.2999999854,2361943.8000000124
177434113.06800002,2822464.2999999854,2361943.8000000124
177434115.06800002,2822464.2999999854,2361943.8000000124
177434117.06800002,2822464.2999999854,2361943.8000000124
177434119.06800002,2822464.2999999854,2361943.8000000124
177434121.06800002,2822464.2999999854,2361943.8000000124
177434123.06800002,2822464.2999999854,2361943.9000000125
177434125.06800002,2822464.2999999854,2361943.9000000125
177434127.06800002,2822464.2999999854,2361943.9000000125
177434129.06800002,2822464.2999999854,2361943.9000000125
177434131.06800002,2822464.2999999854,2361943.9000000125
177434133.06800002,2822464.2999999854,2361943.9000000125
177434135.06800002,2822464.2999999854,2361943.9000000125
177434137.06800002,2822464.2999999854,2361943.9000000125
177434139.06800002,2822464.2999999854,2361943.9000000125
177434141.06800002,2822464.2999999854,2361943.9000000125
177434143.06800002,2822464.2999999854,2361943.9000000125
177434145.06800002,2822464.2999999854,2361943.9000000125
177434147.06800002,2822464.2999999854,2361943.9000000125
177434149.06800002,2822464.2999999854,2361943.9000000125
177434151.06800002,2822464.2999999854,2361943.9000000125
177434153.06800002,2822464.2999999854,2361944.0000000126
177434155.06800002,2822464.599999985,2361944.0000000126
177434157.06800002,2822464.599999985,2361944.0000000126
177434159.06800002,2822464.599999985,2361944.0000000126
177434161.06800002,2822464.599999985,2361944.0000000126
177434163.06800002,2822464.599999985,2361944.0000000126
177434165.06800002,2822464.599999985,2361944.1000000127
177434167.06800002,2822464.599999985,2361944.1000000127
177434169.06800002,2822464.599999985,2361944.1000000127
177434171.06800002,2822464.599999985,2361944.1000000127
177434173.06800002,2822464.599999985,2361944.1000000127
177434175.06800002,2822464.599999985,2361944.1000000127
177434177.06800002,2822464.599999985,2361944.1000000127
177434179.06800002,2822464.599999985,2361944.1000000127
177434181.06800002,2822464.599999985,2361944.1000000127
177434183.06800002,2822464.599999985,2361944.1000000127
177434185.06800002,2822464.599999985,2361944.1000000127
177434187.06800002,2822464.599999985,2361944.1000000127
177434189.06800002,2822464.599999985,2361944.1000000127
177434191.06800002,2822464.599999985,2361944.1000000127
177434193.06800002,2822464.499999985,2361944.1000000127
177434195.06800002,2822464.499999985,2361944.1000000127
177434197.06800002,2822464.499999985,2361944.1000000127
177434199.06800002,2822464.499999985,2361944.1000000127
177434201.06800002,2822464.499999985,2361944.1000000127
177434203.06800002,2822464.499999985,2361944.1000000127
177434205.06800002,2822464.499999985,2361944.1000000127
177434207.06800002,2822464.499999985,2361944.1000000127
177434209.06800002,2822464.399999985,2361944.1000000127
177434211.06800002,2822464.399999985,2361944.1000000127
177434213.06800002,2822464.399999985,2361944.1000000127
177434215.06800002,2822464.399999985,2361944.1000000127
177434217.06800002,2822464.399999985,2361944.1000000127
177434219.06800002,2822464.399999985,2361944.1000000127
177434221.06800002,2822464.399999985,2361944.1000000127
177434223.06800002,2822464.399999985,2361944.1000000127
177434225.06800002,2822464.399999985,2361944.1000000127
177434227.06800002,2822464.399999985,2361944.1000000127
177434229.06800002,2822464.399999985,2361944.1000000127
177434231.06800002,2822464.399999985,2361944.1000000127
177434233.06800002,2822464.399999985,2361944.1000000127
177434235.06800002,2822464.399999985,2361944.1000000127
177434237.06800002,2822464.399999985,2361944.1000000127
177434239.06800002,2822464.299999985,2361944.1000000127
177434241.06800002,2822464.299999985,2361944.2000000128
177434243.06800002,2822464.299999985,2361944.2000000128
177434245.06800002,2822464.299999985,2361944.2000000128
177434247.06800002,2822464.299999985,2361944.2000000128
177434249.06800002,2822464.299999985,2361944.2000000128
177434251.06800002,2822464.299999985,2361944.2000000128
177434253.06800002,2822464.299999985,2361944.2000000128
177434255.06800002,2822464.299999985,2361944.300000013
177434257.06800002,2822464.299999985,2361944.300000013
177434259.06800002,2822464.299999985,2361944.300000013
177434261.06800002,2822464.299999985,2361944.300000013
177434263.06800002,2822464.299999985,2361944.300000013
177434265.06800002,2822464.299999985,2361944.300000013
177434267.06800002,2822464.299999985,2361944.400000013
177434269.06800002,2822464.299999985,2361944.400000013
177434271.06800002,2822464.299999985,2361944.400000013
177434273.06800002,2822464.299999985,2361944.400000013
177434275.06800002,2822464.299999985,2361944.400000013
177434277.06800002,2822464.299999985,2361944.400000013
177434279.06800002,2822464.299999985,2361944.500000013
177434281.06800002,2822464.299999985,2361944.500000013
177434283.06800002,2822464.299999985,2361944.500000013
177434285.06800002,2822464.299999985,2361944.500000013
177434287.06800002,2822464.299999985,2361944.500000013
177434289.06800002,2822464.299999985,2361944.500000013
177434291.06800002,2822464.299999985,2361944.500000013
177434293.06800002,2822464.299999985,2361944.500000013
177434295.06800002,2822464.299999985,2361944.500000013
177434297.06800002,2822464.299999985,2361944.500000013
177434299.06800002,2822464.299999985,2361944.500000013
177434301.06800002,2822464.299999985,2361944.500000013
177434303.06800002,2822464.299999985,2361944.500000013
177434305.06800002,2822464.299999985,2361944.500000013
177434307.06800002,2822464.299999985,2361944.500000013
177434309.06800002,2822464.299999985,2361944.500000013
177434311.06800002,2822464.299999985,2361944.500000013
177434313.06800002,2822464.299999985,2361944.500000013
177434315.06800002,2822464.199999985,2361944.500000013
177434317.06800002,2822464.199999985,2361944.500000013
177434319.06800002,2822464.199999985,2361944.500000013
177434321.06800002,2822464.199999985,2361944.500000013
177434323.06800002,2822464.199999985,2361944.500000013
177434325.06800002,2822464.199999985,2361944.500000013
177434327.06800002,2822464.199999985,2361944.500000013
177434329.06800002,2776412.199999985,2361944.500000013
177434331.06800002,2776412.199999985,2361944.500000013
177434333.06800002,2776412.199999985,2361944.500000013
177434335.06800002,2776412.199999985,2361944.500000013
177434337.06800002,2776412.199999985,2361944.500000013
177434339.06800002,2776412.199999985,2361944.500000013
177434341.06800002,2776412.199999985,2361944.500000013
177434343.06800002,2776412.199999985,2361944.500000013
177434345.06800002,2776412.199999985,2361944.500000013
177434347.06800002,2776412.199999985,2361944.500000013
177434349.06800002,2776412.199999985,2361944.500000013
177434351.06800002,2776412.199999985,2361944.500000013
177434353.06800002,2776412.199999985,2361944.500000013
177434355.06800002,2776412.199999985,2361944.500000013
177434357.06800002,2776412.199999985,2361944.500000013
177434359.06800002,2776412.199999985,2361944.500000013
177434361.06800002,2776412.199999985,2361944.500000013
177434363.06800002,2776412.0999999847,2361944.500000013
177434365.06800002,2776412.0999999847,2361944.500000013
177434367.06800002,2776412.0999999847,2361944.500000013
177434369.06800002,2776412.0999999847,2361944.500000013
177434371.06800002,2776412.0999999847,2361944.500000013
177434373.06800002,2776412.0999999847,2361944.500000013
177434375.06800002,2776412.0999999847,2361944.500000013
177434377.06800002,2776412.0999999847,2361944.500000013
177434379.06800002,2776412.0999999847,2361944.500000013
177434381.06800002,2776412.0999999847,2361944.500000013
177434383.06800002,2776412.0999999847,2361944.500000013
177434385.06800002,2776412.0999999847,2361944.500000013
177434387.06800002,2776412.0999999847,2361944.500000013
177434389.06800002,2776412.0999999847,2361944.500000013
177434391.06800002,2776412.0999999847,2361944.500000013
177434393.06800002,2776412.0999999847,2361944.500000013
177434395.06800002,2776412.0999999847,2361944.500000013
177434397.06800002,2776412.0999999847,2361944.500000013
177434399.06800002,2776412.0999999847,2361944.500000013
177434401.06800002,2776412.0999999847,2361944.500000013
177434403.06800002,2776412.0999999847,2361944.500000013
177434405.06800002,2776412.0999999847,2361944.500000013
177434407.06800002,2776412.0999999847,2361944.500000013
177434409.06800002,2776412.0999999847,2361944.500000013
177434411.06800002,2776412.0999999847,2361944.500000013
177434413.06800002,2776412.0999999847,2361944.500000013
177434415.06800002,2776412.0999999847,2361944.500000013
177434417.06800002,2776412.0999999847,2361944.500000013
177434419.06800002,2776412.0999999847,2361944.500000013
177434421.06800002,2776412.0999999847,2361944.500000013
177434423.06800002,2776412.0999999847,2361944.500000013
177434425.06800002,2776412.0999999847,2361944.500000013
177434427.06800002,2776411.9999999846,2361944.500000013
177434429.06800002,2776411.9999999846,2361944.500000013
177434431.06800002,2776411.9999999846,2361944.500000013
177434433.06800002,2776411.9999999846,2361944.500000013
177434435.06800002,2776411.9999999846,2361944.500000013
177434437.06800002,2776411.8999999845,2361944.500000013
177434439.06800002,2776411.8999999845,2361944.500000013
177434441.06800002,2776411.8999999845,2361944.500000013
177434443.06800002,2776411.8999999845,2361944.500000013
177434445.06800002,2776411.8999999845,2361944.500000013
177434447.06800002,2776411.8999999845,2361944.500000013
177434449.06800002,2776411.8999999845,2361944.500000013
177434451.06800002,2776411.9999999846,2361944.500000013
177434453.06800002,2776411.9999999846,2361944.500000013
177434455.06800002,2776411.9999999846,2361944.500000013
177434457.06800002,2776411.9999999846,2361944.500000013
177434459.06800002,2776411.9999999846,2361944.500000013
177434461.06800002,2776411.9999999846,2361944.500000013
177434463.06800002,2776411.9999999846,2361944.500000013
177434465.06800002,2776411.9999999846,2361944.500000013
177434467.06800002,2776411.9999999846,2361944.500000013
177434469.06800002,2776411.9999999846,2361944.500000013
177434471.06800002,2776411.9999999846,2361944.500000013
177434473.06800002,2776411.9999999846,2361944.500000013
177434475.06800002,2776411.9999999846,2361944.500000013
177434477.06800002,2776411.9999999846,2361944.500000013
177434479.06800002,2776411.9999999846,2361944.500000013
177434481.06800002,2776411.9999999846,2361944.500000013
177434483.06800002,2776411.9999999846,2361944.500000013
177434485.06800002,2776411.9999999846,2361944.500000013
177434487.06800002,2776411.9999999846,2361944.500000013
177434489.06800002,2776411.9999999846,2361944.500000013
177434491.06800002,2776411.9999999846,2361944.500000013
177434493.06800002,2776411.9999999846,2361944.500000013
177434495.06800002,2776411.9999999846,2361944.500000013
177434497.06800002,2776411.9999999846,2361944.500000013
177434499.06800002,2776411.9999999846,2361944.500000013
177434501.06800002,2776411.9999999846,2361944.500000013
177434503.06800002,2776411.9999999846,2361944.500000013
177434505.06800002,2776411.9999999846,2361944.500000013
177434507.06800002,2776411.9999999846,2361944.500000013
177434509.06800002,2776411.9999999846,2361944.500000013
177434511.06800002,2776411.9999999846,2361944.500000013
177434513.06800002,2776411.9999999846,2361944.500000013
177434515.06800002,2776411.9999999846,2361944.500000013
177434517.06800002,2776411.9999999846,2361944.500000013
177434519.06800002,2776411.9999999846,2361944.500000013
177434521.06800002,2776411.9999999846,2361944.500000013
177434523.06800002,2776411.9999999846,2361944.500000013
177434525.06800002,2776411.9999999846,2361944.500000013
177434527.06800002,2776411.9999999846,2361944.500000013
177434529.06800002,2776411.9999999846,2361944.500000013
177434531.06800002,2776411.9999999846,2361944.500000013
177434533.06800002,2776411.9999999846,2361944.500000013
177434535.06800002,2776411.9999999846,2361944.500000013
177434537.06800002,2776411.9999999846,2361944.500000013
177434539.06800002,2776411.9999999846,2361944.500000013
177434541.06800002,2776411.9999999846,2361944.500000013
177434543.06800002,2776411.9999999846,2361944.500000013
177434545.06800002,2776411.9999999846,2361944.500000013
177434547.06800002,2776411.9999999846,2361944.500000013
177434549.06800002,2776411.9999999846,2361944.500000013
177434551.06800002,2776411.8999999845,2361944.500000013
177434553.06800002,2776411.8999999845,2361944.500000013
177434555.06800002,2776411.8999999845,2361944.500000013
177434557.06800002,2776411.8999999845,2361944.500000013
177434559.06800002,2776411.8999999845,2361944.500000013
177434561.06800002,2776411.8999999845,2361944.500000013
177434563.06800002,2776411.8999999845,2361944.500000013
177434565.06800002,2776411.8999999845,2361944.500000013
177434567.06800002,2776411.8999999845,2361944.500000013
177434569.06800002,2776411.8999999845,2361944.500000013
177434571.06800002,2776411.8999999845,2361944.500000013
177434573.06800002,2776411.8999999845,2361944.400000013
177434575.06800002,2776411.7999999844,2361944.400000013
177434577.06800002,2776411.7999999844,2361944.400000013
177434579.06800002,2776411.7999999844,2361944.400000013
177434581.06800002,2776411.7999999844,2361944.400000013
177434583.06800002,2776411.7999999844,2361944.400000013
177434585.06800002,2776411.7999999844,2361944.500000013
177434587.06800002,2776411.7999999844,2361944.500000013
177434589.06800002,2776411.7999999844,2361944.500000013
177434591.06800002,2776411.7999999844,2361944.500000013
177434593.06800002,2776411.7999999844,2361944.500000013
177434595.06800002,2776411.7999999844,2361944.500000013
177434597.06800002,2776411.6999999844,2361944.500000013
177434599.06800002,2776411.6999999844,2361944.500000013
177434601.06800002,2776411.6999999844,2361944.500000013
177434603.06800002,2776411.6999999844,2361944.500000013
177434605.06800002,2776411.6999999844,2361944.500000013
177434607.06800002,2776411.6999999844,2361944.500000013
177434609.06800002,2776411.5999999843,2361944.500000013
177434611.06800002,2776411.5999999843,2361944.500000013
177434613.06800002,2776411.5999999843,2361944.500000013
177434615.06800002,2776411.5999999843,2361944.500000013
177434617.06800002,2776411.5999999843,2361944.500000013
177434619.06800002,2776411.5999999843,2361944.500000013
177434621.06800002,2776411.5999999843,2361944.500000013
177434623.06800002,2776411.499999984,2361944.500000013
177434625.06800002,2776411.499999984,2361944.500000013
177434627.06800002,2776411.499999984,2361944.500000013
177434629.06800002,2776411.499999984,2361944.500000013
177434631.06800002,2776411.399999984,2361944.500000013
177434633.06800002,2776411.299999984,2361944.500000013
177434635.06800002,2776411.299999984,2361944.500000013
177434637.06800002,2776411.299999984,2361944.500000013
177434639.06800002,2776411.299999984,2361944.500000013
177434641.06800002,2776411.299999984,2361944.500000013
177434643.06800002,2776411.299999984,2361944.500000013
177434645.06800002,2776411.299999984,2361944.500000013
177434647.06800002,2776411.299999984,2361944.500000013
177434649.06800002,2776411.299999984,2361944.500000013
177434651.06800002,2776411.299999984,2361944.500000013
177434653.06800002,2776411.299999984,2361944.500000013
177434655.06800002,2776411.299999984,2361944.500000013
177434657.06800002,2776411.299999984,2361944.600000013
177434659.06800002,2776411.299999984,2361944.600000013
177434661.06800002,2776411.299999984,2361944.600000013
177434663.06800002,2776411.299999984,2361944.600000013
177434665.06800002,2776411.299999984,2361944.600000013
177434667.06800002,2776411.299999984,2361944.600000013
177434669.06800002,2776411.299999984,2361944.600000013
177434671.06800002,2776411.299999984,2361944.600000013
177434673.06800002,2776411.299999984,2361944.600000013
177434675.06800002,2776411.299999984,2361944.600000013
177434677.06800002,2776411.299999984,2361944.600000013
177434679.06800002,2776411.299999984,2361944.600000013
177434681.06800002,2776411.299999984,2361944.600000013
177434683.06800002,2776411.299999984,2361944.600000013
177434685.06800002,2776411.299999984,2361944.600000013
177434687.06800002,2776411.299999984,2361944.600000013
177434689.06800002,2776411.299999984,2361944.600000013
177434691.06800002,2776411.299999984,2361944.600000013
177434693.06800002,2776411.299999984,2361944.600000013
177434695.06800002,2776411.299999984,2361944.600000013
177434697.06800002,2776411.299999984,2361944.600000013
177434699.06800002,2776411.299999984,2361944.600000013
177434701.06800002,2776411.199999984,2361944.600000013
177434703.06800002,2776411.199999984,2361944.600000013
177434705.06800002,2776411.199999984,2361944.600000013
177434707.06800002,2776411.199999984,2361944.600000013
177434709.06800002,2776411.199999984,2361944.700000013
177434711.06800002,2776411.099999984,2361944.600000013
177434713.06800002,2776411.099999984,2361944.600000013
177434715.06800002,2776411.099999984,2361944.600000013
177434717.06800002,2776410.9999999837,2361944.600000013
177434719.06800002,2776410.8999999836,2361944.600000013
177434721.06800002,2776410.8999999836,2361944.600000013
177434723.06800002,2776410.8999999836,2361944.600000013
177434725.06800002,2776410.8999999836,2361944.600000013
177434727.06800002,2776410.7999999835,2361944.600000013
177434729.06800002,2776410.7999999835,2361944.600000013
177434731.06800002,2776410.7999999835,2361944.600000013
177434733.06800002,2776410.7999999835,2361944.600000013
177434735.06800002,2776410.7999999835,2361944.600000013
177434737.06800002,2776410.7999999835,2361944.600000013
177434739.06800002,2776410.6999999834,2361944.600000013
177434741.06800002,2776410.6999999834,2361944.600000013
177434743.06800002,2776410.6999999834,2361944.600000013
177434745.06800002,2776410.6999999834,2361944.600000013
177434747.06800002,2776410.6999999834,2361944.600000013
177434749.06800002,2776410.6999999834,2361944.600000013
177434751.06800002,2776410.5999999833,2361944.600000013
177434753.06800002,2776410.5999999833,2361944.600000013
177434755.06800002,2776410.5999999833,2361944.600000013
177434757.06800002,2776410.5999999833,2361944.600000013
177434759.06800002,2776410.5999999833,2361944.600000013
177434761.06800002,2776410.5999999833,2361944.600000013
177434763.06800002,2776410.5999999833,2361944.600000013
177434765.06800002,2776410.5999999833,2361944.600000013
177434767.06800002,2776410.5999999833,2361944.600000013
177434769.06800002,2776410.5999999833,2361944.600000013
177434771.06800002,2776410.5999999833,2361944.600000013
177434773.06800002,2776410.5999999833,2361944.600000013
177434775.06800002,2776410.5999999833,2361944.600000013
177434777.06800002,2776410.5999999833,2361944.600000013
177434779.06800002,2776410.5999999833,2361944.600000013
177434781.06800002,2776410.899999983,2361944.600000013
177434783.06800002,2776410.899999983,2361944.600000013
177434785.06800002,2776410.899999983,2361944.600000013
177434787.06800002,2776410.899999983,2361944.600000013
177434789.06800002,2776410.899999983,2361944.600000013
177434791.06800002,2776410.899999983,2361944.600000013
177434793.06800002,2776410.899999983,2361944.600000013
177434795.06800002,2776410.899999983,2361944.600000013
177434797.06800002,2776410.799999983,2361944.600000013
177434799.06800002,2776410.799999983,2361944.600000013
177434801.06800002,2776410.799999983,2361944.600000013
177434803.06800002,2776410.799999983,2361944.600000013
177434805.06800002,2776410.799999983,2361944.600000013
177434807.06800002,2776410.799999983,2361944.600000013
177434809.06800002,2776410.799999983,2361944.600000013
177434811.06800002,2776410.799999983,2361944.600000013
177434813.06800002,2776410.799999983,2361944.600000013
177434815.06800002,2776410.799999983,2361944.600000013
177434817.06800002,2776410.799999983,2361944.600000013
177434819.06800002,2776410.799999983,2361944.600000013
177434821.06800002,2776410.799999983,2361944.600000013
177434823.06800002,2776410.799999983,2361944.600000013
177434825.06800002,2776410.799999983,2361944.600000013
177434827.06800002,2776410.799999983,2361944.600000013
177434829.06800002,2776410.699999983,2361944.600000013
177434831.06800002,2776410.699999983,2361944.600000013
177434833.06800002,2776410.699999983,2361944.600000013
177434835.06800002,2776410.699999983,2361944.600000013
177434837.06800002,2776410.699999983,2361944.600000013
177434839.06800002,2776410.699999983,2361944.600000013
177434841.06800002,2776410.699999983,2361944.600000013
177434843.06800002,2776410.699999983,2361944.700000013
177434845.06800002,2776410.699999983,2361944.700000013
177434847.06800002,2776410.699999983,2361944.700000013
177434849.06800002,2776410.699999983,2361944.700000013
177434851.06800002,2776410.699999983,2361944.700000013
177434853.06800002,2776410.699999983,2361944.700000013
177434855.06800002,2776410.699999983,2361944.700000013
177434857.06800002,2776410.699999983,2361944.700000013
177434859.06800002,2776410.699999983,2361944.700000013
177434861.06800002,2776410.699999983,2361944.700000013
177434863.06800002,2776410.699999983,2361944.700000013
177434865.06800002,2776410.699999983,2361944.700000013
177434867.06800002,2776410.699999983,2361944.700000013
177434869.06800002,2776410.699999983,2361944.700000013
177434871.06800002,2776410.699999983,2361944.700000013
177434873.06800002,2776410.699999983,2361944.700000013
177434875.06800002,2776410.699999983,2361944.700000013
177434877.06800002,2776410.699999983,2361944.700000013
177434879.06800002,2776410.699999983,2361944.700000013
177434881.06800002,2776410.699999983,2361944.700000013
177434883.06800002,2776410.699999983,2361944.700000013
177434885.06800002,2776410.699999983,2361944.700000013
177434887.06800002,2776410.699999983,2361944.700000013
177434889.06800002,2776410.699999983,2361944.700000013
177434891.06800002,2776410.699999983,2361944.700000013
177434893.06800002,2776410.699999983,2361944.700000013
177434895.06800002,2776410.599999983,2361944.700000013
177434897.06800002,2776410.599999983,2361944.700000013
177434899.06800002,2776410.599999983,2361944.700000013
177434901.06800002,2776410.599999983,2361944.700000013
177434903.06800002,2776410.599999983,2361944.700000013
177434905.06800002,2776410.599999983,2361944.700000013
177434907.06800002,2776410.599999983,2361944.700000013
177434909.06800002,2776410.499999983,2361944.700000013
177434911.06800002,2776410.499999983,2361944.700000013
177434913.06800002,2776410.499999983,2361944.700000013
177434915.06800002,2776410.599999983,2361944.700000013
177434917.06800002,2776410.599999983,2361944.700000013
177434919.06800002,2776410.599999983,2361944.700000013
177434921.06800002,2776410.599999983,2361944.700000013
177434923.06800002,2776410.599999983,2361944.700000013
177434925.06800002,2776410.599999983,2361944.700000013
177434927.06800002,2776410.599999983,2361944.8000000133
177434929.06800002,2776410.599999983,2361944.8000000133
177434931.06800002,2776410.599999983,2361944.8000000133
177434933.06800002,2776410.599999983,2361944.8000000133
177434935.06800002,2776410.599999983,2361944.8000000133
177434937.06800002,2776410.599999983,2361944.8000000133
177434939.06800002,2776410.599999983,2361944.8000000133
177434941.06800002,2776410.599999983,2361944.8000000133
177434943.06800002,2776410.599999983,2361944.8000000133
177434945.06800002,2776410.599999983,2361944.8000000133
177434947.06800002,2776410.499999983,2361944.8000000133
177434949.06800002,2776410.499999983,2361944.8000000133
177434951.06800002,2776410.499999983,2361944.8000000133
177434953.06800002,2776410.499999983,2361944.8000000133
177434955.06800002,2776410.499999983,2361944.8000000133
177434957.06800002,2776410.499999983,2361944.8000000133
177434959.06800002,2776410.499999983,2361944.8000000133
177434961.06800002,2776410.499999983,2361944.8000000133
177434963.06800002,2776410.499999983,2361944.8000000133
177434965.06800002,2776410.499999983,2361944.8000000133
177434967.06800002,2776410.499999983,2361944.8000000133
177434969.06800002,2776410.499999983,2361944.8000000133
177434971.06800002,2776410.499999983,2361944.8000000133
177434973.06800002,2776410.499999983,2361944.8000000133
177434975.06800002,2776410.499999983,2361944.8000000133
177434977.06800002,2776410.499999983,2361944.8000000133
177434979.06800002,2776410.499999983,2361944.8000000133
177434981.06800002,2776410.499999983,2361944.8000000133
177434983.06800002,2776410.499999983,2361944.8000000133
177434985.06800002,2776410.499999983,2361944.8000000133
177434987.06800002,2776410.499999983,2361944.8000000133
177434989.06800002,2776410.499999983,2361944.8000000133
177434991.06800002,2776410.499999983,2361944.8000000133
177434993.06800002,2776410.499999983,2361944.8000000133
177434995.06800002,2776410.499999983,2361944.8000000133
177434997.06800002,2776410.499999983,2361944.8000000133
177434999.06800002,2776410.499999983,2361944.8000000133
177435001.06800002,2776410.499999983,2361944.8000000133
177435003.06800002,2776410.499999983,2361944.8000000133
177435005.06800002,2776410.499999983,2361944.8000000133
177435007.06800002,2776410.499999983,2361944.8000000133
177435009.06800002,2776410.499999983,2361944.8000000133
177435011.06800002,2776410.499999983,2361944.8000000133
177435013.06800002,2776410.499999983,2361944.8000000133
177435015.06800002,2776410.499999983,2361944.8000000133
177435017.06800002,2776410.499999983,2361944.8000000133
177435019.06800002,2776410.499999983,2361944.8000000133
177435021.06800002,2776410.499999983,2361944.8000000133
177435023.06800002,2776410.499999983,2361944.8000000133
177435025.06800002,2776410.499999983,2361944.8000000133
177435027.06800002,2776410.499999983,2361944.8000000133
177435029.06800002,2776410.499999983,2361944.8000000133
177435031.06800002,2776410.499999983,2361944.8000000133
177435033.06800002,2776410.3999999827,2361944.8000000133
177435035.06800002,2776410.3999999827,2361944.8000000133
177435037.06800002,2776410.3999999827,2361944.8000000133
177435039.06800002,2776410.3999999827,2361944.8000000133
177435041.06800002,2776410.3999999827,2361944.9000000134
177435043.06800002,2776410.3999999827,2361944.9000000134
177435045.06800002,2776410.3999999827,2361944.9000000134
177435047.06800002,2776410.3999999827,2361944.9000000134
177435049.06800002,2776410.3999999827,2361944.8000000133
177435051.06800002,2776410.3999999827,2361944.700000013
177435053.06800002,2776410.3999999827,2361944.8000000133
177435055.06800002,2776410.3999999827,2361944.8000000133
177435057.06800002,2776410.3999999827,2361944.8000000133
177435059.06800002,2776410.3999999827,2361944.8000000133
177435061.06800002,2776410.3999999827,2361944.8000000133
177435063.06800002,2776410.3999999827,2361944.8000000133
177435065.06800002,2776410.2999999826,2361944.8000000133
177435067.06800002,2776410.2999999826,2361944.8000000133
177435069.06800002,2776410.2999999826,2361944.8000000133
177435071.06800002,2776410.2999999826,2361944.8000000133
177435073.06800002,2776410.2999999826,2361944.8000000133
177435075.06800002,2776410.2999999826,2361944.8000000133
177435077.06800002,2776410.2999999826,2361944.8000000133
177435079.06800002,2776410.2999999826,2361944.8000000133
177435081.06800002,2776410.2999999826,2361944.8000000133
177435083.06800002,2776410.2999999826,2361944.8000000133
177435085.06800002,2776410.2999999826,2361944.8000000133
177435087.06800002,2776410.2999999826,2361944.8000000133
177435089.06800002,2776410.2999999826,2361944.8000000133
177435091.06800002,2776410.2999999826,2361944.8000000133
177435093.06800002,2776410.2999999826,2361944.8000000133
177435095.06800002,2776410.2999999826,2361944.8000000133
177435097.06800002,2776410.2999999826,2361944.8000000133
177435099.06800002,2776410.2999999826,2361944.8000000133
177435101.06800002,2776410.2999999826,2361944.8000000133
177435103.06800002,2776410.2999999826,2361944.8000000133
177435105.06800002,2776410.2999999826,2361944.8000000133
177435107.06800002,2776410.2999999826,2361944.8000000133
177435109.06800002,2776410.2999999826,2361944.8000000133
177435111.06800002,2776410.2999999826,2361944.8000000133
177435113.06800002,2776410.2999999826,2361944.8000000133
177435115.06800002,2776410.2999999826,2361944.8000000133
177435117.06800002,2776410.2999999826,2361944.8000000133
177435119.06800002,2776410.2999999826,2361944.8000000133
177435121.06800002,2776410.2999999826,2361944.8000000133
177435123.06800002,2776410.2999999826,2361944.8000000133
177435125.06800002,2776410.2999999826,2361944.8000000133
177435127.06800002,2776410.2999999826,2361944.8000000133
177435129.06800002,2776410.2999999826,2361944.8000000133
177435131.06800002,2776410.2999999826,2361944.8000000133
177435133.06800002,2776410.2999999826,2361944.9000000134
177435135.06800002,2776410.2999999826,2361944.9000000134
177435137.06800002,2776410.2999999826,2361944.9000000134
177435139.06800002,2776410.2999999826,2361944.9000000134
177435141.06800002,2776410.1999999825,2361944.9000000134
177435143.06800002,2776410.1999999825,2361944.9000000134
177435145.06800002,2776410.1999999825,2361944.9000000134
177435147.06800002,2776410.1999999825,2361944.9000000134
177435149.06800002,2776410.1999999825,2361944.9000000134
177435151.06800002,2776410.1999999825,2361944.9000000134
177435153.06800002,2776410.1999999825,2361944.9000000134
177435155.06800002,2776410.1999999825,2361944.9000000134
177435157.06800002,2776410.1999999825,2361944.9000000134
177435159.06800002,2776410.1999999825,2361944.9000000134
177435161.06800002,2776410.0999999824,2361944.9000000134
177435163.06800002,2776410.0999999824,2361944.9000000134
177435165.06800002,2776410.0999999824,2361944.9000000134
177435167.06800002,2776410.0999999824,2361944.9000000134
177435169.06800002,2776410.0999999824,2361944.9000000134
177435171.06800002,2776409.9999999823,2361944.9000000134
177435173.06800002,2776410.0999999824,2361944.9000000134
177435175.06800002,2776410.0999999824,2361944.9000000134
177435177.06800002,2776410.0999999824,2361944.9000000134
177435179.06800002,2776410.0999999824,2361944.9000000134
177435181.06800002,2776410.0999999824,2361944.6000000136
177435183.06800002,2776410.0999999824,2361944.6000000136
177435185.06800002,2776410.0999999824,2361944.6000000136
177435187.06800002,2776410.0999999824,2361944.6000000136
177435189.06800002,2776410.0999999824,2361944.6000000136
177435191.06800002,2776410.0999999824,2361944.6000000136
177435193.06800002,2776409.9999999823,2361944.6000000136
177435195.06800002,2776409.899999982,2361944.6000000136
177435197.06800002,2776409.899999982,2361944.6000000136
177435199.06800002,2776409.799999982,2361944.6000000136
177435201.06800002,2776409.799999982,2361944.6000000136
177435203.06800002,2776409.699999982,2361944.6000000136
177435205.06800002,2776409.699999982,2361944.6000000136
177435207.06800002,2776409.699999982,2361944.6000000136
177435209.06800002,2776409.699999982,2361944.6000000136
177435211.06800002,2776409.699999982,2361944.6000000136
177435213.06800002,2776409.599999982,2361944.6000000136
177435215.06800002,2776409.599999982,2361944.6000000136
177435217.06800002,2776409.599999982,2361944.6000000136
177435219.06800002,2776409.599999982,2361944.6000000136
177435221.06800002,2776409.499999982,2361944.6000000136
177435223.06800002,2776409.499999982,2361944.6000000136
177435225.06800002,2776409.499999982,2361944.6000000136
177435227.06800002,2776409.499999982,2361944.6000000136
177435229.06800002,2776409.499999982,2361944.6000000136
177435231.06800002,2776409.499999982,2361944.6000000136
177435233.06800002,2776409.499999982,2361944.6000000136
177435235.06800002,2776409.499999982,2361944.6000000136
177435237.06800002,2776409.499999982,2361944.6000000136
177435239.06800002,2776409.499999982,2361944.6000000136
177435241.06800002,2776409.499999982,2361944.6000000136
177435243.06800002,2776409.499999982,2361944.6000000136
177435245.06800002,2776409.499999982,2361944.6000000136
177435247.06800002,2776409.499999982,2361944.6000000136
177435249.06800002,2776409.499999982,2361944.6000000136
177435251.06800002,2776409.499999982,2361944.6000000136
177435253.06800002,2776409.499999982,2361944.6000000136
177435255.06800002,2776409.499999982,2361944.6000000136
177435257.06800002,2776409.3999999817,2361944.6000000136
177435259.06800002,2776409.3999999817,2361944.6000000136
177435261.06800002,2776409.3999999817,2361944.7000000137
177435263.06800002,2776409.3999999817,2361944.7000000137
177435265.06800002,2776409.3999999817,2361944.7000000137
177435267.06800002,2776409.3999999817,2361944.7000000137
177435269.06800002,2776409.3999999817,2361944.7000000137
177435271.06800002,2776409.3999999817,2361944.7000000137
177435273.06800002,2776409.3999999817,2361944.7000000137
177435275.06800002,2776409.3999999817,2361944.7000000137
177435277.06800002,2776409.3999999817,2361944.7000000137
177435281.06800002,2776409.3999999817,2361944.7000000137
177435291.06800002,2776409.3999999817,2361944.7000000137
177435293.06800002,2776409.3999999817,2361944.7000000137
177435295.06800002,2776409.3999999817,2361944.7000000137
177435297.06800002,2776409.3999999817,2361944.7000000137
177435299.06800002,2776409.3999999817,2361944.7000000137
177435301.06800002,2776409.3999999817,2361944.7000000137
177435303.06800002,2776409.3999999817,2361944.7000000137
177435305.06800002,2776409.3999999817,2361944.7000000137
177435307.06800002,2776409.3999999817,2361944.7000000137
177435309.06800002,2776409.3999999817,2361944.7000000137
177435311.06800002,2776409.3999999817,2361944.7000000137
177435313.06800002,2776409.3999999817,2361944.7000000137
177435315.06800002,2776409.3999999817,2361944.7000000137
177435317.06800002,2776409.3999999817,2361944.7000000137
177435319.06800002,2776409.2999999817,2361943.6000000136
177435321.06800002,2776409.2999999817,2361943.6000000136
177435323.06800002,2776409.2999999817,2361943.6000000136
177435325.06800002,2776409.2999999817,2361943.6000000136
177435327.06800002,2776409.1999999816,2361943.6000000136
177435329.06800002,2776409.1999999816,2361943.6000000136
177435331.06800002,2776409.1999999816,2361943.6000000136
177435333.06800002,2776409.1999999816,2361943.6000000136
177435335.06800002,2776409.1999999816,2361943.6000000136
177435337.06800002,2776409.1999999816,2361943.6000000136
177435339.06800002,2776409.1999999816,2361943.6000000136
177435341.06800002,2776409.1999999816,2361943.6000000136
177435343.06800002,2776409.1999999816,2361943.6000000136
177435345.06800002,2776409.1999999816,2361943.6000000136
177435347.06800002,2776409.1999999816,2361943.6000000136
177435349.06800002,2776409.0999999815,2361943.6000000136
177435351.06800002,2776409.0999999815,2361943.6000000136
177435353.06800002,2776409.0999999815,2361943.6000000136
177435355.06800002,2776409.0999999815,2361943.6000000136
177435357.06800002,2776409.0999999815,2361943.6000000136
177435359.06800002,2776409.0999999815,2361943.6000000136
177435361.06800002,2776409.0999999815,2361943.6000000136
177435363.06800002,2776409.0999999815,2361943.6000000136
177435365.06800002,2776409.0999999815,2361943.6000000136
177435367.06800002,2776409.0999999815,2361943.6000000136
177435369.06800002,2776409.0999999815,2361943.6000000136
177435371.06800002,2776408.9999999814,2361943.6000000136
177435373.06800002,2776408.9999999814,2361943.6000000136
177435375.06800002,2776408.9999999814,2361943.6000000136
177435377.06800002,2776408.9999999814,2361943.6000000136
177435379.06800002,2776408.9999999814,2361943.6000000136
177435381.06800002,2776408.9999999814,2361943.6000000136
177435383.06800002,2776408.9999999814,2361943.6000000136
177435385.06800002,2776408.9999999814,2361943.6000000136
177435387.06800002,2776408.9999999814,2361943.6000000136
177435389.06800002,2776408.9999999814,2361943.6000000136
177435391.06800002,2776408.9999999814,2361943.6000000136
177435393.06800002,2776408.9999999814,2361943.6000000136
177435395.06800002,2776408.9999999814,2361943.6000000136
177435397.06800002,2776408.9999999814,2361943.7000000137
177435399.06800002,2776408.8999999813,2361943.7000000137
177435401.06800002,2776408.8999999813,2361943.7000000137
177435403.06800002,2776408.8999999813,2361943.7000000137
177435405.06800002,2776408.8999999813,2361943.7000000137
177435407.06800002,2776408.8999999813,2361943.7000000137
177435409.06800002,2776408.8999999813,2361943.7000000137
177435411.06800002,2776408.8999999813,2361943.7000000137
177435413.06800002,2776408.8999999813,2361943.7000000137
177435415.06800002,2776408.8999999813,2361943.7000000137
177435417.06800002,2776408.8999999813,2361943.7000000137
177435419.06800002,2776408.8999999813,2361943.7000000137
177435421.06800002,2776408.8999999813,2361943.7000000137
177435423.06800002,2776408.8999999813,2361943.7000000137
177435425.06800002,2776408.8999999813,2361943.7000000137
177435427.06800002,2776408.8999999813,2361943.7000000137
177435429.06800002,2776408.8999999813,2361943.7000000137
177435431.06800002,2776408.8999999813,2361943.7000000137
177435433.06800002,2776408.8999999813,2361943.7000000137
177435435.06800002,2776408.8999999813,2361943.7000000137
177435437.06800002,2776408.799999981,2361943.7000000137
177435439.06800002,2776408.799999981,2361943.7000000137
177435441.06800002,2776408.799999981,2361943.7000000137
177435443.06800002,2776408.799999981,2361943.7000000137
177435445.06800002,2776408.799999981,2361943.7000000137
177435447.06800002,2776408.799999981,2361943.7000000137
177435449.06800002,2776408.799999981,2361943.7000000137
177435451.06800002,2776408.799999981,2361943.7000000137
177435453.06800002,2776408.799999981,2361943.7000000137
177435455.06800002,2776408.799999981,2361943.7000000137
177435457.06800002,2776408.799999981,2361943.7000000137
177435459.06800002,2776408.799999981,2361943.7000000137
177435461.06800002,2776408.799999981,2361943.7000000137
177435463.06800002,2776408.799999981,2361943.7000000137
177435465.06800002,2776408.799999981,2361943.7000000137
177435467.06800002,2776408.799999981,2361943.7000000137
177435469.06800002,2776408.799999981,2361943.7000000137
177435471.06800002,2776408.799999981,2361943.7000000137
177435473.06800002,2776408.799999981,2361943.7000000137
177435475.06800002,2776408.799999981,2361943.7000000137
177435477.06800002,2776408.799999981,2361943.7000000137
177435479.06800002,2776408.799999981,2361943.7000000137
177435481.06800002,2776408.799999981,2361943.7000000137
177435483.06800002,2776408.699999981,2361943.7000000137
177435485.06800002,2776408.699999981,2361943.7000000137
177435487.06800002,2776408.699999981,2361943.7000000137
177435489.06800002,2776408.699999981,2361943.7000000137
177435491.06800002,2776408.699999981,2361943.7000000137
177435493.06800002,2776408.699999981,2361943.7000000137
177435495.06800002,2776408.699999981,2361943.7000000137
177435497.06800002,2776408.599999981,2361943.7000000137
177435499.06800002,2776408.599999981,2361943.7000000137
177435501.06800002,2734962.099999981,2361943.7000000137
177435503.06800002,2734962.099999981,2361943.7000000137
177435505.06800002,2734962.099999981,2361943.7000000137
177435507.06800002,2734962.099999981,2361943.7000000137
177435509.06800002,2734962.099999981,2361943.7000000137
177435511.06800002,2734962.099999981,2361943.7000000137
177435513.06800002,2734962.099999981,2361943.7000000137
177435515.06800002,2734961.999999981,2361943.7000000137
177435517.06800002,2734962.099999981,2361943.7000000137
177435519.06800002,2734961.999999981,2361943.7000000137
177435521.06800002,2734961.999999981,2361943.7000000137
177435523.06800002,2734961.999999981,2361943.7000000137
177435525.06800002,2734961.899999981,2361943.7000000137
177435527.06800002,2734961.899999981,2361943.7000000137
177435529.06800002,2734961.899999981,2361943.7000000137
177435531.06800002,2734961.899999981,2361943.7000000137
177435533.06800002,2734961.899999981,2361943.7000000137
177435535.06800002,2734961.899999981,2361943.7000000137
177435537.06800002,2734961.7999999807,2361943.7000000137
177435539.06800002,2734961.7999999807,2361943.7000000137
177435541.06800002,2734961.7999999807,2361943.7000000137
177435543.06800002,2734961.7999999807,2361943.7000000137
177435545.06800002,2734961.7999999807,2361943.7000000137
177435547.06800002,2734961.7999999807,2361943.7000000137
177435549.06800002,2734961.7999999807,2361943.7000000137
177435551.06800002,2734961.7999999807,2361943.7000000137
177435553.06800002,2734961.7999999807,2361943.7000000137
177435555.06800002,2734961.7999999807,2361943.7000000137
177435557.06800002,2734961.7999999807,2361943.7000000137
177435559.06800002,2734961.7999999807,2361943.7000000137
177435561.06800002,2734961.7999999807,2361943.7000000137
177435563.06800002,2734961.7999999807,2361943.7000000137
177435565.06800002,2734961.6999999806,2361943.7000000137
177435567.06800002,2734961.5999999805,2361943.7000000137
177435569.06800002,2734961.5999999805,2361943.7000000137
177435571.06800002,2734961.5999999805,2361943.7000000137
177435573.06800002,2734961.4999999804,2361943.7000000137
177435575.06800002,2734961.4999999804,2361943.7000000137
177435577.06800002,2734961.4999999804,2361943.7000000137
177435579.06800002,2734961.4999999804,2361943.7000000137
177435581.06800002,2734961.4999999804,2361943.7000000137
177435583.06800002,2734961.4999999804,2361943.7000000137
177435585.06800002,2734961.4999999804,2361943.7000000137
177435587.06800002,2734961.4999999804,2361943.7000000137
177435589.06800002,2734961.4999999804,2361943.7000000137
177435591.06800002,2734961.4999999804,2361943.7000000137
177435593.06800002,2734961.4999999804,2361943.7000000137
177435595.06800002,2734961.4999999804,2361943.7000000137
177435597.06800002,2734961.4999999804,2361943.7000000137
177435599.06800002,2734961.3999999803,2361943.7000000137
177435601.06800002,2734961.3999999803,2361943.7000000137
177435603.06800002,2734961.3999999803,2361943.7000000137
177435605.06800002,2734961.3999999803,2500000.0000000135
177435607.06800002,2734961.3999999803,2500000.0000000135
177435609.06800002,2734961.2999999803,2500000.0000000135
177435611.06800002,2734961.19999998,2500000.0000000135
177435613.06800002,2734961.19999998,2500000.0000000135
177435615.06800002,2734961.19999998,2500000.0000000135
177435617.06800002,2734961.19999998,2500000.0000000135
177435619.06800002,2734961.19999998,2500000.0000000135
177435621.06800002,2734961.19999998,2500000.0000000135
177435623.06800002,2734961.09999998,2500000.0000000135
177435625.06800002,2734961.09999998,2500000.0000000135
177435627.06800002,2734960.99999998,2500000.0000000135
177435629.06800002,2734960.99999998,2500000.0000000135
177435631.06800002,2734960.99999998,2500000.0000000135
177435633.06800002,2734960.99999998,2500000.0000000135
177435635.06800002,2734960.89999998,2500000.0000000135
177435637.06800002,2734960.89999998,2500000.0000000135
177435639.06800002,2734960.89999998,2361943.7000000137
177435641.06800002,2734960.79999998,2361943.7000000137
177435643.06800002,2734960.79999998,2361943.7000000137
177435645.06800002,2734960.79999998,2361943.7000000137
177435647.06800002,2734960.6999999797,2361943.7000000137
177435649.06800002,2734960.6999999797,2361943.7000000137
177435651.06800002,2734960.6999999797,2361943.7000000137
177435653.06800002,2734960.6999999797,2361943.7000000137
177435655.06800002,2734960.6999999797,2361943.7000000137
177435657.06800002,2734960.5999999796,2361943.7000000137
177435659.06800002,2734960.5999999796,2361943.7000000137
177435661.06800002,2734960.5999999796,2361943.7000000137
177435663.06800002,2734960.5999999796,2361943.7000000137
177435665.06800002,2734960.5999999796,2361943.7000000137
177435667.06800002,2734960.5999999796,2361943.7000000137
177435669.06800002,2734960.5999999796,2361943.7000000137
177435671.06800002,2734960.5999999796,2361943.7000000137
177435673.06800002,2734960.5999999796,2361943.7000000137
177435675.06800002,2734960.5999999796,2361943.7000000137
177435677.06800002,2734960.5999999796,2361943.7000000137
177435679.06800002,2734960.5999999796,2361943.7000000137
177435681.06800002,2734960.5999999796,2361943.7000000137
177435683.06800002,2734960.5999999796,2361943.7000000137
177435685.06800002,2734960.5999999796,2361943.7000000137
177435687.06800002,2734960.5999999796,2361943.7000000137
177435689.06800002,2734960.5999999796,2361943.7000000137
177435691.06800002,2734960.5999999796,2361943.7000000137
177435693.06800002,2734960.4999999795,2361943.7000000137
177435695.06800002,2734960.4999999795,2361943.7000000137
177435697.06800002,2734960.4999999795,2361943.7000000137
177435699.06800002,2734960.4999999795,2361943.7000000137
177435701.06800002,2734960.4999999795,2361942.900000014
177435703.06800002,2734960.4999999795,2335010.100000014
177435705.06800002,2734960.4999999795,2335010.100000014
177435707.06800002,2734960.3999999794,2335010.100000014
177435709.06800002,2734960.3999999794,2335010.100000014
177435711.06800002,2734960.3999999794,2335010.100000014
177435713.06800002,2734960.3999999794,2335010.100000014
177435715.06800002,2734960.3999999794,2100000.000000014
177435717.06800002,2734960.3999999794,2100000.000000014
177435719.06800002,2734960.3999999794,2100000.000000014
177435721.06800002,2734960.3999999794,2100000.000000014
177435723.06800002,2734960.3999999794,2100000.000000014
177435725.06800002,2734960.3999999794,2100000.000000014
177435727.06800002,2734960.3999999794,2100000.000000014
177435729.06800002,2734960.3999999794,2100000.000000014
177435731.06800002,2734960.3999999794,2100000.000000014
177435733.06800002,2734960.3999999794,2100000.000000014
177435735.06800002,2734960.3999999794,2100000.000000014
177435737.06800002,2734960.3999999794,2100000.000000014
177435739.06800002,2734960.2999999793,2100000.000000014
177435741.06800002,2734960.199999979,2100000.100000014
177435743.06800002,2734960.199999979,2100000.100000014
177435745.06800002,2734960.199999979,2100000.100000014
177435747.06800002,2734960.199999979,2100000.100000014
177435749.06800002,2734960.199999979,2100000.100000014
177435751.06800002,2734960.199999979,2100000.100000014
177435753.06800002,2734960.199999979,2100000.100000014
177435755.06800002,2734960.199999979,2100000.100000014
177435757.06800002,2734960.199999979,2100000.100000014
177435759.06800002,2734960.199999979,2100000.100000014
177435761.06800002,2734960.199999979,2100000.100000014
177435763.06800002,2734960.199999979,2100000.100000014
177435765.06800002,2734960.199999979,2100000.100000014
177435767.06800002,2734960.099999979,2100000.100000014
177435769.06800002,2734960.099999979,2100000.100000014
177435771.06800002,2734960.099999979,2100000.100000014
177435773.06800002,2734960.099999979,2100000.100000014
177435775.06800002,2734960.099999979,2100000.100000014
177435777.06800002,2734960.099999979,2100000.100000014
177435779.168,2734960.099999979,2100000.100000014
177435781.06800002,2734960.099999979,2100000.100000014
177435783.06800002,2734959.999999979,2100000.100000014
177435785.06800002,2734959.999999979,2100000.100000014
177435787.06800002,2734959.999999979,2100000.100000014
177435789.06800002,2734959.999999979,2100000.100000014
177435791.06800002,2734959.999999979,2100000.100000014
177435793.06800002,2734959.999999979,2100000.100000014
177435795.06800002,2734959.999999979,2100000.100000014
177435797.06800002,2734959.999999979,2100000.100000014
177435799.06800002,2734959.999999979,2100000.100000014
177435801.06800002,2734959.999999979,2100000.100000014
177435803.06800002,2734959.999999979,2100000.100000014
177435805.06800002,2734959.999999979,2100000.100000014
177435807.06800002,2734959.999999979,2100000.100000014
177435809.06800002,2734959.999999979,2100000.100000014
177435811.06800002,2734959.999999979,2100000.100000014
177435813.06800002,2734959.999999979,2100000.100000014
177435815.06800002,2734959.999999979,2100000.100000014
177435817.06800002,2734959.999999979,2100000.100000014
177435819.06800002,2734959.999999979,2100000.100000014
177435821.06800002,2734959.999999979,2100000.100000014
177435823.06800002,2734959.999999979,2100000.100000014
177435825.06800002,2734959.999999979,2100000.100000014
177435827.06800002,2734959.999999979,2100000.100000014
177435829.06800002,2734959.999999979,2100000.100000014
177435831.06800002,2734959.999999979,2100000.100000014
177435833.06800002,2734959.999999979,2100000.100000014
177435835.06800002,2734959.999999979,2100000.100000014
177435837.06800002,2734959.999999979,2100000.100000014
177435839.06800002,2734959.999999979,2100000.100000014
177435841.06800002,2734959.999999979,2100000.100000014
177435843.06800002,2734959.999999979,2100000.100000014
177435845.06800002,2734959.999999979,2100000.100000014
177435847.06800002,2734959.999999979,2100000.100000014
177435849.06800002,2734959.999999979,2100000.100000014
177435851.06800002,2734959.999999979,2100000.100000014
177435853.06800002,2734959.999999979,2100000.100000014
177435855.06800002,2734959.999999979,2100000.100000014
177435857.06800002,2734959.999999979,2100000.100000014
177435859.06800002,2734959.999999979,2100000.100000014
177435861.06800002,2734959.999999979,2100000.100000014
177435863.06800002,2734959.999999979,2100000.100000014
177435865.06800002,2734959.999999979,2100000.200000014
177435867.06800002,2734959.899999979,2100000.200000014
177435869.06800002,2734959.899999979,2100000.200000014
177435871.06800002,2734959.899999979,2100000.200000014
177435873.06800002,2734959.899999979,2100000.200000014
177435875.06800002,2734959.899999979,2100000.200000014
177435877.06800002,2734959.899999979,2100000.200000014
177435879.06800002,2734959.899999979,2100000.200000014
177435881.06800002,2734959.899999979,2100000.200000014
177435883.06800002,2734959.899999979,2100000.200000014
177435885.06800002,2734959.899999979,2100000.200000014
177435887.06800002,2734959.799999979,2100000.200000014
177435889.06800002,2734959.799999979,2100000.200000014
177435891.06800002,2734959.799999979,2100000.200000014
177435893.06800002,2734959.799999979,2100000.200000014
177435895.06800002,2734959.799999979,2100000.200000014
177435897.06800002,2734959.6999999788,2100000.200000014
177435899.06800002,2734959.6999999788,2100000.200000014
177435901.06800002,2734959.6999999788,2100000.200000014
177435903.06800002,2734959.6999999788,2100000.200000014
177435905.06800002,2734959.5999999787,2100000.200000014
177435907.06800002,2734959.5999999787,2100000.200000014
177435909.06800002,2734959.5999999787,2100000.200000014
177435911.06800002,2734959.5999999787,2100000.200000014
177435913.06800002,2671463.6999999788,2100000.200000014
177435915.06800002,2671463.6999999788,2100000.200000014
177435917.06800002,2671463.6999999788,2100000.200000014
177435919.06800002,2671463.6999999788,2100000.200000014
177435921.06800002,2671463.6999999788,2100000.200000014
177435923.06800002,2671463.5999999787,2100000.200000014
177435925.06800002,2671463.5999999787,2100000.200000014
177435927.06800002,2671463.5999999787,2100000.200000014
177435929.06800002,2671463.5999999787,2100000.200000014
177435931.06800002,2671463.5999999787,2100000.200000014
177435933.06800002,2671463.5999999787,2100000.200000014
177435935.06800002,2671463.5999999787,2100000.200000014
177435937.06800002,2671463.5999999787,2100000.200000014
177435939.06800002,2671463.4999999786,2100000.200000014
177435941.06800002,2671463.4999999786,2100000.200000014
177435943.06800002,2671463.4999999786,2100000.200000014
177435945.06800002,2671463.4999999786,2100000.200000014
177435947.06800002,2671463.4999999786,2100000.200000014
177435949.06800002,2671463.4999999786,2100000.200000014
177435951.06800002,2671463.3999999785,2100000.200000014
177435953.06800002,2671463.3999999785,2100000.200000014
177435955.06800002,2671463.3999999785,2100000.200000014
177435957.06800002,2671463.3999999785,2100000.200000014
177435959.06800002,2671463.3999999785,2100000.200000014
177435961.06800002,2671463.3999999785,2100000.200000014
177435963.06800002,2671463.3999999785,2100000.200000014
177435965.06800002,2671463.3999999785,2100000.200000014
177435967.06800002,2671463.3999999785,2100000.200000014
177435969.06800002,2734959.6999999783,2100000.200000014
177435971.06800002,2734959.6999999783,2100000.200000014
177435973.06800002,2734959.6999999783,2100000.200000014
177435975.06800002,2734959.6999999783,2100000.200000014
177435977.06800002,2734959.6999999783,2100000.200000014
177435979.06800002,2734959.6999999783,2100000.200000014
177435981.06800002,2734959.599999978,2100000.200000014
177435983.06800002,2734959.6999999783,2100000.200000014
177435985.06800002,2734959.6999999783,2100000.200000014
177435987.06800002,2734959.6999999783,2100000.200000014
177435989.06800002,2734959.6999999783,2100000.200000014
177435991.06800002,2734959.6999999783,2100000.200000014
177435993.06800002,2734959.6999999783,2100000.200000014
177435995.06800002,2734959.6999999783,2100000.200000014
177435997.06800002,2734959.6999999783,2100000.200000014
177435999.06800002,2734959.6999999783,2100000.200000014
177436001.06800002,2734959.6999999783,2100000.3000000142
177436003.06800002,2734959.6999999783,2100000.3000000142
177436005.06800002,2734959.6999999783,2100000.3000000142
177436007.06800002,2734959.6999999783,2100000.3000000142
177436009.06800002,2734959.6999999783,2100000.3000000142
177436011.06800002,2734959.6999999783,2100000.3000000142
177436013.06800002,2734959.6999999783,2100000.3000000142
177436015.06800002,2734959.8999999785,2100000.3000000142
177436017.06800002,2734960.2999999784,2100000.200000014
177436019.06800002,2734960.1999999783,2100000.200000014
177436021.06800002,2734960.1999999783,2100000.200000014
177436023.06800002,2734960.099999978,2550000.000000014
177436025.06800002,2734959.999999978,2550000.000000014
177436027.06800002,2734959.999999978,2550000.000000014
177436029.06800002,2734959.999999978,2550000.000000014
177436031.06800002,2734959.999999978,2550000.000000014
177436033.06800002,2734959.999999978,2550000.000000014
177436035.06800002,2734959.899999978,2550000.000000014
177436037.06800002,2734959.799999978,2550000.000000014
177436039.06800002,2734959.799999978,2550000.000000014
177436041.06800002,2734959.699999978,2550000.000000014
