Timestamp,Buy_Price,Sell_Price
177427343.1633,916.7,330.9
177427345.1633,916.7,330.9
177427347.1633,916.7,330.9
177427349.1633,916.7,330.9
177427351.1633,916.7,330.9
177427353.1633,916.7,330.9
177427355.1633,916.7,330.9
177427357.1633,916.7,330.9
177427359.1633,916.7,330.9
177427361.1633,916.7,330.9
177427363.1633,916.7,330.9
177427365.1633,916.7,330.9
177427367.1633,916.7,330.9
177427369.1633,916.7,330.9
177427371.1633,916.7,330.9
177427373.1633,916.7,330.9
177427375.1633,916.7,330.9
177427377.1633,916.7,330.9
177427379.1633,916.7,330.9
177427381.1633,916.7,330.9
177427383.1633,916.7,330.9
177427385.1633,916.7,330.9
177427387.1633,916.7,330.9
177427389.1633,916.7,330.9
177427391.1633,916.7,330.9
177427393.1633,916.7,330.9
177427395.1633,916.7,330.9
177427397.1633,916.7,330.9
177427399.1633,916.7,330.9
177427401.1633,916.7,330.9
177427403.1633,916.7,330.9
177427405.1633,916.7,330.9
177427407.1633,916.7,330.9
177427409.1633,916.7,330.9
177427411.1633,916.7,330.9
177427413.1633,916.7,330.9
177427415.1633,916.7,330.9
177427417.1633,916.7,330.9
177427419.1633,916.7,330.9
177427421.1633,916.7,330.9
177427423.1633,916.7,330.9
177427425.1633,916.7,330.9
177427427.1633,916.7,330.9
177427429.1633,916.7,330.9
177427431.1633,916.7,330.9
177427433.1633,916.7,330.9
177427435.1633,916.7,330.9
177427437.1633,916.7,330.9
177427439.1633,916.7,330.9
177427441.1633,916.7,330.9
177427443.1633,916.7,330.9
177427445.1633,916.7,330.9
177427447.1633,916.7,330.9
177427449.1633,916.7,330.9
177427451.1633,916.7,330.9
177427453.1633,916.7,330.9
177427455.1633,916.7,330.9
177427457.1633,916.7,330.9
177427459.1633,916.7,330.9
177427461.1633,916.7,330.9
177427463.1633,916.7,330.9
177427465.1633,916.7,330.9
177427467.1633,916.7,330.9
177427469.1633,916.7,330.9
177427471.1633,916.7,330.9
177427473.1633,916.7,330.9
177427475.1633,916.7,330.9
177427477.1633,916.7,330.9
177427479.1633,916.7,330.9
177427481.1633,916.7,330.9
177427483.1633,916.7,330.9
177427485.1633,916.7,330.9
177427487.1633,916.7,330.9
177427489.1633,916.7,330.9
177427491.1633,916.7,330.9
177427493.1633,916.7,330.9
177427495.1633,916.7,330.9
177427497.1633,916.7,330.9
177427499.1633,916.7,330.9
177427501.1633,916.7,330.9
177427503.1633,916.7,330.9
177427505.1633,916.7,330.9
177427507.1633,916.7,330.9
177427509.1633,916.7,330.9
177427511.1633,916.7,330.9
177427513.1633,916.7,330.9
177427515.1633,916.7,330.9
177427517.1633,916.7,330.9
177427519.1633,916.7,330.9
177427521.1633,916.7,330.9
177427523.1633,916.7,330.9
177427525.1633,916.7,330.9
177427527.1633,916.7,330.9
177427529.1633,916.7,330.9
177427531.1633,916.7,330.9
177427533.1633,916.7,331.0
177427535.1633,916.7,331.1
177427537.1633,916.7,331.1
177427539.1633,916.7,331.1
177427541.1633,916.7,331.1
177427543.1633,916.7,331.1
177427545.1633,916.7,331.1
177427547.1633,916.7,331.1
177427549.1633,916.7,331.1
177427551.1633,916.7,331.1
177427553.1633,916.7,331.1
177427555.1633,916.7,331.1
177427557.1633,916.7,331.1
177427559.1633,916.7,331.1
177427561.1633,916.7,331.1
177427563.1633,916.7,331.1
177427565.1633,916.7,331.1
177427567.1633,916.7,331.1
177427569.1633,916.7,331.1
177427571.1633,916.7,331.1
177427573.1633,916.7,331.1
177427575.1633,916.7,331.1
177427577.1633,916.7,331.1
177427579.1633,916.7,331.1
177427581.1633,916.7,331.1
177427583.1633,916.7,331.1
177427585.1633,916.8000000000001,331.1
177427587.1633,916.8000000000001,331.1
177427589.1633,916.8000000000001,331.1
177427591.1633,916.8000000000001,331.1
177427593.1633,916.8000000000001,331.1
177427595.1633,916.8000000000001,331.1
177427597.1633,916.8000000000001,331.1
177427599.1633,916.8000000000001,331.1
177427601.1633,916.8000000000001,331.1
177427603.1633,916.8000000000001,331.1
177427605.1633,916.8000000000001,331.1
177427607.1633,916.8000000000001,331.1
177427609.1633,916.8000000000001,331.1
177427611.1633,916.8000000000001,331.1
177427613.1633,916.8000000000001,331.1
177427615.1633,916.8000000000001,331.1
177427617.1633,916.8000000000001,331.1
177427619.1633,916.8000000000001,331.1
177427621.1633,916.8000000000001,331.1
177427623.1633,916.8000000000001,331.1
177427625.1633,916.8000000000001,331.1
177427627.1633,916.8000000000001,331.1
177427629.1633,916.8000000000001,331.1
177427631.1633,916.8000000000001,331.1
177427633.1633,916.8000000000001,331.1
177427635.1633,916.8000000000001,331.1
177427637.1633,916.8000000000001,331.1
177427639.1633,916.8000000000001,331.1
177427641.1633,916.8000000000001,331.1
177427643.1633,916.8000000000001,331.1
177427645.1633,916.8000000000001,331.1
177427647.1633,916.8000000000001,331.1
177427649.1633,916.8000000000001,331.1
177427651.1633,916.8000000000001,331.1
177427653.1633,916.8000000000001,331.1
177427655.1633,916.8000000000001,331.1
177427657.1633,916.8000000000001,331.1
177427659.1633,916.8000000000001,331.1
177427661.1633,916.8000000000001,331.1
177427663.1633,916.8000000000001,331.1
177427665.1633,916.8000000000001,331.1
177427667.1633,916.8000000000001,331.1
177427669.1633,916.8000000000001,331.1
177427671.1633,916.8000000000001,331.1
177427673.1633,916.8000000000001,331.1
177427675.1633,916.8000000000001,331.1
177427677.1633,916.8000000000001,331.1
177427679.1633,916.8000000000001,331.1
177427681.1633,916.8000000000001,331.1
177427683.1633,916.8000000000001,331.1
177427685.1633,916.8000000000001,331.1
177427687.1633,916.8000000000001,331.1
177427689.1633,916.8000000000001,331.1
177427691.1633,916.8000000000001,331.1
177427693.1633,916.8000000000001,331.1
177427695.1633,916.8000000000001,331.1
177427697.1633,916.8000000000001,331.1
177427699.1633,916.8000000000001,331.1
177427701.1633,916.8000000000001,331.1
177427703.1633,916.8000000000001,331.1
177427705.1633,916.8000000000001,331.1
177427707.1633,916.8000000000001,331.1
177427709.1633,916.8000000000001,331.1
177427711.1633,916.8000000000001,331.1
177427713.1633,916.8000000000001,331.1
177427715.1633,916.8000000000001,331.1
177427717.1633,916.8000000000001,331.1
177427719.1633,916.8000000000001,331.1
177427721.1633,916.8000000000001,331.1
177427723.1633,916.8000000000001,331.1
177427725.1633,916.8000000000001,331.1
177427727.1633,916.8000000000001,331.1
177427729.1633,916.8000000000001,331.1
177427731.1633,916.8000000000001,331.1
177427733.1633,916.8000000000001,331.1
177427735.1633,916.8000000000001,331.1
177427737.1633,916.8000000000001,331.1
177427739.1633,916.8000000000001,331.1
177427741.1633,916.8000000000001,331.1
177427743.1633,916.8000000000001,331.1
177427745.1633,916.8000000000001,331.1
177427747.1633,916.8000000000001,331.20000000000005
177427749.1633,916.8000000000001,331.20000000000005
177427751.1633,916.8000000000001,331.20000000000005
177427753.1633,916.8000000000001,331.20000000000005
177427755.1633,916.8000000000001,331.30000000000007
177427757.1633,916.8000000000001,331.30000000000007
177427759.1633,916.8000000000001,331.30000000000007
177427761.1633,916.8000000000001,331.30000000000007
177427763.1633,916.8000000000001,331.30000000000007
177427765.1633,916.8000000000001,331.30000000000007
177427767.1633,916.8000000000001,331.30000000000007
177427769.1633,916.8000000000001,331.30000000000007
177427771.1633,916.8000000000001,331.30000000000007
177427773.1633,916.8000000000001,331.30000000000007
177427775.1633,916.8000000000001,331.30000000000007
177427777.1633,916.8000000000001,331.30000000000007
177427779.1633,916.8000000000001,331.30000000000007
177427781.1633,916.8000000000001,331.30000000000007
177427783.1633,916.8000000000001,331.30000000000007
177427785.1633,916.8000000000001,331.30000000000007
177427787.1633,916.8000000000001,331.30000000000007
177427789.1633,916.8000000000001,331.30000000000007
177427791.1633,916.8000000000001,331.30000000000007
177427793.1633,916.8000000000001,331.30000000000007
177427795.1633,916.8000000000001,331.30000000000007
177427797.1633,916.8000000000001,331.30000000000007
177427799.1633,916.8000000000001,331.30000000000007
177427801.1633,916.8000000000001,331.30000000000007
177427805.1633,916.8000000000001,331.30000000000007
177427807.1633,916.8000000000001,331.30000000000007
177427809.1633,916.8000000000001,331.30000000000007
177427811.1633,916.8000000000001,331.30000000000007
177427813.1633,916.8000000000001,331.30000000000007
177427815.1633,916.8000000000001,331.30000000000007
177427817.1633,916.8000000000001,331.30000000000007
177427819.1633,916.8000000000001,331.30000000000007
177427821.1633,916.8000000000001,331.30000000000007
177427823.1633,916.8000000000001,331.30000000000007
177427825.1633,916.8000000000001,331.30000000000007
177427827.1633,916.8000000000001,331.30000000000007
177427829.1633,916.8000000000001,331.30000000000007
177427831.1633,916.8000000000001,331.30000000000007
177427833.1633,916.8000000000001,331.30000000000007
177427835.1633,916.8000000000001,331.30000000000007
177427837.1633,916.8000000000001,331.30000000000007
177427839.1633,916.8000000000001,331.30000000000007
177427841.1633,916.8000000000001,331.30000000000007
177427843.1633,916.8000000000001,331.30000000000007
177427845.1633,916.8000000000001,331.30000000000007
177427847.1633,916.8000000000001,331.30000000000007
177427849.1633,916.8000000000001,331.30000000000007
177427851.1633,916.8000000000001,331.30000000000007
177427853.1633,916.8000000000001,331.30000000000007
177427855.1633,916.8000000000001,331.30000000000007
177427857.1633,916.8000000000001,331.30000000000007
177427859.1633,916.8000000000001,331.30000000000007
177427861.1633,916.8000000000001,331.30000000000007
177427863.1633,916.8000000000001,331.30000000000007
177427865.1633,916.8000000000001,331.30000000000007
177427867.1633,916.8000000000001,331.30000000000007
177427869.1633,916.8000000000001,331.30000000000007
177427871.1633,916.8000000000001,331.30000000000007
177427873.1633,916.8000000000001,331.30000000000007
177427875.1633,916.8000000000001,331.30000000000007
177427877.1633,916.8000000000001,331.30000000000007
177427879.1633,916.8000000000001,331.30000000000007
177427881.1633,916.8000000000001,331.30000000000007
177427883.1633,916.8000000000001,331.30000000000007
177427885.1633,916.8000000000001,331.30000000000007
177427887.1633,916.8000000000001,331.30000000000007
177427889.1633,916.8000000000001,331.30000000000007
177427891.1633,916.8000000000001,331.30000000000007
177427893.1633,916.8000000000001,331.30000000000007
177427895.1633,916.8000000000001,331.30000000000007
177427897.1633,916.8000000000001,331.30000000000007
177427899.1633,916.8000000000001,331.30000000000007
177427901.1633,916.8000000000001,331.30000000000007
177427903.1633,916.8000000000001,331.30000000000007
177427905.1633,916.8000000000001,331.30000000000007
177427907.1633,916.8000000000001,331.30000000000007
177427909.1633,916.8000000000001,331.30000000000007
177427911.1633,916.8000000000001,331.30000000000007
177427913.1633,916.8000000000001,331.30000000000007
177427915.1633,916.8000000000001,331.30000000000007
177427917.1633,916.8000000000001,331.30000000000007
177427919.1633,916.8000000000001,331.30000000000007
177427921.1633,916.8000000000001,331.30000000000007
177427923.1633,916.8000000000001,331.30000000000007
177427925.1633,916.8000000000001,331.30000000000007
177427927.1633,916.8000000000001,331.30000000000007
177427929.1633,916.8000000000001,331.30000000000007
177427931.1633,916.8000000000001,331.30000000000007
177427933.1633,916.8000000000001,331.30000000000007
177427935.1633,916.8000000000001,331.30000000000007
177427937.1633,916.8000000000001,331.30000000000007
177427939.1633,916.8000000000001,331.30000000000007
177427941.1633,916.8000000000001,331.30000000000007
177427943.1633,916.8000000000001,331.30000000000007
177427945.1633,916.8000000000001,331.30000000000007
177427947.1633,916.8000000000001,331.30000000000007
177427949.1633,916.8000000000001,331.30000000000007
177427951.1633,916.8000000000001,331.30000000000007
177427953.1633,916.8000000000001,331.30000000000007
177427955.1633,916.8000000000001,331.30000000000007
177427957.1633,916.8000000000001,331.30000000000007
177427959.1633,916.8000000000001,331.30000000000007
177427961.1633,916.8000000000001,331.30000000000007
177427963.1633,916.8000000000001,331.30000000000007
177427965.1633,916.8000000000001,331.30000000000007
177427967.1633,916.8000000000001,331.30000000000007
177427969.1633,916.8000000000001,331.30000000000007
177427971.1633,916.8000000000001,331.30000000000007
177427973.1633,916.8000000000001,331.30000000000007
177427975.1633,916.8000000000001,331.30000000000007
177427977.1633,916.8000000000001,331.30000000000007
177427979.1633,916.8000000000001,331.30000000000007
177427981.1633,916.8000000000001,331.30000000000007
177427983.1633,916.8000000000001,331.30000000000007
177427985.1633,916.8000000000001,331.30000000000007
177427987.1633,916.8000000000001,331.30000000000007
177427989.1633,916.8000000000001,331.30000000000007
177427991.1633,916.8000000000001,331.30000000000007
177427993.1633,916.8000000000001,331.30000000000007
177427995.1633,916.8000000000001,331.30000000000007
177427997.1633,916.8000000000001,331.30000000000007
177427999.1633,916.8000000000001,331.30000000000007
177428001.1633,916.8000000000001,331.30000000000007
177428003.1633,916.8000000000001,331.30000000000007
177428005.1633,916.8000000000001,331.30000000000007
177428007.1633,916.8000000000001,331.30000000000007
177428009.1633,916.8000000000001,331.30000000000007
177428011.1633,916.8000000000001,331.30000000000007
177428013.1633,916.8000000000001,331.30000000000007
177428015.1633,916.8000000000001,331.30000000000007
177428017.1633,916.8000000000001,331.30000000000007
177428019.1633,916.8000000000001,331.30000000000007
177428021.1633,916.8000000000001,331.30000000000007
177428023.1633,916.8000000000001,331.30000000000007
177428025.1633,916.8000000000001,331.30000000000007
177428027.1633,916.8000000000001,331.30000000000007
177428029.1633,916.8000000000001,331.30000000000007
177428031.1633,916.8000000000001,331.30000000000007
177428033.1633,916.8000000000001,331.30000000000007
177428035.1633,916.8000000000001,331.30000000000007
177428037.1633,916.8000000000001,331.30000000000007
177428039.1633,916.8000000000001,331.30000000000007
177428041.1633,916.8000000000001,331.30000000000007
177428043.1633,916.8000000000001,331.30000000000007
177428045.1633,916.8000000000001,331.30000000000007
177428047.1633,916.8000000000001,331.30000000000007
177428049.1633,916.8000000000001,331.30000000000007
177428051.1633,916.8000000000001,331.30000000000007
177428053.1633,916.8000000000001,331.30000000000007
177428055.1633,916.8000000000001,331.30000000000007
177428057.1633,916.8000000000001,331.30000000000007
177428059.1633,916.8000000000001,331.30000000000007
177428061.1633,916.8000000000001,331.30000000000007
177428063.1633,916.8000000000001,331.30000000000007
177428065.1633,916.8000000000001,331.30000000000007
177428067.1633,916.8000000000001,331.30000000000007
177428069.1633,916.8000000000001,331.30000000000007
177428071.1633,916.8000000000001,331.30000000000007
177428073.1633,916.8000000000001,331.30000000000007
177428075.1633,916.8000000000001,331.30000000000007
177428077.1633,916.8000000000001,331.30000000000007
177428079.1633,916.8000000000001,331.30000000000007
177428081.1633,916.8000000000001,331.30000000000007
177428083.1633,916.8000000000001,331.30000000000007
177428085.1633,916.8000000000001,331.30000000000007
177428087.1633,916.8000000000001,331.30000000000007
177428089.1633,916.8000000000001,331.30000000000007
177428091.1633,916.8000000000001,331.30000000000007
177428093.1633,916.8000000000001,331.30000000000007
177428095.1633,916.8000000000001,331.30000000000007
177428097.1633,916.8000000000001,331.30000000000007
177428099.1633,916.8000000000001,331.30000000000007
177428101.1633,916.8000000000001,331.30000000000007
177428103.1633,916.8000000000001,331.30000000000007
177428105.1633,916.8000000000001,331.30000000000007
177428107.1633,916.8000000000001,331.30000000000007
177428109.1633,916.8000000000001,331.30000000000007
177428111.1633,916.8000000000001,331.30000000000007
177428113.1633,916.8000000000001,331.30000000000007
177428115.1633,916.8000000000001,331.30000000000007
177428117.1633,916.8000000000001,331.30000000000007
177428119.1633,916.8000000000001,331.30000000000007
177428121.1633,916.8000000000001,331.30000000000007
177428123.1633,916.8000000000001,331.30000000000007
177428125.1633,916.8000000000001,331.30000000000007
177428127.1633,916.8000000000001,331.30000000000007
177428129.1633,916.8000000000001,331.30000000000007
177428131.1633,916.8000000000001,331.30000000000007
177428133.1633,916.8000000000001,331.4000000000001
177428135.1633,916.8000000000001,331.4000000000001
177428137.1633,916.8000000000001,331.4000000000001
177428139.1633,916.8000000000001,331.4000000000001
177428141.1633,916.8000000000001,331.4000000000001
177428143.1633,916.7,331.5000000000001
177428145.1633,916.7,331.5000000000001
177428147.1633,916.7,331.5000000000001
177428149.1633,916.7,331.5000000000001
177428151.1633,916.7,331.5000000000001
177428153.1633,916.7,331.5000000000001
177428155.1633,916.7,331.5000000000001
177428157.1633,916.7,331.5000000000001
177428159.1633,916.7,331.5000000000001
177428161.1633,916.7,331.5000000000001
177428163.1633,916.7,331.5000000000001
177428165.1633,916.7,331.5000000000001
177428167.1633,916.7,331.5000000000001
177428169.1633,916.7,331.5000000000001
177428171.1633,916.7,331.5000000000001
177428173.1633,916.7,331.5000000000001
177428175.1633,916.7,331.5000000000001
177428177.1633,916.7,331.5000000000001
177428179.1633,916.7,331.5000000000001
177428181.1633,916.7,331.5000000000001
177428183.1633,916.7,331.5000000000001
177428185.1633,916.7,331.5000000000001
177428187.1633,916.7,331.5000000000001
177428189.1633,916.7,331.5000000000001
177428191.1633,916.7,331.5000000000001
177428193.1633,916.7,331.5000000000001
177428195.1633,916.7,331.5000000000001
177428197.1633,916.7,331.5000000000001
177428199.1633,916.7,331.5000000000001
177428201.1633,916.7,331.5000000000001
177428203.1633,916.7,331.5000000000001
177428205.1633,916.7,331.5000000000001
177428207.1633,916.7,331.5000000000001
177428209.1633,916.7,331.5000000000001
177428211.1633,916.7,331.5000000000001
177428213.1633,916.7,331.5000000000001
177428215.1633,916.7,331.5000000000001
177428217.1633,916.7,331.5000000000001
177428219.1633,916.7,331.5000000000001
177428221.1633,916.7,331.5000000000001
177428223.1633,916.7,331.5000000000001
177428225.1633,916.7,331.5000000000001
177428227.1633,916.7,331.5000000000001
177428229.1633,916.7,331.5000000000001
177428231.1633,916.7,331.5000000000001
177428233.1633,916.7,331.5000000000001
177428235.1633,916.7,331.5000000000001
177428237.1633,916.7,331.5000000000001
177428239.1633,916.7,331.5000000000001
177428241.1633,916.7,331.5000000000001
177428243.1633,916.7,331.5000000000001
177428245.1633,916.7,331.5000000000001
177428247.1633,916.7,331.5000000000001
177428249.1633,916.7,331.5000000000001
177428251.1633,916.7,331.5000000000001
177428253.1633,916.7,331.5000000000001
177428255.1633,916.7,331.5000000000001
177428257.1633,916.7,331.5000000000001
177428259.1633,916.7,331.5000000000001
177428261.1633,916.7,331.5000000000001
177428263.1633,916.7,331.5000000000001
177428265.1633,916.7,331.5000000000001
177428267.1633,916.7,331.5000000000001
177428269.1633,916.7,331.5000000000001
177428271.1633,916.7,331.5000000000001
177428273.1633,916.7,331.5000000000001
177428275.1633,916.7,331.5000000000001
177428277.1633,916.7,331.5000000000001
177428279.1633,916.7,331.5000000000001
177428281.1633,916.7,331.5000000000001
177428283.1633,916.7,331.5000000000001
177428285.1633,916.7,331.5000000000001
177428287.1633,916.7,331.5000000000001
177428289.1633,916.7,331.5000000000001
177428291.1633,916.7,331.5000000000001
177428293.1633,916.7,331.5000000000001
177428295.1633,916.7,331.5000000000001
177428297.1633,916.7,331.5000000000001
177428299.1633,916.7,331.5000000000001
177428301.1633,916.7,331.5000000000001
177428303.1633,916.7,331.5000000000001
177428305.1633,916.7,331.5000000000001
177428307.1633,916.7,331.5000000000001
177428309.1633,916.7,331.5000000000001
177428311.1633,916.7,331.5000000000001
177428313.1633,916.7,331.5000000000001
177428315.1633,916.7,331.5000000000001
177428317.1633,916.7,331.5000000000001
177428319.1633,916.7,331.5000000000001
177428321.1633,916.7,331.5000000000001
177428323.1633,916.7,331.5000000000001
177428325.1633,916.7,331.5000000000001
177428327.1633,916.7,331.5000000000001
177428329.1633,916.7,331.5000000000001
177428331.1633,916.7,331.5000000000001
177428333.1633,916.7,331.5000000000001
177428335.1633,916.7,331.5000000000001
177428337.1633,916.7,331.5000000000001
177428339.1633,916.7,331.5000000000001
177428341.1633,916.7,331.5000000000001
177428343.1633,916.7,331.5000000000001
177428345.1633,916.7,331.5000000000001
177428347.1633,916.7,331.5000000000001
177428349.1633,916.7,331.5000000000001
177428351.1633,916.7,331.5000000000001
177428353.1633,916.7,331.5000000000001
177428355.1633,916.7,331.5000000000001
177428357.1633,916.7,331.5000000000001
177428359.1633,916.7,331.5000000000001
177428361.1633,916.7,331.5000000000001
177428363.1633,916.7,331.5000000000001
177428365.1633,916.7,331.5000000000001
177428367.1633,916.7,331.5000000000001
177428369.1633,916.7,331.5000000000001
177428371.1633,916.7,331.5000000000001
177428373.1633,916.7,331.5000000000001
177428375.1633,916.7,331.5000000000001
177428377.1633,916.7,331.5000000000001
177428379.1633,916.7,331.5000000000001
177428381.1633,916.7,331.5000000000001
177428383.1633,916.7,331.5000000000001
177428385.1633,916.7,331.5000000000001
177428387.1633,916.7,331.5000000000001
177428389.1633,916.7,331.5000000000001
177428391.1633,916.7,331.5000000000001
177428393.1633,916.7,331.5000000000001
177428395.0633,916.7,331.5000000000001
177428397.0633,916.7,331.5000000000001
177428399.0633,916.7,331.5000000000001
177428401.0633,916.7,331.5000000000001
177428403.0633,916.7,331.5000000000001
177428405.0633,916.7,331.5000000000001
177428407.0633,916.7,331.5000000000001
177428409.0633,916.7,331.5000000000001
177428411.0633,916.7,331.5000000000001
177428413.0633,916.7,331.5000000000001
177428415.0633,916.7,331.5000000000001
177428417.0633,916.7,331.5000000000001
177428419.0633,916.7,331.5000000000001
177428421.0633,916.7,331.5000000000001
177428423.0633,916.7,331.5000000000001
177428425.0633,916.7,331.5000000000001
177428427.0633,916.7,331.5000000000001
177428429.0633,916.7,331.5000000000001
177428431.0633,916.7,331.5000000000001
177428433.0633,916.7,331.5000000000001
177428435.0633,916.7,331.5000000000001
177428437.0633,916.7,331.5000000000001
177428439.0633,916.7,331.5000000000001
177428441.0633,916.7,331.5000000000001
177428443.0633,916.7,331.5000000000001
177428445.0633,916.7,331.5000000000001
177428447.0633,916.7,331.5000000000001
177428449.0633,916.7,331.5000000000001
177428451.0633,916.7,331.5000000000001
177428453.0633,916.7,331.5000000000001
177428455.0633,916.7,331.5000000000001
177428457.0633,916.7,331.5000000000001
177428459.0633,916.7,331.5000000000001
177428461.0633,916.7,331.5000000000001
177428463.0633,916.7,331.5000000000001
177428465.0633,916.7,331.5000000000001
177428467.0633,916.7,331.5000000000001
177428469.0633,916.7,331.5000000000001
177428471.0633,916.7,331.5000000000001
177428473.0633,916.7,331.5000000000001
177428475.0633,916.7,331.5000000000001
177428477.0633,916.7,331.5000000000001
177428479.0633,916.7,331.5000000000001
177428481.0633,916.7,331.5000000000001
177428483.0633,916.7,331.5000000000001
177428485.0633,916.7,331.60000000000014
177428487.0633,916.7,331.60000000000014
177428489.0633,916.7,331.60000000000014
177428491.0633,916.7,331.60000000000014
177428493.0633,916.7,331.60000000000014
177428495.0633,916.7,331.60000000000014
177428497.0633,916.7,331.60000000000014
177428499.0633,916.7,331.60000000000014
177428501.0633,916.7,331.60000000000014
177428503.0633,916.7,331.60000000000014
177428505.0633,916.7,331.60000000000014
177428507.0633,916.7,331.60000000000014
177428509.0633,916.7,331.60000000000014
177428511.0633,916.7,331.60000000000014
177428513.1633,916.7,331.60000000000014
177428515.0633,916.7,331.60000000000014
177428517.0633,916.7,331.60000000000014
177428519.0633,916.7,331.60000000000014
177428521.0633,916.7,331.60000000000014
177428523.0633,916.7,331.60000000000014
177428525.0633,916.7,331.60000000000014
177428527.0633,916.7,331.60000000000014
177428529.0633,916.7,331.60000000000014
177428531.0633,916.7,331.60000000000014
177428533.0633,916.7,331.60000000000014
177428535.0633,916.7,331.60000000000014
177428537.0633,916.7,331.60000000000014
177428539.0633,916.7,331.60000000000014
177428541.0633,916.7,331.60000000000014
177428543.0633,916.7,331.60000000000014
177428545.0633,916.7,331.60000000000014
177428547.0633,916.7,331.60000000000014
177428549.0633,916.7,331.60000000000014
177428551.0633,916.7,331.60000000000014
177428553.0633,916.7,331.60000000000014
177428555.0633,916.7,331.60000000000014
177428557.0633,916.7,331.60000000000014
177428559.0633,916.7,331.60000000000014
177428561.0633,916.7,331.60000000000014
177428563.0633,916.7,331.60000000000014
177428565.0633,916.7,331.60000000000014
177428567.0633,916.7,331.60000000000014
177428569.0633,916.7,331.60000000000014
177428571.0633,916.7,331.60000000000014
177428573.0633,916.7,331.60000000000014
177428575.0633,916.7,331.60000000000014
177428577.0633,916.7,331.60000000000014
177428579.0633,916.7,331.60000000000014
177428581.0633,916.7,331.60000000000014
177428583.0633,916.7,331.60000000000014
177428585.0633,916.7,331.60000000000014
177428587.0633,916.7,331.60000000000014
177428589.0633,916.7,331.60000000000014
177428591.0633,916.7,331.60000000000014
177428593.0633,916.7,331.60000000000014
177428595.0633,916.7,331.60000000000014
177428597.0633,916.7,331.60000000000014
177428599.0633,916.7,331.60000000000014
177428601.0633,916.7,331.60000000000014
177428603.0633,916.7,331.60000000000014
177428605.0633,916.7,331.60000000000014
177428607.0633,916.7,331.60000000000014
177428609.0633,916.7,331.60000000000014
177428611.0633,916.7,331.60000000000014
177428613.0633,916.7,331.60000000000014
177428615.0633,916.7,331.60000000000014
177428617.0633,916.7,331.60000000000014
177428619.0633,916.7,331.60000000000014
177428621.0633,916.7,331.60000000000014
177428623.0633,916.7,331.60000000000014
177428625.0633,916.7,331.60000000000014
177428627.0633,916.7,331.60000000000014
177428629.0633,916.7,331.60000000000014
177428631.0633,916.7,331.60000000000014
177428633.0633,916.7,331.60000000000014
177428635.0633,916.7,331.60000000000014
177428637.0633,916.7,331.60000000000014
177428639.0633,916.7,331.60000000000014
177428641.0633,916.7,331.60000000000014
177428643.0633,916.7,331.60000000000014
177428645.0633,916.7,331.60000000000014
177428647.0633,916.7,331.60000000000014
177428649.0633,916.7,331.60000000000014
177428651.0633,916.7,331.60000000000014
177428653.0633,916.7,331.60000000000014
177428655.0633,916.7,331.60000000000014
177428657.0633,916.7,331.60000000000014
177428659.0633,916.7,331.60000000000014
177428661.0633,916.7,331.60000000000014
177428663.0633,916.7,331.60000000000014
177428665.0633,916.7,331.60000000000014
177428667.0633,916.7,331.60000000000014
177428669.0633,916.7,331.60000000000014
177428671.0633,916.7,331.60000000000014
177428673.0633,916.7,331.60000000000014
177428675.0633,916.7,331.60000000000014
177428677.0633,916.7,331.60000000000014
177428679.0633,916.7,331.60000000000014
177428681.0633,916.7,331.60000000000014
177428683.0633,916.7,331.60000000000014
177428685.0633,916.7,331.60000000000014
177428687.0633,916.7,331.60000000000014
177428689.0633,916.7,331.60000000000014
177428691.0633,916.7,331.60000000000014
177428693.0633,916.7,331.60000000000014
177428695.0633,916.7,331.60000000000014
177428697.0633,916.7,331.60000000000014
177428699.0633,916.7,331.60000000000014
177428701.0633,916.7,331.60000000000014
177428703.0633,916.7,331.60000000000014
177428705.0633,916.7,331.60000000000014
177428707.0633,916.7,331.60000000000014
177428709.0633,916.7,331.60000000000014
177428711.0633,916.7,331.60000000000014
177428713.0633,916.7,331.60000000000014
177428715.0633,916.7,331.60000000000014
177428717.0633,916.7,331.60000000000014
177428719.0633,916.7,331.60000000000014
177428721.0633,916.7,331.60000000000014
177428723.0633,916.7,331.60000000000014
177428725.0633,916.7,331.60000000000014
177428727.0633,916.7,331.60000000000014
177428729.0633,916.7,331.60000000000014
177428731.0633,916.7,331.60000000000014
177428733.0633,916.7,331.60000000000014
177428735.0633,916.7,331.60000000000014
177428737.0633,916.7,331.60000000000014
177428739.0633,916.7,331.60000000000014
177428741.0633,916.7,331.60000000000014
177428742.96330002,916.7,331.60000000000014
177428744.96330002,916.7,331.60000000000014
177428746.96330002,916.7,331.60000000000014
177428748.96330002,916.7,331.60000000000014
177428750.96330002,916.7,331.60000000000014
177428752.96330002,916.7,331.60000000000014
177428754.96330002,916.7,331.60000000000014
177428756.96330002,916.7,331.60000000000014
177428758.96330002,916.7,331.60000000000014
177428760.96330002,916.7,331.60000000000014
177428762.96330002,916.7,331.60000000000014
177428764.96330002,916.7,331.60000000000014
177428766.96330002,916.7,331.60000000000014
177428768.96330002,916.7,331.60000000000014
177428770.96330002,916.7,331.60000000000014
177428772.96330002,916.7,331.60000000000014
177428774.96330002,916.7,331.60000000000014
177428776.96330002,916.7,331.60000000000014
177428778.96330002,916.7,331.60000000000014
177428780.96330002,916.7,331.60000000000014
177428782.96330002,916.7,331.60000000000014
177428784.96330002,916.7,331.60000000000014
177428786.96330002,916.7,331.60000000000014
177428788.96330002,916.7,331.60000000000014
177428790.96330002,916.7,331.60000000000014
177428792.96330002,916.7,331.60000000000014
177428794.96330002,916.7,331.60000000000014
177428796.96330002,916.7,331.60000000000014
177428798.96330002,916.7,331.60000000000014
177428800.96330002,916.7,331.60000000000014
177428802.96330002,916.7,331.60000000000014
177428804.96330002,916.7,331.60000000000014
177428806.96330002,916.7,331.60000000000014
177428808.96330002,916.7,331.60000000000014
177428810.96330002,916.7,331.60000000000014
177428812.96330002,916.7,331.60000000000014
177428814.96330002,916.7,331.60000000000014
177428816.96330002,916.7,331.60000000000014
177428818.96330002,916.7,331.60000000000014
177428820.96330002,916.7,331.60000000000014
177428822.96330002,916.7,331.60000000000014
177428824.96330002,916.7,331.60000000000014
177428826.96330002,916.7,331.60000000000014
177428828.96330002,916.7,331.60000000000014
177428830.96330002,916.7,331.60000000000014
177428832.96330002,916.7,331.60000000000014
177428834.96330002,916.7,331.60000000000014
177428836.96330002,916.7,331.60000000000014
177428838.96330002,916.7,331.60000000000014
177428840.96330002,916.7,331.60000000000014
177428842.96330002,916.7,331.60000000000014
177428844.96330002,916.7,331.60000000000014
177428846.96330002,916.7,331.60000000000014
177428848.96330002,916.7,331.60000000000014
177428850.96330002,916.7,331.60000000000014
177428852.96330002,916.7,331.60000000000014
177428854.96330002,916.7,331.60000000000014
177428856.96330002,916.7,331.60000000000014
177428858.96330002,916.7,331.60000000000014
177428860.96330002,916.7,331.60000000000014
177428862.96330002,916.7,331.60000000000014
177428864.96330002,916.7,331.60000000000014
177428866.96330002,916.7,331.60000000000014
177428868.96330002,916.7,331.60000000000014
177428870.96330002,916.7,331.60000000000014
177428872.96330002,916.7,331.60000000000014
177428874.96330002,916.7,331.60000000000014
177428876.96330002,916.7,331.60000000000014
177428878.96330002,916.7,331.60000000000014
177428880.96330002,916.7,331.60000000000014
177428882.96330002,916.7,331.60000000000014
177428884.96330002,916.7,331.60000000000014
177428886.96330002,916.7,331.60000000000014
177428888.96330002,916.7,331.60000000000014
177428890.96330002,916.7,331.60000000000014
177428892.96330002,916.7,331.60000000000014
177428894.96330002,916.7,331.60000000000014
177428896.96330002,916.7,331.60000000000014
177428898.96330002,916.7,331.60000000000014
177428900.96330002,916.7,331.60000000000014
177428902.96330002,916.7,331.60000000000014
177428904.96330002,916.7,331.60000000000014
177428906.96330002,916.7,331.60000000000014
177428908.96330002,916.7,331.60000000000014
177428910.96330002,916.7,331.60000000000014
177428912.96330002,916.7,331.60000000000014
177428914.96330002,916.7,331.60000000000014
177428916.96330002,916.7,331.60000000000014
177428918.96330002,916.7,331.60000000000014
177428920.96330002,916.7,331.60000000000014
177428922.96330002,916.7,331.60000000000014
177428924.96330002,916.7,331.60000000000014
177428926.96330002,916.6,331.60000000000014
177428928.96330002,916.6,331.60000000000014
177428930.96330002,916.6,331.60000000000014
177428932.96330002,916.6,331.60000000000014
177428934.96330002,916.6,331.60000000000014
177428936.96330002,916.6,331.60000000000014
177428938.96330002,916.6,331.60000000000014
177428940.96330002,916.6,331.60000000000014
177428942.96330002,916.6,331.60000000000014
177428944.96330002,916.6,331.70000000000016
177428946.96330002,916.6,331.70000000000016
177428948.96330002,916.6,331.70000000000016
177428950.96330002,916.6,331.70000000000016
177428952.96330002,916.6,331.70000000000016
177428954.96330002,916.6,331.70000000000016
177428956.96330002,916.6,331.70000000000016
177428958.96330002,916.6,331.70000000000016
177428960.96330002,916.6,331.70000000000016
177428962.96330002,916.6,331.70000000000016
177428964.96330002,916.6,331.70000000000016
177428966.96330002,916.6,331.70000000000016
177428968.96330002,916.6,331.70000000000016
177428970.96330002,916.6,331.70000000000016
177428972.96330002,916.6,331.70000000000016
177428974.96330002,916.6,331.70000000000016
177428976.96330002,916.6,331.70000000000016
177428978.96330002,916.6,331.70000000000016
177428980.96330002,916.6,331.70000000000016
177428982.96330002,916.6,331.70000000000016
177428984.96330002,916.6,331.70000000000016
177428986.96330002,916.6,331.70000000000016
177428988.96330002,916.6,331.70000000000016
177428990.96330002,916.6,331.70000000000016
177428992.96330002,916.6,331.70000000000016
177428994.96330002,916.6,331.70000000000016
177428996.96330002,916.6,331.70000000000016
177428998.96330002,916.6,331.70000000000016
177429000.96330002,916.6,331.70000000000016
177429002.96330002,916.6,331.70000000000016
177429004.96330002,916.6,331.70000000000016
177429006.96330002,916.6,331.70000000000016
177429008.96330002,916.6,331.70000000000016
177429010.96330002,916.6,331.70000000000016
177429012.96330002,916.6,331.70000000000016
177429014.96330002,916.6,331.70000000000016
177429016.96330002,916.6,331.70000000000016
177429018.96330002,916.6,331.70000000000016
177429020.96330002,916.6,331.70000000000016
177429022.96330002,916.6,331.70000000000016
177429024.96330002,916.6,331.70000000000016
177429026.96330002,916.6,331.70000000000016
177429028.96330002,916.6,331.70000000000016
177429030.96330002,916.6,331.70000000000016
177429032.96330002,916.6,331.70000000000016
177429034.96330002,916.6,331.70000000000016
177429036.96330002,916.6,331.70000000000016
177429038.96330002,916.6,331.70000000000016
177429040.96330002,916.6,331.70000000000016
177429042.96330002,916.6,331.70000000000016
177429044.96330002,916.6,331.70000000000016
177429046.96330002,916.6,331.70000000000016
177429048.96330002,916.6,331.70000000000016
177429050.96330002,916.6,331.70000000000016
177429052.96330002,916.6,331.70000000000016
177429054.96330002,916.6,331.70000000000016
177429056.96330002,916.6,331.70000000000016
177429058.96330002,916.6,331.70000000000016
177429060.96330002,916.6,331.70000000000016
177429062.96330002,916.6,331.70000000000016
177429065.0633,916.6,331.70000000000016
177429066.96330002,916.6,331.70000000000016
177429068.96330002,916.6,331.70000000000016
177429070.96330002,916.6,331.70000000000016
177429072.96330002,916.6,331.70000000000016
177429074.96330002,916.6,331.70000000000016
177429076.96330002,916.7,331.70000000000016
177429078.96330002,916.7,331.70000000000016
177429080.96330002,916.7,331.70000000000016
177429082.96330002,916.7,331.70000000000016
177429084.96330002,916.7,331.70000000000016
177429086.96330002,916.7,331.70000000000016
177429088.96330002,916.7,331.70000000000016
177429090.96330002,916.7,331.70000000000016
177429092.96330002,916.7,331.70000000000016
177429094.96330002,916.7,331.70000000000016
177429096.96330002,916.7,331.70000000000016
177429098.96330002,916.7,331.70000000000016
177429100.96330002,916.7,331.70000000000016
177429102.96330002,916.7,331.70000000000016
177429104.96330002,916.7,331.70000000000016
177429106.96330002,916.7,331.70000000000016
177429108.96330002,916.7,331.70000000000016
177429110.96330002,916.7,331.70000000000016
177429112.96330002,916.7,331.70000000000016
177429114.96330002,916.7,331.70000000000016
177429116.96330002,916.7,331.70000000000016
177429118.96330002,916.7,331.70000000000016
177429120.96330002,916.7,331.70000000000016
177429122.96330002,916.7,331.70000000000016
177429124.96330002,916.7,331.70000000000016
177429126.96330002,916.7,331.70000000000016
177429128.96330002,916.7,331.70000000000016
177429130.96330002,916.7,331.70000000000016
177429132.96330002,916.7,331.70000000000016
177429134.96330002,916.7,331.70000000000016
177429136.96330002,916.7,331.70000000000016
177429138.96330002,916.7,331.70000000000016
177429140.96330002,916.7,331.70000000000016
177429142.96330002,916.7,331.70000000000016
177429144.96330002,916.7,331.70000000000016
177429146.96330002,916.7,331.70000000000016
177429148.96330002,916.7,331.70000000000016
177429150.96330002,916.7,331.70000000000016
177429152.96330002,916.7,331.70000000000016
177429154.96330002,916.7,331.70000000000016
177429156.96330002,916.7,331.70000000000016
177429158.96330002,916.7,331.70000000000016
177429160.96330002,916.7,331.70000000000016
177429162.96330002,916.7,331.70000000000016
177429164.96330002,916.7,331.70000000000016
177429166.96330002,916.7,331.70000000000016
177429168.96330002,916.7,331.70000000000016
177429170.96330002,916.7,331.70000000000016
177429172.96330002,916.7,331.70000000000016
177429174.96330002,916.7,331.70000000000016
177429176.96330002,916.7,331.70000000000016
177429178.96330002,916.7,331.70000000000016
177429180.96330002,916.7,331.70000000000016
177429182.96330002,916.7,331.70000000000016
177429184.96330002,916.7,331.70000000000016
177429186.96330002,916.7,331.70000000000016
177429188.96330002,916.7,331.70000000000016
177429190.96330002,916.7,331.70000000000016
177429192.96330002,916.7,331.70000000000016
177429194.96330002,916.7,331.70000000000016
177429196.96330002,916.7,331.70000000000016
177429198.96330002,916.7,331.70000000000016
177429200.96330002,916.7,331.70000000000016
177429202.96330002,916.7,331.70000000000016
177429204.96330002,916.7,331.70000000000016
177429206.96330002,916.7,331.70000000000016
177429208.96330002,916.7,331.70000000000016
177429210.96330002,916.7,331.70000000000016
177429212.96330002,916.7,331.8000000000002
177429214.96330002,916.7,331.8000000000002
177429216.96330002,916.7,331.8000000000002
177429218.96330002,916.7,331.8000000000002
177429220.96330002,916.7,331.8000000000002
177429222.96330002,916.7,331.8000000000002
177429224.96330002,916.7,331.8000000000002
177429226.96330002,916.7,331.8000000000002
177429228.96330002,916.7,331.8000000000002
177429230.96330002,916.7,331.8000000000002
177429232.96330002,916.7,331.8000000000002
177429234.96330002,916.7,331.8000000000002
177429236.96330002,916.7,331.8000000000002
177429238.96330002,916.7,331.8000000000002
177429240.96330002,916.7,331.8000000000002
177429242.96330002,916.7,331.8000000000002
177429244.96330002,916.7,331.8000000000002
177429246.96330002,916.7,331.8000000000002
177429248.96330002,916.7,331.8000000000002
177429250.96330002,916.7,331.8000000000002
177429252.96330002,916.7,331.8000000000002
177429254.96330002,916.7,331.8000000000002
177429256.96330002,916.7,331.8000000000002
177429258.96330002,916.7,331.8000000000002
177429260.96330002,916.7,331.8000000000002
177429262.96330002,916.7,331.8000000000002
177429264.96330002,916.7,331.8000000000002
177429266.96330002,916.7,331.8000000000002
177429268.96330002,916.7,331.8000000000002
177429270.96330002,916.7,331.8000000000002
177429272.96330002,916.7,331.8000000000002
177429274.96330002,916.7,331.8000000000002
177429276.96330002,916.7,331.8000000000002
177429278.96330002,916.7,331.8000000000002
177429280.96330002,916.7,331.8000000000002
177429282.96330002,916.7,331.8000000000002
177429284.96330002,916.7,331.8000000000002
177429286.96330002,916.7,331.8000000000002
177429288.96330002,916.7,331.8000000000002
177429290.96330002,916.7,331.8000000000002
177429292.96330002,916.7,331.8000000000002
177429294.96330002,916.7,331.8000000000002
177429296.96330002,916.7,331.8000000000002
177429298.96330002,916.7,331.8000000000002
177429300.96330002,916.7,331.8000000000002
177429302.96330002,916.7,331.8000000000002
177429304.96330002,916.7,331.8000000000002
177429306.96330002,916.7,331.8000000000002
177429308.96330002,916.7,331.8000000000002
177429310.96330002,916.7,331.8000000000002
177429312.96330002,916.7,331.8000000000002
177429314.96330002,916.7,331.8000000000002
177429316.96330002,916.7,331.8000000000002
177429318.96330002,916.7,331.70000000000016
177429320.96330002,916.7,331.8000000000002
177429322.96330002,916.7,331.8000000000002
177429324.96330002,916.7,331.8000000000002
177429326.96330002,916.7,331.70000000000016
177429328.96330002,916.7,331.70000000000016
177429330.96330002,916.7,331.70000000000016
177429332.96330002,916.7,331.70000000000016
177429334.96330002,916.7,331.70000000000016
177429336.96330002,916.7,331.70000000000016
177429338.96330002,916.7,331.70000000000016
177429340.96330002,916.7,331.70000000000016
177429342.96330002,916.7,331.70000000000016
177429344.96330002,916.7,331.70000000000016
177429346.96330002,916.7,331.70000000000016
177429348.96330002,916.7,331.70000000000016
177429350.96330002,916.7,331.70000000000016
177429352.96330002,916.7,331.70000000000016
177429354.96330002,916.7,331.70000000000016
177429356.96330002,916.7,331.70000000000016
177429358.96330002,916.7,331.70000000000016
177429360.96330002,916.7,331.70000000000016
177429362.96330002,916.7,331.70000000000016
177429364.96330002,916.7,331.70000000000016
177429366.96330002,916.7,331.70000000000016
177429368.96330002,916.7,331.70000000000016
177429370.96330002,916.7,331.70000000000016
177429372.96330002,916.7,331.70000000000016
177429374.96330002,916.7,331.70000000000016
177429376.96330002,916.7,331.70000000000016
177429378.96330002,916.7,331.70000000000016
177429380.96330002,916.7,331.70000000000016
177429382.96330002,916.7,331.70000000000016
177429384.96330002,916.7,331.70000000000016
177429386.96330002,916.7,331.70000000000016
177429388.96330002,916.7,331.70000000000016
177429390.96330002,916.7,331.70000000000016
177429392.96330002,916.7,331.70000000000016
177429394.96330002,916.7,331.70000000000016
177429396.96330002,916.7,331.70000000000016
177429398.96330002,916.7,331.70000000000016
177429400.96330002,916.7,331.70000000000016
177429402.96330002,916.7,331.70000000000016
177429404.96330002,916.7,331.70000000000016
177429406.96330002,916.7,331.70000000000016
177429408.96330002,916.7,331.70000000000016
177429410.96330002,916.7,331.70000000000016
177429412.96330002,916.7,331.70000000000016
177429414.96330002,916.7,331.70000000000016
177429416.96330002,916.7,331.70000000000016
177429418.96330002,916.7,331.70000000000016
177429420.96330002,916.7,331.70000000000016
177429422.96330002,916.7,331.70000000000016
177429424.96330002,916.7,331.8000000000002
177429426.96330002,916.7,331.8000000000002
177429428.96330002,916.7,331.8000000000002
177429430.96330002,916.7,331.8000000000002
177429432.96330002,916.7,331.8000000000002
177429434.96330002,916.7,331.8000000000002
177429436.96330002,916.7,331.70000000000016
177429438.96330002,916.7,331.70000000000016
177429440.96330002,916.7,331.8000000000002
177429442.96330002,916.7,331.8000000000002
177429444.96330002,916.7,331.8000000000002
177429446.96330002,916.7,331.8000000000002
177429448.96330002,916.7,331.8000000000002
177429450.96330002,916.7,331.8000000000002
177429452.96330002,916.7,331.8000000000002
177429454.96330002,916.7,331.8000000000002
177429456.96330002,916.7,331.8000000000002
177429458.96330002,916.7,331.8000000000002
177429460.96330002,916.7,331.8000000000002
177429462.96330002,916.7,331.8000000000002
177429464.96330002,916.7,331.8000000000002
177429466.96330002,916.7,331.8000000000002
177429468.96330002,916.7,331.8000000000002
177429470.96330002,916.7,331.8000000000002
177429472.96330002,916.7,331.8000000000002
177429474.96330002,916.7,331.8000000000002
177429476.96330002,916.7,331.8000000000002
177429478.96330002,916.7,331.8000000000002
177429480.96330002,916.7,331.8000000000002
177429482.96330002,916.7,331.8000000000002
177429484.96330002,916.7,331.8000000000002
177429486.96330002,916.7,331.8000000000002
177429488.96330002,916.7,331.8000000000002
177429490.96330002,916.7,331.8000000000002
177429492.96330002,916.7,331.8000000000002
177429494.96330002,916.7,331.8000000000002
177429496.96330002,916.7,331.8000000000002
177429498.96330002,916.7,331.8000000000002
177429500.96330002,916.7,331.8000000000002
177429502.96330002,916.7,331.8000000000002
177429504.96330002,916.7,331.8000000000002
177429506.96330002,916.7,331.8000000000002
177429508.96330002,916.7,331.8000000000002
177429510.96330002,916.7,331.8000000000002
177429512.96330002,916.7,331.8000000000002
177429514.96330002,916.7,331.8000000000002
177429516.96330002,916.7,331.8000000000002
177429518.96330002,916.7,331.8000000000002
177429520.96330002,916.7,331.8000000000002
177429522.96330002,916.7,331.8000000000002
177429524.96330002,916.7,331.8000000000002
177429526.96330002,916.7,331.8000000000002
177429528.96330002,916.7,331.8000000000002
177429530.96330002,916.7,331.8000000000002
177429532.96330002,916.7,331.8000000000002
177429534.96330002,916.7,331.8000000000002
177429536.96330002,916.7,331.8000000000002
177429538.96330002,916.7,331.8000000000002
177429540.96330002,916.7,331.8000000000002
177429542.96330002,916.7,331.8000000000002
177429544.96330002,916.7,331.8000000000002
177429546.96330002,916.7,331.8000000000002
177429548.96330002,916.7,331.8000000000002
177429550.96330002,916.7,331.8000000000002
177429552.96330002,916.7,331.8000000000002
177429554.96330002,916.7,331.9000000000002
177429556.96330002,916.7,332.0000000000002
177429558.96330002,916.7,332.0000000000002
177429560.96330002,916.7,332.0000000000002
177429562.96330002,916.7,332.0000000000002
177429564.96330002,916.7,332.0000000000002
177429566.96330002,916.7,332.10000000000025
177429568.96330002,916.7,332.10000000000025
177429570.96330002,916.7,332.2000000000003
177429572.96330002,916.7,332.2000000000003
177429574.96330002,916.7,332.2000000000003
177429576.96330002,916.7,332.2000000000003
177429578.96330002,916.7,332.2000000000003
177429580.96330002,916.7,332.2000000000003
177429582.96330002,916.7,332.2000000000003
177429584.96330002,916.7,332.2000000000003
177429586.96330002,916.7,332.2000000000003
177429588.96330002,916.7,332.2000000000003
177429590.96330002,916.7,332.2000000000003
177429592.96330002,916.7,332.2000000000003
177429594.96330002,916.7,332.2000000000003
177429596.96330002,916.7,332.2000000000003
177429598.96330002,916.7,332.2000000000003
177429600.96330002,916.7,332.2000000000003
177429602.96330002,916.7,332.2000000000003
177429604.96330002,916.7,332.2000000000003
177429606.96330002,916.7,332.2000000000003
177429608.96330002,916.7,332.2000000000003
177429610.96330002,916.7,332.2000000000003
177429612.96330002,916.7,332.2000000000003
177429614.96330002,916.7,332.2000000000003
177429616.96330002,916.7,332.2000000000003
177429618.96330002,916.7,332.3000000000003
177429620.96330002,916.7,332.3000000000003
177429622.96330002,916.7,332.3000000000003
177429624.96330002,916.7,332.3000000000003
177429626.96330002,916.7,332.3000000000003
177429628.96330002,916.7,332.3000000000003
177429630.96330002,916.7,332.3000000000003
177429632.96330002,916.7,332.3000000000003
177429634.96330002,916.7,332.3000000000003
177429636.96330002,916.7,332.3000000000003
177429638.96330002,916.7,332.3000000000003
177429640.96330002,916.7,332.3000000000003
177429642.96330002,916.7,332.3000000000003
177429644.96330002,916.7,332.4000000000003
177429646.96330002,916.7,332.4000000000003
177429648.96330002,916.7,332.4000000000003
177429650.96330002,916.7,332.4000000000003
177429652.96330002,916.7,332.4000000000003
177429654.96330002,916.7,332.4000000000003
177429656.96330002,916.7,332.4000000000003
177429658.96330002,916.7,332.50000000000034
177429660.96330002,916.7,332.50000000000034
177429662.96330002,916.7,332.50000000000034
177429664.96330002,916.7,332.60000000000036
177429666.96330002,916.7,332.7000000000004
177429668.96330002,916.7,332.7000000000004
177429670.96330002,916.7,332.7000000000004
177429672.96330002,916.7,332.7000000000004
177429674.96330002,916.7,332.7000000000004
177429676.96330002,916.7,332.7000000000004
177429678.96330002,916.7,332.7000000000004
177429680.96330002,916.7,332.7000000000004
177429682.96330002,916.7,332.7000000000004
177429684.96330002,916.7,332.7000000000004
177429686.96330002,916.7,332.7000000000004
177429688.96330002,916.7,332.7000000000004
177429690.96330002,916.7,332.7000000000004
177429692.96330002,916.7,332.7000000000004
177429694.96330002,916.7,332.7000000000004
177429696.96330002,916.7,332.7000000000004
177429698.96330002,916.7,332.7000000000004
177429700.96330002,916.7,332.7000000000004
177429702.96330002,916.7,332.7000000000004
177429704.96330002,916.7,332.7000000000004
177429706.96330002,916.7,332.7000000000004
177429708.96330002,916.7,332.7000000000004
177429710.96330002,916.7,332.7000000000004
177429712.96330002,916.7,332.7000000000004
177429714.96330002,916.7,332.7000000000004
177429716.96330002,916.7,332.7000000000004
177429718.96330002,916.7,332.7000000000004
177429720.96330002,916.7,332.7000000000004
177429722.96330002,916.7,332.7000000000004
177429724.96330002,916.7,332.7000000000004
177429726.96330002,916.7,332.7000000000004
177429728.96330002,916.7,332.7000000000004
177429730.96330002,916.7,332.7000000000004
177429732.96330002,916.7,332.7000000000004
177429734.96330002,916.7,332.7000000000004
177429736.96330002,916.7,332.7000000000004
177429738.96330002,916.7,332.7000000000004
177429740.96330002,916.7,332.7000000000004
177429742.96330002,916.7,332.7000000000004
177429744.96330002,916.7,332.7000000000004
177429746.96330002,916.7,332.7000000000004
177429748.96330002,916.7,332.7000000000004
177429750.96330002,916.7,332.7000000000004
177429752.96330002,916.7,332.7000000000004
177429754.96330002,916.7,332.7000000000004
177429756.96330002,916.7,332.7000000000004
177429758.96330002,916.7,332.7000000000004
177429760.96330002,916.7,332.7000000000004
177429762.96330002,916.7,332.7000000000004
177429764.96330002,916.7,332.7000000000004
177429766.96330002,916.7,332.7000000000004
177429768.96330002,916.7,332.7000000000004
177429770.96330002,916.7,332.7000000000004
177429772.96330002,916.7,332.7000000000004
177429774.96330002,916.7,332.7000000000004
177429776.96330002,916.6,332.7000000000004
177429778.96330002,916.6,332.7000000000004
177429780.96330002,916.6,332.7000000000004
177429782.96330002,916.6,332.7000000000004
177429784.96330002,916.6,332.7000000000004
177429786.96330002,916.6,332.7000000000004
177429788.96330002,916.6,332.7000000000004
177429790.96330002,916.5,332.7000000000004
177429792.96330002,916.5,332.7000000000004
177429794.96330002,916.5,332.7000000000004
177429796.96330002,916.5,332.7000000000004
177429798.96330002,916.5,332.7000000000004
177429800.96330002,916.5,332.7000000000004
177429802.96330002,916.5,332.7000000000004
177429804.96330002,916.5,332.7000000000004
177429806.96330002,916.5,332.7000000000004
177429808.96330002,916.5,332.7000000000004
177429810.96330002,916.5,332.7000000000004
177429812.96330002,916.5,332.7000000000004
177429814.96330002,916.5,332.7000000000004
177429816.96330002,916.5,332.7000000000004
177429818.96330002,916.5,332.7000000000004
177429820.96330002,916.5,332.7000000000004
177429822.96330002,916.5,332.7000000000004
177429824.96330002,916.5,332.7000000000004
177429826.96330002,916.5,332.7000000000004
177429828.96330002,916.5,332.7000000000004
177429830.96330002,916.5,332.7000000000004
177429832.96330002,916.5,332.7000000000004
177429834.96330002,916.5,332.7000000000004
177429836.96330002,916.5,332.7000000000004
177429838.96330002,916.5,332.7000000000004
177429840.96330002,916.5,332.7000000000004
177429842.96330002,916.5,332.7000000000004
177429844.96330002,916.5,332.7000000000004
177429846.96330002,916.5,332.7000000000004
177429848.96330002,916.5,332.7000000000004
177429850.96330002,916.5,332.7000000000004
177429852.96330002,916.5,332.7000000000004
177429854.96330002,916.5,332.7000000000004
177429856.96330002,916.5,332.7000000000004
177429858.96330002,916.5,332.7000000000004
177429860.96330002,916.5,332.7000000000004
177429862.96330002,916.5,332.7000000000004
177429864.96330002,916.5,332.7000000000004
177429866.96330002,916.5,332.7000000000004
177429868.96330002,916.5,332.7000000000004
177429870.96330002,916.5,332.7000000000004
177429872.96330002,916.5,332.7000000000004
177429874.96330002,916.5,332.7000000000004
177429876.96330002,916.5,332.7000000000004
177429878.96330002,916.5,332.7000000000004
177429880.96330002,916.5,332.7000000000004
177429882.96330002,916.5,332.7000000000004
177429884.96330002,916.5,332.7000000000004
177429886.96330002,916.5,332.7000000000004
177429888.96330002,916.5,332.7000000000004
177429890.96330002,916.5,332.7000000000004
177429892.96330002,916.5,332.7000000000004
177429894.96330002,916.5,332.7000000000004
177429896.96330002,916.5,332.7000000000004
177429898.96330002,916.5,332.7000000000004
177429900.96330002,916.5,332.7000000000004
177429902.96330002,916.5,332.7000000000004
177429904.96330002,916.5,332.7000000000004
177429906.96330002,916.5,332.7000000000004
177429908.96330002,916.5,332.7000000000004
177429910.96330002,916.5,332.7000000000004
177429912.96330002,916.5,332.7000000000004
177429914.96330002,916.5,332.7000000000004
177429916.96330002,916.5,332.7000000000004
177429918.96330002,916.5,332.7000000000004
177429920.96330002,916.5,332.7000000000004
177429922.96330002,916.5,332.7000000000004
177429924.96330002,916.5,332.7000000000004
177429926.96330002,916.5,332.7000000000004
177429928.96330002,916.5,332.7000000000004
177429930.96330002,916.5,332.7000000000004
177429932.96330002,916.5,332.7000000000004
177429934.96330002,916.5,332.7000000000004
177429936.96330002,916.5,332.7000000000004
177429938.96330002,916.5,332.7000000000004
177429940.96330002,916.5,332.7000000000004
177429942.96330002,916.5,332.7000000000004
177429944.96330002,916.5,332.7000000000004
177429946.96330002,916.5,332.7000000000004
177429948.96330002,916.5,332.7000000000004
177429950.96330002,916.5,332.7000000000004
177429952.96330002,916.5,332.7000000000004
177429954.96330002,916.5,332.7000000000004
177429956.96330002,916.5,332.7000000000004
177429958.96330002,916.5,332.7000000000004
177429960.96330002,916.5,332.7000000000004
177429962.96330002,916.5,332.7000000000004
177429964.96330002,916.5,332.7000000000004
177429966.96330002,916.5,332.7000000000004
177429968.96330002,916.5,332.7000000000004
177429970.96330002,916.5,332.7000000000004
177429972.96330002,916.5,332.7000000000004
177429974.96330002,916.5,332.7000000000004
177429976.96330002,916.5,332.7000000000004
177429978.96330002,916.5,332.7000000000004
177429980.96330002,916.5,332.7000000000004
177429982.96330002,916.5,332.7000000000004
177429984.96330002,916.5,332.7000000000004
177429986.96330002,916.5,332.7000000000004
177429988.96330002,916.5,332.7000000000004
177429990.96330002,916.5,332.7000000000004
177429992.96330002,916.5,332.7000000000004
177429994.96330002,916.5,332.7000000000004
177429996.96330002,916.5,332.7000000000004
177429998.96330002,916.5,332.7000000000004
177430000.96330002,916.5,332.7000000000004
177430002.96330002,916.5,332.7000000000004
177430004.96330002,916.5,332.7000000000004
177430006.96330002,916.5,332.7000000000004
177430008.96330002,916.5,332.7000000000004
177430010.96330002,916.5,332.7000000000004
177430012.96330002,916.5,332.7000000000004
177430014.96330002,916.5,332.7000000000004
177430016.96330002,916.5,332.7000000000004
177430018.96330002,916.5,332.7000000000004
177430020.96330002,916.5,332.7000000000004
177430022.96330002,916.5,332.7000000000004
177430024.96330002,916.5,332.7000000000004
177430026.96330002,916.5,332.7000000000004
177430028.96330002,916.5,332.7000000000004
177430030.96330002,916.5,332.7000000000004
177430032.96330002,916.5,332.7000000000004
177430034.96330002,916.5,332.7000000000004
177430036.96330002,916.5,332.7000000000004
177430038.96330002,916.5,332.7000000000004
177430040.96330002,916.5,332.7000000000004
177430042.96330002,916.5,332.7000000000004
177430044.96330002,916.5,332.7000000000004
177430046.96330002,916.5,332.7000000000004
177430048.96330002,916.5,332.9000000000004
177430050.96330002,916.5,332.9000000000004
177430052.96330002,916.5,332.9000000000004
177430054.96330002,916.5,332.9000000000004
177430056.96330002,916.5,332.9000000000004
177430058.96330002,916.5,332.9000000000004
177430060.96330002,916.5,332.9000000000004
177430062.96330002,916.5,333.0000000000004
177430064.96330002,916.5,333.0000000000004
177430066.96330002,916.5,333.0000000000004
177430068.96330002,916.5,333.0000000000004
177430070.96330002,916.5,333.1000000000004
177430072.96330002,916.5,333.1000000000004
177430074.96330002,916.5,333.1000000000004
177430076.96330002,916.5,333.1000000000004
177430078.96330002,916.5,333.1000000000004
177430080.96330002,916.5,333.1000000000004
177430082.96330002,916.5,333.1000000000004
177430084.96330002,916.5,333.1000000000004
177430086.96330002,916.5,333.1000000000004
177430088.96330002,916.5,333.1000000000004
177430090.96330002,916.5,333.1000000000004
177430092.96330002,916.5,333.1000000000004
177430094.96330002,916.5,333.20000000000044
177430096.96330002,916.5,333.20000000000044
177430098.96330002,916.5,333.20000000000044
177430100.96330002,917.5,333.20000000000044
177430102.96330002,917.5,333.20000000000044
177430104.96330002,0.0,333.20000000000044
177430106.96330002,0.0,333.20000000000044
177430108.96330002,1700.0,333.20000000000044
177430110.96330002,1700.0,333.20000000000044
177430112.96330002,1700.0,333.20000000000044
177430114.96330002,1700.0,333.20000000000044
177430116.96330002,1700.0,333.20000000000044
177430118.96330002,1700.0,333.30000000000047
177430120.96330002,1700.0,333.30000000000047
177430122.96330002,1700.0,333.4000000000005
177430124.96330002,1700.0,333.4000000000005
177430126.96330002,1700.0,333.4000000000005
177430128.96330002,1700.0,333.4000000000005
177430130.96330002,1700.0,333.4000000000005
177430132.96330002,1700.0,333.4000000000005
177430134.96330002,1700.0,333.4000000000005
177430136.96330002,1700.0,333.4000000000005
177430138.96330002,1700.0,333.4000000000005
177430140.96330002,1700.0,333.4000000000005
177430142.96330002,1700.0,333.4000000000005
177430144.96330002,1700.0,333.4000000000005
177430146.96330002,1700.0,333.4000000000005
177430149.0633,0.0,333.4000000000005
177430150.96330002,0.0,333.4000000000005
177430152.96330002,0.0,333.4000000000005
177430154.96330002,7500.0,333.4000000000005
177430156.96330002,7500.0,7000.000000000001
177430158.96330002,7500.0,333.40000000000055
177430160.96330002,7500.0,7000.000000000001
177430162.96330002,7500.0,7000.000000000001
177430164.96330002,7500.0,7000.000000000001
177430166.96330002,7500.0,7000.000000000001
177430168.96330002,7500.0,7000.000000000001
177430170.96330002,7500.0,7000.000000000001
177430172.96330002,7499.9,7000.000000000001
177430174.96330002,7499.9,333.40000000000055
177430176.96330002,7499.9,333.40000000000055
177430178.96330002,7499.9,333.40000000000055
177430180.96330002,7499.9,333.50000000000057
177430182.96330002,7499.9,333.50000000000057
177430184.96330002,7499.9,333.50000000000057
177430186.96330002,7499.9,333.50000000000057
177430188.96330002,7499.9,333.50000000000057
177430190.96330002,7499.9,333.50000000000057
177430192.96330002,7499.9,333.50000000000057
177430194.96330002,7499.799999999999,333.50000000000057
177430196.96330002,7499.799999999999,333.50000000000057
177430198.96330002,7499.799999999999,333.50000000000057
177430200.96330002,7499.799999999999,333.50000000000057
177430202.96330002,7499.799999999999,333.50000000000057
177430204.96330002,7499.799999999999,333.50000000000057
177430206.96330002,7499.799999999999,333.50000000000057
177430208.96330002,7499.799999999999,333.50000000000057
177430210.96330002,7499.799999999999,333.50000000000057
177430212.96330002,7499.799999999999,333.50000000000057
177430214.96330002,7499.799999999999,333.50000000000057
177430216.96330002,7499.799999999999,333.50000000000057
177430218.96330002,7499.799999999999,333.50000000000057
177430220.96330002,7499.799999999999,333.50000000000057
177430222.96330002,7499.799999999999,333.50000000000057
177430224.96330002,7499.799999999999,333.50000000000057
177430226.96330002,7499.799999999999,333.50000000000057
177430228.96330002,7499.799999999999,333.50000000000057
177430230.96330002,7499.799999999999,333.50000000000057
177430232.96330002,7499.799999999999,333.50000000000057
177430234.96330002,7499.799999999999,333.50000000000057
177430236.96330002,7499.799999999999,333.50000000000057
177430238.96330002,7499.799999999999,333.50000000000057
177430240.96330002,7499.799999999999,333.50000000000057
177430242.96330002,7499.799999999999,333.50000000000057
177430244.96330002,7499.799999999999,333.50000000000057
177430246.96330002,7499.799999999999,333.50000000000057
177430248.96330002,7499.799999999999,333.6000000000006
177430250.96330002,7499.799999999999,333.6000000000006
177430252.96330002,7499.799999999999,333.6000000000006
177430254.96330002,7499.799999999999,333.6000000000006
177430256.96330002,7499.799999999999,333.6000000000006
177430258.96330002,7499.799999999999,333.6000000000006
177430260.96330002,7499.799999999999,333.6000000000006
177430262.96330002,7499.799999999999,333.7000000000006
177430264.96330002,7499.799999999999,333.80000000000064
177430266.96330002,7499.799999999999,333.80000000000064
177430268.96330002,7499.799999999999,333.90000000000066
177430270.96330002,7499.799999999999,333.90000000000066
177430272.96330002,7499.799999999999,333.90000000000066
177430274.96330002,7499.799999999999,333.90000000000066
177430276.96330002,7499.799999999999,333.90000000000066
177430278.96330002,7499.699999999999,333.90000000000066
177430280.96330002,7499.699999999999,333.90000000000066
177430282.96330002,7499.699999999999,333.90000000000066
177430284.96330002,7499.699999999999,333.90000000000066
177430286.96330002,7499.699999999999,333.90000000000066
177430288.96330002,7499.5999999999985,334.0000000000007
177430290.96330002,7499.5999999999985,334.0000000000007
177430292.96330002,7499.5999999999985,334.0000000000007
177430294.96330002,7499.5999999999985,334.0000000000007
177430296.96330002,7499.5999999999985,334.0000000000007
177430298.96330002,7499.5999999999985,334.0000000000007
177430300.96330002,7499.5999999999985,334.0000000000007
177430302.96330002,7499.5999999999985,334.0000000000007
177430304.96330002,7499.5999999999985,334.0000000000007
177430306.96330002,7499.5999999999985,334.0000000000007
177430308.96330002,7499.5999999999985,334.0000000000007
177430310.96330002,7499.5999999999985,334.0000000000007
177430312.96330002,7499.5999999999985,334.0000000000007
177430314.96330002,7499.5999999999985,334.0000000000007
177430316.96330002,7499.5999999999985,334.0000000000007
177430318.96330002,7499.5999999999985,334.0000000000007
177430320.96330002,7499.5999999999985,333.8000000000007
177430322.96330002,7499.499999999998,333.8000000000007
177430324.96330002,7499.499999999998,333.8000000000007
177430326.96330002,7499.499999999998,333.8000000000007
177430328.96330002,7499.499999999998,333.8000000000007
177430330.96330002,7499.499999999998,333.8000000000007
177430332.96330002,7499.499999999998,333.8000000000007
177430334.96330002,7499.499999999998,333.8000000000007
177430336.96330002,7499.499999999998,333.8000000000007
177430338.96330002,7499.499999999998,333.8000000000007
177430340.96330002,7499.499999999998,333.8000000000007
177430342.96330002,7499.499999999998,333.8000000000007
177430344.96330002,7499.499999999998,333.8000000000007
177430346.96330002,7499.499999999998,333.8000000000007
177430348.96330002,7499.499999999998,333.8000000000007
177430350.96330002,7499.499999999998,333.8000000000007
177430352.96330002,7499.499999999998,333.8000000000007
177430354.96330002,7499.499999999998,333.8000000000007
177430356.96330002,7499.499999999998,333.8000000000007
177430358.96330002,7499.499999999998,333.8000000000007
177430360.96330002,7499.499999999998,333.8000000000007
177430362.96330002,7499.499999999998,333.8000000000007
177430364.96330002,7499.499999999998,333.8000000000007
177430366.96330002,7499.499999999998,333.8000000000007
177430368.96330002,7499.499999999998,333.8000000000007
177430370.96330002,7499.499999999998,333.8000000000007
177430372.96330002,7499.499999999998,333.8000000000007
177430374.96330002,7499.499999999998,333.9000000000007
177430376.96330002,7499.499999999998,333.9000000000007
177430378.96330002,7499.499999999998,333.9000000000007
177430380.96330002,7499.499999999998,333.9000000000007
177430382.96330002,7499.499999999998,333.9000000000007
177430384.96330002,7499.499999999998,333.9000000000007
177430386.96330002,7499.499999999998,333.9000000000007
177430388.96330002,7499.499999999998,333.9000000000007
177430390.96330002,7499.499999999998,333.9000000000007
177430392.96330002,7499.499999999998,333.9000000000007
177430394.96330002,7499.499999999998,333.9000000000007
177430396.96330002,7499.499999999998,333.9000000000007
177430398.96330002,7499.499999999998,333.9000000000007
177430400.96330002,7499.499999999998,333.9000000000007
177430402.96330002,7499.499999999998,333.9000000000007
177430404.96330002,7499.499999999998,333.9000000000007
177430406.96330002,7499.499999999998,333.9000000000007
177430408.96330002,7499.499999999998,333.9000000000007
177430410.96330002,7499.499999999998,333.9000000000007
177430412.96330002,7499.499999999998,333.9000000000007
177430414.96330002,7499.499999999998,333.9000000000007
177430416.96330002,7499.499999999998,333.9000000000007
177430418.96330002,7499.499999999998,333.9000000000007
177430420.96330002,7499.499999999998,333.9000000000007
177430422.96330002,7499.499999999998,333.9000000000007
177430424.96330002,7499.499999999998,333.9000000000007
177430426.96330002,7499.499999999998,333.9000000000007
177430428.96330002,7499.499999999998,333.9000000000007
177430430.96330002,7499.499999999998,333.9000000000007
177430432.96330002,7499.499999999998,333.9000000000007
177430434.96330002,7499.499999999998,333.9000000000007
177430436.96330002,7499.499999999998,333.9000000000007
177430438.96330002,7499.499999999998,334.00000000000074
177430440.96330002,7499.499999999998,334.00000000000074
177430442.96330002,7499.499999999998,334.00000000000074
177430444.96330002,7499.499999999998,334.00000000000074
177430446.96330002,7499.499999999998,334.00000000000074
177430448.96330002,7499.499999999998,334.00000000000074
177430450.96330002,7499.499999999998,334.00000000000074
177430452.96330002,7499.499999999998,334.00000000000074
177430454.96330002,7499.499999999998,334.00000000000074
177430456.96330002,7499.499999999998,334.00000000000074
177430458.96330002,7499.499999999998,334.00000000000074
177430460.96330002,7499.499999999998,334.00000000000074
177430462.96330002,7499.499999999998,334.00000000000074
177430464.96330002,7499.499999999998,334.00000000000074
177430466.96330002,7499.499999999998,334.10000000000076
177430468.96330002,7499.499999999998,334.10000000000076
177430470.96330002,7499.499999999998,334.10000000000076
177430472.96330002,7499.499999999998,334.10000000000076
177430474.96330002,7499.499999999998,334.10000000000076
177430476.96330002,7499.499999999998,334.10000000000076
177430478.96330002,7499.499999999998,334.10000000000076
177430480.96330002,7499.499999999998,334.2000000000008
177430482.96330002,6782.999999999998,334.0000000000008
177430484.96330002,7499.499999999998,334.0000000000008
177430486.96330002,7499.399999999998,334.0000000000008
177430488.96330002,7499.399999999998,334.0000000000008
177430490.96330002,7499.399999999998,334.0000000000008
177430492.96330002,7499.399999999998,334.0000000000008
177430494.96330002,7499.399999999998,334.0000000000008
177430496.96330002,7499.399999999998,334.0000000000008
177430498.96330002,7499.399999999998,334.0000000000008
177430500.96330002,7499.399999999998,334.0000000000008
177430502.96330002,7499.399999999998,334.0000000000008
177430504.96330002,7499.399999999998,334.0000000000008
177430506.96330002,7499.399999999998,334.0000000000008
177430508.96330002,7499.399999999998,334.0000000000008
177430510.96330002,7499.399999999998,334.0000000000008
177430512.96330002,7499.399999999998,334.0000000000008
177430514.96330002,7499.399999999998,334.0000000000008
177430516.96330002,7499.399999999998,334.0000000000008
177430518.96330002,7499.399999999998,334.0000000000008
177430520.96330002,7499.399999999998,334.0000000000008
177430522.96330002,7499.399999999998,334.0000000000008
177430524.96330002,7499.399999999998,334.0000000000008
177430526.96330002,7499.399999999998,334.0000000000008
177430528.96330002,7499.399999999998,334.0000000000008
177430530.96330002,7499.399999999998,334.0000000000008
177430532.96330002,7499.399999999998,334.0000000000008
177430534.96330002,7499.399999999998,334.0000000000008
177430536.96330002,7499.399999999998,334.0000000000008
177430538.96330002,7499.399999999998,334.0000000000008
177430540.96330002,7499.399999999998,334.0000000000008
177430542.96330002,7499.399999999998,334.0000000000008
177430544.96330002,7499.399999999998,334.0000000000008
177430546.96330002,7499.399999999998,334.0000000000008
177430548.96330002,7499.399999999998,334.0000000000008
177430550.96330002,7499.399999999998,334.0000000000008
177430552.96330002,7499.399999999998,334.0000000000008
177430554.96330002,7499.399999999998,334.0000000000008
177430556.96330002,7499.399999999998,334.0000000000008
177430558.96330002,7499.399999999998,334.0000000000008
177430560.96330002,7499.399999999998,334.0000000000008
177430562.96330002,7499.399999999998,334.0000000000008
177430564.96330002,7499.399999999998,334.0000000000008
177430566.96330002,7499.399999999998,334.0000000000008
177430568.96330002,7499.399999999998,334.0000000000008
177430570.96330002,7499.399999999998,334.0000000000008
177430572.96330002,7499.399999999998,334.0000000000008
177430574.96330002,7499.399999999998,334.0000000000008
177430576.96330002,7499.399999999998,334.0000000000008
177430578.96330002,7499.399999999998,334.0000000000008
177430580.96330002,7499.399999999998,334.0000000000008
177430582.96330002,7499.399999999998,334.0000000000008
177430584.96330002,7499.399999999998,334.0000000000008
177430586.96330002,7499.399999999998,334.0000000000008
177430588.96330002,7499.399999999998,334.0000000000008
177430590.96330002,7499.399999999998,334.0000000000008
177430592.96330002,7499.399999999998,334.0000000000008
177430594.96330002,7499.399999999998,334.0000000000008
177430596.96330002,7499.399999999998,334.0000000000008
177430598.96330002,7499.399999999998,334.0000000000008
177430600.96330002,7499.399999999998,334.0000000000008
177430602.96330002,7499.399999999998,334.0000000000008
177430604.96330002,7499.399999999998,334.0000000000008
177430606.96330002,7499.399999999998,334.0000000000008
177430608.96330002,7499.399999999998,334.0000000000008
177430610.96330002,7499.399999999998,334.0000000000008
177430612.96330002,7499.399999999998,334.0000000000008
177430614.96330002,7499.399999999998,334.0000000000008
177430616.96330002,7499.399999999998,334.1000000000008
177430618.96330002,7499.399999999998,334.1000000000008
177430620.96330002,7499.399999999998,334.1000000000008
177430622.96330002,7499.399999999998,334.1000000000008
177430624.96330002,7499.399999999998,334.1000000000008
177430626.96330002,7499.399999999998,334.1000000000008
177430628.96330002,7499.399999999998,334.1000000000008
177430630.96330002,7499.399999999998,334.20000000000084
177430632.96330002,7499.399999999998,334.20000000000084
177430634.96330002,7499.399999999998,334.20000000000084
177430636.96330002,7499.399999999998,334.20000000000084
177430638.96330002,7499.399999999998,334.20000000000084
177430640.96330002,7499.399999999998,334.20000000000084
177430642.96330002,7499.399999999998,334.30000000000086
177430644.96330002,7499.399999999998,334.30000000000086
177430646.96330002,7499.399999999998,334.30000000000086
177430648.96330002,7499.399999999998,334.30000000000086
177430650.96330002,7499.399999999998,334.30000000000086
177430652.96330002,7499.399999999998,334.30000000000086
177430654.96330002,7499.399999999998,334.20000000000084
177430656.96330002,7499.399999999998,334.20000000000084
177430658.96330002,7499.399999999998,334.20000000000084
177430660.96330002,7499.399999999998,334.30000000000086
177430662.96330002,7499.399999999998,334.30000000000086
177430664.96330002,7499.399999999998,334.30000000000086
177430666.96330002,7499.399999999998,334.30000000000086
177430668.96330002,7499.399999999998,334.30000000000086
177430670.96330002,7499.399999999998,334.4000000000009
177430672.96330002,7499.399999999998,334.4000000000009
177430674.96330002,7499.399999999998,334.4000000000009
177430676.96330002,7499.399999999998,334.4000000000009
177430678.96330002,7499.399999999998,334.4000000000009
177430680.96330002,7499.399999999998,334.4000000000009
177430682.96330002,7499.399999999998,334.4000000000009
177430684.96330002,7499.399999999998,334.4000000000009
177430686.96330002,7499.399999999998,334.4000000000009
177430688.96330002,7499.399999999998,334.4000000000009
177430690.96330002,7499.399999999998,334.4000000000009
177430692.96330002,7499.399999999998,334.4000000000009
177430694.96330002,7499.399999999998,334.4000000000009
177430696.96330002,7499.399999999998,334.4000000000009
177430698.96330002,7499.399999999998,334.4000000000009
177430700.96330002,7499.399999999998,334.4000000000009
177430702.96330002,7499.399999999998,334.4000000000009
177430704.96330002,7499.399999999998,334.4000000000009
177430706.96330002,7499.399999999998,334.4000000000009
177430708.96330002,7499.399999999998,334.4000000000009
177430710.96330002,7499.399999999998,334.4000000000009
177430712.96330002,7499.399999999998,334.4000000000009
177430714.96330002,7499.399999999998,334.4000000000009
177430716.96330002,7499.399999999998,334.4000000000009
177430718.96330002,7499.399999999998,334.4000000000009
177430720.96330002,7499.399999999998,334.4000000000009
177430722.96330002,7499.399999999998,334.4000000000009
177430724.96330002,7499.399999999998,334.4000000000009
177430726.96330002,7499.399999999998,334.4000000000009
177430728.96330002,7499.399999999998,334.4000000000009
177430730.96330002,7499.399999999998,334.4000000000009
177430732.96330002,7499.399999999998,334.4000000000009
177430734.96330002,7499.399999999998,334.5000000000009
177430736.96330002,7499.399999999998,334.5000000000009
177430738.96330002,7499.399999999998,334.5000000000009
177430740.96330002,7499.399999999998,334.5000000000009
177430742.96330002,7499.399999999998,334.5000000000009
177430744.96330002,7499.399999999998,334.5000000000009
177430746.96330002,7499.399999999998,334.5000000000009
177430748.96330002,7499.399999999998,334.5000000000009
177430750.96330002,7499.399999999998,334.5000000000009
177430752.96330002,7499.399999999998,334.5000000000009
177430754.96330002,7499.399999999998,334.60000000000093
177430756.96330002,7499.399999999998,334.60000000000093
177430758.96330002,7499.299999999997,334.60000000000093
177430760.96330002,7499.299999999997,334.5000000000009
177430762.96330002,7499.299999999997,334.5000000000009
177430764.96330002,7499.299999999997,334.5000000000009
177430766.96330002,7499.299999999997,334.5000000000009
177430768.96330002,7499.299999999997,334.5000000000009
177430770.96330002,7499.299999999997,334.60000000000093
177430772.96330002,7499.299999999997,334.60000000000093
177430774.96330002,7499.299999999997,334.60000000000093
177430776.96330002,7499.299999999997,334.60000000000093
177430779.0633,7499.299999999997,334.60000000000093
177430780.96330002,7499.299999999997,334.60000000000093
177430782.96330002,7499.299999999997,334.60000000000093
177430784.96330002,7499.299999999997,334.60000000000093
177430786.96330002,7499.299999999997,334.5000000000009
177430788.96330002,7499.299999999997,334.5000000000009
177430790.96330002,7499.299999999997,334.5000000000009
177430792.96330002,7499.299999999997,334.60000000000093
177430794.96330002,7499.299999999997,334.60000000000093
177430796.96330002,7499.299999999997,334.60000000000093
177430798.96330002,7499.299999999997,334.60000000000093
177430800.96330002,7499.299999999997,334.60000000000093
177430802.96330002,7499.299999999997,334.60000000000093
177430804.96330002,7499.299999999997,334.60000000000093
177430806.96330002,7499.299999999997,334.60000000000093
177430808.96330002,7499.299999999997,334.70000000000095
177430810.96330002,7499.299999999997,334.70000000000095
177430812.96330002,7499.299999999997,334.70000000000095
177430814.96330002,7499.199999999997,334.70000000000095
177430816.96330002,7499.199999999997,334.800000000001
177430818.96330002,7499.199999999997,334.800000000001
177430820.96330002,7499.199999999997,334.800000000001
177430822.96330002,7499.199999999997,334.800000000001
177430824.96330002,7499.199999999997,334.800000000001
177430826.96330002,7499.199999999997,334.900000000001
177430828.96330002,7499.199999999997,335.000000000001
177430830.96330002,7499.199999999997,335.000000000001
177430832.96330002,7499.199999999997,335.000000000001
177430834.96330002,7499.199999999997,335.000000000001
177430836.96330002,7499.199999999997,335.000000000001
177430838.96330002,7499.199999999997,335.000000000001
177430840.96330002,7499.199999999997,335.000000000001
177430842.96330002,7499.199999999997,335.000000000001
177430844.96330002,7499.199999999997,335.000000000001
177430846.96330002,7499.199999999997,335.000000000001
177430848.96330002,7499.199999999997,335.000000000001
177430850.96330002,7499.199999999997,335.000000000001
177430852.96330002,7499.199999999997,335.000000000001
177430854.96330002,7499.199999999997,335.000000000001
177430856.96330002,7499.199999999997,335.000000000001
177430858.96330002,7499.199999999997,335.000000000001
177430860.96330002,7499.199999999997,335.000000000001
177430862.96330002,7499.199999999997,335.000000000001
177430864.96330002,7499.199999999997,335.000000000001
177430866.96330002,7499.199999999997,335.000000000001
177430868.96330002,7499.199999999997,335.000000000001
177430870.96330002,7499.199999999997,335.10000000000105
177430872.96330002,7499.199999999997,335.10000000000105
177430874.96330002,7499.199999999997,335.20000000000107
177430876.96330002,7499.199999999997,335.20000000000107
177430878.96330002,7499.199999999997,335.20000000000107
177430880.96330002,7499.199999999997,335.20000000000107
177430882.96330002,7499.199999999997,335.20000000000107
177430884.96330002,7499.199999999997,335.3000000000011
177430886.96330002,7499.199999999997,335.3000000000011
177430888.96330002,7499.199999999997,335.4000000000011
177430890.96330002,7499.199999999997,335.50000000000114
177430892.96330002,7499.199999999997,335.50000000000114
177430894.96330002,7499.199999999997,335.50000000000114
177430896.96330002,7499.199999999997,335.60000000000116
177430898.96330002,7499.199999999997,335.60000000000116
177430900.96330002,7499.199999999997,335.60000000000116
177430902.96330002,7499.199999999997,335.60000000000116
177430904.96330002,7499.199999999997,335.60000000000116
177430906.96330002,7499.199999999997,335.7000000000012
177430908.96330002,7499.199999999997,335.7000000000012
177430910.96330002,7499.199999999997,335.7000000000012
177430912.96330002,7499.199999999997,335.8000000000012
177430914.96330002,7499.299999999997,335.8000000000012
177430916.96330002,7499.299999999997,335.8000000000012
177430918.96330002,7499.299999999997,335.9000000000012
177430920.96330002,7499.299999999997,336.00000000000125
177430922.96330002,7499.299999999997,336.00000000000125
177430924.96330002,7499.299999999997,336.00000000000125
177430926.96330002,7499.299999999997,336.00000000000125
177430928.96330002,7499.299999999997,336.00000000000125
177430930.96330002,7499.299999999997,336.00000000000125
177430932.96330002,7499.299999999997,336.00000000000125
177430934.96330002,7499.299999999997,336.00000000000125
177430936.96330002,7499.299999999997,336.00000000000125
177430938.96330002,7499.299999999997,336.00000000000125
177430940.96330002,7499.299999999997,336.00000000000125
177430942.96330002,7499.299999999997,336.00000000000125
177430944.96330002,7499.299999999997,336.00000000000125
177430946.96330002,7499.299999999997,336.00000000000125
177430948.96330002,7499.299999999997,336.00000000000125
177430950.96330002,7499.299999999997,336.00000000000125
177430952.96330002,7499.299999999997,336.1000000000013
177430954.96330002,7499.299999999997,336.1000000000013
177430956.96330002,7499.299999999997,336.2000000000013
177430958.96330002,7499.299999999997,336.2000000000013
177430960.96330002,7499.299999999997,336.2000000000013
177430962.96330002,7499.299999999997,336.2000000000013
177430964.96330002,7499.299999999997,336.2000000000013
177430966.96330002,7499.299999999997,336.2000000000013
177430968.96330002,7499.299999999997,336.2000000000013
177430970.96330002,7499.299999999997,336.2000000000013
177430972.96330002,7499.299999999997,336.2000000000013
177430974.96330002,7499.299999999997,336.2000000000013
177430976.96330002,7499.299999999997,336.2000000000013
177430978.96330002,7499.299999999997,336.2000000000013
177430980.96330002,7499.299999999997,336.2000000000013
177430982.96330002,7499.299999999997,336.2000000000013
177430984.96330002,7499.299999999997,336.2000000000013
177430986.96330002,7499.299999999997,336.2000000000013
177430988.96330002,7499.299999999997,336.2000000000013
177430990.96330002,7499.299999999997,336.2000000000013
177430992.96330002,7499.299999999997,336.2000000000013
177430994.96330002,7499.299999999997,336.2000000000013
177430996.96330002,7499.299999999997,336.2000000000013
177430998.96330002,7499.299999999997,336.2000000000013
177431000.96330002,7499.299999999997,336.2000000000013
177431003.0633,7499.299999999997,336.2000000000013
177431005.0633,7499.299999999997,336.2000000000013
177431007.0633,7499.299999999997,336.2000000000013
177431009.0633,7499.299999999997,336.2000000000013
177431011.0633,7499.299999999997,336.2000000000013
177431013.0633,7499.299999999997,336.2000000000013
177431015.0633,7499.199999999997,336.2000000000013
177431017.0633,7499.199999999997,336.2000000000013
177431019.0633,7499.199999999997,336.2000000000013
177431021.0633,7499.199999999997,336.2000000000013
177431023.0633,7499.299999999997,336.2000000000013
177431025.0633,7499.299999999997,336.2000000000013
177431027.0633,7499.299999999997,336.2000000000013
177431029.0633,7499.299999999997,336.2000000000013
177431031.0633,7499.299999999997,336.2000000000013
177431033.0633,7499.299999999997,336.2000000000013
177431035.0633,7499.299999999997,336.2000000000013
177431037.0633,7499.299999999997,336.2000000000013
177431039.0633,7499.299999999997,336.3000000000013
177431041.0633,7499.199999999997,336.3000000000013
177431043.0633,7499.199999999997,336.3000000000013
177431045.0633,7499.199999999997,336.3000000000013
177431047.0633,7499.199999999997,336.3000000000013
177431049.0633,7499.099999999997,336.3000000000013
177431051.0633,7499.099999999997,336.3000000000013
177431053.0633,7499.099999999997,336.3000000000013
177431055.0633,7499.099999999997,336.3000000000013
177431057.0633,7499.099999999997,336.40000000000134
177431059.0633,7499.099999999997,336.50000000000136
177431061.0633,7499.099999999997,336.50000000000136
177431063.0633,7499.099999999997,336.50000000000136
177431065.0633,7499.099999999997,336.50000000000136
177431067.0633,7499.099999999997,336.6000000000014
177431069.0633,7499.099999999997,336.6000000000014
177431071.0633,7499.099999999997,336.6000000000014
177431073.0633,7499.099999999997,336.6000000000014
177431075.0633,7499.099999999997,336.6000000000014
177431077.0633,7499.099999999997,336.6000000000014
177431079.0633,7499.099999999997,336.6000000000014
177431081.0633,7499.099999999997,336.6000000000014
177431083.0633,7499.099999999997,336.6000000000014
177431085.0633,7499.099999999997,336.6000000000014
177431087.0633,7499.099999999997,336.7000000000014
177431089.0633,7499.099999999997,336.7000000000014
177431091.0633,7499.099999999997,336.7000000000014
177431093.0633,7499.099999999997,336.7000000000014
177431095.0633,7499.099999999997,336.7000000000014
177431097.0633,7499.099999999997,336.7000000000014
177431099.0633,7499.099999999997,336.7000000000014
177431101.0633,7499.099999999997,336.7000000000014
177431103.0633,7499.099999999997,336.7000000000014
177431105.0633,7499.099999999997,336.6000000000014
177431107.0633,7499.099999999997,694.7000000000014
177431109.0633,7499.099999999997,694.7000000000014
177431111.0633,7499.099999999997,694.7000000000014
177431113.0633,7499.099999999997,694.7000000000014
177431115.0633,7499.099999999997,694.7000000000014
177431117.0633,7499.099999999997,694.7000000000014
177431119.0633,7499.099999999997,694.7000000000014
177431121.0633,7498.999999999996,336.6000000000014
177431123.0633,7498.999999999996,336.6000000000014
177431125.0633,7498.999999999996,336.6000000000014
177431127.0633,7498.999999999996,336.6000000000014
177431129.0633,7498.999999999996,336.6000000000014
177431131.0633,7498.999999999996,336.7000000000014
177431133.0633,7498.899999999996,336.7000000000014
177431135.0633,7498.899999999996,336.7000000000014
177431137.0633,7498.899999999996,336.7000000000014
177431139.0633,7498.899999999996,336.7000000000014
177431141.0633,7498.899999999996,336.7000000000014
177431143.0633,7498.999999999996,336.7000000000014
177431145.0633,7498.999999999996,336.7000000000014
177431147.0633,7498.999999999996,336.7000000000014
177431149.0633,7498.899999999996,336.7000000000014
177431151.0633,7498.899999999996,336.7000000000014
177431153.0633,7498.899999999996,336.7000000000014
177431155.0633,7498.899999999996,336.7000000000014
177431157.0633,7498.899999999996,336.7000000000014
177431159.0633,7498.899999999996,336.80000000000143
177431161.0633,7498.899999999996,336.80000000000143
177431163.0633,7498.899999999996,336.80000000000143
177431165.0633,7498.899999999996,336.80000000000143
177431167.0633,7498.899999999996,336.80000000000143
177431169.0633,7498.899999999996,336.80000000000143
177431171.0633,7498.899999999996,336.80000000000143
177431173.0633,7498.899999999996,336.90000000000146
177431175.0633,7498.899999999996,336.90000000000146
177431177.0633,7498.899999999996,337.0000000000015
177431179.0633,7498.899999999996,337.1000000000015
177431181.0633,7498.899999999996,337.1000000000015
177431183.0633,7498.899999999996,337.1000000000015
177431185.0633,7498.899999999996,337.1000000000015
177431187.0633,7498.899999999996,337.1000000000015
177431189.0633,7498.899999999996,337.1000000000015
177431191.0633,7498.899999999996,337.1000000000015
177431193.0633,7498.799999999996,337.1000000000015
177431195.0633,7498.799999999996,337.1000000000015
177431197.0633,7498.799999999996,337.1000000000015
177431199.0633,7498.799999999996,337.1000000000015
177431201.0633,7498.799999999996,337.1000000000015
177431203.0633,7498.799999999996,337.1000000000015
177431205.0633,7498.799999999996,337.1000000000015
177431207.0633,7498.799999999996,337.1000000000015
177431209.0633,7498.899999999996,337.1000000000015
177431211.0633,7498.899999999996,337.1000000000015
177431213.0633,7498.899999999996,337.1000000000015
177431215.0633,7498.899999999996,337.1000000000015
177431217.0633,7498.899999999996,337.1000000000015
177431219.0633,7498.899999999996,337.1000000000015
177431221.0633,7498.899999999996,337.1000000000015
177431223.0633,7498.899999999996,337.1000000000015
177431225.0633,7498.899999999996,337.1000000000015
177431227.0633,7498.899999999996,337.1000000000015
177431229.0633,7498.899999999996,337.1000000000015
177431231.0633,7498.899999999996,337.1000000000015
177431233.0633,7498.899999999996,337.2000000000015
177431235.0633,7498.899999999996,337.2000000000015
177431237.0633,7498.899999999996,337.2000000000015
177431239.0633,7498.899999999996,337.2000000000015
177431241.0633,7498.899999999996,337.2000000000015
177431243.0633,7498.899999999996,337.2000000000015
177431245.0633,7498.899999999996,337.2000000000015
177431247.0633,7498.899999999996,337.2000000000015
177431249.0633,7498.899999999996,337.2000000000015
177431251.0633,7498.899999999996,337.2000000000015
177431253.0633,7498.899999999996,337.2000000000015
177431255.0633,7498.899999999996,337.2000000000015
177431257.0633,7498.899999999996,337.2000000000015
177431259.0633,7498.899999999996,337.2000000000015
177431261.0633,7498.899999999996,337.2000000000015
177431263.0633,6782.699999999996,337.30000000000155
177431265.0633,6782.699999999996,337.30000000000155
177431267.0633,6782.699999999996,337.30000000000155
177431269.0633,6782.699999999996,337.30000000000155
177431271.0633,6782.699999999996,337.30000000000155
177431273.0633,6782.599999999996,337.30000000000155
177431275.0633,6782.599999999996,337.30000000000155
177431277.0633,6782.599999999996,337.30000000000155
177431279.0633,6782.599999999996,337.30000000000155
177431281.0633,6782.699999999996,337.30000000000155
177431283.0633,6782.699999999996,337.30000000000155
177431285.0633,6782.699999999996,337.30000000000155
177431287.0633,6782.699999999996,337.30000000000155
177431289.0633,6782.699999999996,337.30000000000155
177431291.0633,6782.699999999996,337.30000000000155
177431293.0633,6782.699999999996,337.30000000000155
177431295.0633,6782.699999999996,337.30000000000155
177431297.0633,6782.699999999996,337.30000000000155
177431299.0633,6782.699999999996,337.30000000000155
177431301.0633,6782.699999999996,337.30000000000155
177431303.0633,6782.699999999996,337.30000000000155
177431305.0633,6782.699999999996,337.30000000000155
177431307.0633,6782.699999999996,337.30000000000155
177431309.0633,6782.699999999996,337.30000000000155
177431311.0633,6782.699999999996,337.30000000000155
177431313.0633,6782.699999999996,337.30000000000155
177431315.0633,6782.699999999996,337.30000000000155
177431317.0633,6782.699999999996,337.30000000000155
177431319.0633,6782.699999999996,337.30000000000155
177431321.0633,6782.699999999996,337.30000000000155
177431323.0633,6782.699999999996,337.30000000000155
177431325.0633,6782.699999999996,337.30000000000155
177431327.0633,6782.699999999996,337.30000000000155
177431329.0633,6782.699999999996,337.30000000000155
177431331.0633,6782.699999999996,337.30000000000155
177431333.0633,6782.699999999996,337.30000000000155
177431335.0633,6782.699999999996,337.30000000000155
177431337.0633,6782.699999999996,337.30000000000155
177431339.0633,6782.699999999996,337.30000000000155
177431341.0633,6782.699999999996,337.30000000000155
177431343.0633,6782.699999999996,337.30000000000155
177431345.0633,6782.699999999996,337.40000000000157
177431347.0633,6782.699999999996,337.40000000000157
177431349.0633,6782.699999999996,337.40000000000157
177431351.0633,6782.699999999996,337.40000000000157
177431353.0633,6782.699999999996,337.40000000000157
177431355.0633,6782.699999999996,337.5000000000016
177431357.0633,6782.699999999996,337.5000000000016
177431359.0633,6782.699999999996,337.5000000000016
177431361.0633,6782.699999999996,337.5000000000016
177431363.0633,6782.699999999996,337.5000000000016
177431365.0633,6782.699999999996,337.5000000000016
177431367.0633,6782.699999999996,337.5000000000016
177431369.0633,6782.699999999996,337.5000000000016
177431371.0633,6782.699999999996,337.5000000000016
177431373.0633,6782.699999999996,337.5000000000016
177431375.0633,6782.699999999996,337.5000000000016
177431377.0633,6782.699999999996,337.5000000000016
177431379.0633,6782.699999999996,337.5000000000016
177431381.0633,6782.699999999996,337.5000000000016
177431383.0633,6782.699999999996,337.5000000000016
177431385.0633,6782.699999999996,337.5000000000016
177431387.0633,6782.699999999996,337.5000000000016
177431389.0633,6782.699999999996,337.5000000000016
177431391.0633,6782.699999999996,337.5000000000016
177431393.0633,6782.699999999996,337.5000000000016
177431395.0633,6782.699999999996,337.5000000000016
177431397.0633,6782.699999999996,337.5000000000016
177431399.0633,6782.699999999996,337.5000000000016
177431401.0633,6782.699999999996,337.5000000000016
177431403.0633,6782.699999999996,337.5000000000016
177431405.0633,6782.699999999996,337.5000000000016
177431407.0633,6782.699999999996,337.5000000000016
177431409.0633,6782.699999999996,337.5000000000016
177431411.0633,6782.699999999996,337.5000000000016
177431413.0633,6782.699999999996,337.5000000000016
177431415.0633,6782.699999999996,337.5000000000016
177431417.0633,6782.699999999996,337.5000000000016
177431419.0633,6782.699999999996,337.5000000000016
177431421.0633,6782.599999999996,337.6000000000016
177431423.0633,6782.599999999996,337.6000000000016
177431425.0633,6782.599999999996,337.6000000000016
177431427.0633,6782.599999999996,337.6000000000016
177431429.0633,6782.599999999996,337.6000000000016
177431431.0633,6782.599999999996,337.6000000000016
177431433.0633,6782.599999999996,337.6000000000016
177431435.0633,6782.599999999996,337.6000000000016
177431437.0633,6782.599999999996,337.6000000000016
177431439.0633,6782.599999999996,337.6000000000016
177431441.0633,6782.599999999996,337.6000000000016
177431443.1633,6782.599999999996,337.6000000000016
177431445.0633,6782.599999999996,337.6000000000016
177431447.0633,6782.599999999996,337.6000000000016
177431449.0633,6782.599999999996,337.70000000000164
177431451.0633,6782.599999999996,337.70000000000164
177431453.0633,6782.599999999996,337.70000000000164
177431455.0633,6782.599999999996,337.70000000000164
177431457.0633,6782.599999999996,337.80000000000166
177431459.0633,6782.599999999996,337.9000000000017
177431461.0633,6782.599999999996,337.9000000000017
177431463.0633,6782.599999999996,338.0000000000017
177431465.0633,6782.599999999996,338.1000000000017
177431467.0633,6782.599999999996,338.1000000000017
177431469.0633,6782.599999999996,338.1000000000017
177431471.0633,6782.599999999996,338.1000000000017
177431473.0633,6782.599999999996,338.20000000000175
177431475.0633,6782.599999999996,338.20000000000175
177431477.0633,6782.599999999996,338.20000000000175
177431479.0633,6782.599999999996,338.20000000000175
177431481.0633,6782.599999999996,338.20000000000175
177431483.0633,6782.599999999996,338.20000000000175
177431485.0633,6782.599999999996,338.20000000000175
177431487.0633,6782.599999999996,338.20000000000175
177431489.0633,6782.599999999996,338.3000000000018
177431491.0633,6782.599999999996,338.3000000000018
177431493.0633,6782.599999999996,338.3000000000018
177431495.0633,6782.599999999996,338.4000000000018
177431497.0633,6782.599999999996,338.4000000000018
177431499.0633,6782.599999999996,338.4000000000018
177431501.0633,6782.599999999996,338.4000000000018
177431503.0633,6782.599999999996,338.4000000000018
177431505.0633,6782.599999999996,338.4000000000018
177431507.0633,6782.599999999996,338.4000000000018
177431509.0633,6782.599999999996,338.4000000000018
177431511.0633,6782.599999999996,338.4000000000018
177431513.0633,6782.599999999996,338.4000000000018
177431515.0633,6782.599999999996,338.4000000000018
177431517.0633,6782.599999999996,338.4000000000018
177431519.0633,6782.599999999996,338.4000000000018
177431521.0633,6782.599999999996,338.4000000000018
177431523.0633,6782.599999999996,338.4000000000018
177431525.0633,6782.599999999996,338.5000000000018
177431527.0633,6782.599999999996,338.5000000000018
177431529.0633,6782.599999999996,338.5000000000018
177431531.0633,6782.599999999996,338.5000000000018
177431533.0633,6782.599999999996,338.5000000000018
177431535.0633,6782.599999999996,338.5000000000018
177431537.0633,6782.599999999996,338.5000000000018
177431539.0633,6782.599999999996,338.5000000000018
177431541.0633,6782.599999999996,338.60000000000184
177431543.0633,6782.599999999996,338.60000000000184
177431545.0633,6782.599999999996,338.60000000000184
177431547.0633,6782.599999999996,338.60000000000184
177431549.0633,6782.599999999996,338.60000000000184
177431551.0633,6782.599999999996,338.60000000000184
177431553.0633,6782.599999999996,338.60000000000184
177431555.0633,6782.599999999996,338.60000000000184
177431557.0633,6782.599999999996,338.60000000000184
177431559.0633,6782.599999999996,338.60000000000184
177431561.0633,6782.599999999996,338.60000000000184
177431563.0633,6782.599999999996,338.5000000000018
177431565.0633,6782.599999999996,338.5000000000018
177431567.0633,6782.599999999996,338.5000000000018
177431569.0633,6782.599999999996,338.5000000000018
177431571.0633,6782.599999999996,338.60000000000184
177431573.0633,6782.599999999996,338.60000000000184
177431575.0633,6782.599999999996,338.60000000000184
177431577.0633,6782.599999999996,338.60000000000184
177431579.0633,6782.599999999996,338.60000000000184
177431581.0633,6782.599999999996,338.60000000000184
177431583.0633,6782.499999999995,338.60000000000184
177431585.0633,6782.499999999995,338.60000000000184
177431587.0633,6782.499999999995,338.70000000000186
177431589.0633,6782.499999999995,338.70000000000186
177431591.0633,6782.499999999995,338.8000000000019
177431593.0633,6782.499999999995,338.8000000000019
177431595.0633,6782.499999999995,338.8000000000019
177431597.0633,6782.499999999995,338.8000000000019
177431599.0633,6782.599999999996,338.8000000000019
177431601.0633,6782.599999999996,338.8000000000019
177431603.0633,6782.599999999996,338.8000000000019
177431605.0633,6782.599999999996,338.8000000000019
177431607.0633,6782.599999999996,338.8000000000019
177431609.0633,6782.599999999996,338.8000000000019
177431611.0633,6782.599999999996,338.8000000000019
177431613.0633,6782.599999999996,338.8000000000019
177431615.0633,6782.499999999995,338.8000000000019
177431617.0633,6782.499999999995,338.9000000000019
177431619.0633,6782.499999999995,338.9000000000019
177431621.0633,6782.499999999995,338.9000000000019
177431623.0633,6782.499999999995,338.9000000000019
177431625.0633,6782.499999999995,338.9000000000019
177431627.0633,6782.499999999995,338.9000000000019
177431629.0633,6782.499999999995,339.00000000000193
177431631.0633,6782.499999999995,339.00000000000193
177431633.0633,6782.499999999995,339.00000000000193
177431635.0633,6782.499999999995,339.00000000000193
177431637.0633,6782.499999999995,339.00000000000193
177431639.0633,6782.499999999995,339.00000000000193
177431641.0633,6782.499999999995,339.00000000000193
177431643.0633,6782.499999999995,339.00000000000193
177431645.0633,6782.499999999995,339.00000000000193
177431647.0633,6782.499999999995,339.00000000000193
177431649.0633,6782.499999999995,339.00000000000193
177431651.0633,6782.499999999995,339.00000000000193
177431653.0633,6782.599999999996,339.00000000000193
177431655.0633,6782.599999999996,339.00000000000193
177431657.0633,6782.599999999996,339.00000000000193
177431659.0633,6782.599999999996,339.00000000000193
177431661.0633,6782.599999999996,339.00000000000193
177431663.1633,6782.599999999996,339.00000000000193
177431665.0633,6782.599999999996,339.00000000000193
177431667.0633,6782.599999999996,339.00000000000193
177431669.0633,6782.599999999996,339.00000000000193
177431671.0633,6782.599999999996,339.00000000000193
177431673.0633,6782.599999999996,339.10000000000196
177431675.0633,6782.599999999996,339.200000000002
177431677.0633,6782.599999999996,339.200000000002
177431679.0633,6782.499999999995,339.200000000002
177431681.0633,6782.499999999995,339.200000000002
177431683.0633,6782.399999999995,339.200000000002
177431685.0633,6782.399999999995,339.200000000002
177431687.0633,6782.399999999995,339.200000000002
177431689.0633,6782.399999999995,339.200000000002
177431691.0633,6782.399999999995,339.200000000002
177431693.0633,6782.399999999995,339.200000000002
177431695.0633,6782.399999999995,339.200000000002
177431697.0633,6782.399999999995,339.200000000002
177431699.0633,6782.399999999995,339.200000000002
177431701.0633,6782.399999999995,339.200000000002
177431703.0633,6782.399999999995,339.200000000002
177431705.0633,6782.399999999995,339.200000000002
177431707.0633,6782.399999999995,339.200000000002
177431709.0633,6782.399999999995,339.200000000002
177431711.0633,6782.399999999995,339.200000000002
177431713.0633,6782.399999999995,339.200000000002
177431715.0633,6782.399999999995,339.200000000002
177431717.0633,6782.399999999995,339.200000000002
177431719.0633,6782.399999999995,339.200000000002
177431721.0633,6782.399999999995,339.200000000002
177431723.0633,6782.399999999995,339.200000000002
177431725.0633,6782.399999999995,339.200000000002
177431727.0633,6782.399999999995,339.200000000002
177431729.0633,6782.399999999995,339.200000000002
177431731.0633,6782.399999999995,339.200000000002
177431733.0633,6782.399999999995,339.200000000002
177431735.0633,6782.399999999995,339.200000000002
177431737.0633,6782.399999999995,339.200000000002
177431739.0633,6782.399999999995,339.200000000002
177431741.0633,6782.399999999995,339.200000000002
177431743.0633,6782.399999999995,339.200000000002
177431745.0633,6782.399999999995,339.300000000002
177431747.0633,6782.399999999995,339.300000000002
177431749.0633,6782.399999999995,339.300000000002
177431751.0633,6782.399999999995,339.200000000002
177431753.0633,6782.399999999995,339.200000000002
177431755.0633,6782.399999999995,339.200000000002
177431757.0633,6782.399999999995,339.200000000002
177431759.0633,6782.399999999995,339.200000000002
177431761.0633,6782.399999999995,339.200000000002
177431763.0633,6782.399999999995,339.200000000002
177431765.0633,6782.399999999995,339.200000000002
177431767.0633,6782.399999999995,339.200000000002
177431769.0633,6782.399999999995,339.200000000002
177431771.0633,6782.399999999995,339.200000000002
177431773.0633,6782.399999999995,339.300000000002
177431775.0633,6782.399999999995,339.400000000002
177431777.0633,6782.399999999995,339.400000000002
177431779.0633,6782.399999999995,339.50000000000205
177431781.0633,6782.399999999995,339.50000000000205
177431783.0633,6782.399999999995,339.50000000000205
177431785.0633,6782.399999999995,339.50000000000205
177431787.0633,6782.399999999995,339.50000000000205
177431789.0633,6782.399999999995,339.50000000000205
177431791.0633,6782.399999999995,339.60000000000207
177431793.0633,6782.399999999995,339.7000000000021
177431795.0633,6782.399999999995,339.7000000000021
177431797.0633,6782.399999999995,339.7000000000021
177431799.0633,6782.399999999995,339.7000000000021
177431801.0633,6782.399999999995,339.7000000000021
177431803.0633,6782.399999999995,339.7000000000021
177431805.0633,6782.399999999995,339.7000000000021
177431807.0633,6782.399999999995,339.7000000000021
177431809.0633,6782.399999999995,339.7000000000021
177431811.0633,6782.399999999995,339.7000000000021
177431813.0633,6782.399999999995,339.7000000000021
177431815.0633,6782.399999999995,339.7000000000021
177431817.0633,6782.399999999995,339.7000000000021
177431819.0633,6782.399999999995,339.7000000000021
177431821.0633,6782.399999999995,339.7000000000021
177431823.0633,6782.399999999995,339.7000000000021
177431825.0633,6782.399999999995,339.7000000000021
177431827.0633,6782.399999999995,339.7000000000021
177431829.0633,6782.399999999995,339.7000000000021
177431831.0633,6782.399999999995,339.7000000000021
177431833.0633,6782.399999999995,339.7000000000021
177431835.0633,6782.399999999995,339.7000000000021
177431837.0633,6782.299999999995,339.7000000000021
177431839.0633,6782.299999999995,339.7000000000021
177431841.0633,6782.299999999995,339.7000000000021
177431843.0633,6782.299999999995,339.7000000000021
177431845.0633,6782.299999999995,339.7000000000021
177431847.0633,6782.299999999995,339.7000000000021
177431849.0633,6782.299999999995,339.7000000000021
177431851.0633,6782.299999999995,339.7000000000021
177431853.0633,6782.399999999995,339.7000000000021
177431855.0633,6782.399999999995,339.7000000000021
177431857.0633,6782.399999999995,339.8000000000021
177431859.0633,6782.399999999995,339.8000000000021
177431861.0633,6782.399999999995,339.8000000000021
177431863.0633,6782.399999999995,339.8000000000021
177431865.0633,6782.399999999995,339.8000000000021
177431867.0633,6782.399999999995,339.8000000000021
177431869.0633,6782.399999999995,339.8000000000021
177431871.0633,6782.399999999995,339.90000000000214
177431873.0633,6782.399999999995,339.90000000000214
177431875.0633,6782.399999999995,339.90000000000214
177431877.0633,6782.399999999995,339.90000000000214
177431879.0633,6782.399999999995,339.90000000000214
177431881.0633,6782.399999999995,339.90000000000214
177431883.0633,6782.399999999995,339.90000000000214
177431885.0633,6782.399999999995,339.90000000000214
177431887.0633,6782.399999999995,340.00000000000216
177431889.0633,6782.399999999995,340.00000000000216
177431891.0633,6782.399999999995,340.00000000000216
177431893.0633,6782.399999999995,340.1000000000022
177431895.0633,6782.399999999995,340.1000000000022
177431897.0633,6782.399999999995,340.1000000000022
177431899.0633,6782.399999999995,340.1000000000022
177431901.0633,6782.399999999995,340.1000000000022
177431903.0633,6782.399999999995,340.1000000000022
177431905.0633,6782.399999999995,340.1000000000022
177431907.0633,6782.399999999995,340.1000000000022
177431909.0633,6782.399999999995,340.1000000000022
177431911.0633,6782.399999999995,340.1000000000022
177431913.0633,6782.399999999995,340.1000000000022
177431915.0633,6782.399999999995,340.00000000000216
177431917.0633,6782.399999999995,340.00000000000216
177431919.0633,6782.399999999995,340.00000000000216
177431921.0633,6782.399999999995,340.00000000000216
177431923.0633,6782.399999999995,340.00000000000216
177431925.0633,6782.399999999995,340.00000000000216
177431927.0633,6782.399999999995,340.1000000000022
177431929.0633,6782.399999999995,340.1000000000022
177431931.0633,6782.399999999995,340.1000000000022
177431933.0633,6782.399999999995,340.1000000000022
177431935.0633,6782.399999999995,340.1000000000022
177431937.0633,6782.399999999995,340.1000000000022
177431939.0633,6782.399999999995,340.1000000000022
177431941.0633,6782.399999999995,340.1000000000022
177431943.0633,6782.399999999995,340.1000000000022
177431945.0633,6782.399999999995,340.1000000000022
177431947.0633,6782.399999999995,340.1000000000022
177431949.0633,6782.399999999995,340.1000000000022
177431951.0633,6782.399999999995,340.1000000000022
177431953.0633,6782.399999999995,340.1000000000022
177431955.0633,6782.399999999995,340.1000000000022
177431957.0633,6782.299999999995,340.1000000000022
177431959.0633,6782.299999999995,340.1000000000022
177431961.0633,6782.299999999995,340.1000000000022
177431963.0633,6782.299999999995,340.1000000000022
177431965.0633,6782.299999999995,340.1000000000022
177431967.0633,6782.299999999995,340.1000000000022
177431969.0633,6782.299999999995,340.1000000000022
177431971.0633,6782.299999999995,340.1000000000022
177431973.0633,6782.299999999995,340.1000000000022
177431975.0633,6782.299999999995,340.1000000000022
177431977.0633,6782.399999999995,340.1000000000022
177431979.0633,6782.399999999995,340.1000000000022
177431981.0633,6782.399999999995,340.1000000000022
177431983.0633,6782.399999999995,340.1000000000022
177431985.0633,6782.399999999995,340.1000000000022
177431987.0633,6782.399999999995,340.1000000000022
177431989.0633,6782.399999999995,340.1000000000022
177431991.0633,6782.399999999995,340.1000000000022
177431993.0633,6782.399999999995,340.1000000000022
177431995.0633,6782.399999999995,340.1000000000022
177431997.0633,6782.399999999995,340.1000000000022
177431999.0633,6782.399999999995,340.1000000000022
177432001.0633,6782.399999999995,340.1000000000022
177432003.0633,6782.399999999995,340.1000000000022
177432005.0633,6782.399999999995,340.1000000000022
177432007.0633,6782.399999999995,340.1000000000022
177432009.0633,6782.399999999995,340.1000000000022
177432011.0633,6782.399999999995,340.1000000000022
177432013.0633,6782.399999999995,340.1000000000022
177432015.0633,6782.399999999995,340.1000000000022
177432017.0633,6782.399999999995,340.1000000000022
177432019.0633,6782.399999999995,340.1000000000022
177432021.0633,6782.399999999995,340.1000000000022
177432023.0633,6782.399999999995,340.1000000000022
177432025.0633,6782.399999999995,340.1000000000022
177432027.0633,6782.399999999995,340.1000000000022
177432029.0633,6782.399999999995,340.1000000000022
177432031.0633,6782.399999999995,340.1000000000022
177432033.0633,6782.399999999995,340.1000000000022
177432035.0633,6782.399999999995,340.1000000000022
177432037.0633,6782.399999999995,340.1000000000022
177432039.0633,6782.399999999995,340.1000000000022
177432041.0633,6782.399999999995,340.1000000000022
177432043.0633,6782.399999999995,340.1000000000022
177432045.0633,6782.399999999995,340.1000000000022
177432047.0633,6782.399999999995,340.1000000000022
177432049.0633,6782.399999999995,340.1000000000022
177432051.0633,6782.399999999995,340.1000000000022
177432053.0633,6782.399999999995,340.1000000000022
177432055.0633,6782.399999999995,340.1000000000022
177432057.0633,6782.399999999995,340.1000000000022
177432059.0633,6782.399999999995,340.2000000000022
177432061.0633,6782.399999999995,340.2000000000022
177432063.0633,6782.399999999995,340.2000000000022
177432065.0633,6782.399999999995,340.3000000000022
177432067.0633,6782.399999999995,340.3000000000022
177432069.0633,6782.399999999995,340.3000000000022
177432071.0633,6782.399999999995,340.3000000000022
177432073.0633,6782.399999999995,340.3000000000022
177432075.0633,6782.399999999995,340.3000000000022
177432077.0633,6782.399999999995,340.3000000000022
177432079.0633,6782.399999999995,340.40000000000225
177432081.0633,6782.399999999995,340.40000000000225
177432083.0633,6782.399999999995,340.40000000000225
177432085.0633,6782.399999999995,340.40000000000225
177432087.0633,6782.399999999995,340.3000000000022
177432089.0633,6782.399999999995,340.3000000000022
177432091.0633,6782.399999999995,340.3000000000022
177432093.0633,6782.399999999995,340.3000000000022
177432095.0633,6782.399999999995,340.3000000000022
177432097.0633,6782.399999999995,340.3000000000022
177432099.0633,6782.399999999995,340.3000000000022
177432101.0633,6782.399999999995,340.3000000000022
177432103.0633,6782.399999999995,340.3000000000022
177432105.0633,6782.399999999995,340.3000000000022
177432107.0633,6782.399999999995,340.3000000000022
177432109.0633,6782.399999999995,340.3000000000022
177432111.0633,6782.399999999995,340.3000000000022
177432113.0633,6782.399999999995,340.3000000000022
177432115.0633,6782.399999999995,340.3000000000022
177432117.0633,6782.299999999995,340.3000000000022
177432119.0633,6782.299999999995,340.3000000000022
177432121.0633,6782.299999999995,340.3000000000022
177432123.0633,6782.299999999995,340.3000000000022
177432125.0633,6782.299999999995,340.3000000000022
177432127.0633,6782.299999999995,340.3000000000022
177432129.0633,6782.299999999995,340.3000000000022
177432131.0633,6782.299999999995,340.40000000000225
177432133.0633,6782.299999999995,340.40000000000225
177432135.0633,6782.299999999995,340.40000000000225
177432137.0633,6782.299999999995,340.40000000000225
177432139.0633,6782.299999999995,340.5000000000023
177432141.0633,6782.299999999995,340.5000000000023
177432143.0633,6782.299999999995,340.5000000000023
177432145.0633,6782.399999999995,340.5000000000023
177432147.0633,6782.399999999995,340.5000000000023
177432149.0633,6782.399999999995,340.5000000000023
177432151.0633,6782.399999999995,340.6000000000023
177432153.0633,6782.399999999995,340.6000000000023
177432155.0633,6782.399999999995,340.6000000000023
177432157.0633,6782.399999999995,340.6000000000023
177432159.0633,6782.399999999995,340.6000000000023
177432161.0633,6782.399999999995,340.6000000000023
177432163.0633,6782.399999999995,340.6000000000023
177432165.0633,6782.399999999995,340.6000000000023
177432167.0633,6782.399999999995,340.7000000000023
177432169.0633,6782.399999999995,340.6000000000023
177432171.0633,6782.399999999995,340.6000000000023
177432173.0633,6782.399999999995,340.6000000000023
177432175.0633,6782.399999999995,340.6000000000023
177432177.0633,6782.299999999995,340.6000000000023
177432179.0633,6782.299999999995,340.6000000000023
177432181.0633,6782.299999999995,340.6000000000023
177432183.0633,6782.299999999995,340.6000000000023
177432185.0633,6782.299999999995,340.6000000000023
177432187.0633,6782.399999999995,340.6000000000023
177432189.0633,6782.399999999995,340.6000000000023
177432191.0633,6782.399999999995,340.6000000000023
177432193.0633,6782.399999999995,340.6000000000023
177432195.0633,6782.399999999995,340.7000000000023
177432197.0633,6782.399999999995,340.7000000000023
177432199.0633,6782.399999999995,340.7000000000023
177432201.0633,6782.399999999995,340.7000000000023
177432203.0633,6782.399999999995,340.7000000000023
177432205.0633,6782.399999999995,340.7000000000023
177432207.0633,6782.399999999995,340.7000000000023
177432209.0633,6782.399999999995,340.7000000000023
177432211.0633,6782.399999999995,340.80000000000234
177432213.0633,6782.399999999995,340.90000000000236
177432215.0633,6782.399999999995,340.90000000000236
177432217.0633,6782.399999999995,340.90000000000236
177432219.0633,6782.399999999995,340.90000000000236
177432221.0633,6782.299999999995,340.90000000000236
177432223.0633,6782.299999999995,340.90000000000236
177432225.0633,6782.299999999995,340.90000000000236
177432227.0633,6782.299999999995,340.90000000000236
177432229.0633,6782.299999999995,340.90000000000236
177432231.0633,6782.399999999995,340.90000000000236
177432233.0633,6782.399999999995,340.90000000000236
177432235.0633,6782.399999999995,340.90000000000236
177432237.0633,6782.399999999995,340.90000000000236
177432239.0633,6782.399999999995,340.90000000000236
177432241.0633,6782.399999999995,340.90000000000236
177432243.0633,6782.399999999995,340.90000000000236
177432245.0633,6782.399999999995,340.90000000000236
177432247.0633,6782.399999999995,340.90000000000236
177432249.0633,6782.399999999995,340.90000000000236
177432251.0633,6782.399999999995,340.90000000000236
177432253.0633,6782.399999999995,340.90000000000236
177432255.0633,6782.399999999995,340.90000000000236
177432257.0633,6782.399999999995,340.80000000000234
177432259.0633,6782.399999999995,340.80000000000234
177432261.0633,6782.399999999995,340.80000000000234
177432263.0633,6782.399999999995,340.80000000000234
177432265.0633,6782.399999999995,340.80000000000234
177432267.0633,6782.299999999995,340.80000000000234
177432269.0633,6782.299999999995,340.80000000000234
177432271.0633,6782.299999999995,340.80000000000234
177432273.0633,6782.299999999995,340.80000000000234
177432275.0633,6782.299999999995,340.80000000000234
177432277.0633,6782.399999999995,340.80000000000234
177432279.0633,6782.399999999995,340.80000000000234
177432281.0633,6782.399999999995,340.80000000000234
177432283.0633,6782.399999999995,340.80000000000234
177432285.0633,6782.399999999995,340.80000000000234
177432287.0633,6782.299999999995,340.90000000000236
177432289.0633,6782.299999999995,340.90000000000236
177432291.0633,6782.299999999995,340.90000000000236
177432293.0633,6782.299999999995,340.90000000000236
177432295.0633,6782.299999999995,340.90000000000236
177432297.0633,6782.299999999995,340.90000000000236
177432299.0633,6782.299999999995,340.90000000000236
177432301.0633,6782.299999999995,340.90000000000236
177432303.0633,6782.299999999995,340.90000000000236
177432305.0633,6782.299999999995,340.90000000000236
177432307.0633,6782.299999999995,340.90000000000236
177432309.0633,6782.299999999995,340.90000000000236
177432311.0633,6782.299999999995,340.90000000000236
177432313.0633,6782.299999999995,340.90000000000236
177432315.0633,6782.299999999995,340.90000000000236
177432317.0633,6782.299999999995,340.90000000000236
177432319.0633,6782.299999999995,340.90000000000236
177432321.0633,6782.299999999995,340.90000000000236
177432323.0633,6782.299999999995,340.90000000000236
177432325.0633,6782.299999999995,340.90000000000236
177432327.0633,6782.299999999995,340.90000000000236
177432329.0633,6782.299999999995,340.90000000000236
177432331.0633,6782.299999999995,340.90000000000236
177432333.0633,6782.299999999995,340.90000000000236
177432335.0633,6782.299999999995,340.90000000000236
177432337.0633,6782.299999999995,340.90000000000236
177432339.0633,6782.299999999995,340.90000000000236
177432341.0633,6782.299999999995,340.90000000000236
177432343.0633,6782.299999999995,340.90000000000236
177432345.0633,6782.299999999995,340.90000000000236
177432347.0633,6782.299999999995,340.90000000000236
177432349.0633,6782.299999999995,341.0000000000024
177432351.0633,6782.299999999995,341.0000000000024
177432353.0633,6782.299999999995,341.0000000000024
177432355.0633,6782.299999999995,341.0000000000024
177432357.0633,6782.299999999995,341.1000000000024
177432359.0633,6782.299999999995,341.1000000000024
177432361.0633,6782.299999999995,341.20000000000243
177432363.0633,6782.299999999995,341.20000000000243
177432365.0633,6782.299999999995,341.20000000000243
177432367.0633,6782.299999999995,341.20000000000243
177432369.0633,6782.299999999995,341.20000000000243
177432371.0633,6782.299999999995,341.20000000000243
177432373.0633,6782.299999999995,341.20000000000243
177432375.0633,6782.299999999995,341.20000000000243
177432377.0633,6782.299999999995,341.20000000000243
177432379.0633,6782.299999999995,341.20000000000243
177432381.0633,6782.299999999995,341.20000000000243
177432383.0633,6782.299999999995,341.20000000000243
177432385.0633,6782.299999999995,341.20000000000243
177432387.0633,6782.299999999995,341.20000000000243
177432389.0633,6782.299999999995,341.20000000000243
177432391.0633,6782.299999999995,341.30000000000246
177432393.0633,6782.299999999995,341.30000000000246
177432395.0633,6782.299999999995,341.4000000000025
177432397.0633,6782.299999999995,341.5000000000025
177432399.0633,6782.299999999995,341.5000000000025
177432401.0633,6782.299999999995,341.6000000000025
177432403.0633,6782.299999999995,341.6000000000025
177432405.0633,6782.299999999995,341.6000000000025
177432407.0633,6782.299999999995,341.6000000000025
177432409.0633,6782.299999999995,341.6000000000025
177432411.0633,6782.299999999995,341.6000000000025
177432413.0633,6782.299999999995,341.6000000000025
177432415.0633,6782.299999999995,341.6000000000025
177432417.0633,6782.299999999995,341.6000000000025
177432419.0633,6782.299999999995,341.6000000000025
177432421.0633,6782.299999999995,341.6000000000025
177432423.0633,6782.299999999995,341.6000000000025
177432425.0633,6782.299999999995,341.70000000000255
177432427.0633,6782.299999999995,341.70000000000255
177432429.0633,6782.299999999995,341.70000000000255
177432431.0633,6782.299999999995,341.70000000000255
177432433.0633,6782.299999999995,341.70000000000255
177432435.0633,6782.299999999995,341.70000000000255
177432437.0633,6782.299999999995,341.70000000000255
177432439.0633,6782.299999999995,341.70000000000255
177432441.0633,6782.299999999995,341.70000000000255
177432443.0633,6782.299999999995,341.70000000000255
177432445.0633,6782.299999999995,341.70000000000255
177432447.0633,6782.299999999995,341.70000000000255
177432449.0633,6782.299999999995,341.70000000000255
177432451.0633,6782.299999999995,341.70000000000255
177432453.0633,6782.299999999995,341.70000000000255
177432455.0633,6782.299999999995,341.70000000000255
177432457.0633,6782.299999999995,341.70000000000255
177432459.0633,6782.299999999995,341.70000000000255
177432461.0633,6782.299999999995,341.70000000000255
177432463.0633,6782.299999999995,341.70000000000255
177432465.0633,6782.299999999995,341.70000000000255
177432467.0633,6782.299999999995,341.70000000000255
177432469.0633,6782.299999999995,341.70000000000255
177432471.0633,6782.299999999995,341.70000000000255
177432473.0633,6782.299999999995,341.70000000000255
177432475.0633,6782.299999999995,341.70000000000255
177432477.0633,6782.299999999995,341.70000000000255
177432479.0633,6782.299999999995,341.70000000000255
177432481.0633,6782.299999999995,341.70000000000255
177432483.0633,6782.299999999995,341.70000000000255
177432485.0633,6782.299999999995,341.70000000000255
177432487.0633,6782.299999999995,341.80000000000257
177432489.0633,6782.299999999995,341.80000000000257
177432491.0633,6782.299999999995,341.80000000000257
177432493.0633,6782.299999999995,341.80000000000257
177432495.0633,6782.299999999995,341.80000000000257
177432497.0633,6782.299999999995,341.80000000000257
177432499.0633,6782.299999999995,341.80000000000257
177432501.0633,6782.299999999995,341.80000000000257
177432503.0633,6782.299999999995,341.80000000000257
177432505.0633,6782.299999999995,341.80000000000257
177432507.0633,6782.299999999995,341.80000000000257
177432509.0633,6782.299999999995,341.80000000000257
177432511.0633,6782.299999999995,341.80000000000257
177432513.0633,6782.299999999995,341.80000000000257
177432515.0633,6782.299999999995,341.80000000000257
177432517.0633,6782.299999999995,341.80000000000257
177432519.0633,6782.299999999995,341.80000000000257
177432521.0633,6782.299999999995,341.80000000000257
177432523.0633,6782.299999999995,341.80000000000257
177432525.0633,6782.299999999995,341.80000000000257
177432527.0633,6782.299999999995,341.80000000000257
177432529.0633,6782.299999999995,341.80000000000257
177432531.0633,6782.299999999995,341.80000000000257
177432533.0633,6782.299999999995,341.80000000000257
177432535.0633,6782.299999999995,341.80000000000257
177432537.0633,6782.299999999995,341.80000000000257
177432539.0633,6782.299999999995,341.80000000000257
177432541.0633,6782.299999999995,341.80000000000257
177432543.0633,6782.299999999995,341.9000000000026
177432545.0633,6782.299999999995,341.9000000000026
177432547.0633,6782.299999999995,341.9000000000026
177432549.0633,6782.299999999995,341.9000000000026
177432551.0633,6782.299999999995,341.9000000000026
177432553.0633,6782.299999999995,341.9000000000026
177432555.0633,6782.299999999995,341.9000000000026
177432557.0633,6782.299999999995,341.9000000000026
177432559.0633,6782.299999999995,341.9000000000026
177432561.0633,6782.299999999995,341.9000000000026
177432563.0633,6782.299999999995,341.9000000000026
177432565.0633,6782.299999999995,341.9000000000026
177432567.0633,6782.299999999995,341.9000000000026
177432569.0633,6782.299999999995,341.9000000000026
177432571.0633,6782.299999999995,341.9000000000026
177432573.0633,6782.299999999995,341.9000000000026
177432575.0633,6782.299999999995,341.9000000000026
177432577.0633,6782.299999999995,341.9000000000026
177432579.0633,6782.299999999995,341.9000000000026
177432581.0633,6782.299999999995,341.9000000000026
177432583.0633,6782.299999999995,342.0000000000026
177432585.0633,6782.299999999995,342.0000000000026
177432587.0633,6782.299999999995,342.0000000000026
177432589.0633,6782.299999999995,342.0000000000026
177432591.0633,6782.299999999995,342.0000000000026
177432593.0633,6782.299999999995,342.0000000000026
177432595.0633,6782.299999999995,341.9000000000026
177432597.0633,6782.299999999995,341.9000000000026
177432599.0633,6782.299999999995,341.9000000000026
177432601.0633,6782.299999999995,341.9000000000026
177432603.0633,6782.299999999995,341.9000000000026
177432605.0633,6782.299999999995,341.9000000000026
177432607.0633,6782.299999999995,341.9000000000026
177432609.0633,6782.299999999995,341.9000000000026
177432611.0633,6782.299999999995,341.9000000000026
177432613.0633,6782.299999999995,341.9000000000026
177432615.0633,6782.299999999995,341.9000000000026
177432617.1633,6782.199999999994,341.9000000000026
177432619.0633,6782.199999999994,341.9000000000026
177432621.0633,6782.199999999994,341.9000000000026
177432623.0633,6782.199999999994,341.9000000000026
177432625.0633,6782.199999999994,341.9000000000026
177432627.0633,6782.199999999994,341.9000000000026
177432629.0633,6782.199999999994,341.9000000000026
177432631.0633,6782.199999999994,341.9000000000026
177432633.0633,6782.199999999994,341.9000000000026
177432635.0633,6782.199999999994,341.9000000000026
177432637.0633,6782.199999999994,341.9000000000026
177432639.0633,6782.199999999994,341.9000000000026
177432641.0633,6782.199999999994,341.9000000000026
177432643.0633,6782.199999999994,341.9000000000026
177432645.0633,6782.199999999994,341.9000000000026
177432647.0633,6782.199999999994,341.9000000000026
177432649.0633,6782.199999999994,341.9000000000026
177432651.0633,6782.199999999994,341.9000000000026
177432653.0633,6782.199999999994,341.9000000000026
177432655.0633,6782.199999999994,341.9000000000026
177432657.0633,6782.199999999994,341.9000000000026
177432659.0633,6782.199999999994,341.9000000000026
177432661.0633,6782.199999999994,342.0000000000026
177432663.0633,6782.199999999994,342.0000000000026
177432665.0633,6782.199999999994,342.0000000000026
177432667.0633,6782.199999999994,342.0000000000026
177432669.0633,6782.199999999994,342.10000000000264
177432671.0633,6782.199999999994,342.10000000000264
177432673.0633,6782.199999999994,342.10000000000264
177432675.0633,6782.199999999994,342.10000000000264
177432677.0633,6782.199999999994,342.10000000000264
177432679.0633,6782.199999999994,342.10000000000264
177432681.0633,6782.199999999994,342.10000000000264
177432683.0633,6782.199999999994,342.10000000000264
177432685.0633,6782.199999999994,342.10000000000264
177432687.0633,6782.199999999994,342.10000000000264
177432689.0633,6782.199999999994,342.20000000000266
177432691.0633,6782.199999999994,342.20000000000266
177432693.0633,6782.199999999994,342.3000000000027
177432695.0633,6782.199999999994,342.3000000000027
177432697.0633,6782.199999999994,342.3000000000027
177432699.0633,6782.199999999994,342.3000000000027
177432701.0633,6782.199999999994,342.3000000000027
177432703.0633,6782.199999999994,342.3000000000027
177432705.0633,6782.199999999994,342.3000000000027
177432707.0633,6782.199999999994,342.3000000000027
177432709.0633,6782.199999999994,342.3000000000027
177432711.0633,6782.199999999994,342.3000000000027
177432713.0633,6782.199999999994,342.3000000000027
177432715.0633,6782.199999999994,342.3000000000027
177432717.0633,6782.199999999994,342.3000000000027
177432719.0633,6782.199999999994,342.3000000000027
177432721.0633,6782.199999999994,342.3000000000027
177432723.0633,6782.199999999994,342.3000000000027
177432725.0633,6782.199999999994,342.3000000000027
177432727.0633,6782.199999999994,342.3000000000027
177432729.0633,6782.199999999994,342.3000000000027
177432731.0633,6782.199999999994,342.4000000000027
177432733.0633,6782.199999999994,342.4000000000027
177432735.0633,6782.199999999994,342.4000000000027
177432737.0633,6782.199999999994,342.4000000000027
177432739.0633,6782.199999999994,342.4000000000027
177432741.0633,6782.199999999994,342.4000000000027
177432743.0633,6782.199999999994,342.4000000000027
177432745.0633,6782.199999999994,342.4000000000027
177432747.0633,6782.199999999994,342.4000000000027
177432749.0633,6782.199999999994,342.4000000000027
177432751.0633,6782.199999999994,342.4000000000027
177432753.0633,6782.199999999994,342.4000000000027
177432755.0633,6782.199999999994,342.4000000000027
177432757.0633,6782.199999999994,342.4000000000027
177432759.0633,6782.199999999994,342.4000000000027
177432761.0633,6782.199999999994,342.4000000000027
177432763.0633,6782.199999999994,342.4000000000027
177432765.0633,6782.199999999994,342.4000000000027
177432767.0633,6782.199999999994,342.4000000000027
177432769.0633,6782.199999999994,342.4000000000027
177432771.0633,6782.199999999994,342.4000000000027
177432773.0633,6782.199999999994,342.4000000000027
177432775.0633,6782.199999999994,342.4000000000027
177432777.0633,6782.199999999994,342.4000000000027
177432779.0633,6782.199999999994,342.4000000000027
177432781.0633,6782.199999999994,342.4000000000027
177432783.0633,6782.199999999994,342.4000000000027
177432785.0633,6782.199999999994,342.4000000000027
177432787.0633,6782.199999999994,342.4000000000027
177432789.0633,6782.199999999994,342.4000000000027
177432791.0633,6782.199999999994,342.4000000000027
177432793.0633,6782.199999999994,342.4000000000027
177432795.0633,6138.199999999994,342.4000000000027
177432797.0633,6138.199999999994,342.4000000000027
177432799.0633,6138.199999999994,342.4000000000027
177432801.0633,6138.199999999994,342.50000000000273
177432803.0633,6138.199999999994,342.50000000000273
177432805.0633,6138.199999999994,342.60000000000275
177432807.0633,6138.199999999994,342.60000000000275
177432809.0633,6138.199999999994,342.60000000000275
177432811.0633,6138.199999999994,342.60000000000275
177432813.0633,6138.199999999994,342.60000000000275
177432815.0633,6138.199999999994,342.60000000000275
177432817.0633,6138.199999999994,342.60000000000275
177432819.0633,6138.199999999994,342.60000000000275
177432821.0633,6138.199999999994,342.60000000000275
177432823.0633,6138.199999999994,342.60000000000275
177432825.0633,6138.199999999994,342.60000000000275
177432827.0633,6138.199999999994,342.60000000000275
177432829.0633,6138.199999999994,342.60000000000275
177432831.0633,6138.199999999994,342.60000000000275
177432833.0633,6138.199999999994,342.60000000000275
177432835.0633,6138.199999999994,342.60000000000275
177432837.0633,6138.199999999994,342.60000000000275
177432839.0633,6138.199999999994,342.60000000000275
177432841.0633,6138.199999999994,342.60000000000275
177432843.0633,6138.199999999994,342.60000000000275
177432845.0633,6138.199999999994,342.60000000000275
177432847.0633,6138.199999999994,342.60000000000275
177432849.0633,6138.199999999994,342.60000000000275
177432851.0633,6138.199999999994,342.60000000000275
177432853.0633,6138.199999999994,342.60000000000275
177432855.0633,6138.199999999994,342.60000000000275
177432857.0633,6138.199999999994,342.60000000000275
177432859.0633,6138.199999999994,342.60000000000275
177432861.0633,6138.199999999994,342.60000000000275
177432863.0633,6138.199999999994,342.60000000000275
177432865.0633,6138.199999999994,342.60000000000275
177432867.0633,6138.199999999994,342.60000000000275
177432869.0633,6138.199999999994,342.60000000000275
177432871.0633,6138.199999999994,342.60000000000275
177432873.0633,6138.199999999994,342.60000000000275
177432875.0633,6138.199999999994,342.60000000000275
177432877.0633,6138.199999999994,342.60000000000275
177432879.0633,6138.199999999994,342.60000000000275
177432881.0633,6138.199999999994,342.60000000000275
177432883.0633,6138.199999999994,342.60000000000275
177432885.0633,6138.199999999994,342.60000000000275
177432887.0633,6138.199999999994,342.60000000000275
177432889.0633,6138.199999999994,342.60000000000275
177432891.0633,6138.199999999994,342.60000000000275
177432893.0633,6138.199999999994,342.60000000000275
177432895.0633,6138.199999999994,342.60000000000275
177432897.0633,6138.199999999994,342.60000000000275
177432899.0633,6138.199999999994,342.60000000000275
177432901.0633,6138.199999999994,342.60000000000275
177432903.0633,6138.199999999994,342.60000000000275
177432905.0633,6138.199999999994,342.60000000000275
177432907.0633,6138.199999999994,342.60000000000275
177432909.0633,6138.199999999994,342.60000000000275
177432911.0633,6138.199999999994,342.7000000000028
177432913.0633,6138.199999999994,342.7000000000028
177432915.0633,6138.199999999994,342.7000000000028
177432917.0633,6138.199999999994,342.7000000000028
177432919.0633,6138.199999999994,342.7000000000028
177432921.0633,6138.199999999994,342.7000000000028
177432923.0633,6138.199999999994,342.7000000000028
177432925.0633,6138.199999999994,342.7000000000028
177432927.0633,6138.199999999994,342.7000000000028
177432929.0633,6138.199999999994,342.7000000000028
177432931.0633,6138.199999999994,342.7000000000028
177432933.0633,6138.199999999994,342.7000000000028
177432935.0633,6138.199999999994,342.7000000000028
177432937.0633,6138.199999999994,342.7000000000028
177432939.0633,6138.199999999994,342.7000000000028
177432941.0633,6138.199999999994,342.7000000000028
177432943.0633,6138.199999999994,342.7000000000028
177432945.0633,6138.199999999994,342.7000000000028
177432947.0633,6138.199999999994,342.7000000000028
177432949.0633,6138.199999999994,342.7000000000028
177432951.0633,6138.199999999994,342.7000000000028
177432953.0633,6138.199999999994,342.7000000000028
177432955.0633,6138.199999999994,342.7000000000028
177432957.0633,6138.199999999994,342.7000000000028
177432959.0633,6138.199999999994,342.7000000000028
177432961.0633,6138.199999999994,342.7000000000028
177432963.0633,6138.199999999994,342.7000000000028
177432965.0633,6138.199999999994,342.7000000000028
177432967.0633,6138.199999999994,342.7000000000028
177432969.0633,6138.199999999994,342.7000000000028
177432971.0633,6138.199999999994,342.7000000000028
177432973.0633,6138.199999999994,342.7000000000028
177432975.0633,6138.199999999994,342.7000000000028
177432977.0633,6138.099999999994,342.7000000000028
177432979.0633,6137.999999999994,342.7000000000028
177432981.0633,6137.999999999994,342.7000000000028
177432983.0633,6137.999999999994,342.7000000000028
177432985.0633,6137.999999999994,342.7000000000028
177432987.0633,6137.999999999994,342.7000000000028
177432989.0633,6137.999999999994,342.7000000000028
177432991.0633,6137.999999999994,342.7000000000028
177432993.0633,6137.999999999994,342.7000000000028
177432995.0633,6137.999999999994,342.7000000000028
177432997.0633,6137.999999999994,342.7000000000028
177432999.0633,6137.999999999994,342.7000000000028
177433001.0633,6137.999999999994,342.8000000000028
177433003.0633,6137.999999999994,342.8000000000028
177433005.0633,6137.999999999994,342.8000000000028
177433007.0633,6137.999999999994,342.8000000000028
177433009.0633,6137.999999999994,342.8000000000028
177433011.0633,6137.999999999994,342.8000000000028
177433013.0633,6137.999999999994,342.8000000000028
177433015.0633,6137.999999999994,342.8000000000028
177433017.0633,6137.999999999994,342.8000000000028
177433019.0633,6137.999999999994,342.8000000000028
177433021.0633,6137.999999999994,342.8000000000028
177433023.0633,6137.999999999994,342.8000000000028
177433025.0633,6137.999999999994,342.8000000000028
177433027.0633,6137.999999999994,342.8000000000028
177433029.0633,6137.999999999994,342.8000000000028
177433031.0633,6137.999999999994,342.8000000000028
177433033.0633,6137.999999999994,342.8000000000028
177433035.0633,6137.999999999994,342.8000000000028
177433037.0633,6137.999999999994,342.8000000000028
177433039.0633,6137.999999999994,342.8000000000028
177433041.0633,6137.999999999994,342.9000000000028
177433043.0633,6137.999999999994,342.9000000000028
177433045.0633,6137.999999999994,342.9000000000028
177433047.0633,6137.999999999994,342.9000000000028
177433049.0633,6137.999999999994,343.00000000000284
177433051.0633,6137.999999999994,343.00000000000284
177433053.0633,6137.999999999994,343.00000000000284
177433055.0633,6137.999999999994,343.00000000000284
177433057.0633,6137.999999999994,343.00000000000284
177433059.0633,6137.999999999994,343.00000000000284
177433061.0633,6137.999999999994,343.00000000000284
177433063.0633,6137.999999999994,343.00000000000284
177433065.0633,6137.999999999994,343.00000000000284
177433067.0633,6137.999999999994,343.00000000000284
177433069.0633,6137.999999999994,343.00000000000284
177433071.0633,6137.999999999994,343.00000000000284
177433073.0633,6137.999999999994,343.00000000000284
177433075.0633,6137.999999999994,343.00000000000284
177433077.0633,6137.999999999994,343.00000000000284
177433079.0633,6137.999999999994,343.00000000000284
177433081.0633,6137.999999999994,343.00000000000284
177433083.0633,6137.999999999994,343.00000000000284
177433085.0633,6137.999999999994,343.00000000000284
177433087.0633,6137.999999999994,343.00000000000284
177433089.0633,6137.999999999994,343.00000000000284
177433091.0633,6137.999999999994,343.00000000000284
177433093.0633,6137.999999999994,343.00000000000284
177433095.0633,6137.999999999994,343.00000000000284
177433097.0633,6137.999999999994,343.00000000000284
177433099.0633,6137.999999999994,343.00000000000284
177433101.0633,6137.999999999994,343.00000000000284
177433103.0633,6137.999999999994,343.00000000000284
177433105.0633,6137.999999999994,343.00000000000284
177433107.0633,6137.999999999994,343.00000000000284
177433109.0633,6137.999999999994,343.00000000000284
177433111.0633,6137.999999999994,343.00000000000284
177433113.0633,6137.999999999994,343.10000000000286
177433115.0633,6137.999999999994,343.10000000000286
177433117.0633,6137.999999999994,343.10000000000286
177433119.0633,6137.999999999994,343.10000000000286
177433121.0633,6137.999999999994,343.10000000000286
177433123.0633,6137.999999999994,343.10000000000286
177433125.0633,6137.999999999994,343.10000000000286
177433127.0633,6137.999999999994,343.10000000000286
177433129.0633,6137.999999999994,343.10000000000286
177433131.0633,6137.999999999994,343.10000000000286
177433133.0633,6137.999999999994,343.10000000000286
177433135.0633,6137.999999999994,343.10000000000286
177433137.0633,6137.999999999994,343.10000000000286
177433139.0633,6137.999999999994,343.10000000000286
177433141.0633,6137.999999999994,343.10000000000286
177433143.0633,6137.999999999994,343.10000000000286
177433145.0633,6137.999999999994,343.10000000000286
177433147.0633,6137.999999999994,343.10000000000286
177433149.0633,6137.999999999994,343.10000000000286
177433151.0633,6137.999999999994,343.10000000000286
177433153.0633,6137.999999999994,343.10000000000286
177433155.0633,6137.999999999994,343.10000000000286
177433157.0633,6137.999999999994,343.10000000000286
177433159.0633,6137.999999999994,343.10000000000286
177433161.0633,6137.999999999994,343.10000000000286
177433163.0633,6137.999999999994,343.10000000000286
177433165.0633,6137.999999999994,343.10000000000286
177433167.0633,6137.999999999994,343.10000000000286
177433169.0633,6137.999999999994,343.10000000000286
177433171.0633,6137.999999999994,343.10000000000286
177433173.0633,6137.999999999994,343.10000000000286
177433175.0633,6137.999999999994,343.10000000000286
177433177.0633,6137.999999999994,343.2000000000029
177433179.0633,6137.999999999994,343.2000000000029
177433181.0633,6137.999999999994,343.2000000000029
177433183.0633,6137.999999999994,343.2000000000029
177433185.0633,6137.999999999994,343.10000000000286
177433187.0633,6137.999999999994,343.10000000000286
177433189.0633,6137.999999999994,343.10000000000286
177433191.0633,6137.999999999994,343.10000000000286
177433193.0633,6137.999999999994,343.10000000000286
177433195.0633,6137.999999999994,343.10000000000286
177433197.0633,6137.999999999994,343.10000000000286
177433199.0633,6137.999999999994,343.10000000000286
177433201.0633,6137.999999999994,343.10000000000286
177433203.0633,6137.999999999994,343.10000000000286
177433205.0633,6137.999999999994,343.10000000000286
177433207.0633,6137.999999999994,343.10000000000286
177433209.0633,6137.999999999994,343.10000000000286
177433211.0633,6137.999999999994,343.10000000000286
177433213.0633,6137.999999999994,343.10000000000286
177433215.0633,6137.999999999994,343.10000000000286
177433217.0633,6137.999999999994,343.10000000000286
177433219.0633,6137.999999999994,343.10000000000286
177433221.0633,6137.999999999994,343.10000000000286
177433223.0633,6137.999999999994,343.10000000000286
177433225.0633,6137.999999999994,343.10000000000286
177433227.0633,6137.999999999994,343.10000000000286
177433229.0633,6137.999999999994,343.10000000000286
177433231.0633,6137.999999999994,343.10000000000286
177433233.0633,6137.999999999994,343.10000000000286
177433235.0633,6137.999999999994,343.10000000000286
177433237.0633,6137.999999999994,343.10000000000286
177433239.0633,6137.999999999994,343.10000000000286
177433241.0633,6137.999999999994,343.10000000000286
177433243.0633,6137.999999999994,343.10000000000286
177433245.0633,6137.999999999994,343.10000000000286
177433247.0633,6137.999999999994,343.10000000000286
177433249.0633,6137.999999999994,343.10000000000286
177433251.0633,6137.999999999994,343.10000000000286
177433253.0633,6137.999999999994,343.10000000000286
177433255.0633,6137.999999999994,343.10000000000286
177433257.0633,6137.999999999994,343.10000000000286
177433259.0633,6137.999999999994,343.10000000000286
177433261.0633,6137.999999999994,343.10000000000286
177433263.0633,6137.999999999994,343.10000000000286
177433265.0633,6137.999999999994,343.10000000000286
177433267.0633,6137.999999999994,343.10000000000286
177433269.0633,6137.999999999994,343.10000000000286
177433271.0633,6137.999999999994,343.10000000000286
177433273.0633,6137.999999999994,343.2000000000029
177433275.0633,6137.999999999994,343.2000000000029
177433277.0633,6137.999999999994,343.2000000000029
177433279.0633,6137.999999999994,343.2000000000029
177433281.0633,6137.999999999994,343.2000000000029
177433283.0633,6137.999999999994,343.2000000000029
177433285.0633,6137.999999999994,343.2000000000029
177433287.0633,6137.999999999994,343.2000000000029
177433289.0633,6137.999999999994,343.2000000000029
177433291.0633,6137.999999999994,343.3000000000029
177433293.0633,6137.999999999994,343.3000000000029
177433295.1633,6137.999999999994,343.3000000000029
177433297.0633,6137.999999999994,343.3000000000029
177433299.0633,6137.999999999994,343.3000000000029
177433301.0633,6137.999999999994,343.3000000000029
177433303.0633,6137.999999999994,343.3000000000029
177433305.0633,6137.999999999994,343.3000000000029
177433307.0633,6137.999999999994,343.3000000000029
177433309.0633,6137.999999999994,343.3000000000029
177433311.0633,6137.999999999994,343.3000000000029
177433313.0633,6137.999999999994,343.3000000000029
177433315.0633,6137.999999999994,343.3000000000029
177433317.0633,6137.999999999994,343.3000000000029
177433319.0633,6137.999999999994,343.3000000000029
177433321.0633,6137.999999999994,343.3000000000029
177433323.0633,6137.999999999994,343.3000000000029
177433325.0633,6137.999999999994,343.3000000000029
177433327.0633,6137.999999999994,343.3000000000029
177433329.0633,6137.999999999994,343.3000000000029
177433331.0633,6137.999999999994,343.3000000000029
177433333.0633,6137.999999999994,343.3000000000029
177433335.0633,6137.999999999994,343.3000000000029
177433337.0633,6137.999999999994,343.3000000000029
177433339.0633,6137.999999999994,343.3000000000029
177433341.0633,6137.999999999994,343.3000000000029
177433343.0633,6137.999999999994,343.3000000000029
177433345.0633,6137.999999999994,343.3000000000029
177433347.0633,6137.999999999994,343.3000000000029
177433349.0633,6137.999999999994,343.3000000000029
177433351.0633,6137.999999999994,343.3000000000029
177433353.0633,6137.999999999994,343.3000000000029
177433355.0633,6137.999999999994,343.3000000000029
177433357.0633,6137.999999999994,343.3000000000029
177433359.0633,6137.999999999994,343.3000000000029
177433361.0633,6137.999999999994,343.3000000000029
177433363.0633,6137.999999999994,343.3000000000029
177433365.0633,6137.999999999994,343.3000000000029
177433367.0633,6137.999999999994,343.3000000000029
177433369.0633,6137.999999999994,343.3000000000029
177433371.0633,6137.999999999994,343.3000000000029
177433373.0633,6137.999999999994,343.3000000000029
177433375.0633,6137.999999999994,343.3000000000029
177433377.0633,6137.999999999994,343.3000000000029
177433379.0633,6137.999999999994,343.3000000000029
177433381.0633,6137.999999999994,343.3000000000029
177433383.0633,6137.999999999994,343.3000000000029
177433385.0633,6137.999999999994,343.3000000000029
177433387.0633,6137.999999999994,343.40000000000293
177433389.0633,6137.999999999994,343.40000000000293
177433391.0633,6137.999999999994,343.40000000000293
177433393.0633,6137.999999999994,343.40000000000293
177433395.0633,6137.999999999994,343.40000000000293
177433397.0633,6137.999999999994,343.40000000000293
177433399.0633,6137.999999999994,343.40000000000293
177433401.0633,6137.999999999994,343.40000000000293
177433403.0633,6137.999999999994,343.40000000000293
177433405.0633,6137.999999999994,343.40000000000293
177433407.0633,6137.999999999994,343.40000000000293
177433409.0633,6137.999999999994,343.40000000000293
177433411.0633,6137.999999999994,343.40000000000293
177433413.0633,6137.999999999994,343.50000000000296
177433415.0633,6137.999999999994,343.600000000003
177433417.0633,6137.999999999994,343.600000000003
177433419.0633,6137.999999999994,343.600000000003
177433421.0633,6137.999999999994,343.600000000003
177433423.0633,6137.999999999994,343.600000000003
177433425.0633,6137.999999999994,343.600000000003
177433427.0633,6137.999999999994,343.600000000003
177433429.0633,6137.999999999994,343.600000000003
177433431.0633,6137.999999999994,343.700000000003
177433433.0633,6137.999999999994,343.700000000003
177433435.0633,6137.999999999994,343.800000000003
177433437.0633,6137.999999999994,343.800000000003
177433439.0633,6137.999999999994,343.90000000000305
177433441.0633,6137.999999999994,343.800000000003
177433443.0633,6137.999999999994,343.90000000000305
177433445.0633,6137.999999999994,343.90000000000305
177433447.0633,6137.999999999994,343.90000000000305
177433449.0633,6137.999999999994,343.90000000000305
177433451.0633,6137.999999999994,344.00000000000307
177433453.0633,6137.999999999994,344.00000000000307
177433455.0633,6137.999999999994,344.00000000000307
177433457.0633,6137.999999999994,344.00000000000307
177433459.0633,6137.999999999994,344.00000000000307
177433461.0633,6137.999999999994,344.00000000000307
177433463.0633,6137.999999999994,344.00000000000307
177433465.0633,6137.999999999994,344.00000000000307
177433467.0633,6137.999999999994,344.00000000000307
177433469.0633,6137.999999999994,344.00000000000307
177433471.0633,6782.199999999993,344.00000000000307
177433473.0633,6782.199999999993,344.00000000000307
177433475.0633,6782.199999999993,344.00000000000307
177433477.0633,6782.199999999993,344.00000000000307
177433479.0633,6782.199999999993,344.00000000000307
177433481.0633,6782.199999999993,344.00000000000307
177433483.0633,6782.199999999993,344.00000000000307
177433485.0633,6782.199999999993,344.00000000000307
177433487.0633,6782.199999999993,344.00000000000307
177433489.0633,6782.199999999993,344.00000000000307
177433491.0633,6782.199999999993,344.00000000000307
177433493.0633,6782.199999999993,344.00000000000307
177433495.0633,6782.199999999993,344.00000000000307
177433497.0633,6782.199999999993,344.00000000000307
177433499.0633,6782.199999999993,344.00000000000307
177433501.0633,6782.199999999993,344.00000000000307
177433503.0633,6782.199999999993,344.00000000000307
177433505.0633,6782.199999999993,344.00000000000307
177433507.0633,6782.199999999993,344.00000000000307
177433509.0633,6782.199999999993,344.00000000000307
177433511.0633,6782.199999999993,344.00000000000307
177433513.0633,6782.199999999993,344.00000000000307
177433515.0633,6782.199999999993,344.00000000000307
177433517.0633,6782.199999999993,344.00000000000307
177433519.0633,6782.199999999993,344.00000000000307
177433521.0633,6782.199999999993,344.00000000000307
177433523.0633,6782.199999999993,344.00000000000307
177433525.0633,6782.199999999993,344.00000000000307
177433527.0633,6782.199999999993,344.00000000000307
177433529.0633,6782.199999999993,344.00000000000307
177433531.0633,6782.199999999993,344.1000000000031
177433533.0633,6782.199999999993,344.1000000000031
177433535.0633,6782.199999999993,344.2000000000031
177433537.0633,6782.199999999993,344.2000000000031
177433539.0633,6782.199999999993,344.2000000000031
177433541.0633,6782.199999999993,344.2000000000031
177433543.0633,6782.199999999993,344.2000000000031
177433545.0633,6782.199999999993,344.2000000000031
177433547.0633,6782.199999999993,344.2000000000031
177433549.0633,6782.199999999993,344.2000000000031
177433551.0633,6782.199999999993,344.2000000000031
177433553.0633,6782.199999999993,344.2000000000031
177433555.0633,6782.199999999993,344.2000000000031
177433557.0633,6782.199999999993,344.2000000000031
177433559.0633,6782.199999999993,344.2000000000031
177433561.0633,6782.199999999993,344.2000000000031
177433563.0633,6782.199999999993,344.2000000000031
177433565.0633,6782.199999999993,344.2000000000031
177433567.0633,6782.199999999993,344.2000000000031
177433569.0633,6782.199999999993,344.2000000000031
177433571.0633,6782.199999999993,344.2000000000031
177433573.0633,6782.199999999993,344.2000000000031
177433575.0633,6782.199999999993,344.2000000000031
177433577.0633,6782.199999999993,344.2000000000031
177433579.0633,6782.199999999993,344.2000000000031
177433581.0633,6782.199999999993,344.2000000000031
177433583.0633,6782.199999999993,344.2000000000031
177433585.0633,6782.199999999993,344.2000000000031
177433587.0633,6782.199999999993,344.2000000000031
177433589.0633,6782.199999999993,344.2000000000031
177433591.0633,6782.199999999993,344.2000000000031
177433593.0633,6782.199999999993,344.2000000000031
177433595.0633,6782.199999999993,344.2000000000031
177433597.0633,6782.199999999993,344.2000000000031
177433599.0633,6782.199999999993,344.2000000000031
177433601.0633,6782.199999999993,344.2000000000031
177433603.0633,6782.199999999993,344.2000000000031
177433605.0633,6782.199999999993,344.2000000000031
177433607.0633,6782.199999999993,344.2000000000031
177433609.0633,6782.199999999993,344.2000000000031
177433611.0633,6782.199999999993,344.2000000000031
177433613.0633,6782.099999999993,344.2000000000031
177433615.0633,6782.099999999993,344.2000000000031
177433617.0633,6782.099999999993,344.2000000000031
177433619.0633,6782.099999999993,344.2000000000031
177433621.0633,6782.099999999993,344.2000000000031
177433623.0633,6782.099999999993,344.2000000000031
177433625.0633,6782.099999999993,344.2000000000031
177433627.0633,6782.099999999993,344.2000000000031
177433629.0633,6782.099999999993,344.2000000000031
177433631.0633,6782.099999999993,344.2000000000031
177433633.0633,6782.099999999993,344.2000000000031
177433635.0633,6782.099999999993,344.2000000000031
177433637.0633,6782.099999999993,344.2000000000031
177433639.0633,6782.099999999993,344.2000000000031
177433641.0633,6782.099999999993,344.2000000000031
177433643.0633,6782.099999999993,344.2000000000031
177433645.0633,6782.099999999993,344.2000000000031
177433647.0633,6782.099999999993,344.2000000000031
177433649.0633,6782.099999999993,344.2000000000031
177433651.0633,6782.099999999993,344.2000000000031
177433653.0633,6782.099999999993,344.2000000000031
177433655.0633,6782.099999999993,344.2000000000031
177433657.0633,6782.099999999993,344.2000000000031
177433659.0633,6782.099999999993,344.2000000000031
177433661.0633,6782.099999999993,344.2000000000031
177433663.0633,6782.099999999993,344.30000000000314
177433665.0633,6782.099999999993,344.30000000000314
177433667.0633,6782.099999999993,344.30000000000314
177433669.0633,6782.099999999993,344.2000000000031
177433671.0633,6782.099999999993,344.30000000000314
177433673.0633,6782.099999999993,344.30000000000314
177433675.0633,6782.099999999993,344.30000000000314
177433677.0633,6782.099999999993,344.30000000000314
177433679.0633,6782.099999999993,344.30000000000314
177433681.0633,6782.099999999993,344.30000000000314
177433683.0633,6782.099999999993,344.30000000000314
177433685.0633,6782.099999999993,344.30000000000314
177433687.0633,6782.099999999993,344.30000000000314
177433689.0633,6782.099999999993,344.30000000000314
177433691.0633,6782.099999999993,344.30000000000314
177433693.0633,6782.099999999993,344.30000000000314
177433695.0633,6782.099999999993,344.30000000000314
177433697.0633,6782.099999999993,344.30000000000314
177433699.0633,6782.099999999993,344.30000000000314
177433701.0633,6782.099999999993,344.30000000000314
177433703.0633,6782.099999999993,344.30000000000314
177433705.0633,6782.099999999993,344.30000000000314
177433707.0633,6782.099999999993,344.30000000000314
177433709.0633,6782.099999999993,344.30000000000314
177433711.0633,6782.099999999993,344.30000000000314
177433713.0633,6782.099999999993,344.30000000000314
177433715.0633,6782.099999999993,344.30000000000314
177433717.0633,6782.099999999993,344.30000000000314
177433719.0633,6781.999999999993,344.30000000000314
177433721.0633,6781.999999999993,344.30000000000314
177433723.0633,6781.999999999993,344.30000000000314
177433725.0633,6781.999999999993,344.30000000000314
177433727.0633,6781.999999999993,344.30000000000314
177433729.0633,6781.999999999993,344.30000000000314
177433731.0633,6781.999999999993,344.30000000000314
177433733.0633,6781.999999999993,344.30000000000314
177433735.0633,6781.999999999993,344.30000000000314
177433737.0633,6781.999999999993,344.30000000000314
177433739.0633,6781.999999999993,344.30000000000314
177433741.0633,6781.999999999993,344.30000000000314
177433743.0633,6781.999999999993,344.30000000000314
177433745.0633,6781.899999999992,344.30000000000314
177433747.0633,6781.899999999992,344.30000000000314
177433749.0633,6781.899999999992,344.30000000000314
177433751.0633,6781.899999999992,344.30000000000314
177433753.0633,6781.899999999992,344.30000000000314
177433755.0633,6781.899999999992,344.30000000000314
177433757.0633,6781.899999999992,344.30000000000314
177433759.0633,6781.899999999992,344.30000000000314
177433761.0633,6781.899999999992,344.30000000000314
177433763.0633,6781.899999999992,344.30000000000314
177433765.0633,6781.899999999992,344.30000000000314
177433767.0633,6781.899999999992,344.30000000000314
177433769.0633,6781.899999999992,344.30000000000314
177433771.0633,6781.899999999992,344.30000000000314
177433773.0633,6781.899999999992,344.30000000000314
177433775.0633,6781.899999999992,344.30000000000314
177433777.0633,6781.899999999992,344.30000000000314
177433779.0633,6781.899999999992,344.30000000000314
177433781.0633,6781.899999999992,344.30000000000314
177433783.0633,6781.899999999992,344.30000000000314
177433785.0633,6781.899999999992,344.30000000000314
177433787.0633,6781.899999999992,344.30000000000314
177433789.0633,6781.899999999992,344.30000000000314
177433791.0633,6781.899999999992,344.30000000000314
177433793.0633,6781.899999999992,344.30000000000314
177433795.0633,6781.899999999992,344.30000000000314
177433797.0633,6781.899999999992,344.30000000000314
177433799.0633,6781.899999999992,344.30000000000314
177433801.0633,6781.899999999992,344.30000000000314
177433803.0633,6781.899999999992,344.30000000000314
177433805.0633,6781.899999999992,344.30000000000314
177433807.0633,6781.899999999992,344.30000000000314
177433809.0633,6781.899999999992,344.30000000000314
177433811.0633,6781.899999999992,344.30000000000314
177433813.0633,6781.899999999992,344.30000000000314
177433815.0633,6781.899999999992,344.30000000000314
177433817.0633,6781.899999999992,344.30000000000314
177433819.0633,6781.899999999992,344.30000000000314
177433821.0633,6781.899999999992,344.30000000000314
177433823.0633,6781.899999999992,344.30000000000314
177433825.0633,6781.899999999992,344.30000000000314
177433827.0633,6781.899999999992,344.30000000000314
177433829.0633,6781.899999999992,344.2000000000031
177433831.0633,6781.999999999993,344.30000000000314
177433833.0633,6781.999999999993,344.30000000000314
177433835.0633,6781.999999999993,344.30000000000314
177433837.0633,6781.999999999993,344.30000000000314
177433839.0633,6781.999999999993,344.30000000000314
177433841.0633,6781.999999999993,344.30000000000314
177433843.0633,6781.999999999993,344.30000000000314
177433845.0633,6781.999999999993,344.30000000000314
177433847.0633,6781.999999999993,344.30000000000314
177433849.0633,6781.999999999993,344.30000000000314
177433851.0633,6781.999999999993,344.30000000000314
177433853.0633,6781.999999999993,344.30000000000314
177433855.0633,6781.999999999993,344.30000000000314
177433857.0633,6781.999999999993,344.30000000000314
177433859.0633,6781.999999999993,344.30000000000314
177433861.0633,6781.999999999993,344.30000000000314
177433863.0633,6781.999999999993,344.30000000000314
177433865.0633,6781.999999999993,344.30000000000314
177433867.0633,6781.999999999993,344.30000000000314
177433869.0633,6781.999999999993,344.30000000000314
177433871.0633,6781.999999999993,344.30000000000314
177433873.0633,6781.999999999993,344.30000000000314
177433875.0633,6781.999999999993,344.30000000000314
177433877.0633,6781.999999999993,344.30000000000314
177433879.0633,6781.999999999993,344.30000000000314
177433881.0633,6781.999999999993,344.30000000000314
177433883.0633,6781.999999999993,344.30000000000314
177433885.0633,6781.999999999993,344.30000000000314
177433887.0633,6781.999999999993,344.30000000000314
177433889.0633,6781.999999999993,344.30000000000314
177433891.0633,6781.999999999993,344.30000000000314
177433893.0633,6781.999999999993,344.30000000000314
177433895.0633,6781.999999999993,344.30000000000314
177433897.0633,6781.999999999993,344.30000000000314
177433899.0633,6781.999999999993,344.30000000000314
177433901.0633,6781.999999999993,344.30000000000314
177433903.0633,6781.999999999993,344.30000000000314
177433905.0633,6781.999999999993,344.30000000000314
177433907.0633,6781.999999999993,344.30000000000314
177433909.0633,6781.999999999993,344.30000000000314
177433911.0633,6781.999999999993,344.30000000000314
177433913.0633,6781.999999999993,344.30000000000314
177433915.0633,6781.999999999993,344.30000000000314
177433917.0633,6781.999999999993,344.30000000000314
177433919.0633,6781.999999999993,344.30000000000314
177433921.0633,6781.999999999993,344.30000000000314
177433923.0633,6781.999999999993,344.30000000000314
177433925.0633,6781.999999999993,344.30000000000314
177433927.0633,6781.999999999993,344.30000000000314
177433929.0633,6781.999999999993,344.30000000000314
177433931.0633,6781.999999999993,344.30000000000314
177433933.0633,6781.999999999993,344.30000000000314
177433935.0633,6781.999999999993,344.30000000000314
177433937.0633,6781.999999999993,344.30000000000314
177433939.0633,6781.999999999993,344.30000000000314
177433941.0633,6781.999999999993,344.30000000000314
177433943.0633,6781.999999999993,344.30000000000314
177433945.0633,6781.999999999993,344.30000000000314
177433947.0633,6781.999999999993,344.30000000000314
177433949.0633,6781.999999999993,344.30000000000314
177433951.0633,6781.999999999993,344.30000000000314
177433953.0633,6781.999999999993,344.30000000000314
177433955.0633,6781.999999999993,344.30000000000314
177433957.0633,6781.999999999993,344.30000000000314
177433959.0633,6781.999999999993,344.30000000000314
177433961.0633,6781.999999999993,344.30000000000314
177433963.0633,6781.999999999993,344.30000000000314
177433965.0633,6781.999999999993,344.30000000000314
177433967.0633,6781.999999999993,344.30000000000314
177433969.0633,6781.999999999993,344.30000000000314
177433971.0633,6781.999999999993,344.30000000000314
177433973.0633,6781.999999999993,344.30000000000314
177433975.0633,6781.999999999993,344.30000000000314
177433977.0633,6781.999999999993,344.30000000000314
177433979.0633,6781.999999999993,344.30000000000314
177433981.0633,6781.999999999993,344.30000000000314
177433983.0633,6781.999999999993,344.30000000000314
177433985.0633,6781.999999999993,344.40000000000316
177433987.0633,6781.999999999993,344.40000000000316
177433989.0633,6781.999999999993,344.40000000000316
177433991.0633,6781.999999999993,344.40000000000316
177433993.0633,6781.999999999993,344.40000000000316
177433995.0633,6781.999999999993,344.40000000000316
177433997.0633,6781.999999999993,344.40000000000316
177433999.0633,6781.999999999993,344.40000000000316
177434001.0633,6781.999999999993,344.40000000000316
177434003.0633,6781.999999999993,344.40000000000316
177434005.0633,6781.999999999993,344.40000000000316
177434007.0633,6781.999999999993,344.40000000000316
177434009.0633,6781.899999999992,344.40000000000316
177434011.0633,6781.999999999993,344.40000000000316
177434013.0633,6781.999999999993,344.40000000000316
177434015.0633,6781.899999999992,344.40000000000316
177434017.0633,6781.899999999992,344.40000000000316
177434019.0633,6781.899999999992,344.40000000000316
177434021.0633,6781.899999999992,344.40000000000316
177434023.0633,6781.899999999992,344.40000000000316
177434025.0633,6781.899999999992,344.40000000000316
177434027.0633,6781.899999999992,344.40000000000316
177434029.0633,6781.899999999992,344.40000000000316
177434031.0633,6781.899999999992,344.40000000000316
177434033.0633,6781.899999999992,344.40000000000316
177434035.0633,6781.899999999992,344.40000000000316
177434037.0633,6781.899999999992,344.40000000000316
177434039.0633,6781.799999999992,344.40000000000316
177434041.0633,6781.799999999992,344.40000000000316
177434043.0633,6781.799999999992,344.40000000000316
177434045.0633,6781.799999999992,344.40000000000316
177434047.0633,6781.799999999992,344.40000000000316
177434049.0633,6781.799999999992,344.40000000000316
177434051.0633,6781.799999999992,344.40000000000316
177434053.0633,6781.799999999992,344.40000000000316
177434055.0633,6781.799999999992,344.40000000000316
177434057.0633,6781.799999999992,344.40000000000316
177434059.0633,6781.799999999992,344.40000000000316
177434061.0633,6781.799999999992,344.40000000000316
177434063.0633,6781.799999999992,344.40000000000316
177434065.0633,6781.799999999992,344.40000000000316
177434067.0633,6781.799999999992,344.40000000000316
177434069.0633,6781.799999999992,344.40000000000316
177434071.0633,6781.799999999992,344.40000000000316
177434073.0633,6781.799999999992,344.40000000000316
177434075.0633,6781.799999999992,344.40000000000316
177434077.0633,6781.799999999992,344.40000000000316
177434079.0633,6781.799999999992,344.40000000000316
177434081.0633,6781.799999999992,344.40000000000316
177434083.0633,6781.799999999992,344.40000000000316
177434085.0633,6781.799999999992,344.40000000000316
177434087.0633,6781.799999999992,344.40000000000316
177434089.0633,6781.799999999992,344.40000000000316
177434091.0633,6781.799999999992,344.40000000000316
177434093.0633,6781.799999999992,344.40000000000316
177434095.0633,6781.799999999992,344.40000000000316
177434097.0633,6781.799999999992,344.40000000000316
177434099.0633,6781.799999999992,344.40000000000316
177434101.0633,6781.799999999992,344.40000000000316
177434103.0633,6781.799999999992,344.40000000000316
177434105.0633,6781.799999999992,344.40000000000316
177434107.0633,6781.799999999992,344.40000000000316
177434109.0633,6781.699999999992,344.40000000000316
177434111.0633,6781.699999999992,344.40000000000316
177434113.0633,6781.699999999992,344.40000000000316
177434115.0633,6781.699999999992,344.40000000000316
177434117.0633,6781.699999999992,344.40000000000316
177434119.0633,6781.699999999992,344.40000000000316
177434121.0633,6781.699999999992,344.40000000000316
177434123.0633,6781.699999999992,344.40000000000316
177434125.0633,6781.699999999992,344.40000000000316
177434127.0633,6781.699999999992,344.40000000000316
177434129.0633,6781.699999999992,344.5000000000032
177434131.0633,6781.699999999992,344.5000000000032
177434133.0633,6781.699999999992,344.5000000000032
177434135.0633,6781.699999999992,344.5000000000032
177434137.0633,6781.699999999992,344.5000000000032
177434139.0633,6781.699999999992,344.6000000000032
177434141.0633,6781.699999999992,344.6000000000032
177434143.0633,6781.699999999992,344.6000000000032
177434145.0633,6781.699999999992,344.6000000000032
177434147.0633,6781.699999999992,344.6000000000032
177434149.0633,6781.699999999992,344.6000000000032
177434151.0633,6781.699999999992,344.6000000000032
177434153.0633,6781.699999999992,344.6000000000032
177434155.0633,6781.699999999992,344.6000000000032
177434157.0633,6781.699999999992,344.6000000000032
177434159.0633,6781.699999999992,344.6000000000032
177434161.0633,6781.699999999992,344.6000000000032
177434163.0633,6781.699999999992,344.6000000000032
177434165.0633,6781.699999999992,344.6000000000032
177434167.0633,6781.699999999992,344.6000000000032
177434169.0633,6781.699999999992,344.6000000000032
177434171.0633,6781.699999999992,344.6000000000032
177434173.0633,6781.699999999992,344.6000000000032
177434175.0633,6781.699999999992,344.6000000000032
177434177.0633,6781.699999999992,344.6000000000032
177434179.0633,6781.699999999992,344.6000000000032
177434181.0633,6781.699999999992,344.6000000000032
177434183.0633,6781.699999999992,344.6000000000032
177434185.0633,6781.699999999992,344.6000000000032
177434187.0633,6781.699999999992,344.6000000000032
177434189.0633,6781.699999999992,344.6000000000032
177434191.0633,6781.699999999992,344.6000000000032
177434193.0633,6781.699999999992,344.6000000000032
177434195.0633,6781.699999999992,344.6000000000032
177434197.0633,6781.699999999992,344.6000000000032
177434199.0633,6781.699999999992,344.6000000000032
177434201.0633,6781.699999999992,344.6000000000032
177434203.0633,6781.699999999992,344.6000000000032
177434205.0633,6781.699999999992,344.6000000000032
177434207.0633,6781.699999999992,344.6000000000032
177434209.0633,6781.699999999992,344.6000000000032
177434211.0633,6781.699999999992,344.6000000000032
177434213.0633,6781.699999999992,344.6000000000032
177434215.0633,6781.699999999992,344.6000000000032
177434217.0633,6781.699999999992,344.6000000000032
177434219.0633,6781.699999999992,344.6000000000032
177434221.0633,6781.699999999992,344.6000000000032
177434223.0633,6781.699999999992,344.6000000000032
177434225.0633,6781.699999999992,344.6000000000032
177434227.0633,6781.699999999992,344.6000000000032
177434229.0633,6781.699999999992,344.6000000000032
177434231.0633,6781.699999999992,344.6000000000032
177434233.0633,6781.699999999992,344.6000000000032
177434235.0633,6781.699999999992,344.6000000000032
177434237.0633,6781.699999999992,344.6000000000032
177434239.0633,6781.699999999992,344.6000000000032
177434241.0633,6781.699999999992,344.6000000000032
177434243.0633,6781.699999999992,344.6000000000032
177434245.0633,6781.699999999992,344.6000000000032
177434247.0633,6781.699999999992,344.6000000000032
177434249.0633,6781.699999999992,344.6000000000032
177434251.0633,6781.699999999992,344.6000000000032
177434253.0633,6781.699999999992,344.6000000000032
177434255.0633,6781.699999999992,344.6000000000032
177434257.0633,6781.699999999992,344.6000000000032
177434259.0633,6781.699999999992,344.6000000000032
177434261.0633,6781.699999999992,344.6000000000032
177434263.0633,6781.699999999992,344.6000000000032
177434265.0633,6781.699999999992,344.6000000000032
177434267.0633,6781.699999999992,344.6000000000032
177434269.0633,6781.699999999992,344.6000000000032
177434271.0633,6781.699999999992,344.6000000000032
177434273.0633,6781.699999999992,344.6000000000032
177434275.0633,6781.699999999992,344.6000000000032
177434277.0633,6781.699999999992,344.6000000000032
177434279.0633,6781.699999999992,344.6000000000032
177434281.0633,6781.699999999992,344.6000000000032
177434283.0633,6781.699999999992,344.6000000000032
177434285.0633,6781.699999999992,344.6000000000032
177434287.0633,6781.699999999992,344.6000000000032
177434289.0633,6781.699999999992,344.6000000000032
177434291.0633,6781.699999999992,344.6000000000032
177434293.0633,6781.699999999992,344.6000000000032
177434295.0633,6781.699999999992,344.6000000000032
177434297.0633,6781.699999999992,344.6000000000032
177434299.0633,6781.699999999992,344.6000000000032
177434301.0633,6781.699999999992,344.6000000000032
177434303.0633,6781.699999999992,344.6000000000032
177434305.0633,6781.699999999992,344.6000000000032
177434307.0633,6781.699999999992,344.6000000000032
177434309.0633,6781.699999999992,344.6000000000032
177434311.0633,6781.699999999992,344.6000000000032
177434313.0633,6781.699999999992,344.6000000000032
177434315.0633,6781.699999999992,344.6000000000032
177434317.0633,6781.699999999992,344.6000000000032
177434319.0633,6781.699999999992,344.6000000000032
177434321.0633,6781.699999999992,344.6000000000032
177434323.0633,6781.699999999992,344.6000000000032
177434325.0633,6781.699999999992,344.6000000000032
177434327.0633,6781.699999999992,344.6000000000032
177434329.0633,6781.699999999992,344.6000000000032
177434331.0633,6781.699999999992,344.6000000000032
177434333.0633,6781.699999999992,344.6000000000032
177434335.0633,6781.699999999992,344.6000000000032
177434337.0633,6781.699999999992,344.6000000000032
177434339.0633,6781.699999999992,344.6000000000032
177434341.0633,6781.699999999992,344.6000000000032
177434343.0633,6781.699999999992,344.6000000000032
177434345.0633,6781.699999999992,344.6000000000032
177434347.0633,6781.699999999992,344.6000000000032
177434349.0633,6781.699999999992,344.6000000000032
177434351.0633,6781.699999999992,344.6000000000032
177434353.0633,6781.699999999992,344.6000000000032
177434355.0633,6781.699999999992,344.6000000000032
177434357.0633,6781.699999999992,344.6000000000032
177434359.0633,6781.699999999992,344.6000000000032
177434361.0633,6781.699999999992,344.6000000000032
177434363.0633,6781.699999999992,344.6000000000032
177434365.0633,6781.699999999992,344.6000000000032
177434367.0633,6781.699999999992,344.6000000000032
177434369.0633,6781.699999999992,344.6000000000032
177434371.0633,6781.699999999992,344.6000000000032
177434373.0633,6781.699999999992,344.6000000000032
177434375.0633,6781.699999999992,344.6000000000032
177434377.0633,6781.699999999992,344.6000000000032
177434379.0633,6781.699999999992,344.6000000000032
177434381.0633,6781.699999999992,344.6000000000032
177434383.0633,6781.699999999992,344.6000000000032
177434385.0633,6781.699999999992,344.6000000000032
177434387.0633,6781.699999999992,344.6000000000032
177434389.0633,6781.699999999992,344.6000000000032
177434391.0633,6781.699999999992,344.6000000000032
177434393.0633,6781.699999999992,344.6000000000032
177434395.0633,6781.699999999992,344.6000000000032
177434397.0633,6781.699999999992,344.70000000000323
177434399.0633,6781.699999999992,344.70000000000323
177434401.0633,6781.699999999992,344.70000000000323
177434403.0633,6781.699999999992,344.70000000000323
177434405.0633,6781.699999999992,344.70000000000323
177434407.0633,6781.699999999992,344.80000000000325
177434409.0633,6781.699999999992,344.80000000000325
177434411.0633,6781.699999999992,344.80000000000325
177434413.0633,6781.699999999992,344.80000000000325
177434415.0633,6781.699999999992,344.80000000000325
177434417.0633,6781.699999999992,344.80000000000325
177434419.0633,6781.699999999992,344.80000000000325
177434421.0633,6781.699999999992,344.80000000000325
177434423.0633,6781.699999999992,344.80000000000325
177434425.0633,6781.699999999992,344.9000000000033
177434427.0633,6781.699999999992,345.0000000000033
177434429.0633,6781.699999999992,345.0000000000033
177434431.0633,6781.699999999992,345.0000000000033
177434433.0633,6781.699999999992,345.0000000000033
177434435.0633,6781.699999999992,345.0000000000033
177434437.0633,6781.699999999992,345.0000000000033
177434439.0633,6781.699999999992,345.0000000000033
177434441.0633,6781.699999999992,345.0000000000033
177434443.0633,6781.699999999992,345.0000000000033
177434445.0633,6781.699999999992,345.0000000000033
177434447.0633,6781.699999999992,345.1000000000033
177434449.0633,6781.699999999992,345.1000000000033
177434451.0633,6781.699999999992,345.20000000000334
177434453.0633,6781.699999999992,345.20000000000334
177434455.0633,6781.699999999992,345.20000000000334
177434457.0633,6781.699999999992,345.20000000000334
177434459.0633,6781.699999999992,345.30000000000337
177434461.0633,6781.599999999991,345.4000000000034
177434463.0633,6781.599999999991,345.5000000000034
177434465.0633,6781.599999999991,345.60000000000343
177434467.0633,6781.599999999991,345.60000000000343
177434469.0633,6781.599999999991,345.60000000000343
177434471.0633,6781.599999999991,345.60000000000343
177434473.0633,6781.599999999991,345.60000000000343
177434475.0633,6781.599999999991,345.70000000000346
177434477.0633,6781.599999999991,345.70000000000346
177434479.0633,6781.599999999991,345.8000000000035
177434481.0633,6781.599999999991,345.8000000000035
177434483.0633,6781.599999999991,345.8000000000035
177434485.0633,6781.599999999991,345.8000000000035
177434487.0633,6781.599999999991,345.8000000000035
177434489.0633,6781.599999999991,345.8000000000035
177434491.0633,6781.599999999991,345.8000000000035
177434493.0633,6781.599999999991,345.8000000000035
177434495.0633,6781.599999999991,345.8000000000035
177434497.0633,6781.599999999991,345.9000000000035
177434499.0633,6781.599999999991,345.9000000000035
177434501.0633,6781.599999999991,345.9000000000035
177434503.0633,6781.599999999991,345.9000000000035
177434505.0633,6781.599999999991,345.9000000000035
177434507.0633,6781.599999999991,346.0000000000035
177434509.0633,6781.599999999991,346.0000000000035
177434511.0633,6781.599999999991,346.0000000000035
177434513.0633,6781.599999999991,346.0000000000035
177434515.0633,6781.599999999991,346.0000000000035
177434517.0633,6781.599999999991,346.0000000000035
177434519.0633,6781.599999999991,346.10000000000355
177434521.0633,6781.599999999991,346.10000000000355
177434523.0633,6781.599999999991,346.10000000000355
177434525.0633,6781.599999999991,346.20000000000357
177434527.0633,6781.599999999991,346.20000000000357
177434529.0633,6781.599999999991,346.20000000000357
177434531.0633,6781.599999999991,346.20000000000357
177434533.0633,6781.599999999991,346.20000000000357
177434535.0633,6781.599999999991,346.20000000000357
177434537.0633,6781.599999999991,346.20000000000357
177434539.0633,6781.599999999991,346.20000000000357
177434541.0633,6781.599999999991,346.20000000000357
177434543.0633,6781.599999999991,346.20000000000357
177434545.0633,6781.599999999991,346.20000000000357
177434547.0633,6781.599999999991,346.20000000000357
177434549.0633,6781.599999999991,346.20000000000357
177434551.0633,6781.599999999991,346.20000000000357
177434553.0633,6781.599999999991,346.20000000000357
177434555.0633,6781.599999999991,346.20000000000357
177434557.0633,6781.599999999991,346.20000000000357
177434559.0633,6781.599999999991,346.20000000000357
177434561.0633,6781.599999999991,346.20000000000357
177434563.0633,6781.599999999991,346.20000000000357
177434565.0633,6781.599999999991,346.20000000000357
177434567.0633,6781.599999999991,346.20000000000357
177434569.0633,6781.599999999991,346.20000000000357
177434571.0633,6781.599999999991,346.20000000000357
177434573.0633,6781.599999999991,346.10000000000355
177434575.0633,6781.599999999991,346.30000000000354
177434577.0633,6781.599999999991,346.10000000000355
177434579.0633,6781.599999999991,346.40000000000356
177434581.0633,6781.599999999991,346.40000000000356
177434583.0633,6781.599999999991,346.40000000000356
177434585.0633,6781.599999999991,346.40000000000356
177434587.0633,6781.599999999991,346.40000000000356
177434589.0633,6781.599999999991,346.5000000000036
177434591.0633,6781.599999999991,346.5000000000036
177434593.0633,6781.599999999991,346.5000000000036
177434595.0633,6781.599999999991,346.5000000000036
177434597.0633,6781.599999999991,346.5000000000036
177434599.0633,6781.599999999991,346.5000000000036
177434601.0633,6781.599999999991,346.5000000000036
177434603.0633,6781.599999999991,346.5000000000036
177434605.0633,6781.599999999991,346.5000000000036
177434607.0633,6781.599999999991,346.5000000000036
177434609.0633,6781.599999999991,346.5000000000036
177434611.0633,6781.599999999991,346.5000000000036
177434613.0633,6781.599999999991,346.5000000000036
177434615.0633,6781.599999999991,346.5000000000036
177434617.0633,6781.599999999991,346.5000000000036
177434619.0633,6781.599999999991,346.5000000000036
177434621.0633,6781.599999999991,346.5000000000036
177434623.0633,6781.599999999991,346.5000000000036
177434625.0633,6781.599999999991,346.5000000000036
177434627.0633,6781.599999999991,346.5000000000036
177434629.0633,6781.599999999991,346.5000000000036
177434631.0633,6781.599999999991,346.5000000000036
177434633.0633,6781.599999999991,346.5000000000036
177434635.0633,6781.599999999991,346.5000000000036
177434637.0633,6781.599999999991,350.0000000000036
177434639.0633,6781.599999999991,350.0000000000036
177434641.0633,6781.599999999991,346.5000000000036
177434643.0633,6781.599999999991,346.5000000000036
177434645.0633,6781.599999999991,346.5000000000036
177434647.0633,6781.599999999991,346.5000000000036
177434649.0633,6781.599999999991,346.5000000000036
177434651.0633,6781.599999999991,346.5000000000036
177434653.0633,6781.599999999991,346.5000000000036
177434655.0633,6781.599999999991,346.5000000000036
177434657.0633,6781.599999999991,346.5000000000036
177434659.0633,6781.599999999991,346.5000000000036
177434661.0633,6781.599999999991,346.5000000000036
177434663.0633,6781.599999999991,346.5000000000036
177434665.0633,6781.599999999991,346.5000000000036
177434667.0633,6781.599999999991,346.5000000000036
177434669.0633,6781.599999999991,346.5000000000036
177434671.0633,6781.599999999991,346.5000000000036
177434673.0633,6781.599999999991,346.5000000000036
177434675.0633,6781.599999999991,346.5000000000036
177434677.0633,6781.599999999991,346.5000000000036
177434679.0633,6781.599999999991,346.5000000000036
177434681.0633,6781.599999999991,346.5000000000036
177434683.0633,6781.599999999991,346.5000000000036
177434685.0633,6781.599999999991,346.5000000000036
177434687.0633,6781.599999999991,346.5000000000036
177434689.0633,6781.599999999991,346.5000000000036
177434691.0633,6781.599999999991,346.5000000000036
177434693.0633,6781.599999999991,346.5000000000036
177434695.0633,6781.599999999991,346.5000000000036
177434697.0633,6781.599999999991,346.5000000000036
177434699.0633,6781.599999999991,346.5000000000036
177434701.0633,6781.599999999991,346.5000000000036
177434703.0633,6781.599999999991,346.5000000000036
177434705.0633,6781.599999999991,346.5000000000036
177434707.0633,6781.599999999991,346.5000000000036
177434709.0633,6781.599999999991,346.5000000000036
177434711.0633,6781.599999999991,346.5000000000036
177434713.0633,6781.599999999991,346.5000000000036
177434715.0633,6781.599999999991,346.5000000000036
177434717.0633,6781.599999999991,346.5000000000036
177434719.0633,6781.599999999991,346.5000000000036
177434721.0633,6781.599999999991,346.5000000000036
177434723.0633,6781.599999999991,346.6000000000036
177434725.0633,6781.599999999991,346.6000000000036
177434727.0633,6781.599999999991,346.6000000000036
177434729.0633,6781.599999999991,346.6000000000036
177434731.0633,6781.599999999991,346.6000000000036
177434733.0633,6781.599999999991,346.6000000000036
177434735.0633,6781.599999999991,346.6000000000036
177434737.0633,6781.599999999991,346.6000000000036
177434739.0633,6781.599999999991,346.6000000000036
177434741.0633,6781.599999999991,346.6000000000036
177434743.0633,6781.599999999991,346.6000000000036
177434745.0633,6781.599999999991,346.6000000000036
177434747.0633,6781.599999999991,346.6000000000036
177434749.0633,6781.599999999991,346.6000000000036
177434751.0633,6781.599999999991,346.6000000000036
177434753.0633,6781.599999999991,346.6000000000036
177434755.0633,6781.599999999991,346.6000000000036
177434757.0633,6781.599999999991,346.6000000000036
177434759.0633,6781.599999999991,346.6000000000036
177434761.0633,6781.599999999991,346.6000000000036
177434763.0633,6781.599999999991,346.6000000000036
177434765.0633,6781.599999999991,346.6000000000036
177434767.0633,6781.599999999991,346.6000000000036
177434769.0633,6781.599999999991,346.6000000000036
177434771.0633,6781.599999999991,346.6000000000036
177434773.0633,6781.599999999991,346.6000000000036
177434775.0633,6781.599999999991,346.6000000000036
177434777.0633,6781.599999999991,346.6000000000036
177434779.0633,6781.599999999991,346.6000000000036
177434781.0633,6781.599999999991,346.6000000000036
177434783.0633,6781.599999999991,346.6000000000036
177434785.0633,6781.599999999991,346.6000000000036
177434787.0633,6781.599999999991,346.6000000000036
177434789.0633,6781.599999999991,346.6000000000036
177434791.0633,6781.599999999991,346.6000000000036
177434793.0633,6781.599999999991,346.6000000000036
177434795.0633,6781.599999999991,346.7000000000036
177434797.0633,6781.599999999991,346.7000000000036
177434799.0633,6781.599999999991,346.7000000000036
177434801.0633,6781.599999999991,346.7000000000036
177434803.0633,6781.599999999991,346.7000000000036
177434805.0633,6781.599999999991,346.7000000000036
177434807.0633,6781.599999999991,346.7000000000036
177434809.0633,6781.599999999991,346.7000000000036
177434811.0633,6781.599999999991,346.7000000000036
177434813.0633,6781.599999999991,346.7000000000036
177434815.0633,6781.599999999991,346.7000000000036
177434817.0633,6781.599999999991,346.7000000000036
177434819.0633,6781.599999999991,346.7000000000036
177434821.0633,6781.599999999991,346.7000000000036
177434823.0633,6781.599999999991,346.7000000000036
177434825.0633,6781.599999999991,346.7000000000036
177434827.0633,6781.599999999991,346.7000000000036
177434829.0633,6781.599999999991,346.7000000000036
177434831.0633,6781.599999999991,346.7000000000036
177434833.0633,6781.599999999991,346.7000000000036
177434835.0633,6781.599999999991,346.7000000000036
177434837.0633,6781.599999999991,346.7000000000036
177434839.0633,6781.599999999991,346.7000000000036
177434841.0633,6781.599999999991,346.7000000000036
177434843.0633,6781.599999999991,346.7000000000036
177434845.0633,6781.599999999991,346.7000000000036
177434847.0633,6781.599999999991,346.7000000000036
177434849.0633,6781.599999999991,346.7000000000036
177434851.0633,6781.599999999991,346.7000000000036
177434853.0633,6781.599999999991,346.7000000000036
177434855.0633,6781.599999999991,346.7000000000036
177434857.0633,6781.599999999991,346.7000000000036
177434859.0633,6781.599999999991,346.7000000000036
177434861.0633,6781.599999999991,346.7000000000036
177434863.0633,6781.599999999991,346.7000000000036
177434865.0633,6781.599999999991,346.7000000000036
177434867.0633,6781.599999999991,346.80000000000365
177434869.0633,6781.599999999991,346.80000000000365
177434871.0633,6781.599999999991,346.80000000000365
177434873.0633,6781.599999999991,346.80000000000365
177434875.0633,6781.599999999991,346.80000000000365
177434877.0633,6781.599999999991,346.80000000000365
177434879.0633,6781.599999999991,346.80000000000365
177434881.0633,6781.599999999991,346.80000000000365
177434883.0633,6499.999999999991,346.80000000000365
177434885.0633,6499.999999999991,346.80000000000365
177434887.0633,6499.999999999991,346.80000000000365
177434889.0633,6499.999999999991,346.80000000000365
177434891.0633,6499.999999999991,346.80000000000365
177434893.0633,6499.999999999991,346.80000000000365
177434895.0633,6781.599999999991,346.80000000000365
177434897.0633,6781.599999999991,346.80000000000365
177434899.0633,6781.599999999991,346.80000000000365
177434901.0633,6781.599999999991,346.9000000000037
177434903.0633,6781.599999999991,346.9000000000037
177434905.0633,6781.599999999991,346.9000000000037
177434907.0633,6781.599999999991,347.0000000000037
177434909.0633,6781.599999999991,347.0000000000037
177434911.0633,6781.599999999991,347.0000000000037
177434913.0633,6781.599999999991,347.0000000000037
177434915.0633,6781.599999999991,347.0000000000037
177434917.0633,6781.599999999991,347.0000000000037
177434919.0633,6781.599999999991,347.0000000000037
177434921.0633,6781.599999999991,347.0000000000037
177434923.0633,399.9999999999909,347.0000000000037
177434925.0633,399.9999999999909,347.0000000000037
177434927.0633,399.9999999999909,347.0000000000037
177434929.0633,399.9999999999909,347.1000000000037
177434931.0633,399.9999999999909,347.1000000000037
177434933.0633,399.9999999999909,347.1000000000037
177434935.0633,399.9999999999909,347.1000000000037
177434937.0633,399.9999999999909,347.20000000000374
177434939.0633,399.9999999999909,347.20000000000374
177434941.0633,399.9999999999909,347.20000000000374
177434943.0633,399.9999999999909,347.20000000000374
177434945.0633,399.9999999999909,347.20000000000374
177434947.0633,399.9999999999909,347.20000000000374
177434949.0633,399.9999999999909,347.20000000000374
177434951.0633,399.9999999999909,347.20000000000374
177434953.0633,399.9999999999909,347.20000000000374
177434955.0633,399.9999999999909,347.20000000000374
177434957.0633,399.9999999999909,347.30000000000376
177434959.0633,399.9999999999909,347.30000000000376
177434961.0633,399.9999999999909,347.30000000000376
177434963.0633,399.9999999999909,347.30000000000376
177434965.0633,6781.599999999991,347.4000000000038
177434967.0633,379.9999999999909,347.4000000000038
177434969.0633,379.9999999999909,347.4000000000038
177434971.0633,379.9999999999909,347.4000000000038
177434973.0633,379.9999999999909,347.4000000000038
177434975.0633,379.9999999999909,347.4000000000038
177434977.0633,379.9999999999909,347.4000000000038
177434979.0633,6781.599999999991,347.4000000000038
177434981.0633,6781.599999999991,347.4000000000038
177434983.0633,6781.599999999991,347.4000000000038
177434985.0633,6781.599999999991,347.4000000000038
177434987.0633,6781.599999999991,347.4000000000038
177434989.0633,6781.599999999991,347.4000000000038
177434991.0633,6781.599999999991,347.4000000000038
177434993.0633,6781.599999999991,347.4000000000038
177434995.0633,6781.599999999991,347.4000000000038
177434997.0633,6781.599999999991,347.4000000000038
177434999.0633,6781.599999999991,347.4000000000038
177435001.0633,6781.599999999991,347.4000000000038
177435003.0633,6781.599999999991,347.4000000000038
177435005.0633,6781.599999999991,347.4000000000038
177435007.0633,6781.599999999991,347.4000000000038
177435009.0633,6781.599999999991,347.4000000000038
177435011.0633,6781.599999999991,347.4000000000038
177435013.0633,6781.599999999991,347.4000000000038
177435015.0633,6781.599999999991,347.4000000000038
177435017.0633,6781.599999999991,347.4000000000038
177435019.0633,6781.599999999991,347.5000000000038
177435021.0633,6781.599999999991,347.5000000000038
177435023.0633,6781.599999999991,347.5000000000038
177435025.0633,6781.599999999991,347.5000000000038
177435027.0633,6781.599999999991,347.5000000000038
177435029.0633,6781.599999999991,347.5000000000038
177435031.0633,6781.599999999991,347.5000000000038
177435033.0633,6781.599999999991,347.5000000000038
177435035.0633,6781.599999999991,347.5000000000038
177435037.0633,6781.599999999991,347.5000000000038
177435039.0633,6781.599999999991,347.5000000000038
177435041.0633,6781.599999999991,347.5000000000038
177435043.0633,6781.599999999991,347.5000000000038
177435045.0633,6781.599999999991,347.5000000000038
177435047.0633,6781.599999999991,347.5000000000038
177435049.0633,6781.599999999991,347.5000000000038
177435051.0633,6781.599999999991,347.5000000000038
177435053.0633,6781.599999999991,347.5000000000038
177435055.0633,6781.599999999991,347.5000000000038
177435057.0633,6781.599999999991,347.5000000000038
177435059.0633,6781.599999999991,347.5000000000038
177435061.0633,6781.599999999991,347.5000000000038
177435063.0633,6781.599999999991,347.5000000000038
177435065.0633,6781.599999999991,347.5000000000038
177435067.0633,6781.599999999991,347.5000000000038
177435069.0633,6781.599999999991,347.5000000000038
177435071.0633,6781.599999999991,347.5000000000038
177435073.0633,6781.599999999991,347.5000000000038
177435075.0633,6781.599999999991,347.5000000000038
177435077.0633,6781.599999999991,347.5000000000038
177435079.0633,6781.599999999991,347.5000000000038
177435081.0633,6781.599999999991,347.5000000000038
177435083.0633,6781.599999999991,347.5000000000038
177435085.0633,6781.599999999991,347.5000000000038
177435087.0633,6781.599999999991,347.5000000000038
177435089.0633,6781.599999999991,347.5000000000038
177435091.0633,6781.599999999991,347.5000000000038
177435093.0633,6781.599999999991,347.60000000000383
177435095.0633,6781.599999999991,347.60000000000383
177435097.0633,6781.599999999991,347.60000000000383
177435099.0633,6781.599999999991,347.60000000000383
177435101.0633,6781.599999999991,347.60000000000383
177435103.0633,6781.599999999991,347.60000000000383
177435105.0633,6781.599999999991,347.60000000000383
177435107.0633,6781.599999999991,347.60000000000383
177435109.0633,6781.599999999991,347.60000000000383
177435111.0633,6781.599999999991,347.60000000000383
177435113.0633,6781.599999999991,347.60000000000383
177435115.0633,6781.599999999991,347.70000000000385
177435117.0633,6781.599999999991,347.70000000000385
177435119.0633,6781.599999999991,347.70000000000385
177435121.0633,6781.599999999991,347.70000000000385
177435123.0633,6781.599999999991,347.70000000000385
177435125.0633,6781.599999999991,347.70000000000385
177435127.0633,6781.599999999991,347.70000000000385
177435129.0633,6781.599999999991,347.70000000000385
177435131.0633,6781.599999999991,347.70000000000385
177435133.0633,6781.599999999991,347.8000000000039
177435135.0633,6781.599999999991,347.8000000000039
177435137.0633,6781.599999999991,347.8000000000039
177435139.0633,6781.599999999991,347.9000000000039
177435141.0633,6781.599999999991,347.9000000000039
177435143.0633,6781.599999999991,347.9000000000039
177435145.0633,6781.599999999991,348.0000000000039
177435147.0633,6781.599999999991,348.0000000000039
177435149.0633,6781.599999999991,348.0000000000039
177435151.0633,6781.499999999991,348.0000000000039
177435153.0633,6781.499999999991,348.0000000000039
177435155.0633,6781.499999999991,348.0000000000039
177435157.0633,6781.499999999991,348.0000000000039
177435159.0633,6781.499999999991,348.0000000000039
177435161.0633,6781.499999999991,348.0000000000039
177435163.0633,6781.499999999991,348.0000000000039
177435165.0633,6781.499999999991,348.0000000000039
177435167.0633,6781.499999999991,348.0000000000039
177435169.0633,6781.499999999991,348.0000000000039
177435171.0633,6781.499999999991,348.0000000000039
177435173.0633,6781.499999999991,348.0000000000039
177435175.0633,6781.499999999991,348.0000000000039
177435177.0633,6781.499999999991,348.0000000000039
177435179.0633,6781.499999999991,348.0000000000039
177435181.0633,6781.499999999991,348.0000000000039
177435183.0633,6781.499999999991,348.0000000000039
177435185.0633,6781.499999999991,348.0000000000039
177435187.0633,6781.499999999991,348.0000000000039
177435189.0633,6781.499999999991,348.0000000000039
177435191.0633,6781.499999999991,348.0000000000039
177435193.0633,6781.499999999991,348.0000000000039
177435195.0633,6781.499999999991,348.10000000000394
177435197.0633,6781.499999999991,348.10000000000394
177435199.0633,6781.499999999991,348.10000000000394
177435201.0633,6781.499999999991,348.10000000000394
177435203.0633,6781.499999999991,348.10000000000394
177435205.0633,6781.499999999991,348.10000000000394
177435207.0633,6781.499999999991,348.10000000000394
177435209.0633,6781.499999999991,348.10000000000394
177435211.0633,6781.499999999991,348.10000000000394
177435213.0633,6781.499999999991,348.10000000000394
177435215.0633,6781.499999999991,348.20000000000397
177435217.0633,6781.499999999991,348.20000000000397
177435219.0633,6781.499999999991,348.20000000000397
177435221.0633,6781.499999999991,348.20000000000397
177435223.0633,6781.499999999991,348.20000000000397
177435225.0633,6781.499999999991,348.20000000000397
177435227.0633,6781.499999999991,348.20000000000397
177435229.0633,6781.499999999991,348.20000000000397
177435231.0633,6781.499999999991,348.20000000000397
177435233.0633,6781.499999999991,348.20000000000397
177435235.0633,6781.499999999991,348.20000000000397
177435237.0633,6781.499999999991,348.20000000000397
177435239.0633,6781.499999999991,348.20000000000397
177435241.0633,6781.499999999991,348.20000000000397
177435243.0633,6781.499999999991,348.20000000000397
177435245.0633,6781.499999999991,348.20000000000397
177435247.0633,6781.499999999991,348.20000000000397
177435249.0633,6781.499999999991,348.20000000000397
177435251.0633,6781.499999999991,348.20000000000397
177435253.0633,6781.499999999991,348.20000000000397
177435255.0633,6781.499999999991,348.20000000000397
177435257.0633,6781.499999999991,348.20000000000397
177435259.0633,6781.499999999991,348.20000000000397
177435261.0633,6781.499999999991,348.20000000000397
177435263.0633,6781.499999999991,348.20000000000397
177435265.0633,6781.499999999991,348.20000000000397
177435267.0633,6781.499999999991,348.20000000000397
177435269.0633,6781.499999999991,348.20000000000397
177435271.0633,6781.499999999991,348.20000000000397
177435273.0633,6781.499999999991,348.20000000000397
177435275.0633,6781.499999999991,348.20000000000397
177435277.0633,6781.499999999991,348.20000000000397
177435281.0633,6781.499999999991,348.20000000000397
177435291.0633,6781.499999999991,348.20000000000397
177435293.0633,6781.499999999991,348.20000000000397
177435295.0633,6781.499999999991,348.20000000000397
177435297.0633,6781.499999999991,348.20000000000397
177435299.0633,6781.499999999991,348.20000000000397
177435301.0633,6781.499999999991,348.20000000000397
177435303.0633,6781.499999999991,348.20000000000397
177435305.0633,6781.499999999991,348.20000000000397
177435307.0633,6781.499999999991,348.20000000000397
177435309.0633,6781.499999999991,348.20000000000397
177435311.0633,6781.499999999991,348.20000000000397
177435313.0633,6781.499999999991,348.20000000000397
177435315.0633,6781.499999999991,348.20000000000397
177435317.0633,6781.499999999991,348.20000000000397
177435319.0633,6781.499999999991,348.20000000000397
177435321.0633,6781.499999999991,348.20000000000397
177435323.0633,6781.499999999991,348.20000000000397
177435325.0633,6781.499999999991,348.20000000000397
177435327.0633,6781.499999999991,348.20000000000397
177435329.0633,6781.499999999991,348.20000000000397
177435331.0633,6781.499999999991,348.20000000000397
177435333.0633,6781.499999999991,348.20000000000397
177435335.0633,6781.499999999991,348.20000000000397
177435337.0633,6781.499999999991,348.20000000000397
177435339.0633,6781.499999999991,348.20000000000397
177435341.0633,6781.499999999991,348.20000000000397
177435343.0633,6781.499999999991,348.20000000000397
177435345.0633,6781.499999999991,348.20000000000397
177435347.0633,6781.499999999991,348.20000000000397
177435349.0633,6781.499999999991,348.20000000000397
177435351.0633,6781.499999999991,348.20000000000397
177435353.0633,6781.499999999991,348.20000000000397
177435355.0633,6781.499999999991,348.20000000000397
177435357.0633,6781.499999999991,348.20000000000397
177435359.0633,6781.499999999991,348.20000000000397
177435361.0633,6781.499999999991,348.20000000000397
177435363.0633,6781.499999999991,348.20000000000397
177435365.0633,6781.499999999991,348.20000000000397
177435367.0633,6781.499999999991,348.20000000000397
177435369.0633,6781.499999999991,348.20000000000397
177435371.0633,6781.499999999991,348.20000000000397
177435373.0633,6781.499999999991,348.20000000000397
177435375.0633,6781.499999999991,348.20000000000397
177435377.0633,6781.499999999991,348.20000000000397
177435379.0633,6781.499999999991,348.20000000000397
177435381.0633,6781.499999999991,348.20000000000397
177435383.0633,6781.499999999991,348.300000000004
177435385.0633,6781.499999999991,348.300000000004
177435387.0633,6781.499999999991,348.300000000004
177435389.0633,6781.499999999991,348.300000000004
177435391.0633,6781.499999999991,348.300000000004
177435393.0633,6781.499999999991,348.20000000000397
177435395.0633,6781.499999999991,348.20000000000397
177435397.0633,6781.499999999991,348.20000000000397
177435399.0633,6781.499999999991,348.300000000004
177435401.0633,6781.499999999991,348.300000000004
177435403.0633,6781.499999999991,348.300000000004
177435405.0633,6781.499999999991,348.300000000004
177435407.0633,6781.499999999991,348.300000000004
177435409.0633,6781.499999999991,348.300000000004
177435411.0633,6781.499999999991,348.300000000004
177435413.0633,6781.499999999991,348.300000000004
177435415.0633,6781.499999999991,348.300000000004
177435417.0633,6781.499999999991,348.300000000004
177435419.0633,6781.499999999991,348.300000000004
177435421.0633,6781.499999999991,348.300000000004
177435423.0633,6781.499999999991,348.300000000004
177435425.0633,6781.499999999991,348.300000000004
177435427.0633,6781.499999999991,348.300000000004
177435429.0633,6781.499999999991,348.400000000004
177435431.0633,6781.499999999991,348.400000000004
177435433.0633,6781.499999999991,348.400000000004
177435435.0633,6781.499999999991,348.400000000004
177435437.0633,6781.499999999991,348.400000000004
177435439.0633,6781.499999999991,348.50000000000404
177435441.0633,6781.499999999991,348.60000000000406
177435443.0633,6781.499999999991,348.60000000000406
177435445.0633,6781.499999999991,348.60000000000406
177435447.0633,6781.499999999991,348.60000000000406
177435449.0633,6781.499999999991,348.60000000000406
177435451.0633,6781.499999999991,348.60000000000406
177435453.0633,6781.499999999991,348.60000000000406
177435455.0633,6781.499999999991,348.60000000000406
177435457.0633,6781.499999999991,348.60000000000406
177435459.0633,6781.499999999991,348.7000000000041
177435461.0633,6781.499999999991,348.8000000000041
177435463.0633,6781.499999999991,348.8000000000041
177435465.0633,6781.499999999991,348.8000000000041
177435467.0633,6781.499999999991,348.8000000000041
177435469.0633,6781.499999999991,348.7000000000041
177435471.0633,6781.499999999991,348.7000000000041
177435473.0633,6781.499999999991,348.7000000000041
177435475.0633,6781.499999999991,348.7000000000041
177435477.0633,6781.499999999991,348.8000000000041
177435479.0633,6781.499999999991,348.8000000000041
177435481.0633,6781.499999999991,348.8000000000041
177435483.0633,6781.499999999991,348.8000000000041
177435485.0633,6781.499999999991,348.8000000000041
177435487.0633,6781.3999999999905,348.8000000000041
177435489.0633,6781.3999999999905,348.8000000000041
177435491.0633,6781.3999999999905,348.8000000000041
177435493.0633,6781.3999999999905,348.8000000000041
177435495.0633,6781.3999999999905,348.8000000000041
177435497.0633,6781.3999999999905,348.8000000000041
177435499.0633,6781.3999999999905,348.9000000000041
177435501.0633,6781.3999999999905,349.00000000000415
177435503.0633,6781.3999999999905,349.00000000000415
177435505.0633,6781.3999999999905,349.00000000000415
177435507.0633,6781.3999999999905,349.00000000000415
177435509.0633,6781.3999999999905,349.00000000000415
177435511.0633,6781.3999999999905,349.00000000000415
177435513.0633,6781.3999999999905,349.00000000000415
177435515.0633,6781.3999999999905,349.00000000000415
177435517.0633,6781.3999999999905,349.00000000000415
177435519.0633,6781.3999999999905,349.00000000000415
177435521.0633,6781.3999999999905,349.00000000000415
177435523.0633,6781.3999999999905,349.00000000000415
177435525.0633,6781.3999999999905,349.00000000000415
177435527.0633,6781.3999999999905,349.1000000000042
177435529.0633,6781.3999999999905,349.2000000000042
177435531.0633,6781.3999999999905,349.2000000000042
177435533.0633,6781.3999999999905,349.3000000000042
177435535.0633,6781.3999999999905,349.40000000000424
177435537.0633,6781.3999999999905,349.40000000000424
177435539.0633,6781.3999999999905,349.40000000000424
177435541.0633,6781.3999999999905,349.40000000000424
177435543.0633,6781.3999999999905,349.40000000000424
177435545.0633,6781.29999999999,349.40000000000424
177435547.0633,6781.29999999999,349.40000000000424
177435549.0633,6781.29999999999,349.40000000000424
177435551.0633,6781.29999999999,349.40000000000424
177435553.0633,6781.3999999999905,349.40000000000424
177435555.0633,6781.3999999999905,349.40000000000424
177435557.0633,6781.3999999999905,349.40000000000424
177435559.0633,6781.3999999999905,349.40000000000424
177435561.0633,6781.3999999999905,349.40000000000424
177435563.0633,6781.3999999999905,349.40000000000424
177435565.0633,6781.3999999999905,349.40000000000424
177435567.0633,6781.29999999999,349.50000000000426
177435569.0633,6781.29999999999,349.50000000000426
177435571.0633,6781.29999999999,349.6000000000043
177435573.0633,6781.29999999999,349.6000000000043
177435575.0633,6781.29999999999,349.6000000000043
177435577.0633,6781.29999999999,349.6000000000043
177435579.0633,6781.29999999999,349.6000000000043
177435581.0633,6781.29999999999,349.7000000000043
177435583.0633,6781.29999999999,349.7000000000043
177435585.0633,6781.29999999999,349.7000000000043
177435587.0633,6781.29999999999,349.7000000000043
177435589.0633,6781.3999999999905,349.7000000000043
177435591.0633,6781.3999999999905,349.80000000000433
177435593.0633,6781.3999999999905,349.80000000000433
177435595.0633,6781.3999999999905,349.80000000000433
177435597.0633,6781.29999999999,349.90000000000435
177435599.0633,6781.29999999999,349.90000000000435
177435601.0633,6781.29999999999,349.90000000000435
177435603.0633,6781.29999999999,349.90000000000435
177435605.0633,6781.29999999999,349.90000000000435
177435607.0633,6781.3999999999905,349.90000000000435
177435609.0633,6781.3999999999905,350.0000000000044
177435611.0633,6781.3999999999905,350.0000000000044
177435613.0633,6781.3999999999905,350.0000000000044
177435615.0633,6781.29999999999,350.1000000000044
177435617.0633,6781.29999999999,350.1000000000044
177435619.0633,6781.29999999999,350.1000000000044
177435621.0633,6781.29999999999,350.1000000000044
177435623.0633,6781.29999999999,350.1000000000044
177435625.0633,6781.3999999999905,350.1000000000044
177435627.0633,6781.3999999999905,350.1000000000044
177435629.0633,6781.3999999999905,350.1000000000044
177435631.0633,6781.3999999999905,350.1000000000044
177435633.0633,6781.3999999999905,350.1000000000044
177435635.0633,6781.3999999999905,350.1000000000044
177435637.0633,6781.3999999999905,350.1000000000044
177435639.0633,6781.3999999999905,350.1000000000044
177435641.0633,6781.3999999999905,350.1000000000044
177435643.0633,6781.3999999999905,350.1000000000044
177435645.0633,6781.3999999999905,350.1000000000044
177435647.0633,6781.3999999999905,350.2000000000044
177435649.0633,6781.3999999999905,350.2000000000044
177435651.0633,6781.3999999999905,350.2000000000044
177435653.0633,6781.3999999999905,350.2000000000044
177435655.0633,6781.3999999999905,350.2000000000044
177435657.0633,6781.3999999999905,350.2000000000044
177435659.0633,6781.29999999999,350.2000000000044
177435661.0633,6781.29999999999,350.2000000000044
177435663.0633,6781.29999999999,350.2000000000044
177435665.0633,6781.29999999999,350.2000000000044
177435667.0633,6781.3999999999905,350.30000000000445
177435669.0633,6781.3999999999905,350.30000000000445
177435671.0633,6781.3999999999905,350.30000000000445
177435673.0633,6781.3999999999905,350.30000000000445
177435675.0633,6781.3999999999905,350.30000000000445
177435677.0633,6781.3999999999905,350.30000000000445
177435679.0633,6781.3999999999905,350.30000000000445
177435681.0633,6781.29999999999,350.30000000000445
177435683.0633,6781.29999999999,350.30000000000445
177435685.0633,6781.29999999999,350.30000000000445
177435687.0633,6781.29999999999,350.30000000000445
177435689.0633,6781.29999999999,350.30000000000445
177435691.0633,6781.29999999999,350.30000000000445
177435693.0633,6781.29999999999,350.40000000000447
177435695.0633,6781.29999999999,350.5000000000045
177435697.0633,6781.29999999999,350.5000000000045
177435699.0633,6781.29999999999,350.5000000000045
177435701.0633,6781.29999999999,350.5000000000045
177435703.0633,6781.3999999999905,350.40000000000447
177435705.0633,6781.3999999999905,350.5000000000045
177435707.0633,6781.3999999999905,350.5000000000045
177435709.0633,6781.3999999999905,350.5000000000045
177435711.0633,6781.3999999999905,350.5000000000045
177435713.0633,6781.3999999999905,350.5000000000045
177435715.0633,6781.3999999999905,350.5000000000045
177435717.0633,6781.3999999999905,350.5000000000045
177435719.0633,6781.3999999999905,350.5000000000045
177435721.0633,6781.3999999999905,350.5000000000045
177435723.0633,6781.3999999999905,350.5000000000045
177435725.0633,6781.3999999999905,350.5000000000045
177435727.0633,6781.3999999999905,350.5000000000045
177435729.0633,6781.3999999999905,350.5000000000045
177435731.0633,6781.3999999999905,350.5000000000045
177435733.0633,6781.3999999999905,350.5000000000045
177435735.0633,6781.3999999999905,350.5000000000045
177435737.0633,6781.3999999999905,350.5000000000045
177435739.0633,6781.3999999999905,350.6000000000045
177435741.0633,6781.3999999999905,350.6000000000045
177435743.0633,6781.3999999999905,350.6000000000045
177435745.0633,6781.3999999999905,350.6000000000045
177435747.0633,6781.3999999999905,350.6000000000045
177435749.0633,6781.3999999999905,350.6000000000045
177435751.0633,6781.3999999999905,350.6000000000045
177435753.0633,6781.3999999999905,350.6000000000045
177435755.0633,6781.3999999999905,350.6000000000045
177435757.0633,6781.3999999999905,350.6000000000045
177435759.0633,6781.3999999999905,350.6000000000045
177435761.0633,6781.3999999999905,350.6000000000045
177435763.0633,6781.3999999999905,350.6000000000045
177435765.0633,6781.3999999999905,350.6000000000045
177435767.0633,6781.3999999999905,350.6000000000045
177435769.0633,6781.3999999999905,350.6000000000045
177435771.0633,6781.3999999999905,350.6000000000045
177435773.0633,6781.3999999999905,350.6000000000045
177435775.0633,6781.3999999999905,350.6000000000045
177435777.0633,6781.3999999999905,350.6000000000045
177435779.1633,6781.3999999999905,350.6000000000045
177435781.0633,6781.3999999999905,350.70000000000454
177435783.0633,6781.3999999999905,350.70000000000454
177435785.0633,6781.3999999999905,350.70000000000454
177435787.0633,6781.3999999999905,350.70000000000454
177435789.0633,6781.3999999999905,350.70000000000454
177435791.0633,6781.3999999999905,350.70000000000454
177435793.0633,6781.3999999999905,350.70000000000454
177435795.0633,6781.3999999999905,350.70000000000454
177435797.0633,6781.3999999999905,350.70000000000454
177435799.0633,6781.3999999999905,350.70000000000454
177435801.0633,6781.29999999999,350.70000000000454
177435803.0633,6781.29999999999,350.70000000000454
177435805.0633,6781.29999999999,350.70000000000454
177435807.0633,6781.29999999999,350.70000000000454
177435809.0633,6781.29999999999,350.70000000000454
177435811.0633,6781.29999999999,350.70000000000454
177435813.0633,6781.29999999999,350.70000000000454
177435815.0633,6781.29999999999,350.70000000000454
177435817.0633,6781.3999999999905,350.70000000000454
177435819.0633,6781.3999999999905,350.70000000000454
177435821.0633,6781.3999999999905,350.70000000000454
177435823.0633,6781.3999999999905,350.70000000000454
177435825.0633,6781.29999999999,350.70000000000454
177435827.0633,6781.29999999999,350.70000000000454
177435829.0633,6781.29999999999,350.70000000000454
177435831.0633,6781.29999999999,350.70000000000454
177435833.0633,6781.29999999999,350.70000000000454
177435835.0633,6781.29999999999,350.70000000000454
177435837.0633,6781.29999999999,350.70000000000454
177435839.0633,6781.29999999999,350.70000000000454
177435841.0633,6781.29999999999,350.70000000000454
177435843.0633,6781.29999999999,350.70000000000454
177435845.0633,6781.29999999999,350.70000000000454
177435847.0633,6781.29999999999,350.70000000000454
177435849.0633,6781.29999999999,350.70000000000454
177435851.0633,6781.29999999999,350.70000000000454
177435853.0633,6781.29999999999,350.70000000000454
177435855.0633,6781.19999999999,350.70000000000454
177435857.0633,6781.19999999999,350.70000000000454
177435859.0633,6781.19999999999,350.70000000000454
177435861.0633,6781.19999999999,350.70000000000454
177435863.0633,6781.19999999999,350.70000000000454
177435865.0633,6781.29999999999,350.70000000000454
177435867.0633,6781.29999999999,350.70000000000454
177435869.0633,6781.29999999999,350.70000000000454
177435871.0633,6781.29999999999,350.70000000000454
177435873.0633,6781.29999999999,350.70000000000454
177435875.0633,6781.29999999999,350.70000000000454
177435877.0633,6781.29999999999,350.70000000000454
177435879.0633,6781.29999999999,350.70000000000454
177435881.0633,6781.29999999999,350.70000000000454
177435883.0633,6781.29999999999,350.70000000000454
177435885.0633,6781.29999999999,350.70000000000454
177435887.0633,6781.29999999999,350.70000000000454
177435889.0633,6781.29999999999,350.70000000000454
177435891.0633,6781.29999999999,350.70000000000454
177435893.0633,6781.29999999999,350.70000000000454
177435895.0633,6781.29999999999,350.70000000000454
177435897.0633,6781.29999999999,350.70000000000454
177435899.0633,6781.29999999999,350.70000000000454
177435901.0633,6781.29999999999,350.70000000000454
177435903.0633,6781.19999999999,350.70000000000454
177435905.0633,6781.19999999999,350.70000000000454
177435907.0633,6781.19999999999,350.70000000000454
177435909.0633,6781.19999999999,350.70000000000454
177435911.0633,6781.19999999999,350.70000000000454
177435913.0633,6781.29999999999,350.70000000000454
177435915.0633,6781.29999999999,350.70000000000454
177435917.0633,6781.29999999999,350.70000000000454
177435919.0633,6781.29999999999,350.70000000000454
177435921.0633,6781.29999999999,350.70000000000454
177435923.0633,6781.29999999999,350.70000000000454
177435925.0633,6781.29999999999,350.70000000000454
177435927.0633,6781.29999999999,350.70000000000454
177435929.0633,6781.29999999999,350.70000000000454
177435931.0633,6781.29999999999,350.70000000000454
177435933.0633,6781.29999999999,350.70000000000454
177435935.0633,6781.29999999999,350.70000000000454
177435937.0633,6781.29999999999,350.70000000000454
177435939.0633,6781.29999999999,350.70000000000454
177435941.0633,6781.29999999999,350.70000000000454
177435943.0633,6781.29999999999,350.70000000000454
177435945.0633,6781.29999999999,350.70000000000454
177435947.0633,6781.29999999999,350.70000000000454
177435949.0633,6781.29999999999,350.70000000000454
177435951.0633,6781.19999999999,350.70000000000454
177435953.0633,6781.19999999999,350.70000000000454
177435955.0633,6781.19999999999,350.70000000000454
177435957.0633,6781.19999999999,350.70000000000454
177435959.0633,6781.19999999999,672.2000000000046
177435961.0633,6781.29999999999,672.2000000000046
177435963.0633,6781.29999999999,672.2000000000046
177435965.0633,6781.29999999999,672.2000000000046
177435967.0633,6781.29999999999,672.2000000000046
177435969.0633,6781.29999999999,672.2000000000046
177435971.0633,6781.19999999999,672.2000000000046
177435973.0633,6781.19999999999,672.2000000000046
177435975.0633,6781.19999999999,672.2000000000046
177435977.0633,6781.19999999999,672.2000000000046
177435979.0633,6781.29999999999,672.2000000000046
177435981.0633,6781.29999999999,672.2000000000046
