Timestamp,Buy_Price,Sell_Price
177427409.1688,2415958.9,2252874.8
177427411.1688,2415958.9,2252874.8
177427413.1688,2415958.9,2252874.8
177427415.1688,2415958.9,2252874.8
177427417.1688,2415958.9,2252874.9
177427419.1688,2415958.9,2261029.1
177427421.1688,2415958.9,2261029.1
177427423.1688,2415958.9,2261029.1
177427425.1688,2415958.9,2261029.1
177427427.1688,2415958.9,2261029.1
177427429.1688,2415958.9,2261029.2
177427431.1688,2415958.9,2261029.2
177427433.1688,2415958.9,2261029.3000000003
177427435.1688,2415958.9,2261029.3000000003
177427437.1688,2415958.9,2261029.3000000003
177427439.1688,2415958.9,2261029.3000000003
177427441.1688,2415958.9,2261029.4000000004
177427443.1688,2415958.9,2261029.4000000004
177427445.1688,2415958.9,2261029.4000000004
177427447.1688,2415959.0,2261029.4000000004
177427449.1688,2415959.0,2261029.5000000005
177427451.1688,2415959.0,2261029.5000000005
177427453.1688,2415959.2,2261029.5000000005
177427455.1688,2415959.2,2261029.5000000005
177427457.1688,2415959.2,2261029.5000000005
177427459.1688,2415959.3000000003,2261029.5000000005
177427461.1688,2415959.3000000003,2261029.5000000005
177427463.1688,2415959.3000000003,2261029.5000000005
177427465.1688,2415959.3000000003,2261029.5000000005
177427467.1688,2415959.3000000003,2261029.5000000005
177427469.1688,2415959.2,2261029.5000000005
177427471.1688,2415959.1,2261029.5000000005
177427473.1688,2415959.1,2261029.5000000005
177427475.1688,2415959.1,2261029.5000000005
177427477.1688,2415959.1,2261029.5000000005
177427479.1688,2415959.1,2261029.6000000006
177427481.1688,2415959.1,2261029.6000000006
177427483.1688,2415959.1,2261029.6000000006
177427485.1688,2415959.1,2261029.6000000006
177427487.1688,2415959.1,2261029.6000000006
177427489.1688,2415959.1,2261029.5000000005
177427491.1688,2415959.1,2261029.5000000005
177427493.1688,2415959.1,2261029.5000000005
177427495.1688,2415959.1,2261029.5000000005
177427497.1688,2415959.1,2261029.5000000005
177427499.1688,2415959.1,2261029.5000000005
177427501.1688,2415959.1,2261029.5000000005
177427503.1688,2415959.1,2261029.5000000005
177427505.1688,2415959.1,2261029.5000000005
177427507.1688,2415959.1,2261029.5000000005
177427509.1688,2415959.1,2261029.5000000005
177427511.1688,2415959.1,2261029.5000000005
177427513.1688,2415959.1,2261029.5000000005
177427515.1688,2415959.1,2261029.5000000005
177427517.1688,2415959.1,2261029.5000000005
177427519.1688,2415959.1,2261029.5000000005
177427521.1688,2415959.1,2261029.5000000005
177427523.1688,2415959.1,2261029.5000000005
177427525.1688,2415959.1,2261029.5000000005
177427527.1688,2415959.1,2261029.5000000005
177427529.1688,2415958.9,2261029.5000000005
177427531.1688,2415958.9,2261029.5000000005
177427533.1688,2415958.9,2261029.5000000005
177427535.1688,2415958.9,2261029.5000000005
177427537.1688,2415958.9,2261029.5000000005
177427539.1688,2415958.9,2261029.5000000005
177427541.1688,2415958.9,2261029.5000000005
177427543.1688,2415958.9,2261029.5000000005
177427545.1688,2415958.9,2261029.5000000005
177427547.1688,2415958.9,2261029.5000000005
177427549.1688,2415958.9,2261029.5000000005
177427551.1688,2415958.8,2261029.5000000005
177427553.1688,2415958.8,2261029.5000000005
177427555.1688,2415958.8,2261029.5000000005
177427557.1688,2415958.6999999997,2261029.5000000005
177427559.1688,2415958.6999999997,2261029.5000000005
177427561.1688,2415958.6999999997,2261029.5000000005
177427563.1688,2415958.6999999997,2261029.5000000005
177427565.1688,2415958.6999999997,2261029.5000000005
177427567.1688,2415958.6999999997,2261029.5000000005
177427569.1688,2415958.6999999997,2261029.5000000005
177427571.1688,2415958.6999999997,2261029.5000000005
177427573.1688,2415958.6999999997,2276135.1000000006
177427575.1688,2415958.6999999997,2276135.1000000006
177427577.1688,2415958.6999999997,2276135.1000000006
177427579.1688,2415958.5999999996,2276135.1000000006
177427581.1688,2415958.5999999996,2276135.1000000006
177427583.1688,2415958.8,2268776.0000000005
177427585.1688,2415958.8,2268776.0000000005
177427587.1688,2415958.8,2268776.0000000005
177427589.1688,2415958.8,2268776.0000000005
177427591.1688,2415958.8,2268776.1000000006
177427593.1688,2415958.8,2268776.1000000006
177427595.1688,2415958.8,2268776.1000000006
177427597.1688,2415958.8,2268776.1000000006
177427599.1688,2415958.8,2268776.1000000006
177427601.1688,2415958.8,2268776.1000000006
177427603.1688,2415958.8,2268776.1000000006
177427605.1688,2415958.8,2268776.1000000006
177427607.1688,2415958.8,2268776.1000000006
177427609.1688,2415958.8,2268776.1000000006
177427611.1688,2415958.8,2268776.1000000006
177427613.1688,2415958.8,2268776.1000000006
177427615.1688,2415958.8,2268776.1000000006
177427617.1688,2415958.8,2268776.1000000006
177427619.1688,2415958.8,2268776.1000000006
177427621.1688,2415958.8,2268776.1000000006
177427623.1688,2415958.8,2268776.1000000006
177427625.1688,2415958.8,2268776.1000000006
177427627.1688,2415958.8,2268776.1000000006
177427629.1688,2415958.8,2268776.1000000006
177427631.1688,2415958.8,2268776.1000000006
177427633.1688,2415958.8,2268776.1000000006
177427635.1688,2415958.8,2268776.1000000006
177427637.1688,2415958.8,2268776.1000000006
177427639.1688,2415958.8,2268776.1000000006
177427641.1688,2415958.8,2268776.1000000006
177427643.1688,2415958.8,2268776.1000000006
177427645.1688,2415958.8,2268776.1000000006
177427647.1688,2415958.8,2268776.1000000006
177427649.1688,2415958.8,2268776.1000000006
177427651.1688,2415958.8,2268776.1000000006
177427653.1688,2415958.8,2268776.1000000006
177427655.1688,2415958.8,2268776.1000000006
177427657.1688,2415958.6999999997,2268776.1000000006
177427659.1688,2415958.8,2268776.1000000006
177427661.1688,2415958.8,2268776.1000000006
177427663.1688,2415958.8,2268776.1000000006
177427665.1688,2415958.8,2268776.1000000006
177427667.1688,2415959.0999999996,2268776.1000000006
177427669.1688,2415959.0999999996,2268776.1000000006
177427671.1688,2415959.0999999996,2268776.1000000006
177427673.1688,2415959.0999999996,2268776.1000000006
177427675.1688,2415959.0999999996,2268776.1000000006
177427677.1688,2415959.0999999996,2268776.1000000006
177427679.1688,2415959.0999999996,2268776.1000000006
177427681.1688,2415959.0999999996,2268776.1000000006
177427683.1688,2415959.0999999996,2268776.1000000006
177427685.1688,2415959.0999999996,2268776.1000000006
177427687.1688,2415959.0999999996,2268776.1000000006
177427689.1688,2415959.0999999996,2268776.1000000006
177427691.1688,2415959.0999999996,2268776.1000000006
177427693.1688,2415959.0999999996,2268776.1000000006
177427695.1688,2415959.0999999996,2268776.1000000006
177427697.1688,2415959.0999999996,2300000.0000000005
177427699.1688,2415959.0999999996,2300000.0000000005
177427701.1688,2415959.0999999996,2300000.0000000005
177427703.1688,2415959.0999999996,2300000.0000000005
177427705.1688,2415959.0999999996,2300000.0000000005
177427707.1688,2415959.0999999996,2300000.0000000005
177427709.1688,2415959.0999999996,2300000.0000000005
177427711.1688,2415959.0999999996,2300000.0000000005
177427713.1688,2415959.0999999996,2300000.0000000005
177427715.1688,2415959.0999999996,2300000.0000000005
177427717.1688,2415959.0999999996,2300000.0000000005
177427719.1688,2415959.0999999996,2300000.0000000005
177427721.1688,2415959.0999999996,2300000.0000000005
177427723.1688,2415959.0999999996,2300000.0000000005
177427725.1688,2415959.0999999996,2300000.0000000005
177427727.1688,2415959.0999999996,2300000.0000000005
177427729.1688,2415959.0999999996,2300000.0000000005
177427731.1688,2415959.0999999996,2300000.0000000005
177427733.1688,2415958.9999999995,2300000.0000000005
177427735.1688,2415958.9999999995,2300000.0000000005
177427737.1688,2415958.9999999995,2300000.0000000005
177427739.1688,2415958.9999999995,2300000.0000000005
177427741.1688,2415958.9999999995,2300000.0000000005
177427743.1688,2415958.9999999995,2300000.0000000005
177427745.1688,2415958.9999999995,2300000.0000000005
177427747.1688,2415958.9999999995,2300000.0000000005
177427749.1688,2415958.9999999995,2300000.1000000006
177427751.1688,2415958.9999999995,2300000.1000000006
177427753.1688,2415958.9999999995,2300000.1000000006
177427755.1688,2415959.0999999996,2300000.0000000005
177427757.1688,2415959.0999999996,2300000.0000000005
177427759.1688,2415959.0999999996,2300000.0000000005
177427761.1688,2415959.0999999996,2300000.0000000005
177427763.1688,2415959.0999999996,2300000.1000000006
177427765.1688,2415959.0999999996,2300000.1000000006
177427767.1688,2415959.0999999996,2300000.1000000006
177427769.1688,2415959.0999999996,2300000.1000000006
177427771.1688,2415959.0999999996,2300000.1000000006
177427773.1688,2415959.0999999996,2300000.1000000006
177427775.1688,2415959.0999999996,2300000.1000000006
177427777.1688,2415959.0999999996,2300000.1000000006
177427779.1688,2415959.0999999996,2300000.1000000006
177427781.1688,2415959.0999999996,2300000.1000000006
177427783.1688,2415959.0999999996,2300000.1000000006
177427785.1688,2415959.3,2300000.1000000006
177427787.1688,2415959.3,2300000.1000000006
177427789.1688,2415959.3,2300000.1000000006
177427791.1688,2415959.3,2300000.1000000006
177427793.1688,2415959.3,2300000.2000000007
177427795.1688,2415959.3,2300000.2000000007
177427797.1688,2415959.3,2300000.2000000007
177427799.1688,2415959.3,2300000.2000000007
177427801.1688,2415959.3,2300000.2000000007
177427805.1688,2415959.3,2300000.2000000007
177427807.1688,2415959.3,2300000.2000000007
177427809.1688,2415959.3,2300000.3000000007
177427811.1688,2415959.3,2300000.400000001
177427813.1688,2415959.3,2300000.400000001
177427815.1688,2415959.3,2300000.400000001
177427817.1688,2415959.3,2300000.400000001
177427819.1688,2415959.3,2300000.400000001
177427821.1688,2415959.3,2300000.400000001
177427823.1688,2415959.3,2300000.400000001
177427825.1688,2415959.3,2300000.400000001
177427827.1688,2415959.3,2300000.400000001
177427829.1688,2415959.3,2300000.400000001
177427831.1688,2415959.3,2300000.400000001
177427833.1688,2415959.3,2300000.400000001
177427835.1688,2415959.3,2300000.400000001
177427837.1688,2415959.3,2300000.400000001
177427839.1688,2415959.3,2300000.400000001
177427841.1688,2415959.3,2300000.400000001
177427843.1688,2415960.1999999997,2300000.400000001
177427845.1688,2415960.1999999997,2300000.400000001
177427847.1688,2415960.4999999995,2300000.400000001
177427849.1688,2415960.4999999995,2300000.400000001
177427851.1688,2415960.4999999995,2300000.400000001
177427853.1688,2415960.4999999995,2300000.400000001
177427855.1688,2415960.4999999995,2300000.400000001
177427857.1688,2415960.4999999995,2300000.400000001
177427859.1688,2415960.4999999995,2300000.3000000007
177427861.1688,2415960.4999999995,2300000.3000000007
177427863.1688,2415960.4999999995,2300000.3000000007
177427865.1688,2415960.4999999995,2300000.3000000007
177427867.1688,2415960.4999999995,2300000.3000000007
177427869.1688,2415960.4999999995,2300000.3000000007
177427871.1688,2415960.4999999995,2300000.3000000007
177427873.1688,2415960.4999999995,2300000.3000000007
177427875.1688,2415960.4999999995,2300000.3000000007
177427877.1688,2415960.4999999995,2300000.3000000007
177427879.1688,2415960.4999999995,2300000.3000000007
177427881.1688,2415960.4999999995,2300000.3000000007
177427883.1688,2415960.4999999995,2300000.3000000007
177427885.1688,2415960.4999999995,2300000.3000000007
177427887.1688,2415960.4999999995,2300000.3000000007
177427889.1688,2415960.4999999995,2300000.3000000007
177427891.1688,2415960.4999999995,2300000.3000000007
177427893.1688,2415960.4999999995,2300000.3000000007
177427895.1688,2415960.4999999995,2300000.3000000007
177427897.1688,2415960.4999999995,2300000.3000000007
177427899.1688,2415960.4999999995,2300000.3000000007
177427901.1688,2415960.4999999995,2300000.3000000007
177427903.1688,2415960.4999999995,2300000.3000000007
177427905.1688,2415960.4999999995,2300000.3000000007
177427907.1688,2415960.3999999994,2300000.3000000007
177427909.1688,2415960.3999999994,2300000.3000000007
177427911.1688,2415960.3999999994,2300000.400000001
177427913.1688,2415960.3999999994,2300000.400000001
177427915.1688,2415960.3999999994,2300000.400000001
177427917.1688,2415960.3999999994,2300000.400000001
177427919.1688,2415960.3999999994,2300000.400000001
177427921.1688,2415960.3999999994,2300000.400000001
177427923.1688,2415960.3999999994,2300000.400000001
177427925.1688,2415960.3999999994,2300000.400000001
177427927.1688,2415960.2999999993,2300000.400000001
177427929.1688,2415960.1999999993,2300000.400000001
177427931.1688,2415960.1999999993,2300000.400000001
177427933.1688,2415960.1999999993,2300000.400000001
177427935.1688,2415960.1999999993,2300000.400000001
177427937.1688,2415960.1999999993,2300000.400000001
177427939.1688,2415960.2999999993,2300000.400000001
177427941.1688,2415960.2999999993,2300000.400000001
177427943.1688,2415960.2999999993,2300000.400000001
177427945.1688,2415960.2999999993,2300000.400000001
177427947.1688,2415960.2999999993,2300000.400000001
177427949.1688,2415960.2999999993,2300000.400000001
177427951.1688,2415960.2999999993,2300000.400000001
177427953.1688,2415960.2999999993,2300000.400000001
177427955.1688,2415960.2999999993,2300000.400000001
177427957.1688,2415960.2999999993,2300000.400000001
177427959.1688,2404364.1999999993,2300000.400000001
177427961.1688,2393927.7999999993,2300000.400000001
177427963.1688,2393927.7999999993,2300000.400000001
177427965.1688,2393927.7999999993,2300000.400000001
177427967.1688,2393927.7999999993,2300000.400000001
177427969.1688,2393927.7999999993,2300000.400000001
177427971.1688,2393927.7999999993,2300000.400000001
177427973.1688,2393927.6999999993,2300000.400000001
177427975.1688,2393927.6999999993,2300000.400000001
177427977.1688,2393927.6999999993,2300000.400000001
177427979.1688,2393927.6999999993,2300000.400000001
177427981.1688,2393927.6999999993,2300000.400000001
177427983.1688,2393927.6999999993,2300000.400000001
177427985.1688,2393927.6999999993,2300000.400000001
177427987.1688,2393927.6999999993,2300000.400000001
177427989.1688,2393927.6999999993,2300000.400000001
177427991.1688,2393927.6999999993,2300000.400000001
177427993.1688,2393927.6999999993,2300000.400000001
177427995.1688,2393927.6999999993,2300000.400000001
177427997.1688,2393927.6999999993,2300000.400000001
177427999.1688,2393927.6999999993,2300000.400000001
177428001.1688,2393927.6999999993,2300000.400000001
177428003.1688,2393927.6999999993,2300000.400000001
177428005.1688,2393927.6999999993,2300000.400000001
177428007.1688,2393927.599999999,2300000.400000001
177428009.1688,2393927.599999999,2300000.400000001
177428011.1688,2393927.599999999,2300000.400000001
177428013.1688,2393927.599999999,2300000.400000001
177428015.1688,2393927.599999999,2300000.400000001
177428017.1688,2393927.599999999,2300000.400000001
177428019.1688,2393927.599999999,2300000.400000001
177428021.1688,2393927.599999999,2300000.400000001
177428023.1688,2393927.599999999,2300000.400000001
177428025.1688,2393927.599999999,2300000.400000001
177428027.1688,2393927.599999999,2300000.400000001
177428029.1688,2393927.599999999,2300000.400000001
177428031.1688,2393927.599999999,2300000.400000001
177428033.1688,2393927.599999999,2300000.400000001
177428035.1688,2393927.599999999,2300000.400000001
177428037.1688,2393927.599999999,2300000.400000001
177428039.1688,2393927.599999999,2300000.400000001
177428041.1688,2393927.599999999,2300000.400000001
177428043.1688,2393927.599999999,2300000.400000001
177428045.1688,2393927.599999999,2300000.400000001
177428047.1688,2393927.599999999,2300000.400000001
177428049.1688,2393927.6999999993,2300000.400000001
177428051.1688,2393927.6999999993,2300000.500000001
177428053.1688,2393927.6999999993,2300000.500000001
177428055.1688,2393927.6999999993,2300000.500000001
177428057.1688,2393927.6999999993,2300000.500000001
177428059.1688,2393927.6999999993,2300000.500000001
177428061.1688,2393927.6999999993,2300000.500000001
177428063.1688,2393927.6999999993,2300000.500000001
177428065.1688,2393927.6999999993,2300000.500000001
177428067.1688,2393927.6999999993,2300000.500000001
177428069.1688,2393927.6999999993,2300000.500000001
177428071.1688,2393927.6999999993,2300000.500000001
177428073.1688,2393927.6999999993,2300000.500000001
177428075.1688,2393927.6999999993,2300000.500000001
177428077.1688,2393927.6999999993,2300000.500000001
177428079.1688,2393927.599999999,2300000.500000001
177428081.1688,2393927.599999999,2300000.500000001
177428083.1688,2393927.599999999,2300000.500000001
177428085.1688,2393927.599999999,2300000.500000001
177428087.1688,2393927.599999999,2300000.500000001
177428089.1688,2393927.599999999,2300000.500000001
177428091.1688,2393927.599999999,2300000.500000001
177428093.1688,2393927.599999999,2300000.500000001
177428095.1688,2393927.599999999,2300000.500000001
177428097.1688,2393927.599999999,2300000.500000001
177428099.1688,2393927.599999999,2300000.500000001
177428101.1688,2393927.599999999,2300000.500000001
177428103.1688,2393927.599999999,2300000.500000001
177428105.1688,2393927.599999999,2300000.500000001
177428107.1688,2393927.6999999993,2300000.500000001
177428109.1688,2393927.6999999993,2300000.500000001
177428111.1688,2393927.6999999993,2300000.500000001
177428113.1688,2393927.6999999993,2300000.500000001
177428115.1688,2393927.6999999993,2300000.500000001
177428117.1688,2393927.6999999993,2300000.500000001
177428119.1688,2393927.6999999993,2300000.500000001
177428121.1688,2393927.6999999993,2300000.500000001
177428123.1688,2393927.6999999993,2300000.500000001
177428125.1688,2393927.6999999993,2300000.500000001
177428127.1688,2393927.6999999993,2300000.500000001
177428129.1688,2393927.599999999,2300000.600000001
177428131.1688,2393927.599999999,2300000.600000001
177428133.1688,2393927.599999999,2300000.600000001
177428135.1688,2393927.599999999,2300000.500000001
177428137.1688,2393927.599999999,2300000.500000001
177428139.1688,2393927.599999999,2300000.500000001
177428141.1688,2393927.599999999,2300000.500000001
177428143.1688,2393927.6999999993,2300000.500000001
177428145.1688,2393927.6999999993,2300000.500000001
177428147.1688,2393927.6999999993,2300000.500000001
177428149.1688,2393927.599999999,2300000.500000001
177428151.1688,2393927.599999999,2300000.500000001
177428153.1688,2393927.599999999,2300000.500000001
177428155.1688,2393927.499999999,2300000.600000001
177428157.1688,2393927.499999999,2300000.600000001
177428159.1688,2393927.499999999,2300000.600000001
177428161.1688,2393927.499999999,2300000.600000001
177428163.1688,2393927.499999999,2300000.600000001
177428165.1688,2393927.499999999,2300000.600000001
177428167.1688,2393927.499999999,2300000.600000001
177428169.1688,2393927.499999999,2300000.600000001
177428171.1688,2393927.499999999,2300000.600000001
177428173.1688,2393927.499999999,2300000.600000001
177428175.1688,2393927.499999999,2300000.600000001
177428177.1688,2393927.499999999,2300000.600000001
177428179.1688,2393927.499999999,2300000.600000001
177428181.1688,2393927.499999999,2300000.600000001
177428183.1688,2393927.499999999,2300000.600000001
177428185.1688,2393927.499999999,2300000.600000001
177428187.1688,2393927.499999999,2300000.600000001
177428189.1688,2393927.499999999,2300000.600000001
177428191.1688,2393927.499999999,2300000.600000001
177428193.1688,2393927.499999999,2300000.600000001
177428195.1688,2393927.499999999,2300000.600000001
177428197.1688,2393927.499999999,2300000.600000001
177428199.1688,2393927.499999999,2300000.600000001
177428201.1688,2393927.599999999,2300000.600000001
177428203.1688,2393927.599999999,2300000.600000001
177428205.1688,2393927.599999999,2300000.600000001
177428207.1688,2393927.599999999,2300000.600000001
177428209.1688,2393927.599999999,2300000.600000001
177428211.1688,2393927.599999999,2300000.600000001
177428213.1688,2393927.599999999,2300000.600000001
177428215.1688,2393927.599999999,2300000.600000001
177428217.1688,2393927.599999999,2300000.600000001
177428219.1688,2393927.599999999,2300000.600000001
177428221.1688,2393927.599999999,2300000.600000001
177428223.1688,2393927.599999999,2300000.600000001
177428225.1688,2393927.599999999,2300000.600000001
177428227.1688,2393927.599999999,2300000.600000001
177428229.1688,2393927.599999999,2300000.600000001
177428231.1688,2393927.599999999,2300000.600000001
177428233.1688,2393927.599999999,2300000.600000001
177428235.1688,2393927.599999999,2300000.600000001
177428237.1688,2393927.599999999,2300000.600000001
177428239.1688,2393927.599999999,2300000.600000001
177428241.1688,2393927.599999999,2300000.600000001
177428243.1688,2393927.599999999,2300000.600000001
177428245.1688,2393927.599999999,2300000.600000001
177428247.1688,2393927.599999999,2300000.600000001
177428249.1688,2393927.6999999993,2300000.600000001
177428251.1688,2393927.6999999993,2300000.600000001
177428253.1688,2393927.6999999993,2300000.600000001
177428255.1688,2393927.6999999993,2300000.600000001
177428257.1688,2393927.6999999993,2300000.600000001
177428259.1688,2393927.6999999993,2300000.600000001
177428261.1688,2393927.6999999993,2300000.700000001
177428263.1688,2393927.6999999993,2300000.800000001
177428265.1688,2393927.6999999993,2300000.800000001
177428267.1688,2393927.6999999993,2300001.0000000014
177428269.1688,2393927.6999999993,2300001.0000000014
177428271.1688,2393927.6999999993,2300001.0000000014
177428273.1688,2393927.6999999993,2300001.1000000015
177428275.1688,2393927.6999999993,2300001.1000000015
177428277.1688,2393927.6999999993,2300001.1000000015
177428279.1688,2393927.6999999993,2300001.1000000015
177428281.1688,2393927.6999999993,2300001.1000000015
177428283.1688,2393927.6999999993,2300001.1000000015
177428285.1688,2393927.6999999993,2300001.1000000015
177428287.1688,2393927.6999999993,2300001.2000000016
177428289.1688,2393927.6999999993,2300001.2000000016
177428291.1688,2393927.6999999993,2300001.3000000017
177428293.1688,2393927.6999999993,2300001.400000002
177428295.1688,2393927.6999999993,2300001.400000002
177428297.1688,2393927.6999999993,2300000.600000002
177428299.1688,2393927.6999999993,2300000.600000002
177428301.1688,2393927.599999999,2300000.600000002
177428303.1688,2393927.599999999,2300000.600000002
177428305.1688,2393927.599999999,2300000.600000002
177428307.1688,2393927.599999999,2300000.600000002
177428309.1688,2393927.599999999,2300000.600000002
177428311.1688,2393927.599999999,2300000.300000002
177428313.1688,2393927.599999999,2300000.300000002
177428315.1688,2393927.499999999,2300000.300000002
177428317.1688,2393927.499999999,2300000.300000002
177428319.1688,2393927.499999999,2300000.300000002
177428321.1688,2393927.499999999,2300000.300000002
177428323.1688,2393927.499999999,2300000.300000002
177428325.1688,2393927.499999999,2300000.300000002
177428327.1688,2393927.499999999,2300000.4000000022
177428329.1688,2393927.499999999,2300000.4000000022
177428331.1688,2393927.499999999,2300000.4000000022
177428333.1688,2393927.499999999,2300000.4000000022
177428335.1688,2393927.499999999,2300000.4000000022
177428337.1688,2393927.499999999,2300000.4000000022
177428339.1688,2393927.499999999,2300000.4000000022
177428341.1688,2393927.499999999,2300000.4000000022
177428343.1688,2393927.499999999,2300000.4000000022
177428345.1688,2393927.499999999,2300000.4000000022
177428347.1688,2393927.499999999,2300000.4000000022
177428349.1688,2393927.399999999,2300000.4000000022
177428351.1688,2393927.399999999,2300000.4000000022
177428353.1688,2393927.399999999,2300000.4000000022
177428355.1688,2393927.399999999,2300000.4000000022
177428357.1688,2393927.399999999,2300000.4000000022
177428359.1688,2393927.399999999,2300000.4000000022
177428361.1688,2393927.399999999,2300000.4000000022
177428363.1688,2393927.399999999,2300000.4000000022
177428365.1688,2393927.399999999,2300000.4000000022
177428367.1688,2393927.399999999,2300000.4000000022
177428369.1688,2393927.399999999,2300000.4000000022
177428371.1688,2393927.399999999,2300000.4000000022
177428373.1688,2393927.399999999,2300000.4000000022
177428375.1688,2393927.399999999,2300000.4000000022
177428377.1688,2393927.299999999,2300000.4000000022
177428379.1688,2393927.299999999,2300000.4000000022
177428381.1688,2393927.299999999,2300000.4000000022
177428383.1688,2393927.299999999,2300000.4000000022
177428385.1688,2393927.399999999,2300000.4000000022
177428387.1688,2393927.399999999,2300000.4000000022
177428389.1688,2393927.399999999,2300000.4000000022
177428391.1688,2393927.299999999,2300000.4000000022
177428393.1688,2393927.299999999,2300000.4000000022
177428395.0688,2393927.299999999,2300000.4000000022
177428397.0688,2393927.299999999,2300000.4000000022
177428399.0688,2393927.299999999,2300000.4000000022
177428401.0688,2393927.299999999,2300000.4000000022
177428403.0688,2393927.299999999,2300000.4000000022
177428405.0688,2393927.299999999,2300000.4000000022
177428407.0688,2393927.199999999,2300000.4000000022
177428409.0688,2393927.199999999,2300000.4000000022
177428411.0688,2393927.199999999,2300000.4000000022
177428413.0688,2393927.199999999,2300000.4000000022
177428415.0688,2393927.199999999,2300000.4000000022
177428417.0688,2393927.199999999,2300000.4000000022
177428419.0688,2393927.199999999,2300000.4000000022
177428421.0688,2393927.199999999,2300000.4000000022
177428423.0688,2393927.199999999,2300000.5000000023
177428425.0688,2393927.199999999,2300000.5000000023
177428427.0688,2393927.199999999,2300000.5000000023
177428429.0688,2393927.199999999,2300000.5000000023
177428431.0688,2393927.199999999,2300000.5000000023
177428433.0688,2393927.0999999987,2300000.5000000023
177428435.0688,2393927.0999999987,2300000.5000000023
177428437.0688,2393927.0999999987,2300000.5000000023
177428439.0688,2393927.0999999987,2300000.5000000023
177428441.0688,2393927.0999999987,2300000.5000000023
177428443.0688,2393927.0999999987,2300000.5000000023
177428445.0688,2393927.0999999987,2300000.5000000023
177428447.0688,2393927.0999999987,2300000.5000000023
177428449.0688,2393927.0999999987,2300000.5000000023
177428451.0688,2393927.0999999987,2300000.5000000023
177428453.0688,2393927.0999999987,2300000.5000000023
177428455.0688,2393927.0999999987,2300000.5000000023
177428457.0688,2393927.0999999987,2300000.5000000023
177428459.0688,2393927.0999999987,2300000.5000000023
177428461.0688,2393927.0999999987,2300000.5000000023
177428463.0688,2393927.0999999987,2300000.5000000023
177428465.0688,2393927.0999999987,2300000.5000000023
177428467.0688,2393927.0999999987,2300000.5000000023
177428469.0688,2393927.0999999987,2300000.5000000023
177428471.0688,2393926.9999999986,2300000.5000000023
177428473.0688,2393926.9999999986,2300000.5000000023
177428475.0688,2393926.9999999986,2300000.5000000023
177428477.0688,2393926.9999999986,2300000.5000000023
177428479.0688,2393926.9999999986,2300000.5000000023
177428481.0688,2393926.9999999986,2300000.5000000023
177428483.0688,2393927.0999999987,2300000.5000000023
177428485.0688,2393927.0999999987,2300000.5000000023
177428487.0688,2393927.0999999987,2300000.5000000023
177428489.0688,2393927.0999999987,2300000.5000000023
177428491.0688,2393927.0999999987,2300000.5000000023
177428493.0688,2393927.0999999987,2300000.5000000023
177428495.0688,2393927.299999999,2300000.5000000023
177428497.0688,2393927.499999999,2300000.5000000023
177428499.0688,2393927.499999999,2300000.5000000023
177428501.0688,2393927.499999999,2300000.5000000023
177428503.0688,2393927.499999999,2300000.5000000023
177428505.0688,2393927.399999999,2300000.5000000023
177428507.0688,2393927.399999999,2300000.5000000023
177428509.0688,2393927.399999999,2300000.5000000023
177428511.0688,2393927.399999999,2300000.5000000023
177428513.1688,2393927.399999999,2300000.5000000023
177428515.0688,2393927.399999999,2300000.5000000023
177428517.0688,2393927.399999999,2300000.5000000023
177428519.0688,2393927.399999999,2300000.5000000023
177428521.0688,2393927.399999999,2300000.5000000023
177428523.0688,2393927.299999999,2300000.5000000023
177428525.0688,2393927.399999999,2300000.4000000022
177428527.0688,2393927.399999999,2300000.4000000022
177428529.0688,2393927.399999999,2300000.4000000022
177428531.0688,2393927.399999999,2300000.4000000022
177428533.0688,2393927.399999999,2300000.4000000022
177428535.0688,2393927.399999999,2300000.4000000022
177428537.0688,2393927.399999999,2300000.4000000022
177428539.0688,2393927.499999999,2300000.4000000022
177428541.0688,2393927.499999999,2300000.4000000022
177428543.0688,2393927.499999999,2300000.4000000022
177428545.0688,2393927.499999999,2300000.4000000022
177428547.0688,2393927.499999999,2300000.4000000022
177428549.0688,2393927.499999999,2300000.4000000022
177428551.0688,2393927.499999999,2300000.4000000022
177428553.0688,2393927.499999999,2300000.4000000022
177428555.0688,2393927.6999999993,2300000.4000000022
177428557.0688,2393927.6999999993,2300000.4000000022
177428559.0688,2393927.6999999993,2300000.4000000022
177428561.0688,2393927.6999999993,2300000.4000000022
177428563.0688,2393927.6999999993,2300000.4000000022
177428565.0688,2393927.6999999993,2300000.4000000022
177428567.0688,2393927.6999999993,2300000.5000000023
177428569.0688,2393927.6999999993,2300000.5000000023
177428571.0688,2393927.6999999993,2300000.5000000023
177428573.0688,2393927.6999999993,2300000.5000000023
177428575.0688,2393927.599999999,2300000.5000000023
177428577.0688,2393927.599999999,2300000.5000000023
177428579.0688,2393927.599999999,2300000.5000000023
177428581.0688,2393927.599999999,2300000.5000000023
177428583.0688,2393927.599999999,2300000.5000000023
177428585.0688,2393927.599999999,2300000.5000000023
177428587.0688,2393927.599999999,2300000.5000000023
177428589.0688,2393927.6999999993,2300000.5000000023
177428591.0688,2393927.6999999993,2300000.5000000023
177428593.0688,2393927.6999999993,2300000.5000000023
177428595.0688,2393927.6999999993,2300000.5000000023
177428597.0688,2393927.6999999993,2300000.5000000023
177428599.0688,2393927.6999999993,2300000.5000000023
177428601.0688,2393927.6999999993,2300000.5000000023
177428603.0688,2393927.6999999993,2300000.5000000023
177428605.0688,2393927.6999999993,2300000.5000000023
177428607.0688,2393927.6999999993,2300000.5000000023
177428609.0688,2393927.6999999993,2300000.5000000023
177428611.0688,2393927.599999999,2300000.5000000023
177428613.0688,2393927.599999999,2300000.5000000023
177428615.0688,2393927.599999999,2300000.5000000023
177428617.0688,2393927.599999999,2300000.5000000023
177428619.0688,2393927.599999999,2300000.5000000023
177428621.0688,2393927.599999999,2300000.5000000023
177428623.0688,2393927.599999999,2300000.5000000023
177428625.0688,2393927.599999999,2300000.5000000023
177428627.0688,2393927.599999999,2300000.5000000023
177428629.0688,2393927.599999999,2300000.5000000023
177428631.0688,2393927.599999999,2300000.5000000023
177428633.0688,2393927.599999999,2300000.5000000023
177428635.0688,2393927.599999999,2300000.5000000023
177428637.0688,2393927.599999999,2300000.5000000023
177428639.0688,2393927.599999999,2300000.5000000023
177428641.0688,2393927.499999999,2300000.5000000023
177428643.0688,2393927.499999999,2300000.5000000023
177428645.0688,2393927.499999999,2300000.5000000023
177428647.0688,2393927.499999999,2300000.5000000023
177428649.0688,2393927.499999999,2300000.5000000023
177428651.0688,2393927.499999999,2300000.5000000023
177428653.0688,2393927.499999999,2300000.5000000023
177428655.0688,2393927.499999999,2300000.5000000023
177428657.0688,2393927.499999999,2300000.5000000023
177428659.0688,2393927.499999999,2300000.5000000023
177428661.0688,2393927.499999999,2300000.5000000023
177428663.0688,2393927.499999999,2300000.5000000023
177428665.0688,2393927.399999999,2300000.5000000023
177428667.0688,2393927.399999999,2300000.5000000023
177428669.0688,2393927.399999999,2300000.5000000023
177428671.0688,2393927.399999999,2300000.5000000023
177428673.0688,2393927.399999999,2300000.5000000023
177428675.0688,2393927.399999999,2300000.5000000023
177428677.0688,2393927.399999999,2300000.5000000023
177428679.0688,2393927.399999999,2300000.5000000023
177428681.0688,2393927.399999999,2300000.5000000023
177428683.0688,2393927.399999999,2300000.5000000023
177428685.0688,2393927.399999999,2300000.5000000023
177428687.0688,2393927.399999999,2300000.5000000023
177428689.0688,2393927.399999999,2300000.4000000022
177428691.0688,2393927.399999999,2300000.4000000022
177428693.0688,2393927.399999999,2300000.4000000022
177428695.0688,2393927.399999999,2300000.4000000022
177428697.0688,2393927.399999999,2300000.4000000022
177428699.0688,2393927.399999999,2300000.4000000022
177428701.0688,2393927.399999999,2300000.4000000022
177428703.0688,2393927.399999999,2300000.4000000022
177428705.0688,2393927.399999999,2300000.4000000022
177428707.0688,2393927.299999999,2300000.4000000022
177428709.0688,2393927.299999999,2300000.4000000022
177428711.0688,2393927.299999999,2300000.4000000022
177428713.0688,2393927.299999999,2300000.4000000022
177428715.0688,2393927.299999999,2300000.4000000022
177428717.0688,2393927.299999999,2300000.4000000022
177428719.0688,2393927.299999999,2300000.4000000022
177428721.0688,2393927.299999999,2300000.4000000022
177428723.0688,2393927.299999999,2300000.4000000022
177428725.0688,2393927.299999999,2300000.4000000022
177428727.0688,2393927.299999999,2300000.4000000022
177428729.0688,2393927.299999999,2300000.4000000022
177428731.0688,2393927.299999999,2300000.4000000022
177428733.0688,2393927.299999999,2300000.4000000022
177428735.0688,2393927.299999999,2300000.4000000022
177428737.0688,2393927.299999999,2300000.4000000022
177428739.0688,2393927.299999999,2300000.4000000022
177428741.0688,2393927.299999999,2300000.4000000022
177428742.9688,2393927.299999999,2300000.4000000022
177428744.9688,2393927.299999999,2300000.4000000022
177428746.9688,2393927.299999999,2300000.4000000022
177428748.9688,2393927.299999999,2300000.4000000022
177428750.9688,2393927.299999999,2300000.4000000022
177428752.9688,2393927.299999999,2300000.4000000022
177428754.9688,2393927.299999999,2300000.4000000022
177428756.9688,2393927.299999999,2300000.4000000022
177428758.9688,2393927.299999999,2300000.4000000022
177428760.9688,2393927.299999999,2300000.4000000022
177428762.9688,2393927.299999999,2300000.4000000022
177428764.9688,2393927.299999999,2300000.4000000022
177428766.9688,2393927.299999999,2300000.4000000022
177428768.9688,2393927.299999999,2300000.4000000022
177428770.9688,2393927.299999999,2300000.4000000022
177428772.9688,2393927.299999999,2300000.4000000022
177428774.9688,2393927.299999999,2300000.4000000022
177428776.9688,2393927.299999999,2300000.4000000022
177428778.9688,2393927.299999999,2300000.4000000022
177428780.9688,2393927.299999999,2300000.4000000022
177428782.9688,2393927.299999999,2300000.4000000022
177428784.9688,2393927.299999999,2300000.4000000022
177428786.9688,2393927.299999999,2300000.4000000022
177428788.9688,2393927.299999999,2300000.4000000022
177428790.9688,2393927.299999999,2300000.5000000023
177428792.9688,2393927.299999999,2300000.5000000023
177428794.9688,2393927.299999999,2300000.5000000023
177428796.9688,2393927.299999999,2300000.5000000023
177428798.9688,2393927.299999999,2300000.5000000023
177428800.9688,2393927.299999999,2300000.5000000023
177428802.9688,2393927.299999999,2300000.5000000023
177428804.9688,2393927.299999999,2300000.5000000023
177428806.9688,2393927.199999999,2300000.5000000023
177428808.9688,2393927.199999999,2300000.5000000023
177428810.9688,2393927.199999999,2300000.5000000023
177428812.9688,2393927.199999999,2300000.5000000023
177428814.9688,2393927.199999999,2300000.5000000023
177428816.9688,2393927.199999999,2300000.5000000023
177428818.9688,2393927.199999999,2300000.5000000023
177428820.9688,2393927.199999999,2300000.5000000023
177428822.9688,2393927.299999999,2300000.5000000023
177428824.9688,2393927.299999999,2300000.5000000023
177428826.9688,2393927.299999999,2300000.5000000023
177428828.9688,2393927.299999999,2300000.5000000023
177428830.9688,2393927.299999999,2300000.5000000023
177428832.9688,2393927.299999999,2300000.5000000023
177428834.9688,2393927.299999999,2300000.5000000023
177428836.9688,2393927.199999999,2300000.5000000023
177428838.9688,2393927.199999999,2300000.5000000023
177428840.9688,2393927.199999999,2300000.5000000023
177428842.9688,2393927.199999999,2300000.5000000023
177428844.9688,2393927.199999999,2300000.5000000023
177428846.9688,2393927.199999999,2300000.5000000023
177428848.9688,2393927.199999999,2300000.5000000023
177428850.9688,2393927.199999999,2300000.5000000023
177428852.9688,2393927.199999999,2300000.5000000023
177428854.9688,2393927.199999999,2300000.5000000023
177428856.9688,2393927.199999999,2300000.5000000023
177428858.9688,2393927.199999999,2300000.5000000023
177428860.9688,2393927.199999999,2300000.5000000023
177428862.9688,2393927.199999999,2300000.5000000023
177428864.9688,2393927.199999999,2300000.5000000023
177428866.9688,2393927.0999999987,2300000.5000000023
177428868.9688,2393927.0999999987,2300000.5000000023
177428870.9688,2393927.0999999987,2300000.5000000023
177428872.9688,2393927.0999999987,2300000.5000000023
177428874.9688,2393927.0999999987,2300000.5000000023
177428876.9688,2393927.0999999987,2300000.5000000023
177428878.9688,2393927.0999999987,2300000.5000000023
177428880.9688,2393927.0999999987,2300000.5000000023
177428882.9688,2393927.0999999987,2300000.5000000023
177428884.9688,2393927.0999999987,2300000.5000000023
177428886.9688,2393927.0999999987,2300000.5000000023
177428888.9688,2393926.9999999986,2300000.5000000023
177428890.9688,2393926.9999999986,2300000.5000000023
177428892.9688,2393926.9999999986,2300000.5000000023
177428894.9688,2393926.9999999986,2300000.5000000023
177428896.9688,2393926.9999999986,2300000.5000000023
177428898.9688,2393926.9999999986,2300000.5000000023
177428900.9688,2393926.9999999986,2300000.5000000023
177428902.9688,2393926.9999999986,2300000.5000000023
177428904.9688,2393926.9999999986,2300000.5000000023
177428906.9688,2393926.9999999986,2300000.5000000023
177428908.9688,2393926.9999999986,2300000.5000000023
177428910.9688,2393926.9999999986,2300000.5000000023
177428912.9688,2393926.9999999986,2300000.5000000023
177428914.9688,2393926.9999999986,2300000.5000000023
177428916.9688,2393926.9999999986,2300000.5000000023
177428918.9688,2393926.9999999986,2300000.5000000023
177428920.9688,2393926.9999999986,2300000.5000000023
177428922.9688,2393926.9999999986,2300000.5000000023
177428924.9688,2393926.9999999986,2300000.5000000023
177428926.9688,2393926.9999999986,2300000.5000000023
177428928.9688,2393926.9999999986,2300000.5000000023
177428930.9688,2393926.9999999986,2300000.5000000023
177428932.9688,2393926.9999999986,2300000.5000000023
177428934.9688,2393926.8999999985,2300000.5000000023
177428936.9688,2393926.8999999985,2300000.5000000023
177428938.9688,2393926.8999999985,2300000.5000000023
177428940.9688,2393926.8999999985,2300000.5000000023
177428942.9688,2393926.8999999985,2300000.5000000023
177428944.9688,2393926.8999999985,2300000.5000000023
177428946.9688,2393926.8999999985,2304696.800000002
177428948.9688,2393926.8999999985,2304696.800000002
177428950.9688,2393926.7999999984,2300000.5000000023
177428952.9688,2393926.7999999984,2300000.5000000023
177428954.9688,2393926.7999999984,2300000.5000000023
177428956.9688,2393926.7999999984,2300000.5000000023
177428958.9688,2393926.7999999984,2300000.5000000023
177428960.9688,2393926.7999999984,2300000.5000000023
177428962.9688,2393926.7999999984,2300000.5000000023
177428964.9688,2393926.7999999984,2300000.5000000023
177428966.9688,2393926.7999999984,2300000.5000000023
177428968.9688,2393926.7999999984,2300000.5000000023
177428970.9688,2393926.7999999984,2300000.5000000023
177428972.9688,2393926.7999999984,2300000.5000000023
177428974.9688,2393926.7999999984,2300000.5000000023
177428976.9688,2393926.7999999984,2300000.5000000023
177428978.9688,2393926.7999999984,2300000.5000000023
177428980.9688,2393926.7999999984,2300000.5000000023
177428982.9688,2393926.7999999984,2300000.5000000023
177428984.9688,2393927.1999999983,2300000.5000000023
177428986.9688,2393927.1999999983,2300000.5000000023
177428988.9688,2393927.1999999983,2300000.5000000023
177428990.9688,2393927.6999999983,2304696.800000002
177428992.9688,2393927.6999999983,2304696.800000002
177428994.9688,2393927.6999999983,2304696.800000002
177428996.9688,2393927.6999999983,2304696.800000002
177428998.9688,2393927.6999999983,2304696.800000002
177429000.9688,2393927.6999999983,2304696.800000002
177429002.9688,2393927.6999999983,2304696.800000002
177429004.9688,2393927.6999999983,2304696.800000002
177429006.9688,2393927.6999999983,2304696.800000002
177429008.9688,2393927.6999999983,2300000.5000000023
177429010.9688,2393927.6999999983,2300000.5000000023
177429012.9688,2415966.599999998,2300000.5000000023
177429014.9688,2415966.599999998,2300000.5000000023
177429016.9688,2415966.599999998,2300000.5000000023
177429018.9688,2415966.599999998,2300000.5000000023
177429020.9688,2415966.599999998,2300000.5000000023
177429022.9688,2415966.499999998,2300000.5000000023
177429024.9688,2415966.499999998,2300000.5000000023
177429026.9688,2415966.499999998,2300000.5000000023
177429028.9688,2415966.499999998,2300000.5000000023
177429030.9688,2415966.499999998,2300000.5000000023
177429032.9688,2415966.499999998,2300000.5000000023
177429034.9688,2415966.499999998,2300000.5000000023
177429036.9688,2415966.499999998,2300000.5000000023
177429038.9688,2415966.399999998,2300000.5000000023
177429040.9688,2415966.299999998,2300000.5000000023
177429042.9688,2415966.299999998,2300000.5000000023
177429044.9688,2415966.299999998,2300000.5000000023
177429046.9688,2415966.299999998,2300000.5000000023
177429048.9688,2415966.299999998,2300000.5000000023
177429050.9688,2415966.299999998,2300000.5000000023
177429052.9688,2415966.299999998,2300000.5000000023
177429054.9688,2415966.299999998,2300000.5000000023
177429056.9688,2415966.199999998,2300000.5000000023
177429058.9688,2415966.0999999978,2300000.5000000023
177429060.9688,2415966.0999999978,2300000.5000000023
177429062.9688,2415966.0999999978,2300000.5000000023
177429065.0688,2415966.0999999978,2300000.5000000023
177429066.9688,2415966.0999999978,2300000.5000000023
177429068.9688,2415966.0999999978,2300000.5000000023
177429070.9688,2415966.0999999978,2300000.5000000023
177429072.9688,2415966.0999999978,2300000.5000000023
177429074.9688,2415966.0999999978,2300000.5000000023
177429076.9688,2415966.0999999978,2300000.5000000023
177429078.9688,2415966.0999999978,2300000.5000000023
177429080.9688,2415966.0999999978,2300000.5000000023
177429082.9688,2415966.0999999978,2300000.5000000023
177429084.9688,2415966.0999999978,2300000.5000000023
177429086.9688,2415965.9999999977,2300000.5000000023
177429088.9688,2415965.9999999977,2300000.5000000023
177429090.9688,2415965.9999999977,2300000.5000000023
177429092.9688,2415965.9999999977,2300000.5000000023
177429094.9688,2415965.9999999977,2300000.5000000023
177429096.9688,2415965.9999999977,2300000.5000000023
177429098.9688,2415965.9999999977,2300000.5000000023
177429100.9688,2415965.8999999976,2300000.5000000023
177429102.9688,2415965.8999999976,2300000.5000000023
177429104.9688,2415965.8999999976,2300000.5000000023
177429106.9688,2415965.8999999976,2300000.5000000023
177429108.9688,2415965.8999999976,2300000.5000000023
177429110.9688,2415965.8999999976,2300000.5000000023
177429112.9688,2415965.8999999976,2300000.5000000023
177429114.9688,2415965.8999999976,2300000.5000000023
177429116.9688,2415965.8999999976,2300000.4000000022
177429118.9688,2415965.8999999976,2300000.4000000022
177429120.9688,2415965.7999999975,2300000.4000000022
177429122.9688,2415965.7999999975,2300000.4000000022
177429124.9688,2415965.6999999974,2300000.4000000022
177429126.9688,2415965.6999999974,2300000.4000000022
177429128.9688,2415965.5999999973,2300000.4000000022
177429130.9688,2415965.499999997,2300000.4000000022
177429132.9688,2415965.399999997,2300000.4000000022
177429134.9688,2415965.399999997,2300000.4000000022
177429136.9688,2415965.399999997,2300000.4000000022
177429138.9688,2415965.299999997,2300000.4000000022
177429140.9688,2404368.799999997,2300000.4000000022
177429142.9688,2404368.799999997,2300000.4000000022
177429144.9688,2404368.799999997,2300000.4000000022
177429146.9688,2404368.699999997,2300000.4000000022
177429148.9688,2404368.699999997,2300000.4000000022
177429150.9688,2404368.699999997,2300000.4000000022
177429152.9688,2404368.599999997,2300000.4000000022
177429154.9688,2404368.599999997,2300000.4000000022
177429156.9688,2404368.4999999967,2300000.4000000022
177429158.9688,2404368.4999999967,2300000.4000000022
177429160.9688,2404368.4999999967,2300000.4000000022
177429162.9688,2404367.9999999967,2300000.4000000022
177429164.9688,2404367.8999999966,2300000.4000000022
177429166.9688,2404367.8999999966,2300000.5000000023
177429168.9688,2404367.8999999966,2300000.4000000022
177429170.9688,2404367.8999999966,2300000.4000000022
177429172.9688,2404367.8999999966,2300000.4000000022
177429174.9688,2404367.8999999966,2300000.4000000022
177429176.9688,2404367.8999999966,2300000.4000000022
177429178.9688,2404367.8999999966,2300000.4000000022
177429180.9688,2404367.8999999966,2300000.4000000022
177429182.9688,2404367.7999999966,2300000.4000000022
177429184.9688,2404367.6999999965,2300000.4000000022
177429186.9688,2404367.6999999965,2300000.4000000022
177429188.9688,2404366.9999999963,2300000.4000000022
177429190.9688,2404366.799999996,2300000.4000000022
177429192.9688,2404366.799999996,2300000.4000000022
177429194.9688,2404366.799999996,2300000.5000000023
177429196.9688,2404366.699999996,2300000.5000000023
177429198.9688,2404366.599999996,2300000.5000000023
177429200.9688,2404366.599999996,2300000.5000000023
177429202.9688,2404366.599999996,2300000.5000000023
177429204.9688,2404366.599999996,2300000.5000000023
177429206.9688,2404366.599999996,2300000.5000000023
177429208.9688,2404366.499999996,2300000.5000000023
177429210.9688,2404366.499999996,2300000.7000000025
177429212.9688,2404366.499999996,2300000.6000000024
177429214.9688,2404366.499999996,2300000.6000000024
177429216.9688,2404366.499999996,2300000.6000000024
177429218.9688,2404366.499999996,2300000.6000000024
177429220.9688,2404366.499999996,2300000.6000000024
177429222.9688,2404366.499999996,2300000.6000000024
177429224.9688,2404366.499999996,2300000.6000000024
177429226.9688,2404366.499999996,2300000.7000000025
177429228.9688,2404366.499999996,2300000.7000000025
177429230.9688,2404366.499999996,2300000.7000000025
177429232.9688,2404366.499999996,2300000.7000000025
177429234.9688,2404366.499999996,2300000.7000000025
177429236.9688,2404366.499999996,2300000.7000000025
177429238.9688,2404366.3999999957,2300000.7000000025
177429240.9688,2404366.3999999957,2300000.7000000025
177429242.9688,2404366.3999999957,2300000.7000000025
177429244.9688,2404366.3999999957,2300000.7000000025
177429246.9688,2404366.3999999957,2300000.7000000025
177429248.9688,2404366.3999999957,2300000.7000000025
177429250.9688,2404366.3999999957,2300000.7000000025
177429252.9688,2404366.3999999957,2300000.7000000025
177429254.9688,2404366.3999999957,2300000.7000000025
177429256.9688,2404366.3999999957,2300000.7000000025
177429258.9688,2404366.3999999957,2300000.7000000025
177429260.9688,2404366.3999999957,2300000.7000000025
177429262.9688,2404366.3999999957,2300000.7000000025
177429264.9688,2404366.3999999957,2300000.7000000025
177429266.9688,2404366.3999999957,2300000.7000000025
177429268.9688,2404366.2999999956,2300000.7000000025
177429270.9688,2404366.2999999956,2300000.8000000026
177429272.9688,2404366.2999999956,2300000.8000000026
177429274.9688,2404366.2999999956,2300000.8000000026
177429276.9688,2404366.2999999956,2300000.8000000026
177429278.9688,2404366.2999999956,2300000.8000000026
177429280.9688,2404366.2999999956,2300000.8000000026
177429282.9688,2404366.2999999956,2300000.8000000026
177429284.9688,2404366.2999999956,2300000.8000000026
177429286.9688,2404366.2999999956,2300000.8000000026
177429288.9688,2404366.3999999957,2300000.8000000026
177429290.9688,2404366.2999999956,2300000.8000000026
177429292.9688,2404366.2999999956,2300000.8000000026
177429294.9688,2404366.2999999956,2300000.8000000026
177429296.9688,2404366.1999999955,2300000.8000000026
177429298.9688,2404365.9999999953,2300000.8000000026
177429300.9688,2404365.9999999953,2300000.8000000026
177429302.9688,2404365.9999999953,2300000.8000000026
177429304.9688,2404365.9999999953,2300000.8000000026
177429306.9688,2404365.9999999953,2300000.8000000026
177429308.9688,2404365.9999999953,2300000.8000000026
177429310.9688,2404365.9999999953,2300000.8000000026
177429312.9688,2404365.9999999953,2300000.8000000026
177429314.9688,2404365.9999999953,2300000.8000000026
177429316.9688,2404365.8999999953,2300000.8000000026
177429318.9688,2404365.799999995,2300000.8000000026
177429320.9688,2404365.799999995,2300000.8000000026
177429322.9688,2404365.799999995,2300000.8000000026
177429324.9688,2404365.799999995,2300000.8000000026
177429326.9688,2404365.799999995,2300000.8000000026
177429328.9688,2404365.799999995,2300000.8000000026
177429330.9688,2404365.799999995,2300000.8000000026
177429332.9688,2404365.799999995,2300000.8000000026
177429334.9688,2404365.799999995,2300000.8000000026
177429336.9688,2404365.799999995,2300000.8000000026
177429338.9688,2404365.799999995,2300000.8000000026
177429340.9688,2404365.799999995,2300000.8000000026
177429342.9688,2404365.799999995,2300000.8000000026
177429344.9688,2404365.799999995,2300000.8000000026
177429346.9688,2404365.799999995,2300000.8000000026
177429348.9688,2404365.799999995,2300000.8000000026
177429350.9688,2404365.799999995,2300000.8000000026
177429352.9688,2404365.799999995,2300000.8000000026
177429354.9688,2404365.799999995,2300000.8000000026
177429356.9688,2404365.799999995,2300000.8000000026
177429358.9688,2404365.799999995,2300000.8000000026
177429360.9688,2404365.799999995,2300000.8000000026
177429362.9688,2404365.799999995,2300000.8000000026
177429364.9688,2404365.799999995,2300000.8000000026
177429366.9688,2404366.8999999953,2300000.8000000026
177429368.9688,2404366.8999999953,2300000.8000000026
177429370.9688,2404366.8999999953,2300000.8000000026
177429372.9688,2404366.8999999953,2300000.8000000026
177429374.9688,2404366.8999999953,2300000.8000000026
177429376.9688,2404366.8999999953,2300000.8000000026
177429378.9688,2404366.8999999953,2300000.9000000027
177429380.9688,2404366.8999999953,2300000.9000000027
177429382.9688,2404366.8999999953,2300000.9000000027
177429384.9688,2404366.8999999953,2300001.000000003
177429386.9688,2404366.8999999953,2300001.000000003
177429388.9688,2404366.8999999953,2300001.000000003
177429390.9688,2404366.8999999953,2300001.100000003
177429392.9688,2404366.8999999953,2300001.100000003
177429394.9688,2404366.8999999953,2300001.100000003
177429396.9688,2404366.8999999953,2300001.000000003
177429398.9688,2404368.4999999953,2300001.000000003
177429400.9688,2404368.4999999953,2300000.9000000027
177429402.9688,2404368.3999999953,2300000.9000000027
177429404.9688,2404368.299999995,2300000.9000000027
177429406.9688,2404368.299999995,2300000.9000000027
177429408.9688,2404368.299999995,2300000.9000000027
177429410.9688,2404368.299999995,2300000.9000000027
177429412.9688,2404368.199999995,2300000.9000000027
177429414.9688,2404368.199999995,2300000.9000000027
177429416.9688,2404368.199999995,2300000.9000000027
177429418.9688,2404368.199999995,2300000.9000000027
177429420.9688,2404368.199999995,2300000.9000000027
177429422.9688,2404368.199999995,2300000.9000000027
177429424.9688,2404368.199999995,2300000.9000000027
177429426.9688,2404368.199999995,2300000.9000000027
177429428.9688,2404368.199999995,2300000.9000000027
177429430.9688,2404368.199999995,2300000.9000000027
177429432.9688,2404368.199999995,2300000.9000000027
177429434.9688,2404368.099999995,2300000.9000000027
177429436.9688,2404368.099999995,2300000.9000000027
177429438.9688,2404368.099999995,2300000.9000000027
177429440.9688,2404368.099999995,2300000.9000000027
177429442.9688,2404368.099999995,2300000.9000000027
177429444.9688,2404368.099999995,2300000.9000000027
177429446.9688,2404368.099999995,2300000.9000000027
177429448.9688,2404368.099999995,2300000.9000000027
177429450.9688,2404368.099999995,2300000.9000000027
177429452.9688,2404368.099999995,2300000.9000000027
177429454.9688,2404368.099999995,2300000.9000000027
177429456.9688,2404367.999999995,2300000.9000000027
177429458.9688,2404367.999999995,2300000.9000000027
177429460.9688,2393931.2999999947,2300000.9000000027
177429462.9688,2393931.2999999947,2300001.000000003
177429464.9688,2393931.2999999947,2300001.000000003
177429466.9688,2393931.2999999947,2300001.000000003
177429468.9688,2393931.2999999947,2300001.000000003
177429470.9688,2393931.2999999947,2300001.000000003
177429472.9688,2393931.2999999947,2300001.000000003
177429474.9688,2393931.1999999946,2300001.000000003
177429476.9688,2393931.2999999947,2300001.000000003
177429478.9688,2393931.2999999947,2300001.000000003
177429480.9688,2393931.2999999947,2300001.100000003
177429482.9688,2393931.2999999947,2300001.100000003
177429484.9688,2393931.2999999947,2300001.100000003
177429486.9688,2393931.2999999947,2300001.100000003
177429488.9688,2393931.2999999947,2300001.100000003
177429490.9688,2393931.2999999947,2300001.100000003
177429492.9688,2393931.2999999947,2300001.100000003
177429494.9688,2393931.2999999947,2300001.100000003
177429496.9688,2393931.2999999947,2300001.100000003
177429498.9688,2393931.2999999947,2300001.100000003
177429500.9688,2393931.2999999947,2300001.100000003
177429502.9688,2393931.2999999947,2300001.100000003
177429504.9688,2393931.2999999947,2300001.100000003
177429506.9688,2393931.1999999946,2300001.100000003
177429508.9688,2393931.2999999947,2300001.100000003
177429510.9688,2393931.2999999947,2300001.100000003
177429512.9688,2393931.2999999947,2300001.100000003
177429514.9688,2393931.2999999947,2300001.100000003
177429516.9688,2393931.2999999947,2300001.100000003
177429518.9688,2393931.2999999947,2300001.100000003
177429520.9688,2393931.2999999947,2300001.100000003
177429522.9688,2393931.2999999947,2300001.100000003
177429524.9688,2393931.1999999946,2300001.100000003
177429526.9688,2393931.1999999946,2300001.100000003
177429528.9688,2393931.2999999947,2300001.100000003
177429530.9688,2393931.2999999947,2300001.100000003
177429532.9688,2393931.2999999947,2300001.200000003
177429534.9688,2393931.2999999947,2300001.200000003
177429536.9688,2393931.1999999946,2300001.200000003
177429538.9688,2393931.1999999946,2300001.200000003
177429540.9688,2393931.1999999946,2300001.200000003
177429542.9688,2393931.1999999946,2300001.200000003
177429544.9688,2393931.1999999946,2300001.200000003
177429546.9688,2393931.1999999946,2300001.200000003
177429548.9688,2393931.1999999946,2300001.200000003
177429550.9688,2393931.1999999946,2300001.200000003
177429552.9688,2393931.0999999945,2300001.200000003
177429554.9688,2393931.0999999945,2300001.200000003
177429556.9688,2393931.0999999945,2300001.200000003
177429558.9688,2393931.0999999945,2300001.200000003
177429560.9688,2393931.0999999945,2300001.200000003
177429562.9688,2393931.0999999945,2300001.300000003
177429564.9688,2393931.0999999945,2300001.300000003
177429566.9688,2393931.1999999946,2300001.200000003
177429568.9688,2393931.1999999946,2300001.200000003
177429570.9688,2393931.1999999946,2300001.200000003
177429572.9688,2393931.1999999946,2300001.200000003
177429574.9688,2393931.1999999946,2300001.200000003
177429576.9688,2393931.1999999946,2300001.300000003
177429578.9688,2393931.1999999946,2300001.300000003
177429580.9688,2393931.1999999946,2300001.300000003
177429582.9688,2393931.1999999946,2300001.300000003
177429584.9688,2393931.1999999946,2300001.300000003
177429586.9688,2393931.1999999946,2300001.300000003
177429588.9688,2393931.1999999946,2300001.300000003
177429590.9688,2393931.1999999946,2300001.300000003
177429592.9688,2393931.1999999946,2300001.300000003
177429594.9688,2393931.1999999946,2300001.300000003
177429596.9688,2393931.1999999946,2300001.300000003
177429598.9688,2393931.1999999946,2300001.300000003
177429600.9688,2393931.1999999946,2300001.300000003
177429602.9688,2393931.1999999946,2300001.300000003
177429604.9688,2393931.1999999946,2300001.300000003
177429606.9688,2393931.1999999946,2300001.300000003
177429608.9688,2393931.1999999946,2300001.300000003
177429610.9688,2393931.1999999946,2300001.300000003
177429612.9688,2393931.1999999946,2300001.300000003
177429614.9688,2393931.1999999946,2300001.300000003
177429616.9688,2393931.1999999946,2300001.200000003
177429618.9688,2393931.1999999946,2300001.200000003
177429620.9688,2393931.1999999946,2300001.200000003
177429622.9688,2393931.1999999946,2300001.200000003
177429624.9688,2393931.1999999946,2300001.200000003
177429626.9688,2393931.1999999946,2300001.200000003
177429628.9688,2393931.1999999946,2300001.200000003
177429630.9688,2393931.1999999946,2300001.200000003
177429632.9688,2393931.1999999946,2300001.200000003
177429634.9688,2393931.1999999946,2300001.200000003
177429636.9688,2393931.1999999946,2300001.200000003
177429638.9688,2393931.0999999945,2300001.200000003
177429640.9688,2393931.0999999945,2300001.200000003
177429642.9688,2393931.0999999945,2300001.200000003
177429644.9688,2393931.0999999945,2300001.200000003
177429646.9688,2393931.0999999945,2300001.200000003
177429648.9688,2393931.0999999945,2300001.200000003
177429650.9688,2393931.0999999945,2300001.200000003
177429652.9688,2393931.0999999945,2300001.200000003
177429654.9688,2393931.0999999945,2300001.200000003
177429656.9688,2393931.0999999945,2300001.200000003
177429658.9688,2393931.0999999945,2300001.200000003
177429660.9688,2393931.0999999945,2300001.200000003
177429662.9688,2393931.0999999945,2300001.200000003
177429664.9688,2393931.0999999945,2300001.200000003
177429666.9688,2393931.0999999945,2300001.300000003
177429668.9688,2393931.0999999945,2300001.300000003
177429670.9688,2393931.0999999945,2300001.300000003
177429672.9688,2393931.0999999945,2300001.300000003
177429674.9688,2393931.0999999945,2300001.300000003
177429676.9688,2393931.0999999945,2300001.300000003
177429678.9688,2393931.0999999945,2300001.300000003
177429680.9688,2393931.0999999945,2300001.300000003
177429682.9688,2393931.0999999945,2300001.400000003
177429684.9688,2393931.0999999945,2300001.400000003
177429686.9688,2393931.1999999946,2300001.400000003
177429688.9688,2393931.0999999945,2300001.400000003
177429690.9688,2393931.0999999945,2300001.400000003
177429692.9688,2393931.0999999945,2300001.400000003
177429694.9688,2393931.0999999945,2300001.5000000033
177429696.9688,2393931.0999999945,2300001.5000000033
177429698.9688,2393931.0999999945,2300001.5000000033
177429700.9688,2393930.9999999944,2300001.5000000033
177429702.9688,2393930.9999999944,2300001.5000000033
177429704.9688,2393930.9999999944,2300001.5000000033
177429706.9688,2393930.9999999944,2300001.400000003
177429708.9688,2393930.9999999944,2300001.400000003
177429710.9688,2393930.9999999944,2300001.400000003
177429712.9688,2393930.9999999944,2300001.400000003
177429714.9688,2393930.9999999944,2300001.400000003
177429716.9688,2393930.8999999943,2300001.400000003
177429718.9688,2393930.8999999943,2300001.400000003
177429720.9688,2393930.8999999943,2300001.400000003
177429722.9688,2393930.8999999943,2300001.400000003
177429724.9688,2393930.8999999943,2300001.400000003
177429726.9688,2393930.799999994,2300001.400000003
177429728.9688,2393930.799999994,2300001.400000003
177429730.9688,2393930.799999994,2300001.400000003
177429732.9688,2393930.799999994,2300001.400000003
177429734.9688,2393930.799999994,2300001.400000003
177429736.9688,2393930.799999994,2300001.400000003
177429738.9688,2393930.799999994,2300001.400000003
177429740.9688,2393930.799999994,2300001.400000003
177429742.9688,2393930.799999994,2300001.400000003
177429744.9688,2393930.799999994,2300001.5000000033
177429746.9688,2393930.799999994,2300001.5000000033
177429748.9688,2393930.799999994,2300001.5000000033
177429750.9688,2393930.799999994,2300001.5000000033
177429752.9688,2393930.799999994,2300001.5000000033
177429754.9688,2393930.799999994,2300001.5000000033
177429756.9688,2393930.799999994,2300001.5000000033
177429758.9688,2393930.799999994,2300001.5000000033
177429760.9688,2393930.799999994,2300001.5000000033
177429762.9688,2393930.799999994,2300001.5000000033
177429764.9688,2393930.799999994,2300001.5000000033
177429766.9688,2393930.699999994,2300001.5000000033
177429768.9688,2393930.699999994,2300001.5000000033
177429770.9688,2393930.699999994,2300001.5000000033
177429772.9688,2393930.699999994,2300001.5000000033
177429774.9688,2393930.599999994,2300001.5000000033
177429776.9688,2393930.599999994,2300001.5000000033
177429778.9688,2393930.599999994,2300001.5000000033
177429780.9688,2393930.599999994,2300001.5000000033
177429782.9688,2393930.599999994,2300001.5000000033
177429784.9688,2393930.499999994,2300001.5000000033
177429786.9688,2393930.499999994,2300001.5000000033
177429788.9688,2393930.499999994,2300001.5000000033
177429790.9688,2393930.499999994,2300001.5000000033
177429792.9688,2393930.499999994,2300001.5000000033
177429794.9688,2393930.499999994,2300001.5000000033
177429796.9688,2393930.499999994,2300001.5000000033
177429798.9688,2393930.499999994,2300001.5000000033
177429800.9688,2393930.499999994,2300001.5000000033
177429802.9688,2393930.499999994,2300001.5000000033
177429804.9688,2393930.499999994,2300001.5000000033
177429806.9688,2393930.499999994,2300001.5000000033
177429808.9688,2393930.499999994,2300001.5000000033
177429810.9688,2393930.499999994,2300001.5000000033
177429812.9688,2393930.499999994,2300001.5000000033
177429814.9688,2393930.499999994,2300001.5000000033
177429816.9688,2393930.499999994,2300001.5000000033
177429818.9688,2393930.499999994,2300001.5000000033
177429820.9688,2393930.499999994,2300001.5000000033
177429822.9688,2393930.499999994,2300001.6000000034
177429824.9688,2393930.499999994,2300001.6000000034
177429826.9688,2393930.2999999938,2300001.6000000034
177429828.9688,2393930.2999999938,2300001.6000000034
177429830.9688,2393930.2999999938,2300001.6000000034
177429832.9688,2393930.2999999938,2300001.6000000034
177429834.9688,2393930.1999999937,2300001.6000000034
177429836.9688,2393930.1999999937,2300001.6000000034
177429838.9688,2393930.1999999937,2300001.6000000034
177429840.9688,2393930.1999999937,2300001.6000000034
177429842.9688,2393930.1999999937,2300001.6000000034
177429844.9688,2393930.1999999937,2300001.6000000034
177429846.9688,2393930.1999999937,2300001.7000000034
177429848.9688,2393930.0999999936,2300001.7000000034
177429850.9688,2393930.0999999936,2300001.7000000034
177429852.9688,2393930.0999999936,2300001.7000000034
177429854.9688,2393930.0999999936,2300001.7000000034
177429856.9688,2393929.9999999935,2300001.7000000034
177429858.9688,2393929.9999999935,2300001.7000000034
177429860.9688,2393929.9999999935,2300001.7000000034
177429862.9688,2393929.9999999935,2300001.7000000034
177429864.9688,2393929.9999999935,2300001.7000000034
177429866.9688,2393929.9999999935,2300001.7000000034
177429868.9688,2393929.9999999935,2300001.8000000035
177429870.9688,2393929.9999999935,2300001.8000000035
177429872.9688,2393930.2999999933,2300001.8000000035
177429874.9688,2393930.199999993,2300001.8000000035
177429876.9688,2393930.099999993,2300001.8000000035
177429878.9688,2393929.999999993,2300001.7000000034
177429880.9688,2393929.999999993,2300001.7000000034
177429882.9688,2393930.099999993,2300001.7000000034
177429884.9688,2393930.099999993,2300001.7000000034
177429886.9688,2393930.099999993,2300001.7000000034
177429888.9688,2393930.099999993,2300001.7000000034
177429890.9688,2393930.199999993,2300001.7000000034
177429892.9688,2393930.199999993,2300001.7000000034
177429894.9688,2393930.199999993,2300001.7000000034
177429896.9688,2393930.199999993,2300001.7000000034
177429898.9688,2393930.199999993,2300001.7000000034
177429900.9688,2393930.099999993,2300001.7000000034
177429902.9688,2393930.099999993,2300001.7000000034
177429904.9688,2393930.099999993,2300001.7000000034
177429906.9688,2393930.099999993,2300001.7000000034
177429908.9688,2393930.099999993,2300001.7000000034
177429910.9688,2393930.099999993,2300001.7000000034
177429912.9688,2393930.099999993,2300001.7000000034
177429914.9688,2393930.099999993,2300001.7000000034
177429916.9688,2393930.099999993,2300001.7000000034
177429918.9688,2393930.099999993,2300001.7000000034
177429920.9688,2393930.099999993,2300001.7000000034
177429922.9688,2393930.099999993,2300001.7000000034
177429924.9688,2393930.099999993,2300001.7000000034
177429926.9688,2393930.099999993,2300001.7000000034
177429928.9688,2393930.099999993,2300001.7000000034
177429930.9688,2393930.099999993,2300001.7000000034
177429932.9688,2393930.099999993,2300001.7000000034
177429934.9688,2393930.099999993,2300001.7000000034
177429936.9688,2393930.099999993,2300001.7000000034
177429938.9688,2393930.099999993,2300001.7000000034
177429940.9688,2393930.099999993,2300001.7000000034
177429942.9688,2393930.099999993,2300001.7000000034
177429944.9688,2393930.099999993,2300001.7000000034
177429946.9688,2393930.099999993,2300001.7000000034
177429948.9688,2393930.099999993,2300001.7000000034
177429950.9688,2393930.099999993,2300001.7000000034
177429952.9688,2393930.099999993,2300001.7000000034
177429954.9688,2393930.099999993,2300001.7000000034
177429956.9688,2393930.099999993,2300001.8000000035
177429958.9688,2393930.099999993,2300001.8000000035
177429960.9688,2393930.099999993,2300001.8000000035
177429962.9688,2393930.099999993,2300001.8000000035
177429964.9688,2393930.099999993,2300001.8000000035
177429966.9688,2393930.099999993,2300001.8000000035
177429968.9688,2393930.099999993,2300001.8000000035
177429970.9688,2393929.999999993,2300001.8000000035
177429972.9688,2393929.999999993,2300001.8000000035
177429974.9688,2393929.999999993,2300001.8000000035
177429976.9688,2393929.999999993,2300001.8000000035
177429978.9688,2393929.999999993,2300001.8000000035
177429980.9688,2393929.999999993,2300001.8000000035
177429982.9688,2393929.899999993,2300001.8000000035
177429984.9688,2393929.899999993,2300001.8000000035
177429986.9688,2393929.799999993,2300001.8000000035
177429988.9688,2393929.799999993,2300001.8000000035
177429990.9688,2393929.799999993,2300001.8000000035
177429992.9688,2393929.799999993,2300001.8000000035
177429994.9688,2393929.799999993,2300001.8000000035
177429996.9688,2393929.799999993,2300001.8000000035
177429998.9688,2393929.799999993,2300001.8000000035
177430000.9688,2393929.799999993,2300001.8000000035
177430002.9688,2393929.6999999927,2300001.8000000035
177430004.9688,2393929.6999999927,2300001.8000000035
177430006.9688,2393929.6999999927,2300001.8000000035
177430008.9688,2393929.6999999927,2300001.8000000035
177430010.9688,2393929.6999999927,2300001.8000000035
177430012.9688,2393929.5999999926,2300001.8000000035
177430014.9688,2393929.4999999925,2300001.8000000035
177430016.9688,2393929.4999999925,2300001.8000000035
177430018.9688,2393929.4999999925,2300001.8000000035
177430020.9688,2393929.4999999925,2300001.8000000035
177430022.9688,2393929.4999999925,2300001.8000000035
177430024.9688,2393929.3999999925,2300001.8000000035
177430026.9688,2393929.3999999925,2300001.7000000034
177430028.9688,2393929.5999999926,2300001.7000000034
177430030.9688,2393929.5999999926,2300001.7000000034
177430032.9688,2393929.5999999926,2300001.7000000034
177430034.9688,2393929.5999999926,2300001.7000000034
177430036.9688,2393929.5999999926,2300001.7000000034
177430038.9688,2393929.5999999926,2300001.7000000034
177430040.9688,2393929.8999999925,2300001.7000000034
177430042.9688,2393929.8999999925,2300001.7000000034
177430044.9688,2393929.8999999925,2300001.7000000034
177430046.9688,2393929.8999999925,2300001.7000000034
177430048.9688,2393929.8999999925,2300001.7000000034
177430050.9688,2393929.8999999925,2300001.7000000034
177430052.9688,2393929.7999999924,2300001.7000000034
177430054.9688,2393929.7999999924,2300001.7000000034
177430056.9688,2393929.7999999924,2300001.7000000034
177430058.9688,2393929.7999999924,2300001.7000000034
177430060.9688,2393929.7999999924,2300001.7000000034
177430062.9688,2393929.7999999924,2300001.7000000034
177430064.9688,2393929.7999999924,2300001.7000000034
177430066.9688,2393929.7999999924,2300001.7000000034
177430068.9688,2393929.7999999924,2300001.7000000034
177430070.9688,2393929.7999999924,2300001.7000000034
177430072.9688,2393929.7999999924,2300001.7000000034
177430074.9688,2393929.7999999924,2300001.4000000036
177430076.9688,2393929.7999999924,2300001.4000000036
177430078.9688,2393929.7999999924,2300001.4000000036
177430080.9688,2393929.7999999924,2300001.4000000036
177430082.9688,2393929.7999999924,2300001.5000000037
177430084.9688,2393929.6999999923,2300001.5000000037
177430086.9688,2393929.6999999923,2300001.5000000037
177430088.9688,2393929.6999999923,2300001.5000000037
177430090.9688,2393929.6999999923,2300001.600000004
177430092.9688,2393929.6999999923,2300001.600000004
177430094.9688,2393929.6999999923,2300001.600000004
177430096.9688,2393929.6999999923,2300001.600000004
177430098.9688,2393929.6999999923,2300001.600000004
177430100.9688,2393929.6999999923,2300001.600000004
177430102.9688,2393929.6999999923,2300001.600000004
177430104.9688,2393929.599999992,2300001.600000004
177430106.9688,2393929.599999992,2300001.600000004
177430108.9688,2393929.599999992,2300001.600000004
177430110.9688,2393929.599999992,2300001.600000004
177430112.9688,2393929.599999992,2300001.600000004
177430114.9688,2393929.599999992,2300001.600000004
177430116.9688,2393929.599999992,2300001.600000004
177430118.9688,2393929.599999992,2300001.600000004
177430120.9688,2393929.499999992,2300001.600000004
177430122.9688,2393929.499999992,2300001.600000004
177430124.9688,2393929.499999992,2300001.600000004
177430126.9688,2393929.499999992,2300001.600000004
177430128.9688,2393929.499999992,2300001.600000004
177430130.9688,2393929.499999992,2300001.600000004
177430132.9688,2393929.499999992,2300001.600000004
177430134.9688,2393929.499999992,2300001.600000004
177430136.9688,2393929.399999992,2300001.600000004
177430138.9688,2393929.399999992,2300001.600000004
177430140.9688,2393929.399999992,2300001.5000000037
177430142.9688,2393929.399999992,2300001.5000000037
177430144.9688,2393929.399999992,2300001.5000000037
177430146.9688,2393929.499999992,2300001.5000000037
177430149.0688,2393929.499999992,2300001.5000000037
177430150.9688,2393929.499999992,2300001.5000000037
177430152.9688,2393929.599999992,2300001.5000000037
177430154.9688,2393929.599999992,2300001.5000000037
177430156.9688,2393929.599999992,2304697.9000000036
177430158.9688,2393929.599999992,2304697.9000000036
177430160.9688,2393929.599999992,2304697.9000000036
177430162.9688,2393929.599999992,2304697.9000000036
177430164.9688,2393929.599999992,2304697.9000000036
177430166.9688,2393929.599999992,2304697.9000000036
177430168.9688,2393929.599999992,2304697.9000000036
177430170.9688,2393929.899999992,2304697.9000000036
177430172.9688,2393929.899999992,2304697.9000000036
177430174.9688,2393929.799999992,2304697.9000000036
177430176.9688,2393929.799999992,2304697.9000000036
177430178.9688,2393929.799999992,2304697.9000000036
177430180.9688,2393929.799999992,2300001.5000000037
177430182.9688,2393929.799999992,2300001.600000004
177430184.9688,2393929.799999992,2300001.600000004
177430186.9688,2393929.899999992,2300001.600000004
177430188.9688,2393929.899999992,2300001.600000004
177430190.9688,2393929.899999992,2300001.600000004
177430192.9688,2393929.899999992,2300001.600000004
177430194.9688,2393929.899999992,2300001.600000004
177430196.9688,2393929.899999992,2300001.600000004
177430198.9688,2393929.899999992,2300001.600000004
177430200.9688,2393929.899999992,2300001.600000004
177430202.9688,2393929.899999992,2300001.600000004
177430204.9688,2393929.899999992,2300001.600000004
177430206.9688,2393929.899999992,2300001.600000004
177430208.9688,2393929.899999992,2300001.600000004
177430210.9688,2393929.899999992,2300001.600000004
177430212.9688,2393929.899999992,2300001.600000004
177430214.9688,2393929.899999992,2300001.600000004
177430216.9688,2393929.899999992,2300001.600000004
177430218.9688,2393929.899999992,2300001.600000004
177430220.9688,2393929.899999992,2300001.600000004
177430222.9688,2393929.899999992,2300001.600000004
177430224.9688,2393929.899999992,2300001.600000004
177430226.9688,2393929.899999992,2300001.600000004
177430228.9688,2393929.899999992,2300001.600000004
177430230.9688,2393929.899999992,2300001.600000004
177430232.9688,2393929.899999992,2300001.600000004
177430234.9688,2393929.899999992,2300001.600000004
177430236.9688,2393929.899999992,2300001.600000004
177430238.9688,2393929.899999992,2300001.600000004
177430240.9688,2393929.899999992,2300001.600000004
177430242.9688,2393929.899999992,2300001.600000004
177430244.9688,2393929.899999992,2300001.600000004
177430246.9688,2393929.899999992,2300001.600000004
177430248.9688,2393929.899999992,2300001.600000004
177430250.9688,2393929.899999992,2300001.600000004
177430252.9688,2393929.899999992,2300001.600000004
177430254.9688,2393929.899999992,2300001.600000004
177430256.9688,2393929.899999992,2300001.600000004
177430258.9688,2393929.899999992,2300001.600000004
177430260.9688,2393929.899999992,2300001.600000004
177430262.9688,2393929.899999992,2300001.600000004
177430264.9688,2393929.899999992,2300001.600000004
177430266.9688,2393929.899999992,2300001.600000004
177430268.9688,2393929.899999992,2300001.600000004
177430270.9688,2393929.899999992,2300001.600000004
177430272.9688,2393929.899999992,2300001.600000004
177430274.9688,2393929.799999992,2300001.600000004
177430276.9688,2393929.799999992,2300001.600000004
177430278.9688,2393929.799999992,2300001.600000004
177430280.9688,2393929.799999992,2300001.600000004
177430282.9688,2393929.799999992,2300001.600000004
177430284.9688,2393929.799999992,2300001.600000004
177430286.9688,2393929.799999992,2300001.600000004
177430288.9688,2393929.799999992,2300001.600000004
177430290.9688,2393929.799999992,2300001.600000004
177430292.9688,2393929.799999992,2300001.600000004
177430294.9688,2393929.699999992,2300001.600000004
177430296.9688,2393929.699999992,2300001.600000004
177430298.9688,2393929.5999999917,2300001.600000004
177430300.9688,2393929.5999999917,2300001.600000004
177430302.9688,2393929.5999999917,2300001.600000004
177430304.9688,2393929.699999992,2300001.600000004
177430306.9688,2393929.699999992,2300001.600000004
177430308.9688,2393929.699999992,2300001.600000004
177430310.9688,2393929.699999992,2300001.600000004
177430312.9688,2393929.699999992,2300001.5000000037
177430314.9688,2393929.699999992,2300001.5000000037
177430316.9688,2393929.699999992,2300001.5000000037
177430318.9688,2393929.699999992,2300001.5000000037
177430320.9688,2393929.899999992,2300001.5000000037
177430322.9688,2393929.899999992,2300001.5000000037
177430324.9688,2393929.899999992,2300001.5000000037
177430326.9688,2393929.899999992,2300001.600000004
177430328.9688,2393929.899999992,2300001.600000004
177430330.9688,2393929.899999992,2300001.600000004
177430332.9688,2393929.899999992,2300001.700000004
177430334.9688,2393929.899999992,2300001.700000004
177430336.9688,2393929.899999992,2300001.800000004
177430338.9688,2393929.899999992,2300001.800000004
177430340.9688,2393929.899999992,2300001.900000004
177430342.9688,2393929.899999992,2300001.900000004
177430344.9688,2393929.899999992,2300001.900000004
177430346.9688,2393929.899999992,2300001.900000004
177430348.9688,2393929.899999992,2300001.900000004
177430350.9688,2393929.899999992,2300001.900000004
177430352.9688,2393929.799999992,2300001.900000004
177430354.9688,2393929.799999992,2300001.900000004
177430356.9688,2393929.799999992,2300001.900000004
177430358.9688,2393929.899999992,2300001.900000004
177430360.9688,2393929.899999992,2300001.900000004
177430362.9688,2393929.899999992,2300001.900000004
177430364.9688,2393929.899999992,2300001.900000004
177430366.9688,2393929.899999992,2300001.900000004
177430368.9688,2393929.799999992,2300001.900000004
177430370.9688,2393929.799999992,2300001.900000004
177430372.9688,2393929.799999992,2300001.900000004
177430374.9688,2393929.899999992,2300001.900000004
177430376.9688,2393929.899999992,2300001.900000004
177430378.9688,2393929.899999992,2300001.900000004
177430380.9688,2393929.899999992,2300001.900000004
177430382.9688,2393929.899999992,2300002.000000004
177430384.9688,2393929.899999992,2300002.000000004
177430386.9688,2393929.899999992,2300002.000000004
177430388.9688,2393929.799999992,2300002.000000004
177430390.9688,2393929.799999992,2300002.000000004
177430392.9688,2393929.799999992,2300002.000000004
177430394.9688,2393929.799999992,2300002.000000004
177430396.9688,2393929.799999992,2300002.000000004
177430398.9688,2393929.799999992,2300002.000000004
177430400.9688,2393929.799999992,2300002.000000004
177430402.9688,2393929.799999992,2300002.000000004
177430404.9688,2393929.799999992,2300002.000000004
177430406.9688,2393929.799999992,2300002.000000004
177430408.9688,2393929.799999992,2300002.000000004
177430410.9688,2393929.799999992,2300002.000000004
177430412.9688,2393929.799999992,2300002.000000004
177430414.9688,2393929.899999992,2300002.000000004
177430416.9688,2393929.899999992,2300002.000000004
177430418.9688,2393929.899999992,2300002.000000004
177430420.9688,2393929.899999992,2300002.000000004
177430422.9688,2393930.499999992,2300002.000000004
177430424.9688,2393930.499999992,2300002.000000004
177430426.9688,2393930.499999992,2300002.000000004
177430428.9688,2393930.499999992,2300002.000000004
177430430.9688,2393930.399999992,2300002.1000000043
177430432.9688,2393930.399999992,2300002.1000000043
177430434.9688,2393930.399999992,2300002.1000000043
177430436.9688,2393930.399999992,2300002.1000000043
177430438.9688,2393930.399999992,2300002.1000000043
177430440.9688,2393930.399999992,2300002.1000000043
177430442.9688,2393930.399999992,2300001.900000004
177430444.9688,2393930.399999992,2300002.000000004
177430446.9688,2393930.399999992,2300002.000000004
177430448.9688,2393930.399999992,2300002.000000004
177430450.9688,2393930.399999992,2300002.000000004
177430452.9688,2393930.399999992,2300002.000000004
177430454.9688,2393930.399999992,2300002.000000004
177430456.9688,2393930.399999992,2300002.000000004
177430458.9688,2393930.399999992,2300002.000000004
177430460.9688,2393930.499999992,2300002.000000004
177430462.9688,2393930.499999992,2300002.000000004
177430464.9688,2393930.499999992,2300002.000000004
177430466.9688,2393930.499999992,2300002.000000004
177430468.9688,2393930.499999992,2300002.000000004
177430470.9688,2393930.999999992,2300002.000000004
177430472.9688,2393930.999999992,2300002.000000004
177430474.9688,2393930.899999992,2300002.000000004
177430476.9688,2393930.899999992,2300002.000000004
177430478.9688,2393930.899999992,2300002.000000004
177430480.9688,2393930.799999992,2300002.000000004
177430482.9688,2393930.699999992,2300002.000000004
177430484.9688,2393930.5999999917,2300002.000000004
177430486.9688,2393930.5999999917,2300002.000000004
177430488.9688,2393931.0999999917,2300002.000000004
177430490.9688,2393931.0999999917,2300002.000000004
177430492.9688,2393931.0999999917,2300002.000000004
177430494.9688,2393931.0999999917,2300002.000000004
177430496.9688,2393930.8999999915,2300002.000000004
177430498.9688,2393930.8999999915,2300002.000000004
177430500.9688,2393930.8999999915,2300002.000000004
177430502.9688,2393930.8999999915,2300002.000000004
177430504.9688,2393930.8999999915,2300002.000000004
177430506.9688,2393930.8999999915,2300002.000000004
177430508.9688,2393930.8999999915,2300002.000000004
177430510.9688,2393930.8999999915,2300002.000000004
177430512.9688,2393930.8999999915,2300002.1000000043
177430514.9688,2393930.9999999916,2300002.000000004
177430516.9688,2393930.9999999916,2300002.000000004
177430518.9688,2393930.9999999916,2300002.000000004
177430520.9688,2393930.9999999916,2300002.000000004
177430522.9688,2393930.9999999916,2300002.000000004
177430524.9688,2393930.9999999916,2300002.000000004
177430526.9688,2393930.9999999916,2300002.000000004
177430528.9688,2393930.9999999916,2300002.000000004
177430530.9688,2393930.9999999916,2300002.000000004
177430532.9688,2393930.9999999916,2300002.000000004
177430534.9688,2393930.9999999916,2300002.000000004
177430536.9688,2393930.9999999916,2300002.000000004
177430538.9688,2393930.9999999916,2300002.000000004
177430540.9688,2393930.9999999916,2300002.000000004
177430542.9688,2393930.9999999916,2300002.000000004
177430544.9688,2393930.9999999916,2300002.000000004
177430546.9688,2393930.8999999915,2300002.000000004
177430548.9688,2393930.8999999915,2300002.000000004
177430550.9688,2393930.8999999915,2300002.000000004
177430552.9688,2393930.8999999915,2300002.000000004
177430554.9688,2393930.8999999915,2300002.000000004
177430556.9688,2393930.8999999915,2300002.000000004
177430558.9688,2393930.9999999916,2300001.500000004
177430560.9688,2393930.9999999916,2300001.500000004
177430562.9688,2393930.9999999916,2300001.500000004
177430564.9688,2393930.9999999916,2300001.500000004
177430566.9688,2393930.9999999916,2300001.500000004
177430568.9688,2393930.9999999916,2300001.500000004
177430570.9688,2393930.9999999916,2300001.500000004
177430572.9688,2393930.9999999916,2300001.500000004
177430574.9688,2393930.9999999916,2300001.500000004
177430576.9688,2393930.9999999916,2300001.500000004
177430578.9688,2393930.9999999916,2300001.500000004
177430580.9688,2393931.0999999917,2300001.500000004
177430582.9688,2393931.0999999917,2300001.500000004
177430584.9688,2393931.0999999917,2300001.500000004
177430586.9688,2393931.0999999917,2300001.500000004
177430588.9688,2393931.0999999917,2300001.500000004
177430590.9688,2393931.0999999917,2300001.500000004
177430592.9688,2393931.0999999917,2300001.500000004
177430594.9688,2393931.0999999917,2300001.500000004
177430596.9688,2393931.0999999917,2300001.500000004
177430598.9688,2393931.0999999917,2300001.500000004
177430600.9688,2393931.0999999917,2300001.500000004
177430602.9688,2393931.0999999917,2300001.500000004
177430604.9688,2393931.0999999917,2300001.500000004
177430606.9688,2393931.0999999917,2300001.500000004
177430608.9688,2404368.3999999915,2300001.500000004
177430610.9688,2404368.3999999915,2300001.6000000043
177430612.9688,2404368.3999999915,2300001.7000000044
177430614.9688,2404368.3999999915,2300001.8000000045
177430616.9688,2404368.3999999915,2300001.8000000045
177430618.9688,2404368.3999999915,2300001.8000000045
177430620.9688,2404368.3999999915,2300001.9000000046
177430622.9688,2404368.3999999915,2300001.9000000046
177430624.9688,2404368.3999999915,2300001.9000000046
177430626.9688,2404368.2999999914,2300001.9000000046
177430628.9688,2404368.2999999914,2300001.9000000046
177430630.9688,2404368.2999999914,2300001.9000000046
177430632.9688,2404368.3999999915,2300001.9000000046
177430634.9688,2404368.3999999915,2300001.9000000046
177430636.9688,2404368.3999999915,2300001.9000000046
177430638.9688,2404368.3999999915,2300001.9000000046
177430640.9688,2404368.3999999915,2300001.9000000046
177430642.9688,2404368.3999999915,2300001.9000000046
177430644.9688,2404368.3999999915,2300001.9000000046
177430646.9688,2404368.3999999915,2300001.9000000046
177430648.9688,2404368.3999999915,2300001.9000000046
177430650.9688,2404368.3999999915,2300001.9000000046
177430652.9688,2404368.3999999915,2300001.9000000046
177430654.9688,2404368.3999999915,2300001.9000000046
177430656.9688,2404368.3999999915,2300001.9000000046
177430658.9688,2404368.3999999915,2300001.9000000046
177430660.9688,2404368.3999999915,2300001.9000000046
177430662.9688,2404368.3999999915,2300001.9000000046
177430664.9688,2404368.3999999915,2300002.0000000047
177430666.9688,2404368.3999999915,2300002.0000000047
177430668.9688,2404368.3999999915,2300002.0000000047
177430670.9688,2404368.3999999915,2300002.0000000047
177430672.9688,2404368.3999999915,2300002.1000000047
177430674.9688,2404368.3999999915,2300002.1000000047
177430676.9688,2404368.3999999915,2300002.1000000047
177430678.9688,2404368.3999999915,2300002.1000000047
177430680.9688,2404368.3999999915,2300002.1000000047
177430682.9688,2404368.3999999915,2300002.1000000047
177430684.9688,2404368.3999999915,2300002.1000000047
177430686.9688,2404368.3999999915,2300002.1000000047
177430688.9688,2404368.3999999915,2300002.1000000047
177430690.9688,2404368.3999999915,2300002.1000000047
177430692.9688,2404368.3999999915,2300002.1000000047
177430694.9688,2404368.3999999915,2300002.1000000047
177430696.9688,2404368.3999999915,2300002.1000000047
177430698.9688,2404368.3999999915,2300002.1000000047
177430700.9688,2404368.3999999915,2300002.1000000047
177430702.9688,2404368.3999999915,2300002.1000000047
177430704.9688,2404368.3999999915,2300002.1000000047
177430706.9688,2404368.3999999915,2300002.1000000047
177430708.9688,2404368.3999999915,2300002.1000000047
177430710.9688,2404368.3999999915,2300002.1000000047
177430712.9688,2404368.3999999915,2300002.1000000047
177430714.9688,2404368.7999999914,2300002.1000000047
177430716.9688,2404368.7999999914,2300002.1000000047
177430718.9688,2404368.7999999914,2300002.1000000047
177430720.9688,2415965.8999999915,2300002.1000000047
177430722.9688,2415966.1999999913,2300002.1000000047
177430724.9688,2415966.1999999913,2300002.1000000047
177430726.9688,2415966.1999999913,2300002.1000000047
177430728.9688,2415966.1999999913,2300002.1000000047
177430730.9688,2415966.1999999913,2300002.1000000047
177430732.9688,2415966.1999999913,2300002.1000000047
177430734.9688,2415966.1999999913,2300002.1000000047
177430736.9688,2415966.1999999913,2300002.1000000047
177430738.9688,2415966.1999999913,2300002.1000000047
177430740.9688,2415966.0999999912,2300002.1000000047
177430742.9688,2415966.0999999912,2300002.1000000047
177430744.9688,2415965.999999991,2300002.1000000047
177430746.9688,2415965.999999991,2300002.1000000047
177430748.9688,2415965.999999991,2300002.1000000047
177430750.9688,2415965.999999991,2300002.1000000047
177430752.9688,2415965.999999991,2300002.1000000047
177430754.9688,2415965.999999991,2300002.1000000047
177430756.9688,2415965.999999991,2300002.1000000047
177430758.9688,2415965.999999991,2300002.1000000047
177430760.9688,2415965.999999991,2300002.1000000047
177430762.9688,2415965.999999991,2300002.1000000047
177430764.9688,2415965.999999991,2300002.1000000047
177430766.9688,2415965.999999991,2300002.1000000047
177430768.9688,2415965.999999991,2300002.1000000047
177430770.9688,2415965.899999991,2300002.1000000047
177430772.9688,2415965.999999991,2300002.1000000047
177430774.9688,2415965.999999991,2300002.200000005
177430776.9688,2415965.999999991,2300002.200000005
177430779.0688,2415965.999999991,2300002.200000005
177430780.9688,2415965.999999991,2300002.200000005
177430782.9688,2415965.999999991,2300002.200000005
177430784.9688,2415965.999999991,2300002.200000005
177430786.9688,2415965.999999991,2300002.200000005
177430788.9688,2415965.999999991,2300002.200000005
177430790.9688,2415965.999999991,2300002.200000005
177430792.9688,2415965.999999991,2300002.200000005
177430794.9688,2415965.999999991,2300002.200000005
177430796.9688,2415965.999999991,2300002.200000005
177430798.9688,2415965.999999991,2300002.200000005
177430800.9688,2415965.999999991,2300002.200000005
177430802.9688,2415965.999999991,2300002.200000005
177430804.9688,2415965.999999991,2300002.200000005
177430806.9688,2415965.999999991,2300002.200000005
177430808.9688,2415965.899999991,2300002.200000005
177430810.9688,2415965.999999991,2300002.200000005
177430812.9688,2415965.999999991,2300002.200000005
177430814.9688,2415965.999999991,2300002.200000005
177430816.9688,2415965.999999991,2300002.200000005
177430818.9688,2415965.999999991,2300002.200000005
177430820.9688,2415965.999999991,2300002.200000005
177430822.9688,2415965.999999991,2300002.200000005
177430824.9688,2415965.999999991,2300002.200000005
177430826.9688,2415965.999999991,2300002.200000005
177430828.9688,2415965.999999991,2300002.200000005
177430830.9688,2415965.999999991,2300002.200000005
177430832.9688,2415965.999999991,2300002.200000005
177430834.9688,2415965.999999991,2300002.200000005
177430836.9688,2415966.0999999912,2300002.300000005
177430838.9688,2415966.0999999912,2300002.300000005
177430840.9688,2415965.999999991,2300002.300000005
177430842.9688,2415965.999999991,2300002.300000005
177430844.9688,2415965.999999991,2300002.300000005
177430846.9688,2415965.999999991,2300002.300000005
177430848.9688,2415965.999999991,2300002.300000005
177430850.9688,2415965.999999991,2300002.300000005
177430852.9688,2415966.0999999912,2300002.300000005
177430854.9688,2415966.0999999912,2300002.300000005
177430856.9688,2415966.0999999912,2300002.300000005
177430858.9688,2415966.0999999912,2300002.300000005
177430860.9688,2415966.0999999912,2300002.300000005
177430862.9688,2415966.0999999912,2300002.300000005
177430864.9688,2415966.0999999912,2300002.300000005
177430866.9688,2415966.0999999912,2300002.300000005
177430868.9688,2415966.0999999912,2300002.300000005
177430870.9688,2415966.0999999912,2300002.300000005
177430872.9688,2415966.0999999912,2300002.300000005
177430874.9688,2415966.0999999912,2300002.300000005
177430876.9688,2415966.0999999912,2300002.300000005
177430878.9688,2415966.0999999912,2300002.300000005
177430880.9688,2415966.0999999912,2300002.300000005
177430882.9688,2404369.6999999913,2300002.400000005
177430884.9688,2404369.6999999913,2300002.400000005
177430886.9688,2404369.6999999913,2300002.400000005
177430888.9688,2404369.6999999913,2300002.500000005
177430890.9688,2404369.6999999913,2300002.500000005
177430892.9688,2404369.6999999913,2300002.500000005
177430894.9688,2404369.6999999913,2300002.500000005
177430896.9688,2404369.6999999913,2300002.500000005
177430898.9688,2404369.6999999913,2300002.600000005
177430900.9688,2404369.6999999913,2300002.600000005
177430902.9688,2404369.6999999913,2300002.600000005
177430904.9688,2404369.6999999913,2300002.7000000053
177430906.9688,2404369.6999999913,2300002.7000000053
177430908.9688,2404369.6999999913,2300002.7000000053
177430910.9688,2404369.6999999913,2300002.7000000053
177430912.9688,2404369.6999999913,2300002.7000000053
177430914.9688,2404369.6999999913,2300002.7000000053
177430916.9688,2404369.6999999913,2300002.7000000053
177430918.9688,2404369.6999999913,2300002.8000000054
177430920.9688,2404369.6999999913,2300002.8000000054
177430922.9688,2415966.0999999912,2300002.8000000054
177430924.9688,2415966.0999999912,2300002.8000000054
177430926.9688,2415966.0999999912,2300002.9000000055
177430928.9688,2415966.0999999912,2300002.9000000055
177430930.9688,2415966.0999999912,2300002.9000000055
177430932.9688,2415966.0999999912,2300002.9000000055
177430934.9688,2415966.0999999912,2300002.9000000055
177430936.9688,2415966.0999999912,2300003.0000000056
177430938.9688,2415966.0999999912,2300003.0000000056
177430940.9688,2415966.0999999912,2300003.0000000056
177430942.9688,2415966.0999999912,2300003.0000000056
177430944.9688,2415966.0999999912,2300003.0000000056
177430946.9688,2415966.0999999912,2300003.0000000056
177430948.9688,2415966.0999999912,2300003.0000000056
177430950.9688,2415966.0999999912,2300003.0000000056
177430952.9688,2415966.0999999912,2300003.0000000056
177430954.9688,2415966.0999999912,2300003.0000000056
177430956.9688,2415966.0999999912,2300003.0000000056
177430958.9688,2415966.0999999912,2300003.0000000056
177430960.9688,2415966.0999999912,2300003.0000000056
177430962.9688,2415966.0999999912,2300003.0000000056
177430964.9688,2415966.0999999912,2300003.0000000056
177430966.9688,2415966.0999999912,2300003.0000000056
177430968.9688,2415966.0999999912,2300003.0000000056
177430970.9688,2415966.0999999912,2300003.0000000056
177430972.9688,2415966.0999999912,2300003.0000000056
177430974.9688,2415966.0999999912,2300003.0000000056
177430976.9688,2415966.0999999912,2300003.0000000056
177430978.9688,2415966.0999999912,2300003.0000000056
177430980.9688,2415966.0999999912,2300003.0000000056
177430982.9688,2415966.0999999912,2300003.0000000056
177430984.9688,2415966.0999999912,2300003.0000000056
177430986.9688,2415966.0999999912,2300003.0000000056
177430988.9688,2415966.0999999912,2300003.0000000056
177430990.9688,2415966.0999999912,2300003.0000000056
177430992.9688,2415966.0999999912,2300003.0000000056
177430994.9688,2415966.0999999912,2300003.0000000056
177430996.9688,2415966.0999999912,2300003.0000000056
177430998.9688,2415966.0999999912,2300003.0000000056
177431000.9688,2415966.0999999912,2300003.0000000056
177431003.0688,2415966.0999999912,2300003.0000000056
177431005.0688,2415965.999999991,2300003.0000000056
177431007.0688,2415965.999999991,2300003.0000000056
177431009.0688,2415965.999999991,2300003.0000000056
177431011.0688,2415965.999999991,2300003.0000000056
177431013.0688,2415965.999999991,2300003.0000000056
177431015.0688,2415965.999999991,2300003.0000000056
177431017.0688,2415965.999999991,2300003.0000000056
177431019.0688,2415965.999999991,2300003.0000000056
177431021.0688,2415965.999999991,2300003.0000000056
177431023.0688,2415965.999999991,2300003.0000000056
177431025.0688,2415965.999999991,2300003.0000000056
177431027.0688,2415965.999999991,2300003.0000000056
177431029.0688,2415965.999999991,2300003.0000000056
177431031.0688,2415965.999999991,2300003.0000000056
177431033.0688,2415965.999999991,2300003.0000000056
177431035.0688,2415965.999999991,2300003.0000000056
177431037.0688,2415965.999999991,2300003.0000000056
177431039.0688,2415965.999999991,2300003.0000000056
177431041.0688,2415965.999999991,2300003.0000000056
177431043.0688,2415965.999999991,2300003.0000000056
177431045.0688,2415965.999999991,2300003.0000000056
177431047.0688,2415965.999999991,2300003.0000000056
177431049.0688,2415965.999999991,2300003.0000000056
177431051.0688,2415965.999999991,2300003.0000000056
177431053.0688,2415965.999999991,2300003.0000000056
177431055.0688,2415965.899999991,2300003.0000000056
177431057.0688,2415965.899999991,2300003.0000000056
177431059.0688,2415965.899999991,2300003.0000000056
177431061.0688,2415965.899999991,2300003.0000000056
177431063.0688,2415965.899999991,2300003.0000000056
177431065.0688,2415965.899999991,2300003.0000000056
177431067.0688,2415965.899999991,2300003.0000000056
177431069.0688,2415965.899999991,2300003.0000000056
177431071.0688,2415965.899999991,2300003.0000000056
177431073.0688,2415965.899999991,2300003.0000000056
177431075.0688,2415965.899999991,2300003.0000000056
177431077.0688,2415965.899999991,2300003.0000000056
177431079.0688,2415965.899999991,2300003.0000000056
177431081.0688,2415965.899999991,2300003.0000000056
177431083.0688,2415965.899999991,2300003.0000000056
177431085.0688,2415965.899999991,2300003.0000000056
177431087.0688,2415965.899999991,2300003.0000000056
177431089.0688,2415965.899999991,2300003.0000000056
177431091.0688,2415965.899999991,2300003.0000000056
177431093.0688,2415965.899999991,2300003.0000000056
177431095.0688,2415965.899999991,2300003.0000000056
177431097.0688,2415965.899999991,2300003.0000000056
177431099.0688,2415965.899999991,2300003.0000000056
177431101.0688,2415965.899999991,2300003.0000000056
177431103.0688,2415965.899999991,2300003.0000000056
177431105.0688,2415965.899999991,2300003.0000000056
177431107.0688,2415965.899999991,2300003.0000000056
177431109.0688,2415965.899999991,2300003.0000000056
177431111.0688,2415965.899999991,2300003.0000000056
177431113.0688,2415965.899999991,2300003.0000000056
177431115.0688,2415965.899999991,2300003.0000000056
177431117.0688,2415965.899999991,2300002.9000000055
177431119.0688,2415965.899999991,2300003.0000000056
177431121.0688,2415965.899999991,2300003.0000000056
177431123.0688,2415965.899999991,2300003.0000000056
177431125.0688,2415965.899999991,2300003.0000000056
177431127.0688,2415965.899999991,2300003.0000000056
177431129.0688,2415965.899999991,2300003.0000000056
177431131.0688,2415965.899999991,2300003.0000000056
177431133.0688,2415965.899999991,2300003.0000000056
177431135.0688,2415965.899999991,2300003.0000000056
177431137.0688,2415965.899999991,2300002.9000000055
177431139.0688,2415965.899999991,2300002.9000000055
177431141.0688,2415965.899999991,2300002.9000000055
177431143.0688,2415965.899999991,2300002.9000000055
177431145.0688,2415965.899999991,2300002.9000000055
177431147.0688,2415965.899999991,2300002.9000000055
177431149.0688,2415965.899999991,2300002.9000000055
177431151.0688,2415965.999999991,2300002.9000000055
177431153.0688,2415965.999999991,2300002.9000000055
177431155.0688,2415965.999999991,2300002.9000000055
177431157.0688,2415965.999999991,2300002.5000000056
177431159.0688,2415965.999999991,2300002.5000000056
177431161.0688,2415965.999999991,2300002.5000000056
177431163.0688,2415965.999999991,2300002.5000000056
177431165.0688,2415965.999999991,2300002.5000000056
177431167.0688,2415965.999999991,2300002.5000000056
177431169.0688,2415965.999999991,2300002.5000000056
177431171.0688,2415965.999999991,2300002.5000000056
177431173.0688,2415965.999999991,2300002.5000000056
177431175.0688,2415965.999999991,2300002.5000000056
177431177.0688,2415965.999999991,2300002.5000000056
177431179.0688,2415965.999999991,2300002.5000000056
177431181.0688,2415965.999999991,2300002.5000000056
177431183.0688,2415965.999999991,2300002.5000000056
177431185.0688,2415965.999999991,2300002.5000000056
177431187.0688,2415965.999999991,2300002.5000000056
177431189.0688,2415965.999999991,2300002.5000000056
177431191.0688,2415965.999999991,2300002.5000000056
177431193.0688,2415965.999999991,2300002.5000000056
177431195.0688,2415965.999999991,2300002.5000000056
177431197.0688,2415965.999999991,2300002.5000000056
177431199.0688,2415965.999999991,2300002.5000000056
177431201.0688,2415965.999999991,2300002.5000000056
177431203.0688,2415965.999999991,2300002.5000000056
177431205.0688,2415965.999999991,2300002.5000000056
177431207.0688,2415965.999999991,2300002.5000000056
177431209.0688,2415965.999999991,2300002.5000000056
177431211.0688,2415965.999999991,2300002.5000000056
177431213.0688,2415965.999999991,2300002.5000000056
177431215.0688,2415965.999999991,2300002.5000000056
177431217.0688,2415965.999999991,2300002.5000000056
177431219.0688,2415965.999999991,2300002.5000000056
177431221.0688,2415965.999999991,2300002.5000000056
177431223.0688,2415965.999999991,2300002.6000000057
177431225.0688,2415966.0999999912,2300002.6000000057
177431227.0688,2415966.0999999912,2300002.6000000057
177431229.0688,2415966.0999999912,2300002.6000000057
177431231.0688,2415966.0999999912,2300002.6000000057
177431233.0688,2415966.0999999912,2300002.6000000057
177431235.0688,2415966.0999999912,2300002.6000000057
177431237.0688,2415966.0999999912,2300002.6000000057
177431239.0688,2415966.0999999912,2300002.6000000057
177431241.0688,2415966.0999999912,2300002.6000000057
177431243.0688,2415966.0999999912,2300002.6000000057
177431245.0688,2404369.6999999913,2300002.6000000057
177431247.0688,2404369.6999999913,2300002.6000000057
177431249.0688,2404369.6999999913,2300002.6000000057
177431251.0688,2404369.6999999913,2300002.6000000057
177431253.0688,2404369.6999999913,2300002.6000000057
177431255.0688,2404369.6999999913,2300002.6000000057
177431257.0688,2404369.6999999913,2300002.6000000057
177431259.0688,2404369.6999999913,2300002.800000006
177431261.0688,2404369.6999999913,2300002.800000006
177431263.0688,2404369.6999999913,2300002.800000006
177431265.0688,2404369.6999999913,2300002.800000006
177431267.0688,2404369.6999999913,2300002.800000006
177431269.0688,2404369.6999999913,2300002.800000006
177431271.0688,2404369.6999999913,2300002.800000006
177431273.0688,2404369.6999999913,2300002.800000006
177431275.0688,2404369.6999999913,2300002.800000006
177431277.0688,2404369.6999999913,2300002.800000006
177431279.0688,2404369.6999999913,2300002.800000006
177431281.0688,2404369.6999999913,2300002.800000006
177431283.0688,2404369.6999999913,2300002.800000006
177431285.0688,2404369.6999999913,2300002.800000006
177431287.0688,2393932.999999991,2300002.800000006
177431289.0688,2393932.999999991,2300002.800000006
177431291.0688,2393932.899999991,2300002.800000006
177431293.0688,2393932.899999991,2300002.800000006
177431295.0688,2384539.799999991,2300002.800000006
177431297.0688,2384539.799999991,2300002.800000006
177431299.0688,2384539.899999991,2300002.800000006
177431301.0688,2384539.899999991,2300002.800000006
177431303.0688,2384539.899999991,2300002.800000006
177431305.0688,2384539.899999991,2300002.800000006
177431307.0688,2384539.899999991,2300002.800000006
177431309.0688,2384539.899999991,2300002.800000006
177431311.0688,2384539.899999991,2300002.800000006
177431313.0688,2384539.899999991,2300002.800000006
177431315.0688,2384539.899999991,2300002.800000006
177431317.0688,2384539.899999991,2300002.900000006
177431319.0688,2384539.899999991,2300002.900000006
177431321.0688,2384539.899999991,2300002.900000006
177431323.0688,2384539.899999991,2300002.900000006
177431325.0688,2384539.899999991,2300002.900000006
177431327.0688,2384539.899999991,2300002.900000006
177431329.0688,2384539.899999991,2300002.900000006
177431331.0688,2384539.899999991,2300002.900000006
177431333.0688,2384539.899999991,2300002.900000006
177431335.0688,2384539.899999991,2300002.900000006
177431337.0688,2384539.899999991,2300002.900000006
177431339.0688,2384539.899999991,2300002.900000006
177431341.0688,2384539.899999991,2300002.900000006
177431343.0688,2384539.899999991,2300002.900000006
177431345.0688,2384539.899999991,2300002.900000006
177431347.0688,2384539.899999991,2300002.900000006
177431349.0688,2384539.899999991,2300002.900000006
177431351.0688,2384539.899999991,2300002.900000006
177431353.0688,2384539.899999991,2300002.900000006
177431355.0688,2384539.899999991,2300002.900000006
177431357.0688,2384539.899999991,2300002.900000006
177431359.0688,2384539.899999991,2300002.900000006
177431361.0688,2384539.899999991,2300002.900000006
177431363.0688,2384539.899999991,2300002.900000006
177431365.0688,2384539.899999991,2300002.900000006
177431367.0688,2384539.899999991,2300002.900000006
177431369.0688,2384539.899999991,2300002.900000006
177431371.0688,2384539.899999991,2300002.900000006
177431373.0688,2384539.899999991,2300002.900000006
177431375.0688,2384539.899999991,2300002.900000006
177431377.0688,2384539.899999991,2300002.900000006
177431379.0688,2384539.899999991,2300002.800000006
177431381.0688,2384539.899999991,2300002.6000000057
177431383.0688,2384539.899999991,2300002.6000000057
177431385.0688,2384539.899999991,2300002.6000000057
177431387.0688,2384539.899999991,2300002.6000000057
177431389.0688,2384539.899999991,2300002.6000000057
177431391.0688,2384539.899999991,2300002.6000000057
177431393.0688,2384539.899999991,2300002.6000000057
177431395.0688,2384539.899999991,2300002.6000000057
177431397.0688,2384539.899999991,2300002.6000000057
177431399.0688,2384539.899999991,2300002.6000000057
177431401.0688,2384539.899999991,2300002.6000000057
177431403.0688,2384539.899999991,2300002.6000000057
177431405.0688,2384539.899999991,2300002.6000000057
177431407.0688,2384539.899999991,2300002.6000000057
177431409.0688,2384539.899999991,2300002.6000000057
177431411.0688,2384539.899999991,2300002.6000000057
177431413.0688,2384539.899999991,2300002.6000000057
177431415.0688,2384539.899999991,2300002.6000000057
177431417.0688,2384539.899999991,2300002.6000000057
177431419.0688,2384539.899999991,2300002.6000000057
177431421.0688,2384539.899999991,2300002.6000000057
177431423.0688,2404369.699999991,2300002.6000000057
177431425.0688,2404369.699999991,2300002.6000000057
177431427.0688,2404369.699999991,2300002.6000000057
177431429.0688,2415966.099999991,2300002.6000000057
177431431.0688,2415966.099999991,2300002.6000000057
177431433.0688,2415966.099999991,2300002.6000000057
177431435.0688,2415966.099999991,2300002.6000000057
177431437.0688,2415966.099999991,2300002.6000000057
177431439.0688,2415966.099999991,2300002.6000000057
177431441.0688,2415966.099999991,2300002.6000000057
177431443.1688,2415966.099999991,2300002.6000000057
177431445.0688,2415966.099999991,2300002.6000000057
177431447.0688,2415966.099999991,2300002.6000000057
177431449.0688,2415966.099999991,2300002.6000000057
177431451.0688,2415966.099999991,2300002.6000000057
177431453.0688,2415966.099999991,2300002.6000000057
177431455.0688,2415966.099999991,2300002.6000000057
177431457.0688,2415966.099999991,2300002.6000000057
177431459.0688,2415966.099999991,2300002.6000000057
177431461.0688,2415966.099999991,2300002.6000000057
177431463.0688,2415966.099999991,2300002.6000000057
177431465.0688,2415966.099999991,2300002.6000000057
177431467.0688,2415966.099999991,2300002.6000000057
177431469.0688,2415966.099999991,2300002.6000000057
177431471.0688,2415966.099999991,2300002.6000000057
177431473.0688,2415966.099999991,2300002.6000000057
177431475.0688,2415966.099999991,2300002.6000000057
177431477.0688,2415966.099999991,2300002.6000000057
177431479.0688,2415966.099999991,2300002.6000000057
177431481.0688,2415966.099999991,2300002.6000000057
177431483.0688,2415966.099999991,2300002.6000000057
177431485.0688,2415966.099999991,2300002.6000000057
177431487.0688,2415966.099999991,2300002.6000000057
177431489.0688,2415966.099999991,2300002.6000000057
177431491.0688,2415966.099999991,2300002.6000000057
177431493.0688,2415966.099999991,2300002.6000000057
177431495.0688,2415966.099999991,2300002.6000000057
177431497.0688,2415966.099999991,2300002.6000000057
177431499.0688,2415966.099999991,2300002.6000000057
177431501.0688,2415966.099999991,2300002.6000000057
177431503.0688,2415966.099999991,2300002.6000000057
177431505.0688,2415966.099999991,2300002.6000000057
177431507.0688,2415966.099999991,2300002.6000000057
177431509.0688,2415966.099999991,2300002.6000000057
177431511.0688,2415966.099999991,2300002.6000000057
177431513.0688,2415966.099999991,2300002.6000000057
177431515.0688,2415966.099999991,2300002.6000000057
177431517.0688,2415966.099999991,2300002.6000000057
177431519.0688,2415966.099999991,2300002.6000000057
177431521.0688,2415966.099999991,2300002.6000000057
177431523.0688,2415966.099999991,2300002.6000000057
177431525.0688,2415966.099999991,2300002.6000000057
177431527.0688,2415966.099999991,2300002.6000000057
177431529.0688,2415966.099999991,2300002.6000000057
177431531.0688,2415966.099999991,2300002.6000000057
177431533.0688,2415966.099999991,2300002.6000000057
177431535.0688,2415966.099999991,2300002.6000000057
177431537.0688,2415966.099999991,2300002.6000000057
177431539.0688,2415966.099999991,2300002.6000000057
177431541.0688,2415966.099999991,2300002.6000000057
177431543.0688,2415966.099999991,2300002.6000000057
177431545.0688,2415966.099999991,2300002.6000000057
177431547.0688,2415966.099999991,2300002.6000000057
177431549.0688,2415966.099999991,2300002.6000000057
177431551.0688,2415966.099999991,2300002.6000000057
177431553.0688,2415966.099999991,2300002.6000000057
177431555.0688,2415966.099999991,2300002.6000000057
177431557.0688,2415966.099999991,2300002.6000000057
177431559.0688,2415966.099999991,2300002.6000000057
177431561.0688,2415966.099999991,2300002.6000000057
177431563.0688,2415966.099999991,2300002.6000000057
177431565.0688,2415966.099999991,2300002.6000000057
177431567.0688,2415966.099999991,2300002.6000000057
177431569.0688,2415966.099999991,2300002.6000000057
177431571.0688,2415966.099999991,2300002.6000000057
177431573.0688,2415966.099999991,2300002.6000000057
177431575.0688,2415966.099999991,2300002.6000000057
177431577.0688,2415966.099999991,2300002.6000000057
177431579.0688,2415966.099999991,2300002.6000000057
177431581.0688,2415966.099999991,2300002.6000000057
177431583.0688,2415966.099999991,2300002.6000000057
177431585.0688,2415966.099999991,2300002.6000000057
177431587.0688,2415966.099999991,2300002.6000000057
177431589.0688,2415966.099999991,2300002.6000000057
177431591.0688,2415966.099999991,2300002.6000000057
177431593.0688,2415966.099999991,2300002.6000000057
177431595.0688,2415966.099999991,2300002.6000000057
177431597.0688,2415966.099999991,2300002.6000000057
177431599.0688,2415966.099999991,2300002.6000000057
177431601.0688,2415966.099999991,2300002.6000000057
177431603.0688,2415966.099999991,2300002.6000000057
177431605.0688,2415966.099999991,2300002.6000000057
177431607.0688,2415966.099999991,2300002.6000000057
177431609.0688,2415966.099999991,2300002.6000000057
177431611.0688,2415966.099999991,2300002.6000000057
177431613.0688,2415966.099999991,2300002.6000000057
177431615.0688,2415966.099999991,2300002.6000000057
177431617.0688,2415966.099999991,2300002.6000000057
177431619.0688,2415966.099999991,2300002.6000000057
177431621.0688,2415966.099999991,2300002.6000000057
177431623.0688,2415966.099999991,2300002.6000000057
177431625.0688,2415966.099999991,2300002.6000000057
177431627.0688,2415966.099999991,2300002.6000000057
177431629.0688,2415966.099999991,2300002.6000000057
177431631.0688,2415966.099999991,2300002.6000000057
177431633.0688,2415966.099999991,2300002.6000000057
177431635.0688,2415966.099999991,2300002.6000000057
177431637.0688,2415966.099999991,2300002.6000000057
177431639.0688,2415966.099999991,2300002.5000000056
177431641.0688,2415966.099999991,2300002.5000000056
177431643.0688,2415966.099999991,2300002.5000000056
177431645.0688,2415966.099999991,2300002.5000000056
177431647.0688,2415966.099999991,2300002.5000000056
177431649.0688,2415966.099999991,2300002.5000000056
177431651.0688,2415966.099999991,2300002.5000000056
177431653.0688,2415966.099999991,2300002.5000000056
177431655.0688,2415966.099999991,2300002.5000000056
177431657.0688,2415966.099999991,2300002.5000000056
177431659.0688,2415966.099999991,2300002.5000000056
177431661.0688,2415966.099999991,2300002.5000000056
177431663.1688,2415966.099999991,2300002.5000000056
177431665.0688,2415966.099999991,2300002.5000000056
177431667.0688,2415966.099999991,2300002.5000000056
177431669.0688,2415966.099999991,2300002.5000000056
177431671.0688,2415966.099999991,2300002.5000000056
177431673.0688,2415966.099999991,2300002.5000000056
177431675.0688,2415966.099999991,2300002.5000000056
177431677.0688,2415966.099999991,2300002.5000000056
177431679.0688,2415966.099999991,2300002.5000000056
177431681.0688,2415966.099999991,2300002.5000000056
177431683.0688,2415966.099999991,2300002.5000000056
177431685.0688,2415966.099999991,2300002.5000000056
177431687.0688,2415966.099999991,2300002.5000000056
177431689.0688,2415966.099999991,2300002.5000000056
177431691.0688,2415966.099999991,2300002.5000000056
177431693.0688,2415966.099999991,2300002.5000000056
177431695.0688,2415966.099999991,2300002.5000000056
177431697.0688,2415966.099999991,2300002.5000000056
177431699.0688,2415966.099999991,2300002.5000000056
177431701.0688,2415966.099999991,2300002.5000000056
177431703.0688,2415966.099999991,2300002.5000000056
177431705.0688,2415966.099999991,2300002.5000000056
177431707.0688,2415966.099999991,2300002.5000000056
177431709.0688,2415965.9999999907,2300002.5000000056
177431711.0688,2415965.9999999907,2300002.5000000056
177431713.0688,2415965.9999999907,2300002.5000000056
177431715.0688,2415965.9999999907,2300002.5000000056
177431717.0688,2415965.9999999907,2300002.5000000056
177431719.0688,2415965.9999999907,2300002.5000000056
177431721.0688,2415965.9999999907,2300002.5000000056
177431723.0688,2415965.9999999907,2300002.5000000056
177431725.0688,2415965.9999999907,2300002.5000000056
177431727.0688,2415965.9999999907,2300002.5000000056
177431729.0688,2415965.9999999907,2300002.5000000056
177431731.0688,2415965.9999999907,2300002.5000000056
177431733.0688,2415965.9999999907,2300002.5000000056
177431735.0688,2415965.9999999907,2300002.5000000056
177431737.0688,2415965.9999999907,2300002.5000000056
177431739.0688,2415965.9999999907,2300002.5000000056
177431741.0688,2415965.9999999907,2300002.5000000056
177431743.0688,2415965.9999999907,2300002.5000000056
177431745.0688,2415965.9999999907,2300002.5000000056
177431747.0688,2415965.9999999907,2300002.5000000056
177431749.0688,2404369.599999991,2300002.5000000056
177431751.0688,2404369.599999991,2300002.5000000056
177431753.0688,2404369.599999991,2300002.5000000056
177431755.0688,2404369.599999991,2300002.5000000056
177431757.0688,2404369.599999991,2300002.5000000056
177431759.0688,2404369.599999991,2300002.5000000056
177431761.0688,2404369.599999991,2300002.5000000056
177431763.0688,2404369.599999991,2300002.6000000057
177431765.0688,2404369.599999991,2300002.6000000057
177431767.0688,2404369.599999991,2300002.6000000057
177431769.0688,2404369.599999991,2300002.6000000057
177431771.0688,2404369.599999991,2300002.6000000057
177431773.0688,2404369.599999991,2300002.6000000057
177431775.0688,2404369.599999991,2300002.6000000057
177431777.0688,2404369.599999991,2300002.6000000057
177431779.0688,2404369.599999991,2300002.6000000057
177431781.0688,2404369.599999991,2300002.6000000057
177431783.0688,2404369.599999991,2300002.6000000057
177431785.0688,2404369.4999999907,2300002.6000000057
177431787.0688,2404369.4999999907,2300002.6000000057
177431789.0688,2404369.599999991,2300002.6000000057
177431791.0688,2404369.599999991,2300002.6000000057
177431793.0688,2404369.599999991,2300002.6000000057
177431795.0688,2404369.599999991,2300002.6000000057
177431797.0688,2404369.599999991,2300002.6000000057
177431799.0688,2404369.599999991,2300002.6000000057
177431801.0688,2404369.599999991,2300002.6000000057
177431803.0688,2404369.599999991,2300002.6000000057
177431805.0688,2404369.599999991,2300002.6000000057
177431807.0688,2404369.599999991,2300002.6000000057
177431809.0688,2404369.599999991,2300002.6000000057
177431811.0688,2404369.599999991,2300002.6000000057
177431813.0688,2415966.199999991,2300002.6000000057
177431815.0688,2415966.199999991,2300002.6000000057
177431817.0688,2415966.199999991,2300002.6000000057
177431819.0688,2415966.199999991,2300002.6000000057
177431821.0688,2415966.199999991,2300002.6000000057
177431823.0688,2415966.199999991,2300002.6000000057
177431825.0688,2415966.199999991,2300002.6000000057
177431827.0688,2415966.199999991,2300002.6000000057
177431829.0688,2415966.199999991,2300002.6000000057
177431831.0688,2415966.199999991,2300002.6000000057
177431833.0688,2415966.199999991,2300002.6000000057
177431835.0688,2415966.199999991,2300002.6000000057
177431837.0688,2415966.199999991,2300002.6000000057
177431839.0688,2415966.199999991,2300002.6000000057
177431841.0688,2415966.199999991,2300002.6000000057
177431843.0688,2415966.199999991,2300002.6000000057
177431845.0688,2415966.199999991,2300002.6000000057
177431847.0688,2415966.199999991,2300002.6000000057
177431849.0688,2415966.199999991,2300002.6000000057
177431851.0688,2415966.199999991,2300002.6000000057
177431853.0688,2415966.199999991,2300002.6000000057
177431855.0688,2415966.199999991,2300002.6000000057
177431857.0688,2415966.199999991,2300002.6000000057
177431859.0688,2415966.199999991,2300002.6000000057
177431861.0688,2415966.199999991,2300002.6000000057
177431863.0688,2415966.199999991,2300002.6000000057
177431865.0688,2415966.199999991,2300002.6000000057
177431867.0688,2415966.199999991,2300002.6000000057
177431869.0688,2415966.199999991,2300002.6000000057
177431871.0688,2415966.199999991,2300002.6000000057
177431873.0688,2415966.199999991,2300002.6000000057
177431875.0688,2415966.199999991,2300002.6000000057
177431877.0688,2415966.199999991,2300002.5000000056
177431879.0688,2415966.199999991,2300002.5000000056
177431881.0688,2415966.199999991,2300002.5000000056
177431883.0688,2415966.199999991,2300002.5000000056
177431885.0688,2415966.199999991,2300002.5000000056
177431887.0688,2415966.199999991,2300002.5000000056
177431889.0688,2415966.199999991,2300002.5000000056
177431891.0688,2415966.199999991,2300002.5000000056
177431893.0688,2415966.199999991,2300002.5000000056
177431895.0688,2415966.199999991,2300002.5000000056
177431897.0688,2415966.199999991,2300002.5000000056
177431899.0688,2415966.399999991,2300002.5000000056
177431901.0688,2415966.399999991,2300002.5000000056
177431903.0688,2415966.399999991,2300002.5000000056
177431905.0688,2415966.399999991,2300002.5000000056
177431907.0688,2415966.399999991,2300002.5000000056
177431909.0688,2415966.399999991,2300002.5000000056
177431911.0688,2415966.399999991,2300002.5000000056
177431913.0688,2415966.399999991,2300002.5000000056
177431915.0688,2415966.399999991,2300002.5000000056
177431917.0688,2415966.399999991,2300002.5000000056
177431919.0688,2415966.399999991,2300002.5000000056
177431921.0688,2415966.299999991,2300002.5000000056
177431923.0688,2415966.299999991,2300002.5000000056
177431925.0688,2415966.299999991,2300002.5000000056
177431927.0688,2415966.299999991,2300002.5000000056
177431929.0688,2415966.299999991,2300002.5000000056
177431931.0688,2415966.299999991,2300002.5000000056
177431933.0688,2415966.299999991,2300002.5000000056
177431935.0688,2415966.299999991,2300002.5000000056
177431937.0688,2415966.299999991,2300002.5000000056
177431939.0688,2415966.299999991,2300002.5000000056
177431941.0688,2415966.299999991,2300002.5000000056
177431943.0688,2415966.299999991,2300002.5000000056
177431945.0688,2415966.299999991,2300002.5000000056
177431947.0688,2415966.299999991,2300002.5000000056
177431949.0688,2415966.299999991,2300002.5000000056
177431951.0688,2415966.299999991,2300002.5000000056
177431953.0688,2415966.299999991,2300002.5000000056
177431955.0688,2415966.299999991,2300002.5000000056
177431957.0688,2415966.299999991,2300002.5000000056
177431959.0688,2415966.299999991,2300002.5000000056
177431961.0688,2415966.299999991,2300002.5000000056
177431963.0688,2415966.299999991,2300002.5000000056
177431965.0688,2415966.299999991,2300002.5000000056
177431967.0688,2415966.199999991,2300002.5000000056
177431969.0688,2415966.199999991,2300002.5000000056
177431971.0688,2415966.199999991,2300002.5000000056
177431973.0688,2415966.199999991,2300002.5000000056
177431975.0688,2415966.199999991,2300002.5000000056
177431977.0688,2415966.199999991,2300002.5000000056
177431979.0688,2415966.199999991,2300002.5000000056
177431981.0688,2415966.199999991,2300002.5000000056
177431983.0688,2415966.199999991,2300002.5000000056
177431985.0688,2415966.099999991,2300002.5000000056
177431987.0688,2415966.099999991,2300002.5000000056
177431989.0688,2415966.099999991,2300002.5000000056
177431991.0688,2415966.099999991,2300002.5000000056
177431993.0688,2415966.099999991,2300002.5000000056
177431995.0688,2415966.099999991,2300002.6000000057
177431997.0688,2415966.099999991,2300002.6000000057
177431999.0688,2415966.099999991,2300002.6000000057
177432001.0688,2415966.099999991,2300002.6000000057
177432003.0688,2415966.099999991,2300002.6000000057
177432005.0688,2415965.9999999907,2300002.6000000057
177432007.0688,2415965.8999999906,2300002.6000000057
177432009.0688,2415966.099999991,2300002.6000000057
177432011.0688,2415966.099999991,2300002.6000000057
177432013.0688,2415966.099999991,2300002.6000000057
177432015.0688,2415966.099999991,2300002.700000006
177432017.0688,2415966.099999991,2300002.700000006
177432019.0688,2415966.099999991,2300002.700000006
177432021.0688,2415966.099999991,2300002.700000006
177432023.0688,2415966.099999991,2300002.700000006
177432025.0688,2415966.199999991,2300002.700000006
177432027.0688,2415966.199999991,2300002.700000006
177432029.0688,2415966.199999991,2300002.700000006
177432031.0688,2415966.199999991,2300002.700000006
177432033.0688,2415966.199999991,2300002.700000006
177432035.0688,2415966.199999991,2300002.700000006
177432037.0688,2415966.199999991,2300002.700000006
177432039.0688,2415966.199999991,2300002.700000006
177432041.0688,2415966.199999991,2300002.700000006
177432043.0688,2415966.199999991,2300002.700000006
177432045.0688,2415966.199999991,2300002.700000006
177432047.0688,2415966.199999991,2300002.700000006
177432049.0688,2415966.199999991,2300002.700000006
177432051.0688,2415966.199999991,2300002.700000006
177432053.0688,2415966.199999991,2300002.700000006
177432055.0688,2415966.199999991,2300002.700000006
177432057.0688,2415966.199999991,2300002.700000006
177432059.0688,2415966.199999991,2300002.700000006
177432061.0688,2415966.199999991,2300002.700000006
177432063.0688,2415966.199999991,2300002.700000006
177432065.0688,2415966.199999991,2300002.700000006
177432067.0688,2415966.199999991,2300002.700000006
177432069.0688,2415966.199999991,2300002.700000006
177432071.0688,2415966.199999991,2300002.700000006
177432073.0688,2415966.199999991,2300002.700000006
177432075.0688,2415966.199999991,2300002.700000006
177432077.0688,2415966.199999991,2300002.700000006
177432079.0688,2415966.199999991,2300002.700000006
177432081.0688,2415966.199999991,2300002.700000006
177432083.0688,2415966.199999991,2300002.700000006
177432085.0688,2415966.199999991,2300002.700000006
177432087.0688,2415966.199999991,2300002.700000006
177432089.0688,2415966.199999991,2300002.700000006
177432091.0688,2415966.199999991,2300002.700000006
177432093.0688,2415966.199999991,2300002.700000006
177432095.0688,2415966.199999991,2300002.700000006
177432097.0688,2415966.099999991,2300002.700000006
177432099.0688,2415966.099999991,2300002.700000006
177432101.0688,2415966.099999991,2300002.700000006
177432103.0688,2415966.099999991,2300002.700000006
177432105.0688,2415966.099999991,2300002.700000006
177432107.0688,2415966.099999991,2300002.700000006
177432109.0688,2415966.099999991,2300002.700000006
177432111.0688,2415966.099999991,2300002.700000006
177432113.0688,2415966.099999991,2300002.700000006
177432115.0688,2415966.099999991,2300002.700000006
177432117.0688,2415966.099999991,2300002.700000006
177432119.0688,2415966.099999991,2300002.700000006
177432121.0688,2415966.099999991,2300002.700000006
177432123.0688,2415966.099999991,2300002.800000006
177432125.0688,2415966.099999991,2300002.800000006
177432127.0688,2415966.099999991,2300002.800000006
177432129.0688,2415966.099999991,2300002.800000006
177432131.0688,2415966.099999991,2300002.800000006
177432133.0688,2415966.099999991,2300002.800000006
177432135.0688,2415965.9999999907,2300002.800000006
177432137.0688,2415965.9999999907,2300002.800000006
177432139.0688,2415965.9999999907,2300002.800000006
177432141.0688,2415965.9999999907,2300002.900000006
177432143.0688,2415965.9999999907,2300002.900000006
177432145.0688,2415965.9999999907,2300002.900000006
177432147.0688,2415965.9999999907,2300002.900000006
177432149.0688,2415965.9999999907,2300002.900000006
177432151.0688,2415965.9999999907,2300002.900000006
177432153.0688,2415965.9999999907,2300002.900000006
177432155.0688,2415965.8999999906,2300002.900000006
177432157.0688,2415965.7999999905,2300002.900000006
177432159.0688,2415965.7999999905,2300002.900000006
177432161.0688,2415965.8999999906,2300002.900000006
177432163.0688,2415965.8999999906,2300002.900000006
177432165.0688,2415965.7999999905,2300002.900000006
177432167.0688,2415965.7999999905,2300002.900000006
177432169.0688,2415965.6999999904,2300002.900000006
177432171.0688,2415965.6999999904,2300002.900000006
177432173.0688,2415965.6999999904,2300002.900000006
177432175.0688,2415965.6999999904,2300002.900000006
177432177.0688,2415965.6999999904,2300002.900000006
177432179.0688,2415965.6999999904,2300002.900000006
177432181.0688,2415965.6999999904,2300002.900000006
177432183.0688,2415965.6999999904,2300002.900000006
177432185.0688,2415965.6999999904,2300002.900000006
177432187.0688,2415965.6999999904,2300002.900000006
177432189.0688,2415965.6999999904,2300002.900000006
177432191.0688,2415965.6999999904,2300002.900000006
177432193.0688,2415965.6999999904,2300002.900000006
177432195.0688,2415965.6999999904,2300002.900000006
177432197.0688,2415965.6999999904,2300002.900000006
177432199.0688,2415965.6999999904,2300002.900000006
177432201.0688,2415965.5999999903,2300002.900000006
177432203.0688,2415965.5999999903,2300002.900000006
177432205.0688,2415965.5999999903,2300002.900000006
177432207.0688,2415965.5999999903,2300002.900000006
177432209.0688,2415965.5999999903,2300002.900000006
177432211.0688,2415965.49999999,2300002.900000006
177432213.0688,2415965.49999999,2300002.900000006
177432215.0688,2415965.49999999,2300002.900000006
177432217.0688,2415965.49999999,2300002.900000006
177432219.0688,2415965.49999999,2300002.900000006
177432221.0688,2415965.49999999,2300002.900000006
177432223.0688,2415965.39999999,2300002.900000006
177432225.0688,2415965.39999999,2300002.900000006
177432227.0688,2415965.39999999,2300002.900000006
177432229.0688,2415965.39999999,2300002.900000006
177432231.0688,2415965.39999999,2300002.900000006
177432233.0688,2415965.39999999,2300002.900000006
177432235.0688,2415965.39999999,2300002.900000006
177432237.0688,2415965.39999999,2300002.900000006
177432239.0688,2415965.39999999,2300002.900000006
177432241.0688,2415965.39999999,2300002.900000006
177432243.0688,2415965.39999999,2300002.900000006
177432245.0688,2415965.39999999,2300002.900000006
177432247.0688,2415965.39999999,2300002.900000006
177432249.0688,2415965.39999999,2300002.900000006
177432251.0688,2415965.39999999,2300002.900000006
177432253.0688,2415965.39999999,2300002.900000006
177432255.0688,2415965.39999999,2300002.900000006
177432257.0688,2415965.19999999,2300002.900000006
177432259.0688,2415965.19999999,2300002.900000006
177432261.0688,2415965.19999999,2300002.900000006
177432263.0688,2415965.19999999,2300002.900000006
177432265.0688,2415965.19999999,2300002.900000006
177432267.0688,2415965.19999999,2300002.900000006
177432269.0688,2415965.19999999,2300002.900000006
177432271.0688,2415965.19999999,2300002.900000006
177432273.0688,2415965.19999999,2300002.900000006
177432275.0688,2415965.19999999,2300002.900000006
177432277.0688,2415965.19999999,2300002.900000006
177432279.0688,2415965.19999999,2300002.900000006
177432281.0688,2415965.19999999,2300002.900000006
177432283.0688,2415965.19999999,2300002.900000006
177432285.0688,2415965.19999999,2300002.900000006
177432287.0688,2415965.19999999,2300002.900000006
177432289.0688,2415965.09999999,2300002.900000006
177432291.0688,2415965.09999999,2300002.900000006
177432293.0688,2415965.09999999,2300002.900000006
177432295.0688,2415965.09999999,2300002.900000006
177432297.0688,2415965.09999999,2300002.900000006
177432299.0688,2415965.09999999,2300002.900000006
177432301.0688,2415965.09999999,2300002.900000006
177432303.0688,2415965.09999999,2300002.900000006
177432305.0688,2415965.09999999,2300002.900000006
177432307.0688,2415965.09999999,2300002.900000006
177432309.0688,2415965.09999999,2300002.900000006
177432311.0688,2415965.09999999,2300002.900000006
177432313.0688,2415965.09999999,2300002.900000006
177432315.0688,2415965.09999999,2300002.900000006
177432317.0688,2415965.09999999,2300002.900000006
177432319.0688,2415965.09999999,2300002.900000006
177432321.0688,2415965.09999999,2300002.900000006
177432323.0688,2415965.09999999,2300002.900000006
177432325.0688,2415965.09999999,2300002.900000006
177432327.0688,2415965.09999999,2300002.900000006
177432329.0688,2415965.09999999,2300002.900000006
177432331.0688,2415965.09999999,2300002.900000006
177432333.0688,2415965.09999999,2300002.900000006
177432335.0688,2415965.09999999,2300002.900000006
177432337.0688,2415965.09999999,2300002.900000006
177432339.0688,2415965.09999999,2300002.900000006
177432341.0688,2415965.09999999,2300002.900000006
177432343.0688,2415965.09999999,2300002.900000006
177432345.0688,2415965.09999999,2300002.900000006
177432347.0688,2415965.09999999,2300002.900000006
177432349.0688,2415965.09999999,2300002.900000006
177432351.0688,2415965.09999999,2300002.900000006
177432353.0688,2415965.29999999,2300002.900000006
177432355.0688,2415965.29999999,2300002.900000006
177432357.0688,2415965.29999999,2300002.900000006
177432359.0688,2415965.29999999,2300002.900000006
177432361.0688,2415965.29999999,2300002.900000006
177432363.0688,2415965.29999999,2300002.900000006
177432365.0688,2415965.29999999,2300002.900000006
177432367.0688,2415965.29999999,2300002.900000006
177432369.0688,2415965.29999999,2300002.900000006
177432371.0688,2415965.29999999,2300002.900000006
177432373.0688,2415965.29999999,2300002.900000006
177432375.0688,2415965.29999999,2300002.900000006
177432377.0688,2415965.29999999,2300002.900000006
177432379.0688,2415965.29999999,2300002.900000006
177432381.0688,2415965.29999999,2300002.900000006
177432383.0688,2415965.29999999,2300002.900000006
177432385.0688,2415965.29999999,2300002.900000006
177432387.0688,2415965.29999999,2300002.900000006
177432389.0688,2415965.29999999,2300002.900000006
177432391.0688,2415965.19999999,2300002.900000006
177432393.0688,2415965.19999999,2300002.900000006
177432395.0688,2415965.19999999,2300002.900000006
177432397.0688,2415965.19999999,2300002.900000006
177432399.0688,2415965.19999999,2300002.900000006
177432401.0688,2415965.09999999,2300002.900000006
177432403.0688,2415965.09999999,2300002.900000006
177432405.0688,2415965.09999999,2300002.900000006
177432407.0688,2415965.09999999,2300002.900000006
177432409.0688,2415965.09999999,2300002.900000006
177432411.0688,2415965.09999999,2300002.900000006
177432413.0688,2415965.19999999,2300002.900000006
177432415.0688,2415965.19999999,2300002.900000006
177432417.0688,2415965.19999999,2300002.900000006
177432419.0688,2415965.39999999,2300002.900000006
177432421.0688,2415965.39999999,2300002.900000006
177432423.0688,2415965.39999999,2300002.900000006
177432425.0688,2415965.39999999,2300002.900000006
177432427.0688,2415965.39999999,2300002.900000006
177432429.0688,2415965.39999999,2300002.900000006
177432431.0688,2415965.39999999,2300002.900000006
177432433.0688,2415965.29999999,2300002.900000006
177432435.0688,2415965.29999999,2300002.900000006
177432437.0688,2415965.19999999,2300002.900000006
177432439.0688,2415965.19999999,2300002.900000006
177432441.0688,2415965.19999999,2300002.900000006
177432443.0688,2415965.19999999,2300002.900000006
177432445.0688,2415965.19999999,2300002.900000006
177432447.0688,2415965.19999999,2300002.900000006
177432449.0688,2415965.19999999,2300002.900000006
177432451.0688,2415965.19999999,2300002.900000006
177432453.0688,2415965.09999999,2300002.900000006
177432455.0688,2415965.09999999,2300002.900000006
177432457.0688,2415965.09999999,2300002.900000006
177432459.0688,2415965.09999999,2300002.900000006
177432461.0688,2415965.09999999,2300002.900000006
177432463.0688,2415964.9999999898,2300002.900000006
177432465.0688,2415964.9999999898,2300002.900000006
177432467.0688,2415964.9999999898,2300002.900000006
177432469.0688,2415964.9999999898,2300002.900000006
177432471.0688,2415964.9999999898,2300002.900000006
177432473.0688,2415964.9999999898,2300002.900000006
177432475.0688,2415964.9999999898,2300002.900000006
177432477.0688,2415964.9999999898,2300002.900000006
177432479.0688,2415964.8999999897,2300002.900000006
177432481.0688,2415964.8999999897,2300002.900000006
177432483.0688,2415964.7999999896,2300002.900000006
177432485.0688,2415964.7999999896,2300002.900000006
177432487.0688,2415964.7999999896,2300002.900000006
177432489.0688,2415964.6999999895,2300002.900000006
177432491.0688,2415964.6999999895,2300002.900000006
177432493.0688,2415964.6999999895,2300002.900000006
177432495.0688,2415964.6999999895,2300002.900000006
177432497.0688,2415964.6999999895,2300002.900000006
177432499.0688,2415964.6999999895,2300002.900000006
177432501.0688,2415964.6999999895,2300002.900000006
177432503.0688,2415964.6999999895,2300002.900000006
177432505.0688,2415964.6999999895,2300002.900000006
177432507.0688,2415964.6999999895,2300002.900000006
177432509.0688,2415964.6999999895,2300002.900000006
177432511.0688,2415964.6999999895,2300002.900000006
177432513.0688,2415964.6999999895,2300002.900000006
177432515.0688,2415964.6999999895,2300002.900000006
177432517.0688,2415964.6999999895,2300002.900000006
177432519.0688,2415964.6999999895,2300002.900000006
177432521.0688,2415964.6999999895,2300002.900000006
177432523.0688,2415964.6999999895,2300002.900000006
177432525.0688,2415964.6999999895,2300002.900000006
177432527.0688,2415964.6999999895,2300002.900000006
177432529.0688,2415964.6999999895,2300002.900000006
177432531.0688,2415964.6999999895,2300003.000000006
177432533.0688,2415964.6999999895,2300003.000000006
177432535.0688,2415964.6999999895,2300003.000000006
177432537.0688,2415964.6999999895,2300003.000000006
177432539.0688,2415964.6999999895,2300003.000000006
177432541.0688,2415964.6999999895,2300003.000000006
177432543.0688,2415964.6999999895,2300003.000000006
177432545.0688,2415964.6999999895,2300003.000000006
177432547.0688,2415964.6999999895,2300003.000000006
177432549.0688,2415964.6999999895,2300003.000000006
177432551.0688,2415964.6999999895,2300003.000000006
177432553.0688,2415964.6999999895,2300003.000000006
177432555.0688,2415964.6999999895,2300003.000000006
177432557.0688,2415964.6999999895,2300003.000000006
177432559.0688,2415964.6999999895,2300003.000000006
177432561.0688,2415964.6999999895,2300003.000000006
177432563.0688,2415964.6999999895,2300003.000000006
177432565.0688,2415964.6999999895,2300003.000000006
177432567.0688,2415964.6999999895,2300003.000000006
177432569.0688,2415964.6999999895,2300003.000000006
177432571.0688,2415964.6999999895,2300003.000000006
177432573.0688,2415964.6999999895,2300003.000000006
177432575.0688,2415964.6999999895,2300003.000000006
177432577.0688,2415964.6999999895,2300003.000000006
177432579.0688,2415964.6999999895,2300003.000000006
177432581.0688,2415964.6999999895,2300003.000000006
177432583.0688,2415964.6999999895,2300003.000000006
177432585.0688,2415964.6999999895,2300003.000000006
177432587.0688,2415964.7999999896,2300003.000000006
177432589.0688,2415964.7999999896,2300003.000000006
177432591.0688,2415964.7999999896,2300003.000000006
177432593.0688,2415964.7999999896,2300003.000000006
177432595.0688,2415964.7999999896,2300003.000000006
177432597.0688,2415964.7999999896,2300003.000000006
177432599.0688,2415964.7999999896,2300003.000000006
177432601.0688,2404368.5999999894,2300003.000000006
177432603.0688,2404368.5999999894,2300003.000000006
177432605.0688,2404368.5999999894,2300003.000000006
177432607.0688,2404368.5999999894,2300003.000000006
177432609.0688,2404368.5999999894,2300003.000000006
177432611.0688,2404368.5999999894,2300003.000000006
177432613.0688,2404368.5999999894,2300003.000000006
177432615.0688,2404368.5999999894,2300003.000000006
177432617.1688,2404368.5999999894,2300003.000000006
177432619.0688,2404368.5999999894,2300003.000000006
177432621.0688,2404368.5999999894,2300003.000000006
177432623.0688,2404368.5999999894,2300003.000000006
177432625.0688,2404368.5999999894,2300003.000000006
177432627.0688,2404368.5999999894,2300003.000000006
177432629.0688,2404368.5999999894,2300003.000000006
177432631.0688,2404368.5999999894,2300003.000000006
177432633.0688,2404368.5999999894,2300003.000000006
177432635.0688,2404368.5999999894,2300003.000000006
177432637.0688,2404368.5999999894,2300003.000000006
177432639.0688,2404368.5999999894,2300003.000000006
177432641.0688,2404368.5999999894,2300003.000000006
177432643.0688,2404368.5999999894,2300003.000000006
177432645.0688,2404368.5999999894,2300003.000000006
177432647.0688,2404368.5999999894,2300003.000000006
177432649.0688,2404368.5999999894,2300003.000000006
177432651.0688,2404368.5999999894,2300003.000000006
177432653.0688,2404368.5999999894,2300003.000000006
177432655.0688,2404368.5999999894,2300003.000000006
177432657.0688,2404368.5999999894,2300003.000000006
177432659.0688,2404368.5999999894,2300003.000000006
177432661.0688,2404368.5999999894,2300003.000000006
177432663.0688,2404368.5999999894,2300003.000000006
177432665.0688,2404368.5999999894,2300003.000000006
177432667.0688,2404368.5999999894,2300003.000000006
177432669.0688,2404368.5999999894,2300003.000000006
177432671.0688,2404368.5999999894,2300003.000000006
177432673.0688,2404368.5999999894,2300003.000000006
177432675.0688,2404368.4999999893,2300003.000000006
177432677.0688,2404368.4999999893,2300003.000000006
177432679.0688,2404368.4999999893,2300003.000000006
177432681.0688,2404368.4999999893,2300003.000000006
177432683.0688,2404368.4999999893,2300003.000000006
177432685.0688,2404368.4999999893,2300003.000000006
177432687.0688,2404368.4999999893,2300003.000000006
177432689.0688,2404368.4999999893,2300003.000000006
177432691.0688,2404368.4999999893,2300003.000000006
177432693.0688,2404368.4999999893,2300003.000000006
177432695.0688,2404368.4999999893,2300003.000000006
177432697.0688,2404368.4999999893,2300003.000000006
177432699.0688,2404368.4999999893,2300003.000000006
177432701.0688,2404368.4999999893,2300003.000000006
177432703.0688,2404368.4999999893,2300003.000000006
177432705.0688,2404368.4999999893,2300003.000000006
177432707.0688,2404368.4999999893,2300003.000000006
177432709.0688,2404368.4999999893,2300003.000000006
177432711.0688,2404368.4999999893,2300003.000000006
177432713.0688,2404368.4999999893,2300003.000000006
177432715.0688,2404368.4999999893,2300003.000000006
177432717.0688,2404368.4999999893,2300003.000000006
177432719.0688,2404368.4999999893,2300003.000000006
177432721.0688,2404368.4999999893,2300003.000000006
177432723.0688,2404368.4999999893,2300003.000000006
177432725.0688,2404368.4999999893,2300003.000000006
177432727.0688,2404368.4999999893,2300003.000000006
177432729.0688,2404368.4999999893,2300003.000000006
177432731.0688,2404368.4999999893,2300003.000000006
177432733.0688,2404368.4999999893,2300003.000000006
177432735.0688,2404368.4999999893,2300003.000000006
177432737.0688,2404368.4999999893,2300003.000000006
177432739.0688,2404368.4999999893,2300003.000000006
177432741.0688,2404368.4999999893,2300003.000000006
177432743.0688,2404368.4999999893,2300003.000000006
177432745.0688,2404368.4999999893,2300003.000000006
177432747.0688,2404368.4999999893,2300003.000000006
177432749.0688,2404368.5999999894,2300003.000000006
177432751.0688,2415964.7999999896,2300003.000000006
177432753.0688,2415964.7999999896,2300003.000000006
177432755.0688,2415964.6999999895,2300003.000000006
177432757.0688,2415964.6999999895,2300003.000000006
177432759.0688,2415964.6999999895,2300003.000000006
177432761.0688,2415964.6999999895,2300003.000000006
177432763.0688,2415964.6999999895,2300003.000000006
177432765.0688,2415964.5999999894,2300003.000000006
177432767.0688,2415964.5999999894,2300003.000000006
177432769.0688,2415964.5999999894,2300003.000000006
177432771.0688,2415964.5999999894,2300003.000000006
177432773.0688,2415964.5999999894,2300003.000000006
177432775.0688,2415964.5999999894,2300003.000000006
177432777.0688,2415964.5999999894,2300003.000000006
177432779.0688,2415964.5999999894,2300003.000000006
177432781.0688,2415964.5999999894,2300003.000000006
177432783.0688,2415964.5999999894,2300003.000000006
177432785.0688,2415964.6999999895,2300003.000000006
177432787.0688,2415964.6999999895,2300003.000000006
177432789.0688,2415964.6999999895,2300003.000000006
177432791.0688,2415964.6999999895,2300003.000000006
177432793.0688,2415964.6999999895,2300003.000000006
177432795.0688,2415964.6999999895,2300003.000000006
177432797.0688,2415964.6999999895,2300003.000000006
177432799.0688,2415964.6999999895,2300003.000000006
177432801.0688,2415964.6999999895,2300003.000000006
177432803.0688,2415964.6999999895,2300003.000000006
177432805.0688,2415964.6999999895,2300003.000000006
177432807.0688,2415964.6999999895,2300003.000000006
177432809.0688,2415964.6999999895,2300003.000000006
177432811.0688,2415964.6999999895,2300003.000000006
177432813.0688,2415964.6999999895,2300003.000000006
177432815.0688,2415964.6999999895,2300003.000000006
177432817.0688,2415964.6999999895,2300003.000000006
177432819.0688,2415964.6999999895,2300003.000000006
177432821.0688,2415964.6999999895,2300003.000000006
177432823.0688,2415964.6999999895,2300003.000000006
177432825.0688,2415964.6999999895,2300003.000000006
177432827.0688,2415964.6999999895,2300003.000000006
177432829.0688,2415964.6999999895,2300003.000000006
177432831.0688,2415964.6999999895,2300003.000000006
177432833.0688,2415964.6999999895,2300003.000000006
177432835.0688,2415964.6999999895,2300003.000000006
177432837.0688,2415964.6999999895,2300003.000000006
177432839.0688,2415964.6999999895,2300003.000000006
177432841.0688,2415964.6999999895,2300003.000000006
177432843.0688,2415964.6999999895,2300003.000000006
177432845.0688,2415964.6999999895,2300003.000000006
177432847.0688,2415964.6999999895,2300003.000000006
177432849.0688,2415964.6999999895,2300003.000000006
177432851.0688,2415964.6999999895,2300003.000000006
177432853.0688,2415964.6999999895,2300003.000000006
177432855.0688,2415964.6999999895,2300003.000000006
177432857.0688,2415964.6999999895,2300003.000000006
177432859.0688,2415964.6999999895,2300003.000000006
177432861.0688,2415964.6999999895,2300003.000000006
177432863.0688,2415964.6999999895,2300003.000000006
177432865.0688,2415964.6999999895,2300003.000000006
177432867.0688,2415964.6999999895,2300003.000000006
177432869.0688,2415964.6999999895,2300003.100000006
177432871.0688,2415964.6999999895,2300003.100000006
177432873.0688,2415964.6999999895,2300003.100000006
177432875.0688,2415964.6999999895,2300003.100000006
177432877.0688,2415964.6999999895,2300003.100000006
177432879.0688,2415964.6999999895,2300003.100000006
177432881.0688,2415964.6999999895,2300003.100000006
177432883.0688,2415964.6999999895,2300003.100000006
177432885.0688,2415964.6999999895,2300003.100000006
177432887.0688,2415964.6999999895,2300003.100000006
177432889.0688,2415964.6999999895,2300003.100000006
177432891.0688,2415964.6999999895,2300003.2000000062
177432893.0688,2415964.6999999895,2300003.2000000062
177432895.0688,2415964.6999999895,2300003.2000000062
177432897.0688,2415964.6999999895,2300003.2000000062
177432899.0688,2415964.6999999895,2300003.2000000062
177432901.0688,2415964.6999999895,2300003.3000000063
177432903.0688,2415964.6999999895,2300003.3000000063
177432905.0688,2415964.6999999895,2300003.3000000063
177432907.0688,2415964.6999999895,2300003.3000000063
177432909.0688,2415964.6999999895,2300003.3000000063
177432911.0688,2415964.6999999895,2300003.3000000063
177432913.0688,2415964.6999999895,2300003.3000000063
177432915.0688,2415964.6999999895,2300003.3000000063
177432917.0688,2415964.6999999895,2300003.3000000063
177432919.0688,2415964.6999999895,2300003.3000000063
177432921.0688,2415964.6999999895,2300003.3000000063
177432923.0688,2415964.6999999895,2300003.3000000063
177432925.0688,2415964.6999999895,2300003.3000000063
177432927.0688,2415964.6999999895,2300003.3000000063
177432929.0688,2415964.6999999895,2300003.3000000063
177432931.0688,2415964.6999999895,2300003.3000000063
177432933.0688,2415964.6999999895,2300003.3000000063
177432935.0688,2415964.6999999895,2300003.3000000063
177432937.0688,2415964.6999999895,2300003.3000000063
177432939.0688,2415964.5999999894,2300003.4000000064
177432941.0688,2415964.5999999894,2300003.4000000064
177432943.0688,2415964.5999999894,2300003.4000000064
177432945.0688,2415964.5999999894,2300003.4000000064
177432947.0688,2415964.4999999893,2300003.4000000064
177432949.0688,2415964.4999999893,2300003.4000000064
177432951.0688,2415964.4999999893,2300003.4000000064
177432953.0688,2415964.4999999893,2300003.4000000064
177432955.0688,2415964.4999999893,2300003.4000000064
177432957.0688,2415964.4999999893,2300003.4000000064
177432959.0688,2415964.4999999893,2300003.4000000064
177432961.0688,2415964.4999999893,2300003.4000000064
177432963.0688,2415964.4999999893,2300003.4000000064
177432965.0688,2415964.399999989,2300003.4000000064
177432967.0688,2415964.299999989,2300003.4000000064
177432969.0688,2415964.299999989,2300003.4000000064
177432971.0688,2415964.299999989,2300003.4000000064
177432973.0688,2415964.299999989,2300003.4000000064
177432975.0688,2415964.299999989,2300003.4000000064
177432977.0688,2415964.299999989,2300003.4000000064
177432979.0688,2415964.299999989,2300003.4000000064
177432981.0688,2415964.299999989,2300003.4000000064
177432983.0688,2415964.299999989,2300003.4000000064
177432985.0688,2415964.299999989,2300003.4000000064
177432987.0688,2415964.299999989,2300003.4000000064
177432989.0688,2415964.299999989,2300003.4000000064
177432991.0688,2415964.299999989,2300003.4000000064
177432993.0688,2415964.299999989,2300003.4000000064
177432995.0688,2415964.299999989,2300003.4000000064
177432997.0688,2415964.299999989,2300003.4000000064
177432999.0688,2415964.299999989,2300003.4000000064
177433001.0688,2415964.299999989,2300003.4000000064
177433003.0688,2415964.299999989,2300003.4000000064
177433005.0688,2415964.299999989,2300003.4000000064
177433007.0688,2415964.299999989,2300003.4000000064
177433009.0688,2415964.299999989,2300003.4000000064
177433011.0688,2415964.299999989,2300003.4000000064
177433013.0688,2415964.299999989,2300003.4000000064
177433015.0688,2415964.299999989,2300003.4000000064
177433017.0688,2415964.299999989,2300003.4000000064
177433019.0688,2415964.299999989,2300003.4000000064
177433021.0688,2415964.299999989,2300003.4000000064
177433023.0688,2415964.299999989,2300003.4000000064
177433025.0688,2415964.299999989,2300003.4000000064
177433027.0688,2415964.299999989,2300003.4000000064
177433029.0688,2415964.299999989,2300003.4000000064
177433031.0688,2415964.299999989,2300003.4000000064
177433033.0688,2415964.299999989,2300003.4000000064
177433035.0688,2415964.299999989,2300003.4000000064
177433037.0688,2415964.299999989,2300003.4000000064
177433039.0688,2415964.299999989,2300003.4000000064
177433041.0688,2415964.299999989,2300003.5000000065
177433043.0688,2415964.299999989,2300003.5000000065
177433045.0688,2415964.299999989,2300003.5000000065
177433047.0688,2415964.299999989,2300003.5000000065
177433049.0688,2415964.299999989,2300003.5000000065
177433051.0688,2415964.299999989,2300003.5000000065
177433053.0688,2415964.299999989,2300003.5000000065
177433055.0688,2415964.299999989,2300003.5000000065
177433057.0688,2415964.299999989,2300003.5000000065
177433059.0688,2415964.299999989,2300003.5000000065
177433061.0688,2415964.299999989,2300003.5000000065
177433063.0688,2415964.299999989,2300003.5000000065
177433065.0688,2415964.299999989,2300003.5000000065
177433067.0688,2415964.299999989,2300003.5000000065
177433069.0688,2415964.299999989,2300003.5000000065
177433071.0688,2415964.299999989,2300003.5000000065
177433073.0688,2415964.299999989,2300003.5000000065
177433075.0688,2415964.299999989,2300003.5000000065
177433077.0688,2415964.299999989,2300003.5000000065
177433079.0688,2415964.299999989,2300003.5000000065
177433081.0688,2415964.299999989,2300003.5000000065
177433083.0688,2415964.299999989,2300003.5000000065
177433085.0688,2415964.299999989,2300003.5000000065
177433087.0688,2415964.299999989,2300003.5000000065
177433089.0688,2415964.299999989,2300003.5000000065
177433091.0688,2415964.299999989,2300003.5000000065
177433093.0688,2415964.299999989,2300003.5000000065
177433095.0688,2415964.299999989,2300003.5000000065
177433097.0688,2415964.299999989,2300003.5000000065
177433099.0688,2415964.299999989,2300003.5000000065
177433101.0688,2415964.299999989,2300003.5000000065
177433103.0688,2415964.299999989,2300003.5000000065
177433105.0688,2415964.299999989,2300003.5000000065
177433107.0688,2415964.299999989,2300003.5000000065
177433109.0688,2415964.299999989,2300003.5000000065
177433111.0688,2415964.299999989,2300003.5000000065
177433113.0688,2415964.299999989,2300003.5000000065
177433115.0688,2415964.299999989,2300003.5000000065
177433117.0688,2415964.299999989,2300003.5000000065
177433119.0688,2415964.299999989,2300003.5000000065
177433121.0688,2415964.299999989,2300003.7000000067
177433123.0688,2415964.299999989,2300003.7000000067
177433125.0688,2415964.299999989,2300003.7000000067
177433127.0688,2415964.299999989,2300003.7000000067
177433129.0688,2415964.299999989,2300003.7000000067
177433131.0688,2415964.299999989,2300003.7000000067
177433133.0688,2415964.299999989,2300003.7000000067
177433135.0688,2415964.199999989,2300003.7000000067
177433137.0688,2415964.199999989,2300003.7000000067
177433139.0688,2415964.199999989,2300003.7000000067
177433141.0688,2415964.199999989,2300003.7000000067
177433143.0688,2415964.199999989,2300003.7000000067
177433145.0688,2415964.199999989,2300003.7000000067
177433147.0688,2415964.199999989,2300003.800000007
177433149.0688,2415964.099999989,2300003.800000007
177433151.0688,2415964.099999989,2300003.800000007
177433153.0688,2415964.099999989,2300003.800000007
177433155.0688,2415964.099999989,2300003.800000007
177433157.0688,2415964.099999989,2300003.800000007
177433159.0688,2415964.099999989,2300003.800000007
177433161.0688,2415964.099999989,2300003.800000007
177433163.0688,2415964.099999989,2300003.800000007
177433165.0688,2415964.099999989,2300003.800000007
177433167.0688,2415964.099999989,2300003.800000007
177433169.0688,2415964.099999989,2300003.800000007
177433171.0688,2415964.099999989,2300003.900000007
177433173.0688,2415964.099999989,2300003.900000007
177433175.0688,2415964.099999989,2300003.900000007
177433177.0688,2415964.099999989,2300003.900000007
177433179.0688,2415964.099999989,2300003.900000007
177433181.0688,2415964.099999989,2300003.900000007
177433183.0688,2415964.099999989,2300003.900000007
177433185.0688,2415964.099999989,2300003.900000007
177433187.0688,2415964.099999989,2300003.900000007
177433189.0688,2415964.099999989,2300003.900000007
177433191.0688,2415964.099999989,2300003.900000007
177433193.0688,2415964.099999989,2300003.900000007
177433195.0688,2415964.099999989,2300003.900000007
177433197.0688,2415964.099999989,2300003.900000007
177433199.0688,2415964.099999989,2300003.900000007
177433201.0688,2415964.099999989,2300003.900000007
177433203.0688,2415964.099999989,2300003.900000007
177433205.0688,2415964.099999989,2300003.900000007
177433207.0688,2415964.099999989,2300004.000000007
177433209.0688,2415964.099999989,2300004.000000007
177433211.0688,2415964.099999989,2300004.000000007
177433213.0688,2415964.099999989,2300004.000000007
177433215.0688,2415964.099999989,2300004.000000007
177433217.0688,2415964.099999989,2300004.000000007
177433219.0688,2415964.099999989,2300004.000000007
177433221.0688,2415964.099999989,2300004.000000007
177433223.0688,2415964.099999989,2300004.000000007
177433225.0688,2415964.099999989,2300004.000000007
177433227.0688,2415964.099999989,2300004.000000007
177433229.0688,2415964.099999989,2300004.000000007
177433231.0688,2415964.099999989,2300004.000000007
177433233.0688,2415964.099999989,2300004.100000007
177433235.0688,2415964.099999989,2300004.100000007
177433237.0688,2415964.099999989,2300004.100000007
177433239.0688,2415964.099999989,2300004.100000007
177433241.0688,2415964.099999989,2300004.100000007
177433243.0688,2415964.099999989,2300004.100000007
177433245.0688,2415964.099999989,2300004.100000007
177433247.0688,2415963.999999989,2300004.100000007
177433249.0688,2415963.8999999887,2300004.100000007
177433251.0688,2415963.8999999887,2300004.100000007
177433253.0688,2415963.8999999887,2300004.100000007
177433255.0688,2415963.8999999887,2300004.100000007
177433257.0688,2415963.8999999887,2300004.100000007
177433259.0688,2415963.8999999887,2300004.100000007
177433261.0688,2415963.8999999887,2300004.100000007
177433263.0688,2415963.8999999887,2300004.100000007
177433265.0688,2415963.8999999887,2300004.100000007
177433267.0688,2415963.8999999887,2300004.100000007
177433269.0688,2415963.8999999887,2300004.100000007
177433271.0688,2415963.8999999887,2300004.100000007
177433273.0688,2415963.8999999887,2300004.100000007
177433275.0688,2415963.7999999886,2300004.100000007
177433277.0688,2415963.7999999886,2300004.100000007
177433279.0688,2415963.7999999886,2300004.100000007
177433281.0688,2415963.7999999886,2300004.100000007
177433283.0688,2415963.7999999886,2300004.100000007
177433285.0688,2415963.7999999886,2300004.100000007
177433287.0688,2415963.7999999886,2300004.100000007
177433289.0688,2415963.7999999886,2300004.100000007
177433291.0688,2415963.7999999886,2300004.100000007
177433293.0688,2415963.7999999886,2300004.100000007
177433295.1688,2415963.7999999886,2300004.100000007
177433297.0688,2415963.7999999886,2300004.100000007
177433299.0688,2415963.7999999886,2300004.100000007
177433301.0688,2415963.7999999886,2300004.100000007
177433303.0688,2415963.7999999886,2300004.100000007
177433305.0688,2415963.7999999886,2300004.100000007
177433307.0688,2415963.7999999886,2300004.100000007
177433309.0688,2415963.7999999886,2300004.100000007
177433311.0688,2415963.7999999886,2300004.100000007
177433313.0688,2415963.7999999886,2300004.100000007
177433315.0688,2415963.7999999886,2300004.100000007
177433317.0688,2415963.7999999886,2300004.100000007
177433319.0688,2415963.7999999886,2300004.100000007
177433321.0688,2415963.7999999886,2300004.100000007
177433323.0688,2415963.7999999886,2300004.100000007
177433325.0688,2415963.7999999886,2300004.100000007
177433327.0688,2415963.7999999886,2300004.100000007
177433329.0688,2415963.7999999886,2300004.100000007
177433331.0688,2415963.7999999886,2300004.100000007
177433333.0688,2415963.7999999886,2300004.100000007
177433335.0688,2415963.7999999886,2300004.100000007
177433337.0688,2415963.7999999886,2300004.100000007
177433339.0688,2415963.7999999886,2300004.100000007
177433341.0688,2415963.7999999886,2300004.100000007
177433343.0688,2415963.7999999886,2300004.100000007
177433345.0688,2415963.7999999886,2300004.100000007
177433347.0688,2415963.7999999886,2300004.100000007
177433349.0688,2415963.7999999886,2300004.100000007
177433351.0688,2415963.7999999886,2300004.200000007
177433353.0688,2415963.7999999886,2300004.3000000073
177433355.0688,2415963.7999999886,2300004.3000000073
177433357.0688,2415963.7999999886,2300004.3000000073
177433359.0688,2415963.7999999886,2300004.3000000073
177433361.0688,2415963.7999999886,2300004.3000000073
177433363.0688,2415963.7999999886,2300004.3000000073
177433365.0688,2415963.7999999886,2300004.3000000073
177433367.0688,2415963.7999999886,2300004.3000000073
177433369.0688,2415963.7999999886,2300004.3000000073
177433371.0688,2415963.7999999886,2300004.3000000073
177433373.0688,2415963.7999999886,2300004.3000000073
177433375.0688,2415963.7999999886,2300004.3000000073
177433377.0688,2415963.7999999886,2300004.3000000073
177433379.0688,2415963.7999999886,2300004.3000000073
177433381.0688,2415963.7999999886,2300004.3000000073
177433383.0688,2415963.7999999886,2300004.3000000073
177433385.0688,2415963.7999999886,2300004.3000000073
177433387.0688,2415963.7999999886,2300004.3000000073
177433389.0688,2415963.7999999886,2300004.3000000073
177433391.0688,2415963.7999999886,2300004.3000000073
177433393.0688,2415963.7999999886,2300004.3000000073
177433395.0688,2415963.7999999886,2300004.3000000073
177433397.0688,2415963.7999999886,2300004.3000000073
177433399.0688,2415963.7999999886,2300004.3000000073
177433401.0688,2415963.7999999886,2300004.3000000073
177433403.0688,2415963.7999999886,2300004.3000000073
177433405.0688,2415963.7999999886,2300004.3000000073
177433407.0688,2415963.7999999886,2300004.3000000073
177433409.0688,2415963.7999999886,2300004.3000000073
177433411.0688,2415963.7999999886,2300004.3000000073
177433413.0688,2415963.7999999886,2300004.3000000073
177433415.0688,2415963.7999999886,2300004.3000000073
177433417.0688,2415963.7999999886,2300004.3000000073
177433419.0688,2415963.7999999886,2300004.3000000073
177433421.0688,2415963.7999999886,2300004.3000000073
177433423.0688,2415963.7999999886,2300004.3000000073
177433425.0688,2415963.7999999886,2300004.3000000073
177433427.0688,2415963.7999999886,2300004.3000000073
177433429.0688,2415963.7999999886,2300004.3000000073
177433431.0688,2415963.7999999886,2300004.3000000073
177433433.0688,2415963.7999999886,2300004.3000000073
177433435.0688,2415963.7999999886,2300004.3000000073
177433437.0688,2415963.7999999886,2300004.3000000073
177433439.0688,2415963.7999999886,2300004.3000000073
177433441.0688,2415963.7999999886,2300004.3000000073
177433443.0688,2415963.7999999886,2300004.3000000073
177433445.0688,2415963.7999999886,2300004.3000000073
177433447.0688,2415963.7999999886,2300004.3000000073
177433449.0688,2415963.6999999885,2300004.3000000073
177433451.0688,2415963.6999999885,2300004.3000000073
177433453.0688,2415963.6999999885,2300004.3000000073
177433455.0688,2415963.6999999885,2300004.3000000073
177433457.0688,2415963.6999999885,2300004.3000000073
177433459.0688,2415963.6999999885,2300004.3000000073
177433461.0688,2415963.6999999885,2300004.3000000073
177433463.0688,2415963.6999999885,2300004.3000000073
177433465.0688,2415963.6999999885,2300004.3000000073
177433467.0688,2415963.6999999885,2300004.3000000073
177433469.0688,2415963.6999999885,2300004.3000000073
177433471.0688,2415963.5999999885,2300004.3000000073
177433473.0688,2415963.5999999885,2300004.4000000074
177433475.0688,2415963.5999999885,2300004.4000000074
177433477.0688,2415963.5999999885,2300004.4000000074
177433479.0688,2415963.5999999885,2300004.4000000074
177433481.0688,2415963.5999999885,2300004.4000000074
177433483.0688,2415963.5999999885,2300004.4000000074
177433485.0688,2415963.5999999885,2300004.4000000074
177433487.0688,2415963.4999999884,2300004.4000000074
177433489.0688,2415963.4999999884,2300004.4000000074
177433491.0688,2415963.4999999884,2300004.4000000074
177433493.0688,2415963.4999999884,2300004.4000000074
177433495.0688,2415963.4999999884,2300004.4000000074
177433497.0688,2415963.4999999884,2300004.4000000074
177433499.0688,2415963.4999999884,2300004.4000000074
177433501.0688,2415963.4999999884,2300004.4000000074
177433503.0688,2415963.4999999884,2300004.4000000074
177433505.0688,2415963.4999999884,2300004.4000000074
177433507.0688,2415963.4999999884,2300004.4000000074
177433509.0688,2415963.4999999884,2300004.4000000074
177433511.0688,2415963.4999999884,2300004.4000000074
177433513.0688,2415963.4999999884,2300004.4000000074
177433515.0688,2415963.4999999884,2300004.4000000074
177433517.0688,2415963.4999999884,2300004.4000000074
177433519.0688,2415963.4999999884,2300004.4000000074
177433521.0688,2415963.4999999884,2300004.4000000074
177433523.0688,2415963.4999999884,2300004.4000000074
177433525.0688,2415963.4999999884,2300004.4000000074
177433527.0688,2415963.4999999884,2300004.4000000074
177433529.0688,2415963.4999999884,2300004.4000000074
177433531.0688,2415963.4999999884,2300004.4000000074
177433533.0688,2415963.4999999884,2300004.4000000074
177433535.0688,2415963.4999999884,2300004.4000000074
177433537.0688,2415963.4999999884,2300004.4000000074
177433539.0688,2415963.4999999884,2300004.4000000074
177433541.0688,2415963.4999999884,2300004.4000000074
177433543.0688,2415963.4999999884,2300004.4000000074
177433545.0688,2415963.4999999884,2300004.4000000074
177433547.0688,2415963.4999999884,2300004.4000000074
177433549.0688,2415963.4999999884,2300004.3000000073
177433551.0688,2415963.4999999884,2300004.3000000073
177433553.0688,2415963.4999999884,2300004.3000000073
177433555.0688,2415963.4999999884,2300004.3000000073
177433557.0688,2415963.4999999884,2300004.3000000073
177433559.0688,2415963.4999999884,2300004.3000000073
177433561.0688,2415963.3999999883,2300004.3000000073
177433563.0688,2415963.3999999883,2300004.3000000073
177433565.0688,2415963.299999988,2300004.3000000073
177433567.0688,2415963.299999988,2300004.3000000073
177433569.0688,2415963.299999988,2300004.3000000073
177433571.0688,2415963.299999988,2300004.3000000073
177433573.0688,2415963.299999988,2300004.3000000073
177433575.0688,2415963.299999988,2300004.3000000073
177433577.0688,2415963.299999988,2300004.3000000073
177433579.0688,2415963.299999988,2300004.3000000073
177433581.0688,2415963.3999999883,2300004.3000000073
177433583.0688,2415963.3999999883,2300004.3000000073
177433585.0688,2415963.3999999883,2300004.3000000073
177433587.0688,2415963.3999999883,2300004.3000000073
177433589.0688,2415963.3999999883,2300004.3000000073
177433591.0688,2415963.3999999883,2300004.3000000073
177433593.0688,2415963.3999999883,2300004.3000000073
177433595.0688,2415963.3999999883,2300004.3000000073
177433597.0688,2415963.3999999883,2300004.3000000073
177433599.0688,2415963.3999999883,2300004.3000000073
177433601.0688,2415963.3999999883,2300004.3000000073
177433603.0688,2415963.3999999883,2300004.3000000073
177433605.0688,2415963.299999988,2300004.3000000073
177433607.0688,2415963.299999988,2300004.3000000073
177433609.0688,2415963.3999999883,2300004.3000000073
177433611.0688,2415963.3999999883,2300004.3000000073
177433613.0688,2415963.3999999883,2300004.3000000073
177433615.0688,2415963.3999999883,2300004.3000000073
177433617.0688,2415963.3999999883,2300004.3000000073
177433619.0688,2415963.3999999883,2300004.3000000073
177433621.0688,2415963.3999999883,2300004.3000000073
177433623.0688,2415963.3999999883,2300004.3000000073
177433625.0688,2415963.3999999883,2300004.3000000073
177433627.0688,2415963.3999999883,2300004.3000000073
177433629.0688,2415963.3999999883,2300004.3000000073
177433631.0688,2415963.3999999883,2300004.3000000073
177433633.0688,2415963.3999999883,2300004.3000000073
177433635.0688,2415963.3999999883,2300004.3000000073
177433637.0688,2415963.3999999883,2300004.3000000073
177433639.0688,2415963.3999999883,2300004.3000000073
177433641.0688,2415963.3999999883,2300004.3000000073
177433643.0688,2415963.3999999883,2300004.3000000073
177433645.0688,2415963.3999999883,2300004.3000000073
177433647.0688,2415963.3999999883,2300004.3000000073
177433649.0688,2415963.3999999883,2300004.3000000073
177433651.0688,2415963.3999999883,2300004.3000000073
177433653.0688,2415963.3999999883,2300004.3000000073
177433655.0688,2415963.3999999883,2300004.3000000073
177433657.0688,2415963.3999999883,2300004.3000000073
177433659.0688,2415963.3999999883,2300004.3000000073
177433661.0688,2415963.3999999883,2300004.3000000073
177433663.0688,2415963.3999999883,2300004.3000000073
177433665.0688,2415963.3999999883,2300004.3000000073
177433667.0688,2415963.3999999883,2300004.3000000073
177433669.0688,2415963.3999999883,2300004.3000000073
177433671.0688,2415963.3999999883,2300004.3000000073
177433673.0688,2415963.3999999883,2300004.4000000074
177433675.0688,2415963.3999999883,2300004.4000000074
177433677.0688,2415963.4999999884,2300004.4000000074
177433679.0688,2415963.6999999885,2300004.4000000074
177433681.0688,2415963.6999999885,2300004.4000000074
177433683.0688,2415964.8999999887,2300004.4000000074
177433685.0688,2415964.8999999887,2300004.4000000074
177433687.0688,2415964.8999999887,2300004.4000000074
177433689.0688,2415964.8999999887,2300004.4000000074
177433691.0688,2415964.8999999887,2300004.4000000074
177433693.0688,2415964.8999999887,2300004.4000000074
177433695.0688,2415964.8999999887,2300004.4000000074
177433697.0688,2415967.1999999885,2300004.4000000074
177433699.0688,2415967.1999999885,2300004.4000000074
177433701.0688,2415967.1999999885,2300004.4000000074
177433703.0688,2415967.1999999885,2300004.4000000074
177433705.0688,2415967.1999999885,2300004.4000000074
177433707.0688,2415967.1999999885,2300004.4000000074
177433709.0688,2415967.1999999885,2300004.4000000074
177433711.0688,2415967.1999999885,2300004.4000000074
177433713.0688,2415967.1999999885,2300004.4000000074
177433715.0688,2415967.2999999886,2300004.4000000074
177433717.0688,2415967.2999999886,2300004.4000000074
177433719.0688,2415967.2999999886,2300004.4000000074
177433721.0688,2415967.2999999886,2300004.5000000075
177433723.0688,2415967.2999999886,2300004.5000000075
177433725.0688,2415968.0999999885,2300004.5000000075
177433727.0688,2415968.0999999885,2300004.5000000075
177433729.0688,2415968.0999999885,2300004.5000000075
177433731.0688,2415968.0999999885,2300004.5000000075
177433733.0688,2415968.0999999885,2300004.5000000075
177433735.0688,2415968.0999999885,2300004.6000000075
177433737.0688,2415968.0999999885,2300004.6000000075
177433739.0688,2415968.0999999885,2300004.7000000076
177433741.0688,2415968.0999999885,2300004.7000000076
177433743.0688,2415968.0999999885,2300004.8000000077
177433745.0688,2415968.0999999885,2300004.8000000077
177433747.0688,2415968.0999999885,2300004.8000000077
177433749.0688,2415968.0999999885,2300004.8000000077
177433751.0688,2415968.0999999885,2300004.8000000077
177433753.0688,2415968.0999999885,2300004.900000008
177433755.0688,2415968.0999999885,2300004.900000008
177433757.0688,2415968.0999999885,2300004.900000008
177433759.0688,2415968.0999999885,2300004.900000008
177433761.0688,2415968.0999999885,2300005.000000008
177433763.0688,2415968.0999999885,2300005.000000008
177433765.0688,2415968.0999999885,2300005.000000008
177433767.0688,2415968.0999999885,2300005.000000008
177433769.0688,2415968.0999999885,2300005.000000008
177433771.0688,2415968.0999999885,2300005.000000008
177433773.0688,2415968.0999999885,2300005.000000008
177433775.0688,2415968.0999999885,2300005.000000008
177433777.0688,2415968.0999999885,2300005.000000008
177433779.0688,2415968.0999999885,2300005.000000008
177433781.0688,2415968.0999999885,2300005.000000008
177433783.0688,2415968.0999999885,2300005.000000008
177433785.0688,2415968.0999999885,2300005.000000008
177433787.0688,2415967.9999999884,2300005.000000008
177433789.0688,2415967.9999999884,2300005.000000008
177433791.0688,2415967.9999999884,2300005.000000008
177433793.0688,2415967.9999999884,2300005.000000008
177433795.0688,2415967.9999999884,2300005.000000008
177433797.0688,2415967.9999999884,2300005.000000008
177433799.0688,2415967.9999999884,2300005.000000008
177433801.0688,2415967.9999999884,2300005.000000008
177433803.0688,2415967.9999999884,2300005.000000008
177433805.0688,2415967.9999999884,2300005.000000008
177433807.0688,2415967.9999999884,2300005.000000008
177433809.0688,2415967.9999999884,2300005.000000008
177433811.0688,2415967.9999999884,2300005.000000008
177433813.0688,2415967.9999999884,2300005.000000008
177433815.0688,2415967.9999999884,2300005.000000008
177433817.0688,2415967.9999999884,2300005.000000008
177433819.0688,2415967.9999999884,2300005.000000008
177433821.0688,2415967.9999999884,2300005.000000008
177433823.0688,2415967.9999999884,2300005.000000008
177433825.0688,2415967.9999999884,2300005.000000008
177433827.0688,2415967.9999999884,2300005.000000008
177433829.0688,2415967.9999999884,2300005.000000008
177433831.0688,2415967.9999999884,2300005.000000008
177433833.0688,2415967.9999999884,2300005.000000008
177433835.0688,2415967.9999999884,2300005.000000008
177433837.0688,2415967.9999999884,2300005.000000008
177433839.0688,2415967.9999999884,2300005.000000008
177433841.0688,2415967.9999999884,2300005.000000008
177433843.0688,2415967.9999999884,2300005.000000008
177433845.0688,2415967.9999999884,2300005.000000008
177433847.0688,2415968.0999999885,2300005.000000008
177433849.0688,2415968.0999999885,2300005.000000008
177433851.0688,2415969.6999999885,2300005.000000008
177433853.0688,2415969.6999999885,2300005.000000008
177433855.0688,2415969.6999999885,2300005.000000008
177433857.0688,2415969.6999999885,2300005.000000008
177433859.0688,2415969.6999999885,2300005.000000008
177433861.0688,2415969.6999999885,2300005.000000008
177433863.0688,2415969.6999999885,2300005.000000008
177433865.0688,2415969.6999999885,2300005.000000008
177433867.0688,2415969.6999999885,2300005.000000008
177433869.0688,2415969.6999999885,2300005.000000008
177433871.0688,2415969.6999999885,2300005.000000008
177433873.0688,2415969.6999999885,2300005.000000008
177433875.0688,2415969.6999999885,2300005.000000008
177433877.0688,2415969.6999999885,2300005.000000008
177433879.0688,2415969.6999999885,2300005.000000008
177433881.0688,2415969.6999999885,2300005.000000008
177433883.0688,2415969.6999999885,2300005.000000008
177433885.0688,2415969.6999999885,2300005.000000008
177433887.0688,2415969.6999999885,2300005.000000008
177433889.0688,2415969.6999999885,2300005.000000008
177433891.0688,2415969.6999999885,2300005.000000008
177433893.0688,2415969.6999999885,2300005.000000008
177433895.0688,2415969.6999999885,2300005.000000008
177433897.0688,2415969.6999999885,2300005.000000008
177433899.0688,2415969.6999999885,2300005.100000008
177433901.0688,2415969.6999999885,2300005.100000008
177433903.0688,2415969.6999999885,2300005.100000008
177433905.0688,2415969.6999999885,2300005.100000008
177433907.0688,2415969.6999999885,2300005.100000008
177433909.0688,2415969.6999999885,2300005.100000008
177433911.0688,2415969.6999999885,2300005.100000008
177433913.0688,2415969.6999999885,2300005.100000008
177433915.0688,2415969.6999999885,2300005.100000008
177433917.0688,2415969.6999999885,2300005.100000008
177433919.0688,2415969.6999999885,2300005.100000008
177433921.0688,2415969.6999999885,2300005.100000008
177433923.0688,2415969.6999999885,2300005.100000008
177433925.0688,2415969.6999999885,2300005.100000008
177433927.0688,2415969.6999999885,2300005.100000008
177433929.0688,2415969.6999999885,2300005.100000008
177433931.0688,2415969.6999999885,2300005.100000008
177433933.0688,2415969.6999999885,2300005.100000008
177433935.0688,2415969.6999999885,2300005.100000008
177433937.0688,2415969.6999999885,2300005.100000008
177433939.0688,2415969.6999999885,2300005.100000008
177433941.0688,2415969.6999999885,2300005.100000008
177433943.0688,2415969.6999999885,2300005.100000008
177433945.0688,2415969.6999999885,2300005.100000008
177433947.0688,2415969.6999999885,2300005.100000008
177433949.0688,2415969.6999999885,2300005.100000008
177433951.0688,2415969.6999999885,2300005.100000008
177433953.0688,2415969.6999999885,2300005.100000008
177433955.0688,2415969.6999999885,2300005.100000008
177433957.0688,2415969.6999999885,2300005.100000008
177433959.0688,2415969.6999999885,2300005.100000008
177433961.0688,2415969.6999999885,2300005.100000008
177433963.0688,2415969.6999999885,2300005.100000008
177433965.0688,2415969.6999999885,2300005.100000008
177433967.0688,2415969.6999999885,2300005.100000008
177433969.0688,2415969.6999999885,2300005.100000008
177433971.0688,2415969.6999999885,2300005.100000008
177433973.0688,2415969.6999999885,2300005.100000008
177433975.0688,2415969.6999999885,2300005.100000008
177433977.0688,2415969.6999999885,2300005.100000008
177433979.0688,2415969.6999999885,2300005.100000008
177433981.0688,2415969.6999999885,2300005.100000008
177433983.0688,2415969.6999999885,2300005.100000008
177433985.0688,2415969.6999999885,2300005.100000008
177433987.0688,2415969.6999999885,2300005.100000008
177433989.0688,2415969.6999999885,2300005.100000008
177433991.0688,2415969.6999999885,2300005.100000008
177433993.0688,2415969.6999999885,2300005.100000008
177433995.0688,2415969.6999999885,2300005.100000008
177433997.0688,2415969.6999999885,2300005.100000008
177433999.0688,2415969.6999999885,2300005.100000008
177434001.0688,2415969.6999999885,2300005.100000008
177434003.0688,2415969.6999999885,2300005.100000008
177434005.0688,2415969.6999999885,2300005.100000008
177434007.0688,2415969.6999999885,2300005.100000008
177434009.0688,2415969.6999999885,2300005.100000008
177434011.0688,2415969.6999999885,2300005.100000008
177434013.0688,2415969.6999999885,2300005.100000008
177434015.0688,2415969.6999999885,2300005.100000008
177434017.0688,2415969.6999999885,2300005.100000008
177434019.0688,2415969.6999999885,2300005.100000008
177434021.0688,2415969.6999999885,2300005.100000008
177434023.0688,2415969.6999999885,2300005.100000008
177434025.0688,2415969.6999999885,2300005.100000008
177434027.0688,2415969.6999999885,2300005.100000008
177434029.0688,2415969.6999999885,2300005.100000008
177434031.0688,2415969.5999999885,2300005.100000008
177434033.0688,2415969.5999999885,2300005.100000008
177434035.0688,2415969.5999999885,2300005.100000008
177434037.0688,2415969.5999999885,2300005.100000008
177434039.0688,2415969.5999999885,2300005.100000008
177434041.0688,2415969.5999999885,2300005.100000008
177434043.0688,2415969.5999999885,2300005.100000008
177434045.0688,2415969.5999999885,2300005.100000008
177434047.0688,2415969.5999999885,2300005.200000008
177434049.0688,2415969.5999999885,2300005.200000008
177434051.0688,2415969.5999999885,2300005.200000008
177434053.0688,2415969.5999999885,2300005.200000008
177434055.0688,2415969.5999999885,2300005.200000008
177434057.0688,2415969.5999999885,2300005.200000008
177434059.0688,2415969.5999999885,2300005.200000008
177434061.0688,2415969.5999999885,2300005.200000008
177434063.0688,2415969.5999999885,2300005.200000008
177434065.0688,2415969.5999999885,2300005.200000008
177434067.0688,2415969.5999999885,2300005.200000008
177434069.0688,2415969.5999999885,2300005.200000008
177434071.0688,2415969.5999999885,2300005.200000008
177434073.0688,2415969.5999999885,2300005.200000008
177434075.0688,2415969.5999999885,2300005.200000008
177434077.0688,2415969.5999999885,2300005.200000008
177434079.0688,2415969.5999999885,2300005.200000008
177434081.0688,2415969.5999999885,2300005.200000008
177434083.0688,2415969.5999999885,2300005.200000008
177434085.0688,2415969.5999999885,2300005.200000008
177434087.0688,2415969.5999999885,2300005.100000008
177434089.0688,2415969.5999999885,2300005.100000008
177434091.0688,2415969.5999999885,2300005.100000008
177434093.0688,2415969.5999999885,2300005.100000008
177434095.0688,2415969.5999999885,2300005.100000008
177434097.0688,2415969.5999999885,2300005.100000008
177434099.0688,2415969.5999999885,2300005.100000008
177434101.0688,2415969.5999999885,2300005.100000008
177434103.0688,2415969.5999999885,2300005.100000008
177434105.0688,2415969.5999999885,2300005.100000008
177434107.0688,2415969.5999999885,2300005.100000008
177434109.0688,2415969.5999999885,2300005.100000008
177434111.0688,2415969.5999999885,2300005.100000008
177434113.0688,2415969.5999999885,2300005.100000008
177434115.0688,2415969.5999999885,2300005.100000008
177434117.0688,2415969.5999999885,2300005.100000008
177434119.0688,2415969.5999999885,2300005.100000008
177434121.0688,2415969.5999999885,2300005.100000008
177434123.0688,2415969.5999999885,2300005.100000008
177434125.0688,2415969.5999999885,2300005.200000008
177434127.0688,2415969.5999999885,2300005.200000008
177434129.0688,2415969.5999999885,2300005.200000008
177434131.0688,2415969.5999999885,2300005.200000008
177434133.0688,2415969.5999999885,2300005.200000008
177434135.0688,2415969.5999999885,2300005.200000008
177434137.0688,2415969.5999999885,2300005.200000008
177434139.0688,2415969.5999999885,2300005.200000008
177434141.0688,2415969.5999999885,2300005.200000008
177434143.0688,2415969.5999999885,2300005.200000008
177434145.0688,2415969.5999999885,2300005.200000008
177434147.0688,2415969.5999999885,2300005.200000008
177434149.0688,2415969.5999999885,2300005.100000008
177434151.0688,2415969.5999999885,2300005.100000008
177434153.0688,2415969.5999999885,2300005.100000008
177434155.0688,2415969.4999999884,2300005.100000008
177434157.0688,2415969.4999999884,2300005.100000008
177434159.0688,2415969.4999999884,2300005.100000008
177434161.0688,2415969.4999999884,2300005.100000008
177434163.0688,2415969.4999999884,2300005.100000008
177434165.0688,2415969.4999999884,2300005.100000008
177434167.0688,2415969.4999999884,2300005.100000008
177434169.0688,2415969.4999999884,2300005.100000008
177434171.0688,2415969.4999999884,2300005.100000008
177434173.0688,2415969.4999999884,2300005.100000008
177434175.0688,2415969.4999999884,2300005.100000008
177434177.0688,2415969.4999999884,2300005.100000008
177434179.0688,2415969.4999999884,2300005.100000008
177434181.0688,2415969.4999999884,2300005.100000008
177434183.0688,2415969.4999999884,2300005.100000008
177434185.0688,2415969.4999999884,2300005.100000008
177434187.0688,2415969.4999999884,2300005.100000008
177434189.0688,2415969.4999999884,2300005.100000008
177434191.0688,2415969.4999999884,2300005.100000008
177434193.0688,2415969.4999999884,2300005.100000008
177434195.0688,2415969.4999999884,2300005.100000008
177434197.0688,2415969.4999999884,2300005.100000008
177434199.0688,2415969.4999999884,2300005.100000008
177434201.0688,2415969.4999999884,2300005.100000008
177434203.0688,2415969.4999999884,2300005.100000008
177434205.0688,2415969.4999999884,2300005.100000008
177434207.0688,2415969.4999999884,2300005.100000008
177434209.0688,2415969.4999999884,2300005.100000008
177434211.0688,2415969.4999999884,2300005.100000008
177434213.0688,2415969.4999999884,2300005.100000008
177434215.0688,2415969.4999999884,2300005.100000008
177434217.0688,2415969.4999999884,2300005.100000008
177434219.0688,2415969.4999999884,2300005.100000008
177434221.0688,2415969.4999999884,2300005.100000008
177434223.0688,2415969.4999999884,2300005.100000008
177434225.0688,2415969.4999999884,2300005.100000008
177434227.0688,2415969.4999999884,2300005.100000008
177434229.0688,2415969.4999999884,2300005.100000008
177434231.0688,2415969.4999999884,2300005.100000008
177434233.0688,2415969.4999999884,2300005.100000008
177434235.0688,2415969.4999999884,2300005.100000008
177434237.0688,2415969.4999999884,2300005.100000008
177434239.0688,2415969.4999999884,2300005.100000008
177434241.0688,2415969.5999999885,2300005.100000008
177434243.0688,2415969.5999999885,2300005.100000008
177434245.0688,2415969.5999999885,2300005.100000008
177434247.0688,2415969.5999999885,2300005.100000008
177434249.0688,2415969.6999999885,2300005.100000008
177434251.0688,2415969.6999999885,2300005.100000008
177434253.0688,2415969.6999999885,2300005.100000008
177434255.0688,2415969.6999999885,2300005.100000008
177434257.0688,2415969.6999999885,2300005.100000008
177434259.0688,2415969.6999999885,2300005.100000008
177434261.0688,2415969.6999999885,2300005.100000008
177434263.0688,2415969.6999999885,2300005.100000008
177434265.0688,2415969.6999999885,2300005.100000008
177434267.0688,2415969.6999999885,2300005.100000008
177434269.0688,2415969.6999999885,2300005.100000008
177434271.0688,2415969.6999999885,2300005.100000008
177434273.0688,2415969.6999999885,2300005.100000008
177434275.0688,2415969.6999999885,2300005.100000008
177434277.0688,2415969.6999999885,2300005.100000008
177434279.0688,2415969.6999999885,2300005.100000008
177434281.0688,2415969.6999999885,2300005.100000008
177434283.0688,2415969.6999999885,2300005.100000008
177434285.0688,2415969.6999999885,2300005.100000008
177434287.0688,2415969.6999999885,2300005.100000008
177434289.0688,2415969.6999999885,2300005.100000008
177434291.0688,2415969.6999999885,2300005.100000008
177434293.0688,2415969.6999999885,2300005.100000008
177434295.0688,2458368.4999999884,2300005.100000008
177434297.0688,2458368.4999999884,2300005.100000008
177434299.0688,2458368.4999999884,2300005.100000008
177434301.0688,2458368.4999999884,2300005.100000008
177434303.0688,2458368.4999999884,2300005.100000008
177434305.0688,2458368.4999999884,2300005.100000008
177434307.0688,2458368.4999999884,2300005.200000008
177434309.0688,2458368.4999999884,2300005.200000008
177434311.0688,2458368.4999999884,2300005.200000008
177434313.0688,2483169.1999999885,2300005.200000008
177434315.0688,2483169.1999999885,2300005.200000008
177434317.0688,2483169.1999999885,2300005.200000008
177434319.0688,2483169.1999999885,2300005.200000008
177434321.0688,2483169.1999999885,2300005.200000008
177434323.0688,2483169.1999999885,2300005.200000008
177434325.0688,2483169.1999999885,2300005.200000008
177434327.0688,2483169.1999999885,2300005.200000008
177434329.0688,2483169.1999999885,2300005.200000008
177434331.0688,2483169.1999999885,2300005.200000008
177434333.0688,2483169.1999999885,2300005.200000008
177434335.0688,2483169.1999999885,2300005.200000008
177434337.0688,2483169.1999999885,2300005.200000008
177434339.0688,2483169.1999999885,2300005.200000008
177434341.0688,2483169.1999999885,2300005.200000008
177434343.0688,2483169.1999999885,2300005.200000008
177434345.0688,2483169.1999999885,2300005.200000008
177434347.0688,2483169.1999999885,2300005.300000008
177434349.0688,2483169.1999999885,2300005.300000008
177434351.0688,2483169.1999999885,2300005.300000008
177434353.0688,2483169.1999999885,2300005.300000008
177434355.0688,2483169.1999999885,2300005.300000008
177434357.0688,2483169.1999999885,2300005.300000008
177434359.0688,2483169.0999999885,2300005.300000008
177434361.0688,2483169.0999999885,2300005.300000008
177434363.0688,2483168.9999999884,2300005.300000008
177434365.0688,2483168.9999999884,2300005.300000008
177434367.0688,2483168.9999999884,2300005.300000008
177434369.0688,2483168.9999999884,2300005.300000008
177434371.0688,2483168.9999999884,2300005.300000008
177434373.0688,2483168.9999999884,2300005.300000008
177434375.0688,2483168.9999999884,2300005.300000008
177434377.0688,2483168.9999999884,2300005.300000008
177434379.0688,2483168.9999999884,2300005.300000008
177434381.0688,2483168.9999999884,2300005.300000008
177434383.0688,2483168.9999999884,2300005.300000008
177434385.0688,2483168.9999999884,2300005.300000008
177434387.0688,2483168.9999999884,2300005.300000008
177434389.0688,2483168.9999999884,2300005.300000008
177434391.0688,2483168.9999999884,2300005.4000000083
177434393.0688,2483168.9999999884,2300005.4000000083
177434395.0688,2483168.9999999884,2300005.4000000083
177434397.0688,2483168.9999999884,2300005.4000000083
177434399.0688,2483168.9999999884,2300005.4000000083
177434401.0688,2483168.9999999884,2300005.4000000083
177434403.0688,2483168.9999999884,2300005.4000000083
177434405.0688,2483168.9999999884,2300005.5000000084
177434407.0688,2483168.9999999884,2300005.5000000084
177434409.0688,2483168.9999999884,2300005.5000000084
177434411.0688,2483168.9999999884,2300005.5000000084
177434413.0688,2483169.0999999885,2300005.5000000084
177434415.0688,2483169.0999999885,2300005.5000000084
177434417.0688,2483169.0999999885,2300005.6000000085
177434419.0688,2483169.0999999885,2300005.6000000085
177434421.0688,2483169.0999999885,2300005.6000000085
177434423.0688,2483169.0999999885,2300005.6000000085
177434425.0688,2483169.0999999885,2300005.6000000085
177434427.0688,2483169.0999999885,2300005.6000000085
177434429.0688,2483169.0999999885,2300005.6000000085
177434431.0688,2483169.0999999885,2300005.6000000085
177434433.0688,2483169.0999999885,2300005.6000000085
177434435.0688,2483169.0999999885,2300005.6000000085
177434437.0688,2483169.0999999885,2300005.6000000085
177434439.0688,2483169.0999999885,2300005.6000000085
177434441.0688,2483169.2999999886,2300005.6000000085
177434443.0688,2483169.2999999886,2300005.6000000085
177434445.0688,2483169.2999999886,2300005.6000000085
177434447.0688,2483169.2999999886,2300005.6000000085
177434449.0688,2483169.2999999886,2300005.6000000085
177434451.0688,2483169.2999999886,2300005.6000000085
177434453.0688,2483169.2999999886,2300005.6000000085
177434455.0688,2483169.2999999886,2300005.6000000085
177434457.0688,2483169.2999999886,2300005.6000000085
177434459.0688,2483169.2999999886,2300005.6000000085
177434461.0688,2483169.2999999886,2300005.6000000085
177434463.0688,2483169.2999999886,2300005.6000000085
177434465.0688,2483169.2999999886,2300005.6000000085
177434467.0688,2483169.2999999886,2300005.6000000085
177434469.0688,2483169.2999999886,2300005.6000000085
177434471.0688,2483169.2999999886,2300005.6000000085
177434473.0688,2483169.2999999886,2300005.6000000085
177434475.0688,2483169.2999999886,2300005.6000000085
177434477.0688,2483169.2999999886,2300005.6000000085
177434479.0688,2483170.1999999885,2300005.6000000085
177434481.0688,2483170.1999999885,2300005.7000000086
177434483.0688,2483170.1999999885,2300005.7000000086
177434485.0688,2483170.0999999885,2300005.7000000086
177434487.0688,2483170.0999999885,2300005.7000000086
177434489.0688,2483169.9999999884,2300005.7000000086
177434491.0688,2483169.9999999884,2300005.7000000086
177434493.0688,2483169.9999999884,2300005.7000000086
177434495.0688,2483169.9999999884,2300005.7000000086
177434497.0688,2483169.9999999884,2300005.7000000086
177434499.0688,2483169.9999999884,2300005.7000000086
177434501.0688,2483169.9999999884,2300005.7000000086
177434503.0688,2483169.9999999884,2300005.7000000086
177434505.0688,2483169.9999999884,2300005.7000000086
177434507.0688,2483169.9999999884,2300005.7000000086
177434509.0688,2483169.9999999884,2300005.7000000086
177434511.0688,2483169.9999999884,2300005.7000000086
177434513.0688,2483169.9999999884,2300005.7000000086
177434515.0688,2483169.9999999884,2300005.7000000086
177434517.0688,2483169.9999999884,2300005.7000000086
177434519.0688,2483169.9999999884,2300005.7000000086
177434521.0688,2483169.9999999884,2300005.7000000086
177434523.0688,2483169.9999999884,2300005.7000000086
177434525.0688,2483169.9999999884,2300005.7000000086
177434527.0688,2483169.9999999884,2300005.7000000086
177434529.0688,2483169.9999999884,2300005.7000000086
177434531.0688,2483169.9999999884,2300005.7000000086
177434533.0688,2483169.9999999884,2300005.7000000086
177434535.0688,2483169.9999999884,2300005.7000000086
177434537.0688,2483169.9999999884,2300005.7000000086
177434539.0688,2483169.9999999884,2300005.7000000086
177434541.0688,2483169.9999999884,2300005.7000000086
177434543.0688,2483169.9999999884,2300005.7000000086
177434545.0688,2483169.9999999884,2300005.7000000086
177434547.0688,2483169.9999999884,2300005.7000000086
177434549.0688,2483169.9999999884,2300005.7000000086
177434551.0688,2483169.9999999884,2300005.7000000086
177434553.0688,2483169.9999999884,2300005.7000000086
177434555.0688,2483169.9999999884,2300005.7000000086
177434557.0688,2483169.9999999884,2300005.7000000086
177434559.0688,2483169.9999999884,2300005.7000000086
177434561.0688,2483169.9999999884,2300005.7000000086
177434563.0688,2483169.9999999884,2300005.7000000086
177434565.0688,2483169.9999999884,2300005.7000000086
177434567.0688,2483169.9999999884,2300005.7000000086
177434569.0688,2483169.9999999884,2300005.7000000086
177434571.0688,2483169.9999999884,2300005.7000000086
177434573.0688,2483169.9999999884,2300005.7000000086
177434575.0688,2483169.9999999884,2300005.7000000086
177434577.0688,2483169.9999999884,2300005.7000000086
177434579.0688,2483169.9999999884,2300005.7000000086
177434581.0688,2483169.9999999884,2300005.7000000086
177434583.0688,2483169.9999999884,2300005.7000000086
177434585.0688,2483169.9999999884,2300005.7000000086
177434587.0688,2483169.9999999884,2300005.8000000087
177434589.0688,2483169.9999999884,2300005.8000000087
177434591.0688,2483169.9999999884,2300005.8000000087
177434593.0688,2483169.9999999884,2300005.8000000087
177434595.0688,2483169.9999999884,2300005.8000000087
177434597.0688,2483169.9999999884,2300005.8000000087
177434599.0688,2483169.9999999884,2300005.9000000088
177434601.0688,2483169.9999999884,2300005.9000000088
177434603.0688,2483169.9999999884,2300005.9000000088
177434605.0688,2483169.9999999884,2300005.9000000088
177434607.0688,2483169.9999999884,2300005.9000000088
177434609.0688,2483169.9999999884,2300006.000000009
177434611.0688,2483169.9999999884,2300006.000000009
177434613.0688,2483169.9999999884,2300006.000000009
177434615.0688,2483169.9999999884,2300006.000000009
177434617.0688,2483169.9999999884,2300006.000000009
177434619.0688,2483169.9999999884,2300006.000000009
177434621.0688,2483169.9999999884,2300005.9000000088
177434623.0688,2483169.8999999883,2300005.9000000088
177434625.0688,2483169.8999999883,2300005.9000000088
177434627.0688,2483169.8999999883,2300005.9000000088
177434629.0688,2483169.8999999883,2300005.9000000088
177434631.0688,2483169.8999999883,2300006.000000009
177434633.0688,2483169.8999999883,2300006.000000009
177434635.0688,2483169.8999999883,2300006.000000009
177434637.0688,2483169.8999999883,2300006.000000009
177434639.0688,2483169.8999999883,2300006.000000009
177434641.0688,2483169.8999999883,2300006.000000009
177434643.0688,2483169.8999999883,2300006.000000009
177434645.0688,2483169.8999999883,2300006.000000009
177434647.0688,2483169.8999999883,2300006.000000009
177434649.0688,2483169.8999999883,2300006.000000009
177434651.0688,2483169.8999999883,2300006.000000009
177434653.0688,2483169.8999999883,2300006.000000009
177434655.0688,2483169.8999999883,2300006.000000009
177434657.0688,2483169.8999999883,2300006.000000009
177434659.0688,2483169.8999999883,2300006.000000009
177434661.0688,2483169.8999999883,2300006.000000009
177434663.0688,2483169.8999999883,2300006.000000009
177434665.0688,2483169.8999999883,2300006.000000009
177434667.0688,2483169.8999999883,2300006.000000009
177434669.0688,2483169.8999999883,2300006.000000009
177434671.0688,2483169.8999999883,2300006.000000009
177434673.0688,2483169.8999999883,2300006.000000009
177434675.0688,2483169.8999999883,2300006.000000009
177434677.0688,2483169.8999999883,2300006.000000009
177434679.0688,2483169.8999999883,2300006.000000009
177434681.0688,2483169.8999999883,2300006.000000009
177434683.0688,2483169.8999999883,2300006.000000009
177434685.0688,2483169.8999999883,2300006.000000009
177434687.0688,2483169.8999999883,2300006.000000009
177434689.0688,2483169.8999999883,2300006.000000009
177434691.0688,2483169.8999999883,2300006.000000009
177434693.0688,2483169.8999999883,2300006.000000009
177434695.0688,2483169.8999999883,2300006.100000009
177434697.0688,2483169.8999999883,2300006.100000009
177434699.0688,2483169.8999999883,2300006.200000009
177434701.0688,2483169.8999999883,2300006.200000009
177434703.0688,2483169.8999999883,2300006.200000009
177434705.0688,2483169.8999999883,2300006.200000009
177434707.0688,2483170.0999999885,2300006.200000009
177434709.0688,2483170.0999999885,2300006.200000009
177434711.0688,2483170.0999999885,2300006.200000009
177434713.0688,2483170.0999999885,2300006.200000009
177434715.0688,2483170.0999999885,2300006.200000009
177434717.0688,2483170.0999999885,2300006.200000009
177434719.0688,2483170.0999999885,2300006.200000009
177434721.0688,2483170.0999999885,2300006.200000009
177434723.0688,2483170.0999999885,2300006.200000009
177434725.0688,2483170.0999999885,2300006.200000009
177434727.0688,2483170.0999999885,2300006.300000009
177434729.0688,2483170.0999999885,2300006.300000009
177434731.0688,2483170.0999999885,2300006.300000009
177434733.0688,2483170.0999999885,2300006.300000009
177434735.0688,2483170.0999999885,2300006.300000009
177434737.0688,2483170.0999999885,2300006.300000009
177434739.0688,2483170.0999999885,2300006.300000009
177434741.0688,2483170.0999999885,2300006.300000009
177434743.0688,2483170.0999999885,2300006.300000009
177434745.0688,2483170.0999999885,2300006.400000009
177434747.0688,2483170.0999999885,2300006.400000009
177434749.0688,2483170.0999999885,2300006.400000009
177434751.0688,2483170.0999999885,2300006.400000009
177434753.0688,2483170.0999999885,2300006.400000009
177434755.0688,2483170.0999999885,2300006.400000009
177434757.0688,2483170.0999999885,2300006.400000009
177434759.0688,2483170.0999999885,2300006.400000009
177434761.0688,2483170.0999999885,2300006.400000009
177434763.0688,2483170.0999999885,2300006.400000009
177434765.0688,2483170.0999999885,2300006.400000009
177434767.0688,2483170.0999999885,2300006.400000009
177434769.0688,2483170.0999999885,2300006.400000009
177434771.0688,2483170.0999999885,2300006.400000009
177434773.0688,2483170.0999999885,2300006.400000009
177434775.0688,2483170.0999999885,2300006.400000009
177434777.0688,2483170.0999999885,2300006.400000009
177434779.0688,2483170.0999999885,2300006.400000009
177434781.0688,2483170.0999999885,2300006.5000000093
177434783.0688,2483170.0999999885,2300006.5000000093
177434785.0688,2483170.0999999885,2300006.5000000093
177434787.0688,2483170.0999999885,2300006.5000000093
177434789.0688,2483170.0999999885,2300006.5000000093
177434791.0688,2483170.0999999885,2300006.5000000093
177434793.0688,2483170.0999999885,2300006.5000000093
177434795.0688,2483170.0999999885,2300006.5000000093
177434797.0688,2483170.0999999885,2300006.5000000093
177434799.0688,2483170.0999999885,2300006.5000000093
177434801.0688,2483170.0999999885,2300006.5000000093
177434803.0688,2483170.0999999885,2300006.5000000093
177434805.0688,2483170.0999999885,2300006.5000000093
177434807.0688,2483170.0999999885,2300006.5000000093
177434809.0688,2483170.0999999885,2300006.5000000093
177434811.0688,2483170.0999999885,2300006.400000009
177434813.0688,2483170.0999999885,2300006.400000009
177434815.0688,2483169.9999999884,2300006.400000009
177434817.0688,2483169.9999999884,2300006.400000009
177434819.0688,2483169.9999999884,2300006.400000009
177434821.0688,2483169.8999999883,2300006.400000009
177434823.0688,2483169.8999999883,2300006.400000009
177434825.0688,2483169.8999999883,2300006.400000009
177434827.0688,2483169.8999999883,2300006.400000009
177434829.0688,2483169.799999988,2300006.400000009
177434831.0688,2483169.799999988,2300006.400000009
177434833.0688,2483169.799999988,2300006.400000009
177434835.0688,2483169.799999988,2300006.400000009
177434837.0688,2483169.799999988,2300006.400000009
177434839.0688,2483169.799999988,2300006.300000009
177434841.0688,2483169.799999988,2300006.300000009
177434843.0688,2483169.799999988,2300006.300000009
177434845.0688,2483169.799999988,2300006.300000009
177434847.0688,2483169.799999988,2300006.300000009
177434849.0688,2483169.799999988,2300006.300000009
177434851.0688,2483169.799999988,2300006.300000009
177434853.0688,2483169.799999988,2300006.300000009
177434855.0688,2483169.799999988,2300006.300000009
177434857.0688,2483169.799999988,2300006.300000009
177434859.0688,2483169.799999988,2300006.300000009
177434861.0688,2483169.799999988,2300006.300000009
177434863.0688,2483169.799999988,2300006.300000009
177434865.0688,2483169.799999988,2300006.300000009
177434867.0688,2483169.799999988,2300006.300000009
177434869.0688,2483169.799999988,2300006.300000009
177434871.0688,2483169.799999988,2300006.300000009
177434873.0688,2483169.799999988,2300006.300000009
177434875.0688,2483169.799999988,2300006.300000009
177434877.0688,2483169.799999988,2300006.300000009
177434879.0688,2483169.799999988,2300006.300000009
177434881.0688,2483169.799999988,2300006.300000009
177434883.0688,2483169.799999988,2300006.300000009
177434885.0688,2483169.799999988,2300006.300000009
177434887.0688,2483169.699999988,2300006.300000009
177434889.0688,2483169.699999988,2300006.300000009
177434891.0688,2483169.699999988,2300006.300000009
177434893.0688,2483169.699999988,2300006.300000009
177434895.0688,2483169.599999988,2300006.300000009
177434897.0688,2483169.499999988,2300006.300000009
177434899.0688,2483169.499999988,2300006.300000009
177434901.0688,2483169.499999988,2300006.300000009
177434903.0688,2483169.499999988,2300006.300000009
177434905.0688,2483169.499999988,2300006.300000009
177434907.0688,2483169.499999988,2300006.300000009
177434909.0688,2483169.499999988,2300006.300000009
177434911.0688,2483169.499999988,2300006.400000009
177434913.0688,2483169.499999988,2300006.400000009
177434915.0688,2483169.499999988,2300006.400000009
177434917.0688,2483169.499999988,2300006.400000009
177434919.0688,2483169.499999988,2300006.400000009
177434921.0688,2483169.499999988,2300006.400000009
177434923.0688,2483169.499999988,2300006.400000009
177434925.0688,2483169.499999988,2300006.400000009
177434927.0688,2483169.499999988,2300006.400000009
177434929.0688,2483169.499999988,2300006.400000009
177434931.0688,2483169.499999988,2300006.400000009
177434933.0688,2483169.499999988,2300006.400000009
177434935.0688,2483169.499999988,2300006.400000009
177434937.0688,2483169.499999988,2300006.400000009
177434939.0688,2483169.499999988,2300006.400000009
177434941.0688,2483169.499999988,2300006.400000009
177434943.0688,2483169.499999988,2300006.400000009
177434945.0688,2483169.499999988,2300006.400000009
177434947.0688,2483169.399999988,2300006.400000009
177434949.0688,2483169.399999988,2300006.1000000094
177434951.0688,2483169.2999999877,2300006.1000000094
177434953.0688,2483169.2999999877,2300006.1000000094
177434955.0688,2483169.2999999877,2300006.1000000094
177434957.0688,2483169.1999999876,2300006.1000000094
177434959.0688,2483169.1999999876,2300006.1000000094
177434961.0688,2483169.0999999875,2300006.1000000094
177434963.0688,2483169.0999999875,2300006.1000000094
177434965.0688,2483169.0999999875,2300006.1000000094
177434967.0688,2483169.0999999875,2300006.1000000094
177434969.0688,2483169.0999999875,2300006.1000000094
177434971.0688,2483169.0999999875,2300006.1000000094
177434973.0688,2483169.1999999876,2300006.1000000094
177434975.0688,2483169.2999999877,2300006.1000000094
177434977.0688,2483169.2999999877,2300006.1000000094
177434979.0688,2483169.2999999877,2300006.1000000094
177434981.0688,2483169.2999999877,2300006.1000000094
177434983.0688,2483169.2999999877,2300006.1000000094
177434985.0688,2483169.2999999877,2300006.1000000094
177434987.0688,2483169.2999999877,2300006.1000000094
177434989.0688,2483169.2999999877,2300006.1000000094
177434991.0688,2483169.2999999877,2300006.1000000094
177434993.0688,2483169.2999999877,2300006.1000000094
177434995.0688,2483169.2999999877,2300006.1000000094
177434997.0688,2483169.2999999877,2300006.1000000094
177434999.0688,2483169.2999999877,2300006.1000000094
177435001.0688,2483169.2999999877,2300006.1000000094
177435003.0688,2483169.2999999877,2300006.1000000094
177435005.0688,2483169.2999999877,2300006.1000000094
177435007.0688,2483169.2999999877,2300006.1000000094
177435009.0688,2483169.2999999877,2300006.1000000094
177435011.0688,2483169.2999999877,2300006.2000000095
177435013.0688,2483169.2999999877,2300006.2000000095
177435015.0688,2483169.2999999877,2300006.2000000095
177435017.0688,2483169.2999999877,2300006.2000000095
177435019.0688,2483169.2999999877,2300006.2000000095
177435021.0688,2483169.2999999877,2300006.2000000095
177435023.0688,2483169.2999999877,2300006.2000000095
177435025.0688,2483169.2999999877,2300006.2000000095
177435027.0688,2483169.2999999877,2300006.2000000095
177435029.0688,2483169.2999999877,2300006.2000000095
177435031.0688,2483169.2999999877,2300006.2000000095
177435033.0688,2483169.2999999877,2300006.2000000095
177435035.0688,2483169.2999999877,2300006.2000000095
177435037.0688,2483169.2999999877,2300006.2000000095
177435039.0688,2483169.2999999877,2300006.2000000095
177435041.0688,2483169.2999999877,2300006.2000000095
177435043.0688,2483169.2999999877,2300006.2000000095
177435045.0688,2483169.2999999877,2300006.2000000095
177435047.0688,2483169.2999999877,2300006.2000000095
177435049.0688,2483169.2999999877,2300006.2000000095
177435051.0688,2483169.2999999877,2300006.2000000095
177435053.0688,2483169.2999999877,2300006.2000000095
177435055.0688,2483169.2999999877,2300006.2000000095
177435057.0688,2483169.2999999877,2300006.2000000095
177435059.0688,2483169.2999999877,2300006.2000000095
177435061.0688,2483169.399999988,2300006.2000000095
177435063.0688,2483169.399999988,2300006.2000000095
177435065.0688,2483169.399999988,2300006.3000000096
177435067.0688,2483169.399999988,2300006.3000000096
177435069.0688,2483169.399999988,2300006.3000000096
177435071.0688,2483169.399999988,2300006.3000000096
177435073.0688,2483169.399999988,2300006.3000000096
177435075.0688,2483169.399999988,2300006.3000000096
177435077.0688,2483169.399999988,2300006.3000000096
177435079.0688,2483169.399999988,2300006.3000000096
177435081.0688,2483169.399999988,2300006.3000000096
177435083.0688,2483169.399999988,2300006.3000000096
177435085.0688,2483169.399999988,2300006.3000000096
177435087.0688,2483169.399999988,2300006.3000000096
177435089.0688,2483169.2999999877,2300006.2000000095
177435091.0688,2483169.2999999877,2300006.2000000095
177435093.0688,2483169.2999999877,2300006.2000000095
177435095.0688,2483169.2999999877,2300006.2000000095
177435097.0688,2483169.2999999877,2300006.2000000095
177435099.0688,2483169.2999999877,2300006.2000000095
177435101.0688,2483169.2999999877,2300006.2000000095
177435103.0688,2483169.2999999877,2300006.2000000095
177435105.0688,2483169.2999999877,2300006.2000000095
177435107.0688,2483169.2999999877,2300006.2000000095
177435109.0688,2483169.2999999877,2300006.2000000095
177435111.0688,2483169.2999999877,2300006.2000000095
177435113.0688,2483169.2999999877,2300006.2000000095
177435115.0688,2483169.2999999877,2300006.2000000095
177435117.0688,2483169.2999999877,2300006.2000000095
177435119.0688,2483169.2999999877,2300006.2000000095
177435121.0688,2483169.2999999877,2300006.2000000095
177435123.0688,2483169.2999999877,2300006.3000000096
177435125.0688,2483169.2999999877,2300006.3000000096
177435127.0688,2483169.1999999876,2300006.3000000096
177435129.0688,2483169.1999999876,2300006.3000000096
177435131.0688,2483169.1999999876,2300006.3000000096
177435133.0688,2483169.1999999876,2300006.3000000096
177435135.0688,2483169.0999999875,2300006.3000000096
177435137.0688,2483169.0999999875,2300006.3000000096
177435139.0688,2483169.0999999875,2300006.3000000096
177435141.0688,2483169.0999999875,2300006.3000000096
177435143.0688,2483169.0999999875,2300006.3000000096
177435145.0688,2483169.0999999875,2300006.3000000096
177435147.0688,2483169.0999999875,2300006.3000000096
177435149.0688,2483169.0999999875,2300006.3000000096
177435151.0688,2483169.0999999875,2300006.3000000096
177435153.0688,2483169.0999999875,2300006.3000000096
177435155.0688,2483169.0999999875,2300006.3000000096
177435157.0688,2483169.0999999875,2300006.3000000096
177435159.0688,2483169.0999999875,2300006.3000000096
177435161.0688,2483169.0999999875,2300006.3000000096
177435163.0688,2483169.0999999875,2300006.3000000096
177435165.0688,2483169.0999999875,2300006.3000000096
177435167.0688,2483169.0999999875,2300006.3000000096
177435169.0688,2483169.0999999875,2300006.3000000096
177435171.0688,2483169.0999999875,2300006.3000000096
177435173.0688,2483169.0999999875,2300006.3000000096
177435175.0688,2483169.0999999875,2300006.3000000096
177435177.0688,2483169.0999999875,2300006.3000000096
177435179.0688,2483169.0999999875,2300006.3000000096
177435181.0688,2483169.0999999875,2300006.3000000096
177435183.0688,2483168.9999999874,2300006.3000000096
177435185.0688,2483168.9999999874,2300006.3000000096
177435187.0688,2483168.9999999874,2300006.3000000096
177435189.0688,2483168.9999999874,2300006.3000000096
177435191.0688,2483168.9999999874,2300006.3000000096
177435193.0688,2483169.0999999875,2300006.3000000096
177435195.0688,2483169.2999999877,2300006.3000000096
177435197.0688,2483169.2999999877,2300006.3000000096
177435199.0688,2483169.2999999877,2300006.2000000095
177435201.0688,2483169.0999999875,2300006.2000000095
177435203.0688,2483168.9999999874,2300006.2000000095
177435205.0688,2483168.9999999874,2300006.2000000095
177435207.0688,2483168.9999999874,2300006.2000000095
177435209.0688,2483168.9999999874,2300006.2000000095
177435211.0688,2483168.9999999874,2300006.2000000095
177435213.0688,2483168.9999999874,2300006.2000000095
177435215.0688,2483168.9999999874,2300006.2000000095
177435217.0688,2483168.9999999874,2300006.2000000095
177435219.0688,2483168.9999999874,2300006.2000000095
177435221.0688,2483168.9999999874,2300006.2000000095
177435223.0688,2483168.8999999873,2300006.2000000095
177435225.0688,2483168.8999999873,2300006.2000000095
177435227.0688,2483168.8999999873,2300006.2000000095
177435229.0688,2483168.8999999873,2300006.2000000095
177435231.0688,2483168.7999999872,2300006.2000000095
177435233.0688,2483168.7999999872,2300006.2000000095
177435235.0688,2483168.7999999872,2300006.2000000095
177435237.0688,2483168.7999999872,2300006.2000000095
177435239.0688,2483168.7999999872,2300006.2000000095
177435241.0688,2483168.7999999872,2300006.2000000095
177435243.0688,2483168.7999999872,2300006.2000000095
177435245.0688,2483168.7999999872,2300006.2000000095
177435247.0688,2483168.7999999872,2300006.2000000095
177435249.0688,2483168.7999999872,2300006.2000000095
177435251.0688,2483168.7999999872,2300006.2000000095
177435253.0688,2483168.7999999872,2300006.2000000095
177435255.0688,2483168.699999987,2300006.2000000095
177435257.0688,2483168.599999987,2300006.2000000095
177435259.0688,2483168.599999987,2300006.2000000095
177435261.0688,2483168.599999987,2300006.2000000095
177435263.0688,2483168.599999987,2300006.2000000095
177435265.0688,2483168.599999987,2300006.2000000095
177435267.0688,2483168.499999987,2300006.2000000095
177435269.0688,2483168.499999987,2300006.2000000095
177435271.0688,2483168.499999987,2300006.2000000095
177435273.0688,2483168.499999987,2300006.2000000095
177435275.0688,2483168.499999987,2300006.2000000095
177435277.0688,2483168.499999987,2300006.2000000095
177435281.0688,2483168.499999987,2300006.2000000095
177435291.0688,2483168.499999987,2300006.3000000096
177435293.0688,2483168.499999987,2300006.3000000096
177435295.0688,2483168.499999987,2300006.3000000096
177435297.0688,2483168.499999987,2300006.3000000096
177435299.0688,2483168.599999987,2300006.3000000096
177435301.0688,2483168.599999987,2300006.3000000096
177435303.0688,2483168.599999987,2300006.3000000096
177435305.0688,2483168.599999987,2300006.3000000096
177435307.0688,2483168.599999987,2300006.3000000096
177435309.0688,2483168.599999987,2300006.3000000096
177435311.0688,2483168.599999987,2300006.3000000096
177435313.0688,2483168.599999987,2300006.3000000096
177435315.0688,2483168.599999987,2300006.3000000096
177435317.0688,2483168.599999987,2300006.3000000096
177435319.0688,2483168.599999987,2300006.3000000096
177435321.0688,2483168.599999987,2300006.3000000096
177435323.0688,2483168.599999987,2300006.3000000096
177435325.0688,2483168.699999987,2300006.3000000096
177435327.0688,2483168.599999987,2300006.3000000096
177435329.0688,2483168.599999987,2300006.3000000096
177435331.0688,2483168.599999987,2300006.3000000096
177435333.0688,2483168.599999987,2300006.3000000096
177435335.0688,2483168.599999987,2300006.3000000096
177435337.0688,2483168.599999987,2300006.3000000096
177435339.0688,2483168.599999987,2300006.3000000096
177435341.0688,2483168.599999987,2300006.3000000096
177435343.0688,2483168.599999987,2300006.3000000096
177435345.0688,2483168.599999987,2300006.4000000097
177435347.0688,2483168.599999987,2300006.4000000097
177435349.0688,2483168.599999987,2300006.4000000097
177435351.0688,2483168.599999987,2300006.4000000097
177435353.0688,2483168.599999987,2300006.4000000097
177435355.0688,2483168.599999987,2300006.4000000097
177435357.0688,2483168.599999987,2300006.4000000097
177435359.0688,2483168.599999987,2300006.4000000097
177435361.0688,2483168.599999987,2300006.4000000097
177435363.0688,2483168.599999987,2300006.4000000097
177435365.0688,2483168.499999987,2300006.4000000097
177435367.0688,2483168.499999987,2300006.4000000097
177435369.0688,2483168.499999987,2300006.4000000097
177435371.0688,2483168.399999987,2300006.4000000097
177435373.0688,2483168.399999987,2300006.4000000097
177435375.0688,2483168.399999987,2300006.4000000097
177435377.0688,2483168.399999987,2300006.4000000097
177435379.0688,2483168.399999987,2300006.4000000097
177435381.0688,2483168.399999987,2300006.4000000097
177435383.0688,2483168.399999987,2300006.4000000097
177435385.0688,2483168.399999987,2300006.4000000097
177435387.0688,2483168.399999987,2300006.4000000097
177435389.0688,2483168.399999987,2300006.4000000097
177435391.0688,2483168.399999987,2300006.4000000097
177435393.0688,2483168.399999987,2300006.4000000097
177435395.0688,2483168.399999987,2300006.4000000097
177435397.0688,2483168.399999987,2300006.4000000097
177435399.0688,2483168.399999987,2300006.4000000097
177435401.0688,2483168.399999987,2300006.4000000097
177435403.0688,2483168.399999987,2300006.4000000097
177435405.0688,2483168.399999987,2300006.4000000097
177435407.0688,2483168.399999987,2300006.4000000097
177435409.0688,2483168.399999987,2300006.4000000097
177435411.0688,2483168.399999987,2300006.4000000097
177435413.0688,2483168.299999987,2300006.4000000097
177435415.0688,2483168.299999987,2300006.4000000097
177435417.0688,2483168.299999987,2300006.4000000097
177435419.0688,2483168.299999987,2300006.4000000097
177435421.0688,2483168.299999987,2300006.4000000097
177435423.0688,2483168.299999987,2300006.4000000097
177435425.0688,2483168.299999987,2300006.4000000097
177435427.0688,2483168.299999987,2300006.4000000097
177435429.0688,2483168.299999987,2300006.4000000097
177435431.0688,2483168.299999987,2300006.4000000097
177435433.0688,2483168.299999987,2300006.4000000097
177435435.0688,2483168.299999987,2300006.4000000097
177435437.0688,2483168.299999987,2300006.50000001
177435439.0688,2483168.299999987,2300006.50000001
177435441.0688,2483168.299999987,2300006.50000001
177435443.0688,2483168.299999987,2300006.50000001
177435445.0688,2483168.299999987,2300006.50000001
177435447.0688,2483168.299999987,2300006.50000001
177435449.0688,2483168.299999987,2300006.50000001
177435451.0688,2483168.299999987,2300006.50000001
177435453.0688,2483168.299999987,2300006.50000001
177435455.0688,2483168.299999987,2300006.50000001
177435457.0688,2483168.299999987,2300006.50000001
177435459.0688,2483168.299999987,2300006.50000001
177435461.0688,2483168.299999987,2300006.50000001
177435463.0688,2483168.399999987,2300006.50000001
177435465.0688,2483168.299999987,2300006.50000001
177435467.0688,2483168.299999987,2300006.50000001
177435469.0688,2483168.299999987,2300006.50000001
177435471.0688,2483168.299999987,2300006.50000001
177435473.0688,2483168.299999987,2300006.50000001
177435475.0688,2483168.299999987,2300006.50000001
177435477.0688,2483168.299999987,2300006.50000001
177435479.0688,2483168.299999987,2300006.50000001
177435481.0688,2483168.299999987,2300006.50000001
177435483.0688,2483168.299999987,2300006.50000001
177435485.0688,2483168.299999987,2300006.50000001
177435487.0688,2483168.299999987,2300006.50000001
177435489.0688,2483168.299999987,2300006.50000001
177435491.0688,2483168.299999987,2300006.60000001
177435493.0688,2483168.399999987,2300006.60000001
177435495.0688,2483168.599999987,2300006.60000001
177435497.0688,2483168.599999987,2300006.60000001
177435499.0688,2483168.599999987,2300006.60000001
177435501.0688,2483168.599999987,2300006.60000001
177435503.0688,2464852.399999987,2300006.60000001
177435505.0688,2464852.399999987,2300006.60000001
177435507.0688,2464852.399999987,2300006.60000001
177435509.0688,2464852.399999987,2300006.60000001
177435511.0688,2464852.399999987,2300006.60000001
177435513.0688,2464852.399999987,2300006.60000001
177435515.0688,2483168.599999987,2300006.60000001
177435517.0688,2483168.599999987,2300006.60000001
177435519.0688,2483168.599999987,2300006.60000001
177435521.0688,2483168.499999987,2300006.60000001
177435523.0688,2483168.499999987,2300006.60000001
177435525.0688,2483168.499999987,2300006.60000001
177435527.0688,2483168.499999987,2300006.60000001
177435529.0688,2483168.499999987,2300006.60000001
177435531.0688,2483168.499999987,2300006.60000001
177435533.0688,2483168.499999987,2300006.60000001
177435535.0688,2483168.599999987,2300006.60000001
177435537.0688,2483168.599999987,2300006.60000001
177435539.0688,2483168.599999987,2300006.60000001
177435541.0688,2483168.599999987,2300006.60000001
177435543.0688,2483168.599999987,2300006.60000001
177435545.0688,2483168.599999987,2300006.60000001
177435547.0688,2483168.599999987,2300006.60000001
177435549.0688,2483168.599999987,2300006.60000001
177435551.0688,2483168.599999987,2300006.60000001
177435553.0688,2483168.599999987,2300006.60000001
177435555.0688,2483168.599999987,2300006.60000001
177435557.0688,2483168.599999987,2300006.60000001
177435559.0688,2483168.599999987,2300006.60000001
177435561.0688,2483168.599999987,2300006.60000001
177435563.0688,2483168.599999987,2300006.60000001
177435565.0688,2483168.599999987,2300006.60000001
177435567.0688,2483168.599999987,2300006.60000001
177435569.0688,2483168.599999987,2300006.60000001
177435571.0688,2483168.499999987,2300006.60000001
177435573.0688,2483168.599999987,2300006.60000001
177435575.0688,2483168.599999987,2300006.60000001
177435577.0688,2483168.599999987,2300006.60000001
177435579.0688,2483168.599999987,2300006.60000001
177435581.0688,2483168.599999987,2300006.60000001
177435583.0688,2483168.599999987,2300006.60000001
177435585.0688,2483168.599999987,2300006.70000001
177435587.0688,2483168.599999987,2300006.70000001
177435589.0688,2483168.599999987,2300006.70000001
177435591.0688,2483168.599999987,2300006.70000001
177435593.0688,2483168.599999987,2300006.70000001
177435595.0688,2483168.599999987,2300006.70000001
177435597.0688,2483168.599999987,2300006.70000001
177435599.0688,2483168.599999987,2300006.70000001
177435601.0688,2483168.599999987,2300006.70000001
177435603.0688,2483168.599999987,2300006.70000001
177435605.0688,2483168.599999987,2300006.70000001
177435607.0688,2483168.599999987,2300006.70000001
177435609.0688,2483168.599999987,2300006.70000001
177435611.0688,2483168.599999987,2300006.70000001
177435613.0688,2483168.599999987,2300006.70000001
177435615.0688,2483168.599999987,2300006.70000001
177435617.0688,2483168.599999987,2300006.70000001
177435619.0688,2483168.599999987,2300006.70000001
177435621.0688,2483168.599999987,2300006.70000001
177435623.0688,2483168.599999987,2300006.70000001
177435625.0688,2483168.599999987,2300006.70000001
177435627.0688,2483168.599999987,2300006.70000001
177435629.0688,2483168.499999987,2300006.70000001
177435631.0688,2483168.499999987,2300006.70000001
177435633.0688,2483168.499999987,2300006.70000001
177435635.0688,2483168.499999987,2300006.80000001
177435637.0688,2483168.499999987,2300006.80000001
177435639.0688,2483168.499999987,2300006.80000001
177435641.0688,2483168.499999987,2300006.80000001
177435643.0688,2483168.499999987,2300006.80000001
177435645.0688,2483168.499999987,2300006.80000001
177435647.0688,2483168.499999987,2300006.80000001
177435649.0688,2483169.099999987,2300006.80000001
177435651.0688,2483169.099999987,2300006.80000001
177435653.0688,2483169.099999987,2300006.80000001
177435655.0688,2483169.099999987,2300006.80000001
177435657.0688,2483169.099999987,2300006.80000001
177435659.0688,2483169.099999987,2300006.80000001
177435661.0688,2483169.099999987,2300006.80000001
177435663.0688,2483169.099999987,2300006.80000001
177435665.0688,2483169.099999987,2300006.80000001
177435667.0688,2483169.099999987,2300006.80000001
177435669.0688,2483169.099999987,2300006.80000001
177435671.0688,2483169.099999987,2300006.80000001
177435673.0688,2483169.099999987,2300006.80000001
177435675.0688,2483169.099999987,2300006.80000001
177435677.0688,2483169.099999987,2300006.80000001
177435679.0688,2483169.099999987,2300006.80000001
177435681.0688,2483169.099999987,2300006.80000001
177435683.0688,2483169.099999987,2300006.80000001
177435685.0688,2483169.099999987,2300006.80000001
177435687.0688,2483169.099999987,2300006.80000001
177435689.0688,2483169.099999987,2300006.80000001
177435691.0688,2483169.099999987,2300006.80000001
177435693.0688,2483169.099999987,2300006.80000001
177435695.0688,2483169.099999987,2300006.80000001
177435697.0688,2483169.099999987,2300006.80000001
177435699.0688,2483169.099999987,2309164.90000001
177435701.0688,2483169.099999987,2300006.80000001
177435703.0688,2483169.099999987,2309164.90000001
177435705.0688,2483169.399999987,2309164.90000001
177435707.0688,2483169.399999987,2309164.90000001
177435709.0688,2483169.399999987,2309165.0000000102
177435711.0688,2483169.399999987,2309165.0000000102
177435713.0688,2483169.399999987,2309165.0000000102
177435715.0688,2483169.399999987,2309165.0000000102
177435717.0688,2465768.999999987,2309165.0000000102
177435719.0688,2465768.999999987,2309165.1000000103
177435721.0688,2465768.999999987,2309165.2000000104
177435723.0688,2465768.999999987,2309165.0000000102
177435725.0688,2465768.999999987,2309165.30000001
177435727.0688,2465768.999999987,2309165.30000001
177435729.0688,2465768.999999987,2309165.30000001
177435731.0688,2465768.999999987,2309165.30000001
177435733.0688,2465768.999999987,2309165.30000001
177435735.0688,2465768.999999987,2309165.30000001
177435737.0688,2465768.999999987,2309165.30000001
177435739.0688,2465768.999999987,2309165.30000001
177435741.0688,2465768.899999987,2309165.30000001
177435743.0688,2465768.899999987,2309165.30000001
177435745.0688,2465768.899999987,2316995.5000000102
177435747.0688,2465768.899999987,2316995.6000000103
177435749.0688,2465768.999999987,2316995.6000000103
177435751.0688,2465768.999999987,2316995.6000000103
177435753.0688,2465768.999999987,2316995.6000000103
177435755.0688,2465768.999999987,2316995.5000000102
177435757.0688,2465768.999999987,2316995.7000000104
177435759.0688,2465768.999999987,2309165.1000000103
177435761.0688,2465768.999999987,2309165.1000000103
177435763.0688,2465768.999999987,2309165.1000000103
177435765.0688,2465768.999999987,2309165.1000000103
177435767.0688,2465768.999999987,2309165.2000000104
177435769.0688,2465768.999999987,2309165.2000000104
177435771.0688,2465768.999999987,2309165.0000000102
177435773.0688,2465768.999999987,2309165.1000000103
177435775.0688,2465768.999999987,2309165.0000000102
177435777.0688,2465768.999999987,2309165.2000000104
177435779.1688,2465768.999999987,2309165.2000000104
177435781.0688,2465768.999999987,2309165.3000000105
177435783.0688,2465768.999999987,2309165.3000000105
177435785.0688,2465768.999999987,2309165.0000000107
177435787.0688,2465768.999999987,2309165.100000011
177435789.0688,2465768.999999987,2309165.0000000107
177435791.0688,2465768.999999987,2309165.0000000107
177435793.0688,2465768.999999987,2309165.0000000107
177435795.0688,2465768.999999987,2309165.0000000107
177435797.0688,2465768.999999987,2309165.0000000107
177435799.0688,2465768.899999987,2309165.0000000107
177435801.0688,2465768.899999987,2309165.0000000107
177435803.0688,2465768.899999987,2309165.100000011
177435805.0688,2465768.899999987,2309165.100000011
177435807.0688,2465768.899999987,2309165.100000011
177435809.0688,2465768.899999987,2309165.100000011
177435811.0688,2465768.899999987,2309165.100000011
177435813.0688,2465768.899999987,2309165.100000011
177435815.0688,2465768.899999987,2309165.200000011
177435817.0688,2465768.899999987,2309165.200000011
177435819.0688,2465768.899999987,2309165.200000011
177435821.0688,2465768.899999987,2309165.200000011
177435823.0688,2465768.899999987,2309165.200000011
177435825.0688,2465768.799999987,2309165.200000011
177435827.0688,2465768.799999987,2309165.200000011
177435829.0688,2465768.799999987,2309165.200000011
177435831.0688,2465768.799999987,2309165.200000011
177435833.0688,2465768.799999987,2309165.200000011
177435835.0688,2465768.799999987,2309165.200000011
177435837.0688,2465768.799999987,2309165.200000011
177435839.0688,2465768.799999987,2309165.200000011
177435841.0688,2465768.799999987,2309165.200000011
177435843.0688,2465768.799999987,2309165.200000011
177435845.0688,2465768.799999987,2309165.200000011
177435847.0688,2465768.799999987,2309165.200000011
177435849.0688,2465768.799999987,2309165.200000011
177435851.0688,2465768.799999987,2309165.300000011
177435853.0688,2465768.799999987,2309165.400000011
177435855.0688,2465768.799999987,2309165.400000011
177435857.0688,2465768.799999987,2309165.400000011
177435859.0688,2465768.799999987,2309165.400000011
177435861.0688,2465768.799999987,2309165.400000011
177435863.0688,2465768.799999987,2309165.400000011
177435865.0688,2465768.799999987,2309165.400000011
177435867.0688,2465768.799999987,2309165.400000011
177435869.0688,2465768.799999987,2309165.400000011
177435871.0688,2465768.799999987,2309165.400000011
177435873.0688,2465768.799999987,2309165.400000011
177435875.0688,2465768.799999987,2309165.400000011
177435877.0688,2465768.799999987,2309165.400000011
177435879.0688,2465768.799999987,2309165.400000011
177435881.0688,2465768.799999987,2309165.400000011
177435883.0688,2465768.799999987,2309165.400000011
177435885.0688,2465768.799999987,2309165.300000011
177435887.0688,2465768.799999987,2309165.300000011
177435889.0688,2465768.799999987,2309165.300000011
177435891.0688,2465768.799999987,2309165.300000011
177435893.0688,2465768.799999987,2309165.300000011
177435895.0688,2465768.6999999867,2309165.300000011
177435897.0688,2465768.6999999867,2309165.300000011
177435899.0688,2465768.6999999867,2309165.300000011
177435901.0688,2465768.6999999867,2309165.300000011
177435903.0688,2465768.6999999867,2309165.300000011
177435905.0688,2465768.6999999867,2309165.400000011
177435907.0688,2465768.6999999867,2309165.400000011
177435909.0688,2465768.6999999867,2309165.400000011
177435911.0688,2465768.6999999867,2309165.400000011
177435913.0688,2465768.6999999867,2309165.400000011
177435915.0688,2465768.6999999867,2309165.400000011
177435917.0688,2465768.6999999867,2309165.400000011
177435919.0688,2465768.6999999867,2309165.400000011
177435921.0688,2465768.6999999867,2309165.400000011
177435923.0688,2465768.6999999867,2309165.500000011
177435925.0688,2465768.5999999866,2309165.400000011
177435927.0688,2465768.5999999866,2309165.400000011
177435929.0688,2465768.5999999866,2309165.400000011
177435931.0688,2465768.5999999866,2309165.400000011
177435933.0688,2465768.5999999866,2309165.400000011
177435935.0688,2465768.5999999866,2309165.400000011
177435937.0688,2465768.5999999866,2309165.400000011
177435939.0688,2465768.5999999866,2309165.400000011
177435941.0688,2465768.5999999866,2309165.400000011
177435943.0688,2465768.5999999866,2309165.400000011
177435945.0688,2465768.5999999866,2309165.400000011
177435947.0688,2465768.5999999866,2309165.400000011
177435949.0688,2465768.5999999866,2309165.400000011
177435951.0688,2465768.5999999866,2309165.400000011
177435953.0688,2465768.5999999866,2309165.400000011
177435955.0688,2465768.5999999866,2309165.400000011
177435957.0688,2465768.5999999866,2309165.400000011
177435959.0688,2465768.5999999866,2309165.400000011
177435961.0688,2465768.5999999866,2309165.400000011
177435963.0688,2465768.5999999866,2309165.400000011
177435965.0688,2465768.5999999866,2309165.400000011
177435967.0688,2465768.5999999866,2309165.400000011
177435969.0688,2465768.5999999866,2309165.400000011
177435971.0688,2465768.5999999866,2309165.400000011
177435973.0688,2465768.5999999866,2309165.400000011
177435975.0688,2465768.5999999866,2309165.400000011
177435977.0688,2465768.5999999866,2309165.400000011
177435979.0688,2465768.5999999866,2309165.400000011
177435981.0688,2465768.5999999866,2309165.400000011
177435983.0688,2465768.5999999866,2309165.400000011
177435985.0688,2465768.5999999866,2309165.400000011
177435987.0688,2465768.5999999866,2309165.400000011
177435989.0688,2465768.5999999866,2309165.400000011
177435991.0688,2465768.5999999866,2309165.400000011
177435993.0688,2465768.5999999866,2309165.400000011
177435995.0688,2465768.5999999866,2309165.400000011
177435997.0688,2465768.5999999866,2309165.400000011
177435999.0688,2465768.5999999866,2309165.400000011
177436001.0688,2465768.5999999866,2309165.400000011
177436003.0688,2465768.5999999866,2309165.400000011
177436005.0688,2465768.5999999866,2309165.400000011
177436007.0688,2465768.4999999865,2309165.400000011
177436009.0688,2465768.4999999865,2309165.400000011
177436011.0688,2465768.4999999865,2309165.400000011
177436013.0688,2465768.4999999865,2309165.400000011
177436015.0688,2465768.4999999865,2309165.400000011
177436017.0688,2465768.4999999865,2309165.400000011
177436019.0688,2465768.4999999865,2309165.400000011
177436021.0688,2465768.4999999865,2309165.400000011
177436023.0688,2465768.4999999865,2309165.400000011
177436025.0688,2465768.4999999865,2309165.400000011
177436027.0688,2465768.4999999865,2309165.400000011
177436029.0688,2465768.4999999865,2309165.400000011
177436031.0688,2465768.4999999865,2309165.400000011
177436033.0688,2465768.4999999865,2309165.400000011
177436035.0688,2465768.9999999865,2309165.400000011
177436037.0688,2465768.8999999864,2309165.400000011
177436039.0688,2465768.8999999864,2309165.400000011
177436041.0688,2465768.8999999864,2309165.400000011
177436043.0688,2465768.8999999864,2309165.400000011
177436045.0688,2465768.8999999864,2309165.400000011
177436047.0688,2465768.8999999864,2316995.6000000113
