Timestamp,Buy_Price,Sell_Price
177427257.1656,7.8,0.3
177427259.1656,7.8,0.3
177427261.1656,7.8,0.3
177427263.1656,7.8,0.3
177427265.1656,7.8,0.3
177427267.1656,7.8,0.3
177427269.1656,7.8,0.3
177427271.1656,7.8,0.3
177427273.1656,7.8,0.3
177427275.1656,7.8,0.3
177427277.1656,7.8,0.3
177427279.1656,7.8,0.3
177427281.1656,7.8,0.3
177427283.1656,7.8,0.3
177427285.1656,7.8,0.3
177427287.1656,7.8,0.3
177427289.1656,7.8,0.3
177427291.1656,7.8,0.3
177427293.1656,7.8,0.3
177427295.1656,7.8,0.3
177427297.1656,7.8,0.3
177427299.1656,7.8,0.3
177427301.1656,7.8,0.3
177427303.1656,7.8,0.3
177427305.1656,7.8,0.3
177427307.1656,7.8,0.3
177427309.1656,7.8,0.3
177427311.1656,7.8,0.3
177427313.1656,7.8,0.3
177427315.1656,7.8,0.3
177427317.1656,7.8,0.3
177427319.1656,7.8,0.3
177427321.1656,7.8,0.3
177427323.1656,7.8,0.3
177427325.1656,7.8,0.3
177427327.1656,7.8,0.3
177427329.1656,7.8,0.3
177427331.1656,7.8,0.3
177427333.1656,7.8,0.3
177427335.1656,7.8,0.3
177427337.1656,7.8,0.3
177427339.1656,7.8,0.3
177427341.1656,7.8,0.3
177427343.1656,7.8,0.3
177427345.1656,7.8,0.3
177427347.1656,7.8,0.3
177427349.1656,7.8,0.3
177427351.1656,7.8,0.3
177427353.1656,7.8,0.3
177427355.1656,7.8,0.3
177427357.1656,7.8,0.3
177427359.1656,7.8,0.3
177427361.1656,7.8,0.3
177427363.1656,7.8,0.3
177427365.1656,7.8,0.3
177427367.1656,7.8,0.3
177427369.1656,7.8,0.3
177427371.1656,7.8,0.3
177427373.1656,7.8,0.3
177427375.1656,7.8,0.3
177427377.1656,7.8,0.3
177427379.1656,7.8,0.3
177427381.1656,7.8,0.3
177427383.1656,7.8,0.3
177427385.1656,7.8,0.3
177427387.1656,7.8,0.3
177427389.1656,7.8,0.3
177427391.1656,7.8,0.3
177427393.1656,7.8,0.3
177427395.1656,7.8,0.3
177427397.1656,7.8,0.3
177427399.1656,7.8,0.3
177427401.1656,7.8,0.3
177427403.1656,7.8,0.3
177427405.1656,7.8,0.3
177427407.1656,7.8,0.3
177427409.1656,7.8,0.3
177427411.1656,7.8,0.3
177427413.1656,7.8,0.3
177427415.1656,7.8,0.3
177427417.1656,7.8,0.3
177427419.1656,7.8,0.3
177427421.1656,7.8,0.3
177427423.1656,7.8,0.3
177427425.1656,7.8,0.3
177427427.1656,7.8,0.3
177427429.1656,7.8,0.3
177427431.1656,7.8,0.3
177427433.1656,7.8,0.3
177427435.1656,7.8,0.3
177427437.1656,7.8,0.3
177427439.1656,7.8,0.3
177427441.1656,7.8,0.3
177427443.1656,7.8,0.3
177427445.1656,7.8,0.3
177427447.1656,7.8,0.3
177427449.1656,7.8,0.3
177427451.1656,7.8,0.3
177427453.1656,7.8,0.3
177427455.1656,7.8,0.3
177427457.1656,7.8,0.3
177427459.1656,7.8,0.3
177427461.1656,7.8,0.3
177427463.1656,7.8,0.3
177427465.1656,7.8,0.3
177427467.1656,7.8,0.3
177427469.1656,7.8,0.3
177427471.1656,7.8,0.3
177427473.1656,7.8,0.3
177427475.1656,7.8,0.3
177427477.1656,7.8,0.3
177427479.1656,7.8,0.3
177427481.1656,7.8,0.3
177427483.1656,7.8,0.3
177427485.1656,7.8,0.3
177427487.1656,7.8,0.3
177427489.1656,7.8,0.3
177427491.1656,7.8,0.3
177427493.1656,7.8,0.3
177427495.1656,7.8,0.3
177427497.1656,7.8,0.3
177427499.1656,7.7,0.3
177427501.1656,7.7,0.3
177427503.1656,7.7,0.3
177427505.1656,7.7,0.3
177427507.1656,7.7,0.3
177427509.1656,7.7,0.3
177427511.1656,7.7,0.3
177427513.1656,7.7,0.3
177427515.1656,7.7,0.3
177427517.1656,7.7,0.3
177427519.1656,7.7,0.3
177427521.1656,7.7,0.3
177427523.1656,7.7,0.3
177427525.1656,7.7,0.3
177427527.1656,7.7,0.3
177427529.1656,7.7,0.3
177427531.1656,7.7,0.3
177427533.1656,7.7,0.3
177427535.1656,7.7,0.3
177427537.1656,7.6000000000000005,0.3
177427539.1656,7.6000000000000005,0.3
177427541.1656,7.6000000000000005,0.3
177427543.1656,7.6000000000000005,0.3
177427545.1656,7.6000000000000005,0.3
177427547.1656,7.6000000000000005,0.3
177427549.1656,7.6000000000000005,0.3
177427551.1656,7.6000000000000005,0.3
177427553.1656,7.6000000000000005,0.3
177427555.1656,7.6000000000000005,0.3
177427557.1656,7.6000000000000005,0.3
177427559.1656,7.6000000000000005,0.3
177427561.1656,7.6000000000000005,0.3
177427563.1656,7.6000000000000005,0.3
177427565.1656,7.6000000000000005,0.3
177427567.1656,7.6000000000000005,0.3
177427569.1656,7.6000000000000005,0.3
177427571.1656,7.6000000000000005,0.3
177427573.1656,7.6000000000000005,0.3
177427575.1656,7.6000000000000005,0.3
177427577.1656,7.6000000000000005,0.3
177427579.1656,7.6000000000000005,0.3
177427581.1656,7.6000000000000005,0.3
177427583.1656,7.6000000000000005,0.3
177427585.1656,7.6000000000000005,0.3
177427587.1656,7.6000000000000005,0.3
177427589.1656,7.6000000000000005,0.3
177427591.1656,7.6000000000000005,0.3
177427593.1656,7.6000000000000005,0.3
177427595.1656,7.6000000000000005,0.3
177427597.1656,7.6000000000000005,0.3
177427599.1656,7.6000000000000005,0.3
177427601.1656,7.6000000000000005,0.3
177427603.1656,7.6000000000000005,0.3
177427605.1656,7.6000000000000005,0.3
177427607.1656,7.6000000000000005,0.3
177427609.1656,7.6000000000000005,0.3
177427611.1656,7.6000000000000005,0.3
177427613.1656,7.6000000000000005,0.3
177427615.1656,7.6000000000000005,0.3
177427617.1656,7.6000000000000005,0.3
177427619.1656,7.6000000000000005,0.3
177427621.1656,7.6000000000000005,0.3
177427623.1656,7.6000000000000005,0.3
177427625.1656,7.6000000000000005,0.3
177427627.1656,7.6000000000000005,0.3
177427629.1656,7.6000000000000005,0.3
177427631.1656,7.6000000000000005,0.3
177427633.1656,7.6000000000000005,0.3
177427635.1656,7.6000000000000005,0.3
177427637.1656,7.6000000000000005,0.3
177427639.1656,7.6000000000000005,0.3
177427641.1656,7.6000000000000005,0.3
177427643.1656,7.6000000000000005,0.3
177427645.1656,7.6000000000000005,0.3
177427647.1656,7.6000000000000005,0.3
177427649.1656,7.6000000000000005,0.3
177427651.1656,7.6000000000000005,0.3
177427653.1656,7.6000000000000005,0.3
177427655.1656,7.6000000000000005,0.3
177427657.1656,7.6000000000000005,0.3
177427659.1656,7.6000000000000005,0.3
177427661.1656,7.6000000000000005,0.3
177427663.1656,7.6000000000000005,0.3
177427665.1656,7.6000000000000005,0.3
177427667.1656,7.6000000000000005,0.3
177427669.1656,7.6000000000000005,0.3
177427671.1656,7.6000000000000005,0.3
177427673.1656,7.6000000000000005,0.3
177427675.1656,7.6000000000000005,0.3
177427677.1656,7.6000000000000005,0.3
177427679.1656,7.6000000000000005,0.3
177427681.1656,7.6000000000000005,0.3
177427683.1656,7.6000000000000005,0.3
177427685.1656,7.6000000000000005,0.3
177427687.1656,7.6000000000000005,0.3
177427689.1656,7.6000000000000005,0.3
177427691.1656,7.6000000000000005,0.3
177427693.1656,7.6000000000000005,0.3
177427695.1656,7.6000000000000005,0.3
177427697.1656,7.6000000000000005,0.3
177427699.1656,7.6000000000000005,0.3
177427701.1656,7.6000000000000005,0.3
177427703.1656,7.6000000000000005,0.3
177427705.1656,7.6000000000000005,0.3
177427707.1656,7.6000000000000005,0.3
177427709.1656,7.6000000000000005,0.3
177427711.1656,7.6000000000000005,0.3
177427713.1656,7.6000000000000005,0.19999999999999998
177427715.1656,7.6000000000000005,0.19999999999999998
177427717.1656,7.6000000000000005,0.19999999999999998
177427719.1656,7.6000000000000005,0.19999999999999998
177427721.1656,7.6000000000000005,0.19999999999999998
177427723.1656,7.6000000000000005,0.19999999999999998
177427725.1656,7.6000000000000005,0.19999999999999998
177427727.1656,7.6000000000000005,0.19999999999999998
177427729.1656,6.9,0.19999999999999998
177427731.1656,6.9,0.19999999999999998
177427733.1656,6.9,0.19999999999999998
177427735.1656,6.9,0.19999999999999998
177427737.1656,6.9,0.19999999999999998
177427739.1656,6.9,0.19999999999999998
177427741.1656,6.800000000000001,0.19999999999999998
177427743.1656,6.800000000000001,0.19999999999999998
177427745.1656,6.800000000000001,0.19999999999999998
177427747.1656,6.800000000000001,0.19999999999999998
177427749.1656,6.800000000000001,0.19999999999999998
177427751.1656,6.800000000000001,0.19999999999999998
177427753.1656,6.800000000000001,0.19999999999999998
177427755.1656,6.800000000000001,0.19999999999999998
177427757.1656,6.800000000000001,0.19999999999999998
177427759.1656,6.800000000000001,0.19999999999999998
177427761.1656,6.800000000000001,0.19999999999999998
177427763.1656,6.800000000000001,0.19999999999999998
177427765.1656,6.800000000000001,0.19999999999999998
177427767.1656,6.800000000000001,0.19999999999999998
177427769.1656,6.800000000000001,0.19999999999999998
177427771.1656,6.800000000000001,0.19999999999999998
177427773.1656,6.800000000000001,0.19999999999999998
177427775.1656,6.800000000000001,0.19999999999999998
177427777.1656,6.800000000000001,0.19999999999999998
177427779.1656,6.800000000000001,0.19999999999999998
177427781.1656,6.800000000000001,0.19999999999999998
177427783.1656,6.800000000000001,0.19999999999999998
177427785.1656,6.800000000000001,0.19999999999999998
177427787.1656,6.800000000000001,0.19999999999999998
177427789.1656,6.800000000000001,0.19999999999999998
177427791.1656,6.800000000000001,0.19999999999999998
177427793.1656,6.800000000000001,0.19999999999999998
177427795.1656,6.800000000000001,0.19999999999999998
177427797.1656,6.800000000000001,0.19999999999999998
177427799.1656,6.800000000000001,0.19999999999999998
177427801.1656,6.800000000000001,0.19999999999999998
177427805.1656,6.800000000000001,0.19999999999999998
177427807.1656,6.800000000000001,0.19999999999999998
177427809.1656,6.800000000000001,0.19999999999999998
177427811.1656,6.800000000000001,0.19999999999999998
177427813.1656,6.800000000000001,0.19999999999999998
177427815.1656,6.800000000000001,0.19999999999999998
177427817.1656,6.800000000000001,0.19999999999999998
177427819.1656,6.800000000000001,0.19999999999999998
177427821.1656,6.800000000000001,0.19999999999999998
177427823.1656,6.800000000000001,0.19999999999999998
177427825.1656,6.800000000000001,0.19999999999999998
177427827.1656,6.800000000000001,0.19999999999999998
177427829.1656,6.800000000000001,0.19999999999999998
177427831.1656,6.800000000000001,0.19999999999999998
177427833.1656,6.800000000000001,0.19999999999999998
177427835.1656,6.800000000000001,0.19999999999999998
177427837.1656,6.800000000000001,0.19999999999999998
177427839.1656,6.800000000000001,0.19999999999999998
177427841.1656,6.800000000000001,0.19999999999999998
177427843.1656,6.800000000000001,0.19999999999999998
177427845.1656,6.800000000000001,0.19999999999999998
177427847.1656,6.800000000000001,0.19999999999999998
177427849.1656,6.800000000000001,0.19999999999999998
177427851.1656,6.800000000000001,0.19999999999999998
177427853.1656,6.800000000000001,0.19999999999999998
177427855.1656,6.800000000000001,0.19999999999999998
177427857.1656,6.800000000000001,0.19999999999999998
177427859.1656,6.800000000000001,0.19999999999999998
177427861.1656,6.800000000000001,0.19999999999999998
177427863.1656,6.800000000000001,0.19999999999999998
177427865.1656,6.800000000000001,0.19999999999999998
177427867.1656,6.800000000000001,0.19999999999999998
177427869.1656,6.800000000000001,0.19999999999999998
177427871.1656,6.800000000000001,0.19999999999999998
177427873.1656,6.800000000000001,0.19999999999999998
177427875.1656,6.800000000000001,0.19999999999999998
177427877.1656,6.800000000000001,0.19999999999999998
177427879.1656,6.800000000000001,0.19999999999999998
177427881.1656,6.800000000000001,0.19999999999999998
177427883.1656,6.800000000000001,0.19999999999999998
177427885.1656,6.800000000000001,0.19999999999999998
177427887.1656,6.800000000000001,0.19999999999999998
177427889.1656,6.800000000000001,0.19999999999999998
177427891.1656,6.800000000000001,0.19999999999999998
177427893.1656,6.800000000000001,0.19999999999999998
177427895.1656,6.800000000000001,0.19999999999999998
177427897.1656,6.800000000000001,0.19999999999999998
177427899.1656,6.800000000000001,0.19999999999999998
177427901.1656,6.800000000000001,0.19999999999999998
177427903.1656,6.800000000000001,0.19999999999999998
177427905.1656,6.800000000000001,0.19999999999999998
177427907.1656,6.800000000000001,0.19999999999999998
177427909.1656,6.800000000000001,0.19999999999999998
177427911.1656,6.800000000000001,0.19999999999999998
177427913.1656,6.800000000000001,0.19999999999999998
177427915.1656,6.800000000000001,0.19999999999999998
177427917.1656,6.800000000000001,0.19999999999999998
177427919.1656,6.800000000000001,0.19999999999999998
177427921.1656,6.800000000000001,0.19999999999999998
177427923.1656,6.700000000000001,0.19999999999999998
177427925.1656,6.700000000000001,0.19999999999999998
177427927.1656,6.700000000000001,0.19999999999999998
177427929.1656,6.700000000000001,0.19999999999999998
177427931.1656,6.700000000000001,0.19999999999999998
177427933.1656,6.700000000000001,0.19999999999999998
177427935.1656,6.700000000000001,0.19999999999999998
177427937.1656,6.700000000000001,0.19999999999999998
177427939.1656,6.700000000000001,0.19999999999999998
177427941.1656,6.700000000000001,0.19999999999999998
177427943.1656,6.700000000000001,0.19999999999999998
177427945.1656,6.700000000000001,0.19999999999999998
177427947.1656,6.700000000000001,0.19999999999999998
177427949.1656,6.700000000000001,0.19999999999999998
177427951.1656,6.700000000000001,0.19999999999999998
177427953.1656,6.700000000000001,0.19999999999999998
177427955.1656,6.700000000000001,0.19999999999999998
177427957.1656,6.700000000000001,0.19999999999999998
177427959.1656,6.700000000000001,0.19999999999999998
177427961.1656,6.700000000000001,0.19999999999999998
177427963.1656,6.700000000000001,0.19999999999999998
177427965.1656,6.700000000000001,0.19999999999999998
177427967.1656,6.700000000000001,0.19999999999999998
177427969.1656,6.700000000000001,0.19999999999999998
177427971.1656,6.700000000000001,0.19999999999999998
177427973.1656,6.700000000000001,0.19999999999999998
177427975.1656,6.700000000000001,0.19999999999999998
177427977.1656,6.700000000000001,0.19999999999999998
177427979.1656,6.700000000000001,0.19999999999999998
177427981.1656,6.700000000000001,0.19999999999999998
177427983.1656,6.700000000000001,0.19999999999999998
177427985.1656,6.700000000000001,0.19999999999999998
177427987.1656,6.700000000000001,0.19999999999999998
177427989.1656,6.700000000000001,0.19999999999999998
177427991.1656,6.700000000000001,0.19999999999999998
177427993.1656,6.700000000000001,0.19999999999999998
177427995.1656,6.700000000000001,0.19999999999999998
177427997.1656,6.700000000000001,0.19999999999999998
177427999.1656,6.700000000000001,0.19999999999999998
177428001.1656,6.700000000000001,0.19999999999999998
177428003.1656,6.700000000000001,0.19999999999999998
177428005.1656,6.700000000000001,0.19999999999999998
177428007.1656,6.700000000000001,0.19999999999999998
177428009.1656,6.700000000000001,0.19999999999999998
177428011.1656,6.700000000000001,0.19999999999999998
177428013.1656,6.700000000000001,0.19999999999999998
177428015.1656,6.700000000000001,0.19999999999999998
177428017.1656,6.700000000000001,0.19999999999999998
177428019.1656,6.700000000000001,0.19999999999999998
177428021.1656,6.700000000000001,0.19999999999999998
177428023.1656,6.700000000000001,0.19999999999999998
177428025.1656,6.700000000000001,0.19999999999999998
177428027.1656,6.700000000000001,0.19999999999999998
177428029.1656,6.700000000000001,0.19999999999999998
177428031.1656,6.700000000000001,0.19999999999999998
177428033.1656,6.700000000000001,0.19999999999999998
177428035.1656,6.700000000000001,0.19999999999999998
177428037.1656,6.700000000000001,0.19999999999999998
177428039.1656,6.700000000000001,0.19999999999999998
177428041.1656,6.700000000000001,0.19999999999999998
177428043.1656,6.700000000000001,0.19999999999999998
177428045.1656,6.700000000000001,0.19999999999999998
177428047.1656,6.700000000000001,0.19999999999999998
177428049.1656,6.700000000000001,0.19999999999999998
177428051.1656,6.700000000000001,0.19999999999999998
177428053.1656,6.700000000000001,0.19999999999999998
177428055.1656,6.700000000000001,0.19999999999999998
177428057.1656,6.700000000000001,0.19999999999999998
177428059.1656,6.700000000000001,0.19999999999999998
177428061.1656,6.700000000000001,0.19999999999999998
177428063.1656,6.700000000000001,0.19999999999999998
177428065.1656,6.700000000000001,0.19999999999999998
177428067.1656,6.700000000000001,0.19999999999999998
177428069.1656,6.700000000000001,0.19999999999999998
177428071.1656,6.700000000000001,0.19999999999999998
177428073.1656,6.700000000000001,0.19999999999999998
177428075.1656,6.700000000000001,0.19999999999999998
177428077.1656,6.700000000000001,0.19999999999999998
177428079.1656,6.700000000000001,0.19999999999999998
177428081.1656,6.700000000000001,0.19999999999999998
177428083.1656,6.700000000000001,0.19999999999999998
177428085.1656,6.700000000000001,0.19999999999999998
177428087.1656,6.700000000000001,0.19999999999999998
177428089.1656,6.700000000000001,0.19999999999999998
177428091.1656,6.700000000000001,0.19999999999999998
177428093.1656,6.700000000000001,0.19999999999999998
177428095.1656,6.700000000000001,0.19999999999999998
177428097.1656,6.700000000000001,0.19999999999999998
177428099.1656,6.700000000000001,0.19999999999999998
177428101.1656,6.700000000000001,0.19999999999999998
177428103.1656,6.700000000000001,0.19999999999999998
177428105.1656,6.700000000000001,0.19999999999999998
177428107.1656,6.700000000000001,0.19999999999999998
177428109.1656,6.700000000000001,0.19999999999999998
177428111.1656,6.700000000000001,0.19999999999999998
177428113.1656,6.700000000000001,0.19999999999999998
177428115.1656,6.700000000000001,0.19999999999999998
177428117.1656,6.700000000000001,0.19999999999999998
177428119.1656,6.700000000000001,0.19999999999999998
177428121.1656,6.700000000000001,0.19999999999999998
177428123.1656,6.700000000000001,0.19999999999999998
177428125.1656,6.700000000000001,0.19999999999999998
177428127.1656,6.700000000000001,0.19999999999999998
177428129.1656,6.700000000000001,0.19999999999999998
177428131.1656,6.700000000000001,0.19999999999999998
177428133.1656,6.700000000000001,0.19999999999999998
177428135.1656,6.700000000000001,0.19999999999999998
177428137.1656,6.700000000000001,0.19999999999999998
177428139.1656,6.700000000000001,0.19999999999999998
177428141.1656,6.700000000000001,0.19999999999999998
177428143.1656,6.700000000000001,0.19999999999999998
177428145.1656,6.700000000000001,0.19999999999999998
177428147.1656,6.700000000000001,0.19999999999999998
177428149.1656,6.700000000000001,0.19999999999999998
177428151.1656,6.700000000000001,0.19999999999999998
177428153.1656,6.700000000000001,0.19999999999999998
177428155.1656,6.700000000000001,0.19999999999999998
177428157.1656,6.700000000000001,0.19999999999999998
177428159.1656,6.700000000000001,0.19999999999999998
177428161.1656,6.700000000000001,0.19999999999999998
177428163.1656,6.700000000000001,0.19999999999999998
177428165.1656,6.700000000000001,0.19999999999999998
177428167.1656,6.700000000000001,0.19999999999999998
177428169.1656,6.700000000000001,0.19999999999999998
177428171.1656,6.700000000000001,0.19999999999999998
177428173.1656,6.700000000000001,0.19999999999999998
177428175.1656,6.700000000000001,0.19999999999999998
177428177.1656,6.700000000000001,0.19999999999999998
177428179.1656,6.700000000000001,0.19999999999999998
177428181.1656,6.700000000000001,0.19999999999999998
177428183.1656,6.700000000000001,0.19999999999999998
177428185.1656,6.700000000000001,0.19999999999999998
177428187.1656,6.700000000000001,0.19999999999999998
177428189.1656,6.700000000000001,0.19999999999999998
177428191.1656,6.700000000000001,0.19999999999999998
177428193.1656,6.700000000000001,0.19999999999999998
177428195.1656,6.700000000000001,0.19999999999999998
177428197.1656,6.700000000000001,0.19999999999999998
177428199.1656,6.700000000000001,0.19999999999999998
177428201.1656,6.700000000000001,0.19999999999999998
177428203.1656,6.700000000000001,0.19999999999999998
177428205.1656,6.700000000000001,0.19999999999999998
177428207.1656,6.700000000000001,0.19999999999999998
177428209.1656,6.700000000000001,0.19999999999999998
177428211.1656,6.700000000000001,0.19999999999999998
177428213.1656,6.700000000000001,0.19999999999999998
177428215.1656,6.700000000000001,0.19999999999999998
177428217.1656,6.700000000000001,0.19999999999999998
177428219.1656,6.700000000000001,0.19999999999999998
177428221.1656,6.700000000000001,0.19999999999999998
177428223.1656,6.700000000000001,0.19999999999999998
177428225.1656,6.700000000000001,0.19999999999999998
177428227.1656,6.700000000000001,0.19999999999999998
177428229.1656,6.700000000000001,0.19999999999999998
177428231.1656,6.700000000000001,0.19999999999999998
177428233.1656,6.700000000000001,0.19999999999999998
177428235.1656,6.700000000000001,0.19999999999999998
177428237.1656,6.700000000000001,0.19999999999999998
177428239.1656,6.700000000000001,0.19999999999999998
177428241.1656,6.700000000000001,0.19999999999999998
177428243.1656,6.700000000000001,0.19999999999999998
177428245.1656,6.700000000000001,0.19999999999999998
177428247.1656,6.700000000000001,0.19999999999999998
177428249.1656,6.700000000000001,0.19999999999999998
177428251.1656,6.700000000000001,0.19999999999999998
177428253.1656,6.700000000000001,0.19999999999999998
177428255.1656,6.700000000000001,0.19999999999999998
177428257.1656,6.700000000000001,0.19999999999999998
177428259.1656,6.700000000000001,0.19999999999999998
177428261.1656,6.700000000000001,0.19999999999999998
177428263.1656,6.700000000000001,0.19999999999999998
177428265.1656,6.700000000000001,0.19999999999999998
177428267.1656,6.700000000000001,0.19999999999999998
177428269.1656,6.700000000000001,0.19999999999999998
177428271.1656,6.700000000000001,0.19999999999999998
177428273.1656,6.700000000000001,0.19999999999999998
177428275.1656,6.700000000000001,0.19999999999999998
177428277.1656,6.700000000000001,0.19999999999999998
177428279.1656,6.700000000000001,0.19999999999999998
177428281.1656,6.700000000000001,0.19999999999999998
177428283.1656,6.700000000000001,0.19999999999999998
177428285.1656,6.700000000000001,0.19999999999999998
177428287.1656,6.700000000000001,0.19999999999999998
177428289.1656,6.700000000000001,0.19999999999999998
177428291.1656,6.700000000000001,0.19999999999999998
177428293.1656,6.700000000000001,0.19999999999999998
177428295.1656,6.700000000000001,0.19999999999999998
177428297.1656,6.700000000000001,0.19999999999999998
177428299.1656,6.700000000000001,0.19999999999999998
177428301.1656,6.700000000000001,0.19999999999999998
177428303.1656,6.700000000000001,0.19999999999999998
177428305.1656,6.700000000000001,0.19999999999999998
177428307.1656,6.700000000000001,0.19999999999999998
177428309.1656,6.700000000000001,0.19999999999999998
177428311.1656,6.700000000000001,0.19999999999999998
177428313.1656,6.700000000000001,0.19999999999999998
177428315.1656,6.700000000000001,0.19999999999999998
177428317.1656,6.700000000000001,0.19999999999999998
177428319.1656,6.700000000000001,0.19999999999999998
177428321.1656,6.700000000000001,0.19999999999999998
177428323.1656,6.700000000000001,0.19999999999999998
177428325.1656,6.700000000000001,0.19999999999999998
177428327.1656,6.700000000000001,0.19999999999999998
177428329.1656,6.700000000000001,0.19999999999999998
177428331.1656,6.700000000000001,0.19999999999999998
177428333.1656,6.700000000000001,0.19999999999999998
177428335.1656,6.700000000000001,0.19999999999999998
177428337.1656,6.700000000000001,0.19999999999999998
177428339.1656,6.700000000000001,0.19999999999999998
177428341.1656,6.700000000000001,0.19999999999999998
177428343.1656,6.700000000000001,0.19999999999999998
177428345.1656,6.700000000000001,0.19999999999999998
177428347.1656,6.700000000000001,0.19999999999999998
177428349.1656,6.700000000000001,0.19999999999999998
177428351.1656,6.700000000000001,0.19999999999999998
177428353.1656,6.700000000000001,0.19999999999999998
177428355.1656,6.700000000000001,0.19999999999999998
177428357.1656,6.700000000000001,0.19999999999999998
177428359.1656,6.700000000000001,0.19999999999999998
177428361.1656,6.700000000000001,0.19999999999999998
177428363.1656,6.700000000000001,0.19999999999999998
177428365.1656,6.700000000000001,0.19999999999999998
177428367.1656,6.700000000000001,0.19999999999999998
177428369.1656,6.700000000000001,0.19999999999999998
177428371.1656,6.700000000000001,0.19999999999999998
177428373.1656,6.700000000000001,0.19999999999999998
177428375.1656,6.700000000000001,0.19999999999999998
177428377.1656,6.700000000000001,0.19999999999999998
177428379.1656,6.700000000000001,0.19999999999999998
177428381.1656,6.700000000000001,0.19999999999999998
177428383.1656,6.700000000000001,0.19999999999999998
177428385.1656,6.700000000000001,0.19999999999999998
177428387.1656,6.700000000000001,0.19999999999999998
177428389.1656,6.700000000000001,0.19999999999999998
177428391.1656,6.700000000000001,0.19999999999999998
177428393.1656,6.700000000000001,0.19999999999999998
177428395.0656,6.700000000000001,0.19999999999999998
177428397.0656,6.700000000000001,0.19999999999999998
177428399.0656,6.700000000000001,0.19999999999999998
177428401.0656,6.700000000000001,0.19999999999999998
177428403.0656,6.700000000000001,0.19999999999999998
177428405.0656,6.700000000000001,0.19999999999999998
177428407.0656,6.700000000000001,0.19999999999999998
177428409.0656,6.700000000000001,0.19999999999999998
177428411.0656,6.700000000000001,0.19999999999999998
177428413.0656,6.700000000000001,0.19999999999999998
177428415.0656,6.700000000000001,0.19999999999999998
177428417.0656,6.700000000000001,0.19999999999999998
177428419.0656,6.600000000000001,0.19999999999999998
177428421.0656,6.600000000000001,0.19999999999999998
177428423.0656,6.600000000000001,0.19999999999999998
177428425.0656,6.600000000000001,0.19999999999999998
177428427.0656,6.600000000000001,0.19999999999999998
177428429.0656,6.600000000000001,0.19999999999999998
177428431.0656,6.600000000000001,0.19999999999999998
177428433.0656,6.600000000000001,0.19999999999999998
177428435.0656,6.600000000000001,0.19999999999999998
177428437.0656,6.600000000000001,0.19999999999999998
177428439.0656,6.600000000000001,0.19999999999999998
177428441.0656,6.600000000000001,0.19999999999999998
177428443.0656,6.600000000000001,0.19999999999999998
177428445.0656,6.600000000000001,0.19999999999999998
177428447.0656,6.600000000000001,0.19999999999999998
177428449.0656,6.600000000000001,0.19999999999999998
177428451.0656,6.600000000000001,0.19999999999999998
177428453.0656,6.600000000000001,0.19999999999999998
177428455.0656,6.600000000000001,0.19999999999999998
177428457.0656,6.600000000000001,0.19999999999999998
177428459.0656,6.600000000000001,0.19999999999999998
177428461.0656,6.600000000000001,0.19999999999999998
177428463.0656,6.600000000000001,0.19999999999999998
177428465.0656,6.600000000000001,0.19999999999999998
177428467.0656,6.600000000000001,0.19999999999999998
177428469.0656,6.600000000000001,0.19999999999999998
177428471.0656,6.600000000000001,0.19999999999999998
177428473.0656,6.600000000000001,0.19999999999999998
177428475.0656,6.600000000000001,0.19999999999999998
177428477.0656,6.600000000000001,0.19999999999999998
177428479.0656,6.600000000000001,0.19999999999999998
177428481.0656,6.600000000000001,0.19999999999999998
177428483.0656,6.600000000000001,0.19999999999999998
177428485.0656,6.600000000000001,0.19999999999999998
177428487.0656,6.600000000000001,0.19999999999999998
177428489.0656,6.600000000000001,0.19999999999999998
177428491.0656,6.600000000000001,0.19999999999999998
177428493.0656,6.600000000000001,0.19999999999999998
177428495.0656,6.600000000000001,0.19999999999999998
177428497.0656,6.600000000000001,0.19999999999999998
177428499.0656,6.600000000000001,0.19999999999999998
177428501.0656,6.600000000000001,0.19999999999999998
177428503.0656,6.600000000000001,0.19999999999999998
177428505.0656,6.600000000000001,0.19999999999999998
177428507.0656,6.600000000000001,0.19999999999999998
177428509.0656,6.600000000000001,0.19999999999999998
177428511.0656,6.600000000000001,0.19999999999999998
177428513.1656,6.600000000000001,0.19999999999999998
177428515.0656,6.600000000000001,0.19999999999999998
177428517.0656,6.600000000000001,0.19999999999999998
177428519.0656,6.600000000000001,0.19999999999999998
177428521.0656,6.600000000000001,0.19999999999999998
177428523.0656,6.600000000000001,0.19999999999999998
177428525.0656,6.600000000000001,0.19999999999999998
177428527.0656,6.600000000000001,0.19999999999999998
177428529.0656,6.600000000000001,0.19999999999999998
177428531.0656,6.600000000000001,0.19999999999999998
177428533.0656,6.600000000000001,0.19999999999999998
177428535.0656,6.600000000000001,0.19999999999999998
177428537.0656,6.600000000000001,0.19999999999999998
177428539.0656,6.600000000000001,0.19999999999999998
177428541.0656,6.600000000000001,0.19999999999999998
177428543.0656,6.600000000000001,0.19999999999999998
177428545.0656,6.600000000000001,0.19999999999999998
177428547.0656,6.600000000000001,0.19999999999999998
177428549.0656,6.600000000000001,0.19999999999999998
177428551.0656,6.600000000000001,0.19999999999999998
177428553.0656,6.600000000000001,0.19999999999999998
177428555.0656,6.600000000000001,0.19999999999999998
177428557.0656,6.600000000000001,0.19999999999999998
177428559.0656,6.600000000000001,0.19999999999999998
177428561.0656,6.600000000000001,0.19999999999999998
177428563.0656,6.600000000000001,0.19999999999999998
177428565.0656,6.600000000000001,0.19999999999999998
177428567.0656,6.600000000000001,0.19999999999999998
177428569.0656,6.600000000000001,0.19999999999999998
177428571.0656,6.600000000000001,0.19999999999999998
177428573.0656,6.600000000000001,0.19999999999999998
177428575.0656,6.600000000000001,0.19999999999999998
177428577.0656,6.600000000000001,0.19999999999999998
177428579.0656,6.600000000000001,0.19999999999999998
177428581.0656,6.600000000000001,0.19999999999999998
177428583.0656,6.600000000000001,0.19999999999999998
177428585.0656,6.600000000000001,0.19999999999999998
177428587.0656,6.600000000000001,0.19999999999999998
177428589.0656,6.600000000000001,0.19999999999999998
177428591.0656,6.600000000000001,0.19999999999999998
177428593.0656,6.600000000000001,0.19999999999999998
177428595.0656,6.600000000000001,0.19999999999999998
177428597.0656,6.600000000000001,0.19999999999999998
177428599.0656,6.600000000000001,0.19999999999999998
177428601.0656,6.600000000000001,0.19999999999999998
177428603.0656,6.600000000000001,0.19999999999999998
177428605.0656,6.600000000000001,0.19999999999999998
177428607.0656,6.600000000000001,0.19999999999999998
177428609.0656,6.600000000000001,0.19999999999999998
177428611.0656,6.600000000000001,0.19999999999999998
177428613.0656,6.600000000000001,0.19999999999999998
177428615.0656,6.600000000000001,0.19999999999999998
177428617.0656,6.600000000000001,0.19999999999999998
177428619.0656,6.600000000000001,0.19999999999999998
177428621.0656,6.600000000000001,0.19999999999999998
177428623.0656,6.600000000000001,0.19999999999999998
177428625.0656,6.600000000000001,0.19999999999999998
177428627.0656,6.600000000000001,0.19999999999999998
177428629.0656,6.600000000000001,0.19999999999999998
177428631.0656,6.600000000000001,0.19999999999999998
177428633.0656,6.600000000000001,0.19999999999999998
177428635.0656,6.600000000000001,0.19999999999999998
177428637.0656,6.600000000000001,0.19999999999999998
177428639.0656,6.600000000000001,0.19999999999999998
177428641.0656,6.600000000000001,0.19999999999999998
177428643.0656,6.600000000000001,0.19999999999999998
177428645.0656,6.600000000000001,0.19999999999999998
177428647.0656,6.600000000000001,0.19999999999999998
177428649.0656,6.600000000000001,0.19999999999999998
177428651.0656,6.600000000000001,0.19999999999999998
177428653.0656,6.600000000000001,0.19999999999999998
177428655.0656,6.600000000000001,0.19999999999999998
177428657.0656,6.600000000000001,0.19999999999999998
177428659.0656,6.600000000000001,0.19999999999999998
177428661.0656,6.600000000000001,0.19999999999999998
177428663.0656,6.600000000000001,0.19999999999999998
177428665.0656,6.600000000000001,0.19999999999999998
177428667.0656,6.600000000000001,0.19999999999999998
177428669.0656,6.600000000000001,0.19999999999999998
177428671.0656,6.600000000000001,0.19999999999999998
177428673.0656,6.600000000000001,0.19999999999999998
177428675.0656,6.600000000000001,0.19999999999999998
177428677.0656,6.600000000000001,0.19999999999999998
177428679.0656,6.600000000000001,0.19999999999999998
177428681.0656,6.600000000000001,0.19999999999999998
177428683.0656,6.600000000000001,0.19999999999999998
177428685.0656,6.600000000000001,0.19999999999999998
177428687.0656,6.600000000000001,0.19999999999999998
177428689.0656,6.600000000000001,0.19999999999999998
177428691.0656,6.600000000000001,0.19999999999999998
177428693.0656,6.600000000000001,0.19999999999999998
177428695.0656,6.600000000000001,0.19999999999999998
177428697.0656,6.600000000000001,0.19999999999999998
177428699.0656,6.600000000000001,0.19999999999999998
177428701.0656,6.600000000000001,0.19999999999999998
177428703.0656,6.600000000000001,0.19999999999999998
177428705.0656,6.600000000000001,0.19999999999999998
177428707.0656,6.600000000000001,0.19999999999999998
177428709.0656,6.600000000000001,0.19999999999999998
177428711.0656,6.600000000000001,0.19999999999999998
177428713.0656,6.600000000000001,0.19999999999999998
177428715.0656,6.600000000000001,0.19999999999999998
177428717.0656,6.600000000000001,0.19999999999999998
177428719.0656,6.600000000000001,0.19999999999999998
177428721.0656,6.600000000000001,0.19999999999999998
177428723.0656,6.600000000000001,0.19999999999999998
177428725.0656,6.600000000000001,0.19999999999999998
177428727.0656,6.600000000000001,0.19999999999999998
177428729.0656,6.600000000000001,0.19999999999999998
177428731.0656,6.600000000000001,0.19999999999999998
177428733.0656,6.600000000000001,0.19999999999999998
177428735.0656,6.600000000000001,0.19999999999999998
177428737.0656,6.600000000000001,0.19999999999999998
177428739.0656,6.600000000000001,0.19999999999999998
177428741.0656,6.600000000000001,0.19999999999999998
177428742.9656,6.600000000000001,0.19999999999999998
177428744.9656,6.600000000000001,0.19999999999999998
177428746.9656,6.600000000000001,0.19999999999999998
177428748.9656,6.600000000000001,0.19999999999999998
177428750.9656,6.600000000000001,0.19999999999999998
177428752.9656,6.600000000000001,0.19999999999999998
177428754.9656,6.600000000000001,0.19999999999999998
177428756.9656,6.600000000000001,0.19999999999999998
177428758.9656,6.600000000000001,0.19999999999999998
177428760.9656,6.600000000000001,0.19999999999999998
177428762.9656,6.600000000000001,0.19999999999999998
177428764.9656,6.600000000000001,0.19999999999999998
177428766.9656,6.600000000000001,0.19999999999999998
177428768.9656,6.600000000000001,0.19999999999999998
177428770.9656,6.600000000000001,0.19999999999999998
177428772.9656,6.600000000000001,0.19999999999999998
177428774.9656,6.600000000000001,0.19999999999999998
177428776.9656,6.600000000000001,0.19999999999999998
177428778.9656,6.600000000000001,0.19999999999999998
177428780.9656,6.600000000000001,0.19999999999999998
177428782.9656,6.600000000000001,0.19999999999999998
177428784.9656,6.600000000000001,0.19999999999999998
177428786.9656,6.600000000000001,0.19999999999999998
177428788.9656,6.600000000000001,0.19999999999999998
177428790.9656,6.600000000000001,0.19999999999999998
177428792.9656,6.600000000000001,0.19999999999999998
177428794.9656,6.600000000000001,0.19999999999999998
177428796.9656,6.600000000000001,0.19999999999999998
177428798.9656,6.600000000000001,0.19999999999999998
177428800.9656,6.600000000000001,0.19999999999999998
177428802.9656,6.600000000000001,0.19999999999999998
177428804.9656,6.600000000000001,0.19999999999999998
177428806.9656,6.600000000000001,0.19999999999999998
177428808.9656,6.600000000000001,0.19999999999999998
177428810.9656,6.600000000000001,0.19999999999999998
177428812.9656,6.600000000000001,0.19999999999999998
177428814.9656,6.600000000000001,0.19999999999999998
177428816.9656,6.600000000000001,0.19999999999999998
177428818.9656,6.600000000000001,0.19999999999999998
177428820.9656,6.600000000000001,0.19999999999999998
177428822.9656,6.600000000000001,0.19999999999999998
177428824.9656,6.600000000000001,0.19999999999999998
177428826.9656,6.600000000000001,0.19999999999999998
177428828.9656,6.600000000000001,0.19999999999999998
177428830.9656,6.600000000000001,0.19999999999999998
177428832.9656,6.600000000000001,0.19999999999999998
177428834.9656,6.600000000000001,0.19999999999999998
177428836.9656,6.600000000000001,0.19999999999999998
177428838.9656,6.600000000000001,0.19999999999999998
177428840.9656,6.600000000000001,0.19999999999999998
177428842.9656,6.600000000000001,0.19999999999999998
177428844.9656,6.600000000000001,0.19999999999999998
177428846.9656,6.600000000000001,0.19999999999999998
177428848.9656,6.600000000000001,0.19999999999999998
177428850.9656,6.600000000000001,0.19999999999999998
177428852.9656,6.600000000000001,0.19999999999999998
177428854.9656,6.600000000000001,0.19999999999999998
177428856.9656,6.600000000000001,0.19999999999999998
177428858.9656,6.600000000000001,0.19999999999999998
177428860.9656,6.600000000000001,0.19999999999999998
177428862.9656,6.600000000000001,0.19999999999999998
177428864.9656,6.600000000000001,0.19999999999999998
177428866.9656,6.600000000000001,0.19999999999999998
177428868.9656,6.600000000000001,0.19999999999999998
177428870.9656,6.600000000000001,0.19999999999999998
177428872.9656,6.600000000000001,0.19999999999999998
177428874.9656,6.600000000000001,0.19999999999999998
177428876.9656,6.600000000000001,0.19999999999999998
177428878.9656,6.600000000000001,0.19999999999999998
177428880.9656,6.600000000000001,0.19999999999999998
177428882.9656,6.600000000000001,0.19999999999999998
177428884.9656,6.600000000000001,0.19999999999999998
177428886.9656,6.600000000000001,0.19999999999999998
177428888.9656,6.600000000000001,0.19999999999999998
177428890.9656,6.600000000000001,0.19999999999999998
177428892.9656,6.600000000000001,0.19999999999999998
177428894.9656,6.600000000000001,0.19999999999999998
177428896.9656,6.500000000000002,0.19999999999999998
177428898.9656,6.500000000000002,0.19999999999999998
177428900.9656,6.500000000000002,0.19999999999999998
177428902.9656,6.500000000000002,0.19999999999999998
177428904.9656,6.500000000000002,0.19999999999999998
177428906.9656,6.500000000000002,0.19999999999999998
177428908.9656,6.500000000000002,0.19999999999999998
177428910.9656,6.500000000000002,0.19999999999999998
177428912.9656,6.500000000000002,0.19999999999999998
177428914.9656,6.500000000000002,0.19999999999999998
177428916.9656,6.500000000000002,0.19999999999999998
177428918.9656,6.500000000000002,0.19999999999999998
177428920.9656,6.500000000000002,0.19999999999999998
177428922.9656,6.500000000000002,0.19999999999999998
177428924.9656,6.500000000000002,0.19999999999999998
177428926.9656,6.500000000000002,0.19999999999999998
177428928.9656,6.500000000000002,0.19999999999999998
177428930.9656,6.500000000000002,0.19999999999999998
177428932.9656,6.500000000000002,0.19999999999999998
177428934.9656,6.500000000000002,0.19999999999999998
177428936.9656,6.500000000000002,0.19999999999999998
177428938.9656,6.500000000000002,0.19999999999999998
177428940.9656,6.500000000000002,0.19999999999999998
177428942.9656,6.500000000000002,0.19999999999999998
177428944.9656,6.500000000000002,0.19999999999999998
177428946.9656,6.500000000000002,0.19999999999999998
177428948.9656,6.500000000000002,0.19999999999999998
177428950.9656,6.500000000000002,0.19999999999999998
177428952.9656,6.500000000000002,0.19999999999999998
177428954.9656,6.500000000000002,0.19999999999999998
177428956.9656,6.500000000000002,0.19999999999999998
177428958.9656,6.500000000000002,0.19999999999999998
177428960.9656,6.500000000000002,0.19999999999999998
177428962.9656,6.500000000000002,0.19999999999999998
177428964.9656,6.500000000000002,0.19999999999999998
177428966.9656,6.500000000000002,0.19999999999999998
177428968.9656,6.500000000000002,0.19999999999999998
177428970.9656,6.500000000000002,0.19999999999999998
177428972.9656,6.500000000000002,0.19999999999999998
177428974.9656,6.500000000000002,0.19999999999999998
177428976.9656,6.500000000000002,0.19999999999999998
177428978.9656,6.500000000000002,0.19999999999999998
177428980.9656,6.500000000000002,0.19999999999999998
177428982.9656,6.500000000000002,0.19999999999999998
177428984.9656,6.500000000000002,0.19999999999999998
177428986.9656,6.500000000000002,0.19999999999999998
177428988.9656,6.500000000000002,0.19999999999999998
177428990.9656,6.500000000000002,0.19999999999999998
177428992.9656,6.500000000000002,0.19999999999999998
177428994.9656,6.500000000000002,0.19999999999999998
177428996.9656,6.500000000000002,0.19999999999999998
177428998.9656,6.500000000000002,0.19999999999999998
177429000.9656,6.500000000000002,0.19999999999999998
177429002.9656,6.500000000000002,0.19999999999999998
177429004.9656,6.500000000000002,0.19999999999999998
177429006.9656,6.500000000000002,0.19999999999999998
177429008.9656,6.500000000000002,0.19999999999999998
177429010.9656,6.500000000000002,0.19999999999999998
177429012.9656,6.500000000000002,0.19999999999999998
177429014.9656,6.500000000000002,0.19999999999999998
177429016.9656,6.500000000000002,0.19999999999999998
177429018.9656,6.500000000000002,0.19999999999999998
177429020.9656,6.500000000000002,0.19999999999999998
177429022.9656,6.500000000000002,0.19999999999999998
177429024.9656,6.500000000000002,0.19999999999999998
177429026.9656,6.500000000000002,0.19999999999999998
177429028.9656,6.500000000000002,0.19999999999999998
177429030.9656,6.500000000000002,0.19999999999999998
177429032.9656,6.500000000000002,0.19999999999999998
177429034.9656,6.500000000000002,0.19999999999999998
177429036.9656,6.500000000000002,0.19999999999999998
177429038.9656,6.500000000000002,0.19999999999999998
177429040.9656,6.500000000000002,0.19999999999999998
177429042.9656,6.500000000000002,0.19999999999999998
177429044.9656,6.500000000000002,0.19999999999999998
177429046.9656,6.500000000000002,0.19999999999999998
177429048.9656,6.500000000000002,0.19999999999999998
177429050.9656,6.500000000000002,0.19999999999999998
177429052.9656,6.500000000000002,0.19999999999999998
177429054.9656,6.500000000000002,0.19999999999999998
177429056.9656,6.500000000000002,0.19999999999999998
177429058.9656,6.500000000000002,0.19999999999999998
177429060.9656,6.500000000000002,0.19999999999999998
177429062.9656,6.500000000000002,0.19999999999999998
177429065.0656,6.500000000000002,0.19999999999999998
177429066.9656,6.500000000000002,0.19999999999999998
177429068.9656,6.500000000000002,0.19999999999999998
177429070.9656,6.500000000000002,0.19999999999999998
177429072.9656,6.500000000000002,0.19999999999999998
177429074.9656,6.500000000000002,0.19999999999999998
177429076.9656,6.500000000000002,0.19999999999999998
177429078.9656,6.500000000000002,0.19999999999999998
177429080.9656,6.500000000000002,0.19999999999999998
177429082.9656,6.500000000000002,0.19999999999999998
177429084.9656,6.500000000000002,0.19999999999999998
177429086.9656,6.500000000000002,0.19999999999999998
177429088.9656,6.500000000000002,0.19999999999999998
177429090.9656,6.500000000000002,0.19999999999999998
177429092.9656,6.500000000000002,0.19999999999999998
177429094.9656,6.500000000000002,0.19999999999999998
177429096.9656,6.500000000000002,0.19999999999999998
177429098.9656,6.500000000000002,0.19999999999999998
177429100.9656,6.500000000000002,0.19999999999999998
177429102.9656,6.500000000000002,0.19999999999999998
177429104.9656,6.500000000000002,0.19999999999999998
177429106.9656,6.500000000000002,0.19999999999999998
177429108.9656,6.500000000000002,0.19999999999999998
177429110.9656,6.500000000000002,0.19999999999999998
177429112.9656,6.500000000000002,0.19999999999999998
177429114.9656,6.500000000000002,0.19999999999999998
177429116.9656,6.500000000000002,0.19999999999999998
177429118.9656,6.500000000000002,0.19999999999999998
177429120.9656,6.500000000000002,0.19999999999999998
177429122.9656,6.500000000000002,0.19999999999999998
177429124.9656,6.500000000000002,0.19999999999999998
177429126.9656,6.500000000000002,0.19999999999999998
177429128.9656,6.500000000000002,0.19999999999999998
177429130.9656,6.500000000000002,0.19999999999999998
177429132.9656,6.500000000000002,0.19999999999999998
177429134.9656,6.500000000000002,0.19999999999999998
177429136.9656,6.500000000000002,0.19999999999999998
177429138.9656,6.500000000000002,0.19999999999999998
177429140.9656,6.500000000000002,0.19999999999999998
177429142.9656,6.500000000000002,0.19999999999999998
177429144.9656,6.500000000000002,0.19999999999999998
177429146.9656,6.500000000000002,0.19999999999999998
177429148.9656,6.500000000000002,0.19999999999999998
177429150.9656,6.500000000000002,0.19999999999999998
177429152.9656,6.500000000000002,0.19999999999999998
177429154.9656,6.500000000000002,0.19999999999999998
177429156.9656,6.500000000000002,0.19999999999999998
177429158.9656,6.500000000000002,0.19999999999999998
177429160.9656,6.500000000000002,0.19999999999999998
177429162.9656,6.500000000000002,0.19999999999999998
177429164.9656,6.500000000000002,0.19999999999999998
177429166.9656,6.500000000000002,0.19999999999999998
177429168.9656,6.500000000000002,0.19999999999999998
177429170.9656,6.500000000000002,0.19999999999999998
177429172.9656,6.500000000000002,0.19999999999999998
177429174.9656,6.500000000000002,0.19999999999999998
177429176.9656,6.500000000000002,0.19999999999999998
177429178.9656,6.500000000000002,0.19999999999999998
177429180.9656,6.500000000000002,0.19999999999999998
177429182.9656,6.500000000000002,0.19999999999999998
177429184.9656,6.500000000000002,0.19999999999999998
177429186.9656,6.500000000000002,0.19999999999999998
177429188.9656,6.500000000000002,0.19999999999999998
177429190.9656,6.500000000000002,0.19999999999999998
177429192.9656,6.500000000000002,0.19999999999999998
177429194.9656,6.500000000000002,0.19999999999999998
177429196.9656,6.500000000000002,0.19999999999999998
177429198.9656,6.500000000000002,0.19999999999999998
177429200.9656,6.500000000000002,0.19999999999999998
177429202.9656,6.500000000000002,0.19999999999999998
177429204.9656,6.500000000000002,0.19999999999999998
177429206.9656,6.500000000000002,0.19999999999999998
177429208.9656,6.500000000000002,0.19999999999999998
177429210.9656,6.500000000000002,0.19999999999999998
177429212.9656,6.500000000000002,0.19999999999999998
177429214.9656,6.500000000000002,0.19999999999999998
177429216.9656,6.500000000000002,0.19999999999999998
177429218.9656,6.500000000000002,0.19999999999999998
177429220.9656,6.500000000000002,0.19999999999999998
177429222.9656,6.500000000000002,0.19999999999999998
177429224.9656,6.500000000000002,0.19999999999999998
177429226.9656,6.500000000000002,0.19999999999999998
177429228.9656,6.500000000000002,0.19999999999999998
177429230.9656,6.500000000000002,0.19999999999999998
177429232.9656,6.500000000000002,0.19999999999999998
177429234.9656,6.500000000000002,0.19999999999999998
177429236.9656,6.500000000000002,0.19999999999999998
177429238.9656,6.500000000000002,0.19999999999999998
177429240.9656,6.500000000000002,0.19999999999999998
177429242.9656,6.500000000000002,0.19999999999999998
177429244.9656,6.500000000000002,0.19999999999999998
177429246.9656,6.500000000000002,0.19999999999999998
177429248.9656,6.500000000000002,0.19999999999999998
177429250.9656,6.500000000000002,0.19999999999999998
177429252.9656,6.500000000000002,0.19999999999999998
177429254.9656,6.500000000000002,0.19999999999999998
177429256.9656,6.500000000000002,0.19999999999999998
177429258.9656,6.500000000000002,0.19999999999999998
177429260.9656,6.500000000000002,0.19999999999999998
177429262.9656,6.500000000000002,0.19999999999999998
177429264.9656,6.500000000000002,0.19999999999999998
177429266.9656,6.500000000000002,0.19999999999999998
177429268.9656,6.500000000000002,0.19999999999999998
177429270.9656,6.500000000000002,0.19999999999999998
177429272.9656,6.500000000000002,0.19999999999999998
177429274.9656,6.500000000000002,0.19999999999999998
177429276.9656,6.500000000000002,0.19999999999999998
177429278.9656,6.500000000000002,0.19999999999999998
177429280.9656,6.400000000000002,0.19999999999999998
177429282.9656,6.400000000000002,0.19999999999999998
177429284.9656,6.400000000000002,0.19999999999999998
177429286.9656,6.400000000000002,0.19999999999999998
177429288.9656,6.400000000000002,0.19999999999999998
177429290.9656,6.400000000000002,0.19999999999999998
177429292.9656,6.400000000000002,0.19999999999999998
177429294.9656,6.400000000000002,0.19999999999999998
177429296.9656,6.400000000000002,0.19999999999999998
177429298.9656,6.400000000000002,0.19999999999999998
177429300.9656,6.400000000000002,0.19999999999999998
177429302.9656,6.400000000000002,0.19999999999999998
177429304.9656,6.400000000000002,0.19999999999999998
177429306.9656,6.400000000000002,0.19999999999999998
177429308.9656,6.400000000000002,0.19999999999999998
177429310.9656,6.400000000000002,0.19999999999999998
177429312.9656,6.400000000000002,0.19999999999999998
177429314.9656,6.400000000000002,0.19999999999999998
177429316.9656,6.400000000000002,0.19999999999999998
177429318.9656,6.400000000000002,0.19999999999999998
177429320.9656,6.400000000000002,0.19999999999999998
177429322.9656,6.400000000000002,0.19999999999999998
177429324.9656,6.400000000000002,0.19999999999999998
177429326.9656,6.400000000000002,0.19999999999999998
177429328.9656,6.400000000000002,0.19999999999999998
177429330.9656,6.400000000000002,0.19999999999999998
177429332.9656,6.400000000000002,0.19999999999999998
177429334.9656,6.400000000000002,0.19999999999999998
177429336.9656,6.400000000000002,0.19999999999999998
177429338.9656,6.400000000000002,0.19999999999999998
177429340.9656,6.400000000000002,0.19999999999999998
177429342.9656,6.400000000000002,0.19999999999999998
177429344.9656,6.400000000000002,0.19999999999999998
177429346.9656,6.400000000000002,0.19999999999999998
177429348.9656,6.400000000000002,0.19999999999999998
177429350.9656,6.400000000000002,0.19999999999999998
177429352.9656,6.400000000000002,0.19999999999999998
177429354.9656,6.400000000000002,0.19999999999999998
177429356.9656,6.400000000000002,0.19999999999999998
177429358.9656,6.400000000000002,0.19999999999999998
177429360.9656,6.400000000000002,0.19999999999999998
177429362.9656,6.400000000000002,0.3
177429364.9656,6.400000000000002,0.3
177429366.9656,6.400000000000002,0.3
177429368.9656,6.400000000000002,0.3
177429370.9656,6.400000000000002,0.3
177429372.9656,6.400000000000002,0.3
177429374.9656,6.400000000000002,0.3
177429376.9656,6.400000000000002,0.3
177429378.9656,6.400000000000002,0.3
177429380.9656,6.400000000000002,0.3
177429382.9656,6.400000000000002,0.3
177429384.9656,6.400000000000002,0.3
177429386.9656,6.400000000000002,0.3
177429388.9656,7.700000000000002,0.3
177429390.9656,7.700000000000002,0.3
177429392.9656,7.700000000000002,0.3
177429394.9656,7.700000000000002,0.3
177429396.9656,7.700000000000002,0.3
177429398.9656,7.700000000000002,0.3
177429400.9656,7.900000000000002,0.3
177429402.9656,7.900000000000002,0.3
177429404.9656,7.900000000000002,0.3
177429406.9656,1.7763568394002505e-15,0.3
177429408.9656,1.7763568394002505e-15,0.3
177429410.9656,1.7763568394002505e-15,0.3
177429412.9656,1.7763568394002505e-15,0.4
177429414.9656,1.7763568394002505e-15,0.4
177429416.9656,1.7763568394002505e-15,0.4
177429418.9656,1.7763568394002505e-15,0.4
177429420.9656,1.7763568394002505e-15,0.4
177429422.9656,1.7763568394002505e-15,0.4
177429424.9656,1.7763568394002505e-15,0.4
177429426.9656,1.7763568394002505e-15,0.4
177429428.9656,1.7763568394002505e-15,0.4
177429430.9656,1.7763568394002505e-15,0.4
177429432.9656,1.7763568394002505e-15,0.4
177429434.9656,1.7763568394002505e-15,0.4
177429436.9656,1.7763568394002505e-15,0.4
177429438.9656,1.7763568394002505e-15,0.4
177429440.9656,1.7763568394002505e-15,0.4
177429442.9656,1.7763568394002505e-15,0.4
177429444.9656,1.7763568394002505e-15,0.4
177429446.9656,1.7763568394002505e-15,0.4
177429448.9656,1.7763568394002505e-15,0.4
177429450.9656,1.7763568394002505e-15,0.4
177429452.9656,1.7763568394002505e-15,0.4
177429454.9656,1.7763568394002505e-15,0.4
177429456.9656,1.7763568394002505e-15,0.4
177429458.9656,1.7763568394002505e-15,0.4
177429460.9656,1.7763568394002505e-15,0.4
177429462.9656,1.7763568394002505e-15,0.4
177429464.9656,1.7763568394002505e-15,0.4
177429466.9656,1.7763568394002505e-15,0.4
177429468.9656,1.7763568394002505e-15,0.4
177429470.9656,1.7763568394002505e-15,0.4
177429472.9656,1.7763568394002505e-15,0.4
177429474.9656,1.7763568394002505e-15,0.4
177429476.9656,1.7763568394002505e-15,0.4
177429478.9656,1.7763568394002505e-15,0.4
177429480.9656,1.7763568394002505e-15,0.4
177429482.9656,1.7763568394002505e-15,0.4
177429484.9656,1.7763568394002505e-15,0.4
177429486.9656,1.7763568394002505e-15,0.4
177429488.9656,1.7763568394002505e-15,0.4
177429490.9656,1.7763568394002505e-15,0.4
177429492.9656,1.7763568394002505e-15,0.4
177429494.9656,1.7763568394002505e-15,0.4
177429496.9656,1.7763568394002505e-15,0.4
177429498.9656,1.7763568394002505e-15,0.4
177429500.9656,1.7763568394002505e-15,0.4
177429502.9656,1.7763568394002505e-15,0.4
177429504.9656,1.7763568394002505e-15,0.4
177429506.9656,1.7763568394002505e-15,0.4
177429508.9656,1.7763568394002505e-15,0.4
177429510.9656,1.7763568394002505e-15,0.4
177429512.9656,1.7763568394002505e-15,0.5
177429514.9656,1.7763568394002505e-15,0.5
177429516.9656,1.7763568394002505e-15,0.5
177429518.9656,1.7763568394002505e-15,0.5
177429520.9656,1.7763568394002505e-15,0.6
177429522.9656,1.7763568394002505e-15,0.6
177429524.9656,1.7763568394002505e-15,0.6
177429526.9656,1.7763568394002505e-15,0.6
177429528.9656,1.7763568394002505e-15,0.6
177429530.9656,1.7763568394002505e-15,0.6
177429532.9656,1.7763568394002505e-15,0.6
177429534.9656,1.7763568394002505e-15,0.6
177429536.9656,1.7763568394002505e-15,0.6
177429538.9656,1.7763568394002505e-15,0.6
177429540.9656,1.7763568394002505e-15,0.6
177429542.9656,1.7763568394002505e-15,0.6
177429544.9656,1.7763568394002505e-15,0.6
177429546.9656,1.7763568394002505e-15,0.6
177429548.9656,1.7763568394002505e-15,0.6
177429550.9656,1.7763568394002505e-15,0.6
177429552.9656,1.7763568394002505e-15,0.6
177429554.9656,1.7763568394002505e-15,0.6
177429556.9656,1.7763568394002505e-15,0.6
177429558.9656,1.7763568394002505e-15,0.6
177429560.9656,1.7763568394002505e-15,0.6
177429562.9656,1.7763568394002505e-15,0.6
177429564.9656,1.7763568394002505e-15,0.6
177429566.9656,1.7763568394002505e-15,0.6
177429568.9656,1.7763568394002505e-15,0.6
177429570.9656,1.7763568394002505e-15,0.6
177429572.9656,1.7763568394002505e-15,0.6
177429574.9656,1.7763568394002505e-15,0.6
177429576.9656,1.7763568394002505e-15,0.6
177429578.9656,1.7763568394002505e-15,0.6
177429580.9656,1.7763568394002505e-15,0.6
177429582.9656,1.7763568394002505e-15,0.6
177429584.9656,1.7763568394002505e-15,0.6
177429586.9656,1.7763568394002505e-15,0.6
177429588.9656,1.7763568394002505e-15,0.6
177429590.9656,1.7763568394002505e-15,0.6
177429592.9656,1.7763568394002505e-15,0.6
177429594.9656,1.7763568394002505e-15,0.6
177429596.9656,1.7763568394002505e-15,0.6
177429598.9656,1.7763568394002505e-15,0.6
177429600.9656,1.7763568394002505e-15,0.6
177429602.9656,1.7763568394002505e-15,0.6
177429604.9656,1.7763568394002505e-15,0.6
177429606.9656,1.7763568394002505e-15,0.6
177429608.9656,1.7763568394002505e-15,0.6
177429610.9656,1.7763568394002505e-15,0.6
177429612.9656,1.7763568394002505e-15,0.6
177429614.9656,1.7763568394002505e-15,0.6
177429616.9656,1.7763568394002505e-15,0.6
177429618.9656,1.7763568394002505e-15,0.6
177429620.9656,1.7763568394002505e-15,0.6
177429622.9656,1.7763568394002505e-15,0.6
177429624.9656,1.7763568394002505e-15,0.6
177429626.9656,1.7763568394002505e-15,0.6
177429628.9656,1.7763568394002505e-15,0.6
177429630.9656,1.7763568394002505e-15,0.6
177429632.9656,1.7763568394002505e-15,0.6
177429634.9656,1.7763568394002505e-15,0.6
177429636.9656,1.7763568394002505e-15,0.6
177429638.9656,1.7763568394002505e-15,0.6
177429640.9656,1.7763568394002505e-15,0.6
177429642.9656,1.7763568394002505e-15,0.6
177429644.9656,1.7763568394002505e-15,0.6
177429646.9656,1.7763568394002505e-15,0.6
177429648.9656,1.7763568394002505e-15,0.6
177429650.9656,1.7763568394002505e-15,0.6
177429652.9656,1.7763568394002505e-15,0.6
177429654.9656,1.7763568394002505e-15,0.6
177429656.9656,1.7763568394002505e-15,0.6
177429658.9656,1.7763568394002505e-15,0.6
177429660.9656,1.7763568394002505e-15,0.6
177429662.9656,1.7763568394002505e-15,0.6
177429664.9656,1.7763568394002505e-15,0.6
177429666.9656,1.7763568394002505e-15,0.6
177429668.9656,1.7763568394002505e-15,0.6
177429670.9656,1.7763568394002505e-15,0.6
177429672.9656,1.7763568394002505e-15,0.6
177429674.9656,1.7763568394002505e-15,0.6
177429676.9656,1.7763568394002505e-15,0.6
177429678.9656,1.7763568394002505e-15,0.6
177429680.9656,1.7763568394002505e-15,0.6
177429682.9656,1.7763568394002505e-15,0.6
177429684.9656,1.7763568394002505e-15,0.6
177429686.9656,1.7763568394002505e-15,0.6
177429688.9656,1.7763568394002505e-15,0.6
177429690.9656,1.7763568394002505e-15,0.6
177429692.9656,1.7763568394002505e-15,0.6
177429694.9656,1.7763568394002505e-15,0.6
177429696.9656,1.7763568394002505e-15,0.6
177429698.9656,1.7763568394002505e-15,0.6
177429700.9656,1.7763568394002505e-15,0.6
177429702.9656,1.7763568394002505e-15,0.6
177429704.9656,1.7763568394002505e-15,0.6
177429706.9656,1.7763568394002505e-15,0.6
177429708.9656,1.7763568394002505e-15,0.6
177429710.9656,1.7763568394002505e-15,0.6
177429712.9656,1.7763568394002505e-15,0.6
177429714.9656,1.7763568394002505e-15,0.6
177429716.9656,1.7763568394002505e-15,0.6
177429718.9656,1.7763568394002505e-15,0.6
177429720.9656,1.7763568394002505e-15,0.6
177429722.9656,1.7763568394002505e-15,0.6
177429724.9656,1.7763568394002505e-15,0.6
177429726.9656,1.7763568394002505e-15,0.6
177429728.9656,1.7763568394002505e-15,0.6
177429730.9656,1.7763568394002505e-15,0.6
177429732.9656,1.7763568394002505e-15,0.6
177429734.9656,1.7763568394002505e-15,0.6
177429736.9656,1.7763568394002505e-15,0.6
177429738.9656,1.7763568394002505e-15,0.6
177429740.9656,1.7763568394002505e-15,0.6
177429742.9656,1.7763568394002505e-15,0.6
177429744.9656,1.7763568394002505e-15,0.6
177429746.9656,1.7763568394002505e-15,0.6
177429748.9656,1.7763568394002505e-15,0.6
177429750.9656,1.7763568394002505e-15,0.6
177429752.9656,1.7763568394002505e-15,0.6
177429754.9656,1.7763568394002505e-15,0.6
177429756.9656,1.7763568394002505e-15,0.6
177429758.9656,1.7763568394002505e-15,0.6
177429760.9656,1.7763568394002505e-15,0.6
177429762.9656,1.7763568394002505e-15,0.6
177429764.9656,1.7763568394002505e-15,0.6
177429766.9656,1.7763568394002505e-15,0.6
177429768.9656,1.7763568394002505e-15,0.6
177429770.9656,1.7763568394002505e-15,0.6
177429772.9656,1.7763568394002505e-15,0.6
177429774.9656,1.7763568394002505e-15,0.6
177429776.9656,1.7763568394002505e-15,0.6
177429778.9656,1.7763568394002505e-15,0.6
177429780.9656,1.7763568394002505e-15,0.6
177429782.9656,1.7763568394002505e-15,0.6
177429784.9656,1.7763568394002505e-15,0.6
177429786.9656,1.7763568394002505e-15,0.6
177429788.9656,1.7763568394002505e-15,0.6
177429790.9656,1.7763568394002505e-15,0.6
177429792.9656,1.7763568394002505e-15,0.6
177429794.9656,1.7763568394002505e-15,0.6
177429796.9656,1.7763568394002505e-15,0.6
177429798.9656,1.7763568394002505e-15,0.6
177429800.9656,1.7763568394002505e-15,0.6
177429802.9656,1.7763568394002505e-15,0.6
177429804.9656,1.7763568394002505e-15,0.6
177429806.9656,1.7763568394002505e-15,0.6
177429808.9656,1.7763568394002505e-15,0.6
177429810.9656,1.7763568394002505e-15,0.6
177429812.9656,1.7763568394002505e-15,0.6
177429814.9656,1.7763568394002505e-15,0.6
177429816.9656,1.7763568394002505e-15,0.6
177429818.9656,1.7763568394002505e-15,0.6
177429820.9656,1.7763568394002505e-15,0.6
177429822.9656,1.7763568394002505e-15,0.6
177429824.9656,1.7763568394002505e-15,0.6
177429826.9656,1.7763568394002505e-15,0.6
177429828.9656,1.7763568394002505e-15,0.6
177429830.9656,1.7763568394002505e-15,0.6
177429832.9656,1.7763568394002505e-15,0.6
177429834.9656,1.7763568394002505e-15,0.6
177429836.9656,1.7763568394002505e-15,0.6
177429838.9656,1.7763568394002505e-15,0.6
177429840.9656,1.7763568394002505e-15,0.6
177429842.9656,1.7763568394002505e-15,0.6
177429844.9656,1.7763568394002505e-15,0.6
177429846.9656,1.7763568394002505e-15,0.6
177429848.9656,1.7763568394002505e-15,0.6
177429850.9656,1.7763568394002505e-15,0.6
177429852.9656,1.7763568394002505e-15,0.6
177429854.9656,1.7763568394002505e-15,0.6
177429856.9656,1.7763568394002505e-15,0.6
177429858.9656,1.7763568394002505e-15,0.6
177429860.9656,1.7763568394002505e-15,0.6
177429862.9656,1.7763568394002505e-15,0.6
177429864.9656,1.7763568394002505e-15,0.6
177429866.9656,1.7763568394002505e-15,0.6
177429868.9656,1.7763568394002505e-15,0.6
177429870.9656,1.7763568394002505e-15,0.6
177429872.9656,1.7763568394002505e-15,0.6
177429874.9656,1.7763568394002505e-15,0.6
177429876.9656,1.7763568394002505e-15,0.6
177429878.9656,1.7763568394002505e-15,0.6
177429880.9656,1.7763568394002505e-15,0.6
177429882.9656,1.7763568394002505e-15,0.6
177429884.9656,1.7763568394002505e-15,0.6
177429886.9656,1.7763568394002505e-15,0.6
177429888.9656,1.7763568394002505e-15,0.6
177429890.9656,1.7763568394002505e-15,0.6
177429892.9656,1.7763568394002505e-15,0.6
177429894.9656,1.7763568394002505e-15,0.6
177429896.9656,1.7763568394002505e-15,0.6
177429898.9656,1.7763568394002505e-15,0.6
177429900.9656,1.7763568394002505e-15,0.6
177429902.9656,1.7763568394002505e-15,0.6
177429904.9656,1.7763568394002505e-15,0.6
177429906.9656,1.7763568394002505e-15,0.6
177429908.9656,1.7763568394002505e-15,0.6
177429910.9656,1.7763568394002505e-15,0.6
177429912.9656,1.7763568394002505e-15,0.6
177429914.9656,1.7763568394002505e-15,0.6
177429916.9656,1.7763568394002505e-15,0.6
177429918.9656,1.7763568394002505e-15,0.6
177429920.9656,1.7763568394002505e-15,0.6
177429922.9656,1.7763568394002505e-15,0.6
177429924.9656,1.7763568394002505e-15,0.6
177429926.9656,1.7763568394002505e-15,0.6
177429928.9656,1.7763568394002505e-15,0.6
177429930.9656,1.7763568394002505e-15,0.6
177429932.9656,1.7763568394002505e-15,0.6
177429934.9656,1.7763568394002505e-15,0.6
177429936.9656,1.7763568394002505e-15,0.6
177429938.9656,1.7763568394002505e-15,0.6
177429940.9656,1.7763568394002505e-15,0.6
177429942.9656,1.7763568394002505e-15,0.6
177429944.9656,1.7763568394002505e-15,0.6
177429946.9656,1.7763568394002505e-15,0.6
177429948.9656,1.7763568394002505e-15,0.6
177429950.9656,1.7763568394002505e-15,0.6
177429952.9656,1.7763568394002505e-15,0.6
177429954.9656,1.7763568394002505e-15,0.6
177429956.9656,1.7763568394002505e-15,0.6
177429958.9656,1.7763568394002505e-15,0.6
177429960.9656,1.7763568394002505e-15,0.6
177429962.9656,1.7763568394002505e-15,0.6
177429964.9656,1.7763568394002505e-15,0.6
177429966.9656,1.7763568394002505e-15,0.6
177429968.9656,1.7763568394002505e-15,0.6
177429970.9656,1.7763568394002505e-15,0.6
177429972.9656,1.7763568394002505e-15,0.6
177429974.9656,1.7763568394002505e-15,0.6
177429976.9656,1.7763568394002505e-15,0.6
177429978.9656,1.7763568394002505e-15,0.6
177429980.9656,1.7763568394002505e-15,0.6
177429982.9656,1.7763568394002505e-15,0.6
177429984.9656,1.7763568394002505e-15,0.6
177429986.9656,1.7763568394002505e-15,0.6
177429988.9656,1.7763568394002505e-15,0.6
177429990.9656,1.7763568394002505e-15,0.6
177429992.9656,1.7763568394002505e-15,0.6
177429994.9656,1.7763568394002505e-15,0.6
177429996.9656,1.7763568394002505e-15,0.6
177429998.9656,1.7763568394002505e-15,0.6
177430000.9656,1.7763568394002505e-15,0.6
177430002.9656,1.7763568394002505e-15,0.6
177430004.9656,1.7763568394002505e-15,0.6
177430006.9656,1.7763568394002505e-15,0.6
177430008.9656,1.7763568394002505e-15,0.6
177430010.9656,1.7763568394002505e-15,0.6
177430012.9656,1.7763568394002505e-15,0.6
177430014.9656,1.7763568394002505e-15,0.6
177430016.9656,1.7763568394002505e-15,0.6
177430018.9656,1.7763568394002505e-15,0.6
177430020.9656,1.7763568394002505e-15,0.6
177430022.9656,1.7763568394002505e-15,0.6
177430024.9656,1.7763568394002505e-15,0.6
177430026.9656,1.7763568394002505e-15,0.6
177430028.9656,1.7763568394002505e-15,0.6
177430030.9656,1.7763568394002505e-15,0.6
177430032.9656,1.7763568394002505e-15,0.6
177430034.9656,1.7763568394002505e-15,0.6
177430036.9656,1.7763568394002505e-15,0.6
177430038.9656,1.7763568394002505e-15,0.6
177430040.9656,1.7763568394002505e-15,0.6
177430042.9656,1.7763568394002505e-15,0.6
177430044.9656,1.7763568394002505e-15,0.6
177430046.9656,1.7763568394002505e-15,0.6
177430048.9656,1.7763568394002505e-15,0.6
177430050.9656,1.7763568394002505e-15,0.6
177430052.9656,1.7763568394002505e-15,0.6
177430054.9656,1.7763568394002505e-15,0.6
177430056.9656,1.7763568394002505e-15,0.6
177430058.9656,0.9000000000000018,0.6
177430060.9656,0.9000000000000018,0.6
177430062.9656,0.9000000000000018,0.6
177430064.9656,0.9000000000000018,0.6
177430066.9656,0.9000000000000018,0.6
177430068.9656,0.9000000000000018,0.6
177430070.9656,0.9000000000000018,0.6
177430072.9656,0.9000000000000018,0.6
177430074.9656,0.9000000000000018,0.6
177430076.9656,0.9000000000000018,0.6
177430078.9656,0.9000000000000018,0.6
177430080.9656,0.9000000000000018,0.6
177430082.9656,0.9000000000000018,0.6
177430084.9656,0.9000000000000018,0.6
177430086.9656,0.9000000000000018,0.6
177430088.9656,0.9000000000000018,0.6
177430090.9656,0.9000000000000018,0.6
177430092.9656,0.9000000000000018,0.6
177430094.9656,0.9000000000000018,0.6
177430096.9656,0.9000000000000018,0.6
177430098.9656,0.9000000000000018,0.6
177430100.9656,0.9000000000000018,0.6
177430102.9656,0.9000000000000018,0.6
177430104.9656,0.9000000000000018,0.6
177430106.9656,0.9000000000000018,0.6
177430108.9656,0.9000000000000018,0.6
177430110.9656,0.9000000000000018,0.6
177430112.9656,0.9000000000000018,0.6
177430114.9656,0.9000000000000018,0.6
177430116.9656,0.9000000000000018,0.6
177430118.9656,0.9000000000000018,0.6
177430120.9656,0.9000000000000018,0.6
177430122.9656,0.9000000000000018,0.6
177430124.9656,0.9000000000000018,0.6
177430126.9656,0.9000000000000018,0.6
177430128.9656,0.9000000000000018,0.6
177430130.9656,0.9000000000000018,0.6
177430132.9656,0.9000000000000018,0.6
177430134.9656,0.9000000000000018,0.6
177430136.9656,0.9000000000000018,0.6
177430138.9656,0.9000000000000018,0.6
177430140.9656,0.9000000000000018,0.6
177430142.9656,0.9000000000000018,0.6
177430144.9656,0.9000000000000018,0.6
177430146.9656,0.9000000000000018,0.6
177430149.0656,0.9000000000000018,0.6
177430150.9656,0.9000000000000018,0.6
177430152.9656,0.9000000000000018,0.6
177430154.9656,0.9000000000000018,0.6
177430156.9656,0.9000000000000018,0.6
177430158.9656,0.9000000000000018,0.6
177430160.9656,0.9000000000000018,0.6
177430162.9656,0.9000000000000018,0.6
177430164.9656,0.9000000000000018,0.6
177430166.9656,0.9000000000000018,0.6
177430168.9656,0.9000000000000018,0.6
177430170.9656,0.9000000000000018,0.6
177430172.9656,0.9000000000000018,0.6
177430174.9656,0.9000000000000018,0.6
177430176.9656,0.9000000000000018,0.6
177430178.9656,0.9000000000000018,0.6
177430180.9656,0.9000000000000018,0.6
177430182.9656,0.9000000000000018,0.6
177430184.9656,0.9000000000000018,0.6
177430186.9656,0.9000000000000018,0.6
177430188.9656,0.9000000000000018,0.6
177430190.9656,0.9000000000000018,0.6
177430192.9656,0.9000000000000018,0.6
177430194.9656,0.9000000000000018,0.6
177430196.9656,0.9000000000000018,0.6
177430198.9656,0.9000000000000018,0.6
177430200.9656,0.9000000000000018,0.6
177430202.9656,0.9000000000000018,0.6
177430204.9656,0.9000000000000018,0.6
177430206.9656,0.9000000000000018,0.6
177430208.9656,0.9000000000000018,0.6
177430210.9656,0.9000000000000018,0.6
177430212.9656,0.9000000000000018,0.6
177430214.9656,0.9000000000000018,0.6
177430216.9656,0.9000000000000018,0.6
177430218.9656,0.9000000000000018,0.6
177430220.9656,0.9000000000000018,0.6
177430222.9656,0.9000000000000018,0.6
177430224.9656,0.9000000000000018,0.6
177430226.9656,0.9000000000000018,0.6
177430228.9656,0.9000000000000018,0.6
177430230.9656,0.9000000000000018,0.6
177430232.9656,0.9000000000000018,0.6
177430234.9656,0.9000000000000018,0.6
177430236.9656,0.9000000000000018,0.6
177430238.9656,0.9000000000000018,0.6
177430240.9656,0.9000000000000018,0.6
177430242.9656,0.9000000000000018,0.6
177430244.9656,0.9000000000000018,0.6
177430246.9656,0.9000000000000018,0.6
177430248.9656,0.9000000000000018,0.6
177430250.9656,0.9000000000000018,0.6
177430252.9656,0.9000000000000018,0.6
177430254.9656,0.9000000000000018,0.6
177430256.9656,0.9000000000000018,0.6
177430258.9656,0.9000000000000018,0.6
177430260.9656,0.9000000000000018,0.6
177430262.9656,0.9000000000000018,0.6
177430264.9656,0.9000000000000018,0.6
177430266.9656,0.9000000000000018,0.6
177430268.9656,0.9000000000000018,0.6
177430270.9656,0.9000000000000018,0.6
177430272.9656,0.9000000000000018,0.6
177430274.9656,0.9000000000000018,0.6
177430276.9656,0.9000000000000018,0.6
177430278.9656,0.9000000000000018,0.6
177430280.9656,0.9000000000000018,0.6
177430282.9656,0.9000000000000018,0.6
177430284.9656,0.9000000000000018,0.6
177430286.9656,0.9000000000000018,0.6
177430288.9656,0.9000000000000018,0.6
177430290.9656,0.9000000000000018,0.6
177430292.9656,0.9000000000000018,0.6
177430294.9656,0.9000000000000018,0.6
177430296.9656,0.9000000000000018,0.6
177430298.9656,0.9000000000000018,0.6
177430300.9656,0.9000000000000018,0.6
177430302.9656,0.9000000000000018,0.6
177430304.9656,0.9000000000000018,0.6
177430306.9656,0.9000000000000018,0.6
177430308.9656,0.9000000000000018,0.6
177430310.9656,0.9000000000000018,0.6
177430312.9656,0.9000000000000018,0.6
177430314.9656,0.9000000000000018,0.6
177430316.9656,1.3000000000000018,0.6
177430318.9656,1.7763568394002505e-15,0.6
177430320.9656,1.5000000000000018,0.7
177430322.9656,1.5000000000000018,0.7
177430324.9656,1.4000000000000017,0.7
177430326.9656,1.3000000000000016,0.7
177430328.9656,1.3000000000000016,0.7
177430330.9656,1.3000000000000016,0.7
177430332.9656,1.3000000000000016,0.7
177430334.9656,1.3000000000000016,0.7
177430336.9656,1.3000000000000016,0.7
177430338.9656,1.3000000000000016,0.7
177430340.9656,1.3000000000000016,0.7
177430342.9656,1.3000000000000016,0.7
177430344.9656,1.3000000000000016,0.7
177430346.9656,1.3000000000000016,0.7
177430348.9656,1.3000000000000016,0.7
177430350.9656,1.3000000000000016,0.7
177430352.9656,1.3000000000000016,0.7
177430354.9656,1.3000000000000016,0.7
177430356.9656,1.3000000000000016,0.7
177430358.9656,1.3000000000000016,0.7
177430360.9656,1.3000000000000016,0.7
177430362.9656,1.3000000000000016,0.7
177430364.9656,1.3000000000000016,0.7
177430366.9656,1.3000000000000016,0.7
177430368.9656,1.3000000000000016,0.7
177430370.9656,1.3000000000000016,0.7
177430372.9656,1.3000000000000016,0.7
177430374.9656,1.3000000000000016,0.7
177430376.9656,1.3000000000000016,0.7
177430378.9656,1.3000000000000016,0.7
177430380.9656,1.3000000000000016,0.7
177430382.9656,1.3000000000000016,0.7
177430384.9656,1.3000000000000016,0.7
177430386.9656,1.3000000000000016,0.7
177430388.9656,1.3000000000000016,0.7
177430390.9656,1.3000000000000016,0.7
177430392.9656,1.3000000000000016,0.7
177430394.9656,1.3000000000000016,0.7
177430396.9656,1.3000000000000016,0.7
177430398.9656,1.3000000000000016,0.7
177430400.9656,1.3000000000000016,0.7
177430402.9656,1.3000000000000016,0.7
177430404.9656,1.3000000000000016,0.7
177430406.9656,1.3000000000000016,0.7
177430408.9656,1.3000000000000016,0.7
177430410.9656,1.3000000000000016,0.7
177430412.9656,1.3000000000000016,0.7
177430414.9656,1.3000000000000016,0.7
177430416.9656,1.3000000000000016,0.7
177430418.9656,1.3000000000000016,0.7
177430420.9656,1.3000000000000016,0.7
177430422.9656,1.3000000000000016,0.7
177430424.9656,1.3000000000000016,0.7
177430426.9656,1.3000000000000016,0.7
177430428.9656,1.3000000000000016,0.7
177430430.9656,1.3000000000000016,0.7
177430432.9656,1.3000000000000016,0.7
177430434.9656,1.3000000000000016,0.7
177430436.9656,1.3000000000000016,0.7
177430438.9656,1.3000000000000016,0.7
177430440.9656,1.3000000000000016,0.7
177430442.9656,1.3000000000000016,0.7
177430444.9656,1.3000000000000016,0.7
177430446.9656,1.3000000000000016,0.7
177430448.9656,1.3000000000000016,0.7
177430450.9656,1.3000000000000016,0.7
177430452.9656,1.3000000000000016,0.7
177430454.9656,1.3000000000000016,0.7
177430456.9656,1.3000000000000016,0.7
177430458.9656,1.3000000000000016,0.7
177430460.9656,1.3000000000000016,0.7
177430462.9656,1.3000000000000016,0.7
177430464.9656,1.3000000000000016,0.7
177430466.9656,1.3000000000000016,0.7
177430468.9656,1.3000000000000016,0.7
177430470.9656,1.3000000000000016,0.7
177430472.9656,1.3000000000000016,0.7
177430474.9656,1.3000000000000016,0.7
177430476.9656,1.3000000000000016,0.7
177430478.9656,1.3000000000000016,0.7
177430480.9656,1.3000000000000016,0.7
177430482.9656,1.3000000000000016,0.7
177430484.9656,1.3000000000000016,0.7
177430486.9656,1.3000000000000016,0.7
177430488.9656,1.3000000000000016,0.7
177430490.9656,1.3000000000000016,0.7
177430492.9656,1.3000000000000016,0.7
177430494.9656,1.3000000000000016,0.7
177430496.9656,1.3000000000000016,0.7
177430498.9656,1.3000000000000016,0.7
177430500.9656,1.3000000000000016,0.7
177430502.9656,1.3000000000000016,0.7
177430504.9656,1.3000000000000016,0.7
177430506.9656,1.3000000000000016,0.7
177430508.9656,1.3000000000000016,0.7
177430510.9656,1.3000000000000016,0.7
177430512.9656,1.3000000000000016,0.7
177430514.9656,1.3000000000000016,0.7
177430516.9656,1.3000000000000016,0.7
177430518.9656,1.3000000000000016,0.7
177430520.9656,1.3000000000000016,0.7
177430522.9656,1.3000000000000016,0.7
177430524.9656,1.3000000000000016,0.7
177430526.9656,1.3000000000000016,0.7
177430528.9656,1.3000000000000016,0.7
177430530.9656,1.3000000000000016,0.7
177430532.9656,1.3000000000000016,0.7
177430534.9656,1.3000000000000016,0.7
177430536.9656,1.3000000000000016,0.7
177430538.9656,1.3000000000000016,0.7
177430540.9656,1.3000000000000016,0.7
177430542.9656,1.3000000000000016,0.7
177430544.9656,1.3000000000000016,0.7
177430546.9656,1.3000000000000016,0.7
177430548.9656,1.3000000000000016,0.7
177430550.9656,1.3000000000000016,0.7
177430552.9656,1.3000000000000016,0.7
177430554.9656,1.3000000000000016,0.7
177430556.9656,1.3000000000000016,0.7
177430558.9656,1.3000000000000016,0.7
177430560.9656,1.3000000000000016,0.7
177430562.9656,1.3000000000000016,0.7
177430564.9656,1.3000000000000016,0.7
177430566.9656,1.3000000000000016,0.7
177430568.9656,1.3000000000000016,0.7
177430570.9656,1.3000000000000016,0.7
177430572.9656,1.3000000000000016,0.7
177430574.9656,1.3000000000000016,0.7
177430576.9656,1.3000000000000016,0.7
177430578.9656,1.3000000000000016,0.7
177430580.9656,1.3000000000000016,0.7
177430582.9656,1.3000000000000016,0.7
177430584.9656,1.3000000000000016,0.7
177430586.9656,1.3000000000000016,0.7
177430588.9656,1.3000000000000016,0.7
177430590.9656,1.3000000000000016,0.7
177430592.9656,1.3000000000000016,0.7
177430594.9656,1.3000000000000016,0.7
177430596.9656,1.3000000000000016,0.7
177430598.9656,1.3000000000000016,0.7
177430600.9656,1.3000000000000016,0.7
177430602.9656,1.3000000000000016,0.7
177430604.9656,1.3000000000000016,0.7
177430606.9656,1.3000000000000016,0.7
177430608.9656,1.3000000000000016,0.7
177430610.9656,1.3000000000000016,0.7
177430612.9656,1.3000000000000016,0.7
177430614.9656,1.3000000000000016,0.7
177430616.9656,1.3000000000000016,0.7
177430618.9656,1.3000000000000016,0.7
177430620.9656,1.3000000000000016,0.7
177430622.9656,1.3000000000000016,0.7
177430624.9656,1.3000000000000016,0.7
177430626.9656,1.3000000000000016,0.7
177430628.9656,1.3000000000000016,0.7
177430630.9656,1.3000000000000016,0.7
177430632.9656,1.3000000000000016,0.7
177430634.9656,1.3000000000000016,0.7
177430636.9656,1.3000000000000016,0.7
177430638.9656,1.3000000000000016,0.7
177430640.9656,1.3000000000000016,0.7
177430642.9656,1.3000000000000016,0.7
177430644.9656,1.3000000000000016,0.7
177430646.9656,1.3000000000000016,0.7
177430648.9656,1.3000000000000016,0.7
177430650.9656,1.3000000000000016,0.7
177430652.9656,1.3000000000000016,0.7
177430654.9656,1.3000000000000016,0.7
177430656.9656,1.3000000000000016,0.7
177430658.9656,1.3000000000000016,0.7
177430660.9656,1.3000000000000016,0.7
177430662.9656,1.3000000000000016,0.7
177430664.9656,1.3000000000000016,0.7
177430666.9656,1.3000000000000016,0.7
177430668.9656,1.3000000000000016,0.7
177430670.9656,1.3000000000000016,0.7
177430672.9656,1.3000000000000016,0.7
177430674.9656,1.3000000000000016,0.7
177430676.9656,1.3000000000000016,0.7
177430678.9656,1.3000000000000016,0.7
177430680.9656,1.3000000000000016,0.7
177430682.9656,1.3000000000000016,0.7
177430684.9656,1.3000000000000016,0.7
177430686.9656,1.3000000000000016,0.7
177430688.9656,1.3000000000000016,0.7
177430690.9656,1.3000000000000016,0.7
177430692.9656,1.3000000000000016,0.7
177430694.9656,1.3000000000000016,0.7
177430696.9656,1.3000000000000016,0.7
177430698.9656,1.3000000000000016,0.7
177430700.9656,1.3000000000000016,0.7
177430702.9656,1.3000000000000016,0.7
177430704.9656,1.3000000000000016,0.7
177430706.9656,1.3000000000000016,0.7
177430708.9656,1.3000000000000016,0.7
177430710.9656,1.3000000000000016,0.7
177430712.9656,1.3000000000000016,0.7
177430714.9656,1.3000000000000016,0.7
177430716.9656,1.3000000000000016,0.7
177430718.9656,1.3000000000000016,0.7
177430720.9656,1.3000000000000016,0.7
177430722.9656,1.3000000000000016,0.7
177430724.9656,1.3000000000000016,0.7
177430726.9656,1.3000000000000016,0.7
177430728.9656,1.3000000000000016,0.7
177430730.9656,1.3000000000000016,0.7
177430732.9656,1.3000000000000016,0.7
177430734.9656,1.3000000000000016,0.7
177430736.9656,1.3000000000000016,0.7
177430738.9656,1.3000000000000016,0.7
177430740.9656,1.3000000000000016,0.7
177430742.9656,1.3000000000000016,0.7
177430744.9656,1.3000000000000016,0.7999999999999999
177430746.9656,1.3000000000000016,0.7999999999999999
177430748.9656,1.3000000000000016,0.7999999999999999
177430750.9656,1.3000000000000016,0.7999999999999999
177430752.9656,1.3000000000000016,0.7999999999999999
177430754.9656,1.3000000000000016,0.7999999999999999
177430756.9656,1.3000000000000016,0.7999999999999999
177430758.9656,1.3000000000000016,0.7999999999999999
177430760.9656,1.3000000000000016,0.7999999999999999
177430762.9656,1.3000000000000016,0.7999999999999999
177430764.9656,1.3000000000000016,0.7999999999999999
177430766.9656,1.3000000000000016,0.7999999999999999
177430768.9656,1.3000000000000016,0.7999999999999999
177430770.9656,1.3000000000000016,0.7999999999999999
177430772.9656,1.3000000000000016,0.7999999999999999
177430774.9656,1.3000000000000016,0.7999999999999999
177430776.9656,1.3000000000000016,0.7999999999999999
177430779.0656,1.3000000000000016,0.7999999999999999
177430780.9656,1.3000000000000016,0.7999999999999999
177430782.9656,1.3000000000000016,0.7999999999999999
177430784.9656,1.3000000000000016,0.7999999999999999
177430786.9656,1.3000000000000016,0.7999999999999999
177430788.9656,1.3000000000000016,0.7999999999999999
177430790.9656,1.3000000000000016,0.7999999999999999
177430792.9656,1.3000000000000016,0.7999999999999999
177430794.9656,1.3000000000000016,0.7999999999999999
177430796.9656,1.3000000000000016,0.7999999999999999
177430798.9656,1.3000000000000016,0.7999999999999999
177430800.9656,1.3000000000000016,0.7999999999999999
177430802.9656,1.3000000000000016,0.7999999999999999
177430804.9656,1.3000000000000016,0.7999999999999999
177430806.9656,1.3000000000000016,0.7999999999999999
177430808.9656,1.3000000000000016,0.7999999999999999
177430810.9656,1.3000000000000016,0.7999999999999999
177430812.9656,1.3000000000000016,0.7999999999999999
177430814.9656,1.3000000000000016,0.7999999999999999
177430816.9656,1.3000000000000016,0.7999999999999999
177430818.9656,1.3000000000000016,0.7999999999999999
177430820.9656,1.3000000000000016,0.7999999999999999
177430822.9656,1.3000000000000016,0.7999999999999999
177430824.9656,1.3000000000000016,0.7999999999999999
177430826.9656,1.3000000000000016,0.7999999999999999
177430828.9656,1.3000000000000016,0.7999999999999999
177430830.9656,1.3000000000000016,0.7999999999999999
177430832.9656,1.3000000000000016,0.7999999999999999
177430834.9656,1.3000000000000016,0.7999999999999999
177430836.9656,1.3000000000000016,0.7999999999999999
177430838.9656,1.3000000000000016,0.7999999999999999
177430840.9656,1.3000000000000016,0.7999999999999999
177430842.9656,1.3000000000000016,0.7999999999999999
177430844.9656,1.3000000000000016,0.7999999999999999
177430846.9656,1.3000000000000016,0.7999999999999999
177430848.9656,1.3000000000000016,0.7999999999999999
177430850.9656,1.3000000000000016,0.7999999999999999
177430852.9656,1.3000000000000016,0.7999999999999999
177430854.9656,1.3000000000000016,0.7999999999999999
177430856.9656,1.3000000000000016,0.7999999999999999
177430858.9656,1.3000000000000016,0.7999999999999999
177430860.9656,1.3000000000000016,0.7999999999999999
177430862.9656,1.3000000000000016,0.7999999999999999
177430864.9656,1.3000000000000016,0.7999999999999999
177430866.9656,1.3000000000000016,0.7999999999999999
177430868.9656,1.3000000000000016,0.7999999999999999
177430870.9656,1.3000000000000016,0.7999999999999999
177430872.9656,1.3000000000000016,0.7999999999999999
177430874.9656,1.3000000000000016,0.7999999999999999
177430876.9656,1.3000000000000016,0.7999999999999999
177430878.9656,1.3000000000000016,0.7999999999999999
177430880.9656,1.3000000000000016,0.7999999999999999
177430882.9656,1.3000000000000016,0.7999999999999999
177430884.9656,1.3000000000000016,0.7999999999999999
177430886.9656,1.3000000000000016,0.7999999999999999
177430888.9656,1.3000000000000016,0.7999999999999999
177430890.9656,1.3000000000000016,0.7999999999999999
177430892.9656,1.3000000000000016,0.7999999999999999
177430894.9656,1.3000000000000016,0.7999999999999999
177430896.9656,1.3000000000000016,0.7999999999999999
177430898.9656,1.3000000000000016,0.7999999999999999
177430900.9656,1.3000000000000016,0.7999999999999999
177430902.9656,1.3000000000000016,0.7999999999999999
177430904.9656,1.3000000000000016,0.7999999999999999
177430906.9656,1.3000000000000016,0.7999999999999999
177430908.9656,1.3000000000000016,0.7999999999999999
177430910.9656,1.3000000000000016,0.7999999999999999
177430912.9656,1.3000000000000016,0.7999999999999999
177430914.9656,1.3000000000000016,0.7999999999999999
177430916.9656,1.3000000000000016,0.7999999999999999
177430918.9656,1.3000000000000016,0.7999999999999999
177430920.9656,1.3000000000000016,0.7999999999999999
177430922.9656,1.3000000000000016,0.7999999999999999
177430924.9656,1.3000000000000016,0.7999999999999999
177430926.9656,1.3000000000000016,0.7999999999999999
177430928.9656,1.3000000000000016,0.7999999999999999
177430930.9656,1.3000000000000016,0.7999999999999999
177430932.9656,1.3000000000000016,0.7999999999999999
177430934.9656,1.3000000000000016,0.7999999999999999
177430936.9656,1.3000000000000016,0.7999999999999999
177430938.9656,1.3000000000000016,0.7999999999999999
177430940.9656,1.3000000000000016,0.7999999999999999
177430942.9656,1.3000000000000016,0.7999999999999999
177430944.9656,1.3000000000000016,0.7999999999999999
177430946.9656,1.3000000000000016,0.7999999999999999
177430948.9656,1.3000000000000016,0.7999999999999999
177430950.9656,1.3000000000000016,0.7999999999999999
177430952.9656,1.3000000000000016,0.7999999999999999
177430954.9656,1.3000000000000016,0.7999999999999999
177430956.9656,1.3000000000000016,0.7999999999999999
177430958.9656,1.3000000000000016,0.7999999999999999
177430960.9656,1.3000000000000016,0.7999999999999999
177430962.9656,1.3000000000000016,0.7999999999999999
177430964.9656,1.3000000000000016,0.7999999999999999
177430966.9656,1.3000000000000016,0.7999999999999999
177430968.9656,1.3000000000000016,0.7999999999999999
177430970.9656,1.3000000000000016,0.7999999999999999
177430972.9656,1.3000000000000016,0.7999999999999999
177430974.9656,1.3000000000000016,0.7999999999999999
177430976.9656,1.3000000000000016,0.7999999999999999
177430978.9656,1.3000000000000016,0.7999999999999999
177430980.9656,1.3000000000000016,0.7999999999999999
177430982.9656,1.3000000000000016,0.7999999999999999
177430984.9656,1.3000000000000016,0.7999999999999999
177430986.9656,1.3000000000000016,0.7999999999999999
177430988.9656,1.3000000000000016,0.7999999999999999
177430990.9656,1.3000000000000016,0.7999999999999999
177430992.9656,1.3000000000000016,0.7999999999999999
177430994.9656,1.3000000000000016,0.7999999999999999
177430996.9656,1.3000000000000016,0.7999999999999999
177430998.9656,1.3000000000000016,0.7999999999999999
177431000.9656,1.3000000000000016,0.7999999999999999
177431003.0656,1.3000000000000016,0.7999999999999999
177431005.0656,1.3000000000000016,0.7999999999999999
177431007.0656,1.3000000000000016,0.7999999999999999
177431009.0656,1.3000000000000016,0.7999999999999999
177431011.0656,1.3000000000000016,0.7999999999999999
177431013.0656,1.3000000000000016,0.7999999999999999
177431015.0656,1.3000000000000016,0.7999999999999999
177431017.0656,1.3000000000000016,0.7999999999999999
177431019.0656,1.3000000000000016,0.7999999999999999
177431021.0656,1.3000000000000016,0.7999999999999999
177431023.0656,1.3000000000000016,0.7999999999999999
177431025.0656,1.3000000000000016,0.7999999999999999
177431027.0656,1.3000000000000016,0.7999999999999999
177431029.0656,1.3000000000000016,0.7999999999999999
177431031.0656,1.3000000000000016,0.7999999999999999
177431033.0656,1.3000000000000016,0.7999999999999999
177431035.0656,1.3000000000000016,0.7999999999999999
177431037.0656,1.3000000000000016,0.7999999999999999
177431039.0656,1.3000000000000016,0.7999999999999999
177431041.0656,1.3000000000000016,0.7999999999999999
177431043.0656,1.3000000000000016,0.7999999999999999
177431045.0656,1.3000000000000016,0.7999999999999999
177431047.0656,1.3000000000000016,0.7999999999999999
177431049.0656,1.3000000000000016,0.7999999999999999
177431051.0656,1.3000000000000016,0.7999999999999999
177431053.0656,1.3000000000000016,0.7999999999999999
177431055.0656,1.3000000000000016,0.7999999999999999
177431057.0656,1.3000000000000016,0.7999999999999999
177431059.0656,1.3000000000000016,0.7999999999999999
177431061.0656,1.3000000000000016,0.7999999999999999
177431063.0656,1.3000000000000016,0.7999999999999999
177431065.0656,1.3000000000000016,0.7999999999999999
177431067.0656,1.3000000000000016,0.7999999999999999
177431069.0656,1.3000000000000016,0.7999999999999999
177431071.0656,1.3000000000000016,0.7999999999999999
177431073.0656,1.3000000000000016,0.7999999999999999
177431075.0656,1.3000000000000016,0.7999999999999999
177431077.0656,1.3000000000000016,0.7999999999999999
177431079.0656,1.3000000000000016,0.7999999999999999
177431081.0656,1.3000000000000016,0.7999999999999999
177431083.0656,1.3000000000000016,0.7999999999999999
177431085.0656,1.3000000000000016,0.7999999999999999
177431087.0656,1.3000000000000016,0.7999999999999999
177431089.0656,1.3000000000000016,0.7999999999999999
177431091.0656,1.3000000000000016,0.7999999999999999
177431093.0656,1.3000000000000016,0.7999999999999999
177431095.0656,1.3000000000000016,0.7999999999999999
177431097.0656,1.3000000000000016,0.7999999999999999
177431099.0656,1.3000000000000016,0.7999999999999999
177431101.0656,1.3000000000000016,0.7999999999999999
177431103.0656,1.3000000000000016,0.7999999999999999
177431105.0656,1.3000000000000016,0.7999999999999999
177431107.0656,1.3000000000000016,0.7999999999999999
177431109.0656,1.3000000000000016,0.7999999999999999
177431111.0656,1.3000000000000016,0.7999999999999999
177431113.0656,1.3000000000000016,0.7999999999999999
177431115.0656,1.3000000000000016,0.7999999999999999
177431117.0656,1.3000000000000016,0.7999999999999999
177431119.0656,1.3000000000000016,0.7999999999999999
177431121.0656,1.3000000000000016,0.7999999999999999
177431123.0656,1.3000000000000016,0.7999999999999999
177431125.0656,1.3000000000000016,0.7999999999999999
177431127.0656,1.3000000000000016,0.7999999999999999
177431129.0656,1.3000000000000016,0.7999999999999999
177431131.0656,1.3000000000000016,0.7999999999999999
177431133.0656,1.3000000000000016,0.7999999999999999
177431135.0656,1.3000000000000016,0.7999999999999999
177431137.0656,1.3000000000000016,0.7999999999999999
177431139.0656,1.3000000000000016,0.7999999999999999
177431141.0656,1.3000000000000016,0.7999999999999999
177431143.0656,1.3000000000000016,0.7999999999999999
177431145.0656,1.3000000000000016,0.7999999999999999
177431147.0656,1.3000000000000016,0.7999999999999999
177431149.0656,1.3000000000000016,0.7999999999999999
177431151.0656,1.3000000000000016,0.7999999999999999
177431153.0656,1.3000000000000016,0.7999999999999999
177431155.0656,1.3000000000000016,0.7999999999999999
177431157.0656,1.3000000000000016,0.7999999999999999
177431159.0656,1.3000000000000016,0.7999999999999999
177431161.0656,1.3000000000000016,0.7999999999999999
177431163.0656,1.3000000000000016,0.7999999999999999
177431165.0656,1.3000000000000016,0.7999999999999999
177431167.0656,1.3000000000000016,0.7999999999999999
177431169.0656,1.3000000000000016,0.7999999999999999
177431171.0656,1.3000000000000016,0.7999999999999999
177431173.0656,1.3000000000000016,0.7999999999999999
177431175.0656,1.3000000000000016,0.7999999999999999
177431177.0656,1.3000000000000016,0.7999999999999999
177431179.0656,1.3000000000000016,0.7999999999999999
177431181.0656,1.3000000000000016,0.7999999999999999
177431183.0656,1.3000000000000016,0.7999999999999999
177431185.0656,1.3000000000000016,0.7999999999999999
177431187.0656,1.3000000000000016,0.7999999999999999
177431189.0656,1.3000000000000016,0.7999999999999999
177431191.0656,1.3000000000000016,0.7999999999999999
177431193.0656,1.3000000000000016,0.7999999999999999
177431195.0656,1.3000000000000016,0.7999999999999999
177431197.0656,1.3000000000000016,0.7999999999999999
177431199.0656,1.3000000000000016,0.7999999999999999
177431201.0656,1.3000000000000016,0.7999999999999999
177431203.0656,1.3000000000000016,0.7999999999999999
177431205.0656,1.3000000000000016,0.7999999999999999
177431207.0656,1.3000000000000016,0.7999999999999999
177431209.0656,1.3000000000000016,0.7999999999999999
177431211.0656,1.3000000000000016,0.7999999999999999
177431213.0656,1.3000000000000016,0.7999999999999999
177431215.0656,1.3000000000000016,0.7999999999999999
177431217.0656,1.3000000000000016,0.7999999999999999
177431219.0656,1.3000000000000016,0.7999999999999999
177431221.0656,1.3000000000000016,0.7999999999999999
177431223.0656,1.3000000000000016,0.7999999999999999
177431225.0656,1.3000000000000016,0.7999999999999999
177431227.0656,1.3000000000000016,0.7999999999999999
177431229.0656,1.3000000000000016,0.7999999999999999
177431231.0656,1.3000000000000016,0.7999999999999999
177431233.0656,1.3000000000000016,0.8999999999999999
177431235.0656,1.3000000000000016,0.8999999999999999
177431237.0656,1.3000000000000016,0.8999999999999999
177431239.0656,1.3000000000000016,0.8999999999999999
177431241.0656,1.3000000000000016,0.8999999999999999
177431243.0656,1.3000000000000016,0.8999999999999999
177431245.0656,1.3000000000000016,0.8999999999999999
177431247.0656,1.3000000000000016,0.8999999999999999
177431249.0656,1.3000000000000016,0.8999999999999999
177431251.0656,1.3000000000000016,0.8999999999999999
177431253.0656,1.3000000000000016,0.8999999999999999
177431255.0656,1.3000000000000016,0.8999999999999999
177431257.0656,1.3000000000000016,0.8999999999999999
177431259.0656,1.3000000000000016,0.8999999999999999
177431261.0656,1.3000000000000016,0.8999999999999999
177431263.0656,1.3000000000000016,0.8999999999999999
177431265.0656,1.3000000000000016,0.8999999999999999
177431267.0656,1.3000000000000016,0.8999999999999999
177431269.0656,1.3000000000000016,0.8999999999999999
177431271.0656,1.3000000000000016,0.8999999999999999
177431273.0656,1.3000000000000016,0.8999999999999999
177431275.0656,1.3000000000000016,0.8999999999999999
177431277.0656,1.3000000000000016,0.8999999999999999
177431279.0656,1.3000000000000016,0.8999999999999999
177431281.0656,1.3000000000000016,0.8999999999999999
177431283.0656,1.3000000000000016,0.8999999999999999
177431285.0656,1.3000000000000016,0.8999999999999999
177431287.0656,1.3000000000000016,0.8999999999999999
177431289.0656,1.3000000000000016,0.8999999999999999
177431291.0656,1.3000000000000016,0.8999999999999999
177431293.0656,1.3000000000000016,0.8999999999999999
177431295.0656,1.3000000000000016,0.8999999999999999
177431297.0656,1.3000000000000016,0.8999999999999999
177431299.0656,1.3000000000000016,0.8999999999999999
177431301.0656,1.3000000000000016,0.8999999999999999
177431303.0656,1.3000000000000016,0.8999999999999999
177431305.0656,1.3000000000000016,0.8999999999999999
177431307.0656,1.3000000000000016,0.8999999999999999
177431309.0656,1.3000000000000016,0.8999999999999999
177431311.0656,1.3000000000000016,0.8999999999999999
177431313.0656,1.3000000000000016,0.8999999999999999
177431315.0656,1.3000000000000016,0.8999999999999999
177431317.0656,1.3000000000000016,0.8999999999999999
177431319.0656,1.3000000000000016,0.8999999999999999
177431321.0656,1.3000000000000016,0.8999999999999999
177431323.0656,1.3000000000000016,0.8999999999999999
177431325.0656,1.3000000000000016,0.8999999999999999
177431327.0656,1.3000000000000016,0.8999999999999999
177431329.0656,1.3000000000000016,0.8999999999999999
177431331.0656,1.3000000000000016,0.8999999999999999
177431333.0656,1.3000000000000016,0.8999999999999999
177431335.0656,1.3000000000000016,0.8999999999999999
177431337.0656,1.3000000000000016,0.8999999999999999
177431339.0656,1.3000000000000016,0.8999999999999999
177431341.0656,1.3000000000000016,0.8999999999999999
177431343.0656,1.3000000000000016,0.8999999999999999
177431345.0656,1.3000000000000016,0.8999999999999999
177431347.0656,1.3000000000000016,0.8999999999999999
177431349.0656,1.3000000000000016,0.8999999999999999
177431351.0656,1.3000000000000016,0.8999999999999999
177431353.0656,1.3000000000000016,0.8999999999999999
177431355.0656,1.3000000000000016,0.8999999999999999
177431357.0656,1.3000000000000016,0.8999999999999999
177431359.0656,1.3000000000000016,0.8999999999999999
177431361.0656,1.3000000000000016,0.8999999999999999
177431363.0656,1.3000000000000016,0.8999999999999999
177431365.0656,1.3000000000000016,0.8999999999999999
177431367.0656,1.3000000000000016,0.8999999999999999
177431369.0656,1.3000000000000016,0.8999999999999999
177431371.0656,1.3000000000000016,0.8999999999999999
177431373.0656,1.3000000000000016,0.8999999999999999
177431375.0656,1.3000000000000016,0.8999999999999999
177431377.0656,1.3000000000000016,0.8999999999999999
177431379.0656,1.3000000000000016,0.8999999999999999
177431381.0656,1.3000000000000016,0.8999999999999999
177431383.0656,1.3000000000000016,0.8999999999999999
177431385.0656,1.3000000000000016,0.8999999999999999
177431387.0656,1.3000000000000016,0.8999999999999999
177431389.0656,1.3000000000000016,0.8999999999999999
177431391.0656,1.3000000000000016,0.8999999999999999
177431393.0656,1.3000000000000016,0.8999999999999999
177431395.0656,1.3000000000000016,0.8999999999999999
177431397.0656,1.3000000000000016,0.8999999999999999
177431399.0656,1.3000000000000016,0.8999999999999999
177431401.0656,1.3000000000000016,0.8999999999999999
177431403.0656,1.3000000000000016,0.8999999999999999
177431405.0656,1.3000000000000016,0.8999999999999999
177431407.0656,1.3000000000000016,0.8999999999999999
177431409.0656,1.3000000000000016,0.8999999999999999
177431411.0656,1.3000000000000016,0.8999999999999999
177431413.0656,1.3000000000000016,0.8999999999999999
177431415.0656,1.3000000000000016,0.8999999999999999
177431417.0656,1.3000000000000016,0.8999999999999999
177431419.0656,1.3000000000000016,0.8999999999999999
177431421.0656,1.3000000000000016,0.8999999999999999
177431423.0656,1.3000000000000016,0.8999999999999999
177431425.0656,1.3000000000000016,0.8999999999999999
177431427.0656,1.3000000000000016,0.8999999999999999
177431429.0656,1.3000000000000016,0.8999999999999999
177431431.0656,1.3000000000000016,0.8999999999999999
177431433.0656,1.3000000000000016,0.8999999999999999
177431435.0656,1.3000000000000016,0.8999999999999999
177431437.0656,1.3000000000000016,0.8999999999999999
177431439.0656,1.3000000000000016,0.8999999999999999
177431441.0656,1.3000000000000016,0.8999999999999999
177431443.1656,1.3000000000000016,0.8999999999999999
177431445.0656,1.3000000000000016,0.8999999999999999
177431447.0656,1.3000000000000016,0.8999999999999999
177431449.0656,1.3000000000000016,0.8999999999999999
177431451.0656,1.3000000000000016,0.8999999999999999
177431453.0656,1.3000000000000016,0.8999999999999999
177431455.0656,1.3000000000000016,0.8999999999999999
177431457.0656,1.3000000000000016,0.8999999999999999
177431459.0656,1.3000000000000016,0.8999999999999999
177431461.0656,1.3000000000000016,0.8999999999999999
177431463.0656,1.3000000000000016,0.8999999999999999
177431465.0656,1.3000000000000016,0.8999999999999999
177431467.0656,1.3000000000000016,0.8999999999999999
177431469.0656,1.3000000000000016,0.8999999999999999
177431471.0656,1.3000000000000016,0.8999999999999999
177431473.0656,1.3000000000000016,0.8999999999999999
177431475.0656,1.3000000000000016,0.8999999999999999
177431477.0656,1.3000000000000016,0.8999999999999999
177431479.0656,1.3000000000000016,0.8999999999999999
177431481.0656,1.3000000000000016,0.8999999999999999
177431483.0656,1.3000000000000016,0.8999999999999999
177431485.0656,1.3000000000000016,0.8999999999999999
177431487.0656,1.3000000000000016,0.8999999999999999
177431489.0656,1.3000000000000016,0.8999999999999999
177431491.0656,1.3000000000000016,0.8999999999999999
177431493.0656,1.3000000000000016,0.8999999999999999
177431495.0656,1.3000000000000016,0.8999999999999999
177431497.0656,1.3000000000000016,0.8999999999999999
177431499.0656,1.3000000000000016,0.8999999999999999
177431501.0656,1.3000000000000016,0.8999999999999999
177431503.0656,1.3000000000000016,0.8999999999999999
177431505.0656,1.3000000000000016,0.8999999999999999
177431507.0656,1.3000000000000016,0.8999999999999999
177431509.0656,1.3000000000000016,0.8999999999999999
177431511.0656,1.3000000000000016,0.8999999999999999
177431513.0656,1.3000000000000016,0.8999999999999999
177431515.0656,1.3000000000000016,0.8999999999999999
177431517.0656,1.3000000000000016,0.8999999999999999
177431519.0656,1.3000000000000016,0.8999999999999999
177431521.0656,1.3000000000000016,0.8999999999999999
177431523.0656,1.3000000000000016,0.8999999999999999
177431525.0656,1.3000000000000016,0.8999999999999999
177431527.0656,1.3000000000000016,0.8999999999999999
177431529.0656,1.3000000000000016,0.8999999999999999
177431531.0656,1.3000000000000016,0.8999999999999999
177431533.0656,1.3000000000000016,0.8999999999999999
177431535.0656,1.3000000000000016,0.8999999999999999
177431537.0656,1.3000000000000016,0.8999999999999999
177431539.0656,1.3000000000000016,0.8999999999999999
177431541.0656,1.3000000000000016,0.8999999999999999
177431543.0656,1.3000000000000016,0.8999999999999999
177431545.0656,1.3000000000000016,0.8999999999999999
177431547.0656,1.3000000000000016,0.8999999999999999
177431549.0656,1.3000000000000016,0.8999999999999999
177431551.0656,1.3000000000000016,0.8999999999999999
177431553.0656,1.3000000000000016,0.8999999999999999
177431555.0656,1.3000000000000016,0.8999999999999999
177431557.0656,1.3000000000000016,0.8999999999999999
177431559.0656,1.3000000000000016,0.8999999999999999
177431561.0656,1.3000000000000016,0.8999999999999999
177431563.0656,1.3000000000000016,0.8999999999999999
177431565.0656,1.3000000000000016,0.8999999999999999
177431567.0656,1.3000000000000016,0.8999999999999999
177431569.0656,1.3000000000000016,0.8999999999999999
177431571.0656,1.3000000000000016,0.8999999999999999
177431573.0656,1.3000000000000016,0.8999999999999999
177431575.0656,1.3000000000000016,0.8999999999999999
177431577.0656,1.3000000000000016,0.8999999999999999
177431579.0656,1.3000000000000016,0.8999999999999999
177431581.0656,1.3000000000000016,0.8999999999999999
177431583.0656,1.3000000000000016,0.8999999999999999
177431585.0656,1.3000000000000016,0.8999999999999999
177431587.0656,1.3000000000000016,0.8999999999999999
177431589.0656,1.3000000000000016,0.8999999999999999
177431591.0656,1.3000000000000016,0.8999999999999999
177431593.0656,1.3000000000000016,0.8999999999999999
177431595.0656,1.3000000000000016,0.8999999999999999
177431597.0656,1.3000000000000016,0.8999999999999999
177431599.0656,1.3000000000000016,0.8999999999999999
177431601.0656,1.3000000000000016,0.8999999999999999
177431603.0656,1.3000000000000016,0.8999999999999999
177431605.0656,1.3000000000000016,0.8999999999999999
177431607.0656,1.3000000000000016,0.8999999999999999
177431609.0656,1.3000000000000016,0.8999999999999999
177431611.0656,1.3000000000000016,0.8999999999999999
177431613.0656,1.3000000000000016,0.8999999999999999
177431615.0656,1.3000000000000016,0.8999999999999999
177431617.0656,1.3000000000000016,0.8999999999999999
177431619.0656,1.3000000000000016,0.8999999999999999
177431621.0656,1.3000000000000016,0.8999999999999999
177431623.0656,1.3000000000000016,0.8999999999999999
177431625.0656,1.3000000000000016,0.8999999999999999
177431627.0656,1.3000000000000016,0.8999999999999999
177431629.0656,1.3000000000000016,0.8999999999999999
177431631.0656,1.3000000000000016,0.8999999999999999
177431633.0656,1.3000000000000016,0.8999999999999999
177431635.0656,1.3000000000000016,0.8999999999999999
177431637.0656,1.3000000000000016,0.8999999999999999
177431639.0656,1.3000000000000016,0.8999999999999999
177431641.0656,1.3000000000000016,0.8999999999999999
177431643.0656,1.3000000000000016,0.8999999999999999
177431645.0656,1.3000000000000016,0.8999999999999999
177431647.0656,1.3000000000000016,0.8999999999999999
177431649.0656,1.3000000000000016,0.8999999999999999
177431651.0656,1.3000000000000016,0.8999999999999999
177431653.0656,1.3000000000000016,0.8999999999999999
177431655.0656,1.3000000000000016,0.8999999999999999
177431657.0656,1.3000000000000016,0.8999999999999999
177431659.0656,1.3000000000000016,0.8999999999999999
177431661.0656,1.3000000000000016,0.8999999999999999
177431663.1656,1.3000000000000016,1.2
177431665.0656,1.3000000000000016,1.2
177431667.0656,1.4000000000000017,1.3
177431669.0656,1.4000000000000017,1.3
177431671.0656,1.4000000000000017,1.3
177431673.0656,1.4000000000000017,1.3
177431675.0656,1.4000000000000017,1.3
177431677.0656,1.4000000000000017,1.3
177431679.0656,1.4000000000000017,1.3
177431681.0656,1.4000000000000017,1.3
177431683.0656,1.4000000000000017,1.3
177431685.0656,1.4000000000000017,1.3
177431687.0656,1.4000000000000017,1.3
177431689.0656,1.4000000000000017,1.3
177431691.0656,1.4000000000000017,1.3
177431693.0656,1.4000000000000017,1.3
177431695.0656,1.4000000000000017,1.3
177431697.0656,1.4000000000000017,1.3
177431699.0656,1.4000000000000017,1.3
177431701.0656,1.4000000000000017,1.3
177431703.0656,1.4000000000000017,1.3
177431705.0656,1.4000000000000017,1.3
177431707.0656,1.4000000000000017,1.3
177431709.0656,1.4000000000000017,1.3
177431711.0656,1.4000000000000017,1.3
177431713.0656,1.4000000000000017,1.3
177431715.0656,1.4000000000000017,1.3
177431717.0656,1.4000000000000017,1.3
177431719.0656,1.4000000000000017,1.3
177431721.0656,1.4000000000000017,1.3
177431723.0656,1.4000000000000017,1.3
177431725.0656,1.4000000000000017,1.3
177431727.0656,1.4000000000000017,1.3
177431729.0656,1.4000000000000017,1.3
177431731.0656,1.4000000000000017,1.3
177431733.0656,1.4000000000000017,1.3
177431735.0656,1.4000000000000017,1.3
177431737.0656,1.4000000000000017,1.3
177431739.0656,1.4000000000000017,1.3
177431741.0656,1.4000000000000017,1.3
177431743.0656,1.4000000000000017,1.3
177431745.0656,1.4000000000000017,1.3
177431747.0656,1.4000000000000017,1.3
177431749.0656,1.4000000000000017,1.3
177431751.0656,1.4000000000000017,1.3
177431753.0656,1.4000000000000017,1.3
177431755.0656,1.4000000000000017,1.3
177431757.0656,1.4000000000000017,1.3
177431759.0656,1.4000000000000017,1.3
177431761.0656,1.4000000000000017,1.3
177431763.0656,1.7763568394002505e-15,1.4000000000000001
177431765.0656,1.7763568394002505e-15,1.4000000000000001
177431767.0656,1.7763568394002505e-15,1.4000000000000001
177431769.0656,1.7763568394002505e-15,1.4000000000000001
177431771.0656,1.7763568394002505e-15,1.4000000000000001
177431773.0656,1.7763568394002505e-15,1.4000000000000001
177431775.0656,1.7763568394002505e-15,1.4000000000000001
177431777.0656,1.7763568394002505e-15,1.4000000000000001
177431779.0656,1.7763568394002505e-15,1.4000000000000001
177431781.0656,1.7763568394002505e-15,1.4000000000000001
177431783.0656,1.7763568394002505e-15,1.4000000000000001
177431785.0656,1.7763568394002505e-15,1.4000000000000001
177431787.0656,1.7763568394002505e-15,1.4000000000000001
177431789.0656,1.7763568394002505e-15,1.4000000000000001
177431791.0656,1.7763568394002505e-15,1.4000000000000001
177431793.0656,1.7763568394002505e-15,1.4000000000000001
177431795.0656,1.7763568394002505e-15,1.4000000000000001
177431797.0656,1.7763568394002505e-15,1.4000000000000001
177431799.0656,1.7763568394002505e-15,1.4000000000000001
177431801.0656,1.7763568394002505e-15,1.4000000000000001
177431803.0656,1.7763568394002505e-15,1.4000000000000001
177431805.0656,1.7763568394002505e-15,1.4000000000000001
177431807.0656,1.7763568394002505e-15,1.4000000000000001
177431809.0656,1.7763568394002505e-15,1.4000000000000001
177431811.0656,1.7763568394002505e-15,1.4000000000000001
177431813.0656,1.7763568394002505e-15,1.4000000000000001
177431815.0656,1.7763568394002505e-15,1.4000000000000001
177431817.0656,1.7763568394002505e-15,1.4000000000000001
177431819.0656,1.7763568394002505e-15,1.4000000000000001
177431821.0656,1.7763568394002505e-15,1.4000000000000001
177431823.0656,1.7763568394002505e-15,1.4000000000000001
177431825.0656,1.7763568394002505e-15,1.4000000000000001
177431827.0656,1.7763568394002505e-15,1.4000000000000001
177431829.0656,1.7763568394002505e-15,1.4000000000000001
177431831.0656,1.7763568394002505e-15,1.4000000000000001
177431833.0656,1.7763568394002505e-15,1.4000000000000001
177431835.0656,1.7763568394002505e-15,1.4000000000000001
177431837.0656,1.7763568394002505e-15,1.4000000000000001
177431839.0656,1.7763568394002505e-15,1.4000000000000001
177431841.0656,1.7763568394002505e-15,1.4000000000000001
177431843.0656,1.7763568394002505e-15,1.4000000000000001
177431845.0656,1.7763568394002505e-15,1.4000000000000001
177431847.0656,1.7763568394002505e-15,1.4000000000000001
177431849.0656,1.7763568394002505e-15,1.4000000000000001
177431851.0656,1.7763568394002505e-15,1.4000000000000001
177431853.0656,1.7763568394002505e-15,1.4000000000000001
177431855.0656,1.7763568394002505e-15,1.4000000000000001
177431857.0656,1.7763568394002505e-15,1.4000000000000001
177431859.0656,1.7763568394002505e-15,1.4000000000000001
177431861.0656,1.7763568394002505e-15,1.4000000000000001
177431863.0656,1.7763568394002505e-15,1.4000000000000001
177431865.0656,1.7763568394002505e-15,1.4000000000000001
177431867.0656,1.7763568394002505e-15,1.4000000000000001
177431869.0656,1.7763568394002505e-15,1.4000000000000001
177431871.0656,1.7763568394002505e-15,1.4000000000000001
177431873.0656,1.7763568394002505e-15,1.4000000000000001
177431875.0656,1.7763568394002505e-15,1.4000000000000001
177431877.0656,1.7763568394002505e-15,1.4000000000000001
177431879.0656,1.7763568394002505e-15,1.4000000000000001
177431881.0656,1.7763568394002505e-15,1.4000000000000001
177431883.0656,1.7763568394002505e-15,1.4000000000000001
177431885.0656,1.7763568394002505e-15,1.4000000000000001
177431887.0656,1.7763568394002505e-15,1.4000000000000001
177431889.0656,1.7763568394002505e-15,1.4000000000000001
177431891.0656,1.7763568394002505e-15,1.4000000000000001
177431893.0656,1.7763568394002505e-15,1.4000000000000001
177431895.0656,1.7763568394002505e-15,1.4000000000000001
177431897.0656,1.7763568394002505e-15,1.4000000000000001
177431899.0656,1.7763568394002505e-15,1.4000000000000001
177431901.0656,1.7763568394002505e-15,1.4000000000000001
177431903.0656,1.7763568394002505e-15,1.4000000000000001
177431905.0656,1.7763568394002505e-15,1.4000000000000001
177431907.0656,1.7763568394002505e-15,1.4000000000000001
177431909.0656,1.7763568394002505e-15,1.4000000000000001
177431911.0656,1.7763568394002505e-15,1.4000000000000001
177431913.0656,1.7763568394002505e-15,1.4000000000000001
177431915.0656,1.7763568394002505e-15,1.4000000000000001
177431917.0656,1.7763568394002505e-15,1.4000000000000001
177431919.0656,1.7763568394002505e-15,1.4000000000000001
177431921.0656,1.7763568394002505e-15,1.4000000000000001
177431923.0656,1.7763568394002505e-15,1.4000000000000001
177431925.0656,1.7763568394002505e-15,1.4000000000000001
177431927.0656,1.7763568394002505e-15,1.4000000000000001
177431929.0656,1.7763568394002505e-15,1.4000000000000001
177431931.0656,1.7763568394002505e-15,1.4000000000000001
177431933.0656,1.7763568394002505e-15,1.4000000000000001
177431935.0656,1.7763568394002505e-15,1.4000000000000001
177431937.0656,1.7763568394002505e-15,1.4000000000000001
177431939.0656,1.7763568394002505e-15,1.4000000000000001
177431941.0656,1.7763568394002505e-15,1.4000000000000001
177431943.0656,1.7763568394002505e-15,1.4000000000000001
177431945.0656,1.7763568394002505e-15,1.4000000000000001
177431947.0656,1.7763568394002505e-15,1.4000000000000001
177431949.0656,1.7763568394002505e-15,1.4000000000000001
177431951.0656,1.7763568394002505e-15,1.4000000000000001
177431953.0656,1.7763568394002505e-15,1.4000000000000001
177431955.0656,1.7763568394002505e-15,1.4000000000000001
177431957.0656,1.7763568394002505e-15,1.4000000000000001
177431959.0656,1.7763568394002505e-15,1.4000000000000001
177431961.0656,1.7763568394002505e-15,1.4000000000000001
177431963.0656,1.7763568394002505e-15,1.4000000000000001
177431965.0656,1.7763568394002505e-15,1.4000000000000001
177431967.0656,1.7763568394002505e-15,1.4000000000000001
177431969.0656,1.7763568394002505e-15,1.4000000000000001
177431971.0656,1.7763568394002505e-15,1.4000000000000001
177431973.0656,1.7763568394002505e-15,1.4000000000000001
177431975.0656,1.7763568394002505e-15,1.4000000000000001
177431977.0656,1.7763568394002505e-15,1.4000000000000001
177431979.0656,1.7763568394002505e-15,1.4000000000000001
177431981.0656,1.7763568394002505e-15,1.4000000000000001
177431983.0656,1.7763568394002505e-15,1.4000000000000001
177431985.0656,1.7763568394002505e-15,1.4000000000000001
177431987.0656,1.7763568394002505e-15,1.4000000000000001
177431989.0656,1.7763568394002505e-15,1.4000000000000001
177431991.0656,1.7763568394002505e-15,1.4000000000000001
177431993.0656,1.7763568394002505e-15,1.4000000000000001
177431995.0656,1.7763568394002505e-15,1.4000000000000001
177431997.0656,1.7763568394002505e-15,1.4000000000000001
177431999.0656,1.7763568394002505e-15,1.4000000000000001
177432001.0656,1.7763568394002505e-15,1.4000000000000001
177432003.0656,1.7763568394002505e-15,1.4000000000000001
177432005.0656,1.7763568394002505e-15,1.4000000000000001
177432007.0656,1.7763568394002505e-15,1.4000000000000001
177432009.0656,1.7763568394002505e-15,1.4000000000000001
177432011.0656,1.7763568394002505e-15,1.4000000000000001
177432013.0656,1.7763568394002505e-15,1.4000000000000001
177432015.0656,1.7763568394002505e-15,1.4000000000000001
177432017.0656,1.7763568394002505e-15,1.4000000000000001
177432019.0656,1.7763568394002505e-15,1.4000000000000001
177432021.0656,1.7763568394002505e-15,1.4000000000000001
177432023.0656,1.7763568394002505e-15,1.4000000000000001
177432025.0656,1.7763568394002505e-15,1.4000000000000001
177432027.0656,1.7763568394002505e-15,1.4000000000000001
177432029.0656,1.7763568394002505e-15,1.3
177432031.0656,1.7763568394002505e-15,1.3
177432033.0656,1.7763568394002505e-15,1.3
177432035.0656,1.7763568394002505e-15,1.3
177432037.0656,1.7763568394002505e-15,1.3
177432039.0656,1.7763568394002505e-15,1.3
177432041.0656,1.7763568394002505e-15,1.3
177432043.0656,1.7763568394002505e-15,1.3
177432045.0656,1.7763568394002505e-15,1.3
177432047.0656,1.7763568394002505e-15,1.3
177432049.0656,1.7763568394002505e-15,1.3
177432051.0656,1.7763568394002505e-15,1.3
177432053.0656,1.7763568394002505e-15,1.3
177432055.0656,1.7763568394002505e-15,1.3
177432057.0656,1.7763568394002505e-15,1.3
177432059.0656,1.7763568394002505e-15,1.3
177432061.0656,1.7763568394002505e-15,1.3
177432063.0656,1.7763568394002505e-15,1.3
177432065.0656,1.7763568394002505e-15,1.3
177432067.0656,1.7763568394002505e-15,1.3
177432069.0656,1.7763568394002505e-15,1.3
177432071.0656,1.7763568394002505e-15,1.3
177432073.0656,1.7763568394002505e-15,1.3
177432075.0656,1.7763568394002505e-15,1.3
177432077.0656,1.7763568394002505e-15,1.3
177432079.0656,1.7763568394002505e-15,1.3
177432081.0656,1.7763568394002505e-15,1.3
177432083.0656,1.7763568394002505e-15,1.3
177432085.0656,1.7763568394002505e-15,1.3
177432087.0656,1.7763568394002505e-15,1.3
177432089.0656,1.7763568394002505e-15,1.3
177432091.0656,1.7763568394002505e-15,1.3
177432093.0656,1.7763568394002505e-15,1.3
177432095.0656,1.7763568394002505e-15,1.3
177432097.0656,1.7763568394002505e-15,1.3
177432099.0656,1.7763568394002505e-15,1.3
177432101.0656,1.7763568394002505e-15,1.3
177432103.0656,1.7763568394002505e-15,1.3
177432105.0656,1.7763568394002505e-15,1.3
177432107.0656,1.7763568394002505e-15,1.3
177432109.0656,1.7763568394002505e-15,1.3
177432111.0656,1.7763568394002505e-15,1.3
177432113.0656,1.7763568394002505e-15,1.3
177432115.0656,1.7763568394002505e-15,1.3
177432117.0656,1.7763568394002505e-15,1.3
177432119.0656,1.7763568394002505e-15,1.3
177432121.0656,1.7763568394002505e-15,1.3
177432123.0656,1.7763568394002505e-15,1.3
177432125.0656,1.7763568394002505e-15,1.3
177432127.0656,1.7763568394002505e-15,1.3
177432129.0656,1.7763568394002505e-15,1.3
177432131.0656,1.7763568394002505e-15,1.3
177432133.0656,1.7763568394002505e-15,1.3
177432135.0656,1.7763568394002505e-15,1.3
177432137.0656,1.7763568394002505e-15,1.3
177432139.0656,1.7763568394002505e-15,1.3
177432141.0656,1.7763568394002505e-15,1.3
177432143.0656,1.7763568394002505e-15,1.3
177432145.0656,1.7763568394002505e-15,1.3
177432147.0656,1.7763568394002505e-15,1.3
177432149.0656,1.7763568394002505e-15,1.3
177432151.0656,1.7763568394002505e-15,1.3
177432153.0656,1.7763568394002505e-15,1.3
177432155.0656,1.7763568394002505e-15,1.3
177432157.0656,1.7763568394002505e-15,1.3
177432159.0656,1.7763568394002505e-15,1.3
177432161.0656,1.7763568394002505e-15,1.3
177432163.0656,1.7763568394002505e-15,1.3
177432165.0656,1.7763568394002505e-15,1.3
177432167.0656,1.7763568394002505e-15,1.3
177432169.0656,1.7763568394002505e-15,1.3
177432171.0656,1.7763568394002505e-15,1.3
177432173.0656,1.7763568394002505e-15,1.3
177432175.0656,1.7763568394002505e-15,1.3
177432177.0656,1.7763568394002505e-15,1.3
177432179.0656,1.7763568394002505e-15,1.3
177432181.0656,1.7763568394002505e-15,1.3
177432183.0656,1.7763568394002505e-15,1.3
177432185.0656,1.7763568394002505e-15,1.3
177432187.0656,1.7763568394002505e-15,1.3
177432189.0656,1.7763568394002505e-15,1.3
177432191.0656,1.7763568394002505e-15,1.3
177432193.0656,1.7763568394002505e-15,1.3
177432195.0656,1.7763568394002505e-15,1.3
177432197.0656,1.7763568394002505e-15,1.3
177432199.0656,1.7763568394002505e-15,1.3
177432201.0656,1.7763568394002505e-15,1.3
177432203.0656,1.7763568394002505e-15,1.3
177432205.0656,1.7763568394002505e-15,1.3
177432207.0656,1.7763568394002505e-15,1.3
177432209.0656,1.7763568394002505e-15,1.3
177432211.0656,1.7763568394002505e-15,1.3
177432213.0656,1.7763568394002505e-15,1.3
177432215.0656,1.7763568394002505e-15,1.3
177432217.0656,1.7763568394002505e-15,1.3
177432219.0656,1.7763568394002505e-15,1.3
177432221.0656,1.7763568394002505e-15,1.3
177432223.0656,1.7763568394002505e-15,1.3
177432225.0656,1.7763568394002505e-15,1.3
177432227.0656,1.7763568394002505e-15,1.3
177432229.0656,1.7763568394002505e-15,1.3
177432231.0656,1.7763568394002505e-15,1.3
177432233.0656,1.7763568394002505e-15,1.3
177432235.0656,1.7763568394002505e-15,1.3
177432237.0656,1.7763568394002505e-15,1.3
177432239.0656,1.7763568394002505e-15,1.3
177432241.0656,1.7763568394002505e-15,1.3
177432243.0656,1.7763568394002505e-15,1.3
177432245.0656,1.7763568394002505e-15,1.3
177432247.0656,1.7763568394002505e-15,1.3
177432249.0656,1.7763568394002505e-15,1.3
177432251.0656,1.7763568394002505e-15,1.3
177432253.0656,1.7763568394002505e-15,1.3
177432255.0656,1.7763568394002505e-15,1.3
177432257.0656,1.7763568394002505e-15,1.3
177432259.0656,1.7763568394002505e-15,1.3
177432261.0656,1.7763568394002505e-15,1.3
177432263.0656,1.7763568394002505e-15,1.3
177432265.0656,1.7763568394002505e-15,1.3
177432267.0656,1.7763568394002505e-15,1.3
177432269.0656,1.7763568394002505e-15,1.3
177432271.0656,1.7763568394002505e-15,1.3
177432273.0656,1.7763568394002505e-15,1.3
177432275.0656,1.7763568394002505e-15,1.3
177432277.0656,1.7763568394002505e-15,1.3
177432279.0656,1.7763568394002505e-15,1.3
177432281.0656,1.7763568394002505e-15,1.3
177432283.0656,1.7763568394002505e-15,1.3
177432285.0656,1.7763568394002505e-15,1.3
177432287.0656,1.7763568394002505e-15,1.3
177432289.0656,1.7763568394002505e-15,1.3
177432291.0656,1.7763568394002505e-15,1.3
177432293.0656,1.7763568394002505e-15,1.3
177432295.0656,1.7763568394002505e-15,1.3
177432297.0656,1.7763568394002505e-15,1.3
177432299.0656,1.7763568394002505e-15,1.3
177432301.0656,1.7763568394002505e-15,1.3
177432303.0656,1.7763568394002505e-15,1.3
177432305.0656,1.7763568394002505e-15,1.3
177432307.0656,1.7763568394002505e-15,1.3
177432309.0656,1.7763568394002505e-15,1.3
177432311.0656,1.7763568394002505e-15,1.3
177432313.0656,1.7763568394002505e-15,1.3
177432315.0656,1.7763568394002505e-15,1.3
177432317.0656,1.7763568394002505e-15,1.3
177432319.0656,1.7763568394002505e-15,1.3
177432321.0656,1.7763568394002505e-15,1.3
177432323.0656,1.7763568394002505e-15,1.3
177432325.0656,1.7763568394002505e-15,1.3
177432327.0656,1.7763568394002505e-15,1.3
177432329.0656,1.7763568394002505e-15,1.3
177432331.0656,1.7763568394002505e-15,1.3
177432333.0656,1.7763568394002505e-15,1.3
177432335.0656,1.7763568394002505e-15,1.3
177432337.0656,1.7763568394002505e-15,1.3
177432339.0656,1.7763568394002505e-15,1.3
177432341.0656,1.7763568394002505e-15,1.3
177432343.0656,1.7763568394002505e-15,1.3
177432345.0656,1.7763568394002505e-15,1.3
177432347.0656,1.7763568394002505e-15,1.3
177432349.0656,1.7763568394002505e-15,1.3
177432351.0656,1.7763568394002505e-15,1.3
177432353.0656,1.7763568394002505e-15,1.3
177432355.0656,1.7763568394002505e-15,1.3
177432357.0656,1.7763568394002505e-15,1.3
177432359.0656,1.7763568394002505e-15,1.3
177432361.0656,1.7763568394002505e-15,1.3
177432363.0656,1.7763568394002505e-15,1.3
177432365.0656,1.7763568394002505e-15,1.3
177432367.0656,1.7763568394002505e-15,1.3
177432369.0656,1.7763568394002505e-15,1.3
177432371.0656,1.7763568394002505e-15,1.3
177432373.0656,1.7763568394002505e-15,1.3
177432375.0656,1.7763568394002505e-15,1.3
177432377.0656,1.7763568394002505e-15,1.3
177432379.0656,1.7763568394002505e-15,1.3
177432381.0656,1.7763568394002505e-15,1.3
177432383.0656,1.7763568394002505e-15,1.3
177432385.0656,1.7763568394002505e-15,1.3
177432387.0656,1.7763568394002505e-15,1.3
177432389.0656,1.7763568394002505e-15,1.3
177432391.0656,1.7763568394002505e-15,1.3
177432393.0656,1.7763568394002505e-15,1.3
177432395.0656,1.7763568394002505e-15,1.3
177432397.0656,1.7763568394002505e-15,1.3
177432399.0656,1.7763568394002505e-15,1.3
177432401.0656,1.7763568394002505e-15,1.3
177432403.0656,1.7763568394002505e-15,1.3
177432405.0656,1.7763568394002505e-15,1.3
177432407.0656,1.7763568394002505e-15,1.3
177432409.0656,1.7763568394002505e-15,1.3
177432411.0656,1.7763568394002505e-15,1.3
177432413.0656,1.7763568394002505e-15,1.3
177432415.0656,1.7763568394002505e-15,1.3
177432417.0656,1.7763568394002505e-15,1.3
177432419.0656,1.7763568394002505e-15,1.3
177432421.0656,1.7763568394002505e-15,1.3
177432423.0656,1.7763568394002505e-15,1.3
177432425.0656,1.7763568394002505e-15,1.3
177432427.0656,1.7763568394002505e-15,1.3
177432429.0656,1.7763568394002505e-15,1.3
177432431.0656,1.7763568394002505e-15,1.3
177432433.0656,1.7763568394002505e-15,1.3
177432435.0656,1.7763568394002505e-15,1.3
177432437.0656,1.7763568394002505e-15,1.3
177432439.0656,1.7763568394002505e-15,1.3
177432441.0656,1.7763568394002505e-15,1.3
177432443.0656,1.7763568394002505e-15,1.3
177432445.0656,1.7763568394002505e-15,1.3
177432447.0656,1.7763568394002505e-15,1.3
177432449.0656,1.7763568394002505e-15,1.3
177432451.0656,1.7763568394002505e-15,1.3
177432453.0656,1.7763568394002505e-15,1.3
177432455.0656,1.7763568394002505e-15,1.3
177432457.0656,1.7763568394002505e-15,1.3
177432459.0656,1.7763568394002505e-15,1.3
177432461.0656,1.7763568394002505e-15,1.3
177432463.0656,1.7763568394002505e-15,1.3
177432465.0656,1.7763568394002505e-15,1.3
177432467.0656,1.7763568394002505e-15,1.3
177432469.0656,1.7763568394002505e-15,1.3
177432471.0656,1.7763568394002505e-15,1.3
177432473.0656,1.7763568394002505e-15,1.3
177432475.0656,1.7763568394002505e-15,1.3
177432477.0656,1.7763568394002505e-15,1.3
177432479.0656,1.7763568394002505e-15,1.3
177432481.0656,1.7763568394002505e-15,1.3
177432483.0656,1.7763568394002505e-15,1.3
177432485.0656,1.7763568394002505e-15,1.3
177432487.0656,1.7763568394002505e-15,1.3
177432489.0656,1.7763568394002505e-15,1.3
177432491.0656,1.7763568394002505e-15,1.3
177432493.0656,1.7763568394002505e-15,1.3
177432495.0656,1.7763568394002505e-15,1.3
177432497.0656,1.7763568394002505e-15,1.3
177432499.0656,1.7763568394002505e-15,1.3
177432501.0656,1.7763568394002505e-15,1.3
177432503.0656,1.7763568394002505e-15,1.3
177432505.0656,1.7763568394002505e-15,1.3
177432507.0656,1.7763568394002505e-15,1.3
177432509.0656,1.7763568394002505e-15,1.3
177432511.0656,1.7763568394002505e-15,1.3
177432513.0656,1.7763568394002505e-15,1.3
177432515.0656,1.7763568394002505e-15,1.3
177432517.0656,1.7763568394002505e-15,1.3
177432519.0656,1.7763568394002505e-15,1.3
177432521.0656,1.7763568394002505e-15,1.3
177432523.0656,1.7763568394002505e-15,1.3
177432525.0656,1.7763568394002505e-15,1.3
177432527.0656,1.7763568394002505e-15,1.3
177432529.0656,1.7763568394002505e-15,1.3
177432531.0656,1.7763568394002505e-15,1.3
177432533.0656,1.7763568394002505e-15,1.3
177432535.0656,1.7763568394002505e-15,1.3
177432537.0656,1.7763568394002505e-15,1.3
177432539.0656,1.7763568394002505e-15,1.3
177432541.0656,1.7763568394002505e-15,1.3
177432543.0656,1.7763568394002505e-15,1.3
177432545.0656,1.7763568394002505e-15,1.3
177432547.0656,1.7763568394002505e-15,1.3
177432549.0656,1.7763568394002505e-15,1.3
177432551.0656,1.7763568394002505e-15,1.3
177432553.0656,1.7763568394002505e-15,1.3
177432555.0656,1.7763568394002505e-15,1.3
177432557.0656,1.7763568394002505e-15,1.3
177432559.0656,1.7763568394002505e-15,1.3
177432561.0656,1.7763568394002505e-15,1.3
177432563.0656,1.7763568394002505e-15,1.3
177432565.0656,1.7763568394002505e-15,1.3
177432567.0656,1.7763568394002505e-15,1.3
177432569.0656,1.7763568394002505e-15,1.3
177432571.0656,1.7763568394002505e-15,1.3
177432573.0656,1.7763568394002505e-15,1.3
177432575.0656,1.7763568394002505e-15,1.3
177432577.0656,1.7763568394002505e-15,1.3
177432579.0656,1.7763568394002505e-15,1.3
177432581.0656,1.7763568394002505e-15,1.3
177432583.0656,1.7763568394002505e-15,1.3
177432585.0656,1.7763568394002505e-15,1.3
177432587.0656,1.7763568394002505e-15,1.3
177432589.0656,1.7763568394002505e-15,1.3
177432591.0656,1.7763568394002505e-15,1.3
177432593.0656,1.7763568394002505e-15,1.3
177432595.0656,1.7763568394002505e-15,1.3
177432597.0656,1.7763568394002505e-15,1.3
177432599.0656,1.7763568394002505e-15,1.3
177432601.0656,1.7763568394002505e-15,1.3
177432603.0656,1.7763568394002505e-15,1.3
177432605.0656,1.7763568394002505e-15,1.3
177432607.0656,1.7763568394002505e-15,1.3
177432609.0656,1.7763568394002505e-15,1.3
177432611.0656,1.7763568394002505e-15,1.3
177432613.0656,1.7763568394002505e-15,1.3
177432615.0656,1.7763568394002505e-15,1.3
177432617.1656,1.7763568394002505e-15,1.3
177432619.0656,1.7763568394002505e-15,1.3
177432621.0656,1.7763568394002505e-15,1.3
177432623.0656,1.7763568394002505e-15,1.3
177432625.0656,1.7763568394002505e-15,1.3
177432627.0656,1.7763568394002505e-15,1.3
177432629.0656,1.7763568394002505e-15,1.3
177432631.0656,1.7763568394002505e-15,1.3
177432633.0656,1.7763568394002505e-15,1.3
177432635.0656,1.7763568394002505e-15,1.3
177432637.0656,1.7763568394002505e-15,1.3
177432639.0656,1.7763568394002505e-15,1.3
177432641.0656,1.7763568394002505e-15,1.3
177432643.0656,1.7763568394002505e-15,1.3
177432645.0656,1.7763568394002505e-15,1.3
177432647.0656,1.7763568394002505e-15,1.3
177432649.0656,1.7763568394002505e-15,1.3
177432651.0656,1.7763568394002505e-15,1.3
177432653.0656,1.7763568394002505e-15,1.3
177432655.0656,1.7763568394002505e-15,1.3
177432657.0656,1.7763568394002505e-15,1.3
177432659.0656,1.7763568394002505e-15,1.3
177432661.0656,1.7763568394002505e-15,1.3
177432663.0656,1.7763568394002505e-15,1.3
177432665.0656,1.7763568394002505e-15,1.3
177432667.0656,1.7763568394002505e-15,1.3
177432669.0656,1.7763568394002505e-15,1.3
177432671.0656,1.7763568394002505e-15,1.3
177432673.0656,1.7763568394002505e-15,1.3
177432675.0656,1.7763568394002505e-15,1.3
177432677.0656,1.7763568394002505e-15,1.3
177432679.0656,1.7763568394002505e-15,1.3
177432681.0656,1.7763568394002505e-15,1.3
177432683.0656,1.7763568394002505e-15,1.3
177432685.0656,1.7763568394002505e-15,1.3
177432687.0656,1.7763568394002505e-15,1.3
177432689.0656,1.7763568394002505e-15,1.3
177432691.0656,1.7763568394002505e-15,1.3
177432693.0656,1.7763568394002505e-15,1.3
177432695.0656,1.7763568394002505e-15,1.3
177432697.0656,1.7763568394002505e-15,1.3
177432699.0656,1.7763568394002505e-15,1.3
177432701.0656,1.7763568394002505e-15,1.3
177432703.0656,1.7763568394002505e-15,1.3
177432705.0656,1.7763568394002505e-15,1.3
177432707.0656,1.7763568394002505e-15,1.3
177432709.0656,1.7763568394002505e-15,1.3
177432711.0656,1.7763568394002505e-15,1.3
177432713.0656,1.7763568394002505e-15,1.3
177432715.0656,1.7763568394002505e-15,1.3
177432717.0656,1.7763568394002505e-15,1.3
177432719.0656,1.7763568394002505e-15,1.3
177432721.0656,1.7763568394002505e-15,1.3
177432723.0656,1.7763568394002505e-15,1.3
177432725.0656,1.7763568394002505e-15,1.3
177432727.0656,1.7763568394002505e-15,1.3
177432729.0656,1.7763568394002505e-15,1.3
177432731.0656,1.7763568394002505e-15,1.3
177432733.0656,1.7763568394002505e-15,1.3
177432735.0656,1.7763568394002505e-15,1.3
177432737.0656,1.7763568394002505e-15,1.3
177432739.0656,1.7763568394002505e-15,1.3
177432741.0656,1.7763568394002505e-15,1.3
177432743.0656,1.7763568394002505e-15,1.3
177432745.0656,1.7763568394002505e-15,1.3
177432747.0656,1.7763568394002505e-15,1.3
177432749.0656,1.7763568394002505e-15,1.3
177432751.0656,1.7763568394002505e-15,1.3
177432753.0656,1.7763568394002505e-15,1.3
177432755.0656,1.7763568394002505e-15,1.3
177432757.0656,1.7763568394002505e-15,1.3
177432759.0656,1.7763568394002505e-15,1.3
177432761.0656,1.7763568394002505e-15,1.3
177432763.0656,1.7763568394002505e-15,1.3
177432765.0656,1.7763568394002505e-15,1.3
177432767.0656,1.7763568394002505e-15,1.3
177432769.0656,1.7763568394002505e-15,1.3
177432771.0656,1.7763568394002505e-15,1.3
177432773.0656,1.7763568394002505e-15,1.3
177432775.0656,1.7763568394002505e-15,1.3
177432777.0656,1.7763568394002505e-15,1.3
177432779.0656,1.7763568394002505e-15,1.3
177432781.0656,1.7763568394002505e-15,1.3
177432783.0656,1.7763568394002505e-15,1.3
177432785.0656,1.7763568394002505e-15,1.3
177432787.0656,1.7763568394002505e-15,1.3
177432789.0656,1.7763568394002505e-15,1.3
177432791.0656,1.7763568394002505e-15,1.3
177432793.0656,1.7763568394002505e-15,1.3
177432795.0656,1.7763568394002505e-15,1.3
177432797.0656,1.7763568394002505e-15,1.3
177432799.0656,1.7763568394002505e-15,1.3
177432801.0656,1.7763568394002505e-15,1.3
177432803.0656,1.7763568394002505e-15,1.3
177432805.0656,1.7763568394002505e-15,1.3
177432807.0656,1.7763568394002505e-15,1.3
177432809.0656,1.7763568394002505e-15,1.3
177432811.0656,1.7763568394002505e-15,1.3
177432813.0656,1.7763568394002505e-15,1.3
177432815.0656,1.7763568394002505e-15,1.3
177432817.0656,1.7763568394002505e-15,1.3
177432819.0656,1.7763568394002505e-15,1.3
177432821.0656,1.7763568394002505e-15,1.3
177432823.0656,1.7763568394002505e-15,1.3
177432825.0656,1.7763568394002505e-15,1.3
177432827.0656,1.7763568394002505e-15,1.3
177432829.0656,1.7763568394002505e-15,1.3
177432831.0656,1.7763568394002505e-15,1.3
177432833.0656,1.7763568394002505e-15,1.3
177432835.0656,1.7763568394002505e-15,1.3
177432837.0656,1.7763568394002505e-15,1.3
177432839.0656,1.7763568394002505e-15,1.3
177432841.0656,1.7763568394002505e-15,1.3
177432843.0656,1.7763568394002505e-15,1.3
177432845.0656,1.7763568394002505e-15,1.3
177432847.0656,1.7763568394002505e-15,1.3
177432849.0656,1.7763568394002505e-15,1.3
177432851.0656,1.7763568394002505e-15,1.3
177432853.0656,1.7763568394002505e-15,1.3
177432855.0656,1.7763568394002505e-15,1.3
177432857.0656,1.7763568394002505e-15,1.3
177432859.0656,1.7763568394002505e-15,1.3
177432861.0656,1.7763568394002505e-15,1.3
177432863.0656,1.7763568394002505e-15,1.3
177432865.0656,1.7763568394002505e-15,1.3
177432867.0656,1.7763568394002505e-15,1.3
177432869.0656,1.7763568394002505e-15,1.3
177432871.0656,1.7763568394002505e-15,1.3
177432873.0656,1.7763568394002505e-15,1.3
177432875.0656,1.7763568394002505e-15,1.3
177432877.0656,1.7763568394002505e-15,1.3
177432879.0656,1.7763568394002505e-15,1.3
177432881.0656,1.7763568394002505e-15,1.3
177432883.0656,1.7763568394002505e-15,1.3
177432885.0656,1.7763568394002505e-15,1.3
177432887.0656,1.7763568394002505e-15,1.3
177432889.0656,1.7763568394002505e-15,1.3
177432891.0656,1.7763568394002505e-15,1.3
177432893.0656,1.7763568394002505e-15,1.3
177432895.0656,1.7763568394002505e-15,1.3
177432897.0656,1.7763568394002505e-15,1.3
177432899.0656,1.7763568394002505e-15,1.3
177432901.0656,1.7763568394002505e-15,1.3
177432903.0656,1.7763568394002505e-15,1.3
177432905.0656,1.7763568394002505e-15,1.3
177432907.0656,1.7763568394002505e-15,1.3
177432909.0656,1.7763568394002505e-15,1.3
177432911.0656,1.7763568394002505e-15,1.3
177432913.0656,1.7763568394002505e-15,1.3
177432915.0656,1.7763568394002505e-15,1.3
177432917.0656,1.7763568394002505e-15,1.3
177432919.0656,1.7763568394002505e-15,1.3
177432921.0656,1.7763568394002505e-15,1.3
177432923.0656,1.7763568394002505e-15,1.3
177432925.0656,1.7763568394002505e-15,1.3
177432927.0656,1.7763568394002505e-15,1.3
177432929.0656,1.7763568394002505e-15,1.3
177432931.0656,1.7763568394002505e-15,1.3
177432933.0656,1.7763568394002505e-15,1.3
177432935.0656,1.7763568394002505e-15,1.3
177432937.0656,1.7763568394002505e-15,1.3
177432939.0656,1.7763568394002505e-15,1.3
177432941.0656,1.7763568394002505e-15,1.3
177432943.0656,1.7763568394002505e-15,1.3
177432945.0656,1.7763568394002505e-15,1.3
177432947.0656,1.7763568394002505e-15,1.3
177432949.0656,1.7763568394002505e-15,1.3
177432951.0656,1.7763568394002505e-15,1.3
177432953.0656,1.7763568394002505e-15,1.3
177432955.0656,1.7763568394002505e-15,1.3
177432957.0656,1.7763568394002505e-15,1.3
177432959.0656,1.7763568394002505e-15,1.3
177432961.0656,1.7763568394002505e-15,1.3
177432963.0656,1.7763568394002505e-15,1.3
177432965.0656,1.7763568394002505e-15,1.3
177432967.0656,1.7763568394002505e-15,1.3
177432969.0656,1.7763568394002505e-15,1.3
177432971.0656,1.7763568394002505e-15,1.3
177432973.0656,1.7763568394002505e-15,1.3
177432975.0656,1.7763568394002505e-15,1.3
177432977.0656,1.7763568394002505e-15,1.3
177432979.0656,1.7763568394002505e-15,1.3
177432981.0656,1.7763568394002505e-15,1.3
177432983.0656,1.7763568394002505e-15,1.3
177432985.0656,1.7763568394002505e-15,1.3
177432987.0656,1.7763568394002505e-15,1.3
177432989.0656,1.7763568394002505e-15,1.3
177432991.0656,1.7763568394002505e-15,1.3
177432993.0656,1.7763568394002505e-15,1.3
177432995.0656,1.7763568394002505e-15,1.3
177432997.0656,1.7763568394002505e-15,1.3
177432999.0656,1.7763568394002505e-15,1.3
177433001.0656,1.7763568394002505e-15,1.3
177433003.0656,1.7763568394002505e-15,1.3
177433005.0656,1.7763568394002505e-15,1.3
177433007.0656,1.7763568394002505e-15,1.3
177433009.0656,1.7763568394002505e-15,1.3
177433011.0656,1.7763568394002505e-15,1.3
177433013.0656,1.7763568394002505e-15,1.3
177433015.0656,1.7763568394002505e-15,1.3
177433017.0656,1.7763568394002505e-15,1.3
177433019.0656,1.7763568394002505e-15,1.3
177433021.0656,1.7763568394002505e-15,1.3
177433023.0656,1.7763568394002505e-15,1.3
177433025.0656,1.7763568394002505e-15,1.3
177433027.0656,1.7763568394002505e-15,1.3
177433029.0656,1.7763568394002505e-15,1.3
177433031.0656,1.7763568394002505e-15,1.3
177433033.0656,1.7763568394002505e-15,1.3
177433035.0656,1.7763568394002505e-15,1.3
177433037.0656,1.7763568394002505e-15,1.3
177433039.0656,1.7763568394002505e-15,1.3
177433041.0656,1.7763568394002505e-15,1.3
177433043.0656,1.7763568394002505e-15,1.3
177433045.0656,1.7763568394002505e-15,1.3
177433047.0656,1.7763568394002505e-15,1.3
177433049.0656,1.7763568394002505e-15,1.3
177433051.0656,1.7763568394002505e-15,1.3
177433053.0656,1.7763568394002505e-15,1.3
177433055.0656,1.7763568394002505e-15,1.3
177433057.0656,1.7763568394002505e-15,1.3
177433059.0656,1.7763568394002505e-15,1.3
177433061.0656,1.7763568394002505e-15,1.3
177433063.0656,1.7763568394002505e-15,1.3
177433065.0656,1.7763568394002505e-15,1.3
177433067.0656,1.7763568394002505e-15,1.3
177433069.0656,1.7763568394002505e-15,1.3
177433071.0656,1.7763568394002505e-15,1.3
177433073.0656,1.7763568394002505e-15,1.3
177433075.0656,1.7763568394002505e-15,1.3
177433077.0656,1.7763568394002505e-15,1.3
177433079.0656,1.7763568394002505e-15,1.3
177433081.0656,1.7763568394002505e-15,1.3
177433083.0656,1.7763568394002505e-15,1.3
177433085.0656,1.7763568394002505e-15,1.3
177433087.0656,1.7763568394002505e-15,1.3
177433089.0656,1.7763568394002505e-15,1.3
177433091.0656,1.7763568394002505e-15,1.3
177433093.0656,1.7763568394002505e-15,1.3
177433095.0656,1.7763568394002505e-15,1.3
177433097.0656,1.7763568394002505e-15,1.3
177433099.0656,1.7763568394002505e-15,1.3
177433101.0656,1.7763568394002505e-15,1.3
177433103.0656,1.7763568394002505e-15,1.3
177433105.0656,1.7763568394002505e-15,1.3
177433107.0656,1.7763568394002505e-15,1.3
177433109.0656,1.7763568394002505e-15,1.3
177433111.0656,1.7763568394002505e-15,1.3
177433113.0656,1.7763568394002505e-15,1.3
177433115.0656,1.7763568394002505e-15,1.3
177433117.0656,1.7763568394002505e-15,1.3
177433119.0656,1.7763568394002505e-15,1.3
177433121.0656,1.7763568394002505e-15,1.3
177433123.0656,1.7763568394002505e-15,1.3
177433125.0656,1.7763568394002505e-15,1.3
177433127.0656,1.7763568394002505e-15,1.3
177433129.0656,1.7763568394002505e-15,1.3
177433131.0656,1.7763568394002505e-15,1.3
177433133.0656,1.7763568394002505e-15,1.3
177433135.0656,1.7763568394002505e-15,1.3
177433137.0656,1.7763568394002505e-15,1.3
177433139.0656,1.7763568394002505e-15,1.3
177433141.0656,1.7763568394002505e-15,1.3
177433143.0656,1.7763568394002505e-15,1.3
177433145.0656,1.7763568394002505e-15,1.3
177433147.0656,1.7763568394002505e-15,1.3
177433149.0656,1.7763568394002505e-15,1.3
177433151.0656,1.7763568394002505e-15,1.3
177433153.0656,1.7763568394002505e-15,1.3
177433155.0656,1.7763568394002505e-15,1.3
177433157.0656,1.7763568394002505e-15,1.3
177433159.0656,1.7763568394002505e-15,1.3
177433161.0656,1.7763568394002505e-15,1.3
177433163.0656,1.7763568394002505e-15,1.3
177433165.0656,1.7763568394002505e-15,1.3
177433167.0656,1.7763568394002505e-15,1.3
177433169.0656,1.7763568394002505e-15,1.3
177433171.0656,1.7763568394002505e-15,1.3
177433173.0656,1.7763568394002505e-15,1.3
177433175.0656,1.7763568394002505e-15,1.3
177433177.0656,1.7763568394002505e-15,1.3
177433179.0656,1.7763568394002505e-15,1.3
177433181.0656,1.7763568394002505e-15,1.3
177433183.0656,1.7763568394002505e-15,1.3
177433185.0656,1.7763568394002505e-15,1.3
177433187.0656,1.7763568394002505e-15,1.3
177433189.0656,1.7763568394002505e-15,1.3
177433191.0656,1.7763568394002505e-15,1.3
177433193.0656,1.7763568394002505e-15,1.3
177433195.0656,1.7763568394002505e-15,1.3
177433197.0656,1.7763568394002505e-15,1.3
177433199.0656,1.7763568394002505e-15,1.3
177433201.0656,1.7763568394002505e-15,1.3
177433203.0656,1.7763568394002505e-15,1.3
177433205.0656,1.7763568394002505e-15,1.3
177433207.0656,1.7763568394002505e-15,1.3
177433209.0656,1.7763568394002505e-15,1.3
177433211.0656,1.7763568394002505e-15,1.3
177433213.0656,1.7763568394002505e-15,1.3
177433215.0656,1.7763568394002505e-15,1.3
177433217.0656,1.7763568394002505e-15,1.3
177433219.0656,1.7763568394002505e-15,1.3
177433221.0656,1.7763568394002505e-15,1.3
177433223.0656,1.7763568394002505e-15,1.3
177433225.0656,1.7763568394002505e-15,1.3
177433227.0656,1.7763568394002505e-15,1.3
177433229.0656,1.7763568394002505e-15,1.3
177433231.0656,1.7763568394002505e-15,1.3
177433233.0656,1.7763568394002505e-15,1.3
177433235.0656,1.7763568394002505e-15,1.3
177433237.0656,1.7763568394002505e-15,1.3
177433239.0656,1.7763568394002505e-15,1.3
177433241.0656,1.7763568394002505e-15,1.3
177433243.0656,1.7763568394002505e-15,1.3
177433245.0656,1.7763568394002505e-15,1.3
177433247.0656,1.7763568394002505e-15,1.3
177433249.0656,1.7763568394002505e-15,1.3
177433251.0656,1.7763568394002505e-15,1.3
177433253.0656,1.7763568394002505e-15,1.3
177433255.0656,1.7763568394002505e-15,1.3
177433257.0656,1.7763568394002505e-15,1.3
177433259.0656,1.7763568394002505e-15,1.3
177433261.0656,1.7763568394002505e-15,1.3
177433263.0656,1.7763568394002505e-15,1.3
177433265.0656,1.7763568394002505e-15,1.3
177433267.0656,1.7763568394002505e-15,1.3
177433269.0656,1.7763568394002505e-15,1.3
177433271.0656,1.7763568394002505e-15,1.3
177433273.0656,1.7763568394002505e-15,1.3
177433275.0656,1.7763568394002505e-15,1.3
177433277.0656,1.7763568394002505e-15,1.3
177433279.0656,1.7763568394002505e-15,1.3
177433281.0656,1.7763568394002505e-15,1.3
177433283.0656,1.7763568394002505e-15,1.3
177433285.0656,1.7763568394002505e-15,1.3
177433287.0656,1.7763568394002505e-15,1.3
177433289.0656,1.7763568394002505e-15,1.3
177433291.0656,1.7763568394002505e-15,1.3
177433293.0656,1.7763568394002505e-15,1.3
177433295.1656,1.7763568394002505e-15,1.3
177433297.0656,1.7763568394002505e-15,1.3
177433299.0656,1.7763568394002505e-15,1.3
177433301.0656,1.7763568394002505e-15,1.3
177433303.0656,1.7763568394002505e-15,1.3
177433305.0656,1.7763568394002505e-15,1.3
177433307.0656,1.7763568394002505e-15,1.3
177433309.0656,1.7763568394002505e-15,1.3
177433311.0656,1.7763568394002505e-15,1.3
177433313.0656,1.7763568394002505e-15,1.3
177433315.0656,1.7763568394002505e-15,1.3
177433317.0656,1.7763568394002505e-15,1.3
177433319.0656,1.7763568394002505e-15,1.3
177433321.0656,1.7763568394002505e-15,1.3
177433323.0656,1.7763568394002505e-15,1.3
177433325.0656,1.7763568394002505e-15,1.3
177433327.0656,1.7763568394002505e-15,1.3
177433329.0656,1.7763568394002505e-15,1.3
177433331.0656,1.7763568394002505e-15,1.3
177433333.0656,1.7763568394002505e-15,1.3
177433335.0656,1.7763568394002505e-15,1.3
177433337.0656,1.7763568394002505e-15,1.3
177433339.0656,1.7763568394002505e-15,1.3
177433341.0656,1.7763568394002505e-15,1.3
177433343.0656,1.7763568394002505e-15,1.3
177433345.0656,1.7763568394002505e-15,1.3
177433347.0656,1.7763568394002505e-15,1.3
177433349.0656,1.7763568394002505e-15,1.3
177433351.0656,1.7763568394002505e-15,1.3
177433353.0656,1.7763568394002505e-15,1.3
177433355.0656,1.7763568394002505e-15,1.3
177433357.0656,1.7763568394002505e-15,1.3
177433359.0656,1.7763568394002505e-15,1.3
177433361.0656,1.7763568394002505e-15,1.3
177433363.0656,1.7763568394002505e-15,1.3
177433365.0656,1.7763568394002505e-15,1.3
177433367.0656,1.7763568394002505e-15,1.3
177433369.0656,1.7763568394002505e-15,1.3
177433371.0656,1.7763568394002505e-15,1.3
177433373.0656,1.7763568394002505e-15,1.3
177433375.0656,1.7763568394002505e-15,1.3
177433377.0656,1.7763568394002505e-15,1.3
177433379.0656,1.7763568394002505e-15,1.3
177433381.0656,1.7763568394002505e-15,1.3
177433383.0656,1.7763568394002505e-15,1.3
177433385.0656,1.7763568394002505e-15,1.3
177433387.0656,1.7763568394002505e-15,1.3
177433389.0656,1.7763568394002505e-15,1.3
177433391.0656,1.7763568394002505e-15,1.3
177433393.0656,1.7763568394002505e-15,1.3
177433395.0656,1.7763568394002505e-15,1.3
177433397.0656,1.7763568394002505e-15,1.3
177433399.0656,1.7763568394002505e-15,1.3
177433401.0656,1.7763568394002505e-15,1.3
177433403.0656,1.7763568394002505e-15,1.3
177433405.0656,1.7763568394002505e-15,1.3
177433407.0656,1.7763568394002505e-15,1.3
177433409.0656,1.7763568394002505e-15,1.3
177433411.0656,1.7763568394002505e-15,1.3
177433413.0656,1.7763568394002505e-15,1.3
177433415.0656,1.7763568394002505e-15,1.3
177433417.0656,1.7763568394002505e-15,1.3
177433419.0656,1.7763568394002505e-15,1.3
177433421.0656,1.7763568394002505e-15,1.3
177433423.0656,1.7763568394002505e-15,1.3
177433425.0656,1.7763568394002505e-15,1.3
177433427.0656,1.7763568394002505e-15,1.3
177433429.0656,1.7763568394002505e-15,1.3
177433431.0656,1.7763568394002505e-15,1.3
177433433.0656,1.7763568394002505e-15,1.3
177433435.0656,1.7763568394002505e-15,1.3
177433437.0656,1.7763568394002505e-15,1.3
177433439.0656,1.7763568394002505e-15,1.3
177433441.0656,1.7763568394002505e-15,1.3
177433443.0656,1.7763568394002505e-15,1.3
177433445.0656,1.7763568394002505e-15,1.3
177433447.0656,1.7763568394002505e-15,1.3
177433449.0656,1.7763568394002505e-15,1.3
177433451.0656,1.7763568394002505e-15,1.3
177433453.0656,1.7763568394002505e-15,1.3
177433455.0656,1.7763568394002505e-15,1.3
177433457.0656,1.7763568394002505e-15,1.3
177433459.0656,1.7763568394002505e-15,1.3
177433461.0656,1.7763568394002505e-15,1.3
177433463.0656,1.7763568394002505e-15,1.3
177433465.0656,1.7763568394002505e-15,1.3
177433467.0656,1.7763568394002505e-15,1.3
177433469.0656,1.7763568394002505e-15,1.3
177433471.0656,1.7763568394002505e-15,1.3
177433473.0656,1.7763568394002505e-15,1.3
177433475.0656,1.7763568394002505e-15,1.3
177433477.0656,1.7763568394002505e-15,1.3
177433479.0656,1.7763568394002505e-15,1.3
177433481.0656,1.7763568394002505e-15,1.3
177433483.0656,1.7763568394002505e-15,1.3
177433485.0656,1.7763568394002505e-15,1.3
177433487.0656,1.7763568394002505e-15,1.3
177433489.0656,1.7763568394002505e-15,1.3
177433491.0656,1.7763568394002505e-15,1.3
177433493.0656,1.7763568394002505e-15,1.3
177433495.0656,1.7763568394002505e-15,1.3
177433497.0656,1.7763568394002505e-15,1.3
177433499.0656,1.7763568394002505e-15,1.3
177433501.0656,1.7763568394002505e-15,1.3
177433503.0656,1.7763568394002505e-15,1.3
177433505.0656,1.7763568394002505e-15,1.3
177433507.0656,1.7763568394002505e-15,1.3
177433509.0656,1.7763568394002505e-15,1.3
177433511.0656,1.7763568394002505e-15,1.3
177433513.0656,1.7763568394002505e-15,1.3
177433515.0656,1.7763568394002505e-15,1.3
177433517.0656,1.7763568394002505e-15,1.3
177433519.0656,1.7763568394002505e-15,1.3
177433521.0656,1.7763568394002505e-15,1.3
177433523.0656,1.7763568394002505e-15,1.3
177433525.0656,1.7763568394002505e-15,1.3
177433527.0656,1.7763568394002505e-15,1.3
177433529.0656,1.7763568394002505e-15,1.3
177433531.0656,1.7763568394002505e-15,1.3
177433533.0656,1.7763568394002505e-15,1.3
177433535.0656,1.7763568394002505e-15,1.3
177433537.0656,1.7763568394002505e-15,1.3
177433539.0656,1.7763568394002505e-15,1.3
177433541.0656,1.7763568394002505e-15,1.3
177433543.0656,1.7763568394002505e-15,1.3
177433545.0656,1.7763568394002505e-15,1.3
177433547.0656,1.7763568394002505e-15,1.3
177433549.0656,1.7763568394002505e-15,1.3
177433551.0656,1.7763568394002505e-15,1.3
177433553.0656,1.7763568394002505e-15,1.3
177433555.0656,1.7763568394002505e-15,1.3
177433557.0656,1.7763568394002505e-15,1.3
177433559.0656,1.7763568394002505e-15,1.3
177433561.0656,1.7763568394002505e-15,1.3
177433563.0656,1.7763568394002505e-15,1.3
177433565.0656,1.7763568394002505e-15,1.3
177433567.0656,1.7763568394002505e-15,1.3
177433569.0656,1.7763568394002505e-15,1.3
177433571.0656,1.7763568394002505e-15,1.3
177433573.0656,1.7763568394002505e-15,1.3
177433575.0656,1.7763568394002505e-15,1.3
177433577.0656,1.7763568394002505e-15,1.3
177433579.0656,1.7763568394002505e-15,1.3
177433581.0656,1.7763568394002505e-15,1.3
177433583.0656,1.7763568394002505e-15,1.3
177433585.0656,1.7763568394002505e-15,1.3
177433587.0656,1.7763568394002505e-15,1.3
177433589.0656,1.7763568394002505e-15,1.3
177433591.0656,1.7763568394002505e-15,1.3
177433593.0656,1.7763568394002505e-15,1.3
177433595.0656,1.7763568394002505e-15,1.3
177433597.0656,1.7763568394002505e-15,1.3
177433599.0656,1.7763568394002505e-15,1.3
177433601.0656,1.7763568394002505e-15,1.3
177433603.0656,1.7763568394002505e-15,1.3
177433605.0656,1.7763568394002505e-15,1.3
177433607.0656,1.7763568394002505e-15,1.3
177433609.0656,1.7763568394002505e-15,1.3
177433611.0656,1.7763568394002505e-15,1.3
177433613.0656,1.7763568394002505e-15,1.3
177433615.0656,1.7763568394002505e-15,1.3
177433617.0656,1.7763568394002505e-15,1.3
177433619.0656,1.7763568394002505e-15,1.3
177433621.0656,1.7763568394002505e-15,1.3
177433623.0656,1.7763568394002505e-15,1.3
177433625.0656,1.7763568394002505e-15,1.3
177433627.0656,1.7763568394002505e-15,1.3
177433629.0656,1.7763568394002505e-15,1.3
177433631.0656,1.7763568394002505e-15,1.3
177433633.0656,1.7763568394002505e-15,1.3
177433635.0656,1.7763568394002505e-15,1.3
177433637.0656,1.7763568394002505e-15,1.3
177433639.0656,1.7763568394002505e-15,1.3
177433641.0656,1.7763568394002505e-15,1.3
177433643.0656,1.7763568394002505e-15,1.3
177433645.0656,1.7763568394002505e-15,1.3
177433647.0656,1.7763568394002505e-15,1.3
177433649.0656,1.7763568394002505e-15,1.3
177433651.0656,1.7763568394002505e-15,1.3
177433653.0656,1.7763568394002505e-15,1.3
177433655.0656,1.7763568394002505e-15,1.3
177433657.0656,1.7763568394002505e-15,1.3
177433659.0656,1.7763568394002505e-15,1.3
177433661.0656,1.7763568394002505e-15,1.3
177433663.0656,1.7763568394002505e-15,1.3
177433665.0656,1.7763568394002505e-15,1.3
177433667.0656,1.7763568394002505e-15,1.3
177433669.0656,1.7763568394002505e-15,1.3
177433671.0656,1.7763568394002505e-15,1.3
177433673.0656,1.7763568394002505e-15,1.3
177433675.0656,1.7763568394002505e-15,1.3
177433677.0656,1.7763568394002505e-15,1.3
177433679.0656,1.7763568394002505e-15,1.3
177433681.0656,1.7763568394002505e-15,1.3
177433683.0656,1.7763568394002505e-15,1.3
177433685.0656,1.7763568394002505e-15,1.3
177433687.0656,1.7763568394002505e-15,1.3
177433689.0656,1.7763568394002505e-15,1.3
177433691.0656,1.7763568394002505e-15,1.3
177433693.0656,1.7763568394002505e-15,1.3
177433695.0656,1.7763568394002505e-15,1.3
177433697.0656,1.7763568394002505e-15,1.3
177433699.0656,1.7763568394002505e-15,1.3
177433701.0656,1.7763568394002505e-15,1.3
177433703.0656,1.7763568394002505e-15,1.3
177433705.0656,1.7763568394002505e-15,1.3
177433707.0656,1.7763568394002505e-15,1.3
177433709.0656,1.7763568394002505e-15,1.3
177433711.0656,1.7763568394002505e-15,1.3
177433713.0656,1.7763568394002505e-15,1.3
177433715.0656,1.7763568394002505e-15,1.3
177433717.0656,1.7763568394002505e-15,1.3
177433719.0656,1.7763568394002505e-15,1.3
177433721.0656,1.7763568394002505e-15,1.3
177433723.0656,1.7763568394002505e-15,1.3
177433725.0656,1.7763568394002505e-15,1.3
177433727.0656,1.7763568394002505e-15,1.3
177433729.0656,1.7763568394002505e-15,1.3
177433731.0656,1.7763568394002505e-15,1.3
177433733.0656,1.7763568394002505e-15,1.3
177433735.0656,1.7763568394002505e-15,1.3
177433737.0656,1.7763568394002505e-15,1.3
177433739.0656,1.7763568394002505e-15,1.3
177433741.0656,1.7763568394002505e-15,1.3
177433743.0656,1.7763568394002505e-15,1.3
177433745.0656,1.7763568394002505e-15,1.3
177433747.0656,1.7763568394002505e-15,1.3
177433749.0656,1.7763568394002505e-15,1.3
177433751.0656,1.7763568394002505e-15,1.3
177433753.0656,1.7763568394002505e-15,1.3
177433755.0656,1.7763568394002505e-15,1.3
177433757.0656,1.7763568394002505e-15,1.3
177433759.0656,1.7763568394002505e-15,1.3
177433761.0656,1.7763568394002505e-15,1.3
177433763.0656,1.7763568394002505e-15,1.3
177433765.0656,1.7763568394002505e-15,1.3
177433767.0656,1.7763568394002505e-15,1.3
177433769.0656,1.7763568394002505e-15,1.3
177433771.0656,1.7763568394002505e-15,1.3
177433773.0656,1.7763568394002505e-15,1.3
177433775.0656,1.7763568394002505e-15,1.3
177433777.0656,1.7763568394002505e-15,1.3
177433779.0656,1.7763568394002505e-15,1.3
177433781.0656,1.7763568394002505e-15,1.3
177433783.0656,1.7763568394002505e-15,1.3
177433785.0656,1.7763568394002505e-15,1.3
177433787.0656,1.7763568394002505e-15,1.3
177433789.0656,1.7763568394002505e-15,1.3
177433791.0656,1.7763568394002505e-15,1.3
177433793.0656,1.7763568394002505e-15,1.3
177433795.0656,1.7763568394002505e-15,1.3
177433797.0656,1.7763568394002505e-15,1.3
177433799.0656,1.7763568394002505e-15,1.3
177433801.0656,1.7763568394002505e-15,1.3
177433803.0656,1.7763568394002505e-15,1.3
177433805.0656,1.7763568394002505e-15,1.3
177433807.0656,1.7763568394002505e-15,1.3
177433809.0656,1.7763568394002505e-15,1.3
177433811.0656,1.7763568394002505e-15,1.3
177433813.0656,1.7763568394002505e-15,1.3
177433815.0656,1.7763568394002505e-15,1.3
177433817.0656,1.7763568394002505e-15,1.3
177433819.0656,1.7763568394002505e-15,1.3
177433821.0656,1.7763568394002505e-15,1.3
177433823.0656,1.7763568394002505e-15,1.3
177433825.0656,1.7763568394002505e-15,1.3
177433827.0656,1.7763568394002505e-15,1.3
177433829.0656,1.7763568394002505e-15,1.3
177433831.0656,1.7763568394002505e-15,1.3
177433833.0656,1.7763568394002505e-15,1.3
177433835.0656,1.7763568394002505e-15,1.3
177433837.0656,1.7763568394002505e-15,1.3
177433839.0656,1.7763568394002505e-15,1.3
177433841.0656,1.7763568394002505e-15,1.3
177433843.0656,1.7763568394002505e-15,1.3
177433845.0656,1.7763568394002505e-15,1.3
177433847.0656,1.7763568394002505e-15,1.3
177433849.0656,1.7763568394002505e-15,1.3
177433851.0656,1.7763568394002505e-15,1.3
177433853.0656,1.7763568394002505e-15,1.3
177433855.0656,1.7763568394002505e-15,1.3
177433857.0656,1.7763568394002505e-15,1.3
177433859.0656,1.7763568394002505e-15,1.3
177433861.0656,1.7763568394002505e-15,1.3
177433863.0656,1.7763568394002505e-15,1.3
177433865.0656,1.7763568394002505e-15,1.3
177433867.0656,1.7763568394002505e-15,1.3
177433869.0656,1.7763568394002505e-15,1.3
177433871.0656,1.7763568394002505e-15,1.3
177433873.0656,1.7763568394002505e-15,1.3
177433875.0656,1.7763568394002505e-15,1.3
177433877.0656,1.7763568394002505e-15,1.3
177433879.0656,1.7763568394002505e-15,1.3
177433881.0656,1.7763568394002505e-15,1.3
177433883.0656,1.7763568394002505e-15,1.3
177433885.0656,1.7763568394002505e-15,1.3
177433887.0656,1.7763568394002505e-15,1.3
177433889.0656,1.7763568394002505e-15,1.3
177433891.0656,1.7763568394002505e-15,1.3
177433893.0656,1.7763568394002505e-15,1.3
177433895.0656,1.7763568394002505e-15,1.3
177433897.0656,1.7763568394002505e-15,1.3
177433899.0656,1.7763568394002505e-15,1.3
177433901.0656,1.7763568394002505e-15,1.3
177433903.0656,1.7763568394002505e-15,1.3
177433905.0656,1.7763568394002505e-15,1.3
177433907.0656,1.7763568394002505e-15,1.3
177433909.0656,1.7763568394002505e-15,1.3
177433911.0656,1.7763568394002505e-15,1.3
177433913.0656,1.7763568394002505e-15,1.3
177433915.0656,1.7763568394002505e-15,1.3
177433917.0656,1.7763568394002505e-15,1.3
177433919.0656,1.7763568394002505e-15,1.3
177433921.0656,1.7763568394002505e-15,1.3
177433923.0656,1.7763568394002505e-15,1.3
177433925.0656,1.7763568394002505e-15,1.3
177433927.0656,1.7763568394002505e-15,1.3
177433929.0656,1.7763568394002505e-15,1.3
177433931.0656,1.7763568394002505e-15,1.3
177433933.0656,1.7763568394002505e-15,1.3
177433935.0656,1.7763568394002505e-15,1.3
177433937.0656,1.7763568394002505e-15,1.3
177433939.0656,1.7763568394002505e-15,1.3
177433941.0656,1.7763568394002505e-15,1.3
177433943.0656,1.7763568394002505e-15,1.3
177433945.0656,1.7763568394002505e-15,1.3
177433947.0656,1.7763568394002505e-15,1.3
177433949.0656,1.7763568394002505e-15,1.3
177433951.0656,1.7763568394002505e-15,1.3
177433953.0656,1.7763568394002505e-15,1.3
177433955.0656,1.7763568394002505e-15,1.3
177433957.0656,1.7763568394002505e-15,1.3
177433959.0656,1.7763568394002505e-15,1.3
177433961.0656,1.7763568394002505e-15,1.3
177433963.0656,1.7763568394002505e-15,1.3
177433965.0656,1.7763568394002505e-15,1.3
177433967.0656,1.7763568394002505e-15,1.3
177433969.0656,1.7763568394002505e-15,1.3
177433971.0656,1.7763568394002505e-15,1.3
177433973.0656,1.7763568394002505e-15,1.3
177433975.0656,1.7763568394002505e-15,1.3
177433977.0656,1.7763568394002505e-15,1.3
177433979.0656,1.7763568394002505e-15,1.3
177433981.0656,1.7763568394002505e-15,1.3
177433983.0656,1.7763568394002505e-15,1.3
177433985.0656,1.7763568394002505e-15,1.3
177433987.0656,1.7763568394002505e-15,1.3
177433989.0656,1.7763568394002505e-15,1.3
177433991.0656,1.7763568394002505e-15,1.3
177433993.0656,1.7763568394002505e-15,1.3
177433995.0656,1.7763568394002505e-15,1.3
177433997.0656,1.7763568394002505e-15,1.3
177433999.0656,1.7763568394002505e-15,1.3
177434001.0656,1.7763568394002505e-15,1.3
177434003.0656,1.7763568394002505e-15,1.3
177434005.0656,1.7763568394002505e-15,1.3
177434007.0656,1.7763568394002505e-15,1.3
177434009.0656,1.7763568394002505e-15,1.3
177434011.0656,1.7763568394002505e-15,1.3
177434013.0656,1.7763568394002505e-15,1.3
177434015.0656,1.7763568394002505e-15,1.3
177434017.0656,1.7763568394002505e-15,1.3
177434019.0656,1.7763568394002505e-15,1.3
177434021.0656,1.7763568394002505e-15,1.3
177434023.0656,1.7763568394002505e-15,1.3
177434025.0656,1.7763568394002505e-15,1.3
177434027.0656,1.7763568394002505e-15,1.3
177434029.0656,1.7763568394002505e-15,1.3
177434031.0656,1.7763568394002505e-15,1.3
177434033.0656,1.7763568394002505e-15,1.3
177434035.0656,1.7763568394002505e-15,1.3
177434037.0656,1.7763568394002505e-15,1.3
177434039.0656,1.7763568394002505e-15,1.3
177434041.0656,1.7763568394002505e-15,1.3
177434043.0656,1.7763568394002505e-15,1.3
177434045.0656,1.7763568394002505e-15,1.3
177434047.0656,1.7763568394002505e-15,1.3
177434049.0656,1.7763568394002505e-15,1.3
177434051.0656,1.7763568394002505e-15,1.3
177434053.0656,1.7763568394002505e-15,1.3
177434055.0656,1.7763568394002505e-15,1.3
177434057.0656,1.7763568394002505e-15,1.3
177434059.0656,1.7763568394002505e-15,1.3
177434061.0656,1.7763568394002505e-15,1.3
177434063.0656,1.7763568394002505e-15,1.3
177434065.0656,1.7763568394002505e-15,1.3
177434067.0656,1.7763568394002505e-15,1.3
177434069.0656,1.7763568394002505e-15,1.3
177434071.0656,1.7763568394002505e-15,1.3
177434073.0656,1.7763568394002505e-15,1.3
177434075.0656,1.7763568394002505e-15,1.3
177434077.0656,1.7763568394002505e-15,1.3
177434079.0656,1.7763568394002505e-15,1.3
177434081.0656,1.7763568394002505e-15,1.3
177434083.0656,1.7763568394002505e-15,1.3
177434085.0656,1.7763568394002505e-15,1.3
177434087.0656,1.7763568394002505e-15,1.3
177434089.0656,1.7763568394002505e-15,1.3
177434091.0656,1.7763568394002505e-15,1.3
177434093.0656,1.7763568394002505e-15,1.3
177434095.0656,1.7763568394002505e-15,1.3
177434097.0656,1.7763568394002505e-15,1.3
177434099.0656,1.7763568394002505e-15,1.3
177434101.0656,1.7763568394002505e-15,1.3
177434103.0656,1.7763568394002505e-15,1.3
177434105.0656,1.7763568394002505e-15,1.3
177434107.0656,1.7763568394002505e-15,1.3
177434109.0656,1.7763568394002505e-15,1.3
177434111.0656,1.7763568394002505e-15,1.3
177434113.0656,1.7763568394002505e-15,1.3
177434115.0656,1.7763568394002505e-15,1.3
177434117.0656,1.7763568394002505e-15,1.3
177434119.0656,1.7763568394002505e-15,1.3
177434121.0656,1.7763568394002505e-15,1.3
177434123.0656,1.7763568394002505e-15,1.3
177434125.0656,1.7763568394002505e-15,1.3
177434127.0656,1.7763568394002505e-15,1.3
177434129.0656,1.7763568394002505e-15,1.3
177434131.0656,1.7763568394002505e-15,1.3
177434133.0656,1.7763568394002505e-15,1.3
177434135.0656,1.7763568394002505e-15,1.3
177434137.0656,1.7763568394002505e-15,1.3
177434139.0656,1.7763568394002505e-15,1.3
177434141.0656,1.7763568394002505e-15,1.3
177434143.0656,1.7763568394002505e-15,1.3
177434145.0656,1.7763568394002505e-15,1.3
177434147.0656,1.7763568394002505e-15,1.3
177434149.0656,1.7763568394002505e-15,1.3
177434151.0656,1.7763568394002505e-15,1.3
177434153.0656,1.7763568394002505e-15,1.3
177434155.0656,1.7763568394002505e-15,1.3
177434157.0656,1.7763568394002505e-15,1.3
177434159.0656,1.7763568394002505e-15,1.3
177434161.0656,1.7763568394002505e-15,1.3
177434163.0656,1.7763568394002505e-15,1.3
177434165.0656,1.7763568394002505e-15,1.3
177434167.0656,1.7763568394002505e-15,1.3
177434169.0656,1.7763568394002505e-15,1.3
177434171.0656,1.7763568394002505e-15,1.3
177434173.0656,1.7763568394002505e-15,1.3
177434175.0656,1.7763568394002505e-15,1.3
177434177.0656,1.7763568394002505e-15,1.3
177434179.0656,1.7763568394002505e-15,1.3
177434181.0656,1.7763568394002505e-15,1.3
177434183.0656,1.7763568394002505e-15,1.3
177434185.0656,1.7763568394002505e-15,1.3
177434187.0656,1.7763568394002505e-15,1.3
177434189.0656,1.7763568394002505e-15,1.3
177434191.0656,1.7763568394002505e-15,1.3
177434193.0656,1.7763568394002505e-15,1.3
177434195.0656,1.7763568394002505e-15,1.3
177434197.0656,1.7763568394002505e-15,1.3
177434199.0656,1.7763568394002505e-15,1.3
177434201.0656,1.7763568394002505e-15,1.3
177434203.0656,1.7763568394002505e-15,1.3
177434205.0656,1.7763568394002505e-15,1.3
177434207.0656,1.7763568394002505e-15,1.3
177434209.0656,1.7763568394002505e-15,1.3
177434211.0656,1.7763568394002505e-15,1.3
177434213.0656,1.7763568394002505e-15,1.3
177434215.0656,1.7763568394002505e-15,1.3
177434217.0656,1.7763568394002505e-15,1.3
177434219.0656,1.7763568394002505e-15,1.3
177434221.0656,1.7763568394002505e-15,1.3
177434223.0656,1.7763568394002505e-15,1.3
177434225.0656,1.7763568394002505e-15,1.3
177434227.0656,1.7763568394002505e-15,1.3
177434229.0656,1.7763568394002505e-15,1.3
177434231.0656,1.7763568394002505e-15,1.3
177434233.0656,1.7763568394002505e-15,1.3
177434235.0656,1.7763568394002505e-15,1.3
177434237.0656,1.7763568394002505e-15,1.3
177434239.0656,1.7763568394002505e-15,1.3
177434241.0656,1.7763568394002505e-15,1.3
177434243.0656,1.7763568394002505e-15,1.3
177434245.0656,1.7763568394002505e-15,1.3
177434247.0656,1.7763568394002505e-15,1.3
177434249.0656,1.7763568394002505e-15,1.3
177434251.0656,1.7763568394002505e-15,1.3
177434253.0656,1.7763568394002505e-15,1.3
177434255.0656,1.7763568394002505e-15,1.3
177434257.0656,1.7763568394002505e-15,1.3
177434259.0656,1.7763568394002505e-15,1.3
177434261.0656,1.7763568394002505e-15,1.3
177434263.0656,1.7763568394002505e-15,1.3
177434265.0656,1.7763568394002505e-15,1.3
177434267.0656,1.7763568394002505e-15,1.3
177434269.0656,1.7763568394002505e-15,1.3
177434271.0656,1.7763568394002505e-15,1.3
177434273.0656,1.7763568394002505e-15,1.3
177434275.0656,1.7763568394002505e-15,1.3
177434277.0656,1.7763568394002505e-15,1.3
177434279.0656,1.7763568394002505e-15,1.3
177434281.0656,1.7763568394002505e-15,1.3
177434283.0656,1.7763568394002505e-15,1.3
177434285.0656,1.7763568394002505e-15,1.3
177434287.0656,1.7763568394002505e-15,1.3
177434289.0656,1.7763568394002505e-15,1.3
177434291.0656,1.7763568394002505e-15,1.3
177434293.0656,1.7763568394002505e-15,1.3
177434295.0656,1.7763568394002505e-15,1.3
177434297.0656,1.7763568394002505e-15,1.3
177434299.0656,1.7763568394002505e-15,1.3
177434301.0656,1.7763568394002505e-15,1.3
177434303.0656,1.7763568394002505e-15,1.3
177434305.0656,1.7763568394002505e-15,1.3
177434307.0656,1.7763568394002505e-15,1.3
177434309.0656,1.7763568394002505e-15,1.3
177434311.0656,1.7763568394002505e-15,1.3
177434313.0656,1.7763568394002505e-15,1.3
177434315.0656,1.7763568394002505e-15,1.3
177434317.0656,1.7763568394002505e-15,1.3
177434319.0656,1.7763568394002505e-15,1.3
177434321.0656,1.7763568394002505e-15,1.3
177434323.0656,1.7763568394002505e-15,1.3
177434325.0656,1.7763568394002505e-15,1.3
177434327.0656,1.7763568394002505e-15,1.3
177434329.0656,1.7763568394002505e-15,1.3
177434331.0656,1.7763568394002505e-15,1.3
177434333.0656,1.7763568394002505e-15,1.3
177434335.0656,1.7763568394002505e-15,1.3
177434337.0656,1.7763568394002505e-15,1.3
177434339.0656,1.7763568394002505e-15,1.3
177434341.0656,1.7763568394002505e-15,1.3
177434343.0656,1.7763568394002505e-15,1.3
177434345.0656,1.7763568394002505e-15,1.3
177434347.0656,1.7763568394002505e-15,1.3
177434349.0656,1.7763568394002505e-15,1.3
177434351.0656,1.7763568394002505e-15,1.3
177434353.0656,1.7763568394002505e-15,1.3
177434355.0656,1.7763568394002505e-15,1.3
177434357.0656,1.7763568394002505e-15,1.3
177434359.0656,1.7763568394002505e-15,1.3
177434361.0656,1.7763568394002505e-15,1.3
177434363.0656,1.7763568394002505e-15,1.3
177434365.0656,1.7763568394002505e-15,1.4000000000000001
177434367.0656,1.7763568394002505e-15,1.3
177434369.0656,1.7763568394002505e-15,1.3
177434371.0656,1.7763568394002505e-15,1.3
177434373.0656,1.7763568394002505e-15,1.3
177434375.0656,1.7763568394002505e-15,1.3
177434377.0656,1.7763568394002505e-15,1.3
177434379.0656,1.7763568394002505e-15,1.3
177434381.0656,1.7763568394002505e-15,1.3
177434383.0656,1.7763568394002505e-15,1.3
177434385.0656,1.7763568394002505e-15,1.3
177434387.0656,1.7763568394002505e-15,1.3
177434389.0656,1.7763568394002505e-15,1.3
177434391.0656,1.7763568394002505e-15,1.3
177434393.0656,1.7763568394002505e-15,1.3
177434395.0656,1.7763568394002505e-15,1.3
177434397.0656,1.7763568394002505e-15,1.3
177434399.0656,1.7763568394002505e-15,1.3
177434401.0656,1.7763568394002505e-15,1.3
177434403.0656,1.7763568394002505e-15,1.3
177434405.0656,1.7763568394002505e-15,1.3
177434407.0656,1.7763568394002505e-15,1.3
177434409.0656,1.7763568394002505e-15,1.3
177434411.0656,1.7763568394002505e-15,1.3
177434413.0656,1.7763568394002505e-15,1.3
177434415.0656,1.7763568394002505e-15,1.3
177434417.0656,1.7763568394002505e-15,1.3
177434419.0656,1.7763568394002505e-15,1.3
177434421.0656,1.7763568394002505e-15,1.3
177434423.0656,1.7763568394002505e-15,1.3
177434425.0656,1.7763568394002505e-15,1.3
177434427.0656,1.7763568394002505e-15,1.3
177434429.0656,1.7763568394002505e-15,1.3
177434431.0656,1.7763568394002505e-15,1.3
177434433.0656,1.7763568394002505e-15,1.3
177434435.0656,1.7763568394002505e-15,1.3
177434437.0656,1.7763568394002505e-15,1.3
177434439.0656,1.7763568394002505e-15,1.3
177434441.0656,1.7763568394002505e-15,1.3
177434443.0656,1.7763568394002505e-15,1.3
177434445.0656,1.7763568394002505e-15,1.3
177434447.0656,1.7763568394002505e-15,1.3
177434449.0656,1.7763568394002505e-15,1.3
177434451.0656,1.7763568394002505e-15,1.3
177434453.0656,1.7763568394002505e-15,1.3
177434455.0656,1.7763568394002505e-15,1.3
177434457.0656,1.7763568394002505e-15,1.3
177434459.0656,1.7763568394002505e-15,1.3
177434461.0656,1.7763568394002505e-15,1.3
177434463.0656,1.7763568394002505e-15,1.3
177434465.0656,1.7763568394002505e-15,1.3
177434467.0656,1.7763568394002505e-15,1.3
177434469.0656,1.7763568394002505e-15,1.3
177434471.0656,1.7763568394002505e-15,1.3
177434473.0656,1.7763568394002505e-15,1.3
177434475.0656,1.7763568394002505e-15,1.3
177434477.0656,1.7763568394002505e-15,1.3
177434479.0656,1.7763568394002505e-15,1.3
177434481.0656,1.7763568394002505e-15,1.3
177434483.0656,1.7763568394002505e-15,1.3
177434485.0656,1.7763568394002505e-15,1.3
177434487.0656,1.7763568394002505e-15,1.3
177434489.0656,1.7763568394002505e-15,1.3
177434491.0656,1.7763568394002505e-15,1.3
177434493.0656,1.7763568394002505e-15,1.3
177434495.0656,1.7763568394002505e-15,1.3
177434497.0656,1.7763568394002505e-15,1.3
177434499.0656,1.7763568394002505e-15,1.3
177434501.0656,1.7763568394002505e-15,1.3
177434503.0656,1.7763568394002505e-15,1.3
177434505.0656,1.7763568394002505e-15,1.3
177434507.0656,1.7763568394002505e-15,1.3
177434509.0656,1.7763568394002505e-15,1.3
177434511.0656,1.7763568394002505e-15,1.3
177434513.0656,1.7763568394002505e-15,1.3
177434515.0656,1.7763568394002505e-15,1.3
177434517.0656,1.7763568394002505e-15,1.3
177434519.0656,1.7763568394002505e-15,1.3
177434521.0656,1.7763568394002505e-15,1.3
177434523.0656,1.7763568394002505e-15,1.3
177434525.0656,1.7763568394002505e-15,1.3
177434527.0656,1.7763568394002505e-15,1.3
177434529.0656,1.7763568394002505e-15,1.3
177434531.0656,1.7763568394002505e-15,1.3
177434533.0656,1.7763568394002505e-15,1.3
177434535.0656,1.7763568394002505e-15,1.3
177434537.0656,1.7763568394002505e-15,1.3
177434539.0656,1.7763568394002505e-15,1.3
177434541.0656,1.7763568394002505e-15,1.3
177434543.0656,1.7763568394002505e-15,1.3
177434545.0656,1.7763568394002505e-15,1.3
177434547.0656,1.7763568394002505e-15,1.3
177434549.0656,1.7763568394002505e-15,1.3
177434551.0656,1.7763568394002505e-15,1.3
177434553.0656,1.7763568394002505e-15,1.3
177434555.0656,1.7763568394002505e-15,1.3
177434557.0656,1.7763568394002505e-15,1.3
177434559.0656,1.7763568394002505e-15,1.3
177434561.0656,1.7763568394002505e-15,1.3
177434563.0656,1.7763568394002505e-15,1.3
177434565.0656,1.7763568394002505e-15,1.3
177434567.0656,1.7763568394002505e-15,1.3
177434569.0656,1.7763568394002505e-15,1.3
177434571.0656,1.7763568394002505e-15,1.3
177434573.0656,1.7763568394002505e-15,1.3
177434575.0656,1.7763568394002505e-15,1.3
177434577.0656,1.7763568394002505e-15,1.3
177434579.0656,1.7763568394002505e-15,1.3
177434581.0656,1.7763568394002505e-15,1.3
177434583.0656,1.7763568394002505e-15,1.3
177434585.0656,1.7763568394002505e-15,1.3
177434587.0656,1.7763568394002505e-15,1.3
177434589.0656,1.7763568394002505e-15,1.3
177434591.0656,1.7763568394002505e-15,1.3
177434593.0656,1.7763568394002505e-15,1.3
177434595.0656,1.7763568394002505e-15,1.3
177434597.0656,1.7763568394002505e-15,1.3
177434599.0656,1.7763568394002505e-15,1.3
177434601.0656,1.7763568394002505e-15,1.3
177434603.0656,1.7763568394002505e-15,1.3
177434605.0656,1.7763568394002505e-15,1.3
177434607.0656,1.7763568394002505e-15,1.3
177434609.0656,1.7763568394002505e-15,1.3
177434611.0656,1.7763568394002505e-15,1.3
177434613.0656,1.7763568394002505e-15,1.3
177434615.0656,1.7763568394002505e-15,1.3
177434617.0656,1.7763568394002505e-15,1.3
177434619.0656,1.7763568394002505e-15,1.3
177434621.0656,1.7763568394002505e-15,1.3
177434623.0656,1.7763568394002505e-15,1.3
177434625.0656,1.7763568394002505e-15,1.3
177434627.0656,1.7763568394002505e-15,1.3
177434629.0656,1.7763568394002505e-15,1.3
177434631.0656,1.7763568394002505e-15,1.3
177434633.0656,1.7763568394002505e-15,1.3
177434635.0656,1.7763568394002505e-15,1.3
177434637.0656,1.7763568394002505e-15,1.3
177434639.0656,1.7763568394002505e-15,1.3
177434641.0656,1.7763568394002505e-15,1.3
177434643.0656,1.7763568394002505e-15,1.3
177434645.0656,1.7763568394002505e-15,1.3
177434647.0656,1.7763568394002505e-15,1.3
177434649.0656,1.7763568394002505e-15,1.3
177434651.0656,1.7763568394002505e-15,1.3
177434653.0656,1.7763568394002505e-15,1.3
177434655.0656,1.7763568394002505e-15,1.3
177434657.0656,1.7763568394002505e-15,1.3
177434659.0656,1.7763568394002505e-15,1.3
177434661.0656,1.7763568394002505e-15,1.3
177434663.0656,1.7763568394002505e-15,1.3
177434665.0656,1.7763568394002505e-15,1.3
177434667.0656,1.7763568394002505e-15,1.3
177434669.0656,1.7763568394002505e-15,1.3
177434671.0656,1.7763568394002505e-15,1.3
177434673.0656,1.7763568394002505e-15,1.3
177434675.0656,1.7763568394002505e-15,1.3
177434677.0656,1.7763568394002505e-15,1.3
177434679.0656,1.7763568394002505e-15,1.3
177434681.0656,1.7763568394002505e-15,1.3
177434683.0656,1.7763568394002505e-15,1.3
177434685.0656,1.7763568394002505e-15,1.3
177434687.0656,1.7763568394002505e-15,1.3
177434689.0656,1.7763568394002505e-15,1.3
177434691.0656,1.7763568394002505e-15,1.3
177434693.0656,1.7763568394002505e-15,1.3
177434695.0656,1.7763568394002505e-15,1.3
177434697.0656,1.7763568394002505e-15,1.3
177434699.0656,1.7763568394002505e-15,1.3
177434701.0656,1.7763568394002505e-15,1.3
177434703.0656,1.7763568394002505e-15,1.3
177434705.0656,1.7763568394002505e-15,1.3
177434707.0656,1.7763568394002505e-15,1.3
177434709.0656,1.7763568394002505e-15,1.3
177434711.0656,1.7763568394002505e-15,1.3
177434713.0656,1.7763568394002505e-15,1.3
177434715.0656,1.7763568394002505e-15,1.3
177434717.0656,1.7763568394002505e-15,1.3
177434719.0656,1.7763568394002505e-15,1.3
177434721.0656,1.7763568394002505e-15,1.3
177434723.0656,1.7763568394002505e-15,1.3
177434725.0656,1.7763568394002505e-15,1.3
177434727.0656,1.7763568394002505e-15,1.3
177434729.0656,1.7763568394002505e-15,1.3
177434731.0656,1.7763568394002505e-15,1.3
177434733.0656,1.7763568394002505e-15,1.4000000000000001
177434735.0656,1.7763568394002505e-15,1.4000000000000001
177434737.0656,1.7763568394002505e-15,1.4000000000000001
177434739.0656,1.7763568394002505e-15,1.4000000000000001
177434741.0656,1.7763568394002505e-15,1.4000000000000001
177434743.0656,1.7763568394002505e-15,1.4000000000000001
177434745.0656,1.7763568394002505e-15,1.4000000000000001
177434747.0656,1.7763568394002505e-15,1.4000000000000001
177434749.0656,1.7763568394002505e-15,1.4000000000000001
177434751.0656,1.7763568394002505e-15,1.4000000000000001
177434753.0656,1.7763568394002505e-15,1.4000000000000001
177434755.0656,1.7763568394002505e-15,1.4000000000000001
177434757.0656,1.7763568394002505e-15,1.4000000000000001
177434759.0656,1.7763568394002505e-15,1.4000000000000001
177434761.0656,1.7763568394002505e-15,1.4000000000000001
177434763.0656,1.7763568394002505e-15,1.4000000000000001
177434765.0656,1.7763568394002505e-15,1.4000000000000001
177434767.0656,1.7763568394002505e-15,1.4000000000000001
177434769.0656,1.7763568394002505e-15,1.4000000000000001
177434771.0656,1.7763568394002505e-15,1.4000000000000001
177434773.0656,1.7763568394002505e-15,1.4000000000000001
177434775.0656,1.7763568394002505e-15,1.4000000000000001
177434777.0656,1.7763568394002505e-15,1.4000000000000001
177434779.0656,1.7763568394002505e-15,1.4000000000000001
177434781.0656,1.7763568394002505e-15,1.4000000000000001
177434783.0656,1.7763568394002505e-15,1.4000000000000001
177434785.0656,1.7763568394002505e-15,1.4000000000000001
177434787.0656,1.7763568394002505e-15,1.4000000000000001
177434789.0656,1.7763568394002505e-15,1.4000000000000001
177434791.0656,1.7763568394002505e-15,1.4000000000000001
177434793.0656,1.7763568394002505e-15,1.4000000000000001
177434795.0656,1.7763568394002505e-15,1.4000000000000001
177434797.0656,1.7763568394002505e-15,1.4000000000000001
177434799.0656,1.7763568394002505e-15,1.4000000000000001
177434801.0656,1.7763568394002505e-15,1.4000000000000001
177434803.0656,1.7763568394002505e-15,1.4000000000000001
177434805.0656,1.7763568394002505e-15,1.4000000000000001
177434807.0656,1.7763568394002505e-15,1.4000000000000001
177434809.0656,1.7763568394002505e-15,1.4000000000000001
177434811.0656,1.7763568394002505e-15,1.4000000000000001
177434813.0656,1.7763568394002505e-15,1.4000000000000001
177434815.0656,1.7763568394002505e-15,1.4000000000000001
177434817.0656,1.7763568394002505e-15,1.4000000000000001
177434819.0656,1.7763568394002505e-15,1.4000000000000001
177434821.0656,1.7763568394002505e-15,1.4000000000000001
177434823.0656,1.7763568394002505e-15,1.4000000000000001
177434825.0656,1.7763568394002505e-15,1.4000000000000001
177434827.0656,1.7763568394002505e-15,1.4000000000000001
177434829.0656,1.7763568394002505e-15,1.4000000000000001
177434831.0656,1.7763568394002505e-15,1.4000000000000001
177434833.0656,1.7763568394002505e-15,1.4000000000000001
177434835.0656,1.7763568394002505e-15,1.4000000000000001
177434837.0656,1.7763568394002505e-15,1.4000000000000001
177434839.0656,1.7763568394002505e-15,1.4000000000000001
177434841.0656,1.7763568394002505e-15,1.4000000000000001
177434843.0656,1.7763568394002505e-15,1.4000000000000001
177434845.0656,1.7763568394002505e-15,1.4000000000000001
177434847.0656,1.7763568394002505e-15,1.4000000000000001
177434849.0656,1.7763568394002505e-15,1.4000000000000001
177434851.0656,1.7763568394002505e-15,1.4000000000000001
177434853.0656,1.7763568394002505e-15,1.4000000000000001
177434855.0656,1.7763568394002505e-15,1.4000000000000001
177434857.0656,1.7763568394002505e-15,1.4000000000000001
177434859.0656,1.7763568394002505e-15,1.4000000000000001
177434861.0656,1.7763568394002505e-15,1.4000000000000001
177434863.0656,1.7763568394002505e-15,1.4000000000000001
177434865.0656,1.7763568394002505e-15,1.4000000000000001
177434867.0656,1.7763568394002505e-15,1.4000000000000001
177434869.0656,1.7763568394002505e-15,1.4000000000000001
177434871.0656,1.7763568394002505e-15,1.4000000000000001
177434873.0656,1.7763568394002505e-15,1.4000000000000001
177434875.0656,1.7763568394002505e-15,1.4000000000000001
177434877.0656,1.7763568394002505e-15,1.4000000000000001
177434879.0656,1.7763568394002505e-15,1.4000000000000001
177434881.0656,1.7763568394002505e-15,1.4000000000000001
177434883.0656,1.7763568394002505e-15,1.4000000000000001
177434885.0656,1.7763568394002505e-15,1.4000000000000001
177434887.0656,1.7763568394002505e-15,1.4000000000000001
177434889.0656,1.7763568394002505e-15,1.4000000000000001
177434891.0656,1.7763568394002505e-15,1.4000000000000001
177434893.0656,1.7763568394002505e-15,1.4000000000000001
177434895.0656,1.7763568394002505e-15,1.4000000000000001
177434897.0656,1.7763568394002505e-15,1.4000000000000001
177434899.0656,1.7763568394002505e-15,1.4000000000000001
177434901.0656,1.7763568394002505e-15,1.4000000000000001
177434903.0656,1.7763568394002505e-15,1.4000000000000001
177434905.0656,1.7763568394002505e-15,1.4000000000000001
177434907.0656,1.7763568394002505e-15,1.4000000000000001
177434909.0656,1.7763568394002505e-15,1.4000000000000001
177434911.0656,1.7763568394002505e-15,1.4000000000000001
177434913.0656,1.7763568394002505e-15,1.4000000000000001
177434915.0656,1.7763568394002505e-15,1.4000000000000001
177434917.0656,1.7763568394002505e-15,1.4000000000000001
177434919.0656,1.7763568394002505e-15,1.4000000000000001
177434921.0656,1.7763568394002505e-15,1.4000000000000001
177434923.0656,1.7763568394002505e-15,1.4000000000000001
177434925.0656,1.7763568394002505e-15,1.4000000000000001
177434927.0656,1.7763568394002505e-15,1.4000000000000001
177434929.0656,1.7763568394002505e-15,1.4000000000000001
177434931.0656,1.7763568394002505e-15,1.4000000000000001
177434933.0656,1.7763568394002505e-15,1.4000000000000001
177434935.0656,1.7763568394002505e-15,1.4000000000000001
177434937.0656,1.7763568394002505e-15,1.4000000000000001
177434939.0656,1.7763568394002505e-15,1.4000000000000001
177434941.0656,1.7763568394002505e-15,1.4000000000000001
177434943.0656,1.7763568394002505e-15,1.4000000000000001
177434945.0656,1.7763568394002505e-15,1.4000000000000001
177434947.0656,1.7763568394002505e-15,1.4000000000000001
177434949.0656,1.7763568394002505e-15,1.4000000000000001
177434951.0656,1.7763568394002505e-15,1.4000000000000001
177434953.0656,1.7763568394002505e-15,1.4000000000000001
177434955.0656,1.7763568394002505e-15,1.4000000000000001
177434957.0656,1.7763568394002505e-15,1.4000000000000001
177434959.0656,1.7763568394002505e-15,1.4000000000000001
177434961.0656,1.7763568394002505e-15,1.4000000000000001
177434963.0656,1.7763568394002505e-15,1.4000000000000001
177434965.0656,1.7763568394002505e-15,1.4000000000000001
177434967.0656,1.7763568394002505e-15,1.4000000000000001
177434969.0656,1.7763568394002505e-15,10000.0
177434971.0656,1.7763568394002505e-15,10000.0
177434973.0656,1.7763568394002505e-15,10000.0
177434975.0656,1.7763568394002505e-15,1.3999999999996362
177434977.0656,1.7763568394002505e-15,10000.0
177434979.0656,1.7763568394002505e-15,10000.0
177434981.0656,1.7763568394002505e-15,10000.0
177434983.0656,1.7763568394002505e-15,10000.0
177434985.0656,1.7763568394002505e-15,10000.0
177434987.0656,1.7763568394002505e-15,10000.0
177434989.0656,1.7763568394002505e-15,10000.0
177434991.0656,1.7763568394002505e-15,10000.0
177434993.0656,1.7763568394002505e-15,10000.0
177434995.0656,1.7763568394002505e-15,10000.0
177434997.0656,1.7763568394002505e-15,10000.0
177434999.0656,1.7763568394002505e-15,10000.0
177435001.0656,1.7763568394002505e-15,10000.0
177435003.0656,1.7763568394002505e-15,10000.0
177435005.0656,1.7763568394002505e-15,10000.0
177435007.0656,1.7763568394002505e-15,10000.0
177435009.0656,1.7763568394002505e-15,10000.0
177435011.0656,1.7763568394002505e-15,10000.0
177435013.0656,1.7763568394002505e-15,10000.0
177435015.0656,1.7763568394002505e-15,10000.0
177435017.0656,1.7763568394002505e-15,10000.0
177435019.0656,1.7763568394002505e-15,10000.0
177435021.0656,1.7763568394002505e-15,10000.0
177435023.0656,1.7763568394002505e-15,10000.0
177435025.0656,1.7763568394002505e-15,10000.0
177435027.0656,1.7763568394002505e-15,10000.0
177435029.0656,1.7763568394002505e-15,10000.0
177435031.0656,1.7763568394002505e-15,10000.0
177435033.0656,1.7763568394002505e-15,10000.0
177435035.0656,1.7763568394002505e-15,10000.0
177435037.0656,1.7763568394002505e-15,10000.0
177435039.0656,1.7763568394002505e-15,10000.0
177435041.0656,1.7763568394002505e-15,10000.0
177435043.0656,1.7763568394002505e-15,10000.0
177435045.0656,1.7763568394002505e-15,10000.0
177435047.0656,1.7763568394002505e-15,10000.0
177435049.0656,1.7763568394002505e-15,10000.0
177435051.0656,1.7763568394002505e-15,10000.0
177435053.0656,1.7763568394002505e-15,10000.0
177435055.0656,1.7763568394002505e-15,10000.0
177435057.0656,1.7763568394002505e-15,10000.0
177435059.0656,1.7763568394002505e-15,10000.0
177435061.0656,1.7763568394002505e-15,10000.0
177435063.0656,1.7763568394002505e-15,10000.0
177435065.0656,1.7763568394002505e-15,10000.0
177435067.0656,1.7763568394002505e-15,10000.0
177435069.0656,1.7763568394002505e-15,10000.0
177435071.0656,1.7763568394002505e-15,10000.0
177435073.0656,1.7763568394002505e-15,10000.0
177435075.0656,1.7763568394002505e-15,10000.0
177435077.0656,1.7763568394002505e-15,10000.0
177435079.0656,1.7763568394002505e-15,10000.0
177435081.0656,1.7763568394002505e-15,10000.0
177435083.0656,1.7763568394002505e-15,10000.0
177435085.0656,1.7763568394002505e-15,10000.0
177435087.0656,1.7763568394002505e-15,10000.0
177435089.0656,1.7763568394002505e-15,10000.0
177435091.0656,1.7763568394002505e-15,10000.0
177435093.0656,1.7763568394002505e-15,10000.0
177435095.0656,1.7763568394002505e-15,10000.0
177435097.0656,1.7763568394002505e-15,10000.0
177435099.0656,1.7763568394002505e-15,10000.0
177435101.0656,1.7763568394002505e-15,10000.0
177435103.0656,1.7763568394002505e-15,10000.0
177435105.0656,1.7763568394002505e-15,10000.0
177435107.0656,1.7763568394002505e-15,10000.0
177435109.0656,1.7763568394002505e-15,10000.0
177435111.0656,1.7763568394002505e-15,10000.0
177435113.0656,1.7763568394002505e-15,10000.0
177435115.0656,1.7763568394002505e-15,10000.0
177435117.0656,1.7763568394002505e-15,10000.0
177435119.0656,1.7763568394002505e-15,10000.0
177435121.0656,1.7763568394002505e-15,10000.0
177435123.0656,1.7763568394002505e-15,10000.0
177435125.0656,1.7763568394002505e-15,10000.0
177435127.0656,1.7763568394002505e-15,10000.0
177435129.0656,1.7763568394002505e-15,10000.0
177435131.0656,1.7763568394002505e-15,10000.0
177435133.0656,1.7763568394002505e-15,10000.0
177435135.0656,1.7763568394002505e-15,10000.0
177435137.0656,1.7763568394002505e-15,10000.0
177435139.0656,1.7763568394002505e-15,10000.0
177435141.0656,1.7763568394002505e-15,10000.0
177435143.0656,1.7763568394002505e-15,10000.0
177435145.0656,1.7763568394002505e-15,10000.0
177435147.0656,1.7763568394002505e-15,10000.0
177435149.0656,1.7763568394002505e-15,10000.0
177435151.0656,1.7763568394002505e-15,10000.0
177435153.0656,1.7763568394002505e-15,10000.0
177435155.0656,1.7763568394002505e-15,10000.0
177435157.0656,1.7763568394002505e-15,10000.0
177435159.0656,1.7763568394002505e-15,10000.0
177435161.0656,1.7763568394002505e-15,10000.0
177435163.0656,1.7763568394002505e-15,10000.0
177435165.0656,1.7763568394002505e-15,10000.0
177435167.0656,1.7763568394002505e-15,10000.0
177435169.0656,1.7763568394002505e-15,10000.0
177435171.0656,1.7763568394002505e-15,10000.0
177435173.0656,1.7763568394002505e-15,10000.0
177435175.0656,1.7763568394002505e-15,10000.0
177435177.0656,1.7763568394002505e-15,10000.0
177435179.0656,1.7763568394002505e-15,10000.0
177435181.0656,1.7763568394002505e-15,10000.0
177435183.0656,1.7763568394002505e-15,10000.0
177435185.0656,1.7763568394002505e-15,10000.0
177435187.0656,1.7763568394002505e-15,10000.0
177435189.0656,1.7763568394002505e-15,10000.0
177435191.0656,1.7763568394002505e-15,10000.0
177435193.0656,1.7763568394002505e-15,10000.0
177435195.0656,1.7763568394002505e-15,10000.0
177435197.0656,1.7763568394002505e-15,10000.0
177435199.0656,1.7763568394002505e-15,10000.0
177435201.0656,1.7763568394002505e-15,10000.0
177435203.0656,1.7763568394002505e-15,10000.0
177435205.0656,1.7763568394002505e-15,10000.0
177435207.0656,1.7763568394002505e-15,10000.0
177435209.0656,1.7763568394002505e-15,10000.0
177435211.0656,1.7763568394002505e-15,10000.0
177435213.0656,1.7763568394002505e-15,10000.0
177435215.0656,1.7763568394002505e-15,10000.0
177435217.0656,1.7763568394002505e-15,10000.0
177435219.0656,1.7763568394002505e-15,10000.0
177435221.0656,1.7763568394002505e-15,10000.0
177435223.0656,1.7763568394002505e-15,10000.0
177435225.0656,1.7763568394002505e-15,10000.0
177435227.0656,1.7763568394002505e-15,10000.0
177435229.0656,1.7763568394002505e-15,10000.0
177435231.0656,1.7763568394002505e-15,10000.0
177435233.0656,1.7763568394002505e-15,10000.0
177435235.0656,1.7763568394002505e-15,10000.0
177435237.0656,1.7763568394002505e-15,10000.0
177435239.0656,1.7763568394002505e-15,10000.0
177435241.0656,1.7763568394002505e-15,1.3999999999996362
177435243.0656,1.7763568394002505e-15,1.3999999999996362
177435245.0656,1.7763568394002505e-15,1.3999999999996362
177435247.0656,1.7763568394002505e-15,1.3999999999996362
177435249.0656,1.7763568394002505e-15,1.3999999999996362
177435251.0656,1.7763568394002505e-15,1.3999999999996362
177435253.0656,1.7763568394002505e-15,1.3999999999996362
177435255.0656,1.7763568394002505e-15,1.3999999999996362
177435257.0656,1.7763568394002505e-15,1.3999999999996362
177435259.0656,1.7763568394002505e-15,1.3999999999996362
177435261.0656,1.7763568394002505e-15,1.3999999999996362
177435263.0656,1.7763568394002505e-15,1.3999999999996362
177435265.0656,1.7763568394002505e-15,1.3999999999996362
177435267.0656,1.7763568394002505e-15,1.3999999999996362
177435269.0656,1.7763568394002505e-15,1.3999999999996362
177435271.0656,1.7763568394002505e-15,1.3999999999996362
177435273.0656,1.7763568394002505e-15,1.3999999999996362
177435275.0656,1.7763568394002505e-15,1.3999999999996362
177435277.0656,1.7763568394002505e-15,1.3999999999996362
177435281.0656,1.7763568394002505e-15,1.3999999999996362
177435291.0656,1.7763568394002505e-15,1.4999999999996363
177435293.0656,1.7763568394002505e-15,1.4999999999996363
177435295.0656,1.7763568394002505e-15,1.4999999999996363
177435297.0656,1.7763568394002505e-15,1.4999999999996363
177435299.0656,1.7763568394002505e-15,1.4999999999996363
177435301.0656,1.7763568394002505e-15,1.4999999999996363
177435303.0656,1.7763568394002505e-15,1.4999999999996363
177435305.0656,1.7763568394002505e-15,1.4999999999996363
177435307.0656,1.7763568394002505e-15,1.4999999999996363
177435309.0656,1.7763568394002505e-15,1.4999999999996363
177435311.0656,1.7763568394002505e-15,1.4999999999996363
177435313.0656,1.7763568394002505e-15,1.4999999999996363
177435315.0656,1.7763568394002505e-15,1.4999999999996363
177435317.0656,1.7763568394002505e-15,1.4999999999996363
177435319.0656,1.7763568394002505e-15,1.4999999999996363
177435321.0656,1.7763568394002505e-15,1.4999999999996363
177435323.0656,1.7763568394002505e-15,1.4999999999996363
177435325.0656,1.7763568394002505e-15,1.4999999999996363
177435327.0656,1.7763568394002505e-15,1.4999999999996363
177435329.0656,1.7763568394002505e-15,1.4999999999996363
177435331.0656,1.7763568394002505e-15,1.4999999999996363
177435333.0656,1.7763568394002505e-15,1.4999999999996363
177435335.0656,1.7763568394002505e-15,1.4999999999996363
177435337.0656,1.7763568394002505e-15,1.4999999999996363
177435339.0656,1.7763568394002505e-15,1.4999999999996363
177435341.0656,1.7763568394002505e-15,1.4999999999996363
177435343.0656,1.7763568394002505e-15,1.4999999999996363
177435345.0656,1.7763568394002505e-15,1.4999999999996363
177435347.0656,1.7763568394002505e-15,1.4999999999996363
177435349.0656,1.7763568394002505e-15,1.4999999999996363
177435351.0656,1.7763568394002505e-15,1.4999999999996363
177435353.0656,1.7763568394002505e-15,1.4999999999996363
177435355.0656,1.7763568394002505e-15,1.4999999999996363
177435357.0656,1.7763568394002505e-15,1.4999999999996363
177435359.0656,1.7763568394002505e-15,1.4999999999996363
177435361.0656,1.7763568394002505e-15,1.4999999999996363
177435363.0656,1.7763568394002505e-15,1.4999999999996363
177435365.0656,1.7763568394002505e-15,1.4999999999996363
177435367.0656,1.7763568394002505e-15,1.4999999999996363
177435369.0656,1.7763568394002505e-15,1.4999999999996363
177435371.0656,1.7763568394002505e-15,1.4999999999996363
177435373.0656,1.7763568394002505e-15,1.4999999999996363
177435375.0656,1.7763568394002505e-15,1.4999999999996363
177435377.0656,1.7763568394002505e-15,1.4999999999996363
177435379.0656,1.7763568394002505e-15,1.4999999999996363
177435381.0656,1.7763568394002505e-15,1.4999999999996363
177435383.0656,1.7763568394002505e-15,1.4999999999996363
177435385.0656,1.7763568394002505e-15,1.4999999999996363
177435387.0656,1.7763568394002505e-15,1.4999999999996363
177435389.0656,1.7763568394002505e-15,1.4999999999996363
177435391.0656,1.7763568394002505e-15,1.4999999999996363
177435393.0656,1.7763568394002505e-15,1.4999999999996363
177435395.0656,1.7763568394002505e-15,1.4999999999996363
177435397.0656,1.7763568394002505e-15,1.4999999999996363
177435399.0656,1.7763568394002505e-15,1.4999999999996363
177435401.0656,1.7763568394002505e-15,1.4999999999996363
177435403.0656,1.7763568394002505e-15,1.4999999999996363
177435405.0656,1.7763568394002505e-15,1.4999999999996363
177435407.0656,1.7763568394002505e-15,1.4999999999996363
177435409.0656,1.7763568394002505e-15,1.4999999999996363
177435411.0656,1.7763568394002505e-15,1.4999999999996363
177435413.0656,1.7763568394002505e-15,1.4999999999996363
177435415.0656,1.7763568394002505e-15,1.4999999999996363
177435417.0656,1.7763568394002505e-15,1.4999999999996363
177435419.0656,1.7763568394002505e-15,1.4999999999996363
177435421.0656,1.7763568394002505e-15,1.4999999999996363
177435423.0656,1.7763568394002505e-15,1.4999999999996363
177435425.0656,1.7763568394002505e-15,1.4999999999996363
177435427.0656,1.7763568394002505e-15,1.4999999999996363
177435429.0656,1.7763568394002505e-15,1.4999999999996363
177435431.0656,1.7763568394002505e-15,1.4999999999996363
177435433.0656,1.7763568394002505e-15,1.4999999999996363
177435435.0656,1.7763568394002505e-15,1.4999999999996363
177435437.0656,1.7763568394002505e-15,1.4999999999996363
177435439.0656,1.7763568394002505e-15,1.4999999999996363
177435441.0656,1.7763568394002505e-15,1.4999999999996363
177435443.0656,1.7763568394002505e-15,1.4999999999996363
177435445.0656,1.7763568394002505e-15,1.4999999999996363
177435447.0656,1.7763568394002505e-15,1.4999999999996363
177435449.0656,1.7763568394002505e-15,1.4999999999996363
177435451.0656,1.7763568394002505e-15,1.4999999999996363
177435453.0656,1.7763568394002505e-15,1.4999999999996363
177435455.0656,1.7763568394002505e-15,1.4999999999996363
177435457.0656,1.7763568394002505e-15,1.4999999999996363
177435459.0656,1.7763568394002505e-15,1.4999999999996363
177435461.0656,1.7763568394002505e-15,1.4999999999996363
177435463.0656,1.7763568394002505e-15,1.4999999999996363
177435465.0656,1.7763568394002505e-15,1.4999999999996363
177435467.0656,1.7763568394002505e-15,1.4999999999996363
177435469.0656,1.7763568394002505e-15,1.4999999999996363
177435471.0656,1.7763568394002505e-15,1.4999999999996363
177435473.0656,1.7763568394002505e-15,1.4999999999996363
177435475.0656,1.7763568394002505e-15,1.4999999999996363
177435477.0656,1.7763568394002505e-15,1.4999999999996363
177435479.0656,1.7763568394002505e-15,1.4999999999996363
177435481.0656,1.7763568394002505e-15,1.4999999999996363
177435483.0656,1.7763568394002505e-15,1.4999999999996363
177435485.0656,1.7763568394002505e-15,1.4999999999996363
177435487.0656,1.7763568394002505e-15,1.4999999999996363
177435489.0656,1.7763568394002505e-15,1.4999999999996363
177435491.0656,1.7763568394002505e-15,1.4999999999996363
177435493.0656,1.7763568394002505e-15,1.4999999999996363
177435495.0656,1.7763568394002505e-15,1.4999999999996363
177435497.0656,1.7763568394002505e-15,1.4999999999996363
177435499.0656,1.7763568394002505e-15,1.4999999999996363
177435501.0656,1.7763568394002505e-15,1.4999999999996363
177435503.0656,1.7763568394002505e-15,1.4999999999996363
177435505.0656,1.7763568394002505e-15,1.4999999999996363
177435507.0656,1.7763568394002505e-15,1.4999999999996363
177435509.0656,1.7763568394002505e-15,1.4999999999996363
177435511.0656,1.7763568394002505e-15,1.4999999999996363
177435513.0656,1.7763568394002505e-15,1.4999999999996363
177435515.0656,1.7763568394002505e-15,1.4999999999996363
177435517.0656,1.7763568394002505e-15,1.4999999999996363
177435519.0656,1.7763568394002505e-15,1.4999999999996363
177435521.0656,1.7763568394002505e-15,1.4999999999996363
177435523.0656,1.7763568394002505e-15,1.4999999999996363
177435525.0656,1.7763568394002505e-15,1.4999999999996363
177435527.0656,1.7763568394002505e-15,1.4999999999996363
177435529.0656,1.7763568394002505e-15,1.4999999999996363
177435531.0656,1.7763568394002505e-15,1.4999999999996363
177435533.0656,1.7763568394002505e-15,1.4999999999996363
177435535.0656,1.7763568394002505e-15,1.4999999999996363
177435537.0656,1.7763568394002505e-15,1.4999999999996363
177435539.0656,1.7763568394002505e-15,1.4999999999996363
177435541.0656,1.7763568394002505e-15,1.4999999999996363
177435543.0656,1.7763568394002505e-15,1.4999999999996363
177435545.0656,1.7763568394002505e-15,1.4999999999996363
177435547.0656,1.7763568394002505e-15,1.4999999999996363
177435549.0656,1.7763568394002505e-15,1.4999999999996363
177435551.0656,1.7763568394002505e-15,1.4999999999996363
177435553.0656,1.7763568394002505e-15,1.4999999999996363
177435555.0656,1.7763568394002505e-15,1.4999999999996363
177435557.0656,1.7763568394002505e-15,1.4999999999996363
177435559.0656,1.7763568394002505e-15,1.4999999999996363
177435561.0656,1.7763568394002505e-15,1.4999999999996363
177435563.0656,1.7763568394002505e-15,1.4999999999996363
177435565.0656,1.7763568394002505e-15,1.4999999999996363
177435567.0656,1.7763568394002505e-15,1.4999999999996363
177435569.0656,1.7763568394002505e-15,1.4999999999996363
177435571.0656,1.7763568394002505e-15,1.4999999999996363
177435573.0656,1.7763568394002505e-15,1.4999999999996363
177435575.0656,1.7763568394002505e-15,1.4999999999996363
177435577.0656,1.7763568394002505e-15,1.4999999999996363
177435579.0656,1.7763568394002505e-15,1.4999999999996363
177435581.0656,1.7763568394002505e-15,1.4999999999996363
177435583.0656,1.7763568394002505e-15,1.4999999999996363
177435585.0656,1.7763568394002505e-15,1.4999999999996363
177435587.0656,1.7763568394002505e-15,1.4999999999996363
177435589.0656,1.7763568394002505e-15,1.4999999999996363
177435591.0656,1.7763568394002505e-15,1.4999999999996363
177435593.0656,1.7763568394002505e-15,1.4999999999996363
177435595.0656,1.7763568394002505e-15,1.4999999999996363
177435597.0656,1.7763568394002505e-15,1.4999999999996363
177435599.0656,1.7763568394002505e-15,1.4999999999996363
177435601.0656,1.7763568394002505e-15,1.4999999999996363
177435603.0656,1.7763568394002505e-15,1.4999999999996363
177435605.0656,1.7763568394002505e-15,1.4999999999996363
177435607.0656,1.7763568394002505e-15,1.4999999999996363
177435609.0656,1.7763568394002505e-15,1.4999999999996363
177435611.0656,1.7763568394002505e-15,1.4999999999996363
177435613.0656,1.7763568394002505e-15,1.4999999999996363
177435615.0656,1.7763568394002505e-15,1.4999999999996363
177435617.0656,1.7763568394002505e-15,1.4999999999996363
177435619.0656,1.7763568394002505e-15,1.4999999999996363
177435621.0656,1.7763568394002505e-15,1.4999999999996363
177435623.0656,1.7763568394002505e-15,1.4999999999996363
177435625.0656,1.7763568394002505e-15,1.4999999999996363
177435627.0656,1.7763568394002505e-15,1.4999999999996363
177435629.0656,1.7763568394002505e-15,1.4999999999996363
177435631.0656,1.7763568394002505e-15,1.4999999999996363
177435633.0656,1.7763568394002505e-15,1.4999999999996363
177435635.0656,1.7763568394002505e-15,1.4999999999996363
177435637.0656,1.7763568394002505e-15,1.4999999999996363
177435639.0656,1.7763568394002505e-15,1.4999999999996363
177435641.0656,1.7763568394002505e-15,1.4999999999996363
177435643.0656,1.7763568394002505e-15,1.4999999999996363
177435645.0656,1.7763568394002505e-15,1.4999999999996363
177435647.0656,1.7763568394002505e-15,1.4999999999996363
177435649.0656,1.7763568394002505e-15,1.4999999999996363
177435651.0656,1.7763568394002505e-15,1.4999999999996363
177435653.0656,1.7763568394002505e-15,1.4999999999996363
177435655.0656,1.7763568394002505e-15,1.4999999999996363
177435657.0656,1.7763568394002505e-15,1.4999999999996363
177435659.0656,1.7763568394002505e-15,1.4999999999996363
177435661.0656,1.7763568394002505e-15,1.4999999999996363
177435663.0656,1.7763568394002505e-15,1.4999999999996363
177435665.0656,1.7763568394002505e-15,1.4999999999996363
177435667.0656,1.7763568394002505e-15,1.4999999999996363
177435669.0656,1.7763568394002505e-15,1.4999999999996363
177435671.0656,1.7763568394002505e-15,1.4999999999996363
177435673.0656,1.7763568394002505e-15,1.4999999999996363
177435675.0656,1.7763568394002505e-15,1.4999999999996363
177435677.0656,1.7763568394002505e-15,1.4999999999996363
177435679.0656,1.7763568394002505e-15,1.4999999999996363
177435681.0656,1.7763568394002505e-15,1.4999999999996363
177435683.0656,1.7763568394002505e-15,1.4999999999996363
177435685.0656,1.7763568394002505e-15,1.4999999999996363
177435687.0656,1.7763568394002505e-15,1.4999999999996363
177435689.0656,1.7763568394002505e-15,1.4999999999996363
177435691.0656,1.7763568394002505e-15,1.4999999999996363
177435693.0656,1.7763568394002505e-15,1.4999999999996363
177435695.0656,1.7763568394002505e-15,1.4999999999996363
177435697.0656,1.7763568394002505e-15,1.4999999999996363
177435699.0656,1.7763568394002505e-15,1.4999999999996363
177435701.0656,1.7763568394002505e-15,1.4999999999996363
177435703.0656,1.7763568394002505e-15,1.4999999999996363
177435705.0656,1.7763568394002505e-15,1.4999999999996363
177435707.0656,1.7763568394002505e-15,1.4999999999996363
177435709.0656,1.7763568394002505e-15,1.4999999999996363
177435711.0656,1.7763568394002505e-15,1.4999999999996363
177435713.0656,1.7763568394002505e-15,1.4999999999996363
177435715.0656,1.7763568394002505e-15,1.4999999999996363
177435717.0656,1.7763568394002505e-15,1.4999999999996363
177435719.0656,1.7763568394002505e-15,1.4999999999996363
177435721.0656,1.7763568394002505e-15,1.4999999999996363
177435723.0656,1.7763568394002505e-15,1.4999999999996363
177435725.0656,1.7763568394002505e-15,1.4999999999996363
177435727.0656,1.7763568394002505e-15,1.4999999999996363
177435729.0656,1.7763568394002505e-15,1.4999999999996363
177435731.0656,1.7763568394002505e-15,1.4999999999996363
177435733.0656,1.7763568394002505e-15,1.4999999999996363
177435735.0656,1.7763568394002505e-15,1.4999999999996363
177435737.0656,1.7763568394002505e-15,1.4999999999996363
177435739.0656,1.7763568394002505e-15,1.4999999999996363
177435741.0656,1.7763568394002505e-15,1.4999999999996363
177435743.0656,1.7763568394002505e-15,1.4999999999996363
177435745.0656,1.7763568394002505e-15,1.4999999999996363
177435747.0656,1.7763568394002505e-15,1.4999999999996363
177435749.0656,1.7763568394002505e-15,1.4999999999996363
177435751.0656,10.000000000000002,1.4999999999996363
177435753.0656,10.000000000000002,1.4999999999996363
177435755.0656,10.000000000000002,1.4999999999996363
177435757.0656,10.000000000000002,1.4999999999996363
177435759.0656,10.000000000000002,1.4999999999996363
177435761.0656,10.000000000000002,1.4999999999996363
177435763.0656,10.000000000000002,1.4999999999996363
177435765.0656,10.000000000000002,1.4999999999996363
177435767.0656,10.000000000000002,1.4999999999996363
177435769.0656,10.000000000000002,1.4999999999996363
177435771.0656,10.000000000000002,1.4999999999996363
177435773.0656,10.000000000000002,1.4999999999996363
177435775.0656,10.000000000000002,1.4999999999996363
177435777.0656,10.000000000000002,1.4999999999996363
177435779.1656,10.000000000000002,1.4999999999996363
177435781.0656,10.000000000000002,1.4999999999996363
177435783.0656,10.000000000000002,1.4999999999996363
177435785.0656,10.000000000000002,1.4999999999996363
177435787.0656,10.000000000000002,1.4999999999996363
177435789.0656,10.000000000000002,1.4999999999996363
177435791.0656,10.000000000000002,1.4999999999996363
177435793.0656,10.000000000000002,1.4999999999996363
177435795.0656,10.000000000000002,1.4999999999996363
177435797.0656,10.000000000000002,1.4999999999996363
177435799.0656,10.000000000000002,1.4999999999996363
177435801.0656,10.000000000000002,1.4999999999996363
177435803.0656,10.000000000000002,1.4999999999996363
177435805.0656,10.000000000000002,1.4999999999996363
177435807.0656,10.000000000000002,1.4999999999996363
177435809.0656,10.000000000000002,1.4999999999996363
177435811.0656,10.000000000000002,1.4999999999996363
177435813.0656,10.000000000000002,1.4999999999996363
177435815.0656,10.000000000000002,1.4999999999996363
177435817.0656,10.000000000000002,1.4999999999996363
177435819.0656,10.000000000000002,1.4999999999996363
177435821.0656,10.000000000000002,1.4999999999996363
177435823.0656,10.000000000000002,1.4999999999996363
177435825.0656,10.000000000000002,1.4999999999996363
177435827.0656,10.000000000000002,1.4999999999996363
177435829.0656,10.000000000000002,1.4999999999996363
177435831.0656,10.000000000000002,1.4999999999996363
177435833.0656,10.000000000000002,1.4999999999996363
177435835.0656,10.000000000000002,1.4999999999996363
177435837.0656,10.000000000000002,1.4999999999996363
177435839.0656,10.000000000000002,1.4999999999996363
177435841.0656,10.000000000000002,1.4999999999996363
177435843.0656,10.000000000000002,1.4999999999996363
177435845.0656,10.000000000000002,1.4999999999996363
177435847.0656,10.000000000000002,1.4999999999996363
177435849.0656,10.000000000000002,1.3999999999996362
177435851.0656,10.000000000000002,1.3999999999996362
177435853.0656,10.000000000000002,1.3999999999996362
177435855.0656,10.000000000000002,1.3999999999996362
177435857.0656,10.000000000000002,1.3999999999996362
177435859.0656,10.000000000000002,1.3999999999996362
177435861.0656,10.000000000000002,1.3999999999996362
177435863.0656,10.000000000000002,1.3999999999996362
177435865.0656,10.000000000000002,1.3999999999996362
177435867.0656,10.000000000000002,1.3999999999996362
177435869.0656,10.000000000000002,1.3999999999996362
177435871.0656,10.000000000000002,1.3999999999996362
177435873.0656,10.000000000000002,1.3999999999996362
177435875.0656,10.000000000000002,1.3999999999996362
177435877.0656,10.000000000000002,1.3999999999996362
177435879.0656,10.000000000000002,1.3999999999996362
177435881.0656,10.000000000000002,1.3999999999996362
177435883.0656,10.000000000000002,1.3999999999996362
177435885.0656,10.000000000000002,1.3999999999996362
177435887.0656,10.000000000000002,1.3999999999996362
177435889.0656,10.000000000000002,1.3999999999996362
177435891.0656,10.000000000000002,1.3999999999996362
177435893.0656,10.000000000000002,1.3999999999996362
177435895.0656,10.000000000000002,1.3999999999996362
