Timestamp,Buy_Price,Sell_Price
177427329.163,999.2,350.5
177427331.163,999.2,350.5
177427333.163,999.2,350.5
177427335.163,999.2,350.5
177427337.163,999.2,350.5
177427339.163,999.2,350.5
177427341.163,999.2,350.5
177427343.163,999.2,350.5
177427345.163,999.2,350.5
177427347.163,999.2,350.5
177427349.163,999.2,350.5
177427351.163,999.2,350.5
177427353.163,999.2,350.5
177427355.163,999.2,350.5
177427357.163,999.2,350.5
177427359.163,999.2,350.5
177427361.163,999.2,350.5
177427363.163,999.2,350.5
177427365.163,999.2,350.5
177427367.163,999.2,350.5
177427369.163,999.2,350.5
177427371.163,999.2,350.5
177427373.163,999.2,350.5
177427375.163,999.2,350.5
177427377.163,999.2,350.5
177427379.163,999.2,350.5
177427381.163,999.2,350.5
177427383.163,999.2,350.5
177427385.163,999.2,350.5
177427387.163,999.2,350.5
177427389.163,999.2,350.5
177427391.163,999.2,350.5
177427393.163,999.2,350.5
177427395.163,999.2,350.5
177427397.163,999.2,350.5
177427399.163,999.2,350.5
177427401.163,999.2,350.5
177427403.163,999.2,350.5
177427405.163,999.2,350.5
177427407.163,999.2,350.5
177427409.163,999.2,350.5
177427411.163,999.2,350.5
177427413.163,999.2,350.5
177427415.163,999.2,350.5
177427417.163,999.2,350.5
177427419.163,999.2,350.5
177427421.163,999.2,350.5
177427423.163,999.2,350.5
177427425.163,999.2,350.5
177427427.163,999.2,350.5
177427429.163,999.2,350.5
177427431.163,999.1,350.5
177427433.163,999.1,350.5
177427435.163,999.1,350.5
177427437.163,999.1,350.5
177427439.163,999.1,350.5
177427441.163,999.1,350.5
177427443.163,999.1,350.5
177427445.163,999.1,350.5
177427447.163,999.1,350.5
177427449.163,999.1,350.5
177427451.163,999.1,350.5
177427453.163,999.1,350.5
177427455.163,999.1,350.5
177427457.163,999.1,350.5
177427459.163,999.1,350.5
177427461.163,999.1,350.5
177427463.163,999.1,350.5
177427465.163,999.1,350.5
177427467.163,999.1,350.5
177427469.163,999.1,350.5
177427471.163,999.1,350.5
177427473.163,999.1,350.5
177427475.163,999.1,350.5
177427477.163,999.1,350.5
177427479.163,999.1,350.5
177427481.163,999.1,350.5
177427483.163,999.1,350.5
177427485.163,999.1,350.5
177427487.163,999.1,350.5
177427489.163,999.1,350.5
177427491.163,999.1,350.5
177427493.163,999.1,350.5
177427495.163,999.1,350.5
177427497.163,999.1,350.5
177427499.163,999.1,350.5
177427501.163,999.1,350.5
177427503.163,999.1,350.5
177427505.163,999.1,350.5
177427507.163,999.1,350.5
177427509.163,999.1,350.5
177427511.163,999.1,350.5
177427513.163,999.1,350.5
177427515.163,999.1,350.5
177427517.163,999.1,350.5
177427519.163,999.1,350.5
177427521.163,999.1,350.5
177427523.163,999.1,350.5
177427525.163,999.1,350.5
177427527.163,999.1,350.5
177427529.163,999.1,350.5
177427531.163,999.1,350.5
177427533.163,999.1,350.5
177427535.163,999.1,350.5
177427537.163,999.1,350.5
177427539.163,999.1,350.5
177427541.163,999.1,350.5
177427543.163,999.1,350.5
177427545.163,999.1,350.5
177427547.163,999.1,350.5
177427549.163,999.1,350.5
177427551.163,999.1,350.5
177427553.163,999.1,350.5
177427555.163,999.1,350.5
177427557.163,999.1,360.0
177427559.163,999.1,360.0
177427561.163,999.1,360.0
177427563.163,999.1,360.0
177427565.163,999.1,360.0
177427567.163,999.1,360.0
177427569.163,999.1,360.0
177427571.163,999.1,360.0
177427573.163,999.1,360.0
177427575.163,999.1,360.0
177427577.163,999.1,360.0
177427579.163,999.1,360.0
177427581.163,999.1,360.0
177427583.163,999.1,360.0
177427585.163,999.1,360.0
177427587.163,999.1,360.0
177427589.163,999.1,360.0
177427591.163,999.1,360.0
177427593.163,999.1,360.0
177427595.163,999.5,360.0
177427597.163,999.5,360.0
177427599.163,999.5,360.0
177427601.163,999.5,360.0
177427603.163,999.5,360.1
177427605.163,999.5,360.1
177427607.163,999.5,360.1
177427609.163,999.5,360.0
177427611.163,999.5,360.0
177427613.163,999.5,360.0
177427615.163,999.5,360.0
177427617.163,999.5,360.0
177427619.163,999.5,360.0
177427621.163,999.5,360.0
177427623.163,999.5,360.0
177427625.163,999.5,360.0
177427627.163,999.5,360.0
177427629.163,999.5,360.0
177427631.163,999.5,360.0
177427633.163,999.5,360.0
177427635.163,999.5,360.0
177427637.163,999.5,360.0
177427639.163,999.5,360.0
177427641.163,999.5,360.0
177427643.163,999.5,360.0
177427645.163,999.5,360.0
177427647.163,999.5,360.0
177427649.163,999.5,360.0
177427651.163,999.5,360.0
177427653.163,999.5,360.0
177427655.163,999.5,360.0
177427657.163,999.5,360.0
177427659.163,999.5,360.0
177427661.163,999.5,360.0
177427663.163,999.5,360.0
177427665.163,999.5,360.0
177427667.163,999.5,360.0
177427669.163,999.5,360.0
177427671.163,999.5,360.0
177427673.163,999.5,360.0
177427675.163,999.5,360.0
177427677.163,999.5,360.0
177427679.163,999.5,360.0
177427681.163,999.5,360.0
177427683.163,999.5,360.0
177427685.163,999.5,360.0
177427687.163,999.5,360.0
177427689.163,999.5,360.0
177427691.163,999.5,360.0
177427693.163,999.5,360.0
177427695.163,999.5,360.0
177427697.163,999.5,360.0
177427699.163,999.5,360.0
177427701.163,999.5,360.0
177427703.163,999.5,360.0
177427705.163,999.5,360.0
177427707.163,999.5,360.0
177427709.163,999.5,360.0
177427711.163,999.5,360.0
177427713.163,999.5,360.0
177427715.163,999.5,360.0
177427717.163,999.5,360.0
177427719.163,999.4,360.0
177427721.163,999.4,360.0
177427723.163,999.4,360.0
177427725.163,999.4,360.0
177427727.163,999.4,360.0
177427729.163,999.4,360.0
177427731.163,999.4,360.0
177427733.163,999.4,360.0
177427735.163,999.4,360.0
177427737.163,999.4,360.0
177427739.163,999.4,360.0
177427741.163,999.4,360.0
177427743.163,999.4,360.0
177427745.163,999.4,360.0
177427747.163,999.4,360.0
177427749.163,999.4,360.0
177427751.163,999.4,360.0
177427753.163,999.4,360.0
177427755.163,999.4,360.0
177427757.163,999.4,360.0
177427759.163,999.4,360.0
177427761.163,999.4,360.0
177427763.163,999.4,360.0
177427765.163,999.4,360.0
177427767.163,999.4,360.0
177427769.163,999.4,360.0
177427771.163,999.4,360.0
177427773.163,999.4,360.0
177427775.163,999.4,360.0
177427777.163,999.4,360.0
177427779.163,999.4,360.0
177427781.163,999.4,360.0
177427783.163,999.4,360.0
177427785.163,999.4,360.0
177427787.163,999.4,360.0
177427789.163,999.4,360.0
177427791.163,999.4,360.0
177427793.163,999.4,360.0
177427795.163,999.4,360.0
177427797.163,999.4,360.0
177427799.163,999.4,360.0
177427801.163,999.4,360.0
177427805.163,999.4,360.0
177427807.163,999.4,360.0
177427809.163,999.4,360.0
177427811.163,999.4,360.0
177427813.163,999.4,360.0
177427815.163,999.4,360.0
177427817.163,999.4,360.0
177427819.163,999.4,360.0
177427821.163,999.4,360.0
177427823.163,999.4,360.0
177427825.163,999.4,360.0
177427827.163,999.4,360.0
177427829.163,999.4,360.0
177427831.163,999.4,360.0
177427833.163,999.4,360.0
177427835.163,999.4,360.0
177427837.163,999.4,360.0
177427839.163,999.4,360.0
177427841.163,999.4,360.0
177427843.163,999.4,360.0
177427845.163,999.4,360.0
177427847.163,999.4,360.0
177427849.163,999.4,360.0
177427851.163,999.4,360.0
177427853.163,999.4,360.0
177427855.163,999.4,360.0
177427857.163,999.4,360.0
177427859.163,999.4,360.0
177427861.163,999.4,360.0
177427863.163,999.4,360.0
177427865.163,999.4,360.0
177427867.163,999.4,360.0
177427869.163,999.4,360.0
177427871.163,999.3,360.0
177427873.163,999.3,360.0
177427875.163,999.3,360.0
177427877.163,999.3,360.0
177427879.163,999.3,360.0
177427881.163,999.3,360.0
177427883.163,999.3,360.0
177427885.163,999.3,360.0
177427887.163,999.3,360.0
177427889.163,999.3,360.0
177427891.163,999.3,360.0
177427893.163,999.3,360.0
177427895.163,999.3,360.0
177427897.163,999.3,360.0
177427899.163,999.3,360.0
177427901.163,999.3,360.0
177427903.163,999.3,360.0
177427905.163,999.3,360.0
177427907.163,999.3,360.0
177427909.163,999.3,360.0
177427911.163,999.3,360.0
177427913.163,999.3,360.0
177427915.163,999.3,360.0
177427917.163,999.3,360.0
177427919.163,999.3,360.0
177427921.163,999.3,360.0
177427923.163,999.3,360.0
177427925.163,999.3,360.0
177427927.163,999.3,360.0
177427929.163,999.3,360.0
177427931.163,999.3,360.0
177427933.163,999.3,360.0
177427935.163,999.3,360.0
177427937.163,999.3,360.0
177427939.163,999.3,360.0
177427941.163,999.3,360.0
177427943.163,999.3,360.0
177427945.163,999.3,360.0
177427947.163,999.3,360.0
177427949.163,999.3,360.0
177427951.163,999.3,360.0
177427953.163,999.3,360.0
177427955.163,999.3,360.0
177427957.163,999.3,360.0
177427959.163,999.3,360.0
177427961.163,999.3,360.0
177427963.163,999.3,360.0
177427965.163,999.3,360.0
177427967.163,999.3,360.0
177427969.163,999.3,360.0
177427971.163,999.3,360.0
177427973.163,999.3,360.0
177427975.163,999.3,360.0
177427977.163,999.3,360.0
177427979.163,999.3,360.0
177427981.163,999.3,360.0
177427983.163,999.3,360.0
177427985.163,999.3,360.0
177427987.163,999.3,360.0
177427989.163,999.3,360.0
177427991.163,999.3,360.0
177427993.163,999.3,360.0
177427995.163,999.3,360.0
177427997.163,999.3,360.0
177427999.163,999.3,360.0
177428001.163,999.3,360.0
177428003.163,999.3,360.0
177428005.163,999.3,360.0
177428007.163,999.3,360.0
177428009.163,999.3,360.0
177428011.163,999.3,360.0
177428013.163,999.3,360.0
177428015.163,999.3,360.0
177428017.163,999.3,360.0
177428019.163,999.3,360.0
177428021.163,999.3,360.0
177428023.163,999.3,360.0
177428025.163,999.3,360.0
177428027.163,999.3,360.0
177428029.163,999.3,360.0
177428031.163,999.3,360.0
177428033.163,999.3,360.0
177428035.163,999.3,360.0
177428037.163,999.3,360.0
177428039.163,999.3,360.0
177428041.163,999.3,360.0
177428043.163,999.3,360.0
177428045.163,999.3,360.0
177428047.163,999.3,360.0
177428049.163,999.3,360.0
177428051.163,999.1999999999999,360.0
177428053.163,999.1999999999999,360.0
177428055.163,999.1999999999999,360.0
177428057.163,999.1999999999999,360.0
177428059.163,999.1999999999999,360.0
177428061.163,999.1999999999999,360.0
177428063.163,999.1999999999999,360.0
177428065.163,999.1999999999999,360.0
177428067.163,999.1999999999999,360.0
177428069.163,999.1999999999999,360.0
177428071.163,999.1999999999999,360.0
177428073.163,999.1999999999999,360.0
177428075.163,999.1999999999999,360.0
177428077.163,999.1999999999999,360.0
177428079.163,999.1999999999999,360.0
177428081.163,999.1999999999999,360.0
177428083.163,999.1999999999999,360.0
177428085.163,999.1999999999999,360.0
177428087.163,999.1999999999999,360.0
177428089.163,999.1999999999999,360.0
177428091.163,999.1999999999999,360.0
177428093.163,999.1999999999999,360.0
177428095.163,999.1999999999999,360.0
177428097.163,999.1999999999999,360.0
177428099.163,999.1999999999999,360.0
177428101.163,999.1999999999999,360.0
177428103.163,999.1999999999999,360.0
177428105.163,999.1999999999999,360.0
177428107.163,999.1999999999999,360.0
177428109.163,999.1999999999999,360.0
177428111.163,999.1999999999999,360.0
177428113.163,999.1999999999999,360.0
177428115.163,999.1999999999999,360.0
177428117.163,999.1999999999999,360.0
177428119.163,999.1999999999999,360.0
177428121.163,999.1999999999999,360.0
177428123.163,999.1999999999999,360.0
177428125.163,999.1999999999999,360.0
177428127.163,999.1999999999999,360.0
177428129.163,999.1999999999999,360.0
177428131.163,999.1999999999999,360.0
177428133.163,999.1999999999999,360.0
177428135.163,999.1999999999999,360.0
177428137.163,999.1999999999999,360.0
177428139.163,999.1999999999999,360.0
177428141.163,999.1999999999999,360.0
177428143.163,999.1999999999999,360.0
177428145.163,999.1999999999999,360.0
177428147.163,999.1999999999999,360.0
177428149.163,999.1999999999999,360.0
177428151.163,999.1999999999999,360.0
177428153.163,999.1999999999999,360.0
177428155.163,999.1999999999999,360.0
177428157.163,999.1999999999999,360.0
177428159.163,999.1999999999999,360.0
177428161.163,999.1999999999999,360.0
177428163.163,999.1999999999999,360.0
177428165.163,999.1999999999999,360.0
177428167.163,999.1999999999999,360.0
177428169.163,999.1999999999999,360.0
177428171.163,999.1999999999999,360.0
177428173.163,999.1999999999999,360.0
177428175.163,999.1999999999999,360.0
177428177.163,999.1999999999999,360.0
177428179.163,999.1999999999999,360.0
177428181.163,999.1999999999999,360.0
177428183.163,999.1999999999999,360.0
177428185.163,999.1999999999999,360.0
177428187.163,999.1999999999999,360.0
177428189.163,999.1999999999999,360.0
177428191.163,999.1999999999999,360.0
177428193.163,999.1999999999999,360.0
177428195.163,999.1999999999999,360.0
177428197.163,999.1999999999999,360.0
177428199.163,999.1999999999999,360.0
177428201.163,999.1999999999999,360.0
177428203.163,999.1999999999999,360.0
177428205.163,999.1999999999999,360.0
177428207.163,999.1999999999999,360.0
177428209.163,999.1999999999999,360.0
177428211.163,999.1999999999999,360.0
177428213.163,999.1999999999999,360.0
177428215.163,999.1999999999999,360.0
177428217.163,999.1999999999999,360.0
177428219.163,999.1999999999999,360.0
177428221.163,999.1999999999999,360.0
177428223.163,999.1999999999999,360.0
177428225.163,999.1999999999999,360.0
177428227.163,999.1999999999999,360.0
177428229.163,999.1999999999999,360.0
177428231.163,999.1999999999999,360.0
177428233.163,999.1999999999999,360.0
177428235.163,999.1999999999999,360.0
177428237.163,999.1999999999999,360.0
177428239.163,999.1999999999999,360.0
177428241.163,999.1999999999999,360.0
177428243.163,999.1999999999999,360.0
177428245.163,999.1999999999999,360.0
177428247.163,999.1999999999999,360.0
177428249.163,999.1999999999999,360.0
177428251.163,999.1999999999999,360.0
177428253.163,999.1999999999999,360.0
177428255.163,999.1999999999999,360.0
177428257.163,999.0999999999999,360.0
177428259.163,999.0999999999999,360.0
177428261.163,998.9999999999999,360.0
177428263.163,998.9999999999999,360.0
177428265.163,998.9999999999999,360.0
177428267.163,998.9999999999999,360.0
177428269.163,998.9999999999999,360.0
177428271.163,998.9999999999999,360.0
177428273.163,998.9999999999999,360.0
177428275.163,998.9999999999999,360.0
177428277.163,998.9999999999999,360.0
177428279.163,998.9999999999999,360.0
177428281.163,998.9999999999999,360.0
177428283.163,998.9999999999999,350.5
177428285.163,998.9999999999999,350.5
177428287.163,998.9999999999999,350.5
177428289.163,998.9999999999999,350.5
177428291.163,998.9999999999999,350.5
177428293.163,998.9999999999999,350.5
177428295.163,998.9999999999999,350.5
177428297.163,998.9999999999999,350.5
177428299.163,998.9999999999999,350.5
177428301.163,998.9999999999999,350.5
177428303.163,998.9999999999999,350.5
177428305.163,998.9999999999999,350.5
177428307.163,998.9999999999999,350.5
177428309.163,998.9999999999999,350.5
177428311.163,998.9999999999999,350.5
177428313.163,998.9999999999999,350.5
177428315.163,998.9999999999999,350.5
177428317.163,998.9999999999999,350.5
177428319.163,998.9999999999999,350.6
177428321.163,998.9999999999999,350.6
177428323.163,998.9999999999999,350.5
177428325.163,998.9999999999999,350.5
177428327.163,998.9999999999999,350.5
177428329.163,998.9999999999999,350.5
177428331.163,998.9999999999999,350.5
177428333.163,998.9999999999999,350.5
177428335.163,998.9999999999999,350.5
177428337.163,998.9999999999999,350.5
177428339.163,998.9999999999999,350.5
177428341.163,998.9999999999999,350.5
177428343.163,998.9999999999999,350.5
177428345.163,998.9999999999999,350.5
177428347.163,998.9999999999999,350.5
177428349.163,998.9999999999999,350.5
177428351.163,998.9999999999999,350.5
177428353.163,998.9999999999999,350.5
177428355.163,998.9999999999999,350.5
177428357.163,998.9999999999999,350.5
177428359.163,998.9999999999999,350.5
177428361.163,998.9999999999999,350.5
177428363.163,998.9999999999999,350.5
177428365.163,998.8999999999999,350.5
177428367.163,998.7999999999998,350.5
177428369.163,998.7999999999998,350.5
177428371.163,998.7999999999998,350.5
177428373.163,998.7999999999998,350.5
177428375.163,998.7999999999998,350.5
177428377.163,998.7999999999998,350.5
177428379.163,998.7999999999998,350.5
177428381.163,998.7999999999998,350.5
177428383.163,998.7999999999998,350.5
177428385.163,998.7999999999998,350.5
177428387.163,998.7999999999998,350.5
177428389.163,998.7999999999998,350.5
177428391.163,998.7999999999998,350.5
177428393.163,998.7999999999998,350.5
177428395.063,998.7999999999998,350.5
177428397.063,998.7999999999998,350.5
177428399.063,998.7999999999998,350.5
177428401.063,998.7999999999998,350.5
177428403.063,998.7999999999998,350.5
177428405.063,998.7999999999998,350.5
177428407.063,998.7999999999998,350.5
177428409.063,998.7999999999998,350.5
177428411.063,998.7999999999998,350.5
177428413.063,998.7999999999998,350.5
177428415.063,998.7999999999998,350.5
177428417.063,998.7999999999998,350.5
177428419.063,998.7999999999998,350.5
177428421.063,998.7999999999998,350.5
177428423.063,998.7999999999998,350.5
177428425.063,998.7999999999998,350.5
177428427.063,998.7999999999998,350.5
177428429.063,998.7999999999998,350.5
177428431.063,998.7999999999998,350.5
177428433.063,998.7999999999998,350.5
177428435.063,998.7999999999998,350.5
177428437.063,998.7999999999998,350.5
177428439.063,998.7999999999998,350.5
177428441.063,998.7999999999998,350.5
177428443.063,998.7999999999998,350.5
177428445.063,998.7999999999998,350.5
177428447.063,998.7999999999998,350.5
177428449.063,998.7999999999998,350.5
177428451.063,998.7999999999998,350.5
177428453.063,998.7999999999998,350.5
177428455.063,998.7999999999998,350.5
177428457.063,998.7999999999998,350.5
177428459.063,998.7999999999998,350.5
177428461.063,998.7999999999998,350.5
177428463.063,998.7999999999998,350.5
177428465.063,998.7999999999998,350.5
177428467.063,998.7999999999998,350.5
177428469.063,998.7999999999998,350.5
177428471.063,998.7999999999998,350.5
177428473.063,998.7999999999998,350.5
177428475.063,998.7999999999998,350.5
177428477.063,998.7999999999998,350.5
177428479.063,998.7999999999998,350.5
177428481.063,998.7999999999998,350.5
177428483.063,998.7999999999998,350.5
177428485.063,998.7999999999998,350.5
177428487.063,998.7999999999998,350.5
177428489.063,998.7999999999998,350.5
177428491.063,998.7999999999998,350.5
177428493.063,998.7999999999998,350.5
177428495.063,998.7999999999998,350.5
177428497.063,998.7999999999998,350.5
177428499.063,998.7999999999998,350.5
177428501.063,998.7999999999998,350.5
177428503.063,998.7999999999998,350.5
177428505.063,998.7999999999998,350.5
177428507.063,998.7999999999998,350.5
177428509.063,998.7999999999998,350.5
177428511.063,998.7999999999998,350.5
177428513.163,998.7999999999998,350.5
177428515.063,998.7999999999998,350.5
177428517.063,998.7999999999998,350.5
177428519.063,998.7999999999998,350.5
177428521.063,998.7999999999998,350.5
177428523.063,998.7999999999998,350.5
177428525.063,998.7999999999998,350.5
177428527.063,998.7999999999998,350.5
177428529.063,998.7999999999998,350.5
177428531.063,998.7999999999998,350.5
177428533.063,998.6999999999998,350.5
177428535.063,998.6999999999998,350.5
177428537.063,998.6999999999998,350.5
177428539.063,998.6999999999998,350.5
177428541.063,998.6999999999998,350.5
177428543.063,998.6999999999998,350.5
177428545.063,998.6999999999998,350.5
177428547.063,998.6999999999998,350.5
177428549.063,998.6999999999998,350.5
177428551.063,998.6999999999998,350.5
177428553.063,998.6999999999998,350.5
177428555.063,998.6999999999998,350.5
177428557.063,998.5999999999998,350.5
177428559.063,998.5999999999998,350.5
177428561.063,998.5999999999998,350.5
177428563.063,998.5999999999998,350.5
177428565.063,998.5999999999998,350.5
177428567.063,998.5999999999998,350.5
177428569.063,998.5999999999998,350.5
177428571.063,998.5999999999998,350.5
177428573.063,998.5999999999998,350.5
177428575.063,998.5999999999998,350.5
177428577.063,998.4999999999998,350.5
177428579.063,998.4999999999998,350.5
177428581.063,998.4999999999998,350.5
177428583.063,998.4999999999998,350.5
177428585.063,998.4999999999998,350.5
177428587.063,998.4999999999998,350.5
177428589.063,998.4999999999998,350.5
177428591.063,998.4999999999998,350.5
177428593.063,998.4999999999998,350.5
177428595.063,998.4999999999998,350.5
177428597.063,998.4999999999998,350.5
177428599.063,998.4999999999998,350.5
177428601.063,998.4999999999998,350.5
177428603.063,998.4999999999998,350.5
177428605.063,998.4999999999998,350.5
177428607.063,998.4999999999998,350.5
177428609.063,998.4999999999998,350.5
177428611.063,998.4999999999998,350.5
177428613.063,998.4999999999998,350.5
177428615.063,998.4999999999998,350.5
177428617.063,998.4999999999998,350.5
177428619.063,998.4999999999998,350.5
177428621.063,998.4999999999998,350.5
177428623.063,998.4999999999998,350.5
177428625.063,998.4999999999998,350.5
177428627.063,998.4999999999998,350.5
177428629.063,998.4999999999998,350.5
177428631.063,998.4999999999998,350.5
177428633.063,998.4999999999998,350.5
177428635.063,998.4999999999998,350.5
177428637.063,998.4999999999998,350.5
177428639.063,998.4999999999998,350.5
177428641.063,998.4999999999998,350.5
177428643.063,998.4999999999998,350.5
177428645.063,998.4999999999998,350.5
177428647.063,998.4999999999998,350.5
177428649.063,998.4999999999998,350.5
177428651.063,998.4999999999998,350.5
177428653.063,998.4999999999998,350.5
177428655.063,998.4999999999998,350.5
177428657.063,998.4999999999998,350.5
177428659.063,998.4999999999998,350.5
177428661.063,998.4999999999998,350.5
177428663.063,998.4999999999998,350.5
177428665.063,998.4999999999998,350.5
177428667.063,998.4999999999998,350.5
177428669.063,998.4999999999998,350.5
177428671.063,998.4999999999998,350.5
177428673.063,998.4999999999998,350.5
177428675.063,998.4999999999998,350.5
177428677.063,998.4999999999998,350.5
177428679.063,998.4999999999998,350.5
177428681.063,998.4999999999998,350.5
177428683.063,998.4999999999998,350.5
177428685.063,998.4999999999998,350.5
177428687.063,998.4999999999998,350.5
177428689.063,998.4999999999998,350.5
177428691.063,998.4999999999998,350.5
177428693.063,998.4999999999998,350.5
177428695.063,998.4999999999998,350.5
177428697.063,998.4999999999998,350.5
177428699.063,998.4999999999998,350.5
177428701.063,998.4999999999998,350.5
177428703.063,998.4999999999998,350.5
177428705.063,998.4999999999998,350.5
177428707.063,998.4999999999998,350.5
177428709.063,998.4999999999998,350.5
177428711.063,998.4999999999998,350.5
177428713.063,998.4999999999998,350.5
177428715.063,998.4999999999998,350.5
177428717.063,998.4999999999998,350.5
177428719.063,998.4999999999998,350.5
177428721.063,998.4999999999998,350.5
177428723.063,998.4999999999998,350.5
177428725.063,998.4999999999998,350.5
177428727.063,933.6999999999998,350.5
177428729.063,933.6999999999998,350.5
177428731.063,933.6999999999998,350.5
177428733.063,933.6999999999998,350.5
177428735.063,933.6999999999998,350.5
177428737.063,933.6999999999998,350.5
177428739.063,933.6999999999998,350.5
177428741.063,875.3999999999999,350.5
177428742.963,875.3999999999999,350.5
177428744.963,875.2999999999998,350.5
177428746.963,875.2999999999998,350.5
177428748.963,875.1999999999998,350.5
177428750.963,875.1999999999998,350.5
177428752.963,875.1999999999998,350.5
177428754.963,875.1999999999998,350.5
177428756.963,875.1999999999998,350.5
177428758.963,875.1999999999998,350.5
177428760.963,875.1999999999998,350.5
177428762.963,875.1999999999998,350.5
177428764.963,822.6999999999998,350.5
177428766.963,822.6999999999998,350.5
177428768.963,822.6999999999998,350.5
177428770.963,822.6999999999998,350.5
177428772.963,822.6999999999998,350.5
177428774.963,822.6999999999998,350.5
177428776.963,822.6999999999998,350.5
177428778.963,822.6999999999998,350.5
177428780.963,822.6999999999998,350.5
177428782.963,822.6999999999998,350.5
177428784.963,822.6999999999998,350.5
177428786.963,822.6999999999998,350.5
177428788.963,822.6999999999998,350.5
177428790.963,822.6999999999998,350.5
177428792.963,822.6999999999998,350.5
177428794.963,822.6999999999998,350.5
177428796.963,822.6999999999998,350.5
177428798.963,822.6999999999998,350.5
177428800.963,822.6999999999998,350.5
177428802.963,822.6999999999998,350.5
177428804.963,822.6999999999998,350.5
177428806.963,822.6999999999998,350.5
177428808.963,822.6999999999998,350.5
177428810.963,822.6999999999998,350.5
177428812.963,822.6999999999998,350.5
177428814.963,822.6999999999998,350.5
177428816.963,822.6999999999998,350.5
177428818.963,822.6999999999998,350.5
177428820.963,822.6999999999998,350.5
177428822.963,822.6999999999998,350.5
177428824.963,822.6999999999998,350.5
177428826.963,822.6999999999998,350.5
177428828.963,822.6999999999998,350.5
177428830.963,822.6999999999998,350.5
177428832.963,822.6999999999998,350.5
177428834.963,822.6999999999998,350.5
177428836.963,822.6999999999998,350.5
177428838.963,822.6999999999998,350.5
177428840.963,822.6999999999998,350.5
177428842.963,822.6999999999998,350.5
177428844.963,822.6999999999998,350.5
177428846.963,822.6999999999998,350.5
177428848.963,822.6999999999998,350.5
177428850.963,822.6999999999998,350.5
177428852.963,822.6999999999998,350.5
177428854.963,822.6999999999998,350.5
177428856.963,822.6999999999998,350.5
177428858.963,822.6999999999998,350.5
177428860.963,822.6999999999998,350.5
177428862.963,822.6999999999998,350.5
177428864.963,822.6999999999998,350.5
177428866.963,822.6999999999998,350.5
177428868.963,822.6999999999998,350.5
177428870.963,822.6999999999998,350.5
177428872.963,822.6999999999998,350.5
177428874.963,822.6999999999998,350.5
177428876.963,822.6999999999998,350.5
177428878.963,822.6999999999998,350.5
177428880.963,822.6999999999998,350.5
177428882.963,822.6999999999998,350.5
177428884.963,822.6999999999998,350.5
177428886.963,822.6999999999998,350.5
177428888.963,822.6999999999998,350.5
177428890.963,822.6999999999998,350.5
177428892.963,822.6999999999998,350.5
177428894.963,822.6999999999998,350.5
177428896.963,822.6999999999998,350.5
177428898.963,822.6999999999998,350.5
177428900.963,822.6999999999998,350.5
177428902.963,822.6999999999998,350.5
177428904.963,822.6999999999998,350.5
177428906.963,822.6999999999998,350.5
177428908.963,822.6999999999998,350.5
177428910.963,822.6999999999998,350.5
177428912.963,822.5999999999998,350.5
177428914.963,822.4999999999998,350.5
177428916.963,822.4999999999998,350.5
177428918.963,822.4999999999998,350.5
177428920.963,822.4999999999998,350.5
177428922.963,822.3999999999997,350.5
177428924.963,822.3999999999997,350.5
177428926.963,822.3999999999997,350.5
177428928.963,822.3999999999997,350.5
177428930.963,822.3999999999997,350.5
177428932.963,822.3999999999997,350.5
177428934.963,822.3999999999997,350.5
177428936.963,822.3999999999997,350.5
177428938.963,822.3999999999997,350.5
177428940.963,822.3999999999997,350.5
177428942.963,822.3999999999997,350.5
177428944.963,822.3999999999997,350.5
177428946.963,822.3999999999997,350.5
177428948.963,822.3999999999997,350.5
177428950.963,822.3999999999997,350.5
177428952.963,822.3999999999997,350.5
177428954.963,822.3999999999997,350.5
177428956.963,822.3999999999997,350.5
177428958.963,822.3999999999997,350.5
177428960.963,822.3999999999997,350.5
177428962.963,822.3999999999997,350.5
177428964.963,822.3999999999997,350.5
177428966.963,822.3999999999997,350.5
177428968.963,822.3999999999997,350.5
177428970.963,822.3999999999997,350.5
177428972.963,822.3999999999997,350.5
177428974.963,822.3999999999997,350.5
177428976.963,822.3999999999997,350.5
177428978.963,822.3999999999997,350.5
177428980.963,822.3999999999997,350.5
177428982.963,822.3999999999997,350.5
177428984.963,822.3999999999997,350.5
177428986.963,822.3999999999997,350.5
177428988.963,822.3999999999997,350.5
177428990.963,822.3999999999997,350.5
177428992.963,822.3999999999997,350.5
177428994.963,822.3999999999997,350.5
177428996.963,822.3999999999997,350.5
177428998.963,822.3999999999997,350.5
177429000.963,822.3999999999997,350.5
177429002.963,822.3999999999997,350.5
177429004.963,822.3999999999997,350.5
177429006.963,822.3999999999997,350.5
177429008.963,822.3999999999997,350.5
177429010.963,822.3999999999997,350.5
177429012.963,822.3999999999997,350.5
177429014.963,822.3999999999997,350.5
177429016.963,822.3999999999997,350.5
177429018.963,822.3999999999997,350.5
177429020.963,822.3999999999997,350.5
177429022.963,822.3999999999997,350.5
177429024.963,822.3999999999997,350.5
177429026.963,822.3999999999997,350.5
177429028.963,822.3999999999997,350.5
177429030.963,822.3999999999997,350.5
177429032.963,822.3999999999997,350.5
177429034.963,822.3999999999997,350.5
177429036.963,822.3999999999997,350.5
177429038.963,822.3999999999997,350.5
177429040.963,822.3999999999997,350.5
177429042.963,822.3999999999997,350.5
177429044.963,822.3999999999997,350.5
177429046.963,822.3999999999997,350.5
177429048.963,822.3999999999997,350.5
177429050.963,822.3999999999997,350.5
177429052.963,822.3999999999997,350.5
177429054.963,822.3999999999997,350.5
177429056.963,822.3999999999997,350.5
177429058.963,822.3999999999997,350.5
177429060.963,822.3999999999997,350.5
177429062.963,822.3999999999997,350.5
177429065.063,822.3999999999997,350.5
177429066.963,822.3999999999997,350.5
177429068.963,822.3999999999997,350.5
177429070.963,822.3999999999997,350.5
177429072.963,822.3999999999997,350.5
177429074.963,822.3999999999997,350.5
177429076.963,822.3999999999997,350.5
177429078.963,822.3999999999997,350.5
177429080.963,822.3999999999997,350.5
177429082.963,822.3999999999997,350.5
177429084.963,822.3999999999997,350.5
177429086.963,822.3999999999997,350.5
177429088.963,822.3999999999997,350.5
177429090.963,822.3999999999997,350.5
177429092.963,822.3999999999997,350.5
177429094.963,822.3999999999997,350.5
177429096.963,822.3999999999997,350.5
177429098.963,822.3999999999997,350.5
177429100.963,822.3999999999997,350.5
177429102.963,822.3999999999997,350.5
177429104.963,822.3999999999997,350.5
177429106.963,822.3999999999997,350.5
177429108.963,822.3999999999997,350.5
177429110.963,822.3999999999997,350.5
177429112.963,822.3999999999997,350.5
177429114.963,822.3999999999997,350.5
177429116.963,822.3999999999997,350.5
177429118.963,822.3999999999997,350.5
177429120.963,822.3999999999997,350.5
177429122.963,822.3999999999997,350.5
177429124.963,822.3999999999997,350.5
177429126.963,822.3999999999997,350.5
177429128.963,822.3999999999997,350.5
177429130.963,822.3999999999997,350.5
177429132.963,822.3999999999997,350.5
177429134.963,822.3999999999997,350.5
177429136.963,822.3999999999997,350.5
177429138.963,822.3999999999997,350.5
177429140.963,822.3999999999997,350.5
177429142.963,822.3999999999997,350.5
177429144.963,822.3999999999997,350.5
177429146.963,822.3999999999997,350.5
177429148.963,822.3999999999997,350.5
177429150.963,822.3999999999997,350.5
177429152.963,822.3999999999997,350.5
177429154.963,822.3999999999997,350.5
177429156.963,822.3999999999997,350.5
177429158.963,822.3999999999997,350.5
177429160.963,822.3999999999997,350.5
177429162.963,822.3999999999997,350.5
177429164.963,822.3999999999997,350.5
177429166.963,822.3999999999997,350.5
177429168.963,822.3999999999997,350.5
177429170.963,822.3999999999997,350.5
177429172.963,822.3999999999997,350.5
177429174.963,822.3999999999997,350.5
177429176.963,822.3999999999997,350.5
177429178.963,822.2999999999997,350.5
177429180.963,822.2999999999997,350.5
177429182.963,822.2999999999997,350.5
177429184.963,822.2999999999997,350.5
177429186.963,822.2999999999997,350.5
177429188.963,822.2999999999997,350.5
177429190.963,822.2999999999997,350.5
177429192.963,822.2999999999997,350.5
177429194.963,822.2999999999997,350.5
177429196.963,822.2999999999997,350.5
177429198.963,822.2999999999997,350.5
177429200.963,822.2999999999997,350.5
177429202.963,822.2999999999997,350.5
177429204.963,822.2999999999997,350.5
177429206.963,822.2999999999997,350.5
177429208.963,822.2999999999997,350.5
177429210.963,822.2999999999997,350.5
177429212.963,822.2999999999997,350.5
177429214.963,822.2999999999997,350.5
177429216.963,822.2999999999997,350.5
177429218.963,822.2999999999997,350.5
177429220.963,822.2999999999997,350.5
177429222.963,822.2999999999997,350.5
177429224.963,822.2999999999997,350.5
177429226.963,822.2999999999997,350.5
177429228.963,822.2999999999997,350.5
177429230.963,822.2999999999997,350.5
177429232.963,822.2999999999997,350.5
177429234.963,822.2999999999997,350.5
177429236.963,822.2999999999997,350.5
177429238.963,822.2999999999997,350.5
177429240.963,822.2999999999997,350.5
177429242.963,822.2999999999997,350.5
177429244.963,822.2999999999997,350.5
177429246.963,822.2999999999997,350.5
177429248.963,822.2999999999997,350.5
177429250.963,822.2999999999997,350.5
177429252.963,822.2999999999997,350.5
177429254.963,822.2999999999997,350.5
177429256.963,822.2999999999997,350.5
177429258.963,822.2999999999997,350.5
177429260.963,822.2999999999997,350.5
177429262.963,822.2999999999997,350.5
177429264.963,822.2999999999997,350.5
177429266.963,822.2999999999997,350.5
177429268.963,822.2999999999997,350.5
177429270.963,822.2999999999997,350.5
177429272.963,822.2999999999997,350.5
177429274.963,822.2999999999997,350.5
177429276.963,822.2999999999997,350.5
177429278.963,822.2999999999997,350.5
177429280.963,822.2999999999997,350.5
177429282.963,822.2999999999997,350.5
177429284.963,822.2999999999997,350.5
177429286.963,822.2999999999997,350.5
177429288.963,822.2999999999997,350.5
177429290.963,822.2999999999997,350.5
177429292.963,822.2999999999997,350.5
177429294.963,822.2999999999997,350.5
177429296.963,822.2999999999997,350.5
177429298.963,822.2999999999997,350.5
177429300.963,822.2999999999997,350.5
177429302.963,822.2999999999997,350.5
177429304.963,822.2999999999997,350.5
177429306.963,822.2999999999997,350.5
177429308.963,822.2999999999997,350.5
177429310.963,822.2999999999997,350.5
177429312.963,822.2999999999997,350.5
177429314.963,822.2999999999997,350.5
177429316.963,822.2999999999997,350.5
177429318.963,822.2999999999997,350.5
177429320.963,822.2999999999997,350.5
177429322.963,822.1999999999997,350.5
177429324.963,822.1999999999997,350.6
177429326.963,822.1999999999997,350.6
177429328.963,822.1999999999997,350.6
177429330.963,822.1999999999997,350.6
177429332.963,822.1999999999997,350.6
177429334.963,822.1999999999997,350.6
177429336.963,822.1999999999997,350.6
177429338.963,822.1999999999997,350.6
177429340.963,822.1999999999997,350.6
177429342.963,822.1999999999997,350.6
177429344.963,822.1999999999997,350.6
177429346.963,822.1999999999997,350.6
177429348.963,822.1999999999997,350.6
177429350.963,822.1999999999997,350.6
177429352.963,822.1999999999997,350.6
177429354.963,822.1999999999997,350.6
177429356.963,822.1999999999997,350.6
177429358.963,822.1999999999997,350.6
177429360.963,822.1999999999997,350.6
177429362.963,822.1999999999997,350.6
177429364.963,822.1999999999997,350.6
177429366.963,822.1999999999997,350.6
177429368.963,822.1999999999997,350.6
177429370.963,822.1999999999997,350.6
177429372.963,822.1999999999997,350.6
177429374.963,822.1999999999997,350.6
177429376.963,822.1999999999997,350.6
177429378.963,822.1999999999997,350.6
177429380.963,822.1999999999997,350.6
177429382.963,822.1999999999997,350.6
177429384.963,822.1999999999997,350.6
177429386.963,822.1999999999997,350.6
177429388.963,822.1999999999997,350.6
177429390.963,822.1999999999997,350.6
177429392.963,822.1999999999997,350.6
177429394.963,822.1999999999997,350.6
177429396.963,822.1999999999997,350.6
177429398.963,822.1999999999997,350.6
177429400.963,822.1999999999997,350.6
177429402.963,822.1999999999997,350.6
177429404.963,822.1999999999997,350.6
177429406.963,822.1999999999997,350.6
177429408.963,822.1999999999997,350.6
177429410.963,822.1999999999997,350.6
177429412.963,822.1999999999997,350.6
177429414.963,822.1999999999997,350.6
177429416.963,822.1999999999997,350.6
177429418.963,822.1999999999997,350.6
177429420.963,822.1999999999997,350.6
177429422.963,822.1999999999997,350.6
177429424.963,822.1999999999997,350.6
177429426.963,822.1999999999997,350.6
177429428.963,822.1999999999997,350.6
177429430.963,822.1999999999997,350.6
177429432.963,822.1999999999997,350.6
177429434.963,822.1999999999997,350.6
177429436.963,822.1999999999997,350.6
177429438.963,822.1999999999997,350.6
177429440.963,822.1999999999997,350.6
177429442.963,822.1999999999997,350.6
177429444.963,822.1999999999997,350.6
177429446.963,822.1999999999997,350.6
177429448.963,822.1999999999997,350.6
177429450.963,822.1999999999997,350.6
177429452.963,822.1999999999997,350.6
177429454.963,822.1999999999997,350.6
177429456.963,822.1999999999997,350.6
177429458.963,822.1999999999997,350.6
177429460.963,499.9999999999997,350.6
177429462.963,499.9999999999997,350.6
177429464.963,499.9999999999997,350.6
177429466.963,499.9999999999997,350.6
177429468.963,499.8999999999997,350.6
177429470.963,499.8999999999997,350.6
177429472.963,499.8999999999997,350.6
177429474.963,499.8999999999997,350.6
177429476.963,499.9999999999997,350.6
177429478.963,499.9999999999997,350.6
177429480.963,499.9999999999997,350.6
177429482.963,499.9999999999997,350.6
177429484.963,499.9999999999997,350.6
177429486.963,499.9999999999997,350.6
177429488.963,499.9999999999997,350.6
177429490.963,499.9999999999997,350.6
177429492.963,499.8999999999997,350.6
177429494.963,499.8999999999997,350.6
177429496.963,499.8999999999997,350.6
177429498.963,499.8999999999997,350.6
177429500.963,499.8999999999997,350.6
177429502.963,499.8999999999997,350.6
177429504.963,499.8999999999997,350.6
177429506.963,499.79999999999967,350.6
177429508.963,499.79999999999967,350.6
177429510.963,499.79999999999967,350.6
177429512.963,499.79999999999967,350.6
177429514.963,499.69999999999965,350.6
177429516.963,499.69999999999965,350.6
177429518.963,499.69999999999965,350.6
177429520.963,499.69999999999965,350.6
177429522.963,499.69999999999965,350.6
177429524.963,499.69999999999965,350.6
177429526.963,499.69999999999965,350.6
177429528.963,499.69999999999965,350.6
177429530.963,499.69999999999965,350.6
177429532.963,499.69999999999965,350.6
177429534.963,499.69999999999965,350.6
177429536.963,499.69999999999965,350.6
177429538.963,499.69999999999965,350.6
177429540.963,499.69999999999965,350.6
177429542.963,499.69999999999965,350.6
177429544.963,499.69999999999965,350.6
177429546.963,499.69999999999965,350.6
177429548.963,499.69999999999965,350.6
177429550.963,499.69999999999965,350.6
177429552.963,499.69999999999965,350.6
177429554.963,499.69999999999965,350.6
177429556.963,499.69999999999965,350.6
177429558.963,499.69999999999965,350.6
177429560.963,499.69999999999965,350.6
177429562.963,499.69999999999965,350.6
177429564.963,499.69999999999965,350.6
177429566.963,499.69999999999965,350.6
177429568.963,499.69999999999965,350.6
177429570.963,499.69999999999965,350.6
177429572.963,499.69999999999965,350.6
177429574.963,499.69999999999965,350.6
177429576.963,499.69999999999965,350.6
177429578.963,499.69999999999965,350.6
177429580.963,499.69999999999965,350.6
177429582.963,499.69999999999965,350.6
177429584.963,499.69999999999965,350.6
177429586.963,499.69999999999965,350.6
177429588.963,499.69999999999965,350.6
177429590.963,499.69999999999965,350.6
177429592.963,499.69999999999965,350.6
177429594.963,499.69999999999965,350.6
177429596.963,499.69999999999965,350.6
177429598.963,499.79999999999967,350.6
177429600.963,499.79999999999967,350.6
177429602.963,499.79999999999967,350.6
177429604.963,499.79999999999967,350.6
177429606.963,499.79999999999967,350.6
177429608.963,499.79999999999967,350.6
177429610.963,499.79999999999967,350.6
177429612.963,499.79999999999967,350.6
177429614.963,499.79999999999967,350.70000000000005
177429616.963,499.79999999999967,350.70000000000005
177429618.963,499.79999999999967,350.70000000000005
177429620.963,499.79999999999967,350.70000000000005
177429622.963,499.79999999999967,350.70000000000005
177429624.963,499.79999999999967,350.70000000000005
177429626.963,499.79999999999967,350.70000000000005
177429628.963,499.79999999999967,350.70000000000005
177429630.963,499.79999999999967,350.70000000000005
177429632.963,499.79999999999967,350.70000000000005
177429634.963,499.79999999999967,350.70000000000005
177429636.963,499.79999999999967,350.70000000000005
177429638.963,499.79999999999967,350.70000000000005
177429640.963,499.79999999999967,350.70000000000005
177429642.963,499.79999999999967,350.70000000000005
177429644.963,499.79999999999967,350.70000000000005
177429646.963,499.79999999999967,350.6
177429648.963,499.79999999999967,350.6
177429650.963,499.79999999999967,350.6
177429652.963,499.79999999999967,350.6
177429654.963,499.79999999999967,350.6
177429656.963,499.79999999999967,350.6
177429658.963,499.79999999999967,350.6
177429660.963,499.79999999999967,350.6
177429662.963,499.79999999999967,350.6
177429664.963,499.79999999999967,350.6
177429666.963,499.79999999999967,350.6
177429668.963,499.79999999999967,350.6
177429670.963,499.79999999999967,350.6
177429672.963,499.79999999999967,350.6
177429674.963,499.79999999999967,350.6
177429676.963,499.79999999999967,350.6
177429678.963,499.79999999999967,350.6
177429680.963,499.79999999999967,350.6
177429682.963,499.79999999999967,350.6
177429684.963,499.79999999999967,350.6
177429686.963,499.79999999999967,350.6
177429688.963,499.79999999999967,350.6
177429690.963,499.79999999999967,350.6
177429692.963,499.79999999999967,350.6
177429694.963,499.79999999999967,350.6
177429696.963,499.79999999999967,350.6
177429698.963,499.79999999999967,350.6
177429700.963,499.79999999999967,350.6
177429702.963,499.79999999999967,350.6
177429704.963,499.79999999999967,350.6
177429706.963,499.79999999999967,350.6
177429708.963,499.79999999999967,350.6
177429710.963,499.69999999999965,350.6
177429712.963,499.69999999999965,350.6
177429714.963,499.69999999999965,350.6
177429716.963,499.69999999999965,350.6
177429718.963,499.69999999999965,350.6
177429720.963,499.69999999999965,350.6
177429722.963,499.69999999999965,350.6
177429724.963,499.69999999999965,350.6
177429726.963,499.69999999999965,350.6
177429728.963,499.69999999999965,350.6
177429730.963,499.69999999999965,350.6
177429732.963,499.69999999999965,350.6
177429734.963,499.69999999999965,350.6
177429736.963,499.69999999999965,350.6
177429738.963,499.69999999999965,350.6
177429740.963,499.69999999999965,350.6
177429742.963,499.69999999999965,350.6
177429744.963,499.69999999999965,350.6
177429746.963,499.69999999999965,350.6
177429748.963,499.69999999999965,350.6
177429750.963,499.69999999999965,350.6
177429752.963,499.69999999999965,350.6
177429754.963,499.69999999999965,350.6
177429756.963,499.69999999999965,350.6
177429758.963,499.69999999999965,350.6
177429760.963,499.69999999999965,350.6
177429762.963,499.69999999999965,350.6
177429764.963,499.69999999999965,350.6
177429766.963,499.69999999999965,350.6
177429768.963,499.69999999999965,350.6
177429770.963,499.69999999999965,350.6
177429772.963,499.69999999999965,350.6
177429774.963,499.69999999999965,350.6
177429776.963,499.69999999999965,350.6
177429778.963,499.69999999999965,350.6
177429780.963,499.69999999999965,350.6
177429782.963,499.69999999999965,350.6
177429784.963,499.69999999999965,350.6
177429786.963,499.69999999999965,350.6
177429788.963,499.69999999999965,350.6
177429790.963,499.69999999999965,350.6
177429792.963,499.69999999999965,350.6
177429794.963,499.69999999999965,350.6
177429796.963,499.69999999999965,350.6
177429798.963,499.69999999999965,350.6
177429800.963,499.69999999999965,350.6
177429802.963,499.69999999999965,350.6
177429804.963,499.69999999999965,350.6
177429806.963,499.69999999999965,350.6
177429808.963,499.69999999999965,350.6
177429810.963,499.69999999999965,350.6
177429812.963,499.69999999999965,350.6
177429814.963,499.69999999999965,350.6
177429816.963,499.69999999999965,350.6
177429818.963,499.69999999999965,350.6
177429820.963,499.69999999999965,350.6
177429822.963,499.69999999999965,350.6
177429824.963,499.69999999999965,350.6
177429826.963,499.69999999999965,350.6
177429828.963,499.69999999999965,350.6
177429830.963,499.69999999999965,350.6
177429832.963,499.69999999999965,350.6
177429834.963,499.69999999999965,350.6
177429836.963,499.69999999999965,350.6
177429838.963,499.69999999999965,350.6
177429840.963,499.69999999999965,350.6
177429842.963,499.69999999999965,350.6
177429844.963,499.69999999999965,350.6
177429846.963,499.69999999999965,350.6
177429848.963,499.69999999999965,350.6
177429850.963,499.69999999999965,350.6
177429852.963,499.69999999999965,350.6
177429854.963,499.69999999999965,350.6
177429856.963,499.69999999999965,350.6
177429858.963,499.69999999999965,350.6
177429860.963,499.69999999999965,350.6
177429862.963,499.69999999999965,350.6
177429864.963,499.69999999999965,350.6
177429866.963,499.69999999999965,350.6
177429868.963,499.69999999999965,350.6
177429870.963,499.69999999999965,350.6
177429872.963,499.69999999999965,350.6
177429874.963,499.69999999999965,350.6
177429876.963,499.69999999999965,350.6
177429878.963,499.69999999999965,350.6
177429880.963,499.5999999999996,350.6
177429882.963,499.5999999999996,350.6
177429884.963,499.5999999999996,350.6
177429886.963,499.5999999999996,350.6
177429888.963,499.5999999999996,350.6
177429890.963,499.5999999999996,350.6
177429892.963,499.5999999999996,350.6
177429894.963,499.5999999999996,350.6
177429896.963,499.5999999999996,350.6
177429898.963,499.5999999999996,350.6
177429900.963,499.5999999999996,350.6
177429902.963,499.5999999999996,350.6
177429904.963,499.5999999999996,350.6
177429906.963,499.5999999999996,350.6
177429908.963,499.5999999999996,350.6
177429910.963,499.5999999999996,350.6
177429912.963,499.5999999999996,350.6
177429914.963,499.5999999999996,350.6
177429916.963,499.5999999999996,350.6
177429918.963,822.5999999999997,350.6
177429920.963,822.5999999999997,350.6
177429922.963,822.5999999999997,350.6
177429924.963,822.5999999999997,350.6
177429926.963,822.5999999999997,350.6
177429928.963,822.5999999999997,350.6
177429930.963,822.5999999999997,350.6
177429932.963,822.5999999999997,350.6
177429934.963,822.5999999999997,350.6
177429936.963,822.5999999999997,350.6
177429938.963,822.4999999999997,350.6
177429940.963,822.4999999999997,350.6
177429942.963,822.4999999999997,350.6
177429944.963,822.4999999999997,350.6
177429946.963,822.4999999999997,350.6
177429948.963,822.4999999999997,350.6
177429950.963,822.4999999999997,350.6
177429952.963,822.4999999999997,350.6
177429954.963,822.4999999999997,350.6
177429956.963,822.4999999999997,350.6
177429958.963,822.4999999999997,350.6
177429960.963,822.4999999999997,350.6
177429962.963,822.4999999999997,350.6
177429964.963,822.4999999999997,350.6
177429966.963,822.4999999999997,350.6
177429968.963,822.4999999999997,350.6
177429970.963,822.4999999999997,350.6
177429972.963,822.4999999999997,350.6
177429974.963,822.4999999999997,350.6
177429976.963,822.4999999999997,350.6
177429978.963,822.4999999999997,350.6
177429980.963,822.4999999999997,350.6
177429982.963,822.4999999999997,350.6
177429984.963,822.4999999999997,350.6
177429986.963,822.4999999999997,350.6
177429988.963,822.4999999999997,350.6
177429990.963,822.4999999999997,350.6
177429992.963,822.4999999999997,350.6
177429994.963,822.4999999999997,350.6
177429996.963,822.4999999999997,350.6
177429998.963,822.4999999999997,350.6
177430000.963,822.4999999999997,350.6
177430002.963,822.4999999999997,350.6
177430004.963,822.4999999999997,350.6
177430006.963,822.4999999999997,350.6
177430008.963,822.4999999999997,350.6
177430010.963,822.4999999999997,350.6
177430012.963,822.4999999999997,350.6
177430014.963,822.4999999999997,350.6
177430016.963,822.4999999999997,350.6
177430018.963,822.4999999999997,350.6
177430020.963,822.4999999999997,350.6
177430022.963,822.4999999999997,350.6
177430024.963,822.4999999999997,350.6
177430026.963,822.4999999999997,350.6
177430028.963,822.4999999999997,350.6
177430030.963,822.4999999999997,350.6
177430032.963,822.4999999999997,350.6
177430034.963,822.4999999999997,350.6
177430036.963,822.4999999999997,350.6
177430038.963,822.4999999999997,350.6
177430040.963,822.4999999999997,350.6
177430042.963,822.4999999999997,350.6
177430044.963,822.4999999999997,350.6
177430046.963,822.4999999999997,350.6
177430048.963,822.4999999999997,350.6
177430050.963,822.4999999999997,350.6
177430052.963,822.4999999999997,350.6
177430054.963,822.4999999999997,350.6
177430056.963,822.4999999999997,350.6
177430058.963,822.4999999999997,350.6
177430060.963,822.4999999999997,350.6
177430062.963,822.3999999999996,350.6
177430064.963,822.3999999999996,350.6
177430066.963,822.3999999999996,350.6
177430068.963,822.3999999999996,350.6
177430070.963,822.3999999999996,350.6
177430072.963,822.3999999999996,350.6
177430074.963,822.3999999999996,350.6
177430076.963,822.3999999999996,350.6
177430078.963,822.3999999999996,350.6
177430080.963,822.3999999999996,350.6
177430082.963,822.4999999999997,350.6
177430084.963,822.4999999999997,350.6
177430086.963,822.4999999999997,350.6
177430088.963,822.4999999999997,350.6
177430090.963,822.4999999999997,350.6
177430092.963,822.4999999999997,350.6
177430094.963,822.4999999999997,350.6
177430096.963,822.4999999999997,350.6
177430098.963,822.4999999999997,350.6
177430100.963,822.4999999999997,350.6
177430102.963,822.4999999999997,350.6
177430104.963,822.4999999999997,350.6
177430106.963,822.4999999999997,350.6
177430108.963,822.4999999999997,350.6
177430110.963,822.4999999999997,350.6
177430112.963,822.4999999999997,350.6
177430114.963,822.4999999999997,350.6
177430116.963,822.4999999999997,350.6
177430118.963,822.4999999999997,350.6
177430120.963,822.4999999999997,350.6
177430122.963,822.4999999999997,350.6
177430124.963,822.4999999999997,350.6
177430126.963,822.4999999999997,350.6
177430128.963,822.4999999999997,350.6
177430130.963,822.4999999999997,350.6
177430132.963,822.4999999999997,350.6
177430134.963,822.4999999999997,350.6
177430136.963,822.4999999999997,350.6
177430138.963,822.4999999999997,350.6
177430140.963,822.4999999999997,350.6
177430142.963,822.4999999999997,350.6
177430144.963,822.4999999999997,350.6
177430146.963,822.4999999999997,350.6
177430149.063,822.4999999999997,350.6
177430150.963,822.3999999999996,350.6
177430152.963,822.3999999999996,350.6
177430154.963,822.3999999999996,350.6
177430156.963,822.3999999999996,350.6
177430158.963,822.3999999999996,350.6
177430160.963,822.3999999999996,350.6
177430162.963,822.3999999999996,350.6
177430164.963,822.3999999999996,350.6
177430166.963,822.3999999999996,350.6
177430168.963,822.3999999999996,350.6
177430170.963,822.3999999999996,350.6
177430172.963,822.3999999999996,350.6
177430174.963,822.3999999999996,350.6
177430176.963,822.3999999999996,350.6
177430178.963,822.3999999999996,350.6
177430180.963,822.3999999999996,350.6
177430182.963,822.3999999999996,350.6
177430184.963,822.3999999999996,350.6
177430186.963,822.3999999999996,350.6
177430188.963,822.3999999999996,350.6
177430190.963,822.3999999999996,350.6
177430192.963,822.3999999999996,350.6
177430194.963,822.3999999999996,350.6
177430196.963,822.3999999999996,350.6
177430198.963,822.3999999999996,350.6
177430200.963,822.3999999999996,350.6
177430202.963,822.3999999999996,350.6
177430204.963,822.3999999999996,350.6
177430206.963,822.3999999999996,350.6
177430208.963,822.3999999999996,350.6
177430210.963,822.3999999999996,350.6
177430212.963,822.3999999999996,350.6
177430214.963,822.3999999999996,350.6
177430216.963,822.3999999999996,350.6
177430218.963,822.3999999999996,350.6
177430220.963,822.3999999999996,350.6
177430222.963,822.3999999999996,350.6
177430224.963,822.3999999999996,350.6
177430226.963,822.3999999999996,350.6
177430228.963,822.3999999999996,350.6
177430230.963,822.3999999999996,350.6
177430232.963,822.3999999999996,350.6
177430234.963,822.3999999999996,350.6
177430236.963,822.3999999999996,350.6
177430238.963,822.3999999999996,350.6
177430240.963,822.3999999999996,350.6
177430242.963,822.3999999999996,350.6
177430244.963,822.3999999999996,350.6
177430246.963,822.3999999999996,350.6
177430248.963,822.3999999999996,350.6
177430250.963,822.3999999999996,350.6
177430252.963,822.3999999999996,350.6
177430254.963,822.3999999999996,350.6
177430256.963,822.3999999999996,350.6
177430258.963,822.3999999999996,350.6
177430260.963,822.3999999999996,350.6
177430262.963,822.3999999999996,350.6
177430264.963,822.3999999999996,350.6
177430266.963,822.3999999999996,350.6
177430268.963,822.3999999999996,350.6
177430270.963,822.3999999999996,350.6
177430272.963,822.3999999999996,350.6
177430274.963,822.2999999999996,350.6
177430276.963,822.2999999999996,350.6
177430278.963,822.2999999999996,350.6
177430280.963,822.2999999999996,350.6
177430282.963,822.2999999999996,350.6
177430284.963,822.2999999999996,350.6
177430286.963,822.2999999999996,350.6
177430288.963,822.2999999999996,350.6
177430290.963,822.2999999999996,350.6
177430292.963,822.2999999999996,350.6
177430294.963,822.2999999999996,350.6
177430296.963,822.2999999999996,350.6
177430298.963,822.2999999999996,350.6
177430300.963,822.2999999999996,350.6
177430302.963,822.2999999999996,350.6
177430304.963,822.2999999999996,350.6
177430306.963,822.2999999999996,350.6
177430308.963,822.2999999999996,350.6
177430310.963,822.2999999999996,350.6
177430312.963,822.2999999999996,350.6
177430314.963,822.2999999999996,350.6
177430316.963,822.2999999999996,350.6
177430318.963,822.2999999999996,350.6
177430320.963,822.2999999999996,350.6
177430322.963,822.2999999999996,350.6
177430324.963,822.2999999999996,350.6
177430326.963,822.2999999999996,350.6
177430328.963,822.2999999999996,350.6
177430330.963,822.2999999999996,350.6
177430332.963,822.2999999999996,350.6
177430334.963,822.2999999999996,350.6
177430336.963,822.2999999999996,350.6
177430338.963,822.2999999999996,350.6
177430340.963,822.2999999999996,350.6
177430342.963,822.2999999999996,350.6
177430344.963,822.2999999999996,350.6
177430346.963,822.2999999999996,350.6
177430348.963,822.2999999999996,350.6
177430350.963,822.2999999999996,350.6
177430352.963,822.2999999999996,350.6
177430354.963,822.2999999999996,350.6
177430356.963,822.2999999999996,350.6
177430358.963,822.2999999999996,350.6
177430360.963,822.2999999999996,350.6
177430362.963,822.2999999999996,350.6
177430364.963,822.2999999999996,350.6
177430366.963,822.2999999999996,350.6
177430368.963,822.2999999999996,350.6
177430370.963,822.2999999999996,350.6
177430372.963,822.2999999999996,350.6
177430374.963,822.2999999999996,350.6
177430376.963,822.2999999999996,350.6
177430378.963,822.2999999999996,350.6
177430380.963,822.2999999999996,350.6
177430382.963,822.2999999999996,350.6
177430384.963,822.2999999999996,350.6
177430386.963,822.2999999999996,350.6
177430388.963,822.2999999999996,350.6
177430390.963,822.2999999999996,350.6
177430392.963,822.2999999999996,350.6
177430394.963,822.2999999999996,350.6
177430396.963,822.2999999999996,350.6
177430398.963,822.2999999999996,350.6
177430400.963,822.2999999999996,350.6
177430402.963,822.2999999999996,350.6
177430404.963,822.2999999999996,350.6
177430406.963,822.2999999999996,350.6
177430408.963,822.2999999999996,350.6
177430410.963,822.2999999999996,350.6
177430412.963,822.2999999999996,350.6
177430414.963,822.2999999999996,350.6
177430416.963,822.2999999999996,350.6
177430418.963,822.2999999999996,350.6
177430420.963,822.2999999999996,350.6
177430422.963,822.2999999999996,350.6
177430424.963,822.2999999999996,350.6
177430426.963,822.2999999999996,350.6
177430428.963,822.2999999999996,350.6
177430430.963,822.2999999999996,350.6
177430432.963,822.2999999999996,350.6
177430434.963,822.2999999999996,350.6
177430436.963,822.2999999999996,350.6
177430438.963,822.2999999999996,350.6
177430440.963,822.2999999999996,350.6
177430442.963,822.2999999999996,350.6
177430444.963,822.2999999999996,350.6
177430446.963,822.2999999999996,350.6
177430448.963,822.2999999999996,350.6
177430450.963,822.2999999999996,350.6
177430452.963,822.2999999999996,350.6
177430454.963,822.2999999999996,350.6
177430456.963,822.2999999999996,350.6
177430458.963,822.2999999999996,350.6
177430460.963,822.2999999999996,350.6
177430462.963,822.2999999999996,350.6
177430464.963,822.2999999999996,350.6
177430466.963,822.2999999999996,350.6
177430468.963,822.2999999999996,350.6
177430470.963,822.2999999999996,350.6
177430472.963,822.2999999999996,350.6
177430474.963,822.1999999999996,350.6
177430476.963,822.1999999999996,350.6
177430478.963,822.1999999999996,350.6
177430480.963,822.1999999999996,350.6
177430482.963,822.1999999999996,350.6
177430484.963,822.1999999999996,350.6
177430486.963,822.1999999999996,350.6
177430488.963,822.1999999999996,350.6
177430490.963,822.1999999999996,350.6
177430492.963,822.1999999999996,350.6
177430494.963,822.1999999999996,350.6
177430496.963,822.1999999999996,350.6
177430498.963,822.1999999999996,350.6
177430500.963,822.1999999999996,350.6
177430502.963,822.1999999999996,350.6
177430504.963,822.1999999999996,350.6
177430506.963,822.1999999999996,350.6
177430508.963,822.1999999999996,350.6
177430510.963,822.1999999999996,350.6
177430512.963,822.1999999999996,350.6
177430514.963,822.1999999999996,350.6
177430516.963,822.1999999999996,350.6
177430518.963,822.1999999999996,350.6
177430520.963,822.1999999999996,350.6
177430522.963,822.1999999999996,350.6
177430524.963,822.1999999999996,350.6
177430526.963,822.1999999999996,350.6
177430528.963,822.1999999999996,350.6
177430530.963,822.1999999999996,350.6
177430532.963,822.1999999999996,350.6
177430534.963,822.1999999999996,350.6
177430536.963,822.1999999999996,350.6
177430538.963,822.1999999999996,350.6
177430540.963,822.1999999999996,350.6
177430542.963,822.1999999999996,350.6
177430544.963,822.0999999999996,350.6
177430546.963,822.0999999999996,350.6
177430548.963,822.0999999999996,350.6
177430550.963,822.0999999999996,350.6
177430552.963,822.0999999999996,350.6
177430554.963,822.0999999999996,350.6
177430556.963,822.0999999999996,350.6
177430558.963,822.0999999999996,350.6
177430560.963,822.0999999999996,350.6
177430562.963,822.0999999999996,350.6
177430564.963,822.0999999999996,350.6
177430566.963,822.0999999999996,350.6
177430568.963,822.0999999999996,350.6
177430570.963,822.0999999999996,350.6
177430572.963,822.0999999999996,350.6
177430574.963,822.0999999999996,350.6
177430576.963,822.0999999999996,350.6
177430578.963,822.0999999999996,350.6
177430580.963,822.0999999999996,350.6
177430582.963,822.0999999999996,350.6
177430584.963,822.0999999999996,350.6
177430586.963,822.0999999999996,350.6
177430588.963,822.0999999999996,350.6
177430590.963,822.0999999999996,350.6
177430592.963,822.0999999999996,350.6
177430594.963,822.0999999999996,350.6
177430596.963,822.0999999999996,350.6
177430598.963,822.0999999999996,350.6
177430600.963,822.0999999999996,350.6
177430602.963,822.0999999999996,350.6
177430604.963,822.0999999999996,350.6
177430606.963,822.0999999999996,350.6
177430608.963,822.0999999999996,350.6
177430610.963,822.0999999999996,350.6
177430612.963,822.0999999999996,350.6
177430614.963,822.0999999999996,350.6
177430616.963,822.0999999999996,350.6
177430618.963,822.0999999999996,350.6
177430620.963,822.0999999999996,350.6
177430622.963,822.0999999999996,350.6
177430624.963,822.0999999999996,350.6
177430626.963,822.0999999999996,350.6
177430628.963,822.0999999999996,350.6
177430630.963,822.0999999999996,350.6
177430632.963,822.0999999999996,350.6
177430634.963,822.0999999999996,350.6
177430636.963,822.0999999999996,350.6
177430638.963,822.0999999999996,350.6
177430640.963,822.0999999999996,350.6
177430642.963,822.0999999999996,350.6
177430644.963,822.0999999999996,350.6
177430646.963,822.0999999999996,350.6
177430648.963,822.0999999999996,350.6
177430650.963,822.0999999999996,350.6
177430652.963,822.0999999999996,350.6
177430654.963,822.0999999999996,350.6
177430656.963,822.0999999999996,350.6
177430658.963,822.0999999999996,350.6
177430660.963,822.0999999999996,350.6
177430662.963,822.0999999999996,350.6
177430664.963,822.0999999999996,350.6
177430666.963,822.0999999999996,350.6
177430668.963,822.0999999999996,350.6
177430670.963,822.0999999999996,350.6
177430672.963,822.0999999999996,350.6
177430674.963,822.0999999999996,350.6
177430676.963,822.0999999999996,350.6
177430678.963,822.0999999999996,350.6
177430680.963,822.0999999999996,350.6
177430682.963,822.0999999999996,350.6
177430684.963,822.0999999999996,350.6
177430686.963,822.0999999999996,350.6
177430688.963,822.0999999999996,350.6
177430690.963,822.0999999999996,350.6
177430692.963,822.0999999999996,350.6
177430694.963,822.0999999999996,350.6
177430696.963,822.0999999999996,350.6
177430698.963,822.0999999999996,350.6
177430700.963,822.0999999999996,350.6
177430702.963,822.0999999999996,350.6
177430704.963,822.0999999999996,350.6
177430706.963,822.0999999999996,350.6
177430708.963,822.0999999999996,350.6
177430710.963,822.0999999999996,350.6
177430712.963,822.0999999999996,350.6
177430714.963,822.0999999999996,350.6
177430716.963,822.0999999999996,350.6
177430718.963,822.0999999999996,350.6
177430720.963,822.0999999999996,350.6
177430722.963,822.0999999999996,350.6
177430724.963,822.0999999999996,350.6
177430726.963,822.0999999999996,350.6
177430728.963,822.0999999999996,350.6
177430730.963,822.0999999999996,350.6
177430732.963,822.0999999999996,350.6
177430734.963,822.0999999999996,350.6
177430736.963,822.0999999999996,350.6
177430738.963,822.0999999999996,350.6
177430740.963,822.0999999999996,350.6
177430742.963,821.9999999999995,350.6
177430744.963,821.9999999999995,350.6
177430746.963,821.9999999999995,350.6
177430748.963,821.9999999999995,350.6
177430750.963,821.9999999999995,350.6
177430752.963,821.9999999999995,350.6
177430754.963,821.8999999999995,350.6
177430756.963,821.8999999999995,350.6
177430758.963,821.8999999999995,350.6
177430760.963,821.8999999999995,350.6
177430762.963,821.8999999999995,350.6
177430764.963,821.8999999999995,350.6
177430766.963,821.8999999999995,350.6
177430768.963,821.8999999999995,350.6
177430770.963,822.5999999999996,350.6
177430772.963,822.5999999999996,350.6
177430774.963,822.5999999999996,350.6
177430776.963,822.5999999999996,350.6
177430779.063,822.5999999999996,350.6
177430780.963,822.5999999999996,350.6
177430782.963,822.5999999999996,350.6
177430784.963,822.5999999999996,350.6
177430786.963,822.5999999999996,350.6
177430788.963,822.5999999999996,350.6
177430790.963,822.5999999999996,350.6
177430792.963,822.5999999999996,350.6
177430794.963,822.5999999999996,350.6
177430796.963,822.5999999999996,350.6
177430798.963,822.5999999999996,350.6
177430800.963,822.5999999999996,350.6
177430802.963,822.5999999999996,350.6
177430804.963,822.5999999999996,350.6
177430806.963,822.5999999999996,350.6
177430808.963,822.5999999999996,350.6
177430810.963,822.5999999999996,350.6
177430812.963,822.5999999999996,350.6
177430814.963,822.5999999999996,350.6
177430816.963,822.5999999999996,350.6
177430818.963,822.5999999999996,350.6
177430820.963,822.5999999999996,350.6
177430822.963,822.5999999999996,350.6
177430824.963,822.5999999999996,350.6
177430826.963,822.5999999999996,350.6
177430828.963,822.5999999999996,350.6
177430830.963,822.5999999999996,350.6
177430832.963,822.5999999999996,350.6
177430834.963,822.5999999999996,350.6
177430836.963,822.5999999999996,350.6
177430838.963,822.5999999999996,350.6
177430840.963,822.5999999999996,350.6
177430842.963,822.5999999999996,350.6
177430844.963,822.5999999999996,350.6
177430846.963,822.5999999999996,350.6
177430848.963,822.5999999999996,350.6
177430850.963,822.5999999999996,350.6
177430852.963,822.5999999999996,350.6
177430854.963,822.5999999999996,350.6
177430856.963,822.5999999999996,350.6
177430858.963,822.5999999999996,350.6
177430860.963,822.5999999999996,350.6
177430862.963,822.5999999999996,350.6
177430864.963,822.5999999999996,350.6
177430866.963,822.5999999999996,350.6
177430868.963,822.5999999999996,350.6
177430870.963,822.5999999999996,350.6
177430872.963,822.5999999999996,350.6
177430874.963,822.5999999999996,350.6
177430876.963,822.5999999999996,350.6
177430878.963,822.5999999999996,350.6
177430880.963,822.5999999999996,350.6
177430882.963,822.5999999999996,350.6
177430884.963,822.5999999999996,350.6
177430886.963,822.5999999999996,350.6
177430888.963,822.5999999999996,350.6
177430890.963,822.5999999999996,350.6
177430892.963,822.5999999999996,350.6
177430894.963,822.5999999999996,350.6
177430896.963,822.5999999999996,350.6
177430898.963,822.5999999999996,350.6
177430900.963,822.5999999999996,350.6
177430902.963,822.5999999999996,350.6
177430904.963,822.5999999999996,350.6
177430906.963,822.5999999999996,350.6
177430908.963,822.5999999999996,350.6
177430910.963,822.5999999999996,350.6
177430912.963,822.5999999999996,350.6
177430914.963,822.5999999999996,350.6
177430916.963,822.5999999999996,350.6
177430918.963,822.5999999999996,350.6
177430920.963,822.5999999999996,350.6
177430922.963,822.5999999999996,350.6
177430924.963,822.5999999999996,350.6
177430926.963,822.5999999999996,350.6
177430928.963,822.5999999999996,350.6
177430930.963,822.5999999999996,350.6
177430932.963,822.5999999999996,350.6
177430934.963,822.5999999999996,350.6
177430936.963,822.5999999999996,350.6
177430938.963,822.5999999999996,350.6
177430940.963,822.5999999999996,350.6
177430942.963,822.5999999999996,350.6
177430944.963,822.5999999999996,350.6
177430946.963,822.5999999999996,350.6
177430948.963,822.5999999999996,350.6
177430950.963,822.5999999999996,350.6
177430952.963,822.5999999999996,350.6
177430954.963,822.5999999999996,350.6
177430956.963,822.5999999999996,350.6
177430958.963,822.5999999999996,350.6
177430960.963,822.5999999999996,350.6
177430962.963,822.5999999999996,350.6
177430964.963,822.5999999999996,350.6
177430966.963,822.5999999999996,350.6
177430968.963,822.5999999999996,350.6
177430970.963,822.5999999999996,350.6
177430972.963,822.5999999999996,350.6
177430974.963,822.5999999999996,350.6
177430976.963,822.5999999999996,350.6
177430978.963,822.5999999999996,350.6
177430980.963,822.5999999999996,350.6
177430982.963,822.5999999999996,350.6
177430984.963,822.5999999999996,350.6
177430986.963,822.5999999999996,350.6
177430988.963,822.5999999999996,350.6
177430990.963,822.5999999999996,350.6
177430992.963,822.5999999999996,350.6
177430994.963,822.5999999999996,350.6
177430996.963,822.5999999999996,350.6
177430998.963,822.5999999999996,350.6
177431000.963,822.5999999999996,350.6
177431003.063,822.5999999999996,350.6
177431005.063,822.5999999999996,350.6
177431007.063,822.5999999999996,350.6
177431009.063,822.5999999999996,350.6
177431011.063,822.5999999999996,350.6
177431013.063,822.5999999999996,350.6
177431015.063,822.5999999999996,350.6
177431017.063,822.5999999999996,350.6
177431019.063,822.5999999999996,350.6
177431021.063,822.5999999999996,350.6
177431023.063,822.5999999999996,350.6
177431025.063,822.5999999999996,350.6
177431027.063,822.5999999999996,350.6
177431029.063,822.5999999999996,350.6
177431031.063,822.5999999999996,350.6
177431033.063,822.5999999999996,350.6
177431035.063,822.5999999999996,350.6
177431037.063,822.5999999999996,350.6
177431039.063,822.5999999999996,350.6
177431041.063,822.5999999999996,350.6
177431043.063,822.5999999999996,350.6
177431045.063,822.5999999999996,350.6
177431047.063,822.5999999999996,350.6
177431049.063,822.5999999999996,350.6
177431051.063,822.5999999999996,350.6
177431053.063,822.5999999999996,350.6
177431055.063,822.5999999999996,350.6
177431057.063,822.5999999999996,350.6
177431059.063,822.5999999999996,350.6
177431061.063,822.5999999999996,350.6
177431063.063,822.5999999999996,350.6
177431065.063,822.5999999999996,350.6
177431067.063,822.5999999999996,350.6
177431069.063,822.5999999999996,350.6
177431071.063,822.5999999999996,350.6
177431073.063,822.5999999999996,350.6
177431075.063,822.5999999999996,350.6
177431077.063,822.5999999999996,350.6
177431079.063,822.5999999999996,350.6
177431081.063,822.5999999999996,350.6
177431083.063,822.5999999999996,350.6
177431085.063,822.5999999999996,350.6
177431087.063,822.5999999999996,350.6
177431089.063,822.5999999999996,350.6
177431091.063,822.5999999999996,350.6
177431093.063,822.5999999999996,350.6
177431095.063,822.5999999999996,350.6
177431097.063,822.5999999999996,350.6
177431099.063,822.5999999999996,350.6
177431101.063,822.5999999999996,350.6
177431103.063,822.5999999999996,350.6
177431105.063,822.5999999999996,350.6
177431107.063,822.5999999999996,350.6
177431109.063,822.5999999999996,350.6
177431111.063,822.5999999999996,350.6
177431113.063,822.5999999999996,350.6
177431115.063,822.5999999999996,350.6
177431117.063,822.5999999999996,350.6
177431119.063,822.5999999999996,350.6
177431121.063,822.5999999999996,350.6
177431123.063,822.5999999999996,350.6
177431125.063,822.5999999999996,350.6
177431127.063,822.5999999999996,350.6
177431129.063,822.5999999999996,350.6
177431131.063,822.5999999999996,350.6
177431133.063,822.5999999999996,350.6
177431135.063,822.5999999999996,350.6
177431137.063,822.5999999999996,350.6
177431139.063,822.5999999999996,350.6
177431141.063,822.5999999999996,350.6
177431143.063,822.5999999999996,350.6
177431145.063,822.5999999999996,350.6
177431147.063,822.5999999999996,350.6
177431149.063,822.5999999999996,350.6
177431151.063,822.5999999999996,350.6
177431153.063,822.5999999999996,350.6
177431155.063,822.5999999999996,350.6
177431157.063,822.5999999999996,350.6
177431159.063,822.5999999999996,350.6
177431161.063,822.5999999999996,350.6
177431163.063,822.5999999999996,350.6
177431165.063,822.5999999999996,350.6
177431167.063,822.5999999999996,350.6
177431169.063,822.5999999999996,350.6
177431171.063,822.5999999999996,350.6
177431173.063,822.5999999999996,350.6
177431175.063,822.5999999999996,350.6
177431177.063,822.5999999999996,350.6
177431179.063,822.5999999999996,350.6
177431181.063,822.5999999999996,350.6
177431183.063,822.5999999999996,350.6
177431185.063,822.5999999999996,350.6
177431187.063,822.5999999999996,350.6
177431189.063,822.5999999999996,350.6
177431191.063,822.5999999999996,350.6
177431193.063,822.5999999999996,350.6
177431195.063,822.5999999999996,350.6
177431197.063,822.5999999999996,350.6
177431199.063,822.5999999999996,350.6
177431201.063,822.5999999999996,350.6
177431203.063,822.5999999999996,350.6
177431205.063,822.5999999999996,350.6
177431207.063,822.5999999999996,350.6
177431209.063,822.5999999999996,350.6
177431211.063,822.5999999999996,350.6
177431213.063,822.5999999999996,350.6
177431215.063,822.5999999999996,350.6
177431217.063,822.5999999999996,350.6
177431219.063,822.5999999999996,350.6
177431221.063,822.5999999999996,350.6
177431223.063,822.5999999999996,350.6
177431225.063,822.5999999999996,350.6
177431227.063,822.5999999999996,350.6
177431229.063,822.5999999999996,350.6
177431231.063,822.5999999999996,350.6
177431233.063,822.5999999999996,350.6
177431235.063,822.5999999999996,350.6
177431237.063,822.5999999999996,350.6
177431239.063,822.5999999999996,350.6
177431241.063,822.5999999999996,350.6
177431243.063,822.5999999999996,350.6
177431245.063,822.5999999999996,350.6
177431247.063,822.5999999999996,350.6
177431249.063,822.5999999999996,350.6
177431251.063,822.5999999999996,350.6
177431253.063,822.5999999999996,350.6
177431255.063,822.5999999999996,350.6
177431257.063,822.5999999999996,350.6
177431259.063,822.5999999999996,350.6
177431261.063,822.5999999999996,350.6
177431263.063,822.5999999999996,350.6
177431265.063,822.5999999999996,350.6
177431267.063,822.5999999999996,350.6
177431269.063,822.5999999999996,350.6
177431271.063,822.5999999999996,350.6
177431273.063,822.5999999999996,350.6
177431275.063,822.5999999999996,350.6
177431277.063,822.5999999999996,350.6
177431279.063,822.5999999999996,350.6
177431281.063,822.5999999999996,350.6
177431283.063,822.5999999999996,350.6
177431285.063,822.5999999999996,350.6
177431287.063,822.5999999999996,350.6
177431289.063,822.5999999999996,350.6
177431291.063,822.5999999999996,350.6
177431293.063,822.5999999999996,350.6
177431295.063,822.5999999999996,350.6
177431297.063,822.5999999999996,350.6
177431299.063,822.5999999999996,350.6
177431301.063,822.5999999999996,350.6
177431303.063,822.5999999999996,350.6
177431305.063,822.5999999999996,350.6
177431307.063,822.5999999999996,350.6
177431309.063,822.5999999999996,350.6
177431311.063,822.5999999999996,350.6
177431313.063,822.5999999999996,350.6
177431315.063,822.5999999999996,350.6
177431317.063,822.5999999999996,350.6
177431319.063,822.5999999999996,350.6
177431321.063,822.5999999999996,350.6
177431323.063,822.5999999999996,350.6
177431325.063,822.5999999999996,350.6
177431327.063,822.5999999999996,350.6
177431329.063,822.5999999999996,350.6
177431331.063,822.5999999999996,350.6
177431333.063,822.5999999999996,350.6
177431335.063,822.5999999999996,350.6
177431337.063,822.5999999999996,350.6
177431339.063,822.5999999999996,350.6
177431341.063,822.5999999999996,350.6
177431343.063,822.4999999999995,350.6
177431345.063,822.4999999999995,350.6
177431347.063,822.4999999999995,350.6
177431349.063,822.4999999999995,350.6
177431351.063,822.4999999999995,350.6
177431353.063,822.4999999999995,350.6
177431355.063,822.4999999999995,350.6
177431357.063,822.4999999999995,350.6
177431359.063,822.4999999999995,350.6
177431361.063,822.4999999999995,350.6
177431363.063,822.4999999999995,350.6
177431365.063,822.4999999999995,350.6
177431367.063,822.4999999999995,350.6
177431369.063,822.4999999999995,350.6
177431371.063,822.4999999999995,350.6
177431373.063,822.3999999999995,350.6
177431375.063,822.3999999999995,350.6
177431377.063,822.3999999999995,350.6
177431379.063,822.3999999999995,350.6
177431381.063,822.3999999999995,350.6
177431383.063,822.3999999999995,350.6
177431385.063,822.3999999999995,350.6
177431387.063,822.3999999999995,350.6
177431389.063,822.3999999999995,350.6
177431391.063,822.3999999999995,350.6
177431393.063,822.3999999999995,350.6
177431395.063,822.3999999999995,350.6
177431397.063,822.3999999999995,350.6
177431399.063,822.3999999999995,350.6
177431401.063,822.3999999999995,350.6
177431403.063,822.3999999999995,350.6
177431405.063,822.3999999999995,350.6
177431407.063,822.3999999999995,350.6
177431409.063,822.3999999999995,350.6
177431411.063,822.3999999999995,350.6
177431413.063,822.3999999999995,350.6
177431415.063,822.3999999999995,350.6
177431417.063,822.3999999999995,350.6
177431419.063,822.3999999999995,350.6
177431421.063,822.3999999999995,350.6
177431423.063,822.3999999999995,350.6
177431425.063,822.3999999999995,350.6
177431427.063,822.3999999999995,350.6
177431429.063,822.3999999999995,350.6
177431431.063,822.3999999999995,350.6
177431433.063,822.3999999999995,350.6
177431435.063,822.3999999999995,350.6
177431437.063,822.3999999999995,350.6
177431439.063,822.3999999999995,350.6
177431441.063,822.3999999999995,350.6
177431443.163,822.3999999999995,350.6
177431445.063,822.3999999999995,350.6
177431447.063,822.3999999999995,350.6
177431449.063,822.3999999999995,350.6
177431451.063,822.3999999999995,350.6
177431453.063,822.3999999999995,350.6
177431455.063,822.3999999999995,350.6
177431457.063,822.3999999999995,350.6
177431459.063,822.3999999999995,350.6
177431461.063,822.3999999999995,350.6
177431463.063,822.3999999999995,350.6
177431465.063,822.3999999999995,350.6
177431467.063,822.3999999999995,350.6
177431469.063,822.2999999999995,350.6
177431471.063,822.2999999999995,350.6
177431473.063,822.2999999999995,350.5
177431475.063,822.2999999999995,350.5
177431477.063,822.2999999999995,350.5
177431479.063,822.2999999999995,350.5
177431481.063,822.2999999999995,350.5
177431483.063,822.2999999999995,350.5
177431485.063,822.2999999999995,350.5
177431487.063,822.2999999999995,350.5
177431489.063,822.2999999999995,350.5
177431491.063,822.2999999999995,350.5
177431493.063,822.2999999999995,350.5
177431495.063,822.2999999999995,350.5
177431497.063,822.2999999999995,350.5
177431499.063,822.2999999999995,350.5
177431501.063,822.2999999999995,350.5
177431503.063,822.2999999999995,350.5
177431505.063,822.2999999999995,350.5
177431507.063,822.2999999999995,350.5
177431509.063,822.2999999999995,350.5
177431511.063,822.2999999999995,350.5
177431513.063,822.2999999999995,350.5
177431515.063,822.2999999999995,350.5
177431517.063,822.2999999999995,350.5
177431519.063,822.2999999999995,350.5
177431521.063,822.2999999999995,350.5
177431523.063,822.2999999999995,350.5
177431525.063,822.2999999999995,350.5
177431527.063,822.2999999999995,350.5
177431529.063,822.2999999999995,350.5
177431531.063,822.2999999999995,350.5
177431533.063,822.2999999999995,350.5
177431535.063,822.2999999999995,350.5
177431537.063,822.2999999999995,350.5
177431539.063,822.2999999999995,350.5
177431541.063,822.2999999999995,350.5
177431543.063,822.2999999999995,350.5
177431545.063,822.2999999999995,350.5
177431547.063,822.2999999999995,350.5
177431549.063,822.2999999999995,350.5
177431551.063,822.2999999999995,350.5
177431553.063,822.2999999999995,350.5
177431555.063,822.2999999999995,350.5
177431557.063,822.2999999999995,350.5
177431559.063,822.2999999999995,350.5
177431561.063,822.2999999999995,350.5
177431563.063,822.2999999999995,350.5
177431565.063,822.2999999999995,350.5
177431567.063,822.2999999999995,350.5
177431569.063,822.2999999999995,350.5
177431571.063,822.2999999999995,350.5
177431573.063,822.2999999999995,350.5
177431575.063,822.2999999999995,350.5
177431577.063,822.2999999999995,350.5
177431579.063,822.2999999999995,350.5
177431581.063,822.2999999999995,350.5
177431583.063,822.2999999999995,350.5
177431585.063,822.2999999999995,350.5
177431587.063,822.2999999999995,350.5
177431589.063,822.2999999999995,350.5
177431591.063,822.2999999999995,350.5
177431593.063,822.2999999999995,350.5
177431595.063,822.2999999999995,350.5
177431597.063,822.2999999999995,350.5
177431599.063,822.2999999999995,350.5
177431601.063,822.2999999999995,350.5
177431603.063,822.2999999999995,350.5
177431605.063,822.2999999999995,350.5
177431607.063,822.2999999999995,350.5
177431609.063,822.2999999999995,350.5
177431611.063,822.2999999999995,350.5
177431613.063,822.2999999999995,350.5
177431615.063,822.2999999999995,350.5
177431617.063,822.2999999999995,350.5
177431619.063,822.2999999999995,350.5
177431621.063,822.2999999999995,350.5
177431623.063,822.2999999999995,350.5
177431625.063,822.2999999999995,350.5
177431627.063,822.2999999999995,350.5
177431629.063,822.2999999999995,350.5
177431631.063,822.2999999999995,350.5
177431633.063,822.2999999999995,350.5
177431635.063,822.2999999999995,350.5
177431637.063,822.2999999999995,350.5
177431639.063,822.2999999999995,350.5
177431641.063,822.2999999999995,350.5
177431643.063,822.2999999999995,350.5
177431645.063,822.2999999999995,350.5
177431647.063,822.2999999999995,350.5
177431649.063,822.2999999999995,350.5
177431651.063,822.2999999999995,350.5
177431653.063,822.2999999999995,350.5
177431655.063,822.2999999999995,350.5
177431657.063,822.2999999999995,350.5
177431659.063,822.2999999999995,350.5
177431661.063,822.2999999999995,350.5
177431663.163,822.2999999999995,350.5
177431665.063,822.2999999999995,350.5
177431667.063,822.2999999999995,350.5
177431669.063,822.2999999999995,350.5
177431671.063,822.2999999999995,350.5
177431673.063,822.2999999999995,350.5
177431675.063,822.2999999999995,350.5
177431677.063,822.2999999999995,350.5
177431679.063,822.2999999999995,350.5
177431681.063,822.2999999999995,350.5
177431683.063,822.2999999999995,350.5
177431685.063,822.2999999999995,350.5
177431687.063,822.2999999999995,350.5
177431689.063,822.2999999999995,350.5
177431691.063,822.2999999999995,350.5
177431693.063,822.2999999999995,350.5
177431695.063,822.2999999999995,350.5
177431697.063,822.2999999999995,350.5
177431699.063,822.2999999999995,350.5
177431701.063,822.2999999999995,350.5
177431703.063,822.2999999999995,350.5
177431705.063,822.2999999999995,350.5
177431707.063,822.2999999999995,350.5
177431709.063,822.2999999999995,350.5
177431711.063,822.2999999999995,350.5
177431713.063,822.2999999999995,350.5
177431715.063,822.2999999999995,350.5
177431717.063,822.2999999999995,350.5
177431719.063,822.2999999999995,350.5
177431721.063,822.2999999999995,350.5
177431723.063,822.2999999999995,350.5
177431725.063,822.2999999999995,350.5
177431727.063,822.2999999999995,350.5
177431729.063,822.2999999999995,350.5
177431731.063,822.2999999999995,350.5
177431733.063,822.2999999999995,350.5
177431735.063,822.2999999999995,350.5
177431737.063,822.2999999999995,350.5
177431739.063,822.2999999999995,350.5
177431741.063,822.2999999999995,350.5
177431743.063,822.2999999999995,350.5
177431745.063,822.2999999999995,350.5
177431747.063,822.2999999999995,350.5
177431749.063,822.2999999999995,350.5
177431751.063,822.2999999999995,350.5
177431753.063,822.2999999999995,350.5
177431755.063,822.2999999999995,350.5
177431757.063,822.2999999999995,350.5
177431759.063,822.2999999999995,350.5
177431761.063,822.2999999999995,350.6
177431763.063,822.2999999999995,350.6
177431765.063,822.2999999999995,350.6
177431767.063,822.2999999999995,350.6
177431769.063,822.2999999999995,350.6
177431771.063,822.2999999999995,350.6
177431773.063,822.2999999999995,350.6
177431775.063,822.2999999999995,350.6
177431777.063,822.2999999999995,350.6
177431779.063,822.2999999999995,350.6
177431781.063,822.2999999999995,350.6
177431783.063,822.2999999999995,350.6
177431785.063,822.2999999999995,350.6
177431787.063,822.2999999999995,350.6
177431789.063,822.2999999999995,350.6
177431791.063,822.2999999999995,350.6
177431793.063,822.2999999999995,350.6
177431795.063,822.2999999999995,350.6
177431797.063,822.2999999999995,350.6
177431799.063,822.2999999999995,350.6
177431801.063,822.2999999999995,350.6
177431803.063,822.2999999999995,350.6
177431805.063,822.2999999999995,350.6
177431807.063,822.2999999999995,350.6
177431809.063,822.2999999999995,350.6
177431811.063,822.2999999999995,350.6
177431813.063,822.2999999999995,350.6
177431815.063,822.2999999999995,350.6
177431817.063,822.2999999999995,350.6
177431819.063,822.2999999999995,350.6
177431821.063,822.2999999999995,350.6
177431823.063,822.2999999999995,350.6
177431825.063,822.2999999999995,350.6
177431827.063,822.2999999999995,350.6
177431829.063,822.2999999999995,350.6
177431831.063,822.2999999999995,350.6
177431833.063,822.2999999999995,350.6
177431835.063,822.2999999999995,350.6
177431837.063,822.2999999999995,350.6
177431839.063,822.2999999999995,350.6
177431841.063,822.2999999999995,350.6
177431843.063,822.1999999999995,350.6
177431845.063,822.1999999999995,350.6
177431847.063,822.1999999999995,350.6
177431849.063,822.1999999999995,350.6
177431851.063,822.1999999999995,350.6
177431853.063,822.1999999999995,350.6
177431855.063,822.1999999999995,350.6
177431857.063,822.1999999999995,350.6
177431859.063,822.1999999999995,350.6
177431861.063,822.1999999999995,350.6
177431863.063,822.1999999999995,350.6
177431865.063,822.1999999999995,350.6
177431867.063,822.1999999999995,350.6
177431869.063,822.1999999999995,350.6
177431871.063,822.1999999999995,350.6
177431873.063,822.0999999999995,350.6
177431875.063,822.0999999999995,350.6
177431877.063,822.0999999999995,350.6
177431879.063,822.0999999999995,350.6
177431881.063,822.0999999999995,350.6
177431883.063,822.0999999999995,350.6
177431885.063,822.0999999999995,350.6
177431887.063,822.0999999999995,350.6
177431889.063,822.0999999999995,350.6
177431891.063,822.0999999999995,350.6
177431893.063,822.0999999999995,350.6
177431895.063,822.0999999999995,350.6
177431897.063,822.0999999999995,350.6
177431899.063,822.0999999999995,350.6
177431901.063,822.0999999999995,350.6
177431903.063,822.0999999999995,350.6
177431905.063,822.0999999999995,350.6
177431907.063,822.0999999999995,350.6
177431909.063,822.0999999999995,350.6
177431911.063,822.0999999999995,350.6
177431913.063,822.0999999999995,350.6
177431915.063,822.0999999999995,350.6
177431917.063,822.0999999999995,350.6
177431919.063,822.0999999999995,350.6
177431921.063,822.0999999999995,350.6
177431923.063,822.0999999999995,350.6
177431925.063,822.0999999999995,350.6
177431927.063,822.0999999999995,350.6
177431929.063,822.0999999999995,350.6
177431931.063,822.0999999999995,350.6
177431933.063,822.0999999999995,350.6
177431935.063,822.0999999999995,350.6
177431937.063,822.0999999999995,350.6
177431939.063,822.0999999999995,350.6
177431941.063,822.0999999999995,350.6
177431943.063,821.9999999999994,350.6
177431945.063,821.9999999999994,350.6
177431947.063,821.9999999999994,350.6
177431949.063,821.9999999999994,350.6
177431951.063,821.9999999999994,350.6
177431953.063,821.9999999999994,350.6
177431955.063,821.9999999999994,350.6
177431957.063,821.9999999999994,350.6
177431959.063,821.9999999999994,350.6
177431961.063,821.9999999999994,350.6
177431963.063,821.9999999999994,350.6
177431965.063,821.9999999999994,350.6
177431967.063,821.9999999999994,350.6
177431969.063,821.9999999999994,350.6
177431971.063,821.8999999999994,350.6
177431973.063,821.8999999999994,350.6
177431975.063,821.8999999999994,350.6
177431977.063,821.8999999999994,350.6
177431979.063,821.8999999999994,350.6
177431981.063,821.8999999999994,350.6
177431983.063,821.8999999999994,350.6
177431985.063,821.8999999999994,350.6
177431987.063,821.8999999999994,350.6
177431989.063,821.8999999999994,350.6
177431991.063,821.8999999999994,350.6
177431993.063,821.8999999999994,350.6
177431995.063,821.8999999999994,350.6
177431997.063,821.8999999999994,350.6
177431999.063,821.8999999999994,350.6
177432001.063,821.8999999999994,350.6
177432003.063,821.8999999999994,350.6
177432005.063,821.8999999999994,350.6
177432007.063,821.8999999999994,350.6
177432009.063,821.8999999999994,350.6
177432011.063,821.8999999999994,350.6
177432013.063,821.8999999999994,350.6
177432015.063,821.8999999999994,350.6
177432017.063,821.8999999999994,350.6
177432019.063,821.8999999999994,350.6
177432021.063,821.8999999999994,350.6
177432023.063,821.8999999999994,350.6
177432025.063,821.8999999999994,350.6
177432027.063,821.8999999999994,350.6
177432029.063,821.8999999999994,350.6
177432031.063,821.8999999999994,350.6
177432033.063,821.8999999999994,350.6
177432035.063,821.8999999999994,350.6
177432037.063,821.8999999999994,350.6
177432039.063,821.8999999999994,350.6
177432041.063,821.8999999999994,350.6
177432043.063,821.8999999999994,350.6
177432045.063,821.8999999999994,350.6
177432047.063,821.8999999999994,350.6
177432049.063,821.8999999999994,350.6
177432051.063,821.8999999999994,350.6
177432053.063,821.8999999999994,350.6
177432055.063,821.8999999999994,350.6
177432057.063,821.8999999999994,350.6
177432059.063,821.8999999999994,350.6
177432061.063,821.8999999999994,350.6
177432063.063,821.8999999999994,350.6
177432065.063,821.8999999999994,350.6
177432067.063,821.8999999999994,350.6
177432069.063,821.8999999999994,350.6
177432071.063,821.8999999999994,350.6
177432073.063,821.8999999999994,350.6
177432075.063,821.8999999999994,350.6
177432077.063,821.8999999999994,350.6
177432079.063,821.8999999999994,350.6
177432081.063,821.8999999999994,350.6
177432083.063,821.8999999999994,350.6
177432085.063,821.8999999999994,350.6
177432087.063,821.8999999999994,350.6
177432089.063,821.8999999999994,350.6
177432091.063,821.8999999999994,350.6
177432093.063,821.8999999999994,350.6
177432095.063,821.8999999999994,350.6
177432097.063,821.8999999999994,350.6
177432099.063,821.8999999999994,350.6
177432101.063,821.8999999999994,350.6
177432103.063,821.8999999999994,350.6
177432105.063,821.8999999999994,350.6
177432107.063,821.8999999999994,350.6
177432109.063,821.8999999999994,350.6
177432111.063,821.8999999999994,350.6
177432113.063,821.8999999999994,350.6
177432115.063,821.8999999999994,350.6
177432117.063,821.8999999999994,350.6
177432119.063,821.8999999999994,350.6
177432121.063,821.8999999999994,350.6
177432123.063,821.8999999999994,350.6
177432125.063,821.8999999999994,350.6
177432127.063,821.8999999999994,350.6
177432129.063,821.8999999999994,350.6
177432131.063,821.8999999999994,350.6
177432133.063,821.8999999999994,350.6
177432135.063,821.8999999999994,350.6
177432137.063,821.8999999999994,350.6
177432139.063,821.8999999999994,350.6
177432141.063,821.8999999999994,350.6
177432143.063,821.8999999999994,350.6
177432145.063,821.8999999999994,350.6
177432147.063,821.8999999999994,350.6
177432149.063,821.8999999999994,350.6
177432151.063,821.8999999999994,350.6
177432153.063,821.8999999999994,350.6
177432155.063,821.8999999999994,350.6
177432157.063,821.8999999999994,350.6
177432159.063,821.8999999999994,350.6
177432161.063,821.8999999999994,350.6
177432163.063,821.8999999999994,350.6
177432165.063,821.8999999999994,350.6
177432167.063,821.8999999999994,350.6
177432169.063,821.8999999999994,350.6
177432171.063,821.8999999999994,350.6
177432173.063,821.8999999999994,350.6
177432175.063,821.8999999999994,350.6
177432177.063,821.8999999999994,350.6
177432179.063,821.8999999999994,350.6
177432181.063,821.8999999999994,350.6
177432183.063,821.8999999999994,350.6
177432185.063,821.8999999999994,350.6
177432187.063,821.7999999999994,350.6
177432189.063,821.7999999999994,350.6
177432191.063,821.7999999999994,350.6
177432193.063,821.7999999999994,350.6
177432195.063,821.7999999999994,350.6
177432197.063,821.7999999999994,350.6
177432199.063,821.7999999999994,350.6
177432201.063,821.7999999999994,350.6
177432203.063,821.7999999999994,350.6
177432205.063,821.7999999999994,350.6
177432207.063,821.7999999999994,350.6
177432209.063,821.7999999999994,350.6
177432211.063,821.7999999999994,350.6
177432213.063,821.7999999999994,350.6
177432215.063,821.7999999999994,350.6
177432217.063,821.7999999999994,350.6
177432219.063,821.7999999999994,350.6
177432221.063,821.7999999999994,350.6
177432223.063,821.7999999999994,350.6
177432225.063,821.7999999999994,350.6
177432227.063,821.7999999999994,350.6
177432229.063,821.7999999999994,350.6
177432231.063,821.7999999999994,350.6
177432233.063,821.7999999999994,350.6
177432235.063,821.7999999999994,350.6
177432237.063,821.7999999999994,350.6
177432239.063,821.7999999999994,350.6
177432241.063,821.7999999999994,350.6
177432243.063,821.7999999999994,350.6
177432245.063,821.7999999999994,350.6
177432247.063,821.7999999999994,350.6
177432249.063,821.7999999999994,350.6
177432251.063,821.7999999999994,350.6
177432253.063,821.7999999999994,350.6
177432255.063,821.7999999999994,350.6
177432257.063,821.7999999999994,350.6
177432259.063,821.7999999999994,350.6
177432261.063,821.7999999999994,350.6
177432263.063,821.7999999999994,350.6
177432265.063,821.7999999999994,350.6
177432267.063,821.7999999999994,350.6
177432269.063,821.7999999999994,350.6
177432271.063,821.7999999999994,350.6
177432273.063,821.7999999999994,350.6
177432275.063,821.7999999999994,350.6
177432277.063,821.7999999999994,350.6
177432279.063,821.7999999999994,350.6
177432281.063,821.7999999999994,350.6
177432283.063,821.7999999999994,350.6
177432285.063,821.7999999999994,350.6
177432287.063,822.1999999999994,350.6
177432289.063,822.1999999999994,350.6
177432291.063,822.1999999999994,350.6
177432293.063,822.1999999999994,350.6
177432295.063,822.1999999999994,350.6
177432297.063,822.1999999999994,350.6
177432299.063,822.1999999999994,350.6
177432301.063,822.1999999999994,350.6
177432303.063,822.1999999999994,350.6
177432305.063,822.1999999999994,350.6
177432307.063,822.1999999999994,350.6
177432309.063,822.1999999999994,350.6
177432311.063,822.1999999999994,350.6
177432313.063,822.1999999999994,350.6
177432315.063,822.1999999999994,350.6
177432317.063,822.1999999999994,350.6
177432319.063,822.1999999999994,350.6
177432321.063,822.1999999999994,350.6
177432323.063,822.1999999999994,350.6
177432325.063,822.1999999999994,350.6
177432327.063,822.1999999999994,350.6
177432329.063,822.1999999999994,350.6
177432331.063,822.1999999999994,350.6
177432333.063,822.1999999999994,350.6
177432335.063,822.1999999999994,350.6
177432337.063,822.1999999999994,350.6
177432339.063,822.1999999999994,350.6
177432341.063,822.1999999999994,350.6
177432343.063,822.1999999999994,350.6
177432345.063,822.1999999999994,350.6
177432347.063,822.1999999999994,350.6
177432349.063,822.1999999999994,350.6
177432351.063,822.1999999999994,350.6
177432353.063,822.1999999999994,350.6
177432355.063,822.1999999999994,350.6
177432357.063,822.1999999999994,350.6
177432359.063,822.1999999999994,350.6
177432361.063,822.1999999999994,350.6
177432363.063,822.1999999999994,350.6
177432365.063,822.1999999999994,350.6
177432367.063,822.1999999999994,350.6
177432369.063,822.1999999999994,350.6
177432371.063,822.1999999999994,350.6
177432373.063,822.1999999999994,350.6
177432375.063,822.1999999999994,350.6
177432377.063,822.1999999999994,350.6
177432379.063,822.1999999999994,350.6
177432381.063,822.0999999999993,350.6
177432383.063,822.0999999999993,350.6
177432385.063,822.0999999999993,350.6
177432387.063,822.0999999999993,350.6
177432389.063,822.0999999999993,350.6
177432391.063,822.0999999999993,350.6
177432393.063,822.0999999999993,350.6
177432395.063,822.0999999999993,350.6
177432397.063,822.0999999999993,350.6
177432399.063,822.0999999999993,350.6
177432401.063,822.0999999999993,350.6
177432403.063,822.0999999999993,350.6
177432405.063,822.0999999999993,350.6
177432407.063,822.0999999999993,350.6
177432409.063,822.0999999999993,350.6
177432411.063,822.0999999999993,350.6
177432413.063,822.0999999999993,350.6
177432415.063,822.0999999999993,350.6
177432417.063,822.0999999999993,350.6
177432419.063,822.0999999999993,350.6
177432421.063,822.0999999999993,350.6
177432423.063,822.0999999999993,350.6
177432425.063,822.0999999999993,350.6
177432427.063,822.0999999999993,350.6
177432429.063,822.0999999999993,350.6
177432431.063,822.0999999999993,350.6
177432433.063,822.0999999999993,350.6
177432435.063,822.0999999999993,350.6
177432437.063,822.0999999999993,350.6
177432439.063,822.0999999999993,350.6
177432441.063,822.0999999999993,350.6
177432443.063,822.0999999999993,350.6
177432445.063,822.0999999999993,350.6
177432447.063,822.0999999999993,350.6
177432449.063,822.0999999999993,350.6
177432451.063,822.0999999999993,350.6
177432453.063,822.0999999999993,350.6
177432455.063,822.0999999999993,350.6
177432457.063,822.0999999999993,350.6
177432459.063,822.0999999999993,350.6
177432461.063,821.9999999999993,350.6
177432463.063,821.9999999999993,350.6
177432465.063,821.9999999999993,350.6
177432467.063,821.9999999999993,350.6
177432469.063,821.9999999999993,350.6
177432471.063,821.9999999999993,350.6
177432473.063,821.9999999999993,350.6
177432475.063,821.9999999999993,350.6
177432477.063,821.9999999999993,350.6
177432479.063,821.9999999999993,350.6
177432481.063,821.9999999999993,350.6
177432483.063,821.9999999999993,350.6
177432485.063,821.9999999999993,350.6
177432487.063,821.9999999999993,350.6
177432489.063,821.9999999999993,350.6
177432491.063,821.9999999999993,350.6
177432493.063,821.9999999999993,350.6
177432495.063,821.9999999999993,350.6
177432497.063,821.9999999999993,350.6
177432499.063,821.9999999999993,350.6
177432501.063,821.9999999999993,350.6
177432503.063,821.9999999999993,350.6
177432505.063,821.9999999999993,350.6
177432507.063,821.9999999999993,350.6
177432509.063,821.9999999999993,350.6
177432511.063,821.9999999999993,350.6
177432513.063,821.9999999999993,350.6
177432515.063,822.1999999999994,350.6
177432517.063,822.1999999999994,350.6
177432519.063,822.1999999999994,350.6
177432521.063,822.1999999999994,350.6
177432523.063,822.1999999999994,350.6
177432525.063,822.1999999999994,350.6
177432527.063,822.1999999999994,350.6
177432529.063,822.1999999999994,350.6
177432531.063,822.1999999999994,350.6
177432533.063,822.1999999999994,350.6
177432535.063,822.1999999999994,350.6
177432537.063,822.1999999999994,350.6
177432539.063,822.1999999999994,350.6
177432541.063,822.1999999999994,350.6
177432543.063,822.1999999999994,350.6
177432545.063,822.1999999999994,350.6
177432547.063,822.1999999999994,350.6
177432549.063,822.1999999999994,350.6
177432551.063,822.1999999999994,350.6
177432553.063,822.1999999999994,350.6
177432555.063,822.1999999999994,350.6
177432557.063,822.1999999999994,350.6
177432559.063,822.1999999999994,350.6
177432561.063,822.1999999999994,350.6
177432563.063,822.1999999999994,350.6
177432565.063,822.1999999999994,350.6
177432567.063,822.1999999999994,350.6
177432569.063,822.1999999999994,350.6
177432571.063,822.1999999999994,350.6
177432573.063,822.1999999999994,350.6
177432575.063,822.1999999999994,350.6
177432577.063,822.1999999999994,350.6
177432579.063,822.1999999999994,350.6
177432581.063,822.1999999999994,350.6
177432583.063,822.1999999999994,350.6
177432585.063,822.1999999999994,350.6
177432587.063,822.1999999999994,350.6
177432589.063,822.1999999999994,350.6
177432591.063,822.1999999999994,350.6
177432593.063,822.1999999999994,350.6
177432595.063,822.1999999999994,350.6
177432597.063,822.1999999999994,350.6
177432599.063,822.1999999999994,350.6
177432601.063,822.1999999999994,350.6
177432603.063,822.1999999999994,350.6
177432605.063,822.1999999999994,350.6
177432607.063,822.1999999999994,350.6
177432609.063,822.1999999999994,350.6
177432611.063,822.1999999999994,350.70000000000005
177432613.063,822.1999999999994,350.70000000000005
177432615.063,822.1999999999994,350.70000000000005
177432617.163,822.1999999999994,350.70000000000005
177432619.063,822.1999999999994,350.70000000000005
177432621.063,822.1999999999994,350.70000000000005
177432623.063,822.1999999999994,350.70000000000005
177432625.063,822.1999999999994,350.70000000000005
177432627.063,822.1999999999994,350.70000000000005
177432629.063,822.1999999999994,350.70000000000005
177432631.063,822.1999999999994,350.70000000000005
177432633.063,822.1999999999994,350.70000000000005
177432635.063,822.1999999999994,350.70000000000005
177432637.063,822.1999999999994,350.70000000000005
177432639.063,822.1999999999994,350.70000000000005
177432641.063,822.1999999999994,350.70000000000005
177432643.063,822.1999999999994,350.70000000000005
177432645.063,822.1999999999994,350.70000000000005
177432647.063,822.1999999999994,350.70000000000005
177432649.063,822.1999999999994,350.70000000000005
177432651.063,822.1999999999994,350.70000000000005
177432653.063,822.1999999999994,350.70000000000005
177432655.063,822.1999999999994,350.70000000000005
177432657.063,822.1999999999994,350.70000000000005
177432659.063,822.1999999999994,350.70000000000005
177432661.063,822.1999999999994,350.70000000000005
177432663.063,822.1999999999994,350.70000000000005
177432665.063,822.1999999999994,350.70000000000005
177432667.063,822.1999999999994,350.70000000000005
177432669.063,822.1999999999994,350.70000000000005
177432671.063,822.1999999999994,350.70000000000005
177432673.063,822.1999999999994,350.70000000000005
177432675.063,822.1999999999994,350.70000000000005
177432677.063,822.1999999999994,350.70000000000005
177432679.063,822.1999999999994,350.70000000000005
177432681.063,822.1999999999994,350.70000000000005
177432683.063,822.1999999999994,350.70000000000005
177432685.063,822.1999999999994,350.70000000000005
177432687.063,822.1999999999994,350.70000000000005
177432689.063,822.1999999999994,350.70000000000005
177432691.063,822.1999999999994,350.70000000000005
177432693.063,822.1999999999994,350.70000000000005
177432695.063,822.1999999999994,350.70000000000005
177432697.063,822.1999999999994,350.70000000000005
177432699.063,822.1999999999994,350.70000000000005
177432701.063,822.1999999999994,350.70000000000005
177432703.063,822.1999999999994,350.70000000000005
177432705.063,822.1999999999994,350.70000000000005
177432707.063,822.1999999999994,350.70000000000005
177432709.063,822.1999999999994,350.70000000000005
177432711.063,822.1999999999994,350.70000000000005
177432713.063,822.1999999999994,350.70000000000005
177432715.063,822.1999999999994,350.70000000000005
177432717.063,822.1999999999994,350.70000000000005
177432719.063,822.1999999999994,350.70000000000005
177432721.063,822.1999999999994,350.70000000000005
177432723.063,822.1999999999994,350.70000000000005
177432725.063,822.1999999999994,350.70000000000005
177432727.063,822.1999999999994,350.70000000000005
177432729.063,822.0999999999993,350.70000000000005
177432731.063,822.0999999999993,350.70000000000005
177432733.063,822.0999999999993,350.70000000000005
177432735.063,822.0999999999993,350.70000000000005
177432737.063,822.0999999999993,350.70000000000005
177432739.063,822.0999999999993,350.70000000000005
177432741.063,822.0999999999993,350.70000000000005
177432743.063,822.0999999999993,350.70000000000005
177432745.063,822.0999999999993,350.70000000000005
177432747.063,822.0999999999993,350.70000000000005
177432749.063,822.0999999999993,350.70000000000005
177432751.063,822.0999999999993,350.70000000000005
177432753.063,822.0999999999993,350.70000000000005
177432755.063,822.0999999999993,350.70000000000005
177432757.063,822.0999999999993,350.6
177432759.063,822.0999999999993,350.8
177432761.063,822.0999999999993,350.8
177432763.063,822.0999999999993,350.8
177432765.063,822.0999999999993,350.8
177432767.063,822.0999999999993,350.8
177432769.063,822.0999999999993,350.8
177432771.063,822.0999999999993,350.8
177432773.063,822.0999999999993,350.8
177432775.063,822.0999999999993,350.8
177432777.063,822.0999999999993,350.8
177432779.063,822.0999999999993,350.8
177432781.063,822.0999999999993,350.8
177432783.063,822.0999999999993,350.8
177432785.063,822.0999999999993,350.8
177432787.063,822.0999999999993,350.8
177432789.063,822.0999999999993,350.8
177432791.063,822.0999999999993,350.8
177432793.063,822.0999999999993,350.8
177432795.063,822.0999999999993,350.8
177432797.063,822.0999999999993,350.8
177432799.063,822.0999999999993,350.8
177432801.063,822.0999999999993,350.8
177432803.063,822.0999999999993,350.8
177432805.063,822.0999999999993,350.8
177432807.063,822.0999999999993,350.8
177432809.063,822.0999999999993,350.8
177432811.063,822.0999999999993,350.8
177432813.063,822.0999999999993,350.8
177432815.063,822.0999999999993,350.8
177432817.063,822.0999999999993,350.8
177432819.063,822.0999999999993,350.8
177432821.063,822.0999999999993,350.8
177432823.063,822.0999999999993,350.8
177432825.063,822.0999999999993,350.8
177432827.063,822.0999999999993,350.8
177432829.063,822.0999999999993,350.8
177432831.063,822.0999999999993,350.8
177432833.063,822.0999999999993,350.8
177432835.063,822.0999999999993,350.8
177432837.063,822.0999999999993,350.8
177432839.063,822.0999999999993,350.8
177432841.063,822.0999999999993,350.8
177432843.063,822.0999999999993,350.8
177432845.063,822.0999999999993,350.8
177432847.063,822.0999999999993,350.8
177432849.063,822.0999999999993,350.8
177432851.063,822.0999999999993,350.8
177432853.063,822.0999999999993,350.8
177432855.063,822.0999999999993,350.8
177432857.063,822.0999999999993,350.8
177432859.063,822.0999999999993,350.8
177432861.063,822.0999999999993,350.8
177432863.063,822.0999999999993,350.8
177432865.063,822.0999999999993,350.8
177432867.063,822.0999999999993,350.8
177432869.063,822.0999999999993,350.8
177432871.063,822.0999999999993,350.8
177432873.063,822.0999999999993,350.8
177432875.063,822.0999999999993,350.8
177432877.063,822.0999999999993,350.8
177432879.063,822.0999999999993,350.8
177432881.063,822.0999999999993,350.8
177432883.063,822.0999999999993,350.8
177432885.063,822.0999999999993,350.8
177432887.063,822.0999999999993,350.8
177432889.063,822.0999999999993,350.8
177432891.063,822.0999999999993,350.8
177432893.063,822.0999999999993,350.8
177432895.063,822.0999999999993,350.8
177432897.063,822.0999999999993,350.8
177432899.063,822.0999999999993,350.8
177432901.063,822.0999999999993,350.8
177432903.063,822.0999999999993,350.8
177432905.063,822.0999999999993,350.8
177432907.063,822.0999999999993,350.8
177432909.063,822.0999999999993,350.8
177432911.063,822.0999999999993,350.8
177432913.063,822.0999999999993,350.8
177432915.063,822.0999999999993,350.8
177432917.063,822.0999999999993,350.8
177432919.063,822.0999999999993,350.8
177432921.063,822.0999999999993,350.8
177432923.063,822.0999999999993,350.8
177432925.063,822.0999999999993,350.8
177432927.063,822.0999999999993,350.8
177432929.063,822.0999999999993,350.8
177432931.063,822.0999999999993,350.8
177432933.063,822.0999999999993,350.8
177432935.063,822.0999999999993,350.8
177432937.063,822.0999999999993,350.8
177432939.063,822.0999999999993,350.8
177432941.063,821.9999999999993,350.8
177432943.063,821.9999999999993,350.8
177432945.063,821.9999999999993,350.8
177432947.063,821.9999999999993,350.8
177432949.063,821.9999999999993,350.8
177432951.063,821.9999999999993,350.8
177432953.063,821.9999999999993,350.8
177432955.063,821.9999999999993,350.8
177432957.063,821.9999999999993,350.8
177432959.063,821.9999999999993,350.8
177432961.063,821.9999999999993,350.8
177432963.063,821.9999999999993,350.8
177432965.063,821.9999999999993,350.8
177432967.063,821.9999999999993,350.8
177432969.063,821.9999999999993,350.8
177432971.063,821.9999999999993,350.8
177432973.063,821.9999999999993,350.8
177432975.063,821.9999999999993,350.8
177432977.063,821.9999999999993,350.8
177432979.063,821.9999999999993,350.8
177432981.063,821.9999999999993,350.8
177432983.063,821.9999999999993,350.8
177432985.063,821.9999999999993,350.8
177432987.063,821.9999999999993,350.8
177432989.063,821.9999999999993,350.8
177432991.063,821.9999999999993,350.8
177432993.063,821.9999999999993,350.8
177432995.063,821.9999999999993,350.8
177432997.063,821.9999999999993,350.8
177432999.063,821.9999999999993,350.8
177433001.063,821.9999999999993,350.8
177433003.063,821.9999999999993,350.8
177433005.063,821.9999999999993,350.8
177433007.063,821.9999999999993,350.8
177433009.063,821.9999999999993,350.8
177433011.063,821.9999999999993,350.8
177433013.063,821.9999999999993,350.8
177433015.063,821.9999999999993,350.8
177433017.063,821.9999999999993,350.8
177433019.063,821.9999999999993,350.6
177433021.063,821.9999999999993,350.6
177433023.063,821.9999999999993,350.6
177433025.063,821.9999999999993,350.6
177433027.063,821.9999999999993,350.6
177433029.063,821.9999999999993,350.6
177433031.063,821.9999999999993,350.6
177433033.063,821.9999999999993,350.6
177433035.063,821.9999999999993,350.6
177433037.063,821.9999999999993,350.6
177433039.063,821.9999999999993,350.6
177433041.063,821.9999999999993,350.6
177433043.063,821.9999999999993,350.6
177433045.063,821.9999999999993,350.6
177433047.063,821.9999999999993,350.6
177433049.063,821.9999999999993,350.6
177433051.063,821.9999999999993,350.6
177433053.063,821.9999999999993,350.6
177433055.063,821.9999999999993,350.70000000000005
177433057.063,821.9999999999993,350.70000000000005
177433059.063,821.9999999999993,350.70000000000005
177433061.063,821.9999999999993,350.70000000000005
177433063.063,821.8999999999993,350.70000000000005
177433065.063,821.8999999999993,350.70000000000005
177433067.063,821.8999999999993,350.70000000000005
177433069.063,821.8999999999993,350.70000000000005
177433071.063,821.8999999999993,350.70000000000005
177433073.063,821.8999999999993,350.70000000000005
177433075.063,821.8999999999993,350.80000000000007
177433077.063,821.8999999999993,350.80000000000007
177433079.063,821.8999999999993,350.80000000000007
177433081.063,821.8999999999993,350.80000000000007
177433083.063,821.8999999999993,350.80000000000007
177433085.063,821.8999999999993,350.80000000000007
177433087.063,821.8999999999993,350.80000000000007
177433089.063,821.8999999999993,350.80000000000007
177433091.063,821.8999999999993,350.80000000000007
177433093.063,821.8999999999993,350.80000000000007
177433095.063,821.8999999999993,350.80000000000007
177433097.063,821.8999999999993,350.80000000000007
177433099.063,821.8999999999993,350.80000000000007
177433101.063,821.8999999999993,350.80000000000007
177433103.063,821.8999999999993,350.80000000000007
177433105.063,821.8999999999993,350.80000000000007
177433107.063,821.8999999999993,350.80000000000007
177433109.063,821.8999999999993,350.80000000000007
177433111.063,821.8999999999993,350.80000000000007
177433113.063,821.8999999999993,350.80000000000007
177433115.063,821.8999999999993,350.80000000000007
177433117.063,821.8999999999993,350.80000000000007
177433119.063,821.8999999999993,350.80000000000007
177433121.063,821.8999999999993,350.80000000000007
177433123.063,821.8999999999993,350.80000000000007
177433125.063,821.8999999999993,350.80000000000007
177433127.063,821.8999999999993,350.9000000000001
177433129.063,821.8999999999993,350.9000000000001
177433131.063,821.8999999999993,350.9000000000001
177433133.063,821.8999999999993,350.9000000000001
177433135.063,821.8999999999993,350.9000000000001
177433137.063,821.8999999999993,350.9000000000001
177433139.063,821.8999999999993,350.9000000000001
177433141.063,821.8999999999993,350.9000000000001
177433143.063,821.8999999999993,350.9000000000001
177433145.063,821.8999999999993,350.9000000000001
177433147.063,821.8999999999993,350.9000000000001
177433149.063,821.8999999999993,350.9000000000001
177433151.063,821.8999999999993,350.9000000000001
177433153.063,821.8999999999993,350.9000000000001
177433155.063,821.8999999999993,350.9000000000001
177433157.063,821.8999999999993,350.9000000000001
177433159.063,821.8999999999993,351.0000000000001
177433161.063,821.8999999999993,351.0000000000001
177433163.063,821.8999999999993,351.0000000000001
177433165.063,821.8999999999993,351.0000000000001
177433167.063,821.8999999999993,351.0000000000001
177433169.063,821.8999999999993,351.0000000000001
177433171.063,821.8999999999993,351.0000000000001
177433173.063,821.8999999999993,351.0000000000001
177433175.063,821.8999999999993,351.0000000000001
177433177.063,821.8999999999993,351.0000000000001
177433179.063,821.8999999999993,351.0000000000001
177433181.063,821.8999999999993,351.0000000000001
177433183.063,821.8999999999993,351.0000000000001
177433185.063,821.8999999999993,351.0000000000001
177433187.063,821.8999999999993,351.0000000000001
177433189.063,821.8999999999993,351.0000000000001
177433191.063,821.8999999999993,351.0000000000001
177433193.063,821.8999999999993,351.0000000000001
177433195.063,821.8999999999993,351.0000000000001
177433197.063,821.8999999999993,351.0000000000001
177433199.063,821.8999999999993,351.0000000000001
177433201.063,821.8999999999993,351.0000000000001
177433203.063,821.8999999999993,351.0000000000001
177433205.063,821.7999999999993,351.0000000000001
177433207.063,821.7999999999993,351.0000000000001
177433209.063,821.7999999999993,351.0000000000001
177433211.063,821.7999999999993,351.0000000000001
177433213.063,821.7999999999993,351.0000000000001
177433215.063,821.7999999999993,351.0000000000001
177433217.063,821.7999999999993,351.0000000000001
177433219.063,821.7999999999993,351.0000000000001
177433221.063,821.7999999999993,351.0000000000001
177433223.063,821.7999999999993,351.0000000000001
177433225.063,821.7999999999993,351.0000000000001
177433227.063,821.7999999999993,351.0000000000001
177433229.063,821.7999999999993,351.0000000000001
177433231.063,821.7999999999993,351.0000000000001
177433233.063,821.7999999999993,351.0000000000001
177433235.063,821.7999999999993,351.0000000000001
177433237.063,821.7999999999993,351.0000000000001
177433239.063,821.7999999999993,351.0000000000001
177433241.063,821.7999999999993,351.0000000000001
177433243.063,821.7999999999993,351.0000000000001
177433245.063,821.7999999999993,351.0000000000001
177433247.063,821.7999999999993,351.0000000000001
177433249.063,821.7999999999993,351.0000000000001
177433251.063,821.7999999999993,351.0000000000001
177433253.063,821.7999999999993,351.0000000000001
177433255.063,821.7999999999993,351.0000000000001
177433257.063,821.7999999999993,351.0000000000001
177433259.063,821.7999999999993,351.0000000000001
177433261.063,821.7999999999993,351.0000000000001
177433263.063,821.7999999999993,351.0000000000001
177433265.063,821.7999999999993,351.0000000000001
177433267.063,821.7999999999993,351.0000000000001
177433269.063,821.7999999999993,351.0000000000001
177433271.063,821.7999999999993,351.0000000000001
177433273.063,821.7999999999993,351.0000000000001
177433275.063,821.7999999999993,351.0000000000001
177433277.063,821.7999999999993,351.0000000000001
177433279.063,821.7999999999993,351.0000000000001
177433281.063,821.7999999999993,351.0000000000001
177433283.063,821.7999999999993,351.0000000000001
177433285.063,821.7999999999993,351.0000000000001
177433287.063,821.7999999999993,351.0000000000001
177433289.063,821.7999999999993,351.0000000000001
177433291.063,821.7999999999993,351.0000000000001
177433293.063,821.7999999999993,351.0000000000001
177433295.163,821.7999999999993,351.0000000000001
177433297.063,821.7999999999993,351.0000000000001
177433299.063,821.7999999999993,351.0000000000001
177433301.063,821.7999999999993,351.0000000000001
177433303.063,821.7999999999993,351.0000000000001
177433305.063,821.7999999999993,351.0000000000001
177433307.063,821.7999999999993,351.0000000000001
177433309.063,821.7999999999993,351.0000000000001
177433311.063,821.7999999999993,351.0000000000001
177433313.063,821.7999999999993,351.0000000000001
177433315.063,821.7999999999993,351.0000000000001
177433317.063,821.7999999999993,351.0000000000001
177433319.063,821.7999999999993,351.0000000000001
177433321.063,821.6999999999992,351.0000000000001
177433323.063,821.6999999999992,351.0000000000001
177433325.063,821.6999999999992,351.0000000000001
177433327.063,821.6999999999992,351.0000000000001
177433329.063,821.6999999999992,351.0000000000001
177433331.063,821.6999999999992,351.0000000000001
177433333.063,821.6999999999992,351.0000000000001
177433335.063,821.6999999999992,351.0000000000001
177433337.063,821.6999999999992,351.0000000000001
177433339.063,821.6999999999992,351.0000000000001
177433341.063,821.6999999999992,351.0000000000001
177433343.063,821.6999999999992,351.0000000000001
177433345.063,821.6999999999992,351.0000000000001
177433347.063,821.6999999999992,351.0000000000001
177433349.063,821.6999999999992,351.0000000000001
177433351.063,821.6999999999992,351.0000000000001
177433353.063,821.6999999999992,351.0000000000001
177433355.063,821.6999999999992,351.0000000000001
177433357.063,821.6999999999992,351.0000000000001
177433359.063,821.6999999999992,351.0000000000001
177433361.063,821.6999999999992,351.0000000000001
177433363.063,821.6999999999992,351.0000000000001
177433365.063,821.6999999999992,351.0000000000001
177433367.063,821.6999999999992,351.0000000000001
177433369.063,821.6999999999992,351.0000000000001
177433371.063,821.6999999999992,351.0000000000001
177433373.063,821.6999999999992,351.0000000000001
177433375.063,821.6999999999992,351.0000000000001
177433377.063,821.6999999999992,351.0000000000001
177433379.063,821.6999999999992,351.0000000000001
177433381.063,821.6999999999992,351.0000000000001
177433383.063,821.6999999999992,351.0000000000001
177433385.063,821.6999999999992,351.0000000000001
177433387.063,821.6999999999992,351.0000000000001
177433389.063,821.6999999999992,351.0000000000001
177433391.063,821.6999999999992,351.0000000000001
177433393.063,821.6999999999992,351.0000000000001
177433395.063,821.5999999999992,351.0000000000001
177433397.063,821.5999999999992,351.0000000000001
177433399.063,821.5999999999992,351.0000000000001
177433401.063,821.5999999999992,351.0000000000001
177433403.063,821.5999999999992,351.0000000000001
177433405.063,821.5999999999992,351.0000000000001
177433407.063,821.5999999999992,351.0000000000001
177433409.063,821.5999999999992,351.0000000000001
177433411.063,821.5999999999992,351.0000000000001
177433413.063,821.5999999999992,351.0000000000001
177433415.063,821.5999999999992,351.0000000000001
177433417.063,821.5999999999992,351.0000000000001
177433419.063,821.5999999999992,351.0000000000001
177433421.063,821.5999999999992,351.0000000000001
177433423.063,821.5999999999992,351.0000000000001
177433425.063,821.5999999999992,351.0000000000001
177433427.063,821.5999999999992,351.0000000000001
177433429.063,821.5999999999992,351.0000000000001
177433431.063,821.5999999999992,351.0000000000001
177433433.063,821.5999999999992,351.0000000000001
177433435.063,821.5999999999992,351.0000000000001
177433437.063,821.5999999999992,351.0000000000001
177433439.063,821.5999999999992,351.0000000000001
177433441.063,821.5999999999992,351.0000000000001
177433443.063,821.5999999999992,351.0000000000001
177433445.063,821.5999999999992,351.0000000000001
177433447.063,821.5999999999992,351.0000000000001
177433449.063,821.5999999999992,351.0000000000001
177433451.063,821.5999999999992,351.0000000000001
177433453.063,821.5999999999992,351.0000000000001
177433455.063,821.5999999999992,351.0000000000001
177433457.063,821.5999999999992,351.0000000000001
177433459.063,821.5999999999992,351.0000000000001
177433461.063,821.5999999999992,351.0000000000001
177433463.063,821.5999999999992,351.0000000000001
177433465.063,821.5999999999992,351.0000000000001
177433467.063,821.5999999999992,351.0000000000001
177433469.063,821.5999999999992,351.0000000000001
177433471.063,821.5999999999992,351.0000000000001
177433473.063,821.5999999999992,351.0000000000001
177433475.063,821.5999999999992,351.0000000000001
177433477.063,821.5999999999992,351.0000000000001
177433479.063,821.5999999999992,351.0000000000001
177433481.063,821.5999999999992,351.0000000000001
177433483.063,821.5999999999992,351.0000000000001
177433485.063,821.5999999999992,351.0000000000001
177433487.063,821.5999999999992,351.0000000000001
177433489.063,821.5999999999992,351.0000000000001
177433491.063,821.5999999999992,351.0000000000001
177433493.063,821.5999999999992,351.0000000000001
177433495.063,821.5999999999992,351.0000000000001
177433497.063,821.5999999999992,351.0000000000001
177433499.063,821.5999999999992,351.0000000000001
177433501.063,821.5999999999992,351.0000000000001
177433503.063,821.5999999999992,351.0000000000001
177433505.063,821.5999999999992,351.0000000000001
177433507.063,821.5999999999992,351.0000000000001
177433509.063,821.5999999999992,351.0000000000001
177433511.063,821.5999999999992,351.0000000000001
177433513.063,821.5999999999992,351.0000000000001
177433515.063,821.5999999999992,351.0000000000001
177433517.063,821.5999999999992,351.0000000000001
177433519.063,821.5999999999992,351.0000000000001
177433521.063,821.5999999999992,351.0000000000001
177433523.063,821.5999999999992,351.0000000000001
177433525.063,821.5999999999992,351.0000000000001
177433527.063,821.5999999999992,351.0000000000001
177433529.063,821.5999999999992,351.0000000000001
177433531.063,821.5999999999992,351.0000000000001
177433533.063,821.5999999999992,351.0000000000001
177433535.063,821.5999999999992,351.0000000000001
177433537.063,821.5999999999992,351.0000000000001
177433539.063,821.5999999999992,351.0000000000001
177433541.063,821.5999999999992,351.0000000000001
177433543.063,821.5999999999992,351.0000000000001
177433545.063,821.5999999999992,351.0000000000001
177433547.063,821.5999999999992,351.0000000000001
177433549.063,821.5999999999992,351.0000000000001
177433551.063,821.5999999999992,351.0000000000001
177433553.063,821.5999999999992,351.0000000000001
177433555.063,821.5999999999992,351.0000000000001
177433557.063,821.5999999999992,351.0000000000001
177433559.063,821.5999999999992,351.0000000000001
177433561.063,821.5999999999992,351.0000000000001
177433563.063,821.5999999999992,351.0000000000001
177433565.063,821.5999999999992,351.0000000000001
177433567.063,821.5999999999992,351.0000000000001
177433569.063,821.5999999999992,351.0000000000001
177433571.063,821.5999999999992,351.0000000000001
177433573.063,821.5999999999992,351.0000000000001
177433575.063,821.5999999999992,351.0000000000001
177433577.063,821.5999999999992,351.0000000000001
177433579.063,821.5999999999992,351.0000000000001
177433581.063,821.5999999999992,351.0000000000001
177433583.063,821.5999999999992,351.0000000000001
177433585.063,821.5999999999992,351.0000000000001
177433587.063,821.5999999999992,351.0000000000001
177433589.063,821.5999999999992,351.0000000000001
177433591.063,821.5999999999992,351.0000000000001
177433593.063,821.5999999999992,351.0000000000001
177433595.063,821.5999999999992,351.0000000000001
177433597.063,821.5999999999992,351.0000000000001
177433599.063,821.5999999999992,351.0000000000001
177433601.063,821.5999999999992,351.0000000000001
177433603.063,821.5999999999992,351.0000000000001
177433605.063,821.5999999999992,351.0000000000001
177433607.063,821.5999999999992,351.0000000000001
177433609.063,821.5999999999992,351.0000000000001
177433611.063,821.5999999999992,350.9000000000001
177433613.063,821.5999999999992,350.9000000000001
177433615.063,821.5999999999992,350.9000000000001
177433617.063,821.5999999999992,350.9000000000001
177433619.063,821.5999999999992,350.9000000000001
177433621.063,821.5999999999992,350.9000000000001
177433623.063,821.4999999999992,350.9000000000001
177433625.063,821.4999999999992,350.9000000000001
177433627.063,821.4999999999992,350.9000000000001
177433629.063,821.4999999999992,351.0000000000001
177433631.063,821.4999999999992,351.0000000000001
177433633.063,821.4999999999992,351.0000000000001
177433635.063,821.4999999999992,351.0000000000001
177433637.063,821.4999999999992,351.0000000000001
177433639.063,821.4999999999992,351.0000000000001
177433641.063,821.4999999999992,351.0000000000001
177433643.063,821.4999999999992,351.0000000000001
177433645.063,821.4999999999992,351.0000000000001
177433647.063,821.4999999999992,351.0000000000001
177433649.063,821.4999999999992,351.0000000000001
177433651.063,821.4999999999992,351.0000000000001
177433653.063,821.4999999999992,351.0000000000001
177433655.063,821.4999999999992,351.0000000000001
177433657.063,821.4999999999992,351.0000000000001
177433659.063,821.4999999999992,351.0000000000001
177433661.063,821.4999999999992,351.0000000000001
177433663.063,821.4999999999992,351.0000000000001
177433665.063,821.4999999999992,351.0000000000001
177433667.063,821.4999999999992,351.0000000000001
177433669.063,821.4999999999992,351.0000000000001
177433671.063,821.4999999999992,351.0000000000001
177433673.063,821.4999999999992,351.0000000000001
177433675.063,821.4999999999992,351.0000000000001
177433677.063,821.4999999999992,351.0000000000001
177433679.063,821.4999999999992,351.0000000000001
177433681.063,821.4999999999992,351.0000000000001
177433683.063,821.4999999999992,351.0000000000001
177433685.063,821.4999999999992,351.0000000000001
177433687.063,821.4999999999992,351.0000000000001
177433689.063,821.4999999999992,351.0000000000001
177433691.063,821.4999999999992,351.0000000000001
177433693.063,821.4999999999992,351.0000000000001
177433695.063,821.4999999999992,351.0000000000001
177433697.063,821.4999999999992,351.0000000000001
177433699.063,821.4999999999992,351.0000000000001
177433701.063,821.4999999999992,351.0000000000001
177433703.063,821.4999999999992,351.0000000000001
177433705.063,821.4999999999992,351.0000000000001
177433707.063,821.4999999999992,351.0000000000001
177433709.063,821.4999999999992,351.0000000000001
177433711.063,821.4999999999992,351.0000000000001
177433713.063,821.4999999999992,351.0000000000001
177433715.063,821.4999999999992,351.0000000000001
177433717.063,821.4999999999992,351.0000000000001
177433719.063,821.4999999999992,351.0000000000001
177433721.063,821.4999999999992,351.0000000000001
177433723.063,821.4999999999992,351.0000000000001
177433725.063,821.4999999999992,351.0000000000001
177433727.063,821.4999999999992,351.0000000000001
177433729.063,821.4999999999992,351.0000000000001
177433731.063,821.4999999999992,351.0000000000001
177433733.063,821.4999999999992,351.0000000000001
177433735.063,821.4999999999992,351.0000000000001
177433737.063,821.4999999999992,351.0000000000001
177433739.063,821.4999999999992,351.0000000000001
177433741.063,821.4999999999992,351.0000000000001
177433743.063,821.4999999999992,351.0000000000001
177433745.063,821.4999999999992,351.0000000000001
177433747.063,821.4999999999992,351.0000000000001
177433749.063,774.3999999999992,351.0000000000001
177433751.063,774.3999999999992,351.0000000000001
177433753.063,774.3999999999992,351.0000000000001
177433755.063,774.3999999999992,351.0000000000001
177433757.063,774.3999999999992,351.0000000000001
177433759.063,774.3999999999992,351.0000000000001
177433761.063,774.3999999999992,351.0000000000001
177433763.063,774.3999999999992,351.0000000000001
177433765.063,774.3999999999992,351.0000000000001
177433767.063,774.3999999999992,351.0000000000001
177433769.063,774.3999999999992,351.0000000000001
177433771.063,774.3999999999992,351.0000000000001
177433773.063,774.3999999999992,351.0000000000001
177433775.063,774.3999999999992,351.0000000000001
177433777.063,774.3999999999992,351.0000000000001
177433779.063,774.3999999999992,351.0000000000001
177433781.063,774.3999999999992,351.0000000000001
177433783.063,774.3999999999992,351.0000000000001
177433785.063,774.3999999999992,351.0000000000001
177433787.063,774.3999999999992,351.0000000000001
177433789.063,774.3999999999992,351.0000000000001
177433791.063,774.3999999999992,351.0000000000001
177433793.063,774.3999999999992,351.0000000000001
177433795.063,774.3999999999992,351.0000000000001
177433797.063,774.3999999999992,351.0000000000001
177433799.063,774.3999999999992,351.0000000000001
177433801.063,774.3999999999992,351.0000000000001
177433803.063,774.3999999999992,351.0000000000001
177433805.063,774.3999999999992,351.0000000000001
177433807.063,774.3999999999992,351.0000000000001
177433809.063,774.3999999999992,351.0000000000001
177433811.063,774.3999999999992,351.0000000000001
177433813.063,774.3999999999992,351.0000000000001
177433815.063,774.3999999999992,351.0000000000001
177433817.063,774.3999999999992,351.0000000000001
177433819.063,774.3999999999992,351.0000000000001
177433821.063,774.3999999999992,351.0000000000001
177433823.063,774.3999999999992,351.0000000000001
177433825.063,774.3999999999992,351.0000000000001
177433827.063,774.3999999999992,351.0000000000001
177433829.063,774.3999999999992,351.0000000000001
177433831.063,774.3999999999992,351.0000000000001
177433833.063,774.3999999999992,351.0000000000001
177433835.063,774.3999999999992,351.0000000000001
177433837.063,774.3999999999992,351.0000000000001
177433839.063,774.3999999999992,351.0000000000001
177433841.063,774.3999999999992,351.0000000000001
177433843.063,774.3999999999992,351.0000000000001
177433845.063,774.3999999999992,351.0000000000001
177433847.063,774.3999999999992,351.0000000000001
177433849.063,774.3999999999992,351.0000000000001
177433851.063,774.3999999999992,351.0000000000001
177433853.063,774.2999999999992,351.0000000000001
177433855.063,774.2999999999992,351.0000000000001
177433857.063,774.2999999999992,351.0000000000001
177433859.063,774.2999999999992,351.0000000000001
177433861.063,774.2999999999992,351.0000000000001
177433863.063,774.2999999999992,351.0000000000001
177433865.063,774.2999999999992,351.0000000000001
177433867.063,774.2999999999992,351.0000000000001
177433869.063,774.2999999999992,351.0000000000001
177433871.063,774.2999999999992,351.0000000000001
177433873.063,774.2999999999992,351.0000000000001
177433875.063,774.2999999999992,351.0000000000001
177433877.063,774.2999999999992,351.0000000000001
177433879.063,774.2999999999992,351.0000000000001
177433881.063,774.2999999999992,351.0000000000001
177433883.063,774.2999999999992,351.0000000000001
177433885.063,774.2999999999992,351.0000000000001
177433887.063,774.2999999999992,351.0000000000001
177433889.063,774.2999999999992,351.0000000000001
177433891.063,774.2999999999992,351.0000000000001
177433893.063,774.2999999999992,351.0000000000001
177433895.063,774.2999999999992,351.0000000000001
177433897.063,774.2999999999992,351.0000000000001
177433899.063,774.2999999999992,351.0000000000001
177433901.063,774.2999999999992,351.0000000000001
177433903.063,774.2999999999992,351.0000000000001
177433905.063,774.2999999999992,351.0000000000001
177433907.063,774.2999999999992,351.0000000000001
177433909.063,774.2999999999992,351.0000000000001
177433911.063,774.2999999999992,351.0000000000001
177433913.063,774.2999999999992,351.0000000000001
177433915.063,774.2999999999992,351.0000000000001
177433917.063,774.2999999999992,351.0000000000001
177433919.063,774.2999999999992,351.0000000000001
177433921.063,774.2999999999992,351.0000000000001
177433923.063,774.2999999999992,351.0000000000001
177433925.063,774.2999999999992,351.0000000000001
177433927.063,774.2999999999992,351.0000000000001
177433929.063,774.2999999999992,351.0000000000001
177433931.063,774.2999999999992,351.0000000000001
177433933.063,774.2999999999992,351.0000000000001
177433935.063,774.2999999999992,351.0000000000001
177433937.063,774.2999999999992,351.0000000000001
177433939.063,774.2999999999992,351.0000000000001
177433941.063,774.2999999999992,351.0000000000001
177433943.063,774.2999999999992,351.0000000000001
177433945.063,774.2999999999992,350.9000000000001
177433947.063,774.2999999999992,350.9000000000001
177433949.063,774.2999999999992,350.9000000000001
177433951.063,774.2999999999992,350.9000000000001
177433953.063,774.2999999999992,350.9000000000001
177433955.063,774.2999999999992,350.9000000000001
177433957.063,774.2999999999992,350.9000000000001
177433959.063,774.2999999999992,350.9000000000001
177433961.063,774.2999999999992,350.9000000000001
177433963.063,774.2999999999992,350.9000000000001
177433965.063,774.2999999999992,350.9000000000001
177433967.063,774.2999999999992,350.9000000000001
177433969.063,774.2999999999992,350.9000000000001
177433971.063,774.2999999999992,350.9000000000001
177433973.063,774.2999999999992,350.9000000000001
177433975.063,774.2999999999992,350.9000000000001
177433977.063,774.2999999999992,350.9000000000001
177433979.063,774.2999999999992,350.9000000000001
177433981.063,774.2999999999992,350.9000000000001
177433983.063,774.2999999999992,351.0000000000001
177433985.063,774.2999999999992,351.0000000000001
177433987.063,774.2999999999992,351.0000000000001
177433989.063,774.2999999999992,351.0000000000001
177433991.063,774.2999999999992,351.0000000000001
177433993.063,774.2999999999992,351.0000000000001
177433995.063,774.2999999999992,351.0000000000001
177433997.063,774.2999999999992,351.0000000000001
177433999.063,774.2999999999992,351.0000000000001
177434001.063,774.2999999999992,351.0000000000001
177434003.063,774.2999999999992,351.0000000000001
177434005.063,774.2999999999992,351.0000000000001
177434007.063,774.2999999999992,351.0000000000001
177434009.063,774.1999999999991,351.0000000000001
177434011.063,774.1999999999991,351.0000000000001
177434013.063,774.1999999999991,351.0000000000001
177434015.063,774.1999999999991,351.0000000000001
177434017.063,774.1999999999991,351.0000000000001
177434019.063,774.1999999999991,351.0000000000001
177434021.063,774.1999999999991,351.0000000000001
177434023.063,774.1999999999991,351.0000000000001
177434025.063,774.1999999999991,351.0000000000001
177434027.063,774.1999999999991,351.0000000000001
177434029.063,774.1999999999991,351.0000000000001
177434031.063,774.1999999999991,351.0000000000001
177434033.063,774.1999999999991,351.0000000000001
177434035.063,774.1999999999991,351.0000000000001
177434037.063,774.1999999999991,351.0000000000001
177434039.063,774.1999999999991,351.0000000000001
177434041.063,774.1999999999991,351.0000000000001
177434043.063,774.1999999999991,351.0000000000001
177434045.063,774.1999999999991,351.0000000000001
177434047.063,774.1999999999991,351.0000000000001
177434049.063,774.1999999999991,351.0000000000001
177434051.063,774.1999999999991,351.0000000000001
177434053.063,774.1999999999991,351.0000000000001
177434055.063,774.1999999999991,351.0000000000001
177434057.063,774.1999999999991,351.0000000000001
177434059.063,774.1999999999991,351.0000000000001
177434061.063,774.1999999999991,351.0000000000001
177434063.063,774.1999999999991,351.0000000000001
177434065.063,774.1999999999991,351.0000000000001
177434067.063,774.1999999999991,351.0000000000001
177434069.063,774.1999999999991,351.0000000000001
177434071.063,774.1999999999991,351.0000000000001
177434073.063,774.1999999999991,351.0000000000001
177434075.063,774.1999999999991,351.0000000000001
177434077.063,774.1999999999991,351.0000000000001
177434079.063,774.1999999999991,351.0000000000001
177434081.063,774.1999999999991,351.0000000000001
177434083.063,774.1999999999991,351.0000000000001
177434085.063,774.1999999999991,351.0000000000001
177434087.063,774.1999999999991,351.0000000000001
177434089.063,774.1999999999991,351.0000000000001
177434091.063,774.1999999999991,351.0000000000001
177434093.063,774.1999999999991,351.0000000000001
177434095.063,774.1999999999991,351.0000000000001
177434097.063,774.1999999999991,351.0000000000001
177434099.063,774.1999999999991,351.0000000000001
177434101.063,774.1999999999991,351.0000000000001
177434103.063,774.1999999999991,351.0000000000001
177434105.063,774.1999999999991,351.0000000000001
177434107.063,774.0999999999991,351.0000000000001
177434109.063,774.0999999999991,351.0000000000001
177434111.063,774.0999999999991,351.0000000000001
177434113.063,774.0999999999991,351.0000000000001
177434115.063,774.0999999999991,351.0000000000001
177434117.063,774.0999999999991,351.0000000000001
177434119.063,774.0999999999991,351.0000000000001
177434121.063,774.0999999999991,351.0000000000001
177434123.063,774.0999999999991,351.0000000000001
177434125.063,774.0999999999991,351.0000000000001
177434127.063,774.0999999999991,351.0000000000001
177434129.063,774.0999999999991,351.0000000000001
177434131.063,774.0999999999991,351.0000000000001
177434133.063,774.0999999999991,351.0000000000001
177434135.063,774.0999999999991,351.0000000000001
177434137.063,774.0999999999991,351.0000000000001
177434139.063,774.0999999999991,351.0000000000001
177434141.063,774.0999999999991,351.0000000000001
177434143.063,774.0999999999991,351.0000000000001
177434145.063,774.0999999999991,351.0000000000001
177434147.063,774.0999999999991,351.0000000000001
177434149.063,774.0999999999991,351.0000000000001
177434151.063,774.0999999999991,351.0000000000001
177434153.063,774.0999999999991,351.0000000000001
177434155.063,774.0999999999991,351.0000000000001
177434157.063,774.0999999999991,351.0000000000001
177434159.063,774.0999999999991,351.0000000000001
177434161.063,774.0999999999991,351.0000000000001
177434163.063,774.0999999999991,351.0000000000001
177434165.063,774.0999999999991,351.0000000000001
177434167.063,774.0999999999991,351.0000000000001
177434169.063,774.0999999999991,351.0000000000001
177434171.063,774.0999999999991,351.0000000000001
177434173.063,774.0999999999991,351.0000000000001
177434175.063,774.0999999999991,351.0000000000001
177434177.063,774.0999999999991,351.0000000000001
177434179.063,774.0999999999991,351.0000000000001
177434181.063,774.0999999999991,351.0000000000001
177434183.063,774.0999999999991,351.0000000000001
177434185.063,774.0999999999991,351.0000000000001
177434187.063,774.0999999999991,351.0000000000001
177434189.063,774.0999999999991,351.0000000000001
177434191.063,774.0999999999991,351.0000000000001
177434193.063,774.0999999999991,351.0000000000001
177434195.063,774.0999999999991,351.0000000000001
177434197.063,774.0999999999991,351.0000000000001
177434199.063,774.0999999999991,351.0000000000001
177434201.063,774.0999999999991,351.0000000000001
177434203.063,774.0999999999991,351.0000000000001
177434205.063,774.0999999999991,351.0000000000001
177434207.063,774.0999999999991,351.0000000000001
177434209.063,774.0999999999991,351.0000000000001
177434211.063,774.0999999999991,351.0000000000001
177434213.063,774.0999999999991,351.0000000000001
177434215.063,774.0999999999991,351.0000000000001
177434217.063,774.0999999999991,351.0000000000001
177434219.063,774.0999999999991,351.0000000000001
177434221.063,774.0999999999991,351.0000000000001
177434223.063,774.0999999999991,351.0000000000001
177434225.063,774.0999999999991,351.0000000000001
177434227.063,774.0999999999991,351.0000000000001
177434229.063,774.0999999999991,351.0000000000001
177434231.063,774.0999999999991,351.0000000000001
177434233.063,774.0999999999991,351.0000000000001
177434235.063,774.0999999999991,351.0000000000001
177434237.063,774.0999999999991,351.0000000000001
177434239.063,774.0999999999991,351.0000000000001
177434241.063,774.0999999999991,351.0000000000001
177434243.063,774.0999999999991,351.0000000000001
177434245.063,774.0999999999991,351.0000000000001
177434247.063,774.0999999999991,351.0000000000001
177434249.063,774.0999999999991,351.0000000000001
177434251.063,774.0999999999991,351.0000000000001
177434253.063,774.0999999999991,351.0000000000001
177434255.063,774.0999999999991,351.0000000000001
177434257.063,774.0999999999991,351.0000000000001
177434259.063,774.0999999999991,351.0000000000001
177434261.063,774.0999999999991,351.10000000000014
177434263.063,774.0999999999991,351.10000000000014
177434265.063,774.0999999999991,351.10000000000014
177434267.063,774.0999999999991,351.10000000000014
177434269.063,774.0999999999991,351.10000000000014
177434271.063,774.0999999999991,351.10000000000014
177434273.063,774.0999999999991,351.10000000000014
177434275.063,774.0999999999991,351.10000000000014
177434277.063,774.0999999999991,351.10000000000014
177434279.063,774.1999999999991,351.10000000000014
177434281.063,774.1999999999991,351.10000000000014
177434283.063,774.1999999999991,351.10000000000014
177434285.063,774.1999999999991,351.10000000000014
177434287.063,774.1999999999991,351.10000000000014
177434289.063,774.1999999999991,351.10000000000014
177434291.063,774.1999999999991,351.10000000000014
177434293.063,774.1999999999991,351.10000000000014
177434295.063,774.1999999999991,351.10000000000014
177434297.063,774.1999999999991,351.10000000000014
177434299.063,774.1999999999991,351.10000000000014
177434301.063,774.1999999999991,351.10000000000014
177434303.063,774.1999999999991,351.0000000000001
177434305.063,774.1999999999991,351.0000000000001
177434307.063,774.1999999999991,351.0000000000001
177434309.063,774.1999999999991,351.0000000000001
177434311.063,774.1999999999991,351.0000000000001
177434313.063,774.1999999999991,351.0000000000001
177434315.063,774.1999999999991,351.0000000000001
177434317.063,774.1999999999991,351.0000000000001
177434319.063,774.1999999999991,351.0000000000001
177434321.063,774.1999999999991,351.0000000000001
177434323.063,774.1999999999991,351.0000000000001
177434325.063,774.1999999999991,351.0000000000001
177434327.063,774.1999999999991,351.0000000000001
177434329.063,774.1999999999991,351.0000000000001
177434331.063,774.1999999999991,351.0000000000001
177434333.063,774.1999999999991,351.0000000000001
177434335.063,774.1999999999991,351.0000000000001
177434337.063,774.1999999999991,351.0000000000001
177434339.063,774.1999999999991,351.0000000000001
177434341.063,774.1999999999991,351.0000000000001
177434343.063,774.1999999999991,351.0000000000001
177434345.063,774.1999999999991,351.0000000000001
177434347.063,774.1999999999991,351.0000000000001
177434349.063,774.1999999999991,351.0000000000001
177434351.063,774.1999999999991,351.0000000000001
177434353.063,774.1999999999991,350.9000000000001
177434355.063,774.1999999999991,350.9000000000001
177434357.063,774.1999999999991,350.9000000000001
177434359.063,774.1999999999991,350.9000000000001
177434361.063,774.1999999999991,350.9000000000001
177434363.063,774.1999999999991,350.9000000000001
177434365.063,774.1999999999991,350.9000000000001
177434367.063,774.1999999999991,350.9000000000001
177434369.063,774.1999999999991,350.9000000000001
177434371.063,774.1999999999991,350.9000000000001
177434373.063,774.1999999999991,350.9000000000001
177434375.063,774.1999999999991,350.9000000000001
177434377.063,774.1999999999991,350.9000000000001
177434379.063,774.1999999999991,350.9000000000001
177434381.063,774.1999999999991,350.9000000000001
177434383.063,774.1999999999991,350.9000000000001
177434385.063,774.1999999999991,351.0000000000001
177434387.063,774.1999999999991,351.0000000000001
177434389.063,774.1999999999991,351.0000000000001
177434391.063,774.1999999999991,351.0000000000001
177434393.063,774.1999999999991,351.0000000000001
177434395.063,774.1999999999991,351.0000000000001
177434397.063,774.1999999999991,351.0000000000001
177434399.063,774.1999999999991,351.0000000000001
177434401.063,774.1999999999991,351.0000000000001
177434403.063,774.1999999999991,351.0000000000001
177434405.063,774.1999999999991,351.0000000000001
177434407.063,774.1999999999991,351.0000000000001
177434409.063,774.1999999999991,351.0000000000001
177434411.063,774.1999999999991,351.0000000000001
177434413.063,774.1999999999991,351.0000000000001
177434415.063,774.1999999999991,351.0000000000001
177434417.063,774.1999999999991,351.0000000000001
177434419.063,774.1999999999991,351.0000000000001
177434421.063,774.1999999999991,351.0000000000001
177434423.063,774.1999999999991,351.0000000000001
177434425.063,774.1999999999991,351.0000000000001
177434427.063,774.1999999999991,351.0000000000001
177434429.063,774.1999999999991,351.0000000000001
177434431.063,774.1999999999991,351.0000000000001
177434433.063,774.1999999999991,351.0000000000001
177434435.063,774.1999999999991,351.0000000000001
177434437.063,774.1999999999991,351.0000000000001
177434439.063,774.1999999999991,351.0000000000001
177434441.063,774.1999999999991,351.0000000000001
177434443.063,774.1999999999991,351.0000000000001
177434445.063,774.1999999999991,351.0000000000001
177434447.063,774.1999999999991,351.0000000000001
177434449.063,774.1999999999991,351.0000000000001
177434451.063,774.1999999999991,351.0000000000001
177434453.063,774.1999999999991,351.0000000000001
177434455.063,774.1999999999991,351.0000000000001
177434457.063,774.1999999999991,351.0000000000001
177434459.063,774.1999999999991,351.0000000000001
177434461.063,774.1999999999991,351.0000000000001
177434463.063,774.1999999999991,351.0000000000001
177434465.063,774.1999999999991,351.0000000000001
177434467.063,774.1999999999991,351.0000000000001
177434469.063,774.1999999999991,351.0000000000001
177434471.063,774.1999999999991,351.0000000000001
177434473.063,774.1999999999991,351.0000000000001
177434475.063,774.1999999999991,351.0000000000001
177434477.063,774.1999999999991,351.0000000000001
177434479.063,774.1999999999991,351.0000000000001
177434481.063,774.1999999999991,351.0000000000001
177434483.063,774.1999999999991,351.0000000000001
177434485.063,774.1999999999991,351.0000000000001
177434487.063,774.1999999999991,351.0000000000001
177434489.063,774.1999999999991,351.0000000000001
177434491.063,774.1999999999991,351.0000000000001
177434493.063,774.1999999999991,351.0000000000001
177434495.063,774.1999999999991,351.0000000000001
177434497.063,774.1999999999991,351.0000000000001
177434499.063,774.1999999999991,351.0000000000001
177434501.063,774.1999999999991,351.0000000000001
177434503.063,774.1999999999991,351.0000000000001
177434505.063,774.1999999999991,351.0000000000001
177434507.063,774.1999999999991,351.0000000000001
177434509.063,774.1999999999991,351.0000000000001
177434511.063,774.1999999999991,351.0000000000001
177434513.063,774.1999999999991,351.0000000000001
177434515.063,774.1999999999991,351.0000000000001
177434517.063,774.1999999999991,351.0000000000001
177434519.063,774.1999999999991,351.0000000000001
177434521.063,774.1999999999991,351.0000000000001
177434523.063,774.1999999999991,351.0000000000001
177434525.063,774.1999999999991,351.0000000000001
177434527.063,774.1999999999991,351.0000000000001
177434529.063,774.1999999999991,351.0000000000001
177434531.063,774.1999999999991,351.0000000000001
177434533.063,774.1999999999991,351.0000000000001
177434535.063,774.1999999999991,351.0000000000001
177434537.063,774.1999999999991,351.0000000000001
177434539.063,774.1999999999991,351.0000000000001
177434541.063,774.1999999999991,351.0000000000001
177434543.063,774.1999999999991,351.0000000000001
177434545.063,774.1999999999991,351.0000000000001
177434547.063,774.1999999999991,351.0000000000001
177434549.063,774.1999999999991,351.0000000000001
177434551.063,774.1999999999991,351.0000000000001
177434553.063,774.1999999999991,351.0000000000001
177434555.063,774.1999999999991,351.0000000000001
177434557.063,774.1999999999991,351.0000000000001
177434559.063,774.1999999999991,351.0000000000001
177434561.063,774.1999999999991,351.0000000000001
177434563.063,774.1999999999991,351.0000000000001
177434565.063,774.1999999999991,351.0000000000001
177434567.063,774.1999999999991,351.0000000000001
177434569.063,774.1999999999991,351.0000000000001
177434571.063,774.1999999999991,351.0000000000001
177434573.063,774.1999999999991,351.0000000000001
177434575.063,774.1999999999991,351.0000000000001
177434577.063,774.1999999999991,351.0000000000001
177434579.063,774.1999999999991,351.0000000000001
177434581.063,774.1999999999991,351.0000000000001
177434583.063,774.1999999999991,351.0000000000001
177434585.063,774.1999999999991,351.0000000000001
177434587.063,774.1999999999991,351.0000000000001
177434589.063,774.1999999999991,351.0000000000001
177434591.063,774.1999999999991,351.0000000000001
177434593.063,774.1999999999991,351.0000000000001
177434595.063,774.1999999999991,351.0000000000001
177434597.063,774.1999999999991,351.0000000000001
177434599.063,774.1999999999991,351.0000000000001
177434601.063,774.1999999999991,351.0000000000001
177434603.063,774.1999999999991,351.0000000000001
177434605.063,774.1999999999991,351.0000000000001
177434607.063,774.1999999999991,351.0000000000001
177434609.063,774.1999999999991,351.0000000000001
177434611.063,774.1999999999991,351.0000000000001
177434613.063,774.1999999999991,351.0000000000001
177434615.063,774.1999999999991,351.0000000000001
177434617.063,774.2999999999992,351.0000000000001
177434619.063,774.2999999999992,351.0000000000001
177434621.063,774.2999999999992,351.0000000000001
177434623.063,774.2999999999992,351.0000000000001
177434625.063,774.2999999999992,351.0000000000001
177434627.063,774.2999999999992,351.0000000000001
177434629.063,774.2999999999992,351.0000000000001
177434631.063,774.2999999999992,351.0000000000001
177434633.063,774.2999999999992,351.0000000000001
177434635.063,774.2999999999992,351.0000000000001
177434637.063,774.2999999999992,351.0000000000001
177434639.063,774.2999999999992,351.0000000000001
177434641.063,774.2999999999992,351.0000000000001
177434643.063,774.2999999999992,351.0000000000001
177434645.063,774.2999999999992,351.0000000000001
177434647.063,774.2999999999992,351.0000000000001
177434649.063,774.2999999999992,351.0000000000001
177434651.063,774.2999999999992,351.0000000000001
177434653.063,774.2999999999992,351.0000000000001
177434655.063,774.2999999999992,351.0000000000001
177434657.063,774.2999999999992,351.0000000000001
177434659.063,774.2999999999992,351.0000000000001
177434661.063,774.2999999999992,351.0000000000001
177434663.063,774.2999999999992,351.0000000000001
177434665.063,774.2999999999992,351.0000000000001
177434667.063,774.2999999999992,351.0000000000001
177434669.063,774.2999999999992,351.0000000000001
177434671.063,774.2999999999992,351.0000000000001
177434673.063,774.2999999999992,351.0000000000001
177434675.063,774.2999999999992,351.0000000000001
177434677.063,774.2999999999992,351.0000000000001
177434679.063,774.2999999999992,351.0000000000001
177434681.063,774.2999999999992,351.0000000000001
177434683.063,774.2999999999992,351.0000000000001
177434685.063,774.2999999999992,351.0000000000001
177434687.063,774.2999999999992,351.0000000000001
177434689.063,774.2999999999992,351.0000000000001
177434691.063,774.2999999999992,351.0000000000001
177434693.063,774.2999999999992,351.0000000000001
177434695.063,774.2999999999992,351.0000000000001
177434697.063,774.2999999999992,351.0000000000001
177434699.063,774.2999999999992,351.0000000000001
177434701.063,774.2999999999992,351.0000000000001
177434703.063,774.2999999999992,351.0000000000001
177434705.063,774.2999999999992,351.0000000000001
177434707.063,774.2999999999992,351.0000000000001
177434709.063,774.2999999999992,351.0000000000001
177434711.063,774.2999999999992,351.0000000000001
177434713.063,774.2999999999992,351.0000000000001
177434715.063,774.2999999999992,351.0000000000001
177434717.063,774.2999999999992,351.0000000000001
177434719.063,774.2999999999992,351.0000000000001
177434721.063,774.2999999999992,351.0000000000001
177434723.063,774.2999999999992,351.0000000000001
177434725.063,774.2999999999992,351.0000000000001
177434727.063,774.2999999999992,351.0000000000001
177434729.063,774.2999999999992,351.0000000000001
177434731.063,774.1999999999991,351.0000000000001
177434733.063,774.1999999999991,351.0000000000001
177434735.063,774.1999999999991,351.0000000000001
177434737.063,774.1999999999991,351.0000000000001
177434739.063,774.1999999999991,351.0000000000001
177434741.063,774.1999999999991,410.0000000000001
177434743.063,774.1999999999991,410.0000000000001
177434745.063,774.1999999999991,410.0000000000001
177434747.063,774.1999999999991,410.0000000000001
177434749.063,774.1999999999991,410.0000000000001
177434751.063,774.1999999999991,410.0000000000001
177434753.063,774.1999999999991,410.0000000000001
177434755.063,774.1999999999991,410.0000000000001
177434757.063,774.1999999999991,410.0000000000001
177434759.063,774.1999999999991,410.0000000000001
177434761.063,774.1999999999991,410.0000000000001
177434763.063,774.1999999999991,410.0000000000001
177434765.063,774.1999999999991,410.0000000000001
177434767.063,774.1999999999991,410.0000000000001
177434769.063,774.1999999999991,410.10000000000014
177434771.063,774.1999999999991,410.10000000000014
177434773.063,774.1999999999991,410.10000000000014
177434775.063,774.1999999999991,410.10000000000014
177434777.063,774.1999999999991,410.10000000000014
177434779.063,774.1999999999991,410.10000000000014
177434781.063,774.1999999999991,410.10000000000014
177434783.063,774.1999999999991,410.10000000000014
177434785.063,774.1999999999991,410.10000000000014
177434787.063,774.1999999999991,410.10000000000014
177434789.063,774.1999999999991,410.10000000000014
177434791.063,774.1999999999991,410.10000000000014
177434793.063,774.1999999999991,410.10000000000014
177434795.063,774.1999999999991,410.10000000000014
177434797.063,774.1999999999991,410.10000000000014
177434799.063,774.1999999999991,410.10000000000014
177434801.063,774.1999999999991,410.10000000000014
177434803.063,774.1999999999991,410.10000000000014
177434805.063,774.1999999999991,410.10000000000014
177434807.063,774.1999999999991,410.10000000000014
177434809.063,774.1999999999991,410.10000000000014
177434811.063,774.1999999999991,410.10000000000014
177434813.063,774.1999999999991,410.10000000000014
177434815.063,774.1999999999991,410.10000000000014
177434817.063,774.1999999999991,410.10000000000014
177434819.063,774.1999999999991,410.10000000000014
177434821.063,774.1999999999991,410.10000000000014
177434823.063,774.1999999999991,410.10000000000014
177434825.063,774.1999999999991,410.10000000000014
177434827.063,774.1999999999991,410.10000000000014
177434829.063,774.1999999999991,410.10000000000014
177434831.063,774.0999999999991,410.10000000000014
177434833.063,774.0999999999991,410.10000000000014
177434835.063,774.0999999999991,410.10000000000014
177434837.063,774.0999999999991,410.10000000000014
177434839.063,774.0999999999991,410.10000000000014
177434841.063,774.0999999999991,410.10000000000014
177434843.063,774.0999999999991,410.10000000000014
177434845.063,773.9999999999991,410.10000000000014
177434847.063,773.9999999999991,410.10000000000014
177434849.063,773.9999999999991,410.10000000000014
177434851.063,773.9999999999991,410.10000000000014
177434853.063,773.9999999999991,410.10000000000014
177434855.063,773.9999999999991,410.10000000000014
177434857.063,773.9999999999991,410.10000000000014
177434859.063,773.9999999999991,410.10000000000014
177434861.063,773.9999999999991,410.10000000000014
177434863.063,773.9999999999991,410.10000000000014
177434865.063,773.9999999999991,410.10000000000014
177434867.063,773.9999999999991,410.10000000000014
177434869.063,773.9999999999991,410.10000000000014
177434871.063,773.9999999999991,410.10000000000014
177434873.063,773.9999999999991,410.10000000000014
177434875.063,773.9999999999991,410.10000000000014
177434877.063,773.9999999999991,410.10000000000014
177434879.063,773.9999999999991,410.10000000000014
177434881.063,773.9999999999991,410.10000000000014
177434883.063,773.9999999999991,410.10000000000014
177434885.063,773.9999999999991,410.10000000000014
177434887.063,773.9999999999991,410.10000000000014
177434889.063,773.9999999999991,410.10000000000014
177434891.063,773.9999999999991,410.10000000000014
177434893.063,773.9999999999991,410.10000000000014
177434895.063,773.9999999999991,410.10000000000014
177434897.063,773.9999999999991,410.10000000000014
177434899.063,773.9999999999991,410.10000000000014
177434901.063,773.9999999999991,410.10000000000014
177434903.063,773.9999999999991,410.10000000000014
177434905.063,773.9999999999991,410.10000000000014
177434907.063,773.9999999999991,410.10000000000014
177434909.063,773.9999999999991,410.10000000000014
177434911.063,773.9999999999991,410.10000000000014
177434913.063,773.9999999999991,410.10000000000014
177434915.063,773.9999999999991,410.10000000000014
177434917.063,773.9999999999991,410.10000000000014
177434919.063,773.9999999999991,410.10000000000014
177434921.063,773.9999999999991,410.10000000000014
177434923.063,773.9999999999991,410.10000000000014
177434925.063,773.9999999999991,410.10000000000014
177434927.063,773.9999999999991,410.10000000000014
177434929.063,773.9999999999991,410.10000000000014
177434931.063,773.9999999999991,410.10000000000014
177434933.063,773.9999999999991,410.10000000000014
177434935.063,773.9999999999991,410.10000000000014
177434937.063,773.9999999999991,410.10000000000014
177434939.063,773.9999999999991,410.10000000000014
177434941.063,773.9999999999991,410.10000000000014
177434943.063,773.9999999999991,410.10000000000014
177434945.063,773.9999999999991,410.10000000000014
177434947.063,773.9999999999991,410.10000000000014
177434949.063,773.9999999999991,410.10000000000014
177434951.063,773.9999999999991,410.10000000000014
177434953.063,773.9999999999991,410.10000000000014
177434955.063,773.9999999999991,410.10000000000014
177434957.063,773.9999999999991,410.10000000000014
177434959.063,773.9999999999991,410.10000000000014
177434961.063,773.9999999999991,410.10000000000014
177434963.063,773.9999999999991,410.10000000000014
177434965.063,773.9999999999991,410.10000000000014
177434967.063,773.9999999999991,410.10000000000014
177434969.063,773.9999999999991,410.10000000000014
177434971.063,773.9999999999991,410.10000000000014
177434973.063,773.9999999999991,410.10000000000014
177434975.063,773.9999999999991,410.10000000000014
177434977.063,773.9999999999991,410.10000000000014
177434979.063,773.9999999999991,410.10000000000014
177434981.063,773.9999999999991,410.10000000000014
177434983.063,773.9999999999991,410.10000000000014
177434985.063,773.9999999999991,410.10000000000014
177434987.063,773.9999999999991,410.10000000000014
177434989.063,773.9999999999991,410.10000000000014
177434991.063,773.9999999999991,410.10000000000014
177434993.063,773.9999999999991,410.10000000000014
177434995.063,773.9999999999991,410.10000000000014
177434997.063,773.9999999999991,410.10000000000014
177434999.063,773.9999999999991,410.10000000000014
177435001.063,773.9999999999991,410.10000000000014
177435003.063,773.9999999999991,410.10000000000014
177435005.063,773.9999999999991,410.10000000000014
177435007.063,773.9999999999991,410.10000000000014
177435009.063,773.9999999999991,410.10000000000014
177435011.063,773.9999999999991,410.10000000000014
177435013.063,773.9999999999991,410.10000000000014
177435015.063,773.9999999999991,410.10000000000014
177435017.063,773.9999999999991,410.10000000000014
177435019.063,773.9999999999991,410.10000000000014
177435021.063,773.9999999999991,410.10000000000014
177435023.063,773.9999999999991,410.10000000000014
177435025.063,773.9999999999991,410.10000000000014
177435027.063,773.9999999999991,410.10000000000014
177435029.063,773.9999999999991,410.10000000000014
177435031.063,773.9999999999991,410.10000000000014
177435033.063,773.9999999999991,410.10000000000014
177435035.063,773.9999999999991,410.10000000000014
177435037.063,773.9999999999991,410.10000000000014
177435039.063,773.9999999999991,410.10000000000014
177435041.063,773.9999999999991,410.10000000000014
177435043.063,773.9999999999991,410.10000000000014
177435045.063,773.9999999999991,410.10000000000014
177435047.063,773.9999999999991,410.10000000000014
177435049.063,773.9999999999991,410.10000000000014
177435051.063,773.9999999999991,410.10000000000014
177435053.063,773.9999999999991,410.10000000000014
177435055.063,773.9999999999991,410.10000000000014
177435057.063,773.9999999999991,410.10000000000014
177435059.063,773.9999999999991,410.10000000000014
177435061.063,773.9999999999991,410.10000000000014
177435063.063,773.9999999999991,410.10000000000014
177435065.063,773.9999999999991,410.10000000000014
177435067.063,773.9999999999991,410.10000000000014
177435069.063,773.9999999999991,410.10000000000014
177435071.063,773.9999999999991,410.10000000000014
177435073.063,773.9999999999991,410.10000000000014
177435075.063,773.9999999999991,410.10000000000014
177435077.063,773.9999999999991,410.10000000000014
177435079.063,773.9999999999991,410.10000000000014
177435081.063,773.9999999999991,410.10000000000014
177435083.063,773.9999999999991,410.10000000000014
177435085.063,773.9999999999991,410.10000000000014
177435087.063,773.9999999999991,410.10000000000014
177435089.063,773.9999999999991,410.10000000000014
177435091.063,773.9999999999991,410.10000000000014
177435093.063,773.9999999999991,410.10000000000014
177435095.063,773.9999999999991,410.10000000000014
177435097.063,773.9999999999991,410.10000000000014
177435099.063,773.9999999999991,410.10000000000014
177435101.063,773.9999999999991,410.10000000000014
177435103.063,773.9999999999991,410.10000000000014
177435105.063,773.9999999999991,410.10000000000014
177435107.063,773.9999999999991,410.10000000000014
177435109.063,773.9999999999991,410.0000000000001
177435111.063,773.9999999999991,410.0000000000001
177435113.063,773.9999999999991,410.0000000000001
177435115.063,773.9999999999991,410.0000000000001
177435117.063,773.9999999999991,410.0000000000001
177435119.063,773.9999999999991,410.0000000000001
177435121.063,773.9999999999991,410.0000000000001
177435123.063,773.9999999999991,410.0000000000001
177435125.063,773.9999999999991,410.0000000000001
177435127.063,773.9999999999991,410.0000000000001
177435129.063,773.9999999999991,410.0000000000001
177435131.063,773.9999999999991,410.0000000000001
177435133.063,773.9999999999991,410.0000000000001
177435135.063,773.9999999999991,410.0000000000001
177435137.063,773.9999999999991,410.0000000000001
177435139.063,773.9999999999991,410.0000000000001
177435141.063,773.9999999999991,410.0000000000001
177435143.063,773.9999999999991,410.0000000000001
177435145.063,773.9999999999991,410.0000000000001
177435147.063,774.1999999999991,410.0000000000001
177435149.063,774.1999999999991,410.0000000000001
177435151.063,774.1999999999991,410.0000000000001
177435153.063,774.1999999999991,410.0000000000001
177435155.063,774.1999999999991,410.0000000000001
177435157.063,774.1999999999991,410.0000000000001
177435159.063,774.1999999999991,410.0000000000001
177435161.063,774.1999999999991,410.0000000000001
177435163.063,774.1999999999991,410.0000000000001
177435165.063,774.1999999999991,410.0000000000001
177435167.063,774.1999999999991,410.10000000000014
177435169.063,774.1999999999991,410.10000000000014
177435171.063,774.1999999999991,410.10000000000014
177435173.063,774.1999999999991,410.10000000000014
177435175.063,774.1999999999991,410.10000000000014
177435177.063,774.1999999999991,410.10000000000014
177435179.063,774.1999999999991,410.10000000000014
177435181.063,774.1999999999991,410.10000000000014
177435183.063,774.1999999999991,410.10000000000014
177435185.063,774.1999999999991,410.10000000000014
177435187.063,774.1999999999991,410.10000000000014
177435189.063,774.1999999999991,410.10000000000014
177435191.063,774.1999999999991,410.10000000000014
177435193.063,774.1999999999991,410.10000000000014
177435195.063,774.1999999999991,410.10000000000014
177435197.063,774.1999999999991,410.10000000000014
177435199.063,774.1999999999991,410.10000000000014
177435201.063,774.1999999999991,410.10000000000014
177435203.063,774.1999999999991,410.10000000000014
177435205.063,774.1999999999991,410.10000000000014
177435207.063,774.1999999999991,410.10000000000014
177435209.063,774.1999999999991,410.10000000000014
177435211.063,774.1999999999991,410.10000000000014
177435213.063,774.1999999999991,410.10000000000014
177435215.063,774.1999999999991,410.10000000000014
177435217.063,774.1999999999991,410.10000000000014
177435219.063,774.1999999999991,410.10000000000014
177435221.063,774.1999999999991,410.10000000000014
177435223.063,774.1999999999991,410.10000000000014
177435225.063,774.1999999999991,410.10000000000014
177435227.063,774.1999999999991,410.10000000000014
177435229.063,774.1999999999991,410.10000000000014
177435231.063,774.1999999999991,410.10000000000014
177435233.063,774.1999999999991,410.10000000000014
177435235.063,774.1999999999991,410.10000000000014
177435237.063,774.1999999999991,410.10000000000014
177435239.063,774.1999999999991,410.10000000000014
177435241.063,774.1999999999991,410.10000000000014
177435243.063,774.1999999999991,410.10000000000014
177435245.063,774.1999999999991,410.10000000000014
177435247.063,774.1999999999991,410.10000000000014
177435249.063,774.1999999999991,410.10000000000014
177435251.063,774.1999999999991,410.10000000000014
177435253.063,774.1999999999991,410.10000000000014
177435255.063,774.1999999999991,410.10000000000014
177435257.063,774.1999999999991,410.10000000000014
177435259.063,774.1999999999991,410.10000000000014
177435261.063,774.1999999999991,410.10000000000014
177435263.063,774.1999999999991,410.10000000000014
177435265.063,774.1999999999991,410.10000000000014
177435267.063,774.1999999999991,410.10000000000014
177435269.063,774.1999999999991,410.10000000000014
177435271.063,774.1999999999991,410.10000000000014
177435273.063,774.1999999999991,410.10000000000014
177435275.063,774.1999999999991,410.10000000000014
177435277.063,774.1999999999991,410.10000000000014
177435281.063,774.1999999999991,410.10000000000014
177435291.063,774.1999999999991,410.10000000000014
177435293.063,774.1999999999991,410.10000000000014
177435295.063,774.1999999999991,410.10000000000014
177435297.063,774.1999999999991,410.10000000000014
177435299.063,774.1999999999991,410.10000000000014
177435301.063,774.1999999999991,410.10000000000014
177435303.063,774.1999999999991,410.10000000000014
177435305.063,774.1999999999991,410.10000000000014
177435307.063,774.1999999999991,410.10000000000014
177435309.063,774.1999999999991,410.10000000000014
177435311.063,774.1999999999991,410.10000000000014
177435313.063,774.1999999999991,410.10000000000014
177435315.063,774.1999999999991,410.10000000000014
177435317.063,774.1999999999991,410.10000000000014
177435319.063,774.1999999999991,410.10000000000014
177435321.063,774.1999999999991,410.10000000000014
177435323.063,774.1999999999991,410.10000000000014
177435325.063,774.1999999999991,410.10000000000014
177435327.063,774.1999999999991,410.10000000000014
177435329.063,774.1999999999991,410.10000000000014
177435331.063,774.1999999999991,410.10000000000014
177435333.063,774.1999999999991,410.10000000000014
177435335.063,774.1999999999991,410.10000000000014
177435337.063,774.1999999999991,410.10000000000014
177435339.063,774.1999999999991,410.10000000000014
177435341.063,774.1999999999991,410.10000000000014
177435343.063,774.1999999999991,410.10000000000014
177435345.063,774.1999999999991,410.10000000000014
177435347.063,774.1999999999991,410.10000000000014
177435349.063,774.1999999999991,410.10000000000014
177435351.063,774.1999999999991,410.10000000000014
177435353.063,774.1999999999991,410.10000000000014
177435355.063,774.1999999999991,410.10000000000014
177435357.063,774.1999999999991,410.10000000000014
177435359.063,774.1999999999991,410.10000000000014
177435361.063,774.1999999999991,410.10000000000014
177435363.063,774.1999999999991,410.10000000000014
177435365.063,774.1999999999991,410.10000000000014
177435367.063,774.1999999999991,410.10000000000014
177435369.063,774.1999999999991,410.10000000000014
177435371.063,774.1999999999991,410.10000000000014
177435373.063,774.1999999999991,410.10000000000014
177435375.063,774.1999999999991,410.10000000000014
177435377.063,774.1999999999991,410.10000000000014
177435379.063,774.1999999999991,410.10000000000014
177435381.063,774.1999999999991,410.10000000000014
177435383.063,774.1999999999991,410.10000000000014
177435385.063,774.1999999999991,410.10000000000014
177435387.063,774.1999999999991,410.10000000000014
177435389.063,774.1999999999991,410.10000000000014
177435391.063,774.1999999999991,410.10000000000014
177435393.063,774.1999999999991,410.10000000000014
177435395.063,774.1999999999991,410.10000000000014
177435397.063,774.1999999999991,410.10000000000014
177435399.063,774.1999999999991,410.10000000000014
177435401.063,774.1999999999991,410.10000000000014
177435403.063,774.1999999999991,410.10000000000014
177435405.063,774.1999999999991,410.10000000000014
177435407.063,774.1999999999991,410.10000000000014
177435409.063,774.1999999999991,410.10000000000014
177435411.063,774.1999999999991,410.10000000000014
177435413.063,774.1999999999991,410.10000000000014
177435415.063,774.1999999999991,410.10000000000014
177435417.063,774.1999999999991,410.10000000000014
177435419.063,774.1999999999991,410.10000000000014
177435421.063,774.1999999999991,410.10000000000014
177435423.063,774.1999999999991,410.10000000000014
177435425.063,774.1999999999991,410.10000000000014
177435427.063,774.1999999999991,410.10000000000014
177435429.063,774.1999999999991,410.10000000000014
177435431.063,774.1999999999991,410.10000000000014
177435433.063,774.1999999999991,410.10000000000014
177435435.063,774.1999999999991,410.10000000000014
177435437.063,774.1999999999991,410.10000000000014
177435439.063,774.1999999999991,410.10000000000014
177435441.063,774.1999999999991,410.10000000000014
177435443.063,774.1999999999991,410.10000000000014
177435445.063,774.1999999999991,410.10000000000014
177435447.063,774.0999999999991,410.10000000000014
177435449.063,774.0999999999991,410.10000000000014
177435451.063,774.0999999999991,410.10000000000014
177435453.063,774.0999999999991,410.10000000000014
177435455.063,774.0999999999991,410.10000000000014
177435457.063,774.0999999999991,410.10000000000014
177435459.063,774.0999999999991,410.10000000000014
177435461.063,774.0999999999991,410.10000000000014
177435463.063,774.0999999999991,410.10000000000014
177435465.063,774.0999999999991,410.10000000000014
177435467.063,774.0999999999991,410.10000000000014
177435469.063,774.0999999999991,410.10000000000014
177435471.063,774.0999999999991,410.10000000000014
177435473.063,774.0999999999991,410.10000000000014
177435475.063,774.0999999999991,410.10000000000014
177435477.063,774.0999999999991,410.10000000000014
177435479.063,774.0999999999991,410.10000000000014
177435481.063,774.0999999999991,410.10000000000014
177435483.063,774.0999999999991,410.10000000000014
177435485.063,774.0999999999991,410.10000000000014
177435487.063,774.0999999999991,410.10000000000014
177435489.063,774.0999999999991,410.10000000000014
177435491.063,774.0999999999991,410.10000000000014
177435493.063,774.0999999999991,410.10000000000014
177435495.063,774.0999999999991,410.10000000000014
177435497.063,774.0999999999991,410.10000000000014
177435499.063,774.0999999999991,410.10000000000014
177435501.063,774.0999999999991,410.10000000000014
177435503.063,774.0999999999991,410.10000000000014
177435505.063,774.0999999999991,410.10000000000014
177435507.063,774.0999999999991,410.10000000000014
177435509.063,774.0999999999991,410.10000000000014
177435511.063,774.0999999999991,410.10000000000014
177435513.063,774.0999999999991,410.10000000000014
177435515.063,774.0999999999991,410.10000000000014
177435517.063,774.0999999999991,410.10000000000014
177435519.063,774.0999999999991,410.10000000000014
177435521.063,774.0999999999991,410.10000000000014
177435523.063,774.0999999999991,410.10000000000014
177435525.063,774.0999999999991,410.10000000000014
177435527.063,773.9999999999991,410.10000000000014
177435529.063,773.9999999999991,410.10000000000014
177435531.063,773.9999999999991,410.10000000000014
177435533.063,773.9999999999991,410.10000000000014
177435535.063,773.9999999999991,410.10000000000014
177435537.063,773.9999999999991,410.10000000000014
177435539.063,773.9999999999991,410.10000000000014
177435541.063,773.9999999999991,410.10000000000014
177435543.063,773.9999999999991,410.10000000000014
177435545.063,773.9999999999991,410.10000000000014
177435547.063,773.9999999999991,410.10000000000014
177435549.063,773.9999999999991,410.10000000000014
177435551.063,773.9999999999991,410.10000000000014
177435553.063,773.9999999999991,410.10000000000014
177435555.063,773.9999999999991,410.10000000000014
177435557.063,773.9999999999991,410.10000000000014
177435559.063,773.9999999999991,410.10000000000014
177435561.063,773.9999999999991,410.10000000000014
177435563.063,773.9999999999991,410.10000000000014
177435565.063,773.9999999999991,410.10000000000014
177435567.063,773.9999999999991,410.10000000000014
177435569.063,773.9999999999991,410.10000000000014
177435571.063,773.9999999999991,410.10000000000014
177435573.063,773.9999999999991,410.10000000000014
177435575.063,773.9999999999991,410.10000000000014
177435577.063,773.9999999999991,410.10000000000014
177435579.063,773.9999999999991,410.10000000000014
177435581.063,773.9999999999991,410.10000000000014
177435583.063,773.9999999999991,410.10000000000014
177435585.063,773.9999999999991,410.10000000000014
177435587.063,773.9999999999991,410.10000000000014
177435589.063,773.9999999999991,410.10000000000014
177435591.063,773.9999999999991,410.10000000000014
177435593.063,773.9999999999991,410.10000000000014
177435595.063,773.9999999999991,410.10000000000014
177435597.063,773.9999999999991,410.10000000000014
177435599.063,773.9999999999991,410.10000000000014
177435601.063,773.9999999999991,410.10000000000014
177435603.063,773.9999999999991,410.10000000000014
177435605.063,773.9999999999991,410.10000000000014
177435607.063,773.9999999999991,410.10000000000014
177435609.063,773.9999999999991,410.10000000000014
177435611.063,773.9999999999991,410.10000000000014
177435613.063,773.9999999999991,410.10000000000014
177435615.063,773.9999999999991,410.10000000000014
177435617.063,773.9999999999991,410.10000000000014
177435619.063,773.9999999999991,410.10000000000014
177435621.063,773.9999999999991,410.10000000000014
177435623.063,773.9999999999991,410.10000000000014
177435625.063,773.9999999999991,410.10000000000014
177435627.063,773.9999999999991,410.10000000000014
177435629.063,773.9999999999991,410.10000000000014
177435631.063,773.9999999999991,410.10000000000014
177435633.063,773.9999999999991,410.10000000000014
177435635.063,773.9999999999991,410.10000000000014
177435637.063,773.9999999999991,410.10000000000014
177435639.063,773.9999999999991,410.10000000000014
177435641.063,773.9999999999991,410.10000000000014
177435643.063,773.9999999999991,410.10000000000014
177435645.063,773.9999999999991,410.10000000000014
177435647.063,773.9999999999991,410.10000000000014
177435649.063,773.9999999999991,410.10000000000014
177435651.063,773.9999999999991,410.10000000000014
177435653.063,773.9999999999991,410.10000000000014
177435655.063,773.9999999999991,410.10000000000014
177435657.063,773.9999999999991,410.10000000000014
177435659.063,773.9999999999991,410.10000000000014
177435661.063,773.9999999999991,410.10000000000014
177435663.063,773.9999999999991,410.10000000000014
177435665.063,773.9999999999991,410.10000000000014
177435667.063,773.9999999999991,410.10000000000014
177435669.063,773.9999999999991,410.10000000000014
177435671.063,773.9999999999991,410.10000000000014
177435673.063,773.9999999999991,410.10000000000014
177435675.063,773.9999999999991,410.10000000000014
177435677.063,773.9999999999991,410.10000000000014
177435679.063,773.9999999999991,410.10000000000014
177435681.063,773.9999999999991,410.10000000000014
177435683.063,773.9999999999991,410.10000000000014
177435685.063,773.9999999999991,410.10000000000014
177435687.063,773.9999999999991,410.10000000000014
177435689.063,773.8999999999991,410.10000000000014
177435691.063,773.8999999999991,410.10000000000014
177435693.063,773.8999999999991,410.10000000000014
177435695.063,773.8999999999991,410.10000000000014
177435697.063,773.8999999999991,410.10000000000014
177435699.063,773.8999999999991,410.10000000000014
177435701.063,773.8999999999991,410.10000000000014
177435703.063,773.8999999999991,410.10000000000014
177435705.063,773.8999999999991,410.10000000000014
177435707.063,773.8999999999991,410.10000000000014
177435709.063,773.8999999999991,410.10000000000014
177435711.063,773.8999999999991,410.10000000000014
177435713.063,773.8999999999991,410.10000000000014
177435715.063,773.8999999999991,410.10000000000014
177435717.063,773.8999999999991,410.10000000000014
177435719.063,773.8999999999991,410.10000000000014
177435721.063,773.8999999999991,410.10000000000014
177435723.063,773.8999999999991,410.10000000000014
177435725.063,773.8999999999991,410.10000000000014
177435727.063,773.8999999999991,410.10000000000014
177435729.063,773.8999999999991,410.10000000000014
177435731.063,773.8999999999991,410.10000000000014
177435733.063,773.8999999999991,410.10000000000014
177435735.063,773.8999999999991,410.10000000000014
177435737.063,773.8999999999991,410.10000000000014
177435739.063,773.8999999999991,410.10000000000014
177435741.063,773.8999999999991,410.10000000000014
177435743.063,773.799999999999,410.10000000000014
177435745.063,773.799999999999,410.10000000000014
177435747.063,773.799999999999,410.0000000000001
177435749.063,773.799999999999,410.0000000000001
177435751.063,773.799999999999,410.0000000000001
177435753.063,773.799999999999,410.0000000000001
177435755.063,773.799999999999,410.0000000000001
177435757.063,773.799999999999,410.0000000000001
177435759.063,773.799999999999,410.0000000000001
177435761.063,773.799999999999,410.0000000000001
177435763.063,773.799999999999,410.0000000000001
177435765.063,773.799999999999,410.0000000000001
177435767.063,773.799999999999,410.0000000000001
177435769.063,773.799999999999,410.0000000000001
177435771.063,773.799999999999,410.0000000000001
177435773.063,773.799999999999,410.0000000000001
177435775.063,773.799999999999,410.0000000000001
177435777.063,773.799999999999,410.0000000000001
177435779.163,773.799999999999,410.0000000000001
177435781.063,773.799999999999,410.0000000000001
177435783.063,773.799999999999,410.0000000000001
177435785.063,773.799999999999,410.0000000000001
177435787.063,773.799999999999,410.0000000000001
177435789.063,773.799999999999,410.0000000000001
177435791.063,773.799999999999,410.0000000000001
177435793.063,773.799999999999,410.0000000000001
177435795.063,773.799999999999,410.0000000000001
177435797.063,773.799999999999,410.0000000000001
177435799.063,773.799999999999,410.0000000000001
177435801.063,773.799999999999,410.0000000000001
177435803.063,773.799999999999,410.0000000000001
177435805.063,773.799999999999,410.0000000000001
177435807.063,773.799999999999,410.0000000000001
177435809.063,773.799999999999,410.0000000000001
177435811.063,773.799999999999,410.0000000000001
177435813.063,773.799999999999,410.0000000000001
177435815.063,773.799999999999,410.0000000000001
177435817.063,773.799999999999,410.0000000000001
177435819.063,773.799999999999,410.0000000000001
177435821.063,773.799999999999,410.0000000000001
177435823.063,773.799999999999,410.0000000000001
177435825.063,773.799999999999,410.0000000000001
177435827.063,773.799999999999,410.0000000000001
177435829.063,773.799999999999,410.0000000000001
177435831.063,773.799999999999,410.0000000000001
177435833.063,773.799999999999,410.0000000000001
177435835.063,773.799999999999,410.0000000000001
177435837.063,773.799999999999,410.0000000000001
177435839.063,773.799999999999,410.0000000000001
177435841.063,773.799999999999,410.0000000000001
177435843.063,773.799999999999,410.0000000000001
177435845.063,773.799999999999,410.0000000000001
177435847.063,773.799999999999,410.0000000000001
177435849.063,773.799999999999,410.10000000000014
177435851.063,773.799999999999,410.10000000000014
177435853.063,773.799999999999,410.10000000000014
177435855.063,773.799999999999,410.10000000000014
177435857.063,773.799999999999,410.10000000000014
177435859.063,773.799999999999,410.10000000000014
177435861.063,773.799999999999,410.10000000000014
177435863.063,773.799999999999,410.10000000000014
177435865.063,773.799999999999,410.10000000000014
177435867.063,773.799999999999,410.10000000000014
177435869.063,773.799999999999,410.10000000000014
177435871.063,773.799999999999,410.10000000000014
177435873.063,773.799999999999,410.10000000000014
177435875.063,773.799999999999,410.10000000000014
177435877.063,773.799999999999,410.10000000000014
177435879.063,773.799999999999,410.10000000000014
177435881.063,773.799999999999,410.10000000000014
177435883.063,773.799999999999,410.10000000000014
177435885.063,773.799999999999,410.10000000000014
177435887.063,773.799999999999,410.10000000000014
177435889.063,773.799999999999,410.10000000000014
177435891.063,773.799999999999,410.10000000000014
177435893.063,773.799999999999,410.10000000000014
177435895.063,773.799999999999,410.10000000000014
177435897.063,773.799999999999,410.10000000000014
177435899.063,773.799999999999,410.10000000000014
177435901.063,773.799999999999,410.10000000000014
177435903.063,773.799999999999,410.10000000000014
177435905.063,773.799999999999,410.10000000000014
177435907.063,773.799999999999,410.10000000000014
177435909.063,773.799999999999,410.10000000000014
177435911.063,773.799999999999,410.10000000000014
177435913.063,773.799999999999,410.10000000000014
177435915.063,773.799999999999,410.10000000000014
177435917.063,773.799999999999,410.10000000000014
177435919.063,773.799999999999,410.10000000000014
177435921.063,773.799999999999,410.10000000000014
177435923.063,773.799999999999,410.10000000000014
177435925.063,773.799999999999,410.10000000000014
177435927.063,773.799999999999,410.10000000000014
177435929.063,773.799999999999,410.10000000000014
177435931.063,773.799999999999,410.10000000000014
177435933.063,773.799999999999,410.10000000000014
177435935.063,773.799999999999,410.10000000000014
177435937.063,773.799999999999,410.10000000000014
177435939.063,773.799999999999,410.10000000000014
177435941.063,773.799999999999,410.10000000000014
177435943.063,773.799999999999,410.10000000000014
177435945.063,773.799999999999,410.10000000000014
177435947.063,773.799999999999,410.10000000000014
177435949.063,773.799999999999,410.10000000000014
177435951.063,773.799999999999,410.10000000000014
177435953.063,773.799999999999,410.10000000000014
177435955.063,773.799999999999,410.10000000000014
177435957.063,773.799999999999,410.10000000000014
177435959.063,773.799999999999,410.10000000000014
177435961.063,773.799999999999,410.10000000000014
177435963.063,773.799999999999,410.10000000000014
177435965.063,773.799999999999,410.10000000000014
177435967.063,773.799999999999,410.10000000000014
