Timestamp,Buy_Price,Sell_Price
177427207.1654,5.5,0.6
177427209.1654,5.5,0.6
177427211.1654,5.5,0.6
177427213.1654,5.5,0.6
177427215.1654,5.5,0.6
177427217.1654,5.5,0.6
177427219.1654,5.5,0.6
177427221.1654,5.5,0.6
177427223.1654,5.5,0.6
177427225.1654,5.5,0.6
177427227.1654,5.5,0.6
177427229.1654,5.5,0.6
177427231.1654,5.5,0.6
177427233.1654,5.5,0.6
177427235.1654,5.5,0.6
177427237.1654,5.5,0.6
177427239.1654,5.5,0.6
177427241.1654,5.5,0.6
177427243.1654,5.5,0.6
177427245.1654,5.5,0.6
177427247.1654,5.5,0.6
177427249.1654,5.5,0.6
177427251.1654,5.5,0.6
177427253.1654,5.5,0.6
177427255.1654,5.5,0.6
177427257.1654,5.5,0.6
177427259.1654,5.4,0.6
177427261.1654,5.4,0.6
177427263.1654,5.4,0.6
177427265.1654,5.4,0.6
177427267.1654,5.4,0.6
177427269.1654,5.5,0.6
177427271.1654,5.5,0.6
177427273.1654,5.5,0.6
177427275.1654,5.5,0.6
177427277.1654,5.5,0.6
177427279.1654,5.5,0.6
177427281.1654,5.5,0.6
177427283.1654,5.5,0.6
177427285.1654,5.5,0.6
177427287.1654,5.5,0.6
177427289.1654,5.5,0.6
177427291.1654,5.5,0.6
177427293.1654,5.5,0.6
177427295.1654,5.5,0.6
177427297.1654,5.5,0.6
177427299.1654,5.5,0.6
177427301.1654,5.5,0.6
177427303.1654,5.5,0.6
177427305.1654,5.5,0.6
177427307.1654,5.5,0.6
177427309.1654,5.5,0.6
177427311.1654,5.5,0.6
177427313.1654,5.5,0.6
177427315.1654,5.5,0.6
177427317.1654,5.5,0.6
177427319.1654,5.5,0.6
177427321.1654,5.5,0.6
177427323.1654,5.5,0.6
177427325.1654,5.5,0.6
177427327.1654,5.5,0.6
177427329.1654,5.5,0.6
177427331.1654,5.5,0.6
177427333.1654,5.5,0.6
177427335.1654,5.5,0.6
177427337.1654,5.5,0.6
177427339.1654,5.5,0.6
177427341.1654,5.5,0.6
177427343.1654,5.5,0.6
177427345.1654,5.5,0.6
177427347.1654,5.5,0.6
177427349.1654,5.5,0.6
177427351.1654,5.5,0.6
177427353.1654,5.5,0.6
177427355.1654,5.5,0.6
177427357.1654,5.5,0.6
177427359.1654,5.5,0.6
177427361.1654,5.5,0.6
177427363.1654,5.5,0.6
177427365.1654,5.5,0.6
177427367.1654,5.5,0.6
177427369.1654,5.5,0.6
177427371.1654,5.5,0.6
177427373.1654,5.5,0.6
177427375.1654,5.5,0.6
177427377.1654,5.5,0.6
177427379.1654,5.5,0.6
177427381.1654,5.5,0.6
177427383.1654,5.5,0.6
177427385.1654,5.5,0.6
177427387.1654,5.5,0.6
177427389.1654,5.5,0.6
177427391.1654,5.5,0.6
177427393.1654,5.5,0.6
177427395.1654,5.5,0.6
177427397.1654,5.5,0.6
177427399.1654,5.5,0.6
177427401.1654,5.5,0.6
177427403.1654,5.5,0.6
177427405.1654,5.5,0.6
177427407.1654,5.5,0.6
177427409.1654,5.5,0.6
177427411.1654,5.5,0.6
177427413.1654,5.5,0.6
177427415.1654,5.5,0.6
177427417.1654,5.5,0.6
177427419.1654,5.5,0.6
177427421.1654,5.5,0.6
177427423.1654,5.5,0.6
177427425.1654,5.5,0.6
177427427.1654,5.5,0.6
177427429.1654,5.5,0.6
177427431.1654,5.5,0.6
177427433.1654,5.5,0.6
177427435.1654,5.5,0.6
177427437.1654,5.5,0.6
177427439.1654,5.5,0.6
177427441.1654,5.5,0.6
177427443.1654,5.5,0.6
177427445.1654,5.5,0.6
177427447.1654,5.5,0.6
177427449.1654,5.5,0.6
177427451.1654,5.5,0.6
177427453.1654,5.5,0.6
177427455.1654,5.5,0.6
177427457.1654,5.5,0.6
177427459.1654,5.5,0.6
177427461.1654,5.5,0.6
177427463.1654,5.5,0.6
177427465.1654,5.5,0.6
177427467.1654,5.5,0.6
177427469.1654,5.5,0.6
177427471.1654,5.5,0.6
177427473.1654,5.5,0.6
177427475.1654,5.5,0.6
177427477.1654,5.5,0.6
177427479.1654,5.5,0.6
177427481.1654,5.5,0.6
177427483.1654,5.5,0.6
177427485.1654,5.5,0.6
177427487.1654,5.5,0.6
177427489.1654,5.5,0.6
177427491.1654,5.5,0.6
177427493.1654,5.5,0.6
177427495.1654,5.5,0.6
177427497.1654,5.5,0.6
177427499.1654,5.5,0.6
177427501.1654,5.5,0.6
177427503.1654,5.5,0.6
177427505.1654,5.5,0.6
177427507.1654,5.5,0.6
177427509.1654,5.5,0.6
177427511.1654,5.5,0.6
177427513.1654,5.5,0.6
177427515.1654,5.5,0.6
177427517.1654,5.5,0.6
177427519.1654,5.5,0.6
177427521.1654,5.5,0.6
177427523.1654,5.5,0.6
177427525.1654,5.5,0.6
177427527.1654,5.5,0.6
177427529.1654,5.5,0.6
177427531.1654,5.5,0.6
177427533.1654,5.5,0.6
177427535.1654,5.5,0.6
177427537.1654,5.5,0.6
177427539.1654,5.5,0.6
177427541.1654,5.5,0.6
177427543.1654,5.5,0.6
177427545.1654,5.5,0.6
177427547.1654,5.5,0.6
177427549.1654,5.5,0.6
177427551.1654,5.5,0.6
177427553.1654,5.5,0.6
177427555.1654,5.5,0.6
177427557.1654,5.5,0.6
177427559.1654,5.5,0.6
177427561.1654,5.5,0.6
177427563.1654,5.5,0.6
177427565.1654,5.5,0.6
177427567.1654,5.5,0.6
177427569.1654,5.5,0.6
177427571.1654,5.5,0.6
177427573.1654,5.5,0.6
177427575.1654,5.5,0.6
177427577.1654,5.5,0.6
177427579.1654,5.5,0.6
177427581.1654,5.5,0.6
177427583.1654,5.5,0.6
177427585.1654,5.5,0.6
177427587.1654,5.5,0.6
177427589.1654,5.5,0.6
177427591.1654,5.5,0.6
177427593.1654,5.5,0.6
177427595.1654,5.5,0.6
177427597.1654,5.5,0.6
177427599.1654,5.5,0.6
177427601.1654,5.5,0.6
177427603.1654,5.5,0.6
177427605.1654,5.5,0.6
177427607.1654,5.5,0.6
177427609.1654,5.5,0.6
177427611.1654,5.5,0.6
177427613.1654,5.5,0.6
177427615.1654,5.5,0.6
177427617.1654,5.5,0.6
177427619.1654,5.5,0.6
177427621.1654,5.5,0.6
177427623.1654,5.5,0.6
177427625.1654,5.5,0.6
177427627.1654,5.5,0.6
177427629.1654,5.5,0.6
177427631.1654,5.5,0.6
177427633.1654,5.5,0.6
177427635.1654,5.5,0.6
177427637.1654,5.5,0.6
177427639.1654,5.5,0.6
177427641.1654,5.5,0.6
177427643.1654,5.5,0.6
177427645.1654,5.5,0.6
177427647.1654,5.5,0.6
177427649.1654,5.5,0.6
177427651.1654,5.5,0.6
177427653.1654,5.5,0.6
177427655.1654,5.5,0.6
177427657.1654,5.5,0.6
177427659.1654,5.5,0.6
177427661.1654,5.5,0.6
177427663.1654,5.5,0.6
177427665.1654,5.5,0.6
177427667.1654,5.5,0.6
177427669.1654,5.5,0.6
177427671.1654,5.5,0.6
177427673.1654,5.5,0.6
177427675.1654,5.5,0.6
177427677.1654,5.5,0.09999999999999998
177427679.1654,5.5,0.09999999999999998
177427681.1654,5.5,0.09999999999999998
177427683.1654,5.5,0.09999999999999998
177427685.1654,5.5,0.09999999999999998
177427687.1654,5.5,0.09999999999999998
177427689.1654,5.5,0.09999999999999998
177427691.1654,5.5,0.09999999999999998
177427693.1654,5.5,0.09999999999999998
177427695.1654,5.5,0.09999999999999998
177427697.1654,5.5,0.09999999999999998
177427699.1654,5.5,0.09999999999999998
177427701.1654,5.5,0.09999999999999998
177427703.1654,5.5,0.09999999999999998
177427705.1654,5.5,0.09999999999999998
177427707.1654,5.5,0.09999999999999998
177427709.1654,5.5,0.09999999999999998
177427711.1654,5.5,0.09999999999999998
177427713.1654,5.5,0.09999999999999998
177427715.1654,5.5,0.09999999999999998
177427717.1654,5.5,0.09999999999999998
177427719.1654,5.5,0.09999999999999998
177427721.1654,5.5,0.09999999999999998
177427723.1654,5.5,0.09999999999999998
177427725.1654,5.5,0.09999999999999998
177427727.1654,5.5,0.09999999999999998
177427729.1654,5.5,0.09999999999999998
177427731.1654,5.5,0.09999999999999998
177427733.1654,5.5,0.09999999999999998
177427735.1654,5.5,0.09999999999999998
177427737.1654,5.5,0.09999999999999998
177427739.1654,5.5,0.09999999999999998
177427741.1654,5.5,0.09999999999999998
177427743.1654,5.5,0.09999999999999998
177427745.1654,5.5,0.09999999999999998
177427747.1654,5.5,0.09999999999999998
177427749.1654,5.5,0.09999999999999998
177427751.1654,5.5,0.09999999999999998
177427753.1654,5.5,0.09999999999999998
177427755.1654,5.5,0.09999999999999998
177427757.1654,5.5,0.09999999999999998
177427759.1654,5.5,0.09999999999999998
177427761.1654,5.5,0.09999999999999998
177427763.1654,5.5,0.09999999999999998
177427765.1654,5.5,0.09999999999999998
177427767.1654,5.5,0.09999999999999998
177427769.1654,5.5,0.09999999999999998
177427771.1654,5.5,0.09999999999999998
177427773.1654,5.5,0.09999999999999998
177427775.1654,5.5,0.09999999999999998
177427777.1654,5.5,0.09999999999999998
177427779.1654,5.5,0.09999999999999998
177427781.1654,5.5,0.09999999999999998
177427783.1654,5.5,0.09999999999999998
177427785.1654,5.5,0.09999999999999998
177427787.1654,5.5,0.09999999999999998
177427789.1654,5.5,0.09999999999999998
177427791.1654,5.5,0.09999999999999998
177427793.1654,5.5,0.09999999999999998
177427795.1654,5.5,0.09999999999999998
177427797.1654,5.5,0.09999999999999998
177427799.1654,5.5,0.09999999999999998
177427801.1654,5.5,0.09999999999999998
177427805.1654,5.5,0.09999999999999998
177427807.1654,5.5,0.09999999999999998
177427809.1654,5.5,0.09999999999999998
177427811.1654,5.5,0.09999999999999998
177427813.1654,5.5,0.09999999999999998
177427815.1654,5.5,0.09999999999999998
177427817.1654,5.5,0.09999999999999998
177427819.1654,5.5,0.09999999999999998
177427821.1654,5.5,0.09999999999999998
177427823.1654,5.5,0.09999999999999998
177427825.1654,5.5,0.09999999999999998
177427827.1654,5.5,0.09999999999999998
177427829.1654,5.5,0.09999999999999998
177427831.1654,5.5,0.09999999999999998
177427833.1654,5.5,0.09999999999999998
177427835.1654,5.5,0.09999999999999998
177427837.1654,5.5,0.09999999999999998
177427839.1654,5.5,0.09999999999999998
177427841.1654,5.5,0.09999999999999998
177427843.1654,5.5,0.09999999999999998
177427845.1654,5.5,0.09999999999999998
177427847.1654,5.5,0.09999999999999998
177427849.1654,5.5,0.09999999999999998
177427851.1654,5.5,0.09999999999999998
177427853.1654,5.5,0.09999999999999998
177427855.1654,5.5,0.09999999999999998
177427857.1654,5.5,0.09999999999999998
177427859.1654,5.5,0.09999999999999998
177427861.1654,5.5,0.09999999999999998
177427863.1654,5.5,0.09999999999999998
177427865.1654,5.5,0.09999999999999998
177427867.1654,5.5,0.09999999999999998
177427869.1654,5.5,0.09999999999999998
177427871.1654,5.5,0.09999999999999998
177427873.1654,5.5,0.09999999999999998
177427875.1654,5.5,0.09999999999999998
177427877.1654,5.5,0.09999999999999998
177427879.1654,5.5,0.09999999999999998
177427881.1654,5.5,0.09999999999999998
177427883.1654,5.5,0.09999999999999998
177427885.1654,5.5,0.09999999999999998
177427887.1654,5.5,0.09999999999999998
177427889.1654,5.5,0.09999999999999998
177427891.1654,5.5,0.09999999999999998
177427893.1654,5.5,0.09999999999999998
177427895.1654,5.5,0.09999999999999998
177427897.1654,5.5,0.09999999999999998
177427899.1654,5.5,0.09999999999999998
177427901.1654,5.5,0.09999999999999998
177427903.1654,5.5,0.09999999999999998
177427905.1654,5.5,0.09999999999999998
177427907.1654,5.5,0.09999999999999998
177427909.1654,5.5,0.09999999999999998
177427911.1654,5.5,0.09999999999999998
177427913.1654,5.5,0.09999999999999998
177427915.1654,5.5,0.09999999999999998
177427917.1654,5.5,0.09999999999999998
177427919.1654,5.5,0.09999999999999998
177427921.1654,5.5,0.09999999999999998
177427923.1654,5.5,0.09999999999999998
177427925.1654,5.5,0.09999999999999998
177427927.1654,5.5,0.09999999999999998
177427929.1654,5.5,0.09999999999999998
177427931.1654,5.5,0.09999999999999998
177427933.1654,5.5,0.09999999999999998
177427935.1654,5.5,0.09999999999999998
177427937.1654,5.5,0.09999999999999998
177427939.1654,5.5,0.09999999999999998
177427941.1654,5.5,0.09999999999999998
177427943.1654,5.5,0.09999999999999998
177427945.1654,5.5,0.09999999999999998
177427947.1654,5.5,0.09999999999999998
177427949.1654,5.5,0.09999999999999998
177427951.1654,5.5,0.09999999999999998
177427953.1654,5.5,0.09999999999999998
177427955.1654,5.5,0.09999999999999998
177427957.1654,5.5,0.09999999999999998
177427959.1654,5.5,0.09999999999999998
177427961.1654,5.5,0.09999999999999998
177427963.1654,5.5,0.09999999999999998
177427965.1654,5.5,0.09999999999999998
177427967.1654,5.5,0.09999999999999998
177427969.1654,5.5,0.09999999999999998
177427971.1654,5.5,0.09999999999999998
177427973.1654,5.5,0.09999999999999998
177427975.1654,5.5,0.09999999999999998
177427977.1654,5.5,0.09999999999999998
177427979.1654,5.5,0.09999999999999998
177427981.1654,5.5,0.09999999999999998
177427983.1654,5.5,0.09999999999999998
177427985.1654,5.5,0.09999999999999998
177427987.1654,5.5,0.09999999999999998
177427989.1654,5.4,0.09999999999999998
177427991.1654,5.4,0.09999999999999998
177427993.1654,5.4,0.09999999999999998
177427995.1654,5.4,0.09999999999999998
177427997.1654,5.4,0.09999999999999998
177427999.1654,5.4,0.09999999999999998
177428001.1654,5.4,0.09999999999999998
177428003.1654,5.4,0.09999999999999998
177428005.1654,5.4,0.09999999999999998
177428007.1654,5.4,0.09999999999999998
177428009.1654,5.4,0.09999999999999998
177428011.1654,5.4,0.09999999999999998
177428013.1654,5.4,0.09999999999999998
177428015.1654,5.4,0.09999999999999998
177428017.1654,5.4,0.09999999999999998
177428019.1654,5.4,0.09999999999999998
177428021.1654,5.4,0.09999999999999998
177428023.1654,5.4,0.09999999999999998
177428025.1654,5.4,0.09999999999999998
177428027.1654,5.4,0.09999999999999998
177428029.1654,5.4,0.09999999999999998
177428031.1654,5.4,0.09999999999999998
177428033.1654,5.4,0.09999999999999998
177428035.1654,5.4,0.09999999999999998
177428037.1654,5.4,0.09999999999999998
177428039.1654,5.4,0.09999999999999998
177428041.1654,5.4,0.09999999999999998
177428043.1654,5.4,0.09999999999999998
177428045.1654,5.4,0.09999999999999998
177428047.1654,5.4,0.09999999999999998
177428049.1654,5.4,0.09999999999999998
177428051.1654,5.4,0.09999999999999998
177428053.1654,5.4,0.09999999999999998
177428055.1654,5.4,0.09999999999999998
177428057.1654,5.4,0.09999999999999998
177428059.1654,5.4,0.09999999999999998
177428061.1654,5.4,0.09999999999999998
177428063.1654,5.4,0.09999999999999998
177428065.1654,5.4,0.09999999999999998
177428067.1654,5.4,0.09999999999999998
177428069.1654,5.4,0.09999999999999998
177428071.1654,5.4,0.09999999999999998
177428073.1654,5.4,0.09999999999999998
177428075.1654,5.4,0.09999999999999998
177428077.1654,5.4,0.09999999999999998
177428079.1654,5.4,0.09999999999999998
177428081.1654,5.4,0.09999999999999998
177428083.1654,5.4,0.09999999999999998
177428085.1654,5.4,0.09999999999999998
177428087.1654,5.4,0.09999999999999998
177428089.1654,5.4,0.09999999999999998
177428091.1654,5.4,0.09999999999999998
177428093.1654,5.300000000000001,0.09999999999999998
177428095.1654,5.300000000000001,0.09999999999999998
177428097.1654,5.300000000000001,0.19999999999999998
177428099.1654,5.300000000000001,0.19999999999999998
177428101.1654,5.300000000000001,0.09999999999999998
177428103.1654,5.300000000000001,0.09999999999999998
177428105.1654,5.300000000000001,0.09999999999999998
177428107.1654,5.300000000000001,0.09999999999999998
177428109.1654,5.300000000000001,0.09999999999999998
177428111.1654,5.300000000000001,0.09999999999999998
177428113.1654,5.300000000000001,0.09999999999999998
177428115.1654,5.300000000000001,0.09999999999999998
177428117.1654,5.200000000000001,0.09999999999999998
177428119.1654,5.200000000000001,0.09999999999999998
177428121.1654,5.200000000000001,0.09999999999999998
177428123.1654,5.200000000000001,0.09999999999999998
177428125.1654,5.200000000000001,0.09999999999999998
177428127.1654,5.200000000000001,0.09999999999999998
177428129.1654,5.200000000000001,0.09999999999999998
177428131.1654,5.200000000000001,0.09999999999999998
177428133.1654,5.200000000000001,0.09999999999999998
177428135.1654,5.200000000000001,0.09999999999999998
177428137.1654,5.200000000000001,0.09999999999999998
177428139.1654,5.200000000000001,0.09999999999999998
177428141.1654,5.200000000000001,0.09999999999999998
177428143.1654,5.200000000000001,0.09999999999999998
177428145.1654,5.200000000000001,0.09999999999999998
177428147.1654,5.200000000000001,0.09999999999999998
177428149.1654,5.200000000000001,0.09999999999999998
177428151.1654,5.200000000000001,0.09999999999999998
177428153.1654,5.200000000000001,0.09999999999999998
177428155.1654,5.200000000000001,0.09999999999999998
177428157.1654,5.200000000000001,0.09999999999999998
177428159.1654,5.200000000000001,0.09999999999999998
177428161.1654,5.200000000000001,0.09999999999999998
177428163.1654,5.200000000000001,0.09999999999999998
177428165.1654,5.200000000000001,0.09999999999999998
177428167.1654,5.200000000000001,0.09999999999999998
177428169.1654,5.200000000000001,0.09999999999999998
177428171.1654,5.200000000000001,0.09999999999999998
177428173.1654,5.200000000000001,0.09999999999999998
177428175.1654,5.200000000000001,0.09999999999999998
177428177.1654,5.200000000000001,0.09999999999999998
177428179.1654,5.200000000000001,0.09999999999999998
177428181.1654,5.200000000000001,0.09999999999999998
177428183.1654,5.200000000000001,0.09999999999999998
177428185.1654,5.200000000000001,0.09999999999999998
177428187.1654,5.200000000000001,0.09999999999999998
177428189.1654,5.200000000000001,0.09999999999999998
177428191.1654,5.200000000000001,0.09999999999999998
177428193.1654,5.200000000000001,0.09999999999999998
177428195.1654,5.200000000000001,0.09999999999999998
177428197.1654,5.200000000000001,0.09999999999999998
177428199.1654,5.200000000000001,0.09999999999999998
177428201.1654,5.200000000000001,0.09999999999999998
177428203.1654,5.200000000000001,0.09999999999999998
177428205.1654,5.200000000000001,0.09999999999999998
177428207.1654,5.200000000000001,0.09999999999999998
177428209.1654,5.200000000000001,0.09999999999999998
177428211.1654,5.200000000000001,0.09999999999999998
177428213.1654,5.200000000000001,0.09999999999999998
177428215.1654,5.200000000000001,0.09999999999999998
177428217.1654,5.200000000000001,0.09999999999999998
177428219.1654,5.200000000000001,0.09999999999999998
177428221.1654,5.200000000000001,0.09999999999999998
177428223.1654,5.200000000000001,0.09999999999999998
177428225.1654,5.200000000000001,0.09999999999999998
177428227.1654,5.200000000000001,0.09999999999999998
177428229.1654,5.200000000000001,0.09999999999999998
177428231.1654,5.200000000000001,0.09999999999999998
177428233.1654,5.400000000000001,0.09999999999999998
177428235.1654,5.400000000000001,0.09999999999999998
177428237.1654,5.400000000000001,0.09999999999999998
177428239.1654,5.400000000000001,0.09999999999999998
177428241.1654,5.400000000000001,0.09999999999999998
177428243.1654,5.400000000000001,0.09999999999999998
177428245.1654,5.400000000000001,0.09999999999999998
177428247.1654,5.400000000000001,0.09999999999999998
177428249.1654,5.400000000000001,0.09999999999999998
177428251.1654,5.400000000000001,0.09999999999999998
177428253.1654,5.400000000000001,0.09999999999999998
177428255.1654,5.400000000000001,-2.7755575615628914e-17
177428257.1654,5.400000000000001,-2.7755575615628914e-17
177428259.1654,5.400000000000001,-2.7755575615628914e-17
177428261.1654,5.400000000000001,-2.7755575615628914e-17
177428263.1654,5.400000000000001,-2.7755575615628914e-17
177428265.1654,5.400000000000001,-2.7755575615628914e-17
177428267.1654,5.400000000000001,-2.7755575615628914e-17
177428269.1654,5.400000000000001,-2.7755575615628914e-17
177428271.1654,5.400000000000001,-2.7755575615628914e-17
177428273.1654,5.400000000000001,-2.7755575615628914e-17
177428275.1654,5.400000000000001,-2.7755575615628914e-17
177428277.1654,5.400000000000001,-2.7755575615628914e-17
177428279.1654,5.300000000000002,-2.7755575615628914e-17
177428281.1654,5.300000000000002,-2.7755575615628914e-17
177428283.1654,5.300000000000002,-2.7755575615628914e-17
177428285.1654,5.300000000000002,-2.7755575615628914e-17
177428287.1654,5.300000000000002,-2.7755575615628914e-17
177428289.1654,5.300000000000002,-2.7755575615628914e-17
177428291.1654,5.300000000000002,-2.7755575615628914e-17
177428293.1654,5.300000000000002,-2.7755575615628914e-17
177428295.1654,5.300000000000002,-2.7755575615628914e-17
177428297.1654,5.300000000000002,-2.7755575615628914e-17
177428299.1654,5.300000000000002,-2.7755575615628914e-17
177428301.1654,5.300000000000002,-2.7755575615628914e-17
177428303.1654,5.300000000000002,-2.7755575615628914e-17
177428305.1654,5.400000000000001,-2.7755575615628914e-17
177428307.1654,5.400000000000001,-2.7755575615628914e-17
177428309.1654,5.400000000000001,-2.7755575615628914e-17
177428311.1654,5.400000000000001,-2.7755575615628914e-17
177428313.1654,5.400000000000001,-2.7755575615628914e-17
177428315.1654,5.400000000000001,-2.7755575615628914e-17
177428317.1654,5.400000000000001,-2.7755575615628914e-17
177428319.1654,5.400000000000001,-2.7755575615628914e-17
177428321.1654,5.400000000000001,-2.7755575615628914e-17
177428323.1654,5.400000000000001,-2.7755575615628914e-17
177428325.1654,5.400000000000001,-2.7755575615628914e-17
177428327.1654,5.400000000000001,-2.7755575615628914e-17
177428329.1654,5.400000000000001,-2.7755575615628914e-17
177428331.1654,5.400000000000001,-2.7755575615628914e-17
177428333.1654,5.400000000000001,-2.7755575615628914e-17
177428335.1654,5.400000000000001,-2.7755575615628914e-17
177428337.1654,5.400000000000001,-2.7755575615628914e-17
177428339.1654,5.400000000000001,-2.7755575615628914e-17
177428341.1654,5.400000000000001,-2.7755575615628914e-17
177428343.1654,5.400000000000001,-2.7755575615628914e-17
177428345.1654,5.400000000000001,-2.7755575615628914e-17
177428347.1654,5.400000000000001,-2.7755575615628914e-17
177428349.1654,5.400000000000001,-2.7755575615628914e-17
177428351.1654,5.400000000000001,-2.7755575615628914e-17
177428353.1654,5.400000000000001,-2.7755575615628914e-17
177428355.1654,5.400000000000001,-2.7755575615628914e-17
177428357.1654,5.400000000000001,-2.7755575615628914e-17
177428359.1654,5.400000000000001,-2.7755575615628914e-17
177428361.1654,5.400000000000001,-2.7755575615628914e-17
177428363.1654,5.400000000000001,-2.7755575615628914e-17
177428365.1654,5.400000000000001,-2.7755575615628914e-17
177428367.1654,5.400000000000001,-2.7755575615628914e-17
177428369.1654,5.400000000000001,-2.7755575615628914e-17
177428371.1654,5.400000000000001,-2.7755575615628914e-17
177428373.1654,5.400000000000001,-2.7755575615628914e-17
177428375.1654,5.400000000000001,-2.7755575615628914e-17
177428377.1654,5.400000000000001,-2.7755575615628914e-17
177428379.1654,5.400000000000001,-2.7755575615628914e-17
177428381.1654,5.400000000000001,-2.7755575615628914e-17
177428383.1654,5.400000000000001,-2.7755575615628914e-17
177428385.1654,5.400000000000001,-2.7755575615628914e-17
177428387.1654,5.400000000000001,-2.7755575615628914e-17
177428389.1654,5.400000000000001,-2.7755575615628914e-17
177428391.1654,5.400000000000001,-2.7755575615628914e-17
177428393.1654,5.400000000000001,-2.7755575615628914e-17
177428395.0654,5.400000000000001,-2.7755575615628914e-17
177428397.0654,5.400000000000001,-2.7755575615628914e-17
177428399.0654,5.400000000000001,-2.7755575615628914e-17
177428401.0654,5.400000000000001,-2.7755575615628914e-17
177428403.0654,5.400000000000001,-2.7755575615628914e-17
177428405.0654,5.400000000000001,-2.7755575615628914e-17
177428407.0654,5.400000000000001,-2.7755575615628914e-17
177428409.0654,5.400000000000001,-2.7755575615628914e-17
177428411.0654,5.400000000000001,-2.7755575615628914e-17
177428413.0654,5.400000000000001,-2.7755575615628914e-17
177428415.0654,5.400000000000001,-2.7755575615628914e-17
177428417.0654,5.400000000000001,-2.7755575615628914e-17
177428419.0654,5.400000000000001,-2.7755575615628914e-17
177428421.0654,5.400000000000001,-2.7755575615628914e-17
177428423.0654,5.400000000000001,-2.7755575615628914e-17
177428425.0654,5.400000000000001,-2.7755575615628914e-17
177428427.0654,5.400000000000001,-2.7755575615628914e-17
177428429.0654,5.400000000000001,-2.7755575615628914e-17
177428431.0654,5.400000000000001,-2.7755575615628914e-17
177428433.0654,5.400000000000001,-2.7755575615628914e-17
177428435.0654,5.400000000000001,-2.7755575615628914e-17
177428437.0654,5.400000000000001,-2.7755575615628914e-17
177428439.0654,5.400000000000001,-2.7755575615628914e-17
177428441.0654,5.400000000000001,-2.7755575615628914e-17
177428443.0654,5.400000000000001,-2.7755575615628914e-17
177428445.0654,5.400000000000001,-2.7755575615628914e-17
177428447.0654,5.400000000000001,-2.7755575615628914e-17
177428449.0654,5.400000000000001,-2.7755575615628914e-17
177428451.0654,5.400000000000001,-2.7755575615628914e-17
177428453.0654,5.400000000000001,-2.7755575615628914e-17
177428455.0654,5.400000000000001,-2.7755575615628914e-17
177428457.0654,5.400000000000001,-2.7755575615628914e-17
177428459.0654,5.400000000000001,-2.7755575615628914e-17
177428461.0654,5.400000000000001,-2.7755575615628914e-17
177428463.0654,5.400000000000001,-2.7755575615628914e-17
177428465.0654,5.400000000000001,-2.7755575615628914e-17
177428467.0654,5.400000000000001,-2.7755575615628914e-17
177428469.0654,5.400000000000001,-2.7755575615628914e-17
177428471.0654,5.400000000000001,-2.7755575615628914e-17
177428473.0654,5.400000000000001,-2.7755575615628914e-17
177428475.0654,5.400000000000001,-2.7755575615628914e-17
177428477.0654,5.400000000000001,-2.7755575615628914e-17
177428479.0654,5.400000000000001,-2.7755575615628914e-17
177428481.0654,5.400000000000001,-2.7755575615628914e-17
177428483.0654,5.400000000000001,-2.7755575615628914e-17
177428485.0654,5.400000000000001,-2.7755575615628914e-17
177428487.0654,5.400000000000001,-2.7755575615628914e-17
177428489.0654,5.400000000000001,-2.7755575615628914e-17
177428491.0654,5.400000000000001,-2.7755575615628914e-17
177428493.0654,5.400000000000001,-2.7755575615628914e-17
177428495.0654,5.400000000000001,-2.7755575615628914e-17
177428497.0654,5.400000000000001,-2.7755575615628914e-17
177428499.0654,5.400000000000001,-2.7755575615628914e-17
177428501.0654,5.400000000000001,-2.7755575615628914e-17
177428503.0654,5.400000000000001,-2.7755575615628914e-17
177428505.0654,5.400000000000001,-2.7755575615628914e-17
177428507.0654,5.400000000000001,-2.7755575615628914e-17
177428509.0654,5.400000000000001,-2.7755575615628914e-17
177428511.0654,5.400000000000001,-2.7755575615628914e-17
177428513.1654,5.400000000000001,-2.7755575615628914e-17
177428515.0654,5.400000000000001,-2.7755575615628914e-17
177428517.0654,5.400000000000001,-2.7755575615628914e-17
177428519.0654,5.400000000000001,-2.7755575615628914e-17
177428521.0654,4.900000000000001,-2.7755575615628914e-17
177428523.0654,4.900000000000001,-2.7755575615628914e-17
177428525.0654,4.900000000000001,-2.7755575615628914e-17
177428527.0654,4.900000000000001,-2.7755575615628914e-17
177428529.0654,4.900000000000001,-2.7755575615628914e-17
177428531.0654,4.900000000000001,-2.7755575615628914e-17
177428533.0654,4.900000000000001,-2.7755575615628914e-17
177428535.0654,4.900000000000001,-2.7755575615628914e-17
177428537.0654,4.900000000000001,0.09999999999999998
177428539.0654,4.900000000000001,0.09999999999999998
177428541.0654,5.400000000000001,0.09999999999999998
177428543.0654,5.400000000000001,0.09999999999999998
177428545.0654,5.400000000000001,0.09999999999999998
177428547.0654,5.400000000000001,0.09999999999999998
177428549.0654,5.400000000000001,0.09999999999999998
177428551.0654,5.400000000000001,0.09999999999999998
177428553.0654,5.400000000000001,0.09999999999999998
177428555.0654,5.400000000000001,0.09999999999999998
177428557.0654,5.400000000000001,0.09999999999999998
177428559.0654,5.400000000000001,0.09999999999999998
177428561.0654,5.400000000000001,0.09999999999999998
177428563.0654,5.400000000000001,0.09999999999999998
177428565.0654,5.400000000000001,0.09999999999999998
177428567.0654,5.400000000000001,0.09999999999999998
177428569.0654,5.400000000000001,0.09999999999999998
177428571.0654,5.400000000000001,0.09999999999999998
177428573.0654,5.400000000000001,0.09999999999999998
177428575.0654,5.400000000000001,0.09999999999999998
177428577.0654,5.400000000000001,0.09999999999999998
177428579.0654,5.400000000000001,0.09999999999999998
177428581.0654,5.400000000000001,0.09999999999999998
177428583.0654,5.400000000000001,0.09999999999999998
177428585.0654,5.400000000000001,0.09999999999999998
177428587.0654,5.400000000000001,0.09999999999999998
177428589.0654,5.400000000000001,0.09999999999999998
177428591.0654,5.400000000000001,0.09999999999999998
177428593.0654,5.400000000000001,0.09999999999999998
177428595.0654,5.400000000000001,0.09999999999999998
177428597.0654,5.400000000000001,0.09999999999999998
177428599.0654,5.400000000000001,0.09999999999999998
177428601.0654,5.400000000000001,0.09999999999999998
177428603.0654,5.400000000000001,0.09999999999999998
177428605.0654,5.400000000000001,0.09999999999999998
177428607.0654,5.400000000000001,0.09999999999999998
177428609.0654,5.400000000000001,0.09999999999999998
177428611.0654,5.400000000000001,0.09999999999999998
177428613.0654,5.400000000000001,0.09999999999999998
177428615.0654,5.400000000000001,0.09999999999999998
177428617.0654,5.400000000000001,0.09999999999999998
177428619.0654,5.400000000000001,0.09999999999999998
177428621.0654,5.400000000000001,0.09999999999999998
177428623.0654,5.400000000000001,0.09999999999999998
177428625.0654,5.400000000000001,0.09999999999999998
177428627.0654,5.400000000000001,0.09999999999999998
177428629.0654,5.400000000000001,0.09999999999999998
177428631.0654,5.400000000000001,0.09999999999999998
177428633.0654,5.400000000000001,0.09999999999999998
177428635.0654,5.400000000000001,0.09999999999999998
177428637.0654,5.400000000000001,0.09999999999999998
177428639.0654,5.400000000000001,0.09999999999999998
177428641.0654,5.400000000000001,0.09999999999999998
177428643.0654,5.400000000000001,0.09999999999999998
177428645.0654,5.400000000000001,0.09999999999999998
177428647.0654,5.400000000000001,0.09999999999999998
177428649.0654,5.400000000000001,0.09999999999999998
177428651.0654,5.400000000000001,0.09999999999999998
177428653.0654,5.400000000000001,0.09999999999999998
177428655.0654,5.400000000000001,0.09999999999999998
177428657.0654,5.400000000000001,0.09999999999999998
177428659.0654,5.400000000000001,0.09999999999999998
177428661.0654,5.400000000000001,0.09999999999999998
177428663.0654,5.400000000000001,0.09999999999999998
177428665.0654,5.400000000000001,0.09999999999999998
177428667.0654,5.400000000000001,0.09999999999999998
177428669.0654,5.400000000000001,0.09999999999999998
177428671.0654,5.400000000000001,0.09999999999999998
177428673.0654,5.400000000000001,0.09999999999999998
177428675.0654,5.400000000000001,0.09999999999999998
177428677.0654,5.400000000000001,0.09999999999999998
177428679.0654,5.400000000000001,0.09999999999999998
177428681.0654,5.400000000000001,0.09999999999999998
177428683.0654,5.400000000000001,0.09999999999999998
177428685.0654,5.400000000000001,0.09999999999999998
177428687.0654,5.400000000000001,0.09999999999999998
177428689.0654,5.400000000000001,0.09999999999999998
177428691.0654,5.400000000000001,0.09999999999999998
177428693.0654,5.400000000000001,0.09999999999999998
177428695.0654,5.400000000000001,0.09999999999999998
177428697.0654,5.400000000000001,0.09999999999999998
177428699.0654,5.400000000000001,0.09999999999999998
177428701.0654,5.400000000000001,0.09999999999999998
177428703.0654,5.400000000000001,0.09999999999999998
177428705.0654,5.400000000000001,0.09999999999999998
177428707.0654,5.400000000000001,0.09999999999999998
177428709.0654,5.400000000000001,0.09999999999999998
177428711.0654,5.400000000000001,0.09999999999999998
177428713.0654,5.400000000000001,0.09999999999999998
177428715.0654,5.400000000000001,0.09999999999999998
177428717.0654,5.400000000000001,0.09999999999999998
177428719.0654,5.400000000000001,0.09999999999999998
177428721.0654,5.400000000000001,0.09999999999999998
177428723.0654,5.400000000000001,0.09999999999999998
177428725.0654,5.400000000000001,0.19999999999999998
177428727.0654,5.400000000000001,0.09999999999999998
177428729.0654,5.400000000000001,0.09999999999999998
177428731.0654,5.400000000000001,0.09999999999999998
177428733.0654,5.400000000000001,0.09999999999999998
177428735.0654,5.400000000000001,0.09999999999999998
177428737.0654,5.400000000000001,0.09999999999999998
177428739.0654,5.400000000000001,0.09999999999999998
177428741.0654,5.400000000000001,0.09999999999999998
177428742.9654,5.400000000000001,0.09999999999999998
177428744.9654,5.400000000000001,0.09999999999999998
177428746.9654,5.400000000000001,0.09999999999999998
177428748.9654,5.400000000000001,0.09999999999999998
177428750.9654,5.400000000000001,0.09999999999999998
177428752.9654,5.400000000000001,0.09999999999999998
177428754.9654,5.400000000000001,0.09999999999999998
177428756.9654,5.400000000000001,0.09999999999999998
177428758.9654,5.400000000000001,0.09999999999999998
177428760.9654,5.400000000000001,0.09999999999999998
177428762.9654,5.400000000000001,0.09999999999999998
177428764.9654,5.400000000000001,0.09999999999999998
177428766.9654,5.400000000000001,0.09999999999999998
177428768.9654,5.400000000000001,0.09999999999999998
177428770.9654,5.400000000000001,0.09999999999999998
177428772.9654,5.400000000000001,0.09999999999999998
177428774.9654,5.400000000000001,0.09999999999999998
177428776.9654,5.400000000000001,0.09999999999999998
177428778.9654,5.400000000000001,0.09999999999999998
177428780.9654,5.400000000000001,0.09999999999999998
177428782.9654,5.400000000000001,0.09999999999999998
177428784.9654,5.400000000000001,0.09999999999999998
177428786.9654,5.400000000000001,0.09999999999999998
177428788.9654,5.400000000000001,0.09999999999999998
177428790.9654,5.400000000000001,0.09999999999999998
177428792.9654,5.400000000000001,0.09999999999999998
177428794.9654,5.400000000000001,0.09999999999999998
177428796.9654,5.400000000000001,0.09999999999999998
177428798.9654,5.400000000000001,0.09999999999999998
177428800.9654,5.400000000000001,0.09999999999999998
177428802.9654,5.400000000000001,0.09999999999999998
177428804.9654,5.400000000000001,0.09999999999999998
177428806.9654,5.400000000000001,0.09999999999999998
177428808.9654,5.400000000000001,0.09999999999999998
177428810.9654,5.400000000000001,0.09999999999999998
177428812.9654,5.400000000000001,0.09999999999999998
177428814.9654,5.400000000000001,0.09999999999999998
177428816.9654,5.400000000000001,0.09999999999999998
177428818.9654,5.400000000000001,0.09999999999999998
177428820.9654,5.400000000000001,0.09999999999999998
177428822.9654,5.400000000000001,0.09999999999999998
177428824.9654,5.400000000000001,0.09999999999999998
177428826.9654,5.400000000000001,0.09999999999999998
177428828.9654,5.400000000000001,0.09999999999999998
177428830.9654,5.400000000000001,0.09999999999999998
177428832.9654,5.400000000000001,0.09999999999999998
177428834.9654,5.400000000000001,0.09999999999999998
177428836.9654,5.400000000000001,0.09999999999999998
177428838.9654,5.400000000000001,0.09999999999999998
177428840.9654,5.400000000000001,0.09999999999999998
177428842.9654,5.400000000000001,0.09999999999999998
177428844.9654,5.400000000000001,0.09999999999999998
177428846.9654,5.400000000000001,0.09999999999999998
177428848.9654,5.400000000000001,0.09999999999999998
177428850.9654,5.400000000000001,0.09999999999999998
177428852.9654,5.400000000000001,0.09999999999999998
177428854.9654,5.400000000000001,0.09999999999999998
177428856.9654,5.400000000000001,0.09999999999999998
177428858.9654,5.400000000000001,0.09999999999999998
177428860.9654,5.400000000000001,0.09999999999999998
177428862.9654,5.400000000000001,0.09999999999999998
177428864.9654,5.400000000000001,0.09999999999999998
177428866.9654,5.400000000000001,0.09999999999999998
177428868.9654,5.400000000000001,0.09999999999999998
177428870.9654,5.400000000000001,0.09999999999999998
177428872.9654,5.400000000000001,0.09999999999999998
177428874.9654,5.400000000000001,0.09999999999999998
177428876.9654,5.400000000000001,0.09999999999999998
177428878.9654,5.400000000000001,0.09999999999999998
177428880.9654,5.400000000000001,0.09999999999999998
177428882.9654,5.400000000000001,0.09999999999999998
177428884.9654,5.400000000000001,0.09999999999999998
177428886.9654,5.400000000000001,0.09999999999999998
177428888.9654,5.400000000000001,0.09999999999999998
177428890.9654,5.400000000000001,0.09999999999999998
177428892.9654,5.400000000000001,0.09999999999999998
177428894.9654,5.400000000000001,0.09999999999999998
177428896.9654,5.400000000000001,0.09999999999999998
177428898.9654,5.400000000000001,0.09999999999999998
177428900.9654,5.400000000000001,0.09999999999999998
177428902.9654,5.400000000000001,0.09999999999999998
177428904.9654,5.400000000000001,0.09999999999999998
177428906.9654,5.400000000000001,0.09999999999999998
177428908.9654,5.400000000000001,0.09999999999999998
177428910.9654,5.400000000000001,0.09999999999999998
177428912.9654,5.400000000000001,0.09999999999999998
177428914.9654,5.400000000000001,0.09999999999999998
177428916.9654,5.400000000000001,0.09999999999999998
177428918.9654,5.400000000000001,0.09999999999999998
177428920.9654,5.400000000000001,0.09999999999999998
177428922.9654,5.400000000000001,0.09999999999999998
177428924.9654,5.400000000000001,0.09999999999999998
177428926.9654,5.400000000000001,0.09999999999999998
177428928.9654,5.400000000000001,0.09999999999999998
177428930.9654,5.400000000000001,0.09999999999999998
177428932.9654,5.400000000000001,0.09999999999999998
177428934.9654,5.400000000000001,0.09999999999999998
177428936.9654,5.400000000000001,0.09999999999999998
177428938.9654,5.400000000000001,0.09999999999999998
177428940.9654,5.400000000000001,0.09999999999999998
177428942.9654,5.400000000000001,0.09999999999999998
177428944.9654,5.400000000000001,0.09999999999999998
177428946.9654,5.400000000000001,0.09999999999999998
177428948.9654,5.400000000000001,0.09999999999999998
177428950.9654,5.400000000000001,0.09999999999999998
177428952.9654,5.400000000000001,0.09999999999999998
177428954.9654,5.400000000000001,0.09999999999999998
177428956.9654,5.400000000000001,0.09999999999999998
177428958.9654,5.400000000000001,0.09999999999999998
177428960.9654,5.400000000000001,0.09999999999999998
177428962.9654,5.400000000000001,0.09999999999999998
177428964.9654,5.400000000000001,0.09999999999999998
177428966.9654,5.400000000000001,0.09999999999999998
177428968.9654,5.400000000000001,0.09999999999999998
177428970.9654,5.400000000000001,0.09999999999999998
177428972.9654,5.400000000000001,0.09999999999999998
177428974.9654,5.400000000000001,0.09999999999999998
177428976.9654,5.400000000000001,0.09999999999999998
177428978.9654,5.400000000000001,0.09999999999999998
177428980.9654,5.400000000000001,0.09999999999999998
177428982.9654,5.400000000000001,0.09999999999999998
177428984.9654,5.400000000000001,0.09999999999999998
177428986.9654,5.400000000000001,0.09999999999999998
177428988.9654,5.400000000000001,0.09999999999999998
177428990.9654,5.400000000000001,0.09999999999999998
177428992.9654,5.400000000000001,0.09999999999999998
177428994.9654,5.400000000000001,0.09999999999999998
177428996.9654,5.400000000000001,0.09999999999999998
177428998.9654,5.400000000000001,0.09999999999999998
177429000.9654,5.400000000000001,0.09999999999999998
177429002.9654,5.400000000000001,0.09999999999999998
177429004.9654,5.400000000000001,0.09999999999999998
177429006.9654,5.400000000000001,0.09999999999999998
177429008.9654,5.400000000000001,0.09999999999999998
177429010.9654,5.400000000000001,0.09999999999999998
177429012.9654,5.300000000000002,0.09999999999999998
177429014.9654,5.300000000000002,0.09999999999999998
177429016.9654,5.300000000000002,0.09999999999999998
177429018.9654,5.300000000000002,0.09999999999999998
177429020.9654,5.300000000000002,0.09999999999999998
177429022.9654,5.300000000000002,0.09999999999999998
177429024.9654,5.300000000000002,0.09999999999999998
177429026.9654,5.300000000000002,0.09999999999999998
177429028.9654,5.300000000000002,0.09999999999999998
177429030.9654,5.300000000000002,0.09999999999999998
177429032.9654,5.200000000000002,0.09999999999999998
177429034.9654,5.200000000000002,0.09999999999999998
177429036.9654,5.200000000000002,0.09999999999999998
177429038.9654,5.200000000000002,0.09999999999999998
177429040.9654,5.300000000000002,0.09999999999999998
177429042.9654,5.300000000000002,0.09999999999999998
177429044.9654,5.300000000000002,0.09999999999999998
177429046.9654,5.300000000000002,0.09999999999999998
177429048.9654,5.300000000000002,0.09999999999999998
177429050.9654,5.300000000000002,0.09999999999999998
177429052.9654,5.300000000000002,0.09999999999999998
177429054.9654,5.300000000000002,0.09999999999999998
177429056.9654,5.300000000000002,0.09999999999999998
177429058.9654,5.300000000000002,0.09999999999999998
177429060.9654,5.300000000000002,0.09999999999999998
177429062.9654,5.300000000000002,0.09999999999999998
177429065.0654,5.300000000000002,0.09999999999999998
177429066.9654,5.300000000000002,0.09999999999999998
177429068.9654,5.300000000000002,0.09999999999999998
177429070.9654,5.300000000000002,0.09999999999999998
177429072.9654,5.300000000000002,0.09999999999999998
177429074.9654,5.300000000000002,0.09999999999999998
177429076.9654,5.300000000000002,0.09999999999999998
177429078.9654,5.300000000000002,0.09999999999999998
177429080.9654,5.400000000000001,0.09999999999999998
177429082.9654,5.400000000000001,0.09999999999999998
177429084.9654,5.400000000000001,0.09999999999999998
177429086.9654,5.400000000000001,0.09999999999999998
177429088.9654,5.400000000000001,0.09999999999999998
177429090.9654,5.400000000000001,0.09999999999999998
177429092.9654,5.400000000000001,0.09999999999999998
177429094.9654,5.400000000000001,0.09999999999999998
177429096.9654,5.400000000000001,0.09999999999999998
177429098.9654,5.400000000000001,0.09999999999999998
177429100.9654,5.400000000000001,0.09999999999999998
177429102.9654,5.400000000000001,0.09999999999999998
177429104.9654,5.400000000000001,0.09999999999999998
177429106.9654,5.400000000000001,0.09999999999999998
177429108.9654,5.400000000000001,0.09999999999999998
177429110.9654,5.400000000000001,0.09999999999999998
177429112.9654,5.400000000000001,0.09999999999999998
177429114.9654,5.400000000000001,0.09999999999999998
177429116.9654,5.400000000000001,0.09999999999999998
177429118.9654,5.400000000000001,0.09999999999999998
177429120.9654,5.400000000000001,0.09999999999999998
177429122.9654,5.400000000000001,0.09999999999999998
177429124.9654,5.400000000000001,0.09999999999999998
177429126.9654,5.400000000000001,0.09999999999999998
177429128.9654,5.400000000000001,0.09999999999999998
177429130.9654,5.400000000000001,0.09999999999999998
177429132.9654,5.400000000000001,0.09999999999999998
177429134.9654,5.400000000000001,0.09999999999999998
177429136.9654,5.400000000000001,0.09999999999999998
177429138.9654,5.400000000000001,0.09999999999999998
177429140.9654,5.400000000000001,0.09999999999999998
177429142.9654,5.400000000000001,0.09999999999999998
177429144.9654,5.400000000000001,0.09999999999999998
177429146.9654,5.400000000000001,0.09999999999999998
177429148.9654,5.400000000000001,0.09999999999999998
177429150.9654,5.400000000000001,0.19999999999999998
177429152.9654,5.400000000000001,0.09999999999999998
177429154.9654,5.400000000000001,0.09999999999999998
177429156.9654,5.400000000000001,0.09999999999999998
177429158.9654,5.400000000000001,0.09999999999999998
177429160.9654,5.400000000000001,0.09999999999999998
177429162.9654,5.400000000000001,0.09999999999999998
177429164.9654,5.400000000000001,0.09999999999999998
177429166.9654,5.400000000000001,0.09999999999999998
177429168.9654,5.400000000000001,0.09999999999999998
177429170.9654,5.400000000000001,0.09999999999999998
177429172.9654,5.400000000000001,0.09999999999999998
177429174.9654,5.400000000000001,0.09999999999999998
177429176.9654,5.400000000000001,0.09999999999999998
177429178.9654,5.400000000000001,0.09999999999999998
177429180.9654,5.400000000000001,0.09999999999999998
177429182.9654,5.400000000000001,0.39999999999999997
177429184.9654,5.400000000000001,0.39999999999999997
177429186.9654,5.400000000000001,0.39999999999999997
177429188.9654,5.400000000000001,0.39999999999999997
177429190.9654,5.400000000000001,0.39999999999999997
177429192.9654,5.400000000000001,0.39999999999999997
177429194.9654,5.400000000000001,0.39999999999999997
177429196.9654,5.400000000000001,0.39999999999999997
177429198.9654,5.400000000000001,0.39999999999999997
177429200.9654,5.400000000000001,0.39999999999999997
177429202.9654,5.400000000000001,0.39999999999999997
177429204.9654,5.400000000000001,0.39999999999999997
177429206.9654,5.400000000000001,0.39999999999999997
177429208.9654,5.400000000000001,0.09999999999999998
177429210.9654,5.400000000000001,0.09999999999999998
177429212.9654,5.400000000000001,0.09999999999999998
177429214.9654,5.400000000000001,0.09999999999999998
177429216.9654,5.400000000000001,0.09999999999999998
177429218.9654,5.400000000000001,0.09999999999999998
177429220.9654,5.400000000000001,0.09999999999999998
177429222.9654,5.400000000000001,0.09999999999999998
177429224.9654,5.400000000000001,0.09999999999999998
177429226.9654,5.400000000000001,0.09999999999999998
177429228.9654,5.400000000000001,0.09999999999999998
177429230.9654,5.400000000000001,0.09999999999999998
177429232.9654,5.400000000000001,0.09999999999999998
177429234.9654,5.400000000000001,0.09999999999999998
177429236.9654,5.400000000000001,0.09999999999999998
177429238.9654,5.400000000000001,0.09999999999999998
177429240.9654,5.400000000000001,0.09999999999999998
177429242.9654,5.400000000000001,0.09999999999999998
177429244.9654,5.400000000000001,0.09999999999999998
177429246.9654,5.400000000000001,0.09999999999999998
177429248.9654,5.400000000000001,0.09999999999999998
177429250.9654,5.400000000000001,0.09999999999999998
177429252.9654,5.400000000000001,0.09999999999999998
177429254.9654,5.400000000000001,0.09999999999999998
177429256.9654,5.400000000000001,0.09999999999999998
177429258.9654,5.400000000000001,0.09999999999999998
177429260.9654,5.400000000000001,0.09999999999999998
177429262.9654,5.400000000000001,0.09999999999999998
177429264.9654,5.400000000000001,0.09999999999999998
177429266.9654,5.400000000000001,0.09999999999999998
177429268.9654,5.400000000000001,0.09999999999999998
177429270.9654,5.400000000000001,0.09999999999999998
177429272.9654,5.400000000000001,0.09999999999999998
177429274.9654,5.400000000000001,0.09999999999999998
177429276.9654,5.400000000000001,0.09999999999999998
177429278.9654,5.400000000000001,0.09999999999999998
177429280.9654,5.400000000000001,0.09999999999999998
177429282.9654,5.400000000000001,0.09999999999999998
177429284.9654,5.400000000000001,0.09999999999999998
177429286.9654,5.400000000000001,0.09999999999999998
177429288.9654,5.400000000000001,0.09999999999999998
177429290.9654,5.400000000000001,0.09999999999999998
177429292.9654,5.400000000000001,0.09999999999999998
177429294.9654,5.400000000000001,0.09999999999999998
177429296.9654,5.400000000000001,0.09999999999999998
177429298.9654,5.400000000000001,0.09999999999999998
177429300.9654,5.400000000000001,0.09999999999999998
177429302.9654,5.400000000000001,0.09999999999999998
177429304.9654,5.400000000000001,0.09999999999999998
177429306.9654,5.400000000000001,0.09999999999999998
177429308.9654,5.400000000000001,0.09999999999999998
177429310.9654,5.400000000000001,0.09999999999999998
177429312.9654,5.400000000000001,0.09999999999999998
177429314.9654,5.400000000000001,0.09999999999999998
177429316.9654,5.400000000000001,0.09999999999999998
177429318.9654,5.400000000000001,0.09999999999999998
177429320.9654,5.400000000000001,0.09999999999999998
177429322.9654,5.400000000000001,0.09999999999999998
177429324.9654,5.400000000000001,0.09999999999999998
177429326.9654,5.400000000000001,0.09999999999999998
177429328.9654,5.400000000000001,0.09999999999999998
177429330.9654,5.400000000000001,0.09999999999999998
177429332.9654,5.400000000000001,0.09999999999999998
177429334.9654,5.400000000000001,0.09999999999999998
177429336.9654,5.400000000000001,0.09999999999999998
177429338.9654,5.400000000000001,0.09999999999999998
177429340.9654,5.400000000000001,0.09999999999999998
177429342.9654,5.400000000000001,0.09999999999999998
177429344.9654,5.400000000000001,0.09999999999999998
177429346.9654,5.400000000000001,0.09999999999999998
177429348.9654,5.400000000000001,0.09999999999999998
177429350.9654,5.400000000000001,0.09999999999999998
177429352.9654,5.400000000000001,0.09999999999999998
177429354.9654,5.400000000000001,0.09999999999999998
177429356.9654,5.400000000000001,0.09999999999999998
177429358.9654,5.400000000000001,0.09999999999999998
177429360.9654,5.400000000000001,0.09999999999999998
177429362.9654,5.400000000000001,0.09999999999999998
177429364.9654,5.400000000000001,0.09999999999999998
177429366.9654,5.400000000000001,0.09999999999999998
177429368.9654,5.400000000000001,0.09999999999999998
177429370.9654,5.400000000000001,0.09999999999999998
177429372.9654,5.400000000000001,0.09999999999999998
177429374.9654,5.400000000000001,0.09999999999999998
177429376.9654,5.400000000000001,0.09999999999999998
177429378.9654,5.400000000000001,0.09999999999999998
177429380.9654,5.400000000000001,0.09999999999999998
177429382.9654,5.400000000000001,0.09999999999999998
177429384.9654,5.400000000000001,0.09999999999999998
177429386.9654,5.400000000000001,0.09999999999999998
177429388.9654,5.400000000000001,0.09999999999999998
177429390.9654,5.400000000000001,0.09999999999999998
177429392.9654,5.400000000000001,0.09999999999999998
177429394.9654,5.400000000000001,0.09999999999999998
177429396.9654,5.400000000000001,0.09999999999999998
177429398.9654,5.400000000000001,0.09999999999999998
177429400.9654,5.400000000000001,0.09999999999999998
177429402.9654,5.400000000000001,0.09999999999999998
177429404.9654,5.400000000000001,0.09999999999999998
177429406.9654,5.400000000000001,0.09999999999999998
177429408.9654,5.400000000000001,0.09999999999999998
177429410.9654,5.400000000000001,0.09999999999999998
177429412.9654,5.400000000000001,0.09999999999999998
177429414.9654,5.400000000000001,0.09999999999999998
177429416.9654,5.400000000000001,0.09999999999999998
177429418.9654,5.400000000000001,0.09999999999999998
177429420.9654,5.400000000000001,0.09999999999999998
177429422.9654,5.400000000000001,0.09999999999999998
177429424.9654,5.400000000000001,0.09999999999999998
177429426.9654,5.400000000000001,0.09999999999999998
177429428.9654,5.400000000000001,0.09999999999999998
177429430.9654,5.400000000000001,0.09999999999999998
177429432.9654,5.400000000000001,0.09999999999999998
177429434.9654,5.400000000000001,0.09999999999999998
177429436.9654,5.400000000000001,0.09999999999999998
177429438.9654,5.400000000000001,0.09999999999999998
177429440.9654,5.400000000000001,0.09999999999999998
177429442.9654,5.400000000000001,0.09999999999999998
177429444.9654,5.400000000000001,0.09999999999999998
177429446.9654,5.400000000000001,0.09999999999999998
177429448.9654,5.400000000000001,0.09999999999999998
177429450.9654,5.400000000000001,0.09999999999999998
177429452.9654,5.400000000000001,0.09999999999999998
177429454.9654,5.400000000000001,0.09999999999999998
177429456.9654,5.400000000000001,0.09999999999999998
177429458.9654,5.400000000000001,0.09999999999999998
177429460.9654,5.400000000000001,0.09999999999999998
177429462.9654,5.400000000000001,0.09999999999999998
177429464.9654,5.400000000000001,0.09999999999999998
177429466.9654,5.400000000000001,0.09999999999999998
177429468.9654,5.400000000000001,0.09999999999999998
177429470.9654,5.400000000000001,0.09999999999999998
177429472.9654,5.400000000000001,0.09999999999999998
177429474.9654,5.400000000000001,0.09999999999999998
177429476.9654,5.400000000000001,0.09999999999999998
177429478.9654,5.400000000000001,0.09999999999999998
177429480.9654,5.400000000000001,0.09999999999999998
177429482.9654,5.400000000000001,0.09999999999999998
177429484.9654,5.400000000000001,0.09999999999999998
177429486.9654,5.400000000000001,0.09999999999999998
177429488.9654,5.400000000000001,0.09999999999999998
177429490.9654,5.400000000000001,0.09999999999999998
177429492.9654,5.300000000000002,0.09999999999999998
177429494.9654,5.300000000000002,0.09999999999999998
177429496.9654,5.300000000000002,0.19999999999999998
177429498.9654,5.300000000000002,0.19999999999999998
177429500.9654,5.300000000000002,0.3
177429502.9654,5.300000000000002,0.3
177429504.9654,5.300000000000002,0.3
177429506.9654,5.300000000000002,0.3
177429508.9654,5.300000000000002,0.3
177429510.9654,5.300000000000002,0.3
177429512.9654,5.300000000000002,0.3
177429514.9654,5.300000000000002,0.3
177429516.9654,5.300000000000002,0.3
177429518.9654,5.400000000000001,0.3
177429520.9654,5.400000000000001,0.3
177429522.9654,5.400000000000001,0.3
177429524.9654,5.400000000000001,0.3
177429526.9654,5.400000000000001,0.3
177429528.9654,5.400000000000001,0.3
177429530.9654,5.400000000000001,0.3
177429532.9654,5.400000000000001,0.3
177429534.9654,5.400000000000001,0.3
177429536.9654,5.400000000000001,0.3
177429538.9654,5.400000000000001,0.3
177429540.9654,5.400000000000001,0.3
177429542.9654,5.400000000000001,0.3
177429544.9654,5.400000000000001,0.3
177429546.9654,5.400000000000001,0.3
177429548.9654,5.400000000000001,0.3
177429550.9654,5.400000000000001,0.3
177429552.9654,5.400000000000001,0.3
177429554.9654,5.400000000000001,0.3
177429556.9654,5.400000000000001,0.3
177429558.9654,5.400000000000001,0.3
177429560.9654,5.400000000000001,0.3
177429562.9654,5.400000000000001,0.3
177429564.9654,5.400000000000001,0.3
177429566.9654,5.400000000000001,0.3
177429568.9654,5.400000000000001,0.3
177429570.9654,5.400000000000001,0.3
177429572.9654,5.400000000000001,0.3
177429574.9654,5.400000000000001,0.3
177429576.9654,5.400000000000001,0.3
177429578.9654,5.400000000000001,0.3
177429580.9654,5.400000000000001,0.3
177429582.9654,5.400000000000001,0.3
177429584.9654,5.400000000000001,0.3
177429586.9654,5.400000000000001,0.3
177429588.9654,5.400000000000001,0.3
177429590.9654,5.400000000000001,0.3
177429592.9654,5.400000000000001,0.3
177429594.9654,5.400000000000001,0.3
177429596.9654,5.400000000000001,0.3
177429598.9654,5.400000000000001,0.3
177429600.9654,5.400000000000001,0.3
177429602.9654,5.400000000000001,0.3
177429604.9654,5.400000000000001,0.3
177429606.9654,5.400000000000001,0.3
177429608.9654,5.400000000000001,0.3
177429610.9654,5.400000000000001,0.3
177429612.9654,5.400000000000001,0.3
177429614.9654,5.400000000000001,0.3
177429616.9654,5.400000000000001,0.3
177429618.9654,5.400000000000001,0.3
177429620.9654,5.400000000000001,0.3
177429622.9654,5.400000000000001,0.3
177429624.9654,5.400000000000001,0.3
177429626.9654,5.400000000000001,0.3
177429628.9654,5.400000000000001,0.3
177429630.9654,5.400000000000001,0.3
177429632.9654,5.400000000000001,0.3
177429634.9654,5.400000000000001,0.3
177429636.9654,5.400000000000001,0.3
177429638.9654,5.400000000000001,0.3
177429640.9654,5.400000000000001,0.3
177429642.9654,5.400000000000001,0.3
177429644.9654,5.400000000000001,0.3
177429646.9654,5.400000000000001,0.3
177429648.9654,5.400000000000001,0.3
177429650.9654,5.400000000000001,0.3
177429652.9654,5.400000000000001,0.3
177429654.9654,5.400000000000001,0.3
177429656.9654,5.400000000000001,0.3
177429658.9654,5.400000000000001,0.3
177429660.9654,5.400000000000001,0.3
177429662.9654,5.400000000000001,0.3
177429664.9654,5.400000000000001,0.3
177429666.9654,5.400000000000001,0.3
177429668.9654,5.400000000000001,0.3
177429670.9654,5.400000000000001,0.3
177429672.9654,5.400000000000001,0.3
177429674.9654,5.400000000000001,0.3
177429676.9654,5.400000000000001,0.3
177429678.9654,5.400000000000001,0.3
177429680.9654,5.400000000000001,0.3
177429682.9654,5.400000000000001,0.3
177429684.9654,5.400000000000001,0.3
177429686.9654,5.400000000000001,0.3
177429688.9654,5.400000000000001,0.3
177429690.9654,5.400000000000001,0.3
177429692.9654,5.400000000000001,0.3
177429694.9654,5.400000000000001,0.3
177429696.9654,5.400000000000001,0.3
177429698.9654,5.400000000000001,0.3
177429700.9654,5.400000000000001,0.3
177429702.9654,5.400000000000001,0.3
177429704.9654,5.400000000000001,0.3
177429706.9654,5.400000000000001,0.3
177429708.9654,5.400000000000001,0.3
177429710.9654,5.400000000000001,0.3
177429712.9654,5.400000000000001,0.3
177429714.9654,5.400000000000001,0.3
177429716.9654,5.400000000000001,0.3
177429718.9654,5.400000000000001,0.3
177429720.9654,5.400000000000001,0.3
177429722.9654,5.300000000000002,0.3
177429724.9654,5.300000000000002,0.3
177429726.9654,5.300000000000002,0.3
177429728.9654,5.300000000000002,0.3
177429730.9654,5.300000000000002,0.3
177429732.9654,5.300000000000002,0.3
177429734.9654,5.300000000000002,0.3
177429736.9654,5.300000000000002,0.3
177429738.9654,5.300000000000002,0.3
177429740.9654,5.300000000000002,0.3
177429742.9654,5.300000000000002,0.3
177429744.9654,5.300000000000002,0.3
177429746.9654,5.300000000000002,0.3
177429748.9654,5.300000000000002,0.3
177429750.9654,5.400000000000001,0.3
177429752.9654,5.400000000000001,0.3
177429754.9654,5.400000000000001,0.3
177429756.9654,5.400000000000001,0.3
177429758.9654,5.400000000000001,0.3
177429760.9654,5.400000000000001,0.3
177429762.9654,5.400000000000001,0.3
177429764.9654,5.400000000000001,0.3
177429766.9654,5.400000000000001,0.3
177429768.9654,5.400000000000001,0.3
177429770.9654,5.400000000000001,0.3
177429772.9654,5.400000000000001,0.3
177429774.9654,5.400000000000001,0.3
177429776.9654,5.400000000000001,0.3
177429778.9654,5.400000000000001,0.3
177429780.9654,5.400000000000001,0.3
177429782.9654,5.400000000000001,0.3
177429784.9654,5.400000000000001,0.3
177429786.9654,5.400000000000001,0.3
177429788.9654,5.400000000000001,0.3
177429790.9654,5.400000000000001,0.3
177429792.9654,5.400000000000001,0.3
177429794.9654,5.400000000000001,0.3
177429796.9654,5.400000000000001,0.3
177429798.9654,5.400000000000001,0.3
177429800.9654,5.400000000000001,0.3
177429802.9654,5.400000000000001,0.3
177429804.9654,5.400000000000001,0.3
177429806.9654,5.400000000000001,0.3
177429808.9654,5.400000000000001,0.3
177429810.9654,5.400000000000001,0.3
177429812.9654,5.400000000000001,0.3
177429814.9654,5.400000000000001,0.3
177429816.9654,5.400000000000001,0.3
177429818.9654,5.400000000000001,0.3
177429820.9654,5.400000000000001,0.3
177429822.9654,5.400000000000001,0.3
177429824.9654,5.300000000000002,0.3
177429826.9654,5.300000000000002,0.3
177429828.9654,5.300000000000002,0.3
177429830.9654,5.300000000000002,0.3
177429832.9654,5.300000000000002,0.3
177429834.9654,5.300000000000002,0.3
177429836.9654,5.300000000000002,0.3
177429838.9654,5.400000000000001,0.3
177429840.9654,5.400000000000001,0.3
177429842.9654,5.400000000000001,0.3
177429844.9654,5.400000000000001,0.3
177429846.9654,5.400000000000001,0.3
177429848.9654,5.400000000000001,0.3
177429850.9654,5.400000000000001,0.3
177429852.9654,5.400000000000001,0.3
177429854.9654,5.400000000000001,0.3
177429856.9654,5.400000000000001,0.3
177429858.9654,5.400000000000001,0.3
177429860.9654,5.400000000000001,0.3
177429862.9654,5.400000000000001,0.3
177429864.9654,5.400000000000001,0.3
177429866.9654,5.400000000000001,0.3
177429868.9654,5.400000000000001,0.3
177429870.9654,5.400000000000001,0.3
177429872.9654,5.400000000000001,0.3
177429874.9654,5.400000000000001,0.3
177429876.9654,5.400000000000001,0.3
177429878.9654,5.400000000000001,0.3
177429880.9654,5.400000000000001,0.3
177429882.9654,5.400000000000001,0.3
177429884.9654,5.400000000000001,0.3
177429886.9654,5.400000000000001,0.3
177429888.9654,5.400000000000001,0.3
177429890.9654,5.400000000000001,0.3
177429892.9654,5.400000000000001,0.3
177429894.9654,5.400000000000001,0.3
177429896.9654,5.400000000000001,0.3
177429898.9654,5.400000000000001,0.3
177429900.9654,5.400000000000001,0.3
177429902.9654,5.400000000000001,0.3
177429904.9654,5.400000000000001,0.3
177429906.9654,5.400000000000001,0.3
177429908.9654,5.400000000000001,0.3
177429910.9654,5.400000000000001,0.3
177429912.9654,5.300000000000002,0.3
177429914.9654,5.300000000000002,0.3
177429916.9654,5.300000000000002,0.3
177429918.9654,5.300000000000002,0.3
177429920.9654,5.300000000000002,0.3
177429922.9654,5.300000000000002,0.3
177429924.9654,5.300000000000002,0.3
177429926.9654,5.300000000000002,0.3
177429928.9654,5.300000000000002,0.3
177429930.9654,5.300000000000002,0.3
177429932.9654,5.300000000000002,0.3
177429934.9654,5.300000000000002,0.3
177429936.9654,5.300000000000002,0.3
177429938.9654,5.300000000000002,0.3
177429940.9654,5.300000000000002,0.3
177429942.9654,5.300000000000002,0.3
177429944.9654,5.300000000000002,0.3
177429946.9654,5.300000000000002,0.3
177429948.9654,5.300000000000002,0.3
177429950.9654,5.300000000000002,0.3
177429952.9654,5.300000000000002,0.3
177429954.9654,5.300000000000002,0.3
177429956.9654,5.300000000000002,0.3
177429958.9654,5.300000000000002,0.3
177429960.9654,5.300000000000002,0.3
177429962.9654,5.300000000000002,0.3
177429964.9654,5.300000000000002,0.3
177429966.9654,5.300000000000002,0.3
177429968.9654,5.300000000000002,0.3
177429970.9654,5.300000000000002,0.3
177429972.9654,5.300000000000002,0.3
177429974.9654,5.300000000000002,0.3
177429976.9654,5.300000000000002,0.3
177429978.9654,5.300000000000002,0.3
177429980.9654,5.300000000000002,0.3
177429982.9654,5.300000000000002,0.3
177429984.9654,5.300000000000002,0.3
177429986.9654,5.300000000000002,0.3
177429988.9654,5.300000000000002,0.3
177429990.9654,5.300000000000002,0.3
177429992.9654,5.300000000000002,0.3
177429994.9654,5.300000000000002,0.3
177429996.9654,5.300000000000002,0.3
177429998.9654,5.300000000000002,0.3
177430000.9654,5.300000000000002,0.3
177430002.9654,5.300000000000002,0.3
177430004.9654,5.300000000000002,0.3
177430006.9654,5.300000000000002,0.3
177430008.9654,5.300000000000002,0.3
177430010.9654,5.300000000000002,0.3
177430012.9654,5.300000000000002,0.3
177430014.9654,5.300000000000002,0.3
177430016.9654,5.300000000000002,0.3
177430018.9654,5.300000000000002,0.3
177430020.9654,5.300000000000002,0.3
177430022.9654,5.300000000000002,0.3
177430024.9654,5.300000000000002,0.3
177430026.9654,5.300000000000002,0.3
177430028.9654,5.300000000000002,0.3
177430030.9654,5.300000000000002,0.3
177430032.9654,5.300000000000002,0.3
177430034.9654,5.300000000000002,0.3
177430036.9654,5.300000000000002,0.3
177430038.9654,5.300000000000002,0.3
177430040.9654,5.300000000000002,0.3
177430042.9654,5.300000000000002,0.3
177430044.9654,5.300000000000002,0.3
177430046.9654,5.300000000000002,0.3
177430048.9654,5.300000000000002,0.3
177430050.9654,5.300000000000002,0.3
177430052.9654,5.300000000000002,0.3
177430054.9654,5.300000000000002,0.3
177430056.9654,5.300000000000002,0.3
177430058.9654,5.300000000000002,0.3
177430060.9654,5.300000000000002,0.3
177430062.9654,5.300000000000002,0.3
177430064.9654,5.300000000000002,0.3
177430066.9654,5.300000000000002,0.3
177430068.9654,5.300000000000002,0.3
177430070.9654,5.300000000000002,0.3
177430072.9654,5.300000000000002,0.3
177430074.9654,5.400000000000001,0.3
177430076.9654,5.400000000000001,0.3
177430078.9654,5.400000000000001,0.3
177430080.9654,5.400000000000001,0.3
177430082.9654,5.400000000000001,0.3
177430084.9654,5.400000000000001,0.3
177430086.9654,5.400000000000001,0.3
177430088.9654,5.400000000000001,0.3
177430090.9654,5.400000000000001,0.3
177430092.9654,5.400000000000001,0.3
177430094.9654,5.400000000000001,0.3
177430096.9654,5.400000000000001,0.3
177430098.9654,5.400000000000001,0.3
177430100.9654,5.400000000000001,0.3
177430102.9654,5.400000000000001,0.3
177430104.9654,5.400000000000001,0.3
177430106.9654,5.400000000000001,0.3
177430108.9654,5.400000000000001,0.3
177430110.9654,5.400000000000001,0.3
177430112.9654,5.400000000000001,0.3
177430114.9654,5.400000000000001,0.3
177430116.9654,5.400000000000001,0.3
177430118.9654,5.400000000000001,0.3
177430120.9654,5.400000000000001,0.3
177430122.9654,5.400000000000001,0.3
177430124.9654,5.400000000000001,0.3
177430126.9654,5.400000000000001,0.4
177430128.9654,5.400000000000001,0.4
177430130.9654,5.400000000000001,0.4
177430132.9654,5.400000000000001,0.4
177430134.9654,5.400000000000001,0.4
177430136.9654,5.400000000000001,0.4
177430138.9654,5.400000000000001,0.4
177430140.9654,5.400000000000001,0.4
177430142.9654,5.400000000000001,0.4
177430144.9654,5.400000000000001,0.4
177430146.9654,5.400000000000001,0.4
177430149.0654,5.400000000000001,0.4
177430150.9654,5.400000000000001,0.4
177430152.9654,5.400000000000001,0.4
177430154.9654,5.400000000000001,0.4
177430156.9654,5.400000000000001,0.4
177430158.9654,5.400000000000001,0.4
177430160.9654,5.400000000000001,0.4
177430162.9654,5.400000000000001,0.4
177430164.9654,5.400000000000001,0.4
177430166.9654,5.400000000000001,0.4
177430168.9654,5.400000000000001,0.4
177430170.9654,5.400000000000001,0.4
177430172.9654,5.400000000000001,0.4
177430174.9654,5.400000000000001,0.4
177430176.9654,5.400000000000001,0.4
177430178.9654,5.400000000000001,0.4
177430180.9654,5.400000000000001,0.4
177430182.9654,5.400000000000001,0.4
177430184.9654,5.400000000000001,0.4
177430186.9654,5.400000000000001,0.4
177430188.9654,5.400000000000001,0.4
177430190.9654,5.400000000000001,0.4
177430192.9654,5.400000000000001,0.4
177430194.9654,5.400000000000001,0.4
177430196.9654,5.400000000000001,0.4
177430198.9654,5.400000000000001,0.4
177430200.9654,5.400000000000001,0.4
177430202.9654,5.400000000000001,0.4
177430204.9654,5.400000000000001,0.4
177430206.9654,5.400000000000001,0.4
177430208.9654,5.400000000000001,0.4
177430210.9654,5.400000000000001,0.4
177430212.9654,5.400000000000001,0.4
177430214.9654,5.400000000000001,0.4
177430216.9654,5.400000000000001,0.4
177430218.9654,5.400000000000001,0.4
177430220.9654,5.400000000000001,0.4
177430222.9654,5.400000000000001,0.4
177430224.9654,5.400000000000001,0.4
177430226.9654,5.400000000000001,0.4
177430228.9654,5.400000000000001,0.4
177430230.9654,5.400000000000001,0.4
177430232.9654,5.400000000000001,0.4
177430234.9654,5.400000000000001,0.4
177430236.9654,5.400000000000001,0.4
177430238.9654,5.400000000000001,0.4
177430240.9654,5.400000000000001,0.4
177430242.9654,5.400000000000001,0.4
177430244.9654,5.400000000000001,0.4
177430246.9654,5.400000000000001,0.4
177430248.9654,5.400000000000001,0.4
177430250.9654,5.400000000000001,0.4
177430252.9654,5.400000000000001,0.4
177430254.9654,5.400000000000001,0.5
177430256.9654,5.400000000000001,0.5
177430258.9654,5.400000000000001,0.5
177430260.9654,5.400000000000001,0.5
177430262.9654,5.400000000000001,0.4
177430264.9654,5.400000000000001,0.4
177430266.9654,5.400000000000001,0.4
177430268.9654,5.400000000000001,0.4
177430270.9654,5.400000000000001,0.4
177430272.9654,5.400000000000001,0.4
177430274.9654,5.400000000000001,0.4
177430276.9654,5.400000000000001,0.4
177430278.9654,5.400000000000001,0.4
177430280.9654,5.400000000000001,0.4
177430282.9654,5.400000000000001,0.4
177430284.9654,5.400000000000001,0.4
177430286.9654,5.400000000000001,0.4
177430288.9654,5.400000000000001,0.4
177430290.9654,5.400000000000001,0.4
177430292.9654,5.400000000000001,0.4
177430294.9654,5.400000000000001,0.4
177430296.9654,5.400000000000001,0.4
177430298.9654,5.400000000000001,0.4
177430300.9654,5.400000000000001,0.4
177430302.9654,5.400000000000001,0.4
177430304.9654,5.400000000000001,0.4
177430306.9654,5.400000000000001,0.4
177430308.9654,5.400000000000001,0.4
177430310.9654,5.400000000000001,0.4
177430312.9654,5.400000000000001,0.4
177430314.9654,5.400000000000001,0.4
177430316.9654,5.400000000000001,0.4
177430318.9654,5.400000000000001,0.4
177430320.9654,5.400000000000001,0.4
177430322.9654,5.400000000000001,0.4
177430324.9654,5.400000000000001,0.4
177430326.9654,5.400000000000001,0.4
177430328.9654,5.400000000000001,0.4
177430330.9654,5.400000000000001,0.4
177430332.9654,5.400000000000001,0.4
177430334.9654,5.400000000000001,0.4
177430336.9654,5.400000000000001,0.4
177430338.9654,5.400000000000001,0.4
177430340.9654,5.400000000000001,0.4
177430342.9654,5.400000000000001,0.4
177430344.9654,5.400000000000001,0.4
177430346.9654,5.400000000000001,0.4
177430348.9654,5.400000000000001,0.4
177430350.9654,5.400000000000001,0.4
177430352.9654,5.400000000000001,0.4
177430354.9654,5.400000000000001,0.4
177430356.9654,5.400000000000001,0.4
177430358.9654,5.400000000000001,0.4
177430360.9654,5.400000000000001,0.4
177430362.9654,5.400000000000001,0.4
177430364.9654,5.400000000000001,0.4
177430366.9654,5.400000000000001,0.4
177430368.9654,5.400000000000001,0.4
177430370.9654,5.400000000000001,0.4
177430372.9654,5.400000000000001,0.4
177430374.9654,5.400000000000001,0.4
177430376.9654,5.400000000000001,0.4
177430378.9654,5.400000000000001,0.4
177430380.9654,5.400000000000001,0.4
177430382.9654,5.400000000000001,0.4
177430384.9654,5.400000000000001,0.4
177430386.9654,5.400000000000001,0.4
177430388.9654,5.400000000000001,0.4
177430390.9654,5.400000000000001,0.4
177430392.9654,5.400000000000001,0.4
177430394.9654,5.400000000000001,0.4
177430396.9654,5.400000000000001,0.4
177430398.9654,5.400000000000001,0.4
177430400.9654,5.400000000000001,0.4
177430402.9654,5.400000000000001,0.4
177430404.9654,5.400000000000001,0.4
177430406.9654,5.400000000000001,0.4
177430408.9654,5.400000000000001,0.4
177430410.9654,5.400000000000001,0.4
177430412.9654,5.400000000000001,0.4
177430414.9654,5.300000000000002,0.4
177430416.9654,5.300000000000002,0.4
177430418.9654,5.300000000000002,0.4
177430420.9654,5.300000000000002,0.4
177430422.9654,5.300000000000002,0.4
177430424.9654,5.300000000000002,0.4
177430426.9654,5.200000000000002,0.4
177430428.9654,5.200000000000002,0.4
177430430.9654,5.200000000000002,0.4
177430432.9654,5.200000000000002,0.4
177430434.9654,5.200000000000002,0.4
177430436.9654,5.200000000000002,0.4
177430438.9654,5.200000000000002,0.4
177430440.9654,5.200000000000002,0.4
177430442.9654,5.200000000000002,0.4
177430444.9654,5.200000000000002,0.4
177430446.9654,5.200000000000002,0.4
177430448.9654,5.200000000000002,0.4
177430450.9654,5.200000000000002,0.4
177430452.9654,5.200000000000002,0.4
177430454.9654,5.200000000000002,0.4
177430456.9654,5.200000000000002,0.4
177430458.9654,5.200000000000002,0.4
177430460.9654,5.200000000000002,0.4
177430462.9654,5.200000000000002,0.4
177430464.9654,5.200000000000002,0.4
177430466.9654,5.200000000000002,0.4
177430468.9654,5.200000000000002,0.4
177430470.9654,5.200000000000002,0.4
177430472.9654,5.200000000000002,0.4
177430474.9654,5.200000000000002,0.4
177430476.9654,5.200000000000002,0.4
177430478.9654,5.200000000000002,0.4
177430480.9654,5.200000000000002,0.4
177430482.9654,5.200000000000002,0.4
177430484.9654,5.200000000000002,0.4
177430486.9654,5.200000000000002,0.4
177430488.9654,5.200000000000002,0.4
177430490.9654,5.200000000000002,0.4
177430492.9654,5.200000000000002,0.4
177430494.9654,5.200000000000002,0.4
177430496.9654,5.200000000000002,0.4
177430498.9654,5.200000000000002,0.4
177430500.9654,5.200000000000002,0.4
177430502.9654,5.200000000000002,0.4
177430504.9654,5.200000000000002,0.4
177430506.9654,5.400000000000002,0.4
177430508.9654,5.400000000000002,0.4
177430510.9654,5.400000000000002,0.4
177430512.9654,5.400000000000002,0.4
177430514.9654,5.400000000000002,0.4
177430516.9654,5.400000000000002,0.4
177430518.9654,5.400000000000002,0.4
177430520.9654,5.400000000000002,0.4
177430522.9654,5.400000000000002,0.4
177430524.9654,5.400000000000002,0.4
177430526.9654,5.400000000000002,0.4
177430528.9654,5.400000000000002,0.4
177430530.9654,5.400000000000002,0.4
177430532.9654,5.400000000000002,0.4
177430534.9654,5.400000000000002,0.4
177430536.9654,5.400000000000002,0.4
177430538.9654,5.400000000000002,0.4
177430540.9654,5.400000000000002,0.4
177430542.9654,5.400000000000002,0.4
177430544.9654,5.400000000000002,0.4
177430546.9654,5.400000000000002,0.4
177430548.9654,5.400000000000002,0.4
177430550.9654,5.400000000000002,0.4
177430552.9654,5.400000000000002,0.4
177430554.9654,5.400000000000002,0.4
177430556.9654,5.400000000000002,0.4
177430558.9654,5.400000000000002,0.4
177430560.9654,5.400000000000002,0.4
177430562.9654,5.400000000000002,0.4
177430564.9654,5.400000000000002,0.4
177430566.9654,5.400000000000002,0.4
177430568.9654,5.400000000000002,0.4
177430570.9654,5.400000000000002,0.4
177430572.9654,5.400000000000002,0.4
177430574.9654,5.400000000000002,0.30000000000000004
177430576.9654,5.400000000000002,0.30000000000000004
177430578.9654,5.400000000000002,0.30000000000000004
177430580.9654,5.400000000000002,0.30000000000000004
177430582.9654,5.400000000000002,0.30000000000000004
177430584.9654,5.400000000000002,0.30000000000000004
177430586.9654,5.400000000000002,0.30000000000000004
177430588.9654,5.400000000000002,0.30000000000000004
177430590.9654,5.400000000000002,0.30000000000000004
177430592.9654,5.400000000000002,0.30000000000000004
177430594.9654,5.400000000000002,0.30000000000000004
177430596.9654,5.400000000000002,0.30000000000000004
177430598.9654,5.400000000000002,0.30000000000000004
177430600.9654,5.400000000000002,0.30000000000000004
177430602.9654,5.400000000000002,0.30000000000000004
177430604.9654,5.400000000000002,0.30000000000000004
177430606.9654,5.400000000000002,0.30000000000000004
177430608.9654,5.400000000000002,0.30000000000000004
177430610.9654,5.400000000000002,0.30000000000000004
177430612.9654,5.400000000000002,0.30000000000000004
177430614.9654,5.400000000000002,0.30000000000000004
177430616.9654,5.400000000000002,0.30000000000000004
177430618.9654,5.400000000000002,0.30000000000000004
177430620.9654,5.400000000000002,0.30000000000000004
177430622.9654,5.400000000000002,0.30000000000000004
177430624.9654,5.400000000000002,0.30000000000000004
177430626.9654,5.400000000000002,0.30000000000000004
177430628.9654,5.400000000000002,0.30000000000000004
177430630.9654,5.400000000000002,0.30000000000000004
177430632.9654,5.400000000000002,0.30000000000000004
177430634.9654,5.400000000000002,0.30000000000000004
177430636.9654,5.400000000000002,0.30000000000000004
177430638.9654,5.400000000000002,0.30000000000000004
177430640.9654,5.400000000000002,0.30000000000000004
177430642.9654,5.400000000000002,0.30000000000000004
177430644.9654,5.400000000000002,0.30000000000000004
177430646.9654,5.400000000000002,0.30000000000000004
177430648.9654,5.400000000000002,0.30000000000000004
177430650.9654,5.400000000000002,0.30000000000000004
177430652.9654,5.400000000000002,0.30000000000000004
177430654.9654,5.400000000000002,0.30000000000000004
177430656.9654,5.400000000000002,0.30000000000000004
177430658.9654,5.400000000000002,0.30000000000000004
177430660.9654,5.400000000000002,0.30000000000000004
177430662.9654,5.400000000000002,0.30000000000000004
177430664.9654,5.400000000000002,0.30000000000000004
177430666.9654,5.400000000000002,0.30000000000000004
177430668.9654,5.400000000000002,0.30000000000000004
177430670.9654,5.400000000000002,0.30000000000000004
177430672.9654,5.400000000000002,0.30000000000000004
177430674.9654,5.400000000000002,0.30000000000000004
177430676.9654,5.400000000000002,0.30000000000000004
177430678.9654,5.400000000000002,0.30000000000000004
177430680.9654,5.400000000000002,0.30000000000000004
177430682.9654,5.400000000000002,0.30000000000000004
177430684.9654,5.400000000000002,0.30000000000000004
177430686.9654,5.400000000000002,0.30000000000000004
177430688.9654,5.400000000000002,0.30000000000000004
177430690.9654,5.400000000000002,0.30000000000000004
177430692.9654,5.400000000000002,0.30000000000000004
177430694.9654,5.400000000000002,0.30000000000000004
177430696.9654,5.400000000000002,0.30000000000000004
177430698.9654,5.400000000000002,0.30000000000000004
177430700.9654,5.400000000000002,0.30000000000000004
177430702.9654,5.400000000000002,0.30000000000000004
177430704.9654,5.400000000000002,0.30000000000000004
177430706.9654,5.400000000000002,0.30000000000000004
177430708.9654,5.400000000000002,0.30000000000000004
177430710.9654,5.400000000000002,0.30000000000000004
177430712.9654,5.400000000000002,0.30000000000000004
177430714.9654,5.400000000000002,0.30000000000000004
177430716.9654,5.400000000000002,0.30000000000000004
177430718.9654,5.400000000000002,0.30000000000000004
177430720.9654,5.400000000000002,0.30000000000000004
177430722.9654,5.400000000000002,0.30000000000000004
177430724.9654,5.400000000000002,0.30000000000000004
177430726.9654,5.400000000000002,0.30000000000000004
177430728.9654,5.400000000000002,0.30000000000000004
177430730.9654,5.400000000000002,0.30000000000000004
177430732.9654,5.400000000000002,0.30000000000000004
177430734.9654,5.400000000000002,0.30000000000000004
177430736.9654,5.400000000000002,0.30000000000000004
177430738.9654,5.400000000000002,0.30000000000000004
177430740.9654,5.400000000000002,0.30000000000000004
177430742.9654,5.400000000000002,0.30000000000000004
177430744.9654,5.400000000000002,0.30000000000000004
177430746.9654,5.400000000000002,0.30000000000000004
177430748.9654,5.400000000000002,0.30000000000000004
177430750.9654,5.400000000000002,0.30000000000000004
177430752.9654,5.400000000000002,0.30000000000000004
177430754.9654,5.400000000000002,0.30000000000000004
177430756.9654,5.400000000000002,0.30000000000000004
177430758.9654,5.400000000000002,0.30000000000000004
177430760.9654,5.400000000000002,0.30000000000000004
177430762.9654,5.400000000000002,0.30000000000000004
177430764.9654,5.400000000000002,0.30000000000000004
177430766.9654,5.400000000000002,0.30000000000000004
177430768.9654,5.400000000000002,0.30000000000000004
177430770.9654,5.400000000000002,0.30000000000000004
177430772.9654,5.400000000000002,0.30000000000000004
177430774.9654,5.400000000000002,0.30000000000000004
177430776.9654,5.400000000000002,0.30000000000000004
177430779.0654,5.400000000000002,0.30000000000000004
177430780.9654,5.400000000000002,0.30000000000000004
177430782.9654,5.400000000000002,0.30000000000000004
177430784.9654,5.400000000000002,0.30000000000000004
177430786.9654,5.400000000000002,0.30000000000000004
177430788.9654,5.400000000000002,0.30000000000000004
177430790.9654,5.400000000000002,0.30000000000000004
177430792.9654,5.400000000000002,0.30000000000000004
177430794.9654,5.400000000000002,0.30000000000000004
177430796.9654,5.400000000000002,0.30000000000000004
177430798.9654,5.3000000000000025,0.30000000000000004
177430800.9654,5.3000000000000025,0.30000000000000004
177430802.9654,5.3000000000000025,0.30000000000000004
177430804.9654,5.3000000000000025,0.30000000000000004
177430806.9654,5.3000000000000025,0.30000000000000004
177430808.9654,5.3000000000000025,0.30000000000000004
177430810.9654,5.3000000000000025,0.30000000000000004
177430812.9654,5.3000000000000025,0.30000000000000004
177430814.9654,5.3000000000000025,0.30000000000000004
177430816.9654,5.3000000000000025,0.30000000000000004
177430818.9654,5.3000000000000025,0.30000000000000004
177430820.9654,5.3000000000000025,0.30000000000000004
177430822.9654,5.3000000000000025,0.30000000000000004
177430824.9654,5.3000000000000025,0.30000000000000004
177430826.9654,5.3000000000000025,0.30000000000000004
177430828.9654,5.3000000000000025,0.30000000000000004
177430830.9654,5.3000000000000025,0.30000000000000004
177430832.9654,5.3000000000000025,0.30000000000000004
177430834.9654,5.3000000000000025,0.30000000000000004
177430836.9654,5.3000000000000025,0.30000000000000004
177430838.9654,5.3000000000000025,0.30000000000000004
177430840.9654,5.3000000000000025,0.30000000000000004
177430842.9654,5.3000000000000025,0.30000000000000004
177430844.9654,5.3000000000000025,0.30000000000000004
177430846.9654,5.3000000000000025,0.30000000000000004
177430848.9654,5.3000000000000025,0.30000000000000004
177430850.9654,5.3000000000000025,0.30000000000000004
177430852.9654,5.3000000000000025,0.30000000000000004
177430854.9654,5.3000000000000025,0.30000000000000004
177430856.9654,5.3000000000000025,0.30000000000000004
177430858.9654,5.3000000000000025,0.30000000000000004
177430860.9654,5.3000000000000025,0.30000000000000004
177430862.9654,5.3000000000000025,0.30000000000000004
177430864.9654,5.3000000000000025,0.30000000000000004
177430866.9654,5.3000000000000025,0.30000000000000004
177430868.9654,5.3000000000000025,0.30000000000000004
177430870.9654,5.3000000000000025,0.30000000000000004
177430872.9654,5.3000000000000025,0.30000000000000004
177430874.9654,5.3000000000000025,0.30000000000000004
177430876.9654,5.3000000000000025,0.30000000000000004
177430878.9654,5.3000000000000025,0.30000000000000004
177430880.9654,5.400000000000002,0.30000000000000004
177430882.9654,5.400000000000002,0.30000000000000004
177430884.9654,5.400000000000002,0.30000000000000004
177430886.9654,5.400000000000002,0.30000000000000004
177430888.9654,5.400000000000002,0.30000000000000004
177430890.9654,5.400000000000002,0.30000000000000004
177430892.9654,5.400000000000002,0.30000000000000004
177430894.9654,5.400000000000002,0.30000000000000004
177430896.9654,5.400000000000002,0.30000000000000004
177430898.9654,5.400000000000002,0.30000000000000004
177430900.9654,5.400000000000002,0.30000000000000004
177430902.9654,5.400000000000002,0.30000000000000004
177430904.9654,5.400000000000002,0.30000000000000004
177430906.9654,5.400000000000002,0.30000000000000004
177430908.9654,5.400000000000002,0.30000000000000004
177430910.9654,5.400000000000002,0.30000000000000004
177430912.9654,5.400000000000002,0.30000000000000004
177430914.9654,5.400000000000002,0.30000000000000004
177430916.9654,5.400000000000002,0.30000000000000004
177430918.9654,5.400000000000002,0.30000000000000004
177430920.9654,5.400000000000002,0.30000000000000004
177430922.9654,5.400000000000002,0.30000000000000004
177430924.9654,5.400000000000002,0.30000000000000004
177430926.9654,5.400000000000002,0.30000000000000004
177430928.9654,5.400000000000002,0.30000000000000004
177430930.9654,5.400000000000002,0.30000000000000004
177430932.9654,5.400000000000002,0.30000000000000004
177430934.9654,5.400000000000002,0.30000000000000004
177430936.9654,5.400000000000002,0.30000000000000004
177430938.9654,5.400000000000002,0.30000000000000004
177430940.9654,5.400000000000002,0.30000000000000004
177430942.9654,5.400000000000002,0.30000000000000004
177430944.9654,5.400000000000002,0.30000000000000004
177430946.9654,5.400000000000002,0.30000000000000004
177430948.9654,5.400000000000002,0.30000000000000004
177430950.9654,5.400000000000002,0.30000000000000004
177430952.9654,5.400000000000002,0.30000000000000004
177430954.9654,5.400000000000002,0.30000000000000004
177430956.9654,5.400000000000002,0.30000000000000004
177430958.9654,5.400000000000002,0.30000000000000004
177430960.9654,5.400000000000002,0.30000000000000004
177430962.9654,5.400000000000002,0.30000000000000004
177430964.9654,5.400000000000002,0.30000000000000004
177430966.9654,5.400000000000002,0.30000000000000004
177430968.9654,5.400000000000002,0.30000000000000004
177430970.9654,5.400000000000002,0.30000000000000004
177430972.9654,5.400000000000002,0.30000000000000004
177430974.9654,5.400000000000002,0.30000000000000004
177430976.9654,5.400000000000002,0.30000000000000004
177430978.9654,5.400000000000002,0.30000000000000004
177430980.9654,5.400000000000002,0.30000000000000004
177430982.9654,5.400000000000002,0.30000000000000004
177430984.9654,5.400000000000002,0.30000000000000004
177430986.9654,5.400000000000002,0.30000000000000004
177430988.9654,5.400000000000002,0.30000000000000004
177430990.9654,5.400000000000002,0.30000000000000004
177430992.9654,5.400000000000002,0.30000000000000004
177430994.9654,5.400000000000002,0.30000000000000004
177430996.9654,5.400000000000002,0.30000000000000004
177430998.9654,5.400000000000002,0.30000000000000004
177431000.9654,5.400000000000002,0.30000000000000004
177431003.0654,5.400000000000002,0.30000000000000004
177431005.0654,5.400000000000002,0.30000000000000004
177431007.0654,5.400000000000002,0.30000000000000004
177431009.0654,5.400000000000002,0.30000000000000004
177431011.0654,5.400000000000002,0.30000000000000004
177431013.0654,5.400000000000002,0.30000000000000004
177431015.0654,5.400000000000002,0.30000000000000004
177431017.0654,5.400000000000002,0.30000000000000004
177431019.0654,5.400000000000002,0.30000000000000004
177431021.0654,5.400000000000002,0.30000000000000004
177431023.0654,5.400000000000002,0.30000000000000004
177431025.0654,5.400000000000002,0.30000000000000004
177431027.0654,5.400000000000002,0.30000000000000004
177431029.0654,5.400000000000002,0.30000000000000004
177431031.0654,5.400000000000002,0.30000000000000004
177431033.0654,5.400000000000002,0.30000000000000004
177431035.0654,5.400000000000002,0.30000000000000004
177431037.0654,5.400000000000002,0.30000000000000004
177431039.0654,5.400000000000002,0.30000000000000004
177431041.0654,5.400000000000002,0.30000000000000004
177431043.0654,5.400000000000002,0.30000000000000004
177431045.0654,5.400000000000002,0.30000000000000004
177431047.0654,5.400000000000002,0.30000000000000004
177431049.0654,5.400000000000002,0.30000000000000004
177431051.0654,5.400000000000002,0.30000000000000004
177431053.0654,5.400000000000002,0.30000000000000004
177431055.0654,5.400000000000002,0.30000000000000004
177431057.0654,5.400000000000002,0.30000000000000004
177431059.0654,5.400000000000002,0.30000000000000004
177431061.0654,5.400000000000002,0.30000000000000004
177431063.0654,5.400000000000002,0.30000000000000004
177431065.0654,5.400000000000002,0.30000000000000004
177431067.0654,5.400000000000002,0.30000000000000004
177431069.0654,5.400000000000002,0.30000000000000004
177431071.0654,5.400000000000002,0.30000000000000004
177431073.0654,5.400000000000002,0.30000000000000004
177431075.0654,5.400000000000002,0.30000000000000004
177431077.0654,5.400000000000002,0.30000000000000004
177431079.0654,5.400000000000002,0.30000000000000004
177431081.0654,5.400000000000002,0.30000000000000004
177431083.0654,5.400000000000002,0.30000000000000004
177431085.0654,5.400000000000002,0.30000000000000004
177431087.0654,5.400000000000002,0.30000000000000004
177431089.0654,5.400000000000002,0.30000000000000004
177431091.0654,5.400000000000002,0.30000000000000004
177431093.0654,5.400000000000002,0.30000000000000004
177431095.0654,5.400000000000002,0.30000000000000004
177431097.0654,5.400000000000002,0.30000000000000004
177431099.0654,5.400000000000002,0.30000000000000004
177431101.0654,5.400000000000002,0.30000000000000004
177431103.0654,5.400000000000002,0.30000000000000004
177431105.0654,5.400000000000002,0.30000000000000004
177431107.0654,5.400000000000002,0.30000000000000004
177431109.0654,5.400000000000002,0.30000000000000004
177431111.0654,5.400000000000002,0.30000000000000004
177431113.0654,5.400000000000002,0.30000000000000004
177431115.0654,5.400000000000002,0.30000000000000004
177431117.0654,5.400000000000002,0.30000000000000004
177431119.0654,5.400000000000002,0.30000000000000004
177431121.0654,5.400000000000002,0.30000000000000004
177431123.0654,5.400000000000002,0.30000000000000004
177431125.0654,5.400000000000002,0.30000000000000004
177431127.0654,5.400000000000002,0.30000000000000004
177431129.0654,5.400000000000002,0.30000000000000004
177431131.0654,5.400000000000002,0.30000000000000004
177431133.0654,5.400000000000002,0.30000000000000004
177431135.0654,5.400000000000002,0.30000000000000004
177431137.0654,5.400000000000002,0.30000000000000004
177431139.0654,5.400000000000002,0.30000000000000004
177431141.0654,5.400000000000002,0.30000000000000004
177431143.0654,5.400000000000002,0.30000000000000004
177431145.0654,5.400000000000002,0.30000000000000004
177431147.0654,5.400000000000002,0.30000000000000004
177431149.0654,5.400000000000002,0.30000000000000004
177431151.0654,5.400000000000002,0.30000000000000004
177431153.0654,5.400000000000002,0.30000000000000004
177431155.0654,5.400000000000002,0.30000000000000004
177431157.0654,5.400000000000002,0.30000000000000004
177431159.0654,5.400000000000002,0.30000000000000004
177431161.0654,5.400000000000002,0.30000000000000004
177431163.0654,5.400000000000002,0.30000000000000004
177431165.0654,5.400000000000002,0.30000000000000004
177431167.0654,5.400000000000002,0.30000000000000004
177431169.0654,5.400000000000002,0.30000000000000004
177431171.0654,5.400000000000002,0.30000000000000004
177431173.0654,5.400000000000002,0.30000000000000004
177431175.0654,5.400000000000002,0.30000000000000004
177431177.0654,5.400000000000002,0.30000000000000004
177431179.0654,5.400000000000002,0.30000000000000004
177431181.0654,5.400000000000002,0.30000000000000004
177431183.0654,5.400000000000002,0.30000000000000004
177431185.0654,5.400000000000002,0.30000000000000004
177431187.0654,5.400000000000002,0.30000000000000004
177431189.0654,5.400000000000002,0.30000000000000004
177431191.0654,5.400000000000002,0.30000000000000004
177431193.0654,5.400000000000002,0.30000000000000004
177431195.0654,5.400000000000002,0.30000000000000004
177431197.0654,5.400000000000002,0.30000000000000004
177431199.0654,5.400000000000002,0.30000000000000004
177431201.0654,5.400000000000002,0.30000000000000004
177431203.0654,5.400000000000002,0.30000000000000004
177431205.0654,5.400000000000002,0.30000000000000004
177431207.0654,5.400000000000002,0.30000000000000004
177431209.0654,5.400000000000002,0.30000000000000004
177431211.0654,5.400000000000002,0.30000000000000004
177431213.0654,5.400000000000002,0.30000000000000004
177431215.0654,5.400000000000002,0.30000000000000004
177431217.0654,5.400000000000002,0.30000000000000004
177431219.0654,5.400000000000002,0.30000000000000004
177431221.0654,5.400000000000002,0.30000000000000004
177431223.0654,5.400000000000002,0.30000000000000004
177431225.0654,5.400000000000002,0.30000000000000004
177431227.0654,5.400000000000002,0.30000000000000004
177431229.0654,5.400000000000002,0.30000000000000004
177431231.0654,5.400000000000002,0.30000000000000004
177431233.0654,5.400000000000002,0.30000000000000004
177431235.0654,5.400000000000002,0.30000000000000004
177431237.0654,5.400000000000002,0.30000000000000004
177431239.0654,5.400000000000002,0.30000000000000004
177431241.0654,5.400000000000002,0.30000000000000004
177431243.0654,5.400000000000002,0.30000000000000004
177431245.0654,5.400000000000002,0.30000000000000004
177431247.0654,5.400000000000002,0.30000000000000004
177431249.0654,5.400000000000002,0.30000000000000004
177431251.0654,5.400000000000002,0.30000000000000004
177431253.0654,5.400000000000002,0.30000000000000004
177431255.0654,5.400000000000002,0.30000000000000004
177431257.0654,5.400000000000002,0.30000000000000004
177431259.0654,5.400000000000002,0.30000000000000004
177431261.0654,5.400000000000002,0.30000000000000004
177431263.0654,5.400000000000002,0.30000000000000004
177431265.0654,5.400000000000002,0.30000000000000004
177431267.0654,5.400000000000002,0.30000000000000004
177431269.0654,5.400000000000002,0.30000000000000004
177431271.0654,5.400000000000002,0.30000000000000004
177431273.0654,5.400000000000002,0.30000000000000004
177431275.0654,5.400000000000002,0.30000000000000004
177431277.0654,5.400000000000002,0.30000000000000004
177431279.0654,5.400000000000002,0.30000000000000004
177431281.0654,5.400000000000002,0.30000000000000004
177431283.0654,5.400000000000002,0.30000000000000004
177431285.0654,5.400000000000002,0.30000000000000004
177431287.0654,5.400000000000002,0.30000000000000004
177431289.0654,5.400000000000002,0.30000000000000004
177431291.0654,5.400000000000002,0.30000000000000004
177431293.0654,5.400000000000002,0.30000000000000004
177431295.0654,5.400000000000002,0.30000000000000004
177431297.0654,5.400000000000002,0.30000000000000004
177431299.0654,5.400000000000002,0.30000000000000004
177431301.0654,5.400000000000002,0.30000000000000004
177431303.0654,5.400000000000002,0.30000000000000004
177431305.0654,5.400000000000002,0.30000000000000004
177431307.0654,5.400000000000002,0.30000000000000004
177431309.0654,5.400000000000002,0.30000000000000004
177431311.0654,5.400000000000002,0.30000000000000004
177431313.0654,5.400000000000002,0.30000000000000004
177431315.0654,5.400000000000002,0.30000000000000004
177431317.0654,5.400000000000002,0.30000000000000004
177431319.0654,5.400000000000002,0.30000000000000004
177431321.0654,5.400000000000002,0.30000000000000004
177431323.0654,5.400000000000002,0.30000000000000004
177431325.0654,5.400000000000002,0.30000000000000004
177431327.0654,5.400000000000002,0.30000000000000004
177431329.0654,5.400000000000002,0.30000000000000004
177431331.0654,5.400000000000002,0.30000000000000004
177431333.0654,5.400000000000002,0.30000000000000004
177431335.0654,5.400000000000002,0.30000000000000004
177431337.0654,5.400000000000002,0.30000000000000004
177431339.0654,5.400000000000002,0.30000000000000004
177431341.0654,5.400000000000002,0.30000000000000004
177431343.0654,5.400000000000002,0.30000000000000004
177431345.0654,5.400000000000002,0.30000000000000004
177431347.0654,5.400000000000002,0.30000000000000004
177431349.0654,5.400000000000002,0.30000000000000004
177431351.0654,5.400000000000002,0.30000000000000004
177431353.0654,5.400000000000002,0.30000000000000004
177431355.0654,5.400000000000002,0.30000000000000004
177431357.0654,5.400000000000002,0.30000000000000004
177431359.0654,5.400000000000002,0.30000000000000004
177431361.0654,5.400000000000002,0.30000000000000004
177431363.0654,5.400000000000002,0.30000000000000004
177431365.0654,5.400000000000002,0.30000000000000004
177431367.0654,5.400000000000002,0.30000000000000004
177431369.0654,5.400000000000002,0.30000000000000004
177431371.0654,5.400000000000002,0.30000000000000004
177431373.0654,5.400000000000002,0.30000000000000004
177431375.0654,5.400000000000002,0.30000000000000004
177431377.0654,5.400000000000002,0.30000000000000004
177431379.0654,5.400000000000002,0.30000000000000004
177431381.0654,5.400000000000002,0.30000000000000004
177431383.0654,5.400000000000002,0.30000000000000004
177431385.0654,5.400000000000002,0.30000000000000004
177431387.0654,5.400000000000002,5.551115123125783e-17
177431389.0654,5.400000000000002,5.551115123125783e-17
177431391.0654,5.400000000000002,5.551115123125783e-17
177431393.0654,5.400000000000002,5.551115123125783e-17
177431395.0654,5.400000000000002,5.551115123125783e-17
177431397.0654,5.400000000000002,5.551115123125783e-17
177431399.0654,5.400000000000002,5.551115123125783e-17
177431401.0654,5.400000000000002,5.551115123125783e-17
177431403.0654,5.400000000000002,5.551115123125783e-17
177431405.0654,5.400000000000002,5.551115123125783e-17
177431407.0654,5.400000000000002,5.551115123125783e-17
177431409.0654,5.400000000000002,5.551115123125783e-17
177431411.0654,5.400000000000002,5.551115123125783e-17
177431413.0654,5.400000000000002,5.551115123125783e-17
177431415.0654,5.400000000000002,5.551115123125783e-17
177431417.0654,5.400000000000002,5.551115123125783e-17
177431419.0654,5.400000000000002,5.551115123125783e-17
177431421.0654,5.400000000000002,5.551115123125783e-17
177431423.0654,5.400000000000002,5.551115123125783e-17
177431425.0654,5.400000000000002,5.551115123125783e-17
177431427.0654,5.400000000000002,5.551115123125783e-17
177431429.0654,5.3000000000000025,5.551115123125783e-17
177431431.0654,5.3000000000000025,5.551115123125783e-17
177431433.0654,5.3000000000000025,5.551115123125783e-17
177431435.0654,5.3000000000000025,5.551115123125783e-17
177431437.0654,5.3000000000000025,5.551115123125783e-17
177431439.0654,5.3000000000000025,5.551115123125783e-17
177431441.0654,5.3000000000000025,5.551115123125783e-17
177431443.1654,5.3000000000000025,5.551115123125783e-17
177431445.0654,5.3000000000000025,5.551115123125783e-17
177431447.0654,5.3000000000000025,5.551115123125783e-17
177431449.0654,5.3000000000000025,5.551115123125783e-17
177431451.0654,5.3000000000000025,5.551115123125783e-17
177431453.0654,5.3000000000000025,5.551115123125783e-17
177431455.0654,5.3000000000000025,5.551115123125783e-17
177431457.0654,5.200000000000003,5.551115123125783e-17
177431459.0654,5.200000000000003,5.551115123125783e-17
177431461.0654,5.200000000000003,5.551115123125783e-17
177431463.0654,5.200000000000003,5.551115123125783e-17
177431465.0654,5.100000000000003,5.551115123125783e-17
177431467.0654,5.100000000000003,5.551115123125783e-17
177431469.0654,5.100000000000003,5.551115123125783e-17
177431471.0654,5.100000000000003,5.551115123125783e-17
177431473.0654,5.100000000000003,5.551115123125783e-17
177431475.0654,5.100000000000003,5.551115123125783e-17
177431477.0654,5.100000000000003,5.551115123125783e-17
177431479.0654,5.100000000000003,5.551115123125783e-17
177431481.0654,5.100000000000003,5.551115123125783e-17
177431483.0654,5.100000000000003,5.551115123125783e-17
177431485.0654,5.100000000000003,5.551115123125783e-17
177431487.0654,5.100000000000003,5.551115123125783e-17
177431489.0654,5.100000000000003,5.551115123125783e-17
177431491.0654,5.400000000000003,5.551115123125783e-17
177431493.0654,5.400000000000003,5.551115123125783e-17
177431495.0654,5.400000000000003,5.551115123125783e-17
177431497.0654,5.400000000000003,5.551115123125783e-17
177431499.0654,5.400000000000003,5.551115123125783e-17
177431501.0654,5.400000000000003,5.551115123125783e-17
177431503.0654,5.400000000000003,5.551115123125783e-17
177431505.0654,5.400000000000003,5.551115123125783e-17
177431507.0654,5.400000000000003,5.551115123125783e-17
177431509.0654,5.400000000000003,5.551115123125783e-17
177431511.0654,5.400000000000003,5.551115123125783e-17
177431513.0654,5.400000000000003,5.551115123125783e-17
177431515.0654,5.400000000000003,5.551115123125783e-17
177431517.0654,5.400000000000003,5.551115123125783e-17
177431519.0654,5.400000000000003,5.551115123125783e-17
177431521.0654,5.400000000000003,5.551115123125783e-17
177431523.0654,5.400000000000003,5.551115123125783e-17
177431525.0654,5.400000000000003,5.551115123125783e-17
177431527.0654,5.400000000000003,5.551115123125783e-17
177431529.0654,5.400000000000003,5.551115123125783e-17
177431531.0654,5.400000000000003,5.551115123125783e-17
177431533.0654,5.400000000000003,5.551115123125783e-17
177431535.0654,5.400000000000003,5.551115123125783e-17
177431537.0654,5.400000000000003,5.551115123125783e-17
177431539.0654,5.400000000000003,5.551115123125783e-17
177431541.0654,5.400000000000003,5.551115123125783e-17
177431543.0654,5.400000000000003,5.551115123125783e-17
177431545.0654,5.400000000000003,5.551115123125783e-17
177431547.0654,5.400000000000003,5.551115123125783e-17
177431549.0654,5.400000000000003,5.551115123125783e-17
177431551.0654,5.400000000000003,5.551115123125783e-17
177431553.0654,5.400000000000003,5.551115123125783e-17
177431555.0654,5.400000000000003,5.551115123125783e-17
177431557.0654,5.400000000000003,5.551115123125783e-17
177431559.0654,5.400000000000003,5.551115123125783e-17
177431561.0654,5.400000000000003,5.551115123125783e-17
177431563.0654,5.400000000000003,5.551115123125783e-17
177431565.0654,5.400000000000003,5.551115123125783e-17
177431567.0654,5.400000000000003,5.551115123125783e-17
177431569.0654,5.400000000000003,5.551115123125783e-17
177431571.0654,5.400000000000003,5.551115123125783e-17
177431573.0654,5.400000000000003,5.551115123125783e-17
177431575.0654,5.400000000000003,5.551115123125783e-17
177431577.0654,5.400000000000003,5.551115123125783e-17
177431579.0654,5.400000000000003,5.551115123125783e-17
177431581.0654,5.400000000000003,5.551115123125783e-17
177431583.0654,5.400000000000003,5.551115123125783e-17
177431585.0654,5.400000000000003,5.551115123125783e-17
177431587.0654,5.400000000000003,5.551115123125783e-17
177431589.0654,5.400000000000003,5.551115123125783e-17
177431591.0654,5.400000000000003,5.551115123125783e-17
177431593.0654,5.400000000000003,5.551115123125783e-17
177431595.0654,5.400000000000003,5.551115123125783e-17
177431597.0654,5.400000000000003,5.551115123125783e-17
177431599.0654,5.400000000000003,5.551115123125783e-17
177431601.0654,5.400000000000003,5.551115123125783e-17
177431603.0654,5.400000000000003,5.551115123125783e-17
177431605.0654,5.400000000000003,5.551115123125783e-17
177431607.0654,5.400000000000003,5.551115123125783e-17
177431609.0654,5.400000000000003,5.551115123125783e-17
177431611.0654,5.400000000000003,5.551115123125783e-17
177431613.0654,5.400000000000003,5.551115123125783e-17
177431615.0654,5.400000000000003,5.551115123125783e-17
177431617.0654,5.400000000000003,5.551115123125783e-17
177431619.0654,5.400000000000003,5.551115123125783e-17
177431621.0654,5.400000000000003,5.551115123125783e-17
177431623.0654,5.400000000000003,5.551115123125783e-17
177431625.0654,5.400000000000003,5.551115123125783e-17
177431627.0654,5.400000000000003,5.551115123125783e-17
177431629.0654,5.400000000000003,5.551115123125783e-17
177431631.0654,5.400000000000003,5.551115123125783e-17
177431633.0654,5.400000000000003,5.551115123125783e-17
177431635.0654,5.400000000000003,5.551115123125783e-17
177431637.0654,5.400000000000003,5.551115123125783e-17
177431639.0654,5.400000000000003,5.551115123125783e-17
177431641.0654,5.400000000000003,5.551115123125783e-17
177431643.0654,5.400000000000003,5.551115123125783e-17
177431645.0654,5.400000000000003,5.551115123125783e-17
177431647.0654,5.400000000000003,5.551115123125783e-17
177431649.0654,5.400000000000003,5.551115123125783e-17
177431651.0654,5.400000000000003,5.551115123125783e-17
177431653.0654,5.400000000000003,5.551115123125783e-17
177431655.0654,5.400000000000003,5.551115123125783e-17
177431657.0654,5.400000000000003,5.551115123125783e-17
177431659.0654,5.400000000000003,5.551115123125783e-17
177431661.0654,5.400000000000003,5.551115123125783e-17
177431663.1654,5.400000000000003,5.551115123125783e-17
177431665.0654,5.400000000000003,5.551115123125783e-17
177431667.0654,5.400000000000003,5.551115123125783e-17
177431669.0654,5.400000000000003,5.551115123125783e-17
177431671.0654,5.400000000000003,5.551115123125783e-17
177431673.0654,5.400000000000003,5.551115123125783e-17
177431675.0654,5.400000000000003,5.551115123125783e-17
177431677.0654,5.400000000000003,5.551115123125783e-17
177431679.0654,5.400000000000003,5.551115123125783e-17
177431681.0654,5.400000000000003,5.551115123125783e-17
177431683.0654,5.400000000000003,5.551115123125783e-17
177431685.0654,5.400000000000003,5.551115123125783e-17
177431687.0654,5.400000000000003,5.551115123125783e-17
177431689.0654,5.400000000000003,5.551115123125783e-17
177431691.0654,5.400000000000003,5.551115123125783e-17
177431693.0654,5.400000000000003,5.551115123125783e-17
177431695.0654,5.400000000000003,5.551115123125783e-17
177431697.0654,5.400000000000003,5.551115123125783e-17
177431699.0654,5.400000000000003,5.551115123125783e-17
177431701.0654,5.400000000000003,5.551115123125783e-17
177431703.0654,5.400000000000003,5.551115123125783e-17
177431705.0654,5.400000000000003,5.551115123125783e-17
177431707.0654,5.400000000000003,5.551115123125783e-17
177431709.0654,5.400000000000003,5.551115123125783e-17
177431711.0654,5.400000000000003,5.551115123125783e-17
177431713.0654,5.400000000000003,5.551115123125783e-17
177431715.0654,5.400000000000003,5.551115123125783e-17
177431717.0654,5.400000000000003,5.551115123125783e-17
177431719.0654,5.400000000000003,5.551115123125783e-17
177431721.0654,5.400000000000003,5.551115123125783e-17
177431723.0654,5.400000000000003,5.551115123125783e-17
177431725.0654,5.400000000000003,5.551115123125783e-17
177431727.0654,5.400000000000003,5.551115123125783e-17
177431729.0654,5.400000000000003,5.551115123125783e-17
177431731.0654,5.400000000000003,5.551115123125783e-17
177431733.0654,5.400000000000003,5.551115123125783e-17
177431735.0654,5.400000000000003,5.551115123125783e-17
177431737.0654,4.900000000000003,5.551115123125783e-17
177431739.0654,4.800000000000003,5.551115123125783e-17
177431741.0654,4.800000000000003,5.551115123125783e-17
177431743.0654,4.800000000000003,5.551115123125783e-17
177431745.0654,4.800000000000003,5.551115123125783e-17
177431747.0654,4.800000000000003,5.551115123125783e-17
177431749.0654,4.800000000000003,5.551115123125783e-17
177431751.0654,4.800000000000003,5.551115123125783e-17
177431753.0654,4.800000000000003,5.551115123125783e-17
177431755.0654,4.800000000000003,5.551115123125783e-17
177431757.0654,4.800000000000003,5.551115123125783e-17
177431759.0654,4.800000000000003,5.551115123125783e-17
177431761.0654,4.800000000000003,5.551115123125783e-17
177431763.0654,4.800000000000003,5.551115123125783e-17
177431765.0654,4.800000000000003,5.551115123125783e-17
177431767.0654,4.800000000000003,5.551115123125783e-17
177431769.0654,4.900000000000003,5.551115123125783e-17
177431771.0654,4.900000000000003,5.551115123125783e-17
177431773.0654,4.900000000000003,0.10000000000000006
177431775.0654,5.400000000000003,0.10000000000000006
177431777.0654,5.400000000000003,0.10000000000000006
177431779.0654,5.400000000000003,0.10000000000000006
177431781.0654,5.400000000000003,0.10000000000000006
177431783.0654,5.400000000000003,0.10000000000000006
177431785.0654,5.400000000000003,0.10000000000000006
177431787.0654,5.400000000000003,0.10000000000000006
177431789.0654,5.400000000000003,0.10000000000000006
177431791.0654,5.400000000000003,0.10000000000000006
177431793.0654,5.400000000000003,0.10000000000000006
177431795.0654,5.400000000000003,0.10000000000000006
177431797.0654,5.400000000000003,0.10000000000000006
177431799.0654,5.400000000000003,0.10000000000000006
177431801.0654,5.400000000000003,0.10000000000000006
177431803.0654,5.400000000000003,0.10000000000000006
177431805.0654,5.400000000000003,0.10000000000000006
177431807.0654,5.400000000000003,0.10000000000000006
177431809.0654,5.400000000000003,0.10000000000000006
177431811.0654,5.400000000000003,0.10000000000000006
177431813.0654,5.400000000000003,0.10000000000000006
177431815.0654,5.400000000000003,0.10000000000000006
177431817.0654,5.400000000000003,0.10000000000000006
177431819.0654,5.400000000000003,0.10000000000000006
177431821.0654,5.400000000000003,0.10000000000000006
177431823.0654,5.400000000000003,0.10000000000000006
177431825.0654,5.400000000000003,0.10000000000000006
177431827.0654,5.400000000000003,0.10000000000000006
177431829.0654,5.400000000000003,0.10000000000000006
177431831.0654,5.400000000000003,0.10000000000000006
177431833.0654,5.400000000000003,0.10000000000000006
177431835.0654,5.400000000000003,0.10000000000000006
177431837.0654,5.400000000000003,0.10000000000000006
177431839.0654,5.400000000000003,0.10000000000000006
177431841.0654,5.400000000000003,0.10000000000000006
177431843.0654,5.400000000000003,0.10000000000000006
177431845.0654,5.400000000000003,0.10000000000000006
177431847.0654,5.400000000000003,0.10000000000000006
177431849.0654,5.400000000000003,0.10000000000000006
177431851.0654,5.400000000000003,0.10000000000000006
177431853.0654,5.400000000000003,0.10000000000000006
177431855.0654,5.400000000000003,0.10000000000000006
177431857.0654,5.400000000000003,0.10000000000000006
177431859.0654,5.400000000000003,0.10000000000000006
177431861.0654,5.400000000000003,0.10000000000000006
177431863.0654,5.400000000000003,0.10000000000000006
177431865.0654,5.400000000000003,0.10000000000000006
177431867.0654,5.400000000000003,0.10000000000000006
177431869.0654,5.400000000000003,0.10000000000000006
177431871.0654,5.400000000000003,0.10000000000000006
177431873.0654,5.400000000000003,0.10000000000000006
177431875.0654,5.400000000000003,0.10000000000000006
177431877.0654,5.400000000000003,0.10000000000000006
177431879.0654,5.400000000000003,0.10000000000000006
177431881.0654,5.400000000000003,0.10000000000000006
177431883.0654,5.400000000000003,0.10000000000000006
177431885.0654,5.400000000000003,0.10000000000000006
177431887.0654,5.400000000000003,0.10000000000000006
177431889.0654,5.400000000000003,0.10000000000000006
177431891.0654,5.400000000000003,0.10000000000000006
177431893.0654,5.400000000000003,0.10000000000000006
177431895.0654,5.400000000000003,0.10000000000000006
177431897.0654,5.400000000000003,0.10000000000000006
177431899.0654,5.400000000000003,0.10000000000000006
177431901.0654,5.400000000000003,0.10000000000000006
177431903.0654,5.400000000000003,0.10000000000000006
177431905.0654,5.400000000000003,0.10000000000000006
177431907.0654,5.400000000000003,0.10000000000000006
177431909.0654,5.400000000000003,0.10000000000000006
177431911.0654,5.400000000000003,0.10000000000000006
177431913.0654,5.400000000000003,0.10000000000000006
177431915.0654,5.400000000000003,0.10000000000000006
177431917.0654,5.400000000000003,0.10000000000000006
177431919.0654,5.400000000000003,0.10000000000000006
177431921.0654,5.400000000000003,0.10000000000000006
177431923.0654,5.400000000000003,0.10000000000000006
177431925.0654,5.400000000000003,0.10000000000000006
177431927.0654,5.400000000000003,0.10000000000000006
177431929.0654,5.400000000000003,0.10000000000000006
177431931.0654,5.400000000000003,0.10000000000000006
177431933.0654,5.400000000000003,0.10000000000000006
177431935.0654,5.400000000000003,0.10000000000000006
177431937.0654,5.400000000000003,0.10000000000000006
177431939.0654,5.400000000000003,0.10000000000000006
177431941.0654,5.400000000000003,0.10000000000000006
177431943.0654,5.400000000000003,0.10000000000000006
177431945.0654,5.400000000000003,0.10000000000000006
177431947.0654,5.400000000000003,0.10000000000000006
177431949.0654,5.400000000000003,0.10000000000000006
177431951.0654,5.400000000000003,0.10000000000000006
177431953.0654,5.400000000000003,0.10000000000000006
177431955.0654,5.400000000000003,0.10000000000000006
177431957.0654,5.400000000000003,0.10000000000000006
177431959.0654,5.400000000000003,0.10000000000000006
177431961.0654,5.400000000000003,0.10000000000000006
177431963.0654,5.400000000000003,0.10000000000000006
177431965.0654,5.400000000000003,0.10000000000000006
177431967.0654,5.400000000000003,0.10000000000000006
177431969.0654,5.400000000000003,0.10000000000000006
177431971.0654,5.400000000000003,0.10000000000000006
177431973.0654,5.400000000000003,0.10000000000000006
177431975.0654,5.400000000000003,0.10000000000000006
177431977.0654,5.400000000000003,0.10000000000000006
177431979.0654,5.400000000000003,0.10000000000000006
177431981.0654,5.400000000000003,0.10000000000000006
177431983.0654,5.400000000000003,0.10000000000000006
177431985.0654,5.400000000000003,0.10000000000000006
177431987.0654,5.400000000000003,0.10000000000000006
177431989.0654,5.400000000000003,0.10000000000000006
177431991.0654,5.400000000000003,0.10000000000000006
177431993.0654,5.400000000000003,0.10000000000000006
177431995.0654,5.400000000000003,0.10000000000000006
177431997.0654,5.400000000000003,0.10000000000000006
177431999.0654,5.400000000000003,0.10000000000000006
177432001.0654,5.400000000000003,0.10000000000000006
177432003.0654,5.400000000000003,0.10000000000000006
177432005.0654,5.400000000000003,0.10000000000000006
177432007.0654,5.400000000000003,0.10000000000000006
177432009.0654,5.400000000000003,0.10000000000000006
177432011.0654,5.400000000000003,0.10000000000000006
177432013.0654,5.400000000000003,0.10000000000000006
177432015.0654,5.400000000000003,0.10000000000000006
177432017.0654,5.400000000000003,0.10000000000000006
177432019.0654,5.400000000000003,0.10000000000000006
177432021.0654,5.400000000000003,0.10000000000000006
177432023.0654,5.400000000000003,0.10000000000000006
177432025.0654,5.400000000000003,0.10000000000000006
177432027.0654,5.400000000000003,0.10000000000000006
177432029.0654,5.400000000000003,0.10000000000000006
177432031.0654,5.400000000000003,0.10000000000000006
177432033.0654,5.400000000000003,0.10000000000000006
177432035.0654,5.400000000000003,0.10000000000000006
177432037.0654,5.400000000000003,0.10000000000000006
177432039.0654,5.400000000000003,0.10000000000000006
177432041.0654,5.400000000000003,0.10000000000000006
177432043.0654,5.400000000000003,0.10000000000000006
177432045.0654,5.400000000000003,0.10000000000000006
177432047.0654,5.400000000000003,0.10000000000000006
177432049.0654,5.400000000000003,0.10000000000000006
177432051.0654,5.400000000000003,0.10000000000000006
177432053.0654,5.400000000000003,0.10000000000000006
177432055.0654,5.400000000000003,0.10000000000000006
177432057.0654,5.400000000000003,0.10000000000000006
177432059.0654,5.400000000000003,0.10000000000000006
177432061.0654,5.400000000000003,0.10000000000000006
177432063.0654,5.400000000000003,0.10000000000000006
177432065.0654,5.400000000000003,0.10000000000000006
177432067.0654,5.400000000000003,0.10000000000000006
177432069.0654,5.400000000000003,0.10000000000000006
177432071.0654,5.400000000000003,0.10000000000000006
177432073.0654,5.400000000000003,0.10000000000000006
177432075.0654,5.400000000000003,0.10000000000000006
177432077.0654,5.400000000000003,0.10000000000000006
177432079.0654,5.400000000000003,0.10000000000000006
177432081.0654,5.400000000000003,0.10000000000000006
177432083.0654,5.400000000000003,0.10000000000000006
177432085.0654,5.400000000000003,0.10000000000000006
177432087.0654,5.400000000000003,0.10000000000000006
177432089.0654,5.400000000000003,0.10000000000000006
177432091.0654,5.400000000000003,0.20000000000000007
177432093.0654,5.400000000000003,0.20000000000000007
177432095.0654,5.400000000000003,0.20000000000000007
177432097.0654,5.400000000000003,0.20000000000000007
177432099.0654,5.400000000000003,0.20000000000000007
177432101.0654,5.400000000000003,0.20000000000000007
177432103.0654,5.400000000000003,0.20000000000000007
177432105.0654,5.400000000000003,0.20000000000000007
177432107.0654,5.400000000000003,0.20000000000000007
177432109.0654,5.400000000000003,0.20000000000000007
177432111.0654,5.400000000000003,0.20000000000000007
177432113.0654,5.400000000000003,0.20000000000000007
177432115.0654,5.400000000000003,0.20000000000000007
177432117.0654,5.400000000000003,0.20000000000000007
177432119.0654,5.400000000000003,0.20000000000000007
177432121.0654,5.400000000000003,0.20000000000000007
177432123.0654,5.400000000000003,0.20000000000000007
177432125.0654,5.400000000000003,0.20000000000000007
177432127.0654,5.400000000000003,0.20000000000000007
177432129.0654,5.400000000000003,0.20000000000000007
177432131.0654,5.400000000000003,0.20000000000000007
177432133.0654,5.400000000000003,0.20000000000000007
177432135.0654,5.400000000000003,0.20000000000000007
177432137.0654,5.400000000000003,0.20000000000000007
177432139.0654,5.400000000000003,0.20000000000000007
177432141.0654,5.400000000000003,0.20000000000000007
177432143.0654,5.400000000000003,0.20000000000000007
177432145.0654,5.400000000000003,0.20000000000000007
177432147.0654,5.400000000000003,0.20000000000000007
177432149.0654,5.400000000000003,0.20000000000000007
177432151.0654,5.400000000000003,0.20000000000000007
177432153.0654,5.400000000000003,0.20000000000000007
177432155.0654,5.400000000000003,0.20000000000000007
177432157.0654,5.400000000000003,0.20000000000000007
177432159.0654,5.400000000000003,0.20000000000000007
177432161.0654,5.400000000000003,0.20000000000000007
177432163.0654,5.400000000000003,0.20000000000000007
177432165.0654,5.400000000000003,0.20000000000000007
177432167.0654,5.400000000000003,0.20000000000000007
177432169.0654,5.400000000000003,0.20000000000000007
177432171.0654,5.400000000000003,0.20000000000000007
177432173.0654,5.400000000000003,0.20000000000000007
177432175.0654,5.400000000000003,0.20000000000000007
177432177.0654,5.400000000000003,0.20000000000000007
177432179.0654,5.400000000000003,0.20000000000000007
177432181.0654,5.400000000000003,0.20000000000000007
177432183.0654,5.400000000000003,0.20000000000000007
177432185.0654,5.400000000000003,0.20000000000000007
177432187.0654,5.400000000000003,0.20000000000000007
177432189.0654,5.400000000000003,0.20000000000000007
177432191.0654,5.400000000000003,0.20000000000000007
177432193.0654,5.400000000000003,0.20000000000000007
177432195.0654,5.400000000000003,0.20000000000000007
177432197.0654,5.400000000000003,0.20000000000000007
177432199.0654,5.400000000000003,0.20000000000000007
177432201.0654,5.400000000000003,0.20000000000000007
177432203.0654,5.400000000000003,0.20000000000000007
177432205.0654,5.400000000000003,0.20000000000000007
177432207.0654,5.400000000000003,0.20000000000000007
177432209.0654,5.400000000000003,0.20000000000000007
177432211.0654,5.400000000000003,0.20000000000000007
177432213.0654,5.400000000000003,0.20000000000000007
177432215.0654,5.400000000000003,0.20000000000000007
177432217.0654,5.400000000000003,0.20000000000000007
177432219.0654,5.400000000000003,0.20000000000000007
177432221.0654,5.400000000000003,0.20000000000000007
177432223.0654,5.400000000000003,0.20000000000000007
177432225.0654,5.400000000000003,0.20000000000000007
177432227.0654,5.400000000000003,0.20000000000000007
177432229.0654,5.400000000000003,0.20000000000000007
177432231.0654,5.400000000000003,0.20000000000000007
177432233.0654,5.400000000000003,0.20000000000000007
177432235.0654,5.400000000000003,0.20000000000000007
177432237.0654,5.400000000000003,0.20000000000000007
177432239.0654,5.400000000000003,0.20000000000000007
177432241.0654,5.400000000000003,0.20000000000000007
177432243.0654,5.400000000000003,0.20000000000000007
177432245.0654,5.400000000000003,0.20000000000000007
177432247.0654,5.400000000000003,0.20000000000000007
177432249.0654,5.400000000000003,0.20000000000000007
177432251.0654,5.400000000000003,0.20000000000000007
177432253.0654,5.400000000000003,0.20000000000000007
177432255.0654,5.400000000000003,0.20000000000000007
177432257.0654,5.400000000000003,0.30000000000000004
177432259.0654,5.400000000000003,0.30000000000000004
177432261.0654,5.400000000000003,0.30000000000000004
177432263.0654,5.400000000000003,0.30000000000000004
177432265.0654,5.400000000000003,0.30000000000000004
177432267.0654,5.400000000000003,0.30000000000000004
177432269.0654,5.400000000000003,0.30000000000000004
177432271.0654,5.400000000000003,0.30000000000000004
177432273.0654,5.400000000000003,0.30000000000000004
177432275.0654,5.400000000000003,0.30000000000000004
177432277.0654,5.400000000000003,0.30000000000000004
177432279.0654,5.400000000000003,0.30000000000000004
177432281.0654,5.400000000000003,0.30000000000000004
177432283.0654,5.400000000000003,0.30000000000000004
177432285.0654,5.400000000000003,0.30000000000000004
177432287.0654,5.400000000000003,0.30000000000000004
177432289.0654,5.400000000000003,0.30000000000000004
177432291.0654,5.400000000000003,0.30000000000000004
177432293.0654,5.400000000000003,0.30000000000000004
177432295.0654,5.400000000000003,0.30000000000000004
177432297.0654,5.400000000000003,0.30000000000000004
177432299.0654,5.400000000000003,0.30000000000000004
177432301.0654,5.400000000000003,0.30000000000000004
177432303.0654,5.400000000000003,0.30000000000000004
177432305.0654,5.400000000000003,0.30000000000000004
177432307.0654,5.400000000000003,0.30000000000000004
177432309.0654,5.400000000000003,0.30000000000000004
177432311.0654,5.400000000000003,0.30000000000000004
177432313.0654,5.400000000000003,0.30000000000000004
177432315.0654,5.400000000000003,0.30000000000000004
177432317.0654,5.400000000000003,0.30000000000000004
177432319.0654,5.400000000000003,0.30000000000000004
177432321.0654,5.400000000000003,0.30000000000000004
177432323.0654,5.400000000000003,0.30000000000000004
177432325.0654,5.400000000000003,0.30000000000000004
177432327.0654,5.400000000000003,0.30000000000000004
177432329.0654,5.400000000000003,0.30000000000000004
177432331.0654,5.400000000000003,0.30000000000000004
177432333.0654,5.400000000000003,0.30000000000000004
177432335.0654,5.400000000000003,0.30000000000000004
177432337.0654,5.400000000000003,0.30000000000000004
177432339.0654,5.400000000000003,0.30000000000000004
177432341.0654,5.400000000000003,0.30000000000000004
177432343.0654,5.400000000000003,0.30000000000000004
177432345.0654,5.400000000000003,0.30000000000000004
177432347.0654,5.400000000000003,0.30000000000000004
177432349.0654,5.400000000000003,0.30000000000000004
177432351.0654,5.400000000000003,0.30000000000000004
177432353.0654,5.400000000000003,0.30000000000000004
177432355.0654,5.400000000000003,0.30000000000000004
177432357.0654,5.400000000000003,0.30000000000000004
177432359.0654,5.400000000000003,0.30000000000000004
177432361.0654,5.400000000000003,0.30000000000000004
177432363.0654,5.400000000000003,0.30000000000000004
177432365.0654,5.400000000000003,0.30000000000000004
177432367.0654,5.400000000000003,0.30000000000000004
177432369.0654,5.400000000000003,0.30000000000000004
177432371.0654,5.400000000000003,0.30000000000000004
177432373.0654,5.400000000000003,0.30000000000000004
177432375.0654,5.400000000000003,0.30000000000000004
177432377.0654,5.400000000000003,0.30000000000000004
177432379.0654,5.400000000000003,0.30000000000000004
177432381.0654,5.400000000000003,0.30000000000000004
177432383.0654,5.400000000000003,0.30000000000000004
177432385.0654,5.400000000000003,0.30000000000000004
177432387.0654,5.400000000000003,0.30000000000000004
177432389.0654,5.400000000000003,0.30000000000000004
177432391.0654,5.400000000000003,0.30000000000000004
177432393.0654,5.400000000000003,0.30000000000000004
177432395.0654,5.400000000000003,0.30000000000000004
177432397.0654,5.400000000000003,0.30000000000000004
177432399.0654,5.400000000000003,0.30000000000000004
177432401.0654,5.400000000000003,0.30000000000000004
177432403.0654,5.400000000000003,0.30000000000000004
177432405.0654,5.400000000000003,0.30000000000000004
177432407.0654,5.400000000000003,0.30000000000000004
177432409.0654,5.400000000000003,0.30000000000000004
177432411.0654,5.400000000000003,0.30000000000000004
177432413.0654,5.400000000000003,0.30000000000000004
177432415.0654,5.400000000000003,0.30000000000000004
177432417.0654,5.400000000000003,0.30000000000000004
177432419.0654,5.400000000000003,0.30000000000000004
177432421.0654,5.400000000000003,0.30000000000000004
177432423.0654,5.400000000000003,0.30000000000000004
177432425.0654,5.400000000000003,0.30000000000000004
177432427.0654,5.400000000000003,0.30000000000000004
177432429.0654,5.400000000000003,0.30000000000000004
177432431.0654,5.400000000000003,0.30000000000000004
177432433.0654,5.400000000000003,0.30000000000000004
177432435.0654,5.400000000000003,0.30000000000000004
177432437.0654,5.300000000000003,0.30000000000000004
177432439.0654,5.300000000000003,0.30000000000000004
177432441.0654,5.300000000000003,0.30000000000000004
177432443.0654,5.300000000000003,0.30000000000000004
177432445.0654,5.300000000000003,0.30000000000000004
177432447.0654,5.300000000000003,0.30000000000000004
177432449.0654,5.300000000000003,0.30000000000000004
177432451.0654,5.300000000000003,0.30000000000000004
177432453.0654,5.300000000000003,0.30000000000000004
177432455.0654,5.300000000000003,0.30000000000000004
177432457.0654,5.300000000000003,0.30000000000000004
177432459.0654,5.300000000000003,0.30000000000000004
177432461.0654,5.300000000000003,0.30000000000000004
177432463.0654,5.300000000000003,0.30000000000000004
177432465.0654,5.300000000000003,0.30000000000000004
177432467.0654,5.300000000000003,0.30000000000000004
177432469.0654,5.300000000000003,0.30000000000000004
177432471.0654,5.300000000000003,0.30000000000000004
177432473.0654,5.300000000000003,0.30000000000000004
177432475.0654,5.300000000000003,0.30000000000000004
177432477.0654,5.300000000000003,0.30000000000000004
177432479.0654,5.300000000000003,0.30000000000000004
177432481.0654,5.300000000000003,0.30000000000000004
177432483.0654,5.300000000000003,0.30000000000000004
177432485.0654,5.300000000000003,0.30000000000000004
177432487.0654,5.300000000000003,0.30000000000000004
177432489.0654,5.300000000000003,0.30000000000000004
177432491.0654,5.300000000000003,0.30000000000000004
177432493.0654,5.300000000000003,0.30000000000000004
177432495.0654,5.300000000000003,0.30000000000000004
177432497.0654,5.200000000000004,0.30000000000000004
177432499.0654,5.200000000000004,0.30000000000000004
177432501.0654,5.200000000000004,0.30000000000000004
177432503.0654,5.200000000000004,0.30000000000000004
177432505.0654,5.200000000000004,0.30000000000000004
177432507.0654,5.200000000000004,0.30000000000000004
177432509.0654,5.200000000000004,0.30000000000000004
177432511.0654,5.200000000000004,0.30000000000000004
177432513.0654,5.200000000000004,0.30000000000000004
177432515.0654,5.200000000000004,0.30000000000000004
177432517.0654,5.200000000000004,0.30000000000000004
177432519.0654,5.200000000000004,0.30000000000000004
177432521.0654,5.200000000000004,0.30000000000000004
177432523.0654,5.200000000000004,0.30000000000000004
177432525.0654,5.200000000000004,0.30000000000000004
177432527.0654,5.200000000000004,0.30000000000000004
177432529.0654,5.200000000000004,0.30000000000000004
177432531.0654,5.200000000000004,0.30000000000000004
177432533.0654,5.200000000000004,0.30000000000000004
177432535.0654,5.200000000000004,0.30000000000000004
177432537.0654,5.200000000000004,0.30000000000000004
177432539.0654,5.200000000000004,0.30000000000000004
177432541.0654,5.200000000000004,0.30000000000000004
177432543.0654,5.200000000000004,0.30000000000000004
177432545.0654,5.200000000000004,0.30000000000000004
177432547.0654,5.200000000000004,0.30000000000000004
177432549.0654,5.200000000000004,0.30000000000000004
177432551.0654,5.200000000000004,0.30000000000000004
177432553.0654,5.200000000000004,0.30000000000000004
177432555.0654,5.200000000000004,0.30000000000000004
177432557.0654,5.200000000000004,0.30000000000000004
177432559.0654,5.200000000000004,0.30000000000000004
177432561.0654,5.200000000000004,0.30000000000000004
177432563.0654,5.200000000000004,0.30000000000000004
177432565.0654,5.200000000000004,0.30000000000000004
177432567.0654,5.200000000000004,0.30000000000000004
177432569.0654,5.200000000000004,0.30000000000000004
177432571.0654,5.200000000000004,0.30000000000000004
177432573.0654,5.200000000000004,0.30000000000000004
177432575.0654,5.200000000000004,0.30000000000000004
177432577.0654,5.200000000000004,0.30000000000000004
177432579.0654,5.200000000000004,0.30000000000000004
177432581.0654,5.200000000000004,0.30000000000000004
177432583.0654,5.200000000000004,0.30000000000000004
177432585.0654,5.200000000000004,0.30000000000000004
177432587.0654,5.200000000000004,0.30000000000000004
177432589.0654,5.200000000000004,0.30000000000000004
177432591.0654,5.200000000000004,0.30000000000000004
177432593.0654,5.200000000000004,0.30000000000000004
177432595.0654,5.200000000000004,0.30000000000000004
177432597.0654,5.200000000000004,0.30000000000000004
177432599.0654,5.200000000000004,0.30000000000000004
177432601.0654,5.200000000000004,0.30000000000000004
177432603.0654,5.200000000000004,0.30000000000000004
177432605.0654,5.200000000000004,0.30000000000000004
177432607.0654,5.200000000000004,0.30000000000000004
177432609.0654,5.200000000000004,0.30000000000000004
177432611.0654,5.200000000000004,0.30000000000000004
177432613.0654,5.200000000000004,0.30000000000000004
177432615.0654,5.200000000000004,0.30000000000000004
177432617.1654,5.200000000000004,0.30000000000000004
177432619.0654,5.200000000000004,0.30000000000000004
177432621.0654,5.200000000000004,0.30000000000000004
177432623.0654,5.200000000000004,0.30000000000000004
177432625.0654,5.200000000000004,0.30000000000000004
177432627.0654,5.200000000000004,0.30000000000000004
177432629.0654,5.200000000000004,0.30000000000000004
177432631.0654,5.200000000000004,0.30000000000000004
177432633.0654,5.200000000000004,0.30000000000000004
177432635.0654,5.200000000000004,0.30000000000000004
177432637.0654,5.200000000000004,0.30000000000000004
177432639.0654,5.200000000000004,0.30000000000000004
177432641.0654,5.200000000000004,0.30000000000000004
177432643.0654,5.200000000000004,0.30000000000000004
177432645.0654,5.200000000000004,0.30000000000000004
177432647.0654,5.200000000000004,0.30000000000000004
177432649.0654,5.200000000000004,0.30000000000000004
177432651.0654,5.200000000000004,0.30000000000000004
177432653.0654,5.200000000000004,0.30000000000000004
177432655.0654,5.200000000000004,0.30000000000000004
177432657.0654,5.200000000000004,0.30000000000000004
177432659.0654,5.200000000000004,0.30000000000000004
177432661.0654,5.200000000000004,0.30000000000000004
177432663.0654,5.200000000000004,0.30000000000000004
177432665.0654,5.200000000000004,0.30000000000000004
177432667.0654,5.200000000000004,0.30000000000000004
177432669.0654,5.200000000000004,0.30000000000000004
177432671.0654,5.200000000000004,0.30000000000000004
177432673.0654,5.200000000000004,0.30000000000000004
177432675.0654,5.200000000000004,0.30000000000000004
177432677.0654,5.200000000000004,0.30000000000000004
177432679.0654,5.200000000000004,0.30000000000000004
177432681.0654,5.200000000000004,0.30000000000000004
177432683.0654,5.200000000000004,0.30000000000000004
177432685.0654,5.200000000000004,0.30000000000000004
177432687.0654,5.200000000000004,0.30000000000000004
177432689.0654,5.200000000000004,0.30000000000000004
177432691.0654,5.200000000000004,0.30000000000000004
177432693.0654,5.200000000000004,0.30000000000000004
177432695.0654,5.200000000000004,0.30000000000000004
177432697.0654,5.200000000000004,0.30000000000000004
177432699.0654,5.200000000000004,0.30000000000000004
177432701.0654,5.200000000000004,0.30000000000000004
177432703.0654,5.200000000000004,0.30000000000000004
177432705.0654,5.200000000000004,0.30000000000000004
177432707.0654,5.200000000000004,0.30000000000000004
177432709.0654,5.200000000000004,0.30000000000000004
177432711.0654,5.200000000000004,0.30000000000000004
177432713.0654,5.200000000000004,0.30000000000000004
177432715.0654,5.200000000000004,0.30000000000000004
177432717.0654,5.200000000000004,0.30000000000000004
177432719.0654,5.200000000000004,0.30000000000000004
177432721.0654,5.200000000000004,0.30000000000000004
177432723.0654,5.200000000000004,0.30000000000000004
177432725.0654,5.200000000000004,0.30000000000000004
177432727.0654,5.200000000000004,0.30000000000000004
177432729.0654,5.200000000000004,0.4
177432731.0654,5.200000000000004,0.4
177432733.0654,5.200000000000004,0.4
177432735.0654,5.200000000000004,0.4
177432737.0654,5.200000000000004,0.4
177432739.0654,5.200000000000004,0.4
177432741.0654,5.200000000000004,0.30000000000000004
177432743.0654,5.200000000000004,0.30000000000000004
177432745.0654,5.200000000000004,0.30000000000000004
177432747.0654,5.200000000000004,0.30000000000000004
177432749.0654,5.200000000000004,0.30000000000000004
177432751.0654,5.200000000000004,0.30000000000000004
177432753.0654,5.200000000000004,0.30000000000000004
177432755.0654,5.200000000000004,0.30000000000000004
177432757.0654,5.200000000000004,0.30000000000000004
177432759.0654,5.200000000000004,0.30000000000000004
177432761.0654,5.200000000000004,0.30000000000000004
177432763.0654,5.200000000000004,0.30000000000000004
177432765.0654,5.200000000000004,0.30000000000000004
177432767.0654,5.200000000000004,0.30000000000000004
177432769.0654,5.200000000000004,0.30000000000000004
177432771.0654,5.200000000000004,0.30000000000000004
177432773.0654,5.200000000000004,0.30000000000000004
177432775.0654,5.200000000000004,0.30000000000000004
177432777.0654,5.200000000000004,0.30000000000000004
177432779.0654,5.200000000000004,0.30000000000000004
177432781.0654,5.200000000000004,0.30000000000000004
177432783.0654,5.200000000000004,0.30000000000000004
177432785.0654,5.200000000000004,0.30000000000000004
177432787.0654,5.200000000000004,0.30000000000000004
177432789.0654,5.200000000000004,0.30000000000000004
177432791.0654,5.200000000000004,0.30000000000000004
177432793.0654,5.200000000000004,0.30000000000000004
177432795.0654,5.200000000000004,0.30000000000000004
177432797.0654,5.200000000000004,0.30000000000000004
177432799.0654,5.200000000000004,0.30000000000000004
177432801.0654,5.200000000000004,0.30000000000000004
177432803.0654,5.200000000000004,0.30000000000000004
177432805.0654,5.200000000000004,0.30000000000000004
177432807.0654,5.200000000000004,0.30000000000000004
177432809.0654,5.200000000000004,0.30000000000000004
177432811.0654,5.200000000000004,0.30000000000000004
177432813.0654,5.200000000000004,0.30000000000000004
177432815.0654,5.200000000000004,0.30000000000000004
177432817.0654,5.200000000000004,0.30000000000000004
177432819.0654,5.200000000000004,0.30000000000000004
177432821.0654,5.200000000000004,0.30000000000000004
177432823.0654,5.200000000000004,0.30000000000000004
177432825.0654,5.200000000000004,0.30000000000000004
177432827.0654,5.200000000000004,0.30000000000000004
177432829.0654,5.200000000000004,0.30000000000000004
177432831.0654,5.200000000000004,0.30000000000000004
177432833.0654,5.200000000000004,0.30000000000000004
177432835.0654,5.200000000000004,0.30000000000000004
177432837.0654,5.200000000000004,0.30000000000000004
177432839.0654,5.200000000000004,0.30000000000000004
177432841.0654,5.200000000000004,0.30000000000000004
177432843.0654,5.200000000000004,0.30000000000000004
177432845.0654,5.200000000000004,0.30000000000000004
177432847.0654,5.200000000000004,0.30000000000000004
177432849.0654,5.200000000000004,0.30000000000000004
177432851.0654,5.200000000000004,0.30000000000000004
177432853.0654,5.200000000000004,0.30000000000000004
177432855.0654,5.200000000000004,0.30000000000000004
177432857.0654,5.200000000000004,0.30000000000000004
177432859.0654,5.200000000000004,0.30000000000000004
177432861.0654,5.200000000000004,0.30000000000000004
177432863.0654,5.200000000000004,0.30000000000000004
177432865.0654,5.200000000000004,0.30000000000000004
177432867.0654,5.200000000000004,0.30000000000000004
177432869.0654,5.200000000000004,0.30000000000000004
177432871.0654,5.200000000000004,0.30000000000000004
177432873.0654,5.200000000000004,0.30000000000000004
177432875.0654,5.200000000000004,0.30000000000000004
177432877.0654,5.200000000000004,0.30000000000000004
177432879.0654,5.200000000000004,0.30000000000000004
177432881.0654,5.200000000000004,0.30000000000000004
177432883.0654,5.200000000000004,0.30000000000000004
177432885.0654,5.200000000000004,0.30000000000000004
177432887.0654,5.200000000000004,0.30000000000000004
177432889.0654,5.200000000000004,0.30000000000000004
177432891.0654,5.200000000000004,0.30000000000000004
177432893.0654,5.200000000000004,0.30000000000000004
177432895.0654,5.200000000000004,0.30000000000000004
177432897.0654,5.200000000000004,0.30000000000000004
177432899.0654,5.200000000000004,0.30000000000000004
177432901.0654,5.200000000000004,0.30000000000000004
177432903.0654,5.200000000000004,0.30000000000000004
177432905.0654,5.200000000000004,0.30000000000000004
177432907.0654,5.200000000000004,0.30000000000000004
177432909.0654,5.200000000000004,0.30000000000000004
177432911.0654,5.200000000000004,0.30000000000000004
177432913.0654,5.200000000000004,0.30000000000000004
177432915.0654,5.200000000000004,0.30000000000000004
177432917.0654,5.200000000000004,0.30000000000000004
177432919.0654,5.200000000000004,0.30000000000000004
177432921.0654,5.200000000000004,0.30000000000000004
177432923.0654,5.200000000000004,0.30000000000000004
177432925.0654,5.200000000000004,0.30000000000000004
177432927.0654,5.200000000000004,0.30000000000000004
177432929.0654,5.200000000000004,0.30000000000000004
177432931.0654,5.200000000000004,0.30000000000000004
177432933.0654,5.200000000000004,0.30000000000000004
177432935.0654,5.200000000000004,0.30000000000000004
177432937.0654,5.200000000000004,0.30000000000000004
177432939.0654,5.200000000000004,0.30000000000000004
177432941.0654,5.200000000000004,0.30000000000000004
177432943.0654,5.200000000000004,0.30000000000000004
177432945.0654,5.200000000000004,0.30000000000000004
177432947.0654,5.200000000000004,0.30000000000000004
177432949.0654,5.200000000000004,0.30000000000000004
177432951.0654,5.200000000000004,0.30000000000000004
177432953.0654,5.200000000000004,0.30000000000000004
177432955.0654,5.200000000000004,0.30000000000000004
177432957.0654,5.200000000000004,0.30000000000000004
177432959.0654,5.200000000000004,0.30000000000000004
177432961.0654,5.200000000000004,0.30000000000000004
177432963.0654,5.200000000000004,0.30000000000000004
177432965.0654,5.200000000000004,0.30000000000000004
177432967.0654,5.200000000000004,0.30000000000000004
177432969.0654,5.200000000000004,0.30000000000000004
177432971.0654,5.200000000000004,0.30000000000000004
177432973.0654,5.200000000000004,0.30000000000000004
177432975.0654,5.200000000000004,0.30000000000000004
177432977.0654,5.200000000000004,0.30000000000000004
177432979.0654,5.200000000000004,0.30000000000000004
177432981.0654,5.200000000000004,0.30000000000000004
177432983.0654,5.200000000000004,0.30000000000000004
177432985.0654,5.200000000000004,0.30000000000000004
177432987.0654,5.200000000000004,0.30000000000000004
177432989.0654,5.200000000000004,0.30000000000000004
177432991.0654,5.200000000000004,0.30000000000000004
177432993.0654,5.200000000000004,0.30000000000000004
177432995.0654,5.200000000000004,0.30000000000000004
177432997.0654,5.200000000000004,0.30000000000000004
177432999.0654,5.200000000000004,0.30000000000000004
177433001.0654,5.200000000000004,0.30000000000000004
177433003.0654,5.200000000000004,0.30000000000000004
177433005.0654,5.200000000000004,0.30000000000000004
177433007.0654,5.200000000000004,0.30000000000000004
177433009.0654,5.200000000000004,0.30000000000000004
177433011.0654,5.200000000000004,0.30000000000000004
177433013.0654,5.200000000000004,0.30000000000000004
177433015.0654,5.200000000000004,0.30000000000000004
177433017.0654,5.200000000000004,0.30000000000000004
177433019.0654,5.200000000000004,0.30000000000000004
177433021.0654,5.200000000000004,0.30000000000000004
177433023.0654,5.200000000000004,0.30000000000000004
177433025.0654,5.200000000000004,0.30000000000000004
177433027.0654,5.200000000000004,0.30000000000000004
177433029.0654,5.200000000000004,0.30000000000000004
177433031.0654,5.200000000000004,0.30000000000000004
177433033.0654,5.200000000000004,0.30000000000000004
177433035.0654,5.200000000000004,0.30000000000000004
177433037.0654,5.200000000000004,0.30000000000000004
177433039.0654,5.200000000000004,0.30000000000000004
177433041.0654,5.200000000000004,0.30000000000000004
177433043.0654,5.200000000000004,0.30000000000000004
177433045.0654,5.200000000000004,0.30000000000000004
177433047.0654,5.200000000000004,0.30000000000000004
177433049.0654,5.200000000000004,0.30000000000000004
177433051.0654,5.200000000000004,0.30000000000000004
177433053.0654,5.200000000000004,0.30000000000000004
177433055.0654,5.200000000000004,0.30000000000000004
177433057.0654,5.200000000000004,0.30000000000000004
177433059.0654,5.200000000000004,0.30000000000000004
177433061.0654,5.200000000000004,0.30000000000000004
177433063.0654,5.200000000000004,0.30000000000000004
177433065.0654,5.200000000000004,0.30000000000000004
177433067.0654,5.200000000000004,0.30000000000000004
177433069.0654,5.200000000000004,0.30000000000000004
177433071.0654,5.200000000000004,0.30000000000000004
177433073.0654,5.200000000000004,0.30000000000000004
177433075.0654,5.200000000000004,0.30000000000000004
177433077.0654,5.200000000000004,0.30000000000000004
177433079.0654,5.200000000000004,0.30000000000000004
177433081.0654,5.200000000000004,0.30000000000000004
177433083.0654,5.200000000000004,0.30000000000000004
177433085.0654,5.200000000000004,0.30000000000000004
177433087.0654,5.200000000000004,0.30000000000000004
177433089.0654,5.200000000000004,0.30000000000000004
177433091.0654,5.200000000000004,0.30000000000000004
177433093.0654,5.200000000000004,0.30000000000000004
177433095.0654,5.200000000000004,0.30000000000000004
177433097.0654,5.200000000000004,0.30000000000000004
177433099.0654,5.200000000000004,0.30000000000000004
177433101.0654,5.300000000000003,0.30000000000000004
177433103.0654,5.300000000000003,0.30000000000000004
177433105.0654,5.300000000000003,0.30000000000000004
177433107.0654,5.300000000000003,0.30000000000000004
177433109.0654,5.300000000000003,0.30000000000000004
177433111.0654,5.300000000000003,0.30000000000000004
177433113.0654,5.300000000000003,0.30000000000000004
177433115.0654,5.300000000000003,0.30000000000000004
177433117.0654,5.300000000000003,0.30000000000000004
177433119.0654,5.300000000000003,0.30000000000000004
177433121.0654,5.300000000000003,0.30000000000000004
177433123.0654,5.300000000000003,0.30000000000000004
177433125.0654,5.300000000000003,0.30000000000000004
177433127.0654,5.300000000000003,0.30000000000000004
177433129.0654,5.300000000000003,0.30000000000000004
177433131.0654,5.300000000000003,0.30000000000000004
177433133.0654,5.300000000000003,0.30000000000000004
177433135.0654,5.300000000000003,0.30000000000000004
177433137.0654,5.300000000000003,0.30000000000000004
177433139.0654,5.300000000000003,0.30000000000000004
177433141.0654,5.300000000000003,0.30000000000000004
177433143.0654,5.300000000000003,0.30000000000000004
177433145.0654,5.300000000000003,0.30000000000000004
177433147.0654,5.300000000000003,0.30000000000000004
177433149.0654,5.300000000000003,0.30000000000000004
177433151.0654,5.300000000000003,0.30000000000000004
177433153.0654,5.300000000000003,0.30000000000000004
177433155.0654,5.300000000000003,0.30000000000000004
177433157.0654,5.300000000000003,0.30000000000000004
177433159.0654,5.300000000000003,0.30000000000000004
177433161.0654,5.300000000000003,0.30000000000000004
177433163.0654,5.300000000000003,0.30000000000000004
177433165.0654,5.300000000000003,0.30000000000000004
177433167.0654,5.300000000000003,0.30000000000000004
177433169.0654,5.300000000000003,0.30000000000000004
177433171.0654,5.300000000000003,0.30000000000000004
177433173.0654,5.300000000000003,0.30000000000000004
177433175.0654,5.300000000000003,0.30000000000000004
177433177.0654,5.300000000000003,0.30000000000000004
177433179.0654,5.300000000000003,0.30000000000000004
177433181.0654,5.300000000000003,0.30000000000000004
177433183.0654,5.300000000000003,0.30000000000000004
177433185.0654,5.300000000000003,0.30000000000000004
177433187.0654,5.300000000000003,0.30000000000000004
177433189.0654,5.300000000000003,0.30000000000000004
177433191.0654,5.300000000000003,0.30000000000000004
177433193.0654,5.300000000000003,0.30000000000000004
177433195.0654,5.300000000000003,0.30000000000000004
177433197.0654,5.300000000000003,0.30000000000000004
177433199.0654,5.300000000000003,0.30000000000000004
177433201.0654,5.300000000000003,0.30000000000000004
177433203.0654,5.300000000000003,0.30000000000000004
177433205.0654,5.300000000000003,0.30000000000000004
177433207.0654,5.300000000000003,0.30000000000000004
177433209.0654,5.300000000000003,0.30000000000000004
177433211.0654,5.300000000000003,0.30000000000000004
177433213.0654,5.300000000000003,0.30000000000000004
177433215.0654,5.300000000000003,0.30000000000000004
177433217.0654,5.300000000000003,0.30000000000000004
177433219.0654,5.300000000000003,0.30000000000000004
177433221.0654,5.300000000000003,0.30000000000000004
177433223.0654,5.300000000000003,0.30000000000000004
177433225.0654,5.300000000000003,0.30000000000000004
177433227.0654,5.300000000000003,0.30000000000000004
177433229.0654,5.300000000000003,0.30000000000000004
177433231.0654,5.300000000000003,0.30000000000000004
177433233.0654,5.300000000000003,0.30000000000000004
177433235.0654,5.300000000000003,0.30000000000000004
177433237.0654,5.300000000000003,0.30000000000000004
177433239.0654,5.300000000000003,0.30000000000000004
177433241.0654,5.300000000000003,0.30000000000000004
177433243.0654,5.300000000000003,0.30000000000000004
177433245.0654,5.300000000000003,0.30000000000000004
177433247.0654,5.300000000000003,0.30000000000000004
177433249.0654,5.300000000000003,0.30000000000000004
177433251.0654,5.300000000000003,0.30000000000000004
177433253.0654,5.300000000000003,0.4
177433255.0654,5.300000000000003,0.4
177433257.0654,5.300000000000003,0.4
177433259.0654,5.300000000000003,0.4
177433261.0654,5.300000000000003,0.4
177433263.0654,5.300000000000003,0.4
177433265.0654,5.300000000000003,0.4
177433267.0654,5.300000000000003,0.4
177433269.0654,5.300000000000003,0.4
177433271.0654,5.300000000000003,0.30000000000000004
177433273.0654,5.300000000000003,0.30000000000000004
177433275.0654,5.300000000000003,0.30000000000000004
177433277.0654,5.300000000000003,0.30000000000000004
177433279.0654,5.300000000000003,0.30000000000000004
177433281.0654,5.300000000000003,0.30000000000000004
177433283.0654,5.300000000000003,0.30000000000000004
177433285.0654,5.300000000000003,0.30000000000000004
177433287.0654,5.300000000000003,0.30000000000000004
177433289.0654,5.300000000000003,0.30000000000000004
177433291.0654,5.300000000000003,0.30000000000000004
177433293.0654,5.300000000000003,0.30000000000000004
177433295.1654,5.300000000000003,0.30000000000000004
177433297.0654,5.300000000000003,0.30000000000000004
177433299.0654,5.300000000000003,0.30000000000000004
177433301.0654,5.300000000000003,0.30000000000000004
177433303.0654,5.300000000000003,0.30000000000000004
177433305.0654,5.300000000000003,0.30000000000000004
177433307.0654,5.300000000000003,0.30000000000000004
177433309.0654,5.300000000000003,0.30000000000000004
177433311.0654,5.300000000000003,0.30000000000000004
177433313.0654,5.300000000000003,0.30000000000000004
177433315.0654,5.300000000000003,0.30000000000000004
177433317.0654,5.300000000000003,0.30000000000000004
177433319.0654,5.300000000000003,0.30000000000000004
177433321.0654,5.300000000000003,0.30000000000000004
177433323.0654,5.300000000000003,0.30000000000000004
177433325.0654,5.300000000000003,0.30000000000000004
177433327.0654,5.300000000000003,0.30000000000000004
177433329.0654,5.300000000000003,0.30000000000000004
177433331.0654,5.300000000000003,0.30000000000000004
177433333.0654,5.300000000000003,0.30000000000000004
177433335.0654,5.300000000000003,0.30000000000000004
177433337.0654,5.300000000000003,0.30000000000000004
177433339.0654,5.300000000000003,0.30000000000000004
177433341.0654,5.300000000000003,0.30000000000000004
177433343.0654,5.300000000000003,0.30000000000000004
177433345.0654,5.300000000000003,0.30000000000000004
177433347.0654,5.300000000000003,0.30000000000000004
177433349.0654,5.300000000000003,0.30000000000000004
177433351.0654,5.300000000000003,0.30000000000000004
177433353.0654,5.300000000000003,0.30000000000000004
177433355.0654,5.300000000000003,0.30000000000000004
177433357.0654,5.300000000000003,0.30000000000000004
177433359.0654,5.300000000000003,0.30000000000000004
177433361.0654,5.300000000000003,0.30000000000000004
177433363.0654,5.300000000000003,0.30000000000000004
177433365.0654,5.300000000000003,0.30000000000000004
177433367.0654,5.300000000000003,0.30000000000000004
177433369.0654,5.300000000000003,0.30000000000000004
177433371.0654,5.300000000000003,0.30000000000000004
177433373.0654,5.300000000000003,0.30000000000000004
177433375.0654,5.300000000000003,0.30000000000000004
177433377.0654,5.300000000000003,0.30000000000000004
177433379.0654,5.300000000000003,0.30000000000000004
177433381.0654,5.300000000000003,0.30000000000000004
177433383.0654,5.300000000000003,0.30000000000000004
177433385.0654,5.300000000000003,0.30000000000000004
177433387.0654,5.300000000000003,0.30000000000000004
177433389.0654,5.300000000000003,0.30000000000000004
177433391.0654,5.300000000000003,0.30000000000000004
177433393.0654,5.300000000000003,0.30000000000000004
177433395.0654,5.300000000000003,0.30000000000000004
177433397.0654,5.300000000000003,0.30000000000000004
177433399.0654,5.300000000000003,0.30000000000000004
177433401.0654,5.300000000000003,0.30000000000000004
177433403.0654,5.300000000000003,0.30000000000000004
177433405.0654,5.300000000000003,0.30000000000000004
177433407.0654,5.300000000000003,0.30000000000000004
177433409.0654,5.300000000000003,0.30000000000000004
177433411.0654,5.300000000000003,0.30000000000000004
177433413.0654,5.300000000000003,0.30000000000000004
177433415.0654,5.300000000000003,0.30000000000000004
177433417.0654,5.300000000000003,0.30000000000000004
177433419.0654,5.300000000000003,0.30000000000000004
177433421.0654,5.300000000000003,0.30000000000000004
177433423.0654,5.300000000000003,0.30000000000000004
177433425.0654,5.300000000000003,0.30000000000000004
177433427.0654,5.300000000000003,0.30000000000000004
177433429.0654,5.300000000000003,0.30000000000000004
177433431.0654,5.300000000000003,0.30000000000000004
177433433.0654,5.300000000000003,0.30000000000000004
177433435.0654,5.300000000000003,0.30000000000000004
177433437.0654,5.300000000000003,0.30000000000000004
177433439.0654,5.300000000000003,0.30000000000000004
177433441.0654,5.300000000000003,0.30000000000000004
177433443.0654,5.300000000000003,0.30000000000000004
177433445.0654,5.300000000000003,0.30000000000000004
177433447.0654,5.300000000000003,0.30000000000000004
177433449.0654,5.300000000000003,0.30000000000000004
177433451.0654,5.300000000000003,0.30000000000000004
177433453.0654,5.300000000000003,0.30000000000000004
177433455.0654,5.300000000000003,0.30000000000000004
177433457.0654,5.300000000000003,0.30000000000000004
177433459.0654,5.300000000000003,0.30000000000000004
177433461.0654,5.300000000000003,0.30000000000000004
177433463.0654,5.300000000000003,0.30000000000000004
177433465.0654,5.300000000000003,0.30000000000000004
177433467.0654,5.300000000000003,0.30000000000000004
177433469.0654,5.300000000000003,0.30000000000000004
177433471.0654,5.300000000000003,0.30000000000000004
177433473.0654,5.300000000000003,0.30000000000000004
177433475.0654,5.300000000000003,0.30000000000000004
177433477.0654,5.300000000000003,0.30000000000000004
177433479.0654,5.300000000000003,0.30000000000000004
177433481.0654,5.300000000000003,0.30000000000000004
177433483.0654,5.300000000000003,0.30000000000000004
177433485.0654,5.300000000000003,0.30000000000000004
177433487.0654,5.300000000000003,0.30000000000000004
177433489.0654,5.300000000000003,0.30000000000000004
177433491.0654,5.300000000000003,0.30000000000000004
177433493.0654,5.300000000000003,0.30000000000000004
177433495.0654,5.200000000000004,0.30000000000000004
177433497.0654,5.200000000000004,0.30000000000000004
177433499.0654,5.100000000000004,0.30000000000000004
177433501.0654,5.100000000000004,0.30000000000000004
177433503.0654,5.100000000000004,0.30000000000000004
177433505.0654,5.100000000000004,0.30000000000000004
177433507.0654,5.100000000000004,0.30000000000000004
177433509.0654,5.100000000000004,0.30000000000000004
177433511.0654,5.100000000000004,0.30000000000000004
177433513.0654,5.100000000000004,0.30000000000000004
177433515.0654,5.100000000000004,0.30000000000000004
177433517.0654,5.100000000000004,0.30000000000000004
177433519.0654,5.100000000000004,0.30000000000000004
177433521.0654,5.100000000000004,0.30000000000000004
177433523.0654,5.100000000000004,0.30000000000000004
177433525.0654,5.100000000000004,0.30000000000000004
177433527.0654,5.100000000000004,0.30000000000000004
177433529.0654,5.100000000000004,0.30000000000000004
177433531.0654,5.100000000000004,0.30000000000000004
177433533.0654,5.100000000000004,0.30000000000000004
177433535.0654,5.100000000000004,0.30000000000000004
177433537.0654,5.100000000000004,0.30000000000000004
177433539.0654,5.100000000000004,0.30000000000000004
177433541.0654,5.100000000000004,0.30000000000000004
177433543.0654,5.100000000000004,0.30000000000000004
177433545.0654,5.100000000000004,0.30000000000000004
177433547.0654,5.100000000000004,0.30000000000000004
177433549.0654,5.100000000000004,0.30000000000000004
177433551.0654,5.100000000000004,0.30000000000000004
177433553.0654,5.100000000000004,0.30000000000000004
177433555.0654,5.100000000000004,0.30000000000000004
177433557.0654,5.100000000000004,0.30000000000000004
177433559.0654,5.100000000000004,0.30000000000000004
177433561.0654,5.100000000000004,0.30000000000000004
177433563.0654,5.100000000000004,0.30000000000000004
177433565.0654,5.100000000000004,0.30000000000000004
177433567.0654,5.100000000000004,0.30000000000000004
177433569.0654,5.100000000000004,0.30000000000000004
177433571.0654,5.100000000000004,0.30000000000000004
177433573.0654,5.100000000000004,0.30000000000000004
177433575.0654,5.100000000000004,0.30000000000000004
177433577.0654,5.100000000000004,0.30000000000000004
177433579.0654,5.100000000000004,0.30000000000000004
177433581.0654,5.100000000000004,0.30000000000000004
177433583.0654,5.100000000000004,0.30000000000000004
177433585.0654,5.100000000000004,0.30000000000000004
177433587.0654,5.100000000000004,0.30000000000000004
177433589.0654,5.100000000000004,0.30000000000000004
177433591.0654,5.100000000000004,0.30000000000000004
177433593.0654,5.100000000000004,0.30000000000000004
177433595.0654,5.100000000000004,0.30000000000000004
177433597.0654,5.100000000000004,0.30000000000000004
177433599.0654,5.100000000000004,0.30000000000000004
177433601.0654,5.100000000000004,0.30000000000000004
177433603.0654,5.100000000000004,0.30000000000000004
177433605.0654,5.100000000000004,0.30000000000000004
177433607.0654,5.100000000000004,0.30000000000000004
177433609.0654,5.100000000000004,0.30000000000000004
177433611.0654,5.100000000000004,0.30000000000000004
177433613.0654,5.100000000000004,0.30000000000000004
177433615.0654,5.100000000000004,0.30000000000000004
177433617.0654,5.100000000000004,0.30000000000000004
177433619.0654,5.100000000000004,0.30000000000000004
177433621.0654,5.100000000000004,0.30000000000000004
177433623.0654,5.100000000000004,0.30000000000000004
177433625.0654,5.100000000000004,0.30000000000000004
177433627.0654,5.100000000000004,0.30000000000000004
177433629.0654,5.100000000000004,0.30000000000000004
177433631.0654,5.100000000000004,0.30000000000000004
177433633.0654,5.100000000000004,0.30000000000000004
177433635.0654,5.100000000000004,0.30000000000000004
177433637.0654,5.100000000000004,0.30000000000000004
177433639.0654,5.100000000000004,0.30000000000000004
177433641.0654,5.100000000000004,0.30000000000000004
177433643.0654,5.100000000000004,0.30000000000000004
177433645.0654,5.100000000000004,0.30000000000000004
177433647.0654,5.100000000000004,0.30000000000000004
177433649.0654,5.100000000000004,0.30000000000000004
177433651.0654,5.100000000000004,0.30000000000000004
177433653.0654,5.100000000000004,0.30000000000000004
177433655.0654,5.100000000000004,0.30000000000000004
177433657.0654,5.100000000000004,0.30000000000000004
177433659.0654,5.100000000000004,0.30000000000000004
177433661.0654,5.100000000000004,0.30000000000000004
177433663.0654,5.100000000000004,0.30000000000000004
177433665.0654,5.100000000000004,0.30000000000000004
177433667.0654,5.100000000000004,0.30000000000000004
177433669.0654,5.100000000000004,0.30000000000000004
177433671.0654,5.100000000000004,0.30000000000000004
177433673.0654,5.100000000000004,0.30000000000000004
177433675.0654,5.100000000000004,0.30000000000000004
177433677.0654,5.100000000000004,0.30000000000000004
177433679.0654,5.100000000000004,0.30000000000000004
177433681.0654,5.100000000000004,0.30000000000000004
177433683.0654,5.100000000000004,0.30000000000000004
177433685.0654,5.100000000000004,0.30000000000000004
177433687.0654,5.100000000000004,0.30000000000000004
177433689.0654,5.100000000000004,0.30000000000000004
177433691.0654,5.100000000000004,0.30000000000000004
177433693.0654,5.100000000000004,0.30000000000000004
177433695.0654,5.100000000000004,0.30000000000000004
177433697.0654,5.100000000000004,0.30000000000000004
177433699.0654,5.100000000000004,0.30000000000000004
177433701.0654,5.100000000000004,0.30000000000000004
177433703.0654,5.100000000000004,0.30000000000000004
177433705.0654,5.100000000000004,0.30000000000000004
177433707.0654,5.100000000000004,0.30000000000000004
177433709.0654,5.100000000000004,0.30000000000000004
177433711.0654,5.100000000000004,0.30000000000000004
177433713.0654,5.100000000000004,0.30000000000000004
177433715.0654,5.100000000000004,0.30000000000000004
177433717.0654,5.100000000000004,0.30000000000000004
177433719.0654,5.100000000000004,0.30000000000000004
177433721.0654,5.100000000000004,0.30000000000000004
177433723.0654,5.100000000000004,0.30000000000000004
177433725.0654,5.100000000000004,0.30000000000000004
177433727.0654,5.100000000000004,0.30000000000000004
177433729.0654,5.100000000000004,0.30000000000000004
177433731.0654,5.100000000000004,0.30000000000000004
177433733.0654,5.100000000000004,0.30000000000000004
177433735.0654,5.100000000000004,0.30000000000000004
177433737.0654,5.100000000000004,0.30000000000000004
177433739.0654,5.100000000000004,0.30000000000000004
177433741.0654,5.100000000000004,0.30000000000000004
177433743.0654,5.100000000000004,0.30000000000000004
177433745.0654,5.100000000000004,0.30000000000000004
177433747.0654,5.100000000000004,0.30000000000000004
177433749.0654,5.100000000000004,0.30000000000000004
177433751.0654,5.100000000000004,0.30000000000000004
177433753.0654,5.100000000000004,0.30000000000000004
177433755.0654,5.100000000000004,0.30000000000000004
177433757.0654,5.100000000000004,0.30000000000000004
177433759.0654,5.100000000000004,0.30000000000000004
177433761.0654,5.100000000000004,0.30000000000000004
177433763.0654,5.100000000000004,0.30000000000000004
177433765.0654,5.100000000000004,0.30000000000000004
177433767.0654,5.100000000000004,0.30000000000000004
177433769.0654,5.100000000000004,0.30000000000000004
177433771.0654,5.100000000000004,0.30000000000000004
177433773.0654,5.100000000000004,0.30000000000000004
177433775.0654,5.100000000000004,0.30000000000000004
177433777.0654,5.100000000000004,0.30000000000000004
177433779.0654,5.100000000000004,0.30000000000000004
177433781.0654,5.100000000000004,0.30000000000000004
177433783.0654,5.100000000000004,0.30000000000000004
177433785.0654,5.100000000000004,0.30000000000000004
177433787.0654,5.100000000000004,0.30000000000000004
177433789.0654,5.100000000000004,0.30000000000000004
177433791.0654,5.100000000000004,0.30000000000000004
177433793.0654,5.100000000000004,0.30000000000000004
177433795.0654,5.000000000000004,0.30000000000000004
177433797.0654,5.000000000000004,0.30000000000000004
177433799.0654,5.000000000000004,0.30000000000000004
177433801.0654,5.000000000000004,0.30000000000000004
177433803.0654,5.000000000000004,0.30000000000000004
177433805.0654,5.000000000000004,0.30000000000000004
177433807.0654,5.000000000000004,0.30000000000000004
177433809.0654,5.000000000000004,0.30000000000000004
177433811.0654,5.000000000000004,0.30000000000000004
177433813.0654,5.000000000000004,0.30000000000000004
177433815.0654,5.000000000000004,0.30000000000000004
177433817.0654,5.000000000000004,0.30000000000000004
177433819.0654,5.000000000000004,0.30000000000000004
177433821.0654,5.000000000000004,0.30000000000000004
177433823.0654,5.000000000000004,0.30000000000000004
177433825.0654,5.000000000000004,0.30000000000000004
177433827.0654,5.000000000000004,0.30000000000000004
177433829.0654,5.000000000000004,0.30000000000000004
177433831.0654,5.000000000000004,0.30000000000000004
177433833.0654,5.000000000000004,0.30000000000000004
177433835.0654,5.000000000000004,0.30000000000000004
177433837.0654,5.000000000000004,0.30000000000000004
177433839.0654,5.000000000000004,0.30000000000000004
177433841.0654,5.000000000000004,0.30000000000000004
177433843.0654,5.000000000000004,0.30000000000000004
177433845.0654,5.000000000000004,0.30000000000000004
177433847.0654,5.000000000000004,0.30000000000000004
177433849.0654,5.000000000000004,0.30000000000000004
177433851.0654,5.000000000000004,0.30000000000000004
177433853.0654,5.000000000000004,0.30000000000000004
177433855.0654,5.000000000000004,0.30000000000000004
177433857.0654,5.000000000000004,0.30000000000000004
177433859.0654,5.000000000000004,0.30000000000000004
177433861.0654,5.000000000000004,0.30000000000000004
177433863.0654,5.000000000000004,0.30000000000000004
177433865.0654,5.000000000000004,0.30000000000000004
177433867.0654,5.000000000000004,0.30000000000000004
177433869.0654,5.000000000000004,0.30000000000000004
177433871.0654,5.000000000000004,0.30000000000000004
177433873.0654,5.100000000000004,0.30000000000000004
177433875.0654,5.100000000000004,0.30000000000000004
177433877.0654,5.100000000000004,0.30000000000000004
177433879.0654,5.100000000000004,0.30000000000000004
177433881.0654,5.100000000000004,0.30000000000000004
177433883.0654,5.100000000000004,0.30000000000000004
177433885.0654,5.100000000000004,0.30000000000000004
177433887.0654,5.100000000000004,0.30000000000000004
177433889.0654,5.100000000000004,0.30000000000000004
177433891.0654,5.100000000000004,0.30000000000000004
177433893.0654,5.100000000000004,0.30000000000000004
177433895.0654,5.100000000000004,0.30000000000000004
177433897.0654,5.100000000000004,0.30000000000000004
177433899.0654,5.100000000000004,0.30000000000000004
177433901.0654,5.100000000000004,0.30000000000000004
177433903.0654,5.100000000000004,0.30000000000000004
177433905.0654,5.100000000000004,0.30000000000000004
177433907.0654,5.100000000000004,0.30000000000000004
177433909.0654,5.100000000000004,0.30000000000000004
177433911.0654,5.100000000000004,0.30000000000000004
177433913.0654,5.100000000000004,0.30000000000000004
177433915.0654,5.100000000000004,0.30000000000000004
177433917.0654,5.100000000000004,0.30000000000000004
177433919.0654,5.100000000000004,0.30000000000000004
177433921.0654,5.100000000000004,0.30000000000000004
177433923.0654,5.100000000000004,0.30000000000000004
177433925.0654,5.100000000000004,0.30000000000000004
177433927.0654,5.100000000000004,0.30000000000000004
177433929.0654,5.100000000000004,0.30000000000000004
177433931.0654,5.100000000000004,0.30000000000000004
177433933.0654,5.100000000000004,0.30000000000000004
177433935.0654,5.100000000000004,0.30000000000000004
177433937.0654,5.100000000000004,0.30000000000000004
177433939.0654,5.100000000000004,0.30000000000000004
177433941.0654,5.100000000000004,0.30000000000000004
177433943.0654,5.100000000000004,0.30000000000000004
177433945.0654,5.100000000000004,0.30000000000000004
177433947.0654,5.100000000000004,0.30000000000000004
177433949.0654,5.100000000000004,0.30000000000000004
177433951.0654,5.100000000000004,0.30000000000000004
177433953.0654,5.100000000000004,0.30000000000000004
177433955.0654,5.100000000000004,0.30000000000000004
177433957.0654,5.100000000000004,0.30000000000000004
177433959.0654,5.100000000000004,0.30000000000000004
177433961.0654,5.100000000000004,0.30000000000000004
177433963.0654,5.100000000000004,0.30000000000000004
177433965.0654,5.100000000000004,0.30000000000000004
177433967.0654,5.100000000000004,0.30000000000000004
177433969.0654,5.100000000000004,0.30000000000000004
177433971.0654,5.100000000000004,0.30000000000000004
177433973.0654,5.100000000000004,0.30000000000000004
177433975.0654,5.100000000000004,0.30000000000000004
177433977.0654,5.100000000000004,0.30000000000000004
177433979.0654,5.100000000000004,0.30000000000000004
177433981.0654,5.100000000000004,0.30000000000000004
177433983.0654,5.100000000000004,0.30000000000000004
177433985.0654,5.100000000000004,0.30000000000000004
177433987.0654,5.100000000000004,0.30000000000000004
177433989.0654,5.100000000000004,0.30000000000000004
177433991.0654,5.100000000000004,0.30000000000000004
177433993.0654,5.100000000000004,0.30000000000000004
177433995.0654,5.100000000000004,0.30000000000000004
177433997.0654,5.100000000000004,0.30000000000000004
177433999.0654,5.100000000000004,0.30000000000000004
177434001.0654,5.100000000000004,0.30000000000000004
177434003.0654,5.100000000000004,0.30000000000000004
177434005.0654,5.100000000000004,0.30000000000000004
177434007.0654,5.100000000000004,0.30000000000000004
177434009.0654,5.100000000000004,0.30000000000000004
177434011.0654,5.100000000000004,0.30000000000000004
177434013.0654,5.100000000000004,0.30000000000000004
177434015.0654,5.100000000000004,0.30000000000000004
177434017.0654,5.100000000000004,0.30000000000000004
177434019.0654,5.100000000000004,0.30000000000000004
177434021.0654,5.100000000000004,0.30000000000000004
177434023.0654,5.100000000000004,0.30000000000000004
177434025.0654,5.100000000000004,0.30000000000000004
177434027.0654,5.100000000000004,0.30000000000000004
177434029.0654,5.100000000000004,0.30000000000000004
177434031.0654,5.100000000000004,0.30000000000000004
177434033.0654,5.100000000000004,0.30000000000000004
177434035.0654,5.100000000000004,0.30000000000000004
177434037.0654,5.100000000000004,0.30000000000000004
177434039.0654,5.100000000000004,0.30000000000000004
177434041.0654,5.100000000000004,0.30000000000000004
177434043.0654,5.100000000000004,0.30000000000000004
177434045.0654,5.100000000000004,0.30000000000000004
177434047.0654,5.100000000000004,0.30000000000000004
177434049.0654,5.100000000000004,0.30000000000000004
177434051.0654,5.100000000000004,0.30000000000000004
177434053.0654,5.100000000000004,0.30000000000000004
177434055.0654,5.100000000000004,0.30000000000000004
177434057.0654,5.100000000000004,0.30000000000000004
177434059.0654,5.100000000000004,0.30000000000000004
177434061.0654,5.100000000000004,0.30000000000000004
177434063.0654,5.100000000000004,0.30000000000000004
177434065.0654,5.100000000000004,0.30000000000000004
177434067.0654,5.100000000000004,0.30000000000000004
177434069.0654,5.100000000000004,0.30000000000000004
177434071.0654,5.100000000000004,0.30000000000000004
177434073.0654,5.100000000000004,0.30000000000000004
177434075.0654,5.100000000000004,0.30000000000000004
177434077.0654,5.100000000000004,0.30000000000000004
177434079.0654,5.100000000000004,0.30000000000000004
177434081.0654,5.100000000000004,0.30000000000000004
177434083.0654,5.100000000000004,0.30000000000000004
177434085.0654,5.100000000000004,0.30000000000000004
177434087.0654,5.100000000000004,0.30000000000000004
177434089.0654,5.100000000000004,0.30000000000000004
177434091.0654,5.100000000000004,0.30000000000000004
177434093.0654,5.100000000000004,0.30000000000000004
177434095.0654,5.100000000000004,0.30000000000000004
177434097.0654,5.100000000000004,0.30000000000000004
177434099.0654,5.100000000000004,0.30000000000000004
177434101.0654,5.100000000000004,0.30000000000000004
177434103.0654,5.100000000000004,0.30000000000000004
177434105.0654,5.100000000000004,0.30000000000000004
177434107.0654,5.100000000000004,0.30000000000000004
177434109.0654,5.100000000000004,0.30000000000000004
177434111.0654,5.100000000000004,0.30000000000000004
177434113.0654,5.100000000000004,0.30000000000000004
177434115.0654,5.100000000000004,0.30000000000000004
177434117.0654,5.100000000000004,0.30000000000000004
177434119.0654,5.100000000000004,0.30000000000000004
177434121.0654,5.100000000000004,0.30000000000000004
177434123.0654,5.100000000000004,0.30000000000000004
177434125.0654,5.100000000000004,0.30000000000000004
177434127.0654,5.100000000000004,0.30000000000000004
177434129.0654,5.100000000000004,0.30000000000000004
177434131.0654,5.100000000000004,0.30000000000000004
177434133.0654,5.100000000000004,0.30000000000000004
177434135.0654,5.100000000000004,0.30000000000000004
177434137.0654,5.100000000000004,0.30000000000000004
177434139.0654,5.100000000000004,0.30000000000000004
177434141.0654,5.100000000000004,0.30000000000000004
177434143.0654,5.100000000000004,0.30000000000000004
177434145.0654,5.100000000000004,0.30000000000000004
177434147.0654,5.100000000000004,0.30000000000000004
177434149.0654,5.100000000000004,0.30000000000000004
177434151.0654,5.100000000000004,0.30000000000000004
177434153.0654,5.100000000000004,0.30000000000000004
177434155.0654,5.100000000000004,0.30000000000000004
177434157.0654,5.100000000000004,0.30000000000000004
177434159.0654,5.100000000000004,0.30000000000000004
177434161.0654,5.100000000000004,0.30000000000000004
177434163.0654,5.100000000000004,0.30000000000000004
177434165.0654,5.100000000000004,0.30000000000000004
177434167.0654,5.100000000000004,0.30000000000000004
177434169.0654,5.100000000000004,0.30000000000000004
177434171.0654,5.100000000000004,0.30000000000000004
177434173.0654,5.100000000000004,0.30000000000000004
177434175.0654,5.100000000000004,0.30000000000000004
177434177.0654,5.100000000000004,0.30000000000000004
177434179.0654,5.100000000000004,0.30000000000000004
177434181.0654,5.100000000000004,0.30000000000000004
177434183.0654,5.100000000000004,0.30000000000000004
177434185.0654,5.100000000000004,0.30000000000000004
177434187.0654,5.100000000000004,0.30000000000000004
177434189.0654,5.100000000000004,0.30000000000000004
177434191.0654,5.100000000000004,0.30000000000000004
177434193.0654,5.100000000000004,0.30000000000000004
177434195.0654,5.100000000000004,0.30000000000000004
177434197.0654,5.100000000000004,0.30000000000000004
177434199.0654,5.100000000000004,0.30000000000000004
177434201.0654,5.100000000000004,0.30000000000000004
177434203.0654,5.100000000000004,0.30000000000000004
177434205.0654,5.100000000000004,0.30000000000000004
177434207.0654,5.100000000000004,0.30000000000000004
177434209.0654,5.100000000000004,0.30000000000000004
177434211.0654,5.100000000000004,0.30000000000000004
177434213.0654,5.100000000000004,0.30000000000000004
177434215.0654,5.100000000000004,0.30000000000000004
177434217.0654,5.100000000000004,0.30000000000000004
177434219.0654,5.100000000000004,0.30000000000000004
177434221.0654,5.100000000000004,0.30000000000000004
177434223.0654,5.100000000000004,0.30000000000000004
177434225.0654,5.100000000000004,0.30000000000000004
177434227.0654,5.100000000000004,0.30000000000000004
177434229.0654,5.100000000000004,0.30000000000000004
177434231.0654,5.100000000000004,0.30000000000000004
177434233.0654,5.100000000000004,0.30000000000000004
177434235.0654,5.100000000000004,0.30000000000000004
177434237.0654,5.100000000000004,0.30000000000000004
177434239.0654,5.100000000000004,0.30000000000000004
177434241.0654,5.100000000000004,0.30000000000000004
177434243.0654,5.100000000000004,0.30000000000000004
177434245.0654,5.100000000000004,0.30000000000000004
177434247.0654,5.100000000000004,0.30000000000000004
177434249.0654,5.100000000000004,0.30000000000000004
177434251.0654,5.100000000000004,0.30000000000000004
177434253.0654,5.100000000000004,0.30000000000000004
177434255.0654,5.100000000000004,0.30000000000000004
177434257.0654,5.100000000000004,0.30000000000000004
177434259.0654,5.100000000000004,0.30000000000000004
177434261.0654,5.100000000000004,0.30000000000000004
177434263.0654,5.100000000000004,0.30000000000000004
177434265.0654,5.100000000000004,0.30000000000000004
177434267.0654,5.100000000000004,0.30000000000000004
177434269.0654,5.100000000000004,0.30000000000000004
177434271.0654,5.100000000000004,0.30000000000000004
177434273.0654,5.100000000000004,0.30000000000000004
177434275.0654,5.100000000000004,0.30000000000000004
177434277.0654,5.100000000000004,0.30000000000000004
177434279.0654,5.100000000000004,0.30000000000000004
177434281.0654,5.100000000000004,0.30000000000000004
177434283.0654,5.100000000000004,0.30000000000000004
177434285.0654,5.100000000000004,0.30000000000000004
177434287.0654,5.100000000000004,0.30000000000000004
177434289.0654,5.100000000000004,0.30000000000000004
177434291.0654,5.100000000000004,0.30000000000000004
177434293.0654,5.100000000000004,0.30000000000000004
177434295.0654,5.100000000000004,0.30000000000000004
177434297.0654,5.100000000000004,0.30000000000000004
177434299.0654,5.100000000000004,0.30000000000000004
177434301.0654,5.100000000000004,0.30000000000000004
177434303.0654,5.100000000000004,0.30000000000000004
177434305.0654,5.100000000000004,0.30000000000000004
177434307.0654,5.100000000000004,0.30000000000000004
177434309.0654,5.100000000000004,0.30000000000000004
177434311.0654,5.100000000000004,0.30000000000000004
177434313.0654,5.100000000000004,0.30000000000000004
177434315.0654,5.100000000000004,0.30000000000000004
177434317.0654,5.100000000000004,0.30000000000000004
177434319.0654,5.100000000000004,0.30000000000000004
177434321.0654,5.100000000000004,0.30000000000000004
177434323.0654,5.100000000000004,0.30000000000000004
177434325.0654,5.100000000000004,0.30000000000000004
177434327.0654,5.100000000000004,0.30000000000000004
177434329.0654,5.100000000000004,0.30000000000000004
177434331.0654,5.100000000000004,0.30000000000000004
177434333.0654,5.100000000000004,0.30000000000000004
177434335.0654,5.100000000000004,0.30000000000000004
177434337.0654,5.100000000000004,0.30000000000000004
177434339.0654,5.100000000000004,0.30000000000000004
177434341.0654,5.100000000000004,0.30000000000000004
177434343.0654,5.100000000000004,0.30000000000000004
177434345.0654,5.100000000000004,0.30000000000000004
177434347.0654,5.100000000000004,0.30000000000000004
177434349.0654,5.100000000000004,0.30000000000000004
177434351.0654,5.100000000000004,0.30000000000000004
177434353.0654,5.100000000000004,0.30000000000000004
177434355.0654,5.100000000000004,0.30000000000000004
177434357.0654,5.100000000000004,0.30000000000000004
177434359.0654,5.100000000000004,0.30000000000000004
177434361.0654,5.100000000000004,0.30000000000000004
177434363.0654,5.100000000000004,0.30000000000000004
177434365.0654,5.100000000000004,0.30000000000000004
177434367.0654,5.100000000000004,0.30000000000000004
177434369.0654,5.100000000000004,0.30000000000000004
177434371.0654,5.100000000000004,0.30000000000000004
177434373.0654,5.100000000000004,0.30000000000000004
177434375.0654,5.100000000000004,0.30000000000000004
177434377.0654,5.100000000000004,0.30000000000000004
177434379.0654,5.100000000000004,0.30000000000000004
177434381.0654,5.100000000000004,0.30000000000000004
177434383.0654,4.600000000000004,0.30000000000000004
177434385.0654,4.600000000000004,0.30000000000000004
177434387.0654,4.600000000000004,0.30000000000000004
177434389.0654,4.600000000000004,0.30000000000000004
177434391.0654,4.600000000000004,0.30000000000000004
177434393.0654,4.600000000000004,0.30000000000000004
177434395.0654,4.600000000000004,0.30000000000000004
177434397.0654,4.600000000000004,0.30000000000000004
177434399.0654,4.600000000000004,0.30000000000000004
177434401.0654,4.600000000000004,0.30000000000000004
177434403.0654,4.600000000000004,0.30000000000000004
177434405.0654,4.600000000000004,0.30000000000000004
177434407.0654,4.600000000000004,0.30000000000000004
177434409.0654,4.600000000000004,0.30000000000000004
177434411.0654,4.600000000000004,0.30000000000000004
177434413.0654,4.600000000000004,0.30000000000000004
177434415.0654,4.600000000000004,0.30000000000000004
177434417.0654,4.600000000000004,0.30000000000000004
177434419.0654,4.600000000000004,0.30000000000000004
177434421.0654,4.600000000000004,0.30000000000000004
177434423.0654,4.600000000000004,0.30000000000000004
177434425.0654,4.600000000000004,0.30000000000000004
177434427.0654,4.600000000000004,0.30000000000000004
177434429.0654,4.600000000000004,0.30000000000000004
177434431.0654,4.600000000000004,0.30000000000000004
177434433.0654,4.600000000000004,0.30000000000000004
177434435.0654,4.600000000000004,0.30000000000000004
177434437.0654,4.600000000000004,0.30000000000000004
177434439.0654,4.600000000000004,0.30000000000000004
177434441.0654,4.600000000000004,0.30000000000000004
177434443.0654,4.600000000000004,0.30000000000000004
177434445.0654,4.200000000000004,0.30000000000000004
177434447.0654,4.200000000000004,0.30000000000000004
177434449.0654,4.200000000000004,0.30000000000000004
177434451.0654,4.200000000000004,0.30000000000000004
177434453.0654,4.200000000000004,0.30000000000000004
177434455.0654,4.200000000000004,0.30000000000000004
177434457.0654,4.200000000000004,0.30000000000000004
177434459.0654,4.200000000000004,0.5
177434461.0654,4.200000000000004,0.3
177434463.0654,4.200000000000004,0.3
177434465.0654,4.600000000000004,0.3
177434467.0654,4.600000000000004,0.3
177434469.0654,4.600000000000004,0.3
177434471.0654,4.600000000000004,0.3
177434473.0654,4.600000000000004,0.3
177434475.0654,4.600000000000004,0.3
177434477.0654,4.600000000000004,0.3
177434479.0654,4.600000000000004,0.3
177434481.0654,4.600000000000004,0.3
177434483.0654,4.600000000000004,0.3
177434485.0654,4.600000000000004,0.3
177434487.0654,4.600000000000004,0.3
177434489.0654,4.600000000000004,0.3
177434491.0654,4.600000000000004,0.3
177434493.0654,4.600000000000004,0.3
177434495.0654,4.600000000000004,0.3
177434497.0654,4.600000000000004,0.3
177434499.0654,4.600000000000004,0.3
177434501.0654,4.600000000000004,0.3
177434503.0654,4.600000000000004,0.3
177434505.0654,4.600000000000004,0.3
177434507.0654,4.600000000000004,0.3
177434509.0654,4.600000000000004,0.3
177434511.0654,4.600000000000004,0.3
177434513.0654,4.600000000000004,0.3
177434515.0654,4.600000000000004,0.3
177434517.0654,4.600000000000004,0.3
177434519.0654,4.600000000000004,0.3
177434521.0654,4.600000000000004,0.3
177434523.0654,4.600000000000004,0.3
177434525.0654,4.600000000000004,0.3
177434527.0654,4.600000000000004,0.3
177434529.0654,4.600000000000004,0.3
177434531.0654,4.600000000000004,0.3
177434533.0654,4.600000000000004,0.3
177434535.0654,4.600000000000004,0.3
177434537.0654,4.600000000000004,0.3
177434539.0654,4.600000000000004,0.3
177434541.0654,4.600000000000004,0.3
177434543.0654,4.600000000000004,0.3
177434545.0654,4.600000000000004,0.3
177434547.0654,4.600000000000004,0.3
177434549.0654,4.600000000000004,0.3
177434551.0654,4.600000000000004,0.3
177434553.0654,4.600000000000004,0.3
177434555.0654,5.100000000000004,0.3
177434557.0654,5.100000000000004,0.3
177434559.0654,5.100000000000004,0.3
177434561.0654,5.100000000000004,0.3
177434563.0654,5.100000000000004,0.3
177434565.0654,5.100000000000004,0.3
177434567.0654,5.100000000000004,0.3
177434569.0654,5.100000000000004,0.3
177434571.0654,5.100000000000004,0.3
177434573.0654,5.100000000000004,0.3
177434575.0654,5.100000000000004,0.3
177434577.0654,5.100000000000004,0.3
177434579.0654,5.100000000000004,0.3
177434581.0654,5.100000000000004,0.3
177434583.0654,5.100000000000004,0.3
177434585.0654,5.100000000000004,0.3
177434587.0654,5.100000000000004,0.3
177434589.0654,5.100000000000004,0.3
177434591.0654,5.100000000000004,0.3
177434593.0654,5.100000000000004,0.3
177434595.0654,5.100000000000004,0.3
177434597.0654,5.100000000000004,0.3
177434599.0654,5.100000000000004,0.3
177434601.0654,5.100000000000004,0.3
177434603.0654,5.100000000000004,0.3
177434605.0654,5.100000000000004,0.3
177434607.0654,5.100000000000004,0.3
177434609.0654,5.100000000000004,0.3
177434611.0654,5.100000000000004,0.3
177434613.0654,5.100000000000004,0.3
177434615.0654,5.100000000000004,0.3
177434617.0654,5.100000000000004,0.3
177434619.0654,5.100000000000004,0.3
177434621.0654,5.100000000000004,0.3
177434623.0654,5.100000000000004,0.3
177434625.0654,5.100000000000004,0.3
177434627.0654,5.100000000000004,0.3
177434629.0654,5.100000000000004,0.3
177434631.0654,5.100000000000004,0.3
177434633.0654,5.100000000000004,0.3
177434635.0654,5.100000000000004,0.3
177434637.0654,5.100000000000004,0.3
177434639.0654,5.100000000000004,0.3
177434641.0654,5.100000000000004,0.3
177434643.0654,5.100000000000004,0.3
177434645.0654,5.100000000000004,0.3
177434647.0654,5.100000000000004,0.3
177434649.0654,5.100000000000004,0.3
177434651.0654,5.100000000000004,0.3
177434653.0654,5.100000000000004,0.3
177434655.0654,5.100000000000004,0.3
177434657.0654,5.100000000000004,0.3
177434659.0654,5.100000000000004,0.4
177434661.0654,5.100000000000004,0.4
177434663.0654,5.100000000000004,0.4
177434665.0654,5.100000000000004,0.4
177434667.0654,5.100000000000004,0.4
177434669.0654,5.100000000000004,0.4
177434671.0654,5.100000000000004,0.4
177434673.0654,5.100000000000004,0.4
177434675.0654,5.100000000000004,0.4
177434677.0654,5.100000000000004,0.4
177434679.0654,5.100000000000004,0.4
177434681.0654,5.100000000000004,0.4
177434683.0654,5.100000000000004,0.4
177434685.0654,5.100000000000004,0.4
177434687.0654,5.100000000000004,0.4
177434689.0654,5.100000000000004,0.4
177434691.0654,5.100000000000004,0.4
177434693.0654,5.100000000000004,0.4
177434695.0654,5.100000000000004,0.4
177434697.0654,5.100000000000004,0.4
177434699.0654,5.100000000000004,0.4
177434701.0654,5.100000000000004,0.5
177434703.0654,5.100000000000004,0.5
177434705.0654,5.100000000000004,0.5
177434707.0654,5.100000000000004,0.6
177434709.0654,5.100000000000004,0.6
177434711.0654,5.100000000000004,0.6
177434713.0654,5.100000000000004,0.6
177434715.0654,5.100000000000004,0.6
177434717.0654,5.100000000000004,0.6
177434719.0654,5.100000000000004,0.6
177434721.0654,5.100000000000004,0.6
177434723.0654,5.100000000000004,0.6
177434725.0654,5.100000000000004,0.6
177434727.0654,5.100000000000004,0.6
177434729.0654,5.100000000000004,0.6
177434731.0654,5.100000000000004,0.6
177434733.0654,5.100000000000004,0.6
177434735.0654,5.100000000000004,0.6
177434737.0654,5.100000000000004,0.6
177434739.0654,5.100000000000004,0.6
177434741.0654,5.100000000000004,0.6
177434743.0654,5.100000000000004,0.6
177434745.0654,5.100000000000004,0.6
177434747.0654,5.100000000000004,0.6
177434749.0654,5.100000000000004,0.6
177434751.0654,5.100000000000004,0.6
177434753.0654,5.100000000000004,0.6
177434755.0654,5.100000000000004,0.6
177434757.0654,5.100000000000004,0.6
177434759.0654,5.100000000000004,0.6
177434761.0654,5.100000000000004,0.6
177434763.0654,5.100000000000004,0.6
177434765.0654,5.100000000000004,0.6
177434767.0654,5.100000000000004,0.6
177434769.0654,5.100000000000004,0.6
177434771.0654,5.100000000000004,0.6
177434773.0654,5.000000000000004,0.6
177434775.0654,5.000000000000004,0.6
177434777.0654,5.000000000000004,0.7
177434779.0654,5.000000000000004,0.7
177434781.0654,5.000000000000004,0.7
177434783.0654,5.000000000000004,0.7
177434785.0654,5.000000000000004,0.6
177434787.0654,4.900000000000005,0.6
177434789.0654,4.900000000000005,0.6
177434791.0654,4.900000000000005,0.6
177434793.0654,4.900000000000005,0.6
177434795.0654,4.900000000000005,0.6
177434797.0654,4.900000000000005,0.6
177434799.0654,4.900000000000005,0.6
177434801.0654,4.900000000000005,0.6
177434803.0654,4.900000000000005,0.6
177434805.0654,4.900000000000005,0.6
177434807.0654,4.900000000000005,0.6
177434809.0654,4.900000000000005,0.6
177434811.0654,4.900000000000005,0.6
177434813.0654,4.900000000000005,0.6
177434815.0654,4.900000000000005,0.6
177434817.0654,4.900000000000005,0.6
177434819.0654,4.900000000000005,0.6
177434821.0654,4.900000000000005,0.6
177434823.0654,4.900000000000005,0.6
177434825.0654,4.900000000000005,0.6
177434827.0654,4.900000000000005,0.6
177434829.0654,4.900000000000005,0.6
177434831.0654,4.900000000000005,0.6
177434833.0654,4.900000000000005,0.6
177434835.0654,4.900000000000005,0.6
177434837.0654,4.900000000000005,0.6
177434839.0654,4.900000000000005,0.6
177434841.0654,4.900000000000005,0.6
177434843.0654,4.900000000000005,0.6
177434845.0654,4.900000000000005,0.6
177434847.0654,4.900000000000005,0.6
177434849.0654,4.900000000000005,0.6
177434851.0654,4.900000000000005,0.6
177434853.0654,4.900000000000005,0.6
177434855.0654,4.900000000000005,0.6
177434857.0654,4.900000000000005,0.6
177434859.0654,4.900000000000005,0.6
177434861.0654,4.900000000000005,0.6
177434863.0654,4.900000000000005,0.6
177434865.0654,4.900000000000005,0.6
177434867.0654,4.900000000000005,0.6
177434869.0654,4.900000000000005,0.6
177434871.0654,4.900000000000005,0.6
177434873.0654,4.900000000000005,0.6
177434875.0654,4.900000000000005,0.6
177434877.0654,4.900000000000005,0.6
177434879.0654,4.900000000000005,0.6
177434881.0654,4.900000000000005,0.6
177434883.0654,4.900000000000005,0.6
177434885.0654,4.900000000000005,0.39999999999999997
177434887.0654,4.900000000000005,0.39999999999999997
177434889.0654,4.900000000000005,0.39999999999999997
177434891.0654,4.900000000000005,0.39999999999999997
177434893.0654,4.900000000000005,0.39999999999999997
177434895.0654,4.900000000000005,0.39999999999999997
177434897.0654,4.900000000000005,0.39999999999999997
177434899.0654,4.900000000000005,0.39999999999999997
177434901.0654,4.900000000000005,0.39999999999999997
177434903.0654,4.900000000000005,0.39999999999999997
177434905.0654,4.900000000000005,0.39999999999999997
177434907.0654,4.900000000000005,0.39999999999999997
177434909.0654,4.900000000000005,0.39999999999999997
177434911.0654,4.900000000000005,0.39999999999999997
177434913.0654,4.900000000000005,0.39999999999999997
177434915.0654,4.900000000000005,0.39999999999999997
177434917.0654,4.900000000000005,0.39999999999999997
177434919.0654,4.900000000000005,0.39999999999999997
177434921.0654,4.900000000000005,0.39999999999999997
177434923.0654,4.900000000000005,0.39999999999999997
177434925.0654,4.900000000000005,0.39999999999999997
177434927.0654,4.900000000000005,0.39999999999999997
177434929.0654,4.900000000000005,0.5
177434931.0654,4.900000000000005,0.5
177434933.0654,4.900000000000005,0.5
177434935.0654,4.900000000000005,0.4
177434937.0654,4.900000000000005,0.4
177434939.0654,4.900000000000005,0.4
177434941.0654,4.900000000000005,0.4
177434943.0654,4.900000000000005,0.4
177434945.0654,4.900000000000005,0.4
177434947.0654,4.900000000000005,0.4
177434949.0654,5.000000000000004,0.4
177434951.0654,5.000000000000004,0.4
177434953.0654,5.000000000000004,0.4
177434955.0654,5.000000000000004,0.4
177434957.0654,5.000000000000004,0.4
177434959.0654,5.000000000000004,0.4
177434961.0654,5.000000000000004,0.4
177434963.0654,5.000000000000004,0.4
177434965.0654,5.000000000000004,0.4
177434967.0654,5.000000000000004,0.4
177434969.0654,5.000000000000004,0.4
177434971.0654,5.000000000000004,0.4
177434973.0654,5.000000000000004,0.4
177434975.0654,5.000000000000004,0.4
177434977.0654,5.000000000000004,0.4
177434979.0654,5.000000000000004,0.4
177434981.0654,5.000000000000004,0.4
177434983.0654,5.000000000000004,0.4
177434985.0654,5.000000000000004,0.4
177434987.0654,5.000000000000004,0.4
177434989.0654,5.000000000000004,0.4
177434991.0654,5.000000000000004,0.4
177434993.0654,5.000000000000004,0.4
177434995.0654,5.000000000000004,0.4
177434997.0654,5.000000000000004,0.4
177434999.0654,5.000000000000004,0.4
177435001.0654,5.000000000000004,0.4
177435003.0654,5.000000000000004,0.4
177435005.0654,5.000000000000004,0.4
177435007.0654,5.000000000000004,0.4
177435009.0654,5.000000000000004,0.4
177435011.0654,5.000000000000004,0.4
177435013.0654,5.000000000000004,0.4
177435015.0654,5.000000000000004,0.4
177435017.0654,5.000000000000004,0.4
177435019.0654,5.000000000000004,0.4
177435021.0654,5.000000000000004,0.4
177435023.0654,5.000000000000004,0.4
177435025.0654,5.000000000000004,0.4
177435027.0654,5.000000000000004,0.4
177435029.0654,5.000000000000004,0.4
177435031.0654,5.000000000000004,0.4
177435033.0654,5.000000000000004,0.4
177435035.0654,5.000000000000004,0.4
177435037.0654,5.000000000000004,0.4
177435039.0654,5.000000000000004,0.4
177435041.0654,5.000000000000004,0.4
177435043.0654,5.000000000000004,0.4
177435045.0654,5.000000000000004,0.4
177435047.0654,5.000000000000004,0.4
177435049.0654,4.900000000000005,0.4
177435051.0654,4.900000000000005,0.4
177435053.0654,4.800000000000005,0.4
177435055.0654,4.800000000000005,0.4
177435057.0654,4.800000000000005,0.4
177435059.0654,4.800000000000005,0.4
177435061.0654,4.800000000000005,0.4
177435063.0654,4.800000000000005,0.4
177435065.0654,4.800000000000005,0.4
177435067.0654,4.800000000000005,0.4
177435069.0654,4.800000000000005,0.4
177435071.0654,4.800000000000005,0.4
177435073.0654,4.800000000000005,0.4
177435075.0654,4.800000000000005,0.4
177435077.0654,4.800000000000005,0.4
177435079.0654,4.800000000000005,0.4
177435081.0654,4.800000000000005,0.4
177435083.0654,4.800000000000005,0.4
177435085.0654,4.800000000000005,0.4
177435087.0654,4.800000000000005,0.4
177435089.0654,4.800000000000005,0.4
177435091.0654,4.800000000000005,0.4
177435093.0654,4.800000000000005,0.4
177435095.0654,4.800000000000005,0.4
177435097.0654,4.800000000000005,0.4
177435099.0654,4.800000000000005,0.4
177435101.0654,4.800000000000005,0.4
177435103.0654,4.800000000000005,0.4
177435105.0654,4.800000000000005,0.4
177435107.0654,4.800000000000005,0.4
177435109.0654,4.800000000000005,0.4
177435111.0654,4.800000000000005,0.4
177435113.0654,4.800000000000005,0.4
177435115.0654,4.800000000000005,0.4
177435117.0654,4.800000000000005,0.4
177435119.0654,4.800000000000005,0.4
177435121.0654,4.800000000000005,0.4
177435123.0654,4.800000000000005,0.4
177435125.0654,4.800000000000005,0.4
177435127.0654,4.800000000000005,0.4
177435129.0654,4.800000000000005,0.4
177435131.0654,4.800000000000005,0.4
177435133.0654,4.800000000000005,0.4
177435135.0654,4.800000000000005,0.4
177435137.0654,4.800000000000005,0.4
177435139.0654,4.800000000000005,0.4
177435141.0654,4.800000000000005,0.4
177435143.0654,4.800000000000005,0.4
177435145.0654,4.800000000000005,0.4
177435147.0654,4.800000000000005,0.4
177435149.0654,4.800000000000005,0.4
177435151.0654,4.800000000000005,0.4
177435153.0654,4.800000000000005,0.4
177435155.0654,4.800000000000005,0.4
177435157.0654,4.800000000000005,0.4
177435159.0654,4.800000000000005,0.4
177435161.0654,4.800000000000005,0.4
177435163.0654,4.7000000000000055,0.4
177435165.0654,4.7000000000000055,0.4
177435167.0654,4.7000000000000055,0.4
177435169.0654,4.7000000000000055,0.4
177435171.0654,4.7000000000000055,0.4
177435173.0654,4.7000000000000055,0.4
177435175.0654,4.7000000000000055,0.4
177435177.0654,4.7000000000000055,0.4
177435179.0654,4.7000000000000055,0.4
177435181.0654,4.7000000000000055,0.4
177435183.0654,4.7000000000000055,0.4
177435185.0654,4.7000000000000055,0.4
177435187.0654,4.7000000000000055,0.4
177435189.0654,4.7000000000000055,0.4
177435191.0654,4.7000000000000055,0.4
177435193.0654,4.7000000000000055,0.4
177435195.0654,4.7000000000000055,0.4
177435197.0654,4.7000000000000055,0.4
177435199.0654,4.7000000000000055,0.4
177435201.0654,4.7000000000000055,0.4
177435203.0654,4.7000000000000055,0.4
177435205.0654,4.7000000000000055,0.4
177435207.0654,4.7000000000000055,0.4
177435209.0654,4.7000000000000055,0.4
177435211.0654,4.7000000000000055,0.4
177435213.0654,4.7000000000000055,0.4
177435215.0654,4.7000000000000055,0.4
177435217.0654,4.7000000000000055,0.4
177435219.0654,4.7000000000000055,0.4
177435221.0654,4.7000000000000055,0.4
177435223.0654,4.7000000000000055,0.4
177435225.0654,4.7000000000000055,0.4
177435227.0654,4.7000000000000055,0.4
177435229.0654,4.7000000000000055,0.4
177435231.0654,4.7000000000000055,0.4
177435233.0654,4.7000000000000055,0.4
177435235.0654,4.7000000000000055,0.4
177435237.0654,4.7000000000000055,0.4
177435239.0654,4.7000000000000055,0.4
177435241.0654,4.7000000000000055,0.4
177435243.0654,4.7000000000000055,0.4
177435245.0654,4.7000000000000055,0.4
177435247.0654,4.7000000000000055,0.4
177435249.0654,4.7000000000000055,0.4
177435251.0654,4.7000000000000055,0.4
177435253.0654,4.7000000000000055,0.4
177435255.0654,4.7000000000000055,0.4
177435257.0654,4.7000000000000055,0.4
177435259.0654,4.7000000000000055,0.4
177435261.0654,4.7000000000000055,0.4
177435263.0654,4.7000000000000055,0.4
177435265.0654,4.7000000000000055,0.4
177435267.0654,4.7000000000000055,0.4
177435269.0654,4.7000000000000055,0.4
177435271.0654,4.7000000000000055,0.4
177435273.0654,4.7000000000000055,0.4
177435275.0654,4.7000000000000055,0.4
177435277.0654,4.7000000000000055,0.4
177435281.0654,4.7000000000000055,0.4
177435291.0654,4.7000000000000055,0.4
177435293.0654,4.7000000000000055,0.4
177435295.0654,4.7000000000000055,0.4
177435297.0654,4.7000000000000055,0.4
177435299.0654,4.7000000000000055,0.4
177435301.0654,4.7000000000000055,0.4
177435303.0654,4.7000000000000055,0.4
177435305.0654,4.7000000000000055,0.4
177435307.0654,4.7000000000000055,0.4
177435309.0654,4.7000000000000055,0.4
177435311.0654,4.7000000000000055,0.4
177435313.0654,4.7000000000000055,0.4
177435315.0654,4.7000000000000055,0.4
177435317.0654,4.7000000000000055,0.4
177435319.0654,4.7000000000000055,0.4
177435321.0654,4.7000000000000055,0.4
177435323.0654,4.7000000000000055,0.4
177435325.0654,4.7000000000000055,0.4
177435327.0654,4.7000000000000055,0.4
177435329.0654,4.7000000000000055,0.4
177435331.0654,4.7000000000000055,0.4
177435333.0654,4.7000000000000055,0.4
177435335.0654,4.7000000000000055,0.4
177435337.0654,4.7000000000000055,0.4
177435339.0654,4.7000000000000055,0.4
177435341.0654,4.7000000000000055,0.4
177435343.0654,4.7000000000000055,0.4
177435345.0654,4.7000000000000055,0.4
177435347.0654,4.7000000000000055,0.4
177435349.0654,4.7000000000000055,0.4
177435351.0654,4.7000000000000055,0.4
177435353.0654,4.7000000000000055,0.4
177435355.0654,4.7000000000000055,0.4
177435357.0654,4.7000000000000055,0.4
177435359.0654,4.7000000000000055,0.4
177435361.0654,4.7000000000000055,0.4
177435363.0654,4.7000000000000055,0.4
177435365.0654,4.7000000000000055,0.4
177435367.0654,4.7000000000000055,0.4
177435369.0654,4.7000000000000055,0.4
177435371.0654,4.7000000000000055,0.4
177435373.0654,4.7000000000000055,0.4
177435375.0654,4.7000000000000055,0.4
177435377.0654,4.7000000000000055,0.4
177435379.0654,4.7000000000000055,0.4
177435381.0654,4.7000000000000055,0.4
177435383.0654,4.7000000000000055,0.4
177435385.0654,4.7000000000000055,0.4
177435387.0654,4.7000000000000055,0.4
177435389.0654,4.7000000000000055,0.4
177435391.0654,4.7000000000000055,0.4
177435393.0654,4.7000000000000055,0.4
177435395.0654,4.7000000000000055,0.4
177435397.0654,4.7000000000000055,0.4
177435399.0654,4.7000000000000055,0.4
177435401.0654,4.7000000000000055,0.4
177435403.0654,4.7000000000000055,0.4
177435405.0654,4.7000000000000055,0.4
177435407.0654,4.7000000000000055,0.4
177435409.0654,4.7000000000000055,0.4
177435411.0654,4.7000000000000055,0.4
177435413.0654,4.7000000000000055,0.4
177435415.0654,4.7000000000000055,0.4
177435417.0654,4.7000000000000055,0.4
177435419.0654,4.7000000000000055,0.4
177435421.0654,4.7000000000000055,0.4
177435423.0654,4.7000000000000055,0.4
177435425.0654,4.7000000000000055,0.4
177435427.0654,4.7000000000000055,0.4
177435429.0654,4.7000000000000055,0.4
177435431.0654,4.7000000000000055,0.4
177435433.0654,4.7000000000000055,0.4
177435435.0654,4.7000000000000055,0.4
177435437.0654,4.7000000000000055,0.4
177435439.0654,4.7000000000000055,0.4
177435441.0654,4.7000000000000055,0.4
177435443.0654,4.7000000000000055,0.4
177435445.0654,4.7000000000000055,0.4
177435447.0654,4.7000000000000055,0.4
177435449.0654,4.7000000000000055,0.4
177435451.0654,4.7000000000000055,0.4
177435453.0654,4.7000000000000055,0.4
177435455.0654,4.7000000000000055,0.4
177435457.0654,4.7000000000000055,0.4
177435459.0654,4.7000000000000055,0.4
177435461.0654,4.7000000000000055,0.4
177435463.0654,4.7000000000000055,0.4
177435465.0654,4.7000000000000055,0.4
177435467.0654,4.7000000000000055,0.4
177435469.0654,4.7000000000000055,0.4
177435471.0654,4.7000000000000055,0.4
177435473.0654,4.7000000000000055,0.4
177435475.0654,4.7000000000000055,0.4
177435477.0654,4.7000000000000055,0.4
177435479.0654,4.7000000000000055,0.4
177435481.0654,4.7000000000000055,0.5
177435483.0654,4.7000000000000055,0.5
177435485.0654,4.7000000000000055,0.5
177435487.0654,4.7000000000000055,0.5
177435489.0654,4.7000000000000055,0.6
177435491.0654,4.7000000000000055,0.6
177435493.0654,4.7000000000000055,0.6
177435495.0654,4.7000000000000055,0.6
177435497.0654,4.7000000000000055,0.6
177435499.0654,4.7000000000000055,0.6
177435501.0654,4.7000000000000055,0.6
177435503.0654,4.7000000000000055,0.6
177435505.0654,4.7000000000000055,0.6
177435507.0654,4.7000000000000055,0.6
177435509.0654,4.7000000000000055,0.5
177435511.0654,4.7000000000000055,0.5
177435513.0654,4.7000000000000055,0.5
177435515.0654,4.7000000000000055,0.5
177435517.0654,4.7000000000000055,0.5
177435519.0654,4.7000000000000055,0.5
177435521.0654,4.7000000000000055,0.5
177435523.0654,4.7000000000000055,0.5
177435525.0654,4.7000000000000055,0.5
177435527.0654,4.7000000000000055,0.5
177435529.0654,4.7000000000000055,0.5
177435531.0654,4.7000000000000055,0.5
177435533.0654,4.7000000000000055,0.5
177435535.0654,4.7000000000000055,0.5
177435537.0654,4.7000000000000055,0.5
177435539.0654,4.600000000000006,0.5
177435541.0654,4.600000000000006,0.5
177435543.0654,4.600000000000006,0.5
177435545.0654,4.600000000000006,0.5
177435547.0654,4.600000000000006,0.4
177435549.0654,4.600000000000006,0.6000000000000001
177435551.0654,4.600000000000006,0.4000000000000001
177435553.0654,4.600000000000006,0.4000000000000001
177435555.0654,4.600000000000006,0.4000000000000001
177435557.0654,4.600000000000006,0.4000000000000001
177435559.0654,4.600000000000006,0.4000000000000001
177435561.0654,4.600000000000006,0.4000000000000001
177435563.0654,4.600000000000006,0.4000000000000001
177435565.0654,4.600000000000006,0.4000000000000001
177435567.0654,4.600000000000006,0.4000000000000001
177435569.0654,4.600000000000006,0.4000000000000001
177435571.0654,4.600000000000006,0.4000000000000001
177435573.0654,4.600000000000006,0.4000000000000001
177435575.0654,4.600000000000006,0.4000000000000001
177435577.0654,4.7000000000000055,0.4000000000000001
177435579.0654,4.7000000000000055,0.4000000000000001
177435581.0654,4.7000000000000055,0.4000000000000001
177435583.0654,4.7000000000000055,0.4000000000000001
177435585.0654,4.7000000000000055,0.4000000000000001
177435587.0654,4.7000000000000055,0.4000000000000001
177435589.0654,4.7000000000000055,0.4000000000000001
177435591.0654,4.7000000000000055,0.4000000000000001
177435593.0654,4.7000000000000055,0.4000000000000001
177435595.0654,4.600000000000006,0.4000000000000001
177435597.0654,4.600000000000006,0.4000000000000001
177435599.0654,4.600000000000006,0.4000000000000001
177435601.0654,4.600000000000006,0.4000000000000001
177435603.0654,4.600000000000006,0.4000000000000001
177435605.0654,4.600000000000006,0.4000000000000001
177435607.0654,4.600000000000006,0.4000000000000001
177435609.0654,4.600000000000006,0.4000000000000001
177435611.0654,4.600000000000006,0.4000000000000001
177435613.0654,4.600000000000006,0.4000000000000001
177435615.0654,4.600000000000006,0.4000000000000001
177435617.0654,4.600000000000006,0.4000000000000001
177435619.0654,4.600000000000006,0.4000000000000001
177435621.0654,4.600000000000006,0.4000000000000001
177435623.0654,4.600000000000006,0.4000000000000001
177435625.0654,4.600000000000006,0.4000000000000001
177435627.0654,4.600000000000006,0.4000000000000001
177435629.0654,4.600000000000006,0.4000000000000001
177435631.0654,4.600000000000006,0.4000000000000001
177435633.0654,4.600000000000006,0.4000000000000001
177435635.0654,4.600000000000006,0.4000000000000001
177435637.0654,4.600000000000006,0.4000000000000001
177435639.0654,4.600000000000006,0.4000000000000001
177435641.0654,4.600000000000006,0.4000000000000001
177435643.0654,4.600000000000006,0.4000000000000001
177435645.0654,4.600000000000006,0.4000000000000001
177435647.0654,4.600000000000006,0.4000000000000001
177435649.0654,4.600000000000006,0.4000000000000001
177435651.0654,4.600000000000006,0.4000000000000001
177435653.0654,4.600000000000006,0.4000000000000001
177435655.0654,4.600000000000006,0.4000000000000001
177435657.0654,4.600000000000006,0.4000000000000001
177435659.0654,4.600000000000006,0.4000000000000001
177435661.0654,4.600000000000006,0.4000000000000001
177435663.0654,4.600000000000006,0.4000000000000001
177435665.0654,4.600000000000006,0.4000000000000001
177435667.0654,4.600000000000006,0.4000000000000001
177435669.0654,4.600000000000006,0.4000000000000001
177435671.0654,4.600000000000006,0.4000000000000001
177435673.0654,4.600000000000006,0.4000000000000001
177435675.0654,4.600000000000006,0.4000000000000001
177435677.0654,4.600000000000006,0.4000000000000001
177435679.0654,4.600000000000006,0.4000000000000001
177435681.0654,4.600000000000006,0.4000000000000001
177435683.0654,4.600000000000006,0.4000000000000001
177435685.0654,4.600000000000006,0.4000000000000001
177435687.0654,4.600000000000006,0.4000000000000001
177435689.0654,4.600000000000006,0.4000000000000001
177435691.0654,4.600000000000006,0.4000000000000001
177435693.0654,4.600000000000006,0.4000000000000001
177435695.0654,4.600000000000006,0.4000000000000001
177435697.0654,4.600000000000006,0.4000000000000001
177435699.0654,4.600000000000006,0.4000000000000001
177435701.0654,4.600000000000006,0.4000000000000001
177435703.0654,4.600000000000006,0.4000000000000001
177435705.0654,4.600000000000006,0.4000000000000001
177435707.0654,4.600000000000006,0.4000000000000001
177435709.0654,4.600000000000006,0.4000000000000001
177435711.0654,4.600000000000006,0.4000000000000001
177435713.0654,4.600000000000006,0.4000000000000001
177435715.0654,4.600000000000006,0.4000000000000001
177435717.0654,4.600000000000006,0.4000000000000001
177435719.0654,4.600000000000006,0.4000000000000001
177435721.0654,4.600000000000006,0.4000000000000001
177435723.0654,4.600000000000006,0.4000000000000001
177435725.0654,4.7000000000000055,0.4000000000000001
177435727.0654,4.7000000000000055,0.4000000000000001
177435729.0654,4.7000000000000055,0.4000000000000001
177435731.0654,4.7000000000000055,0.4000000000000001
177435733.0654,4.7000000000000055,0.4000000000000001
177435735.0654,4.7000000000000055,0.4000000000000001
177435737.0654,4.7000000000000055,0.4000000000000001
177435739.0654,4.7000000000000055,0.4000000000000001
177435741.0654,4.7000000000000055,0.4000000000000001
177435743.0654,4.7000000000000055,0.4000000000000001
177435745.0654,4.7000000000000055,0.4000000000000001
177435747.0654,4.7000000000000055,0.4000000000000001
177435749.0654,4.7000000000000055,0.4000000000000001
177435751.0654,4.7000000000000055,0.4000000000000001
177435753.0654,4.7000000000000055,0.4000000000000001
177435755.0654,4.7000000000000055,0.4000000000000001
177435757.0654,4.7000000000000055,0.4000000000000001
177435759.0654,4.7000000000000055,0.4000000000000001
177435761.0654,4.7000000000000055,0.4000000000000001
177435763.0654,4.7000000000000055,0.4000000000000001
177435765.0654,4.7000000000000055,0.4000000000000001
177435767.0654,4.7000000000000055,0.4000000000000001
177435769.0654,4.7000000000000055,0.4000000000000001
177435771.0654,4.7000000000000055,0.4000000000000001
177435773.0654,4.7000000000000055,0.4000000000000001
177435775.0654,4.7000000000000055,0.4000000000000001
177435777.0654,4.7000000000000055,0.4000000000000001
177435779.1654,4.7000000000000055,0.4000000000000001
177435781.0654,4.7000000000000055,0.4000000000000001
177435783.0654,4.7000000000000055,0.4000000000000001
177435785.0654,4.7000000000000055,0.4000000000000001
177435787.0654,4.7000000000000055,0.4000000000000001
177435789.0654,4.7000000000000055,0.4000000000000001
177435791.0654,4.7000000000000055,0.4000000000000001
177435793.0654,4.7000000000000055,0.4000000000000001
177435795.0654,4.7000000000000055,0.4000000000000001
177435797.0654,4.7000000000000055,0.4000000000000001
177435799.0654,4.7000000000000055,0.4000000000000001
177435801.0654,4.7000000000000055,0.4000000000000001
177435803.0654,4.7000000000000055,0.4000000000000001
177435805.0654,4.7000000000000055,0.4000000000000001
177435807.0654,4.7000000000000055,0.4000000000000001
177435809.0654,4.7000000000000055,0.4000000000000001
177435811.0654,4.7000000000000055,0.4000000000000001
177435813.0654,4.7000000000000055,0.4000000000000001
177435815.0654,4.7000000000000055,0.4000000000000001
177435817.0654,4.7000000000000055,0.4000000000000001
177435819.0654,4.7000000000000055,0.4000000000000001
177435821.0654,4.7000000000000055,0.4000000000000001
177435823.0654,4.7000000000000055,0.4000000000000001
177435825.0654,4.7000000000000055,0.4000000000000001
177435827.0654,4.7000000000000055,0.4000000000000001
177435829.0654,4.7000000000000055,0.4000000000000001
177435831.0654,4.7000000000000055,0.4000000000000001
177435833.0654,4.7000000000000055,0.4000000000000001
177435835.0654,4.7000000000000055,0.4000000000000001
177435837.0654,4.7000000000000055,0.4000000000000001
177435839.0654,4.7000000000000055,0.4000000000000001
177435841.0654,4.7000000000000055,0.4000000000000001
177435843.0654,4.7000000000000055,0.4000000000000001
177435845.0654,4.7000000000000055,0.4000000000000001
177435847.0654,4.7000000000000055,0.4000000000000001
