Timestamp,Buy_Price,Sell_Price
177427431.1636,1018956.4,959108.3
177427433.1636,1018956.4,959108.3
177427435.1636,1018956.4,959108.3
177427437.1636,1018956.4,959108.3
177427439.1636,1018956.4,959108.3
177427441.1636,1018956.4,959108.3
177427443.1636,1018956.4,959108.3
177427445.1636,1018956.3,959108.2000000001
177427447.1636,1018956.3,959108.2000000001
177427449.1636,1018956.3,959108.2000000001
177427451.1636,1018956.3,959108.2000000001
177427453.1636,1018956.3,959108.2000000001
177427455.1636,1018956.3,959108.2000000001
177427457.1636,1018956.3,959108.2000000001
177427459.1636,1018956.2000000001,959108.2000000001
177427461.1636,1018956.2000000001,959108.2000000001
177427463.1636,1012971.4,959108.2000000001
177427465.1636,1012971.4,959108.2000000001
177427467.1636,1012971.3,959108.2000000001
177427469.1636,1012971.3,959108.2000000001
177427471.1636,1012971.3,959108.2000000001
177427473.1636,1012971.2000000001,959108.2000000001
177427475.1636,1012971.2000000001,959108.2000000001
177427477.1636,1012971.2000000001,959108.2000000001
177427479.1636,1012971.2000000001,959108.2000000001
177427481.1636,1012971.2000000001,959108.2000000001
177427483.1636,1012971.2000000001,959108.2000000001
177427485.1636,1012971.1000000001,959108.2000000001
177427487.1636,1018956.4000000001,959108.2000000001
177427489.1636,1018956.3000000002,959108.2000000001
177427491.1636,1018956.3000000002,959108.2000000001
177427493.1636,1018956.3000000002,959108.2000000001
177427495.1636,1018956.2000000002,959108.1000000001
177427497.1636,1018956.2000000002,959108.1000000001
177427499.1636,1018956.2000000002,959108.3
177427501.1636,1018956.2000000002,959108.3
177427503.1636,1018956.0000000002,959108.3
177427505.1636,1018956.0000000002,959108.3
177427507.1636,1018955.9000000003,959108.2000000001
177427509.1636,1018955.9000000003,959108.2000000001
177427511.1636,1018955.9000000003,959108.2000000001
177427513.1636,1018955.9000000003,959108.2000000001
177427515.1636,1018955.9000000003,959108.2000000001
177427517.1636,1018955.8000000003,959108.2000000001
177427519.1636,1018955.8000000003,959108.2000000001
177427521.1636,1018955.7000000003,959108.2000000001
177427523.1636,1018955.7000000003,959108.2000000001
177427525.1636,1018955.7000000003,959108.2000000001
177427527.1636,1018955.6000000003,959108.2000000001
177427529.1636,1018955.6000000003,959108.2000000001
177427531.1636,1018955.6000000003,959108.2000000001
177427533.1636,1018955.6000000003,959108.2000000001
177427535.1636,1018955.6000000003,959108.2000000001
177427537.1636,1018955.6000000003,959108.2000000001
177427539.1636,1018955.6000000003,959108.2000000001
177427541.1636,1018955.6000000003,959108.2000000001
177427543.1636,1018955.6000000003,959108.2000000001
177427545.1636,1018955.6000000003,959108.2000000001
177427547.1636,1018955.6000000003,959108.1000000001
177427549.1636,1018955.6000000003,959108.1000000001
177427551.1636,1018955.6000000003,959108.1000000001
177427553.1636,1018955.6000000003,959108.2000000001
177427555.1636,1018955.6000000003,959108.2000000001
177427557.1636,1018955.6000000003,959108.2000000001
177427559.1636,1018955.6000000003,959108.2000000001
177427561.1636,1018955.6000000003,959108.2000000001
177427563.1636,1018955.6000000003,959108.2000000001
177427565.1636,1018955.6000000003,959108.2000000001
177427567.1636,1018955.6000000003,959108.2000000001
177427569.1636,1018955.6000000003,959108.2000000001
177427571.1636,1018955.6000000003,959108.2000000001
177427573.1636,1018955.6000000003,959108.2000000001
177427575.1636,1018955.6000000003,959108.2000000001
177427577.1636,1018955.6000000003,959108.2000000001
177427579.1636,1018955.6000000003,959108.2000000001
177427581.1636,1018955.6000000003,959108.2000000001
177427583.1636,1018955.6000000003,959108.2000000001
177427585.1636,1018955.6000000003,959108.2000000001
177427587.1636,1018955.6000000003,959108.2000000001
177427589.1636,1018955.6000000003,959108.2000000001
177427591.1636,1018955.6000000003,959108.2000000001
177427593.1636,1018955.6000000003,959108.2000000001
177427595.1636,1018955.6000000003,959108.2000000001
177427597.1636,1018955.6000000003,959108.2000000001
177427599.1636,1018955.6000000003,959108.2000000001
177427601.1636,1018955.6000000003,959108.2000000001
177427603.1636,1018955.6000000003,959108.2000000001
177427605.1636,1018955.5000000003,959108.2000000001
177427607.1636,1018955.5000000003,959108.2000000001
177427609.1636,1018955.5000000003,959108.2000000001
177427611.1636,1018955.5000000003,959108.2000000001
177427613.1636,1018955.5000000003,959108.2000000001
177427615.1636,1018955.5000000003,959108.2000000001
177427617.1636,1018955.4000000004,959108.2000000001
177427619.1636,1018955.4000000004,959108.2000000001
177427621.1636,1018955.4000000004,959108.2000000001
177427623.1636,1018955.4000000004,959108.2000000001
177427625.1636,1018955.4000000004,959108.2000000001
177427627.1636,1018955.4000000004,959108.2000000001
177427629.1636,1018955.4000000004,959108.2000000001
177427631.1636,1018955.4000000004,959108.2000000001
177427633.1636,1018955.4000000004,959108.2000000001
177427635.1636,1018955.4000000004,959108.2000000001
177427637.1636,1018955.4000000004,959108.2000000001
177427639.1636,1018955.4000000004,959108.2000000001
177427641.1636,1018955.4000000004,959108.2000000001
177427643.1636,1018955.4000000004,959108.2000000001
177427645.1636,1018955.4000000004,959108.3
177427647.1636,1018955.4000000004,959108.3
177427649.1636,1018955.4000000004,959108.3
177427651.1636,1018955.4000000004,959108.3
177427653.1636,1018955.4000000004,959108.3
177427655.1636,1018955.3000000004,959108.3
177427657.1636,1018955.3000000004,959108.3
177427659.1636,1018955.3000000004,959108.3
177427661.1636,1018955.3000000004,959108.3
177427663.1636,1018955.3000000004,959108.3
177427665.1636,1018955.2000000004,959108.3
177427667.1636,1018955.2000000004,959108.3
177427669.1636,1018955.1000000004,959108.3
177427671.1636,1018955.7000000004,959108.3
177427673.1636,1018955.7000000004,959108.3
177427675.1636,1018955.6000000004,959108.3
177427677.1636,1018955.5000000005,959108.3
177427679.1636,1018955.7000000004,959108.3
177427681.1636,1018955.4000000004,959108.4
177427683.1636,1018955.4000000004,959108.4
177427685.1636,1018955.4000000004,959108.4
177427687.1636,1018955.4000000004,959108.4
177427689.1636,1018955.4000000004,959108.5
177427691.1636,1018955.4000000004,959108.5
177427693.1636,1018955.4000000004,959108.5
177427695.1636,1018955.4000000004,959108.5
177427697.1636,1018955.3000000004,959108.5
177427699.1636,1018955.2000000004,959108.5
177427701.1636,1018955.2000000004,959108.5
177427703.1636,1018955.2000000004,959108.2
177427705.1636,1018955.1000000004,959108.2999999999
177427707.1636,1018955.0000000005,959108.2999999999
177427709.1636,1018955.0000000005,959108.2999999999
177427711.1636,1018955.0000000005,959108.2999999999
177427713.1636,1018955.0000000005,959108.2999999999
177427715.1636,1018955.0000000005,959108.2999999999
177427717.1636,1018955.0000000005,959108.2999999999
177427719.1636,1018954.9000000005,959108.2999999999
177427721.1636,1018954.9000000005,959108.2999999999
177427723.1636,1018954.9000000005,959108.2999999999
177427725.1636,1018954.9000000005,959108.2999999999
177427727.1636,1018954.9000000005,959108.2999999999
177427729.1636,1018954.9000000005,959108.2999999999
177427731.1636,1018954.8000000005,959108.3999999999
177427733.1636,1018954.8000000005,959108.3999999999
177427735.1636,1018954.8000000005,959108.3999999999
177427737.1636,1018954.8000000005,959108.3999999999
177427739.1636,1018954.8000000005,959108.3999999999
177427741.1636,1018954.8000000005,959108.3999999999
177427743.1636,1018954.8000000005,959108.3999999999
177427745.1636,1018954.8000000005,959108.3999999999
177427747.1636,1018954.8000000005,959108.3999999999
177427749.1636,1018954.8000000005,959108.3999999999
177427751.1636,1018954.8000000005,959108.3999999999
177427753.1636,1018954.8000000005,959108.3999999999
177427755.1636,1018954.8000000005,959108.3999999999
177427757.1636,1018954.8000000005,959108.3999999999
177427759.1636,1018954.8000000005,959108.3999999999
177427761.1636,1018954.8000000005,959108.3999999999
177427763.1636,1018955.2000000005,959108.3999999999
177427765.1636,1018955.2000000005,959108.3999999999
177427767.1636,1018955.2000000005,959108.3999999999
177427769.1636,1018955.2000000005,959108.4999999999
177427771.1636,1018955.1000000006,959108.4999999999
177427773.1636,1018955.1000000006,959108.4999999999
177427775.1636,1018955.0000000006,959108.4999999999
177427777.1636,1018955.0000000006,959108.5999999999
177427779.1636,1018955.0000000006,959108.5999999999
177427781.1636,1018955.1000000006,959108.5999999999
177427783.1636,1018955.1000000006,959108.5999999999
177427785.1636,1018955.1000000006,959108.5999999999
177427787.1636,1018955.1000000006,959108.6999999998
177427789.1636,1018955.1000000006,959108.7999999998
177427791.1636,1018955.1000000006,959108.7999999998
177427793.1636,1018955.1000000006,959108.7999999998
177427795.1636,1018955.1000000006,959108.7999999998
177427797.1636,1018955.0000000006,959108.7999999998
177427799.1636,1018955.0000000006,959108.7999999998
177427801.1636,1018955.0000000006,959108.7999999998
177427805.1636,1018955.4000000006,959108.7999999998
177427807.1636,1018955.4000000006,959108.7999999998
177427809.1636,1018955.4000000006,959108.8999999998
177427811.1636,1018955.4000000006,959108.8999999998
177427813.1636,1018955.3000000006,959108.9999999998
177427815.1636,1018955.3000000006,959108.9999999998
177427817.1636,1018955.3000000006,959108.9999999998
177427819.1636,1018955.3000000006,959109.0999999997
177427821.1636,1018955.3000000006,959109.1999999997
177427823.1636,1018955.2000000007,959109.1999999997
177427825.1636,1018955.2000000007,959109.1999999997
177427827.1636,1018955.3000000006,959109.1999999997
177427829.1636,1018955.3000000006,959109.1999999997
177427831.1636,1018955.3000000006,959109.1999999997
177427833.1636,1018955.3000000006,959109.2999999997
177427835.1636,1018955.2000000007,959109.3999999997
177427837.1636,1018955.2000000007,959109.3999999997
177427839.1636,1018955.2000000007,959109.3999999997
177427841.1636,1018955.2000000007,959109.3999999997
177427843.1636,1018955.2000000007,959109.3999999997
177427845.1636,1018955.2000000007,959109.3999999997
177427847.1636,1018955.2000000007,959109.4999999997
177427849.1636,1018955.2000000007,959109.4999999997
177427851.1636,1018955.2000000007,959109.4999999997
177427853.1636,1018955.2000000007,959109.4999999997
177427855.1636,1018955.2000000007,959109.5999999996
177427857.1636,1018955.2000000007,959109.5999999996
177427859.1636,1018955.2000000007,959109.5999999996
177427861.1636,1018955.2000000007,959109.6999999996
177427863.1636,1018955.1000000007,959109.6999999996
177427865.1636,1018955.1000000007,959109.6999999996
177427867.1636,1018955.0000000007,959109.6999999996
177427869.1636,1018955.0000000007,959109.6999999996
177427871.1636,1018955.0000000007,959109.6999999996
177427873.1636,1018955.0000000007,959109.6999999996
177427875.1636,1018955.0000000007,959109.6999999996
177427877.1636,1018954.9000000007,959109.7999999996
177427879.1636,1018954.9000000007,959109.7999999996
177427881.1636,1018954.9000000007,959109.7999999996
177427883.1636,1018954.9000000007,959109.8999999996
177427885.1636,1018954.9000000007,959109.8999999996
177427887.1636,1018954.9000000007,959109.9999999995
177427889.1636,1018954.9000000007,959109.9999999995
177427891.1636,1018954.8000000007,959109.9999999995
177427893.1636,1018954.8000000007,959109.9999999995
177427895.1636,1018954.8000000007,959109.9999999995
177427897.1636,1018954.7000000008,959109.9999999995
177427899.1636,1018954.6000000008,959109.9999999995
177427901.1636,1018954.6000000008,959109.9999999995
177427903.1636,1018954.6000000008,959109.9999999995
177427905.1636,1018954.6000000008,959109.9999999995
177427907.1636,1018954.5000000008,959109.9999999995
177427909.1636,1018954.5000000008,959109.9999999995
177427911.1636,1018954.5000000008,959109.9999999995
177427913.1636,1018954.5000000008,959109.9999999995
177427915.1636,1018954.7000000008,959109.9999999995
177427917.1636,1018954.6000000008,959109.9999999995
177427919.1636,1018954.6000000008,959109.9999999995
177427921.1636,1018954.6000000008,959109.9999999995
177427923.1636,1018954.6000000008,959109.9999999995
177427925.1636,1018954.6000000008,959109.9999999995
177427927.1636,1018954.6000000008,959109.9999999995
177427929.1636,1018954.6000000008,959109.9999999995
177427931.1636,1018954.6000000008,959109.9999999995
177427933.1636,1018954.6000000008,959109.9999999995
177427935.1636,1018954.6000000008,959109.9999999995
177427937.1636,1018954.6000000008,959109.9999999995
177427939.1636,1018954.6000000008,959109.9999999995
177427941.1636,1018954.6000000008,959109.9999999995
177427943.1636,1018954.6000000008,959109.9999999995
177427945.1636,1018954.6000000008,959109.9999999995
177427947.1636,1018954.5000000008,959109.9999999995
177427949.1636,1018954.5000000008,959109.9999999995
177427951.1636,1018954.5000000008,959109.9999999995
177427953.1636,1018954.5000000008,959109.9999999995
177427955.1636,1018954.5000000008,959109.9999999995
177427957.1636,1018954.5000000008,959109.9999999995
177427959.1636,1018954.4000000008,959109.9999999995
177427961.1636,1018954.4000000008,959109.9999999995
177427963.1636,1018955.6000000008,959109.9999999995
177427965.1636,1018955.5000000008,959109.9999999995
177427967.1636,1018955.5000000008,959110.0999999995
177427969.1636,1018955.5000000008,959110.0999999995
177427971.1636,1018955.5000000008,959110.0999999995
177427973.1636,1018955.5000000008,959110.0999999995
177427975.1636,1018955.4000000008,959109.9999999995
177427977.1636,1018955.4000000008,959109.9999999995
177427979.1636,1018955.2000000009,959109.9999999995
177427981.1636,1018955.2000000009,959109.9999999995
177427983.1636,1018955.2000000009,959109.9999999995
177427985.1636,1018955.2000000009,959109.9999999995
177427987.1636,1018955.2000000009,959109.9999999995
177427989.1636,1018955.1000000009,959109.9999999995
177427991.1636,1018955.1000000009,959109.9999999995
177427993.1636,1018955.0000000009,959109.9999999995
177427995.1636,1018955.0000000009,959109.9999999995
177427997.1636,1018955.0000000009,959109.9999999995
177427999.1636,1018955.0000000009,959109.9999999995
177428001.1636,1018955.0000000009,959109.9999999995
177428003.1636,1018954.800000001,959109.9999999995
177428005.1636,1018954.700000001,959109.9999999995
177428007.1636,1018954.700000001,959109.9999999995
177428009.1636,1018954.700000001,959109.9999999995
177428011.1636,1018954.700000001,959109.9999999995
177428013.1636,1018954.500000001,959109.9999999995
177428015.1636,1018954.500000001,959110.0999999995
177428017.1636,1012970.100000001,959110.0999999995
177428019.1636,1012970.100000001,959110.1999999995
177428021.1636,1018954.800000001,959110.1999999995
177428023.1636,1018954.800000001,959110.1999999995
177428025.1636,1018954.800000001,959110.1999999995
177428027.1636,1018954.800000001,959110.1999999995
177428029.1636,1018954.800000001,959110.1999999995
177428031.1636,1018954.800000001,959110.2999999995
177428033.1636,1018954.800000001,959110.2999999995
177428035.1636,1018954.700000001,959110.2999999995
177428037.1636,1018954.700000001,959110.2999999995
177428039.1636,1018954.500000001,959110.2999999995
177428041.1636,1018954.500000001,959110.3999999994
177428043.1636,1018954.500000001,959110.3999999994
177428045.1636,1018954.500000001,959110.3999999994
177428047.1636,1018954.500000001,959110.2999999995
177428049.1636,1018954.500000001,959110.2999999995
177428051.1636,1018954.4000000011,959110.2999999995
177428053.1636,1018954.4000000011,959110.2999999995
177428055.1636,1018954.4000000011,959110.3999999994
177428057.1636,1018954.3000000011,959110.3999999994
177428059.1636,1018954.4000000011,959110.3999999994
177428061.1636,1018954.4000000011,959110.3999999994
177428063.1636,1018954.4000000011,959110.3999999994
177428065.1636,1018954.4000000011,959110.3999999994
177428067.1636,1018954.4000000011,959110.3999999994
177428069.1636,1018954.4000000011,959110.3999999994
177428071.1636,1018954.4000000011,959110.3999999994
177428073.1636,1018954.3000000011,959110.3999999994
177428075.1636,1018955.2000000011,959110.4999999994
177428077.1636,1018955.2000000011,959110.5999999994
177428079.1636,1018955.2000000011,959110.5999999994
177428081.1636,1018955.2000000011,959110.5999999994
177428083.1636,1018955.2000000011,959110.5999999994
177428085.1636,1018955.2000000011,959110.5999999994
177428087.1636,1018955.1000000011,959110.5999999994
177428089.1636,1018955.1000000011,959110.5999999994
177428091.1636,1018955.7000000011,959110.5999999994
177428093.1636,1018955.7000000011,959110.5999999994
177428095.1636,1018955.7000000011,959110.5999999994
177428097.1636,1018955.7000000011,959110.5999999994
177428099.1636,1018955.7000000011,959110.5999999994
177428101.1636,1018955.7000000011,959110.6999999994
177428103.1636,1018955.7000000011,959110.6999999994
177428105.1636,1018955.7000000011,959110.6999999994
177428107.1636,1018955.6000000011,959110.5999999994
177428109.1636,1018955.6000000011,959110.5999999994
177428111.1636,1018955.6000000011,959110.5999999994
177428113.1636,1018955.6000000011,959110.5999999994
177428115.1636,1018955.6000000011,959110.5999999994
177428117.1636,1018955.6000000011,959110.5999999994
177428119.1636,1018955.6000000011,959110.5999999994
177428121.1636,1018955.6000000011,959110.5999999994
177428123.1636,1018955.5000000012,959110.5999999994
177428125.1636,1018956.4000000012,959110.5999999994
177428127.1636,1018956.4000000012,959110.5999999994
177428129.1636,1018956.4000000012,959110.6999999994
177428131.1636,1018956.4000000012,962102.9999999994
177428133.1636,1018956.4000000012,959110.6999999994
177428135.1636,1018956.4000000012,959110.6999999994
177428137.1636,1018956.4000000012,959110.6999999994
177428139.1636,1018956.4000000012,959110.6999999994
177428141.1636,1018956.3000000012,959110.5999999994
177428143.1636,1018956.3000000012,959110.5999999994
177428145.1636,1018956.3000000012,959110.5999999994
177428147.1636,1018956.3000000012,959110.5999999994
177428149.1636,1018956.3000000012,959110.5999999994
177428151.1636,1018956.3000000012,959110.5999999994
177428153.1636,1018956.3000000012,959110.5999999994
177428155.1636,1018956.3000000012,959110.5999999994
177428157.1636,1018956.2000000012,959109.8999999994
177428159.1636,1018956.2000000012,959109.8999999994
177428161.1636,1018956.2000000012,959109.8999999994
177428163.1636,1018956.2000000012,959109.8999999994
177428165.1636,1018956.2000000012,959109.8999999994
177428167.1636,1018956.2000000012,959109.8999999994
177428169.1636,1018956.1000000013,959109.8999999994
177428171.1636,1018956.1000000013,959109.8999999994
177428173.1636,1018956.1000000013,959109.8999999994
177428175.1636,1018956.1000000013,959109.9999999994
177428177.1636,1018956.1000000013,959109.9999999994
177428179.1636,1018956.1000000013,959109.9999999994
177428181.1636,1018956.1000000013,959109.9999999994
177428183.1636,1018956.0000000013,959109.9999999994
177428185.1636,1018955.9000000013,959109.9999999994
177428187.1636,1018955.8000000013,959109.9999999994
177428189.1636,1018955.7000000014,959109.9999999994
177428191.1636,1018955.7000000014,959109.9999999994
177428193.1636,1018955.6000000014,959109.9999999994
177428195.1636,1018955.6000000014,959109.9999999994
177428197.1636,1018955.5000000014,959109.9999999994
177428199.1636,1018955.5000000014,959109.9999999994
177428201.1636,1018955.5000000014,959110.0999999994
177428203.1636,1018955.5000000014,959110.0999999994
177428205.1636,1018955.3000000014,959110.0999999994
177428207.1636,1018955.3000000014,959110.0999999994
177428209.1636,1018955.3000000014,959110.0999999994
177428211.1636,1018955.3000000014,959110.0999999994
177428213.1636,1018955.3000000014,959110.0999999994
177428215.1636,1018955.2000000015,959110.0999999994
177428217.1636,1018955.2000000015,959110.0999999994
177428219.1636,1018955.1000000015,959110.0999999994
177428221.1636,1018955.1000000015,959110.0999999994
177428223.1636,1018955.0000000015,959110.0999999994
177428225.1636,1018955.0000000015,959110.0999999994
177428227.1636,1018955.0000000015,959110.0999999994
177428229.1636,1018955.0000000015,959110.1999999994
177428231.1636,1018954.9000000015,959110.1999999994
177428233.1636,1018954.8000000016,959110.1999999994
177428235.1636,1018954.8000000016,959110.1999999994
177428237.1636,1018954.7000000016,959110.1999999994
177428239.1636,1018954.7000000016,959110.1999999994
177428241.1636,1018954.6000000016,959110.1999999994
177428243.1636,1018954.6000000016,959110.1999999994
177428245.1636,1018954.6000000016,959110.1999999994
177428247.1636,1018954.6000000016,959110.2999999993
177428249.1636,1018954.6000000016,959110.2999999993
177428251.1636,1018954.6000000016,959110.2999999993
177428253.1636,1018954.6000000016,959110.2999999993
177428255.1636,1018954.5000000016,959110.2999999993
177428257.1636,1018954.4000000017,959110.2999999993
177428259.1636,1018954.4000000017,959110.3999999993
177428261.1636,1018954.4000000017,959110.3999999993
177428263.1636,1018954.4000000017,959110.3999999993
177428265.1636,1018954.3000000017,959110.3999999993
177428267.1636,1018954.3000000017,959110.3999999993
177428269.1636,1018954.2000000017,959110.3999999993
177428271.1636,1018954.2000000017,959110.3999999993
177428273.1636,1018954.2000000017,959110.3999999993
177428275.1636,1018954.2000000017,959110.3999999993
177428277.1636,1018954.1000000017,959110.3999999993
177428279.1636,1018954.1000000017,959110.3999999993
177428281.1636,1018954.1000000017,959110.3999999993
177428283.1636,1018954.1000000017,959110.3999999993
177428285.1636,1018954.1000000017,959110.3999999993
177428287.1636,1018954.0000000017,959110.3999999993
177428289.1636,1018956.3000000018,959110.3999999993
177428291.1636,1018956.3000000018,959110.3999999993
177428293.1636,1018956.3000000018,959110.3999999993
177428295.1636,1018956.3000000018,959110.4999999993
177428297.1636,1018956.3000000018,959110.4999999993
177428299.1636,1018956.3000000018,959110.4999999993
177428301.1636,1018956.3000000018,959110.4999999993
177428303.1636,1018956.2000000018,959110.3999999993
177428305.1636,1018956.1000000018,959110.3999999993
177428307.1636,1018956.1000000018,959110.3999999993
177428309.1636,1018956.1000000018,959110.3999999993
177428311.1636,1018956.1000000018,959110.3999999993
177428313.1636,1018956.0000000019,959110.4999999993
177428315.1636,1018956.0000000019,959110.4999999993
177428317.1636,1018956.4000000019,959110.5999999993
177428319.1636,1018956.4000000019,959110.5999999993
177428321.1636,1018956.4000000019,959110.4999999993
177428323.1636,1018956.4000000019,959110.4999999993
177428325.1636,1018956.4000000019,959110.4999999993
177428327.1636,1018956.3000000019,959110.5999999993
177428329.1636,1018956.3000000019,959110.5999999993
177428331.1636,1018956.3000000019,959110.5999999993
177428333.1636,1018956.2000000019,959110.5999999993
177428335.1636,1018956.2000000019,959110.5999999993
177428337.1636,1018956.2000000019,959110.5999999993
177428339.1636,1018958.100000002,959110.5999999993
177428341.1636,1018958.000000002,959110.4999999993
177428343.1636,1018958.000000002,959110.4999999993
177428345.1636,1018958.000000002,959110.4999999993
177428347.1636,1018958.000000002,959110.3999999993
177428349.1636,1018958.000000002,959110.3999999993
177428351.1636,1012973.2000000019,959110.3999999993
177428353.1636,1018958.100000002,959110.3999999993
177428355.1636,1018958.100000002,959110.4999999993
177428357.1636,1018958.000000002,959110.4999999993
177428359.1636,1018958.000000002,959110.4999999993
177428361.1636,1018958.000000002,959110.4999999993
177428363.1636,1018957.900000002,959110.4999999993
177428365.1636,1018957.800000002,959110.4999999993
177428367.1636,1018957.800000002,959110.4999999993
177428369.1636,1018957.700000002,959110.4999999993
177428371.1636,1018957.700000002,959110.4999999993
177428373.1636,1018957.6000000021,959110.4999999993
177428375.1636,1018957.6000000021,959110.4999999993
177428377.1636,1018957.6000000021,959110.4999999993
177428379.1636,1018957.4000000021,959110.4999999993
177428381.1636,1018957.4000000021,959110.4999999993
177428383.1636,1018957.1000000021,959110.4999999993
177428385.1636,1018957.0000000021,959110.4999999993
177428387.1636,1018957.200000002,959110.4999999993
177428389.1636,1018957.1000000021,959110.4999999993
177428391.1636,1018957.1000000021,959110.4999999993
177428393.1636,1018957.6000000021,959110.5999999993
177428395.0636,1018957.5000000021,959110.5999999993
177428397.0636,1018958.1000000021,959110.5999999993
177428399.0636,1018958.1000000021,959110.6999999993
177428401.0636,1018958.0000000021,959110.6999999993
177428403.0636,1018957.8000000021,959110.6999999993
177428405.0636,1018957.8000000021,959110.6999999993
177428407.0636,1018957.8000000021,959110.6999999993
177428409.0636,1018957.7000000022,959110.6999999993
177428411.0636,1018957.7000000022,959110.6999999993
177428413.0636,1018957.7000000022,959110.6999999993
177428415.0636,1018957.6000000022,959110.6999999993
177428417.0636,1018957.4000000022,959110.6999999993
177428419.0636,1018957.4000000022,959110.6999999993
177428421.0636,1018957.4000000022,959110.6999999993
177428423.0636,1018957.3000000023,959110.4999999993
177428425.0636,1018957.2000000023,959110.4999999993
177428427.0636,1018957.2000000023,959110.4999999993
177428429.0636,1018957.2000000023,959110.4999999993
177428431.0636,1018957.1000000023,959110.5999999993
177428433.0636,1018957.1000000023,959110.5999999993
177428435.0636,1018957.0000000023,959110.5999999993
177428437.0636,1018956.9000000024,959110.4999999993
177428439.0636,1018956.8000000024,959110.3999999993
177428441.0636,1018956.8000000024,959110.3999999993
177428443.0636,1018956.8000000024,959110.3999999993
177428445.0636,1018956.6000000024,959110.3999999993
177428447.0636,1018956.6000000024,959110.3999999993
177428449.0636,1018956.6000000024,959110.4999999993
177428451.0636,1018956.6000000024,959110.4999999993
177428453.0636,1018956.6000000024,959110.4999999993
177428455.0636,1018956.4000000025,959110.4999999993
177428457.0636,1018956.4000000025,959110.4999999993
177428459.0636,1018956.4000000025,959110.4999999993
177428461.0636,1018956.4000000025,959110.4999999993
177428463.0636,1018956.3000000025,959110.4999999993
177428465.0636,1018956.3000000025,959110.4999999993
177428467.0636,1018956.3000000025,959110.4999999993
177428469.0636,1018956.3000000025,959110.4999999993
177428471.0636,1018956.3000000025,959110.4999999993
177428473.0636,1018956.2000000025,959110.4999999993
177428475.0636,1018956.3000000025,959110.4999999993
177428477.0636,1018956.3000000025,959110.5999999993
177428479.0636,1012971.7000000025,959110.5999999993
177428481.0636,1012971.6000000025,959110.5999999993
177428483.0636,1012971.4000000026,959110.5999999993
177428485.0636,1012971.5000000026,959110.5999999993
177428487.0636,1012971.5000000026,959110.5999999993
177428489.0636,1012971.5000000026,959110.5999999993
177428491.0636,1012971.5000000026,959110.5999999993
177428493.0636,1012971.6000000025,959110.5999999993
177428495.0636,1012971.6000000025,959110.6999999993
177428497.0636,1012971.6000000025,959110.6999999993
177428499.0636,1012971.6000000025,959110.6999999993
177428501.0636,1012971.5000000026,959110.6999999993
177428503.0636,1012971.5000000026,959110.6999999993
177428505.0636,1018956.9000000026,959110.6999999993
177428507.0636,1018958.1000000025,959110.5999999993
177428509.0636,1018958.1000000025,959110.5999999993
177428511.0636,1018958.1000000025,959110.5999999993
177428513.1636,1018958.1000000025,959110.5999999993
177428515.0636,1018958.1000000025,959110.5999999993
177428517.0636,1018958.1000000025,959110.5999999993
177428519.0636,1018958.0000000026,959110.5999999993
177428521.0636,1018958.0000000026,959110.5999999993
177428523.0636,1018958.0000000026,959110.5999999993
177428525.0636,1018958.0000000026,959110.5999999993
177428527.0636,1018958.0000000026,959110.5999999993
177428529.0636,1018958.1000000025,959110.5999999993
177428531.0636,1018958.1000000025,959110.6999999993
177428533.0636,1018958.1000000025,959110.6999999993
177428535.0636,1018958.1000000025,959110.6999999993
177428537.0636,1018958.1000000025,959110.6999999993
177428539.0636,1018958.1000000025,959110.6999999993
177428541.0636,1018958.1000000025,959110.6999999993
177428543.0636,1018958.1000000025,959110.6999999993
177428545.0636,1018958.0000000026,959110.6999999993
177428547.0636,1018958.0000000026,959110.6999999993
177428549.0636,1018958.0000000026,959110.6999999993
177428551.0636,1018957.9000000026,959110.5999999993
177428553.0636,1018957.9000000026,959110.6999999993
177428555.0636,1018957.9000000026,959110.6999999993
177428557.0636,1018957.9000000026,959110.6999999993
177428559.0636,1018957.9000000026,959110.6999999993
177428561.0636,1018957.9000000026,959110.6999999993
177428563.0636,1018957.9000000026,959110.6999999993
177428565.0636,1018957.9000000026,959110.6999999993
177428567.0636,1018957.9000000026,959110.6999999993
177428569.0636,1018957.9000000026,959110.6999999993
177428571.0636,1018957.9000000026,959110.6999999993
177428573.0636,1018957.9000000026,959110.6999999993
177428575.0636,1018957.9000000026,959110.6999999993
177428577.0636,1018957.9000000026,959110.6999999993
177428579.0636,1018957.9000000026,959110.6999999993
177428581.0636,1018957.9000000026,959110.6999999993
177428583.0636,1018957.9000000026,959110.6999999993
177428585.0636,1018957.9000000026,959110.6999999993
177428587.0636,1018957.9000000026,959110.6999999993
177428589.0636,1018957.9000000026,959110.7999999992
177428591.0636,1018957.9000000026,959110.7999999992
177428593.0636,1018957.9000000026,959110.8999999992
177428595.0636,1018957.9000000026,959110.8999999992
177428597.0636,1018957.9000000026,959110.8999999992
177428599.0636,1018957.9000000026,959110.8999999992
177428601.0636,1018957.9000000026,959110.9999999992
177428603.0636,1018957.9000000026,959110.9999999992
177428605.0636,1018957.9000000026,959110.9999999992
177428607.0636,1018957.9000000026,959110.9999999992
177428609.0636,1018957.7000000026,959110.9999999992
177428611.0636,1018958.0000000027,959110.8999999992
177428613.0636,1018957.9000000027,959110.8999999992
177428615.0636,1018957.9000000027,959110.8999999992
177428617.0636,1018957.9000000027,959110.8999999992
177428619.0636,1018957.8000000027,959110.9999999992
177428621.0636,1018957.8000000027,959110.9999999992
177428623.0636,1018957.7000000027,959111.0999999992
177428625.0636,1018957.6000000028,959111.1999999991
177428627.0636,1018957.7000000027,959111.0999999992
177428629.0636,1018957.6000000028,959111.1999999991
177428631.0636,1018957.5000000028,959111.1999999991
177428633.0636,1018957.5000000028,959111.1999999991
177428635.0636,1018957.4000000028,959111.1999999991
177428637.0636,1018957.3000000028,959111.1999999991
177428639.0636,1018957.3000000028,959111.1999999991
177428641.0636,1018957.2000000029,959111.1999999991
177428643.0636,1018957.2000000029,959111.1999999991
177428645.0636,1018957.2000000029,959111.1999999991
177428647.0636,1018957.2000000029,959111.1999999991
177428649.0636,1018957.1000000029,959111.1999999991
177428651.0636,1018957.0000000029,959111.1999999991
177428653.0636,1018957.0000000029,959111.0999999992
177428655.0636,1018957.0000000029,959111.1999999991
177428657.0636,1018957.0000000029,959111.1999999991
177428659.0636,1018957.0000000029,959111.1999999991
177428661.0636,1018956.9000000029,959111.1999999991
177428663.0636,1018956.800000003,959111.1999999991
177428665.0636,1018956.800000003,959111.1999999991
177428667.0636,1018956.800000003,959111.1999999991
177428669.0636,1018956.800000003,959111.1999999991
177428671.0636,1018956.800000003,959111.1999999991
177428673.0636,1018956.800000003,959111.1999999991
177428675.0636,1018956.700000003,959111.1999999991
177428677.0636,1018957.000000003,959111.1999999991
177428679.0636,1018957.000000003,959111.2999999991
177428681.0636,1018957.000000003,959111.2999999991
177428683.0636,1018957.000000003,959111.2999999991
177428685.0636,1018957.000000003,959111.2999999991
177428687.0636,1018957.000000003,959111.1999999991
177428689.0636,1018957.000000003,959111.1999999991
177428691.0636,1018957.000000003,959111.1999999991
177428693.0636,1018957.000000003,959111.2999999991
177428695.0636,1018957.000000003,959111.2999999991
177428697.0636,1018957.000000003,959111.2999999991
177428699.0636,1018957.000000003,959111.1999999991
177428701.0636,1018956.8000000031,959111.1999999991
177428703.0636,1018956.8000000031,959111.1999999991
177428705.0636,1018956.8000000031,959111.1999999991
177428707.0636,1018956.8000000031,959111.1999999991
177428709.0636,1018956.8000000031,959111.1999999991
177428711.0636,1018956.8000000031,959111.1999999991
177428713.0636,1018956.8000000031,959111.1999999991
177428715.0636,1018956.8000000031,959111.1999999991
177428717.0636,1018956.8000000031,959111.1999999991
177428719.0636,1018956.8000000031,959111.1999999991
177428721.0636,1018956.8000000031,959111.1999999991
177428723.0636,1018956.8000000031,959111.1999999991
177428725.0636,1018956.8000000031,959111.1999999991
177428727.0636,1018956.8000000031,959111.1999999991
177428729.0636,1018956.7000000031,959111.1999999991
177428731.0636,1018956.7000000031,959111.1999999991
177428733.0636,1018956.7000000031,959111.1999999991
177428735.0636,1018956.6000000031,959111.1999999991
177428737.0636,1018956.5000000031,959111.1999999991
177428739.0636,1018956.4000000032,959111.1999999991
177428741.0636,1018956.3000000032,959111.1999999991
177428742.9636,1018956.3000000032,959111.0999999992
177428744.9636,1018956.2000000032,959111.0999999992
177428746.9636,1018956.2000000032,959111.0999999992
177428748.9636,1018956.7000000032,959111.0999999992
177428750.9636,1018956.6000000032,959111.0999999992
177428752.9636,1018956.6000000032,959111.0999999992
177428754.9636,1012972.0000000033,959111.0999999992
177428756.9636,1012972.0000000033,959111.0999999992
177428758.9636,1012972.0000000033,959111.1999999991
177428760.9636,1012971.9000000033,959111.1999999991
177428762.9636,1012971.9000000033,959111.1999999991
177428764.9636,1012971.8000000033,959111.0999999992
177428766.9636,1012971.8000000033,959111.0999999992
177428768.9636,1012971.7000000033,959111.0999999992
177428770.9636,1012971.6000000034,959111.0999999992
177428772.9636,1012971.6000000034,959111.0999999992
177428774.9636,1012971.5000000034,959111.0999999992
177428776.9636,1012971.5000000034,959111.0999999992
177428778.9636,1012971.7000000033,959111.0999999992
177428780.9636,1012971.6000000034,959111.0999999992
177428782.9636,1012971.6000000034,959111.0999999992
177428784.9636,1012971.6000000034,959111.0999999992
177428786.9636,1012971.6000000034,959111.0999999992
177428788.9636,1012971.6000000034,959111.0999999992
177428790.9636,1012971.5000000034,959111.0999999992
177428792.9636,1012971.5000000034,959111.0999999992
177428794.9636,1012971.6000000034,959110.8999999992
177428796.9636,1012971.5000000034,959110.9999999992
177428798.9636,1012971.4000000034,959110.9999999992
177428800.9636,1012971.4000000034,959110.9999999992
177428802.9636,1012971.4000000034,959110.9999999992
177428804.9636,1012971.4000000034,959110.9999999992
177428806.9636,1012971.4000000034,959110.9999999992
177428808.9636,1012971.4000000034,959110.9999999992
177428810.9636,1012971.4000000034,959110.9999999992
177428812.9636,1012971.4000000034,959110.9999999992
177428814.9636,1012971.4000000034,959110.9999999992
177428816.9636,1012971.4000000034,959110.9999999992
177428818.9636,1012971.4000000034,959110.9999999992
177428820.9636,1012971.4000000034,959110.9999999992
177428822.9636,1012971.4000000034,959110.9999999992
177428824.9636,1012971.4000000034,959110.9999999992
177428826.9636,1012971.4000000034,959110.9999999992
177428828.9636,1012971.4000000034,959110.9999999992
177428830.9636,1012971.3000000034,959110.9999999992
177428832.9636,1012971.3000000034,959110.9999999992
177428834.9636,1012971.3000000034,959110.9999999992
177428836.9636,1018956.6000000035,959110.9999999992
177428838.9636,1018957.7000000034,959110.9999999992
177428840.9636,1018957.7000000034,959110.9999999992
177428842.9636,1018957.8000000034,959110.9999999992
177428844.9636,1018957.7000000034,959110.9999999992
177428846.9636,1018957.7000000034,959111.0999999992
177428848.9636,1012973.0000000035,959111.0999999992
177428850.9636,1012973.0000000035,959111.0999999992
177428852.9636,1018957.8000000035,959111.0999999992
177428854.9636,1018957.8000000035,959111.0999999992
177428856.9636,1018957.8000000035,959111.0999999992
177428858.9636,1018957.8000000035,959111.0999999992
177428860.9636,1018957.8000000035,959111.0999999992
177428862.9636,1018957.8000000035,959111.0999999992
177428864.9636,1018957.8000000035,959111.0999999992
177428866.9636,1018957.8000000035,959111.0999999992
177428868.9636,1018957.8000000035,959111.0999999992
177428870.9636,1018957.8000000035,959111.0999999992
177428872.9636,1018957.8000000035,959111.0999999992
177428874.9636,1018957.8000000035,959111.0999999992
177428876.9636,1018957.8000000035,959111.0999999992
177428878.9636,1018957.8000000035,959111.0999999992
177428880.9636,1018957.7000000036,959111.0999999992
177428882.9636,1012973.0000000036,959111.0999999992
177428884.9636,1012973.0000000036,959111.0999999992
177428886.9636,1012973.0000000036,959111.0999999992
177428888.9636,1012973.0000000036,959110.8999999992
177428890.9636,1012972.9000000036,959110.9999999992
177428892.9636,1012972.9000000036,959110.9999999992
177428894.9636,1012972.9000000036,959110.9999999992
177428896.9636,1012972.9000000036,959110.9999999992
177428898.9636,1012972.9000000036,959110.9999999992
177428900.9636,1012972.8000000037,959110.9999999992
177428902.9636,1012972.9000000036,959110.9999999992
177428904.9636,1012972.9000000036,959110.9999999992
177428906.9636,1012972.9000000036,959110.9999999992
177428908.9636,1012972.9000000036,959110.9999999992
177428910.9636,1012972.9000000036,959110.9999999992
177428912.9636,1012972.9000000036,959110.9999999992
177428914.9636,1012972.9000000036,959110.9999999992
177428916.9636,1012972.9000000036,959110.9999999992
177428918.9636,1012972.9000000036,959111.0999999992
177428920.9636,1012972.9000000036,959111.0999999992
177428922.9636,1012972.9000000036,959111.0999999992
177428924.9636,1012972.8000000037,959110.9999999992
177428926.9636,1012972.8000000037,959110.9999999992
177428928.9636,1012972.8000000037,959110.9999999992
177428930.9636,1012972.8000000037,959110.9999999992
177428932.9636,1012972.8000000037,959110.8999999992
177428934.9636,1012972.8000000037,959110.8999999992
177428936.9636,1012972.7000000037,959110.8999999992
177428938.9636,1012972.7000000037,959110.8999999992
177428940.9636,1012972.7000000037,959110.8999999992
177428942.9636,1012972.7000000037,959110.8999999992
177428944.9636,1012972.7000000037,959110.8999999992
177428946.9636,1012972.7000000037,959110.8999999992
177428948.9636,1012972.7000000037,959110.8999999992
177428950.9636,1012972.7000000037,959110.8999999992
177428952.9636,1012972.7000000037,959110.8999999992
177428954.9636,1012972.7000000037,959110.9999999992
177428956.9636,1012972.7000000037,959110.9999999992
177428958.9636,1012972.7000000037,959110.9999999992
177428960.9636,1012972.7000000037,959110.9999999992
177428962.9636,1012972.7000000037,959110.9999999992
177428964.9636,1012972.7000000037,959110.9999999992
177428966.9636,1012972.6000000037,959110.9999999992
177428968.9636,1012972.6000000037,959110.9999999992
177428970.9636,1012972.6000000037,959110.9999999992
177428972.9636,1012972.6000000037,959110.9999999992
177428974.9636,1012972.6000000037,959110.9999999992
177428976.9636,1012972.6000000037,959110.9999999992
177428978.9636,1012972.4000000037,959110.9999999992
177428980.9636,1012972.3000000038,959110.9999999992
177428982.9636,1012972.3000000038,959110.9999999992
177428984.9636,1007586.2000000038,959110.9999999992
177428986.9636,1007586.2000000038,959110.9999999992
177428988.9636,1007586.2000000038,959110.9999999992
177428990.9636,1007586.2000000038,959110.9999999992
177428992.9636,1007586.1000000038,959110.9999999992
177428994.9636,1007586.2000000038,959110.9999999992
177428996.9636,1007586.2000000038,959110.9999999992
177428998.9636,1007586.1000000038,959110.9999999992
177429000.9636,1007586.1000000038,959110.9999999992
177429002.9636,1007586.1000000038,959110.9999999992
177429004.9636,1007585.9000000039,959110.9999999992
177429006.9636,1007585.9000000039,959110.9999999992
177429008.9636,1007585.9000000039,959110.8999999992
177429010.9636,1007585.9000000039,959110.8999999992
177429012.9636,1007585.9000000039,959110.8999999992
177429014.9636,1007585.9000000039,959110.8999999992
177429016.9636,1007585.9000000039,959110.8999999992
177429018.9636,1007585.9000000039,959110.8999999992
177429020.9636,1007585.9000000039,959110.8999999992
177429022.9636,1007585.9000000039,959110.8999999992
177429024.9636,1007585.9000000039,959110.8999999992
177429026.9636,1007585.9000000039,959110.8999999992
177429028.9636,1007585.9000000039,959110.8999999992
177429030.9636,1007585.9000000039,959110.8999999992
177429032.9636,1007585.9000000039,959110.8999999992
177429034.9636,1007585.9000000039,959110.8999999992
177429036.9636,1007585.8000000039,959110.8999999992
177429038.9636,1007585.8000000039,959110.9999999992
177429040.9636,1007585.8000000039,959110.9999999992
177429042.9636,1007585.7000000039,959110.9999999992
177429044.9636,1007585.7000000039,959111.0999999992
177429046.9636,1007585.7000000039,959111.0999999992
177429048.9636,1007585.6000000039,959111.0999999992
177429050.9636,1007585.6000000039,959111.0999999992
177429052.9636,1007585.6000000039,959111.0999999992
177429054.9636,1007585.6000000039,959111.0999999992
177429056.9636,1007585.6000000039,959111.0999999992
177429058.9636,1007585.6000000039,959111.0999999992
177429060.9636,1007585.6000000039,959111.0999999992
177429062.9636,1007585.6000000039,959111.0999999992
177429065.0636,1007585.6000000039,959111.0999999992
177429066.9636,1007585.6000000039,959111.0999999992
177429068.9636,1007585.6000000039,959111.0999999992
177429070.9636,1007585.6000000039,959111.0999999992
177429072.9636,1007585.8000000039,959111.0999999992
177429074.9636,1007585.8000000039,959111.0999999992
177429076.9636,1007585.7000000039,959111.0999999992
177429078.9636,1007585.7000000039,959111.0999999992
177429080.9636,1007585.7000000039,959111.0999999992
177429082.9636,1007585.7000000039,959111.0999999992
177429084.9636,1007585.7000000039,959111.0999999992
177429086.9636,1007585.7000000039,959111.0999999992
177429088.9636,1007585.7000000039,959111.0999999992
177429090.9636,1007585.7000000039,959111.0999999992
177429092.9636,1007585.7000000039,959111.0999999992
177429094.9636,1012972.8000000039,959110.9999999992
177429096.9636,1012972.7000000039,959110.9999999992
177429098.9636,1012972.7000000039,959110.9999999992
177429100.9636,1012972.7000000039,959110.9999999992
177429102.9636,1012972.7000000039,959110.9999999992
177429104.9636,1012972.7000000039,959110.9999999992
177429106.9636,1012972.7000000039,959110.9999999992
177429108.9636,1012972.7000000039,959110.9999999992
177429110.9636,1012972.6000000039,959110.9999999992
177429112.9636,1012972.500000004,959110.9999999992
177429114.9636,1012972.400000004,959110.9999999992
177429116.9636,1012972.500000004,959110.9999999992
177429118.9636,1012972.500000004,959110.9999999992
177429120.9636,1012972.400000004,959110.9999999992
177429122.9636,1012972.400000004,959110.9999999992
177429124.9636,1012972.400000004,959110.9999999992
177429126.9636,1012972.400000004,959110.9999999992
177429128.9636,1012972.300000004,959110.9999999992
177429130.9636,1012972.300000004,959110.9999999992
177429132.9636,1012972.300000004,959110.9999999992
177429134.9636,1012972.300000004,959110.9999999992
177429136.9636,1012972.300000004,959110.9999999992
177429138.9636,1012972.300000004,959110.9999999992
177429140.9636,1012972.700000004,959110.9999999992
177429142.9636,1012972.700000004,959110.9999999992
177429144.9636,1012972.700000004,959110.9999999992
177429146.9636,1012972.700000004,959110.9999999992
177429148.9636,1012972.700000004,959110.9999999992
177429150.9636,1012972.700000004,959110.9999999992
177429152.9636,1012972.700000004,959110.9999999992
177429154.9636,1012972.700000004,959110.9999999992
177429156.9636,1012972.700000004,959110.9999999992
177429158.9636,1012972.700000004,959110.9999999992
177429160.9636,1012972.700000004,959110.9999999992
177429162.9636,1012972.800000004,959110.9999999992
177429164.9636,1012972.800000004,959111.0999999992
177429166.9636,1012972.800000004,959111.0999999992
177429168.9636,1012972.800000004,959111.1999999991
177429170.9636,1012972.800000004,959111.1999999991
177429172.9636,1012972.800000004,959111.1999999991
177429174.9636,1012972.700000004,959111.1999999991
177429176.9636,1012972.700000004,959111.1999999991
177429178.9636,1012972.700000004,959111.1999999991
177429180.9636,1012972.700000004,959111.1999999991
177429182.9636,1012972.700000004,959111.1999999991
177429184.9636,1012972.700000004,959111.1999999991
177429186.9636,1012972.700000004,959111.1999999991
177429188.9636,1012972.700000004,959111.1999999991
177429190.9636,1012972.700000004,959111.1999999991
177429192.9636,1012972.700000004,959110.9999999992
177429194.9636,1012972.700000004,959110.9999999992
177429196.9636,1012972.700000004,959110.9999999992
177429198.9636,1012972.700000004,959110.9999999992
177429200.9636,1012972.700000004,959110.9999999992
177429202.9636,1012972.700000004,959110.9999999992
177429204.9636,1012972.700000004,959110.9999999992
177429206.9636,1012972.700000004,959110.9999999992
177429208.9636,1012972.700000004,959110.9999999992
177429210.9636,1012972.700000004,959110.9999999992
177429212.9636,1012972.700000004,959110.9999999992
177429214.9636,1012972.700000004,959110.9999999992
177429216.9636,1012972.700000004,959110.9999999992
177429218.9636,1012972.700000004,959110.9999999992
177429220.9636,1012972.700000004,959110.9999999992
177429222.9636,1012972.600000004,959110.9999999992
177429224.9636,1012972.600000004,959110.9999999992
177429226.9636,1012972.600000004,959110.9999999992
177429228.9636,1012972.600000004,959110.9999999992
177429230.9636,1012972.600000004,959110.9999999992
177429232.9636,1012972.600000004,959110.9999999992
177429234.9636,1012972.600000004,959110.9999999992
177429236.9636,1012972.5000000041,959110.9999999992
177429238.9636,1012972.4000000041,959110.9999999992
177429240.9636,1012972.4000000041,959110.9999999992
177429242.9636,1012972.4000000041,959110.9999999992
177429244.9636,1012972.4000000041,959110.9999999992
177429246.9636,1012972.4000000041,959110.9999999992
177429248.9636,1012972.4000000041,959111.0999999992
177429250.9636,1012972.4000000041,959111.0999999992
177429252.9636,1012972.4000000041,959111.0999999992
177429254.9636,1012972.4000000041,959111.0999999992
177429256.9636,1012972.4000000041,959111.0999999992
177429258.9636,1012972.4000000041,959111.0999999992
177429260.9636,1012972.4000000041,959111.0999999992
177429262.9636,1012972.4000000041,959111.0999999992
177429264.9636,1012972.3000000041,959111.0999999992
177429266.9636,1012972.3000000041,959111.0999999992
177429268.9636,1012972.3000000041,959111.0999999992
177429270.9636,1012972.3000000041,959111.0999999992
177429272.9636,1012972.2000000041,959111.0999999992
177429274.9636,1012972.2000000041,959111.0999999992
177429276.9636,1012972.2000000041,959111.0999999992
177429278.9636,1012972.1000000042,959111.0999999992
177429280.9636,1012972.1000000042,959111.0999999992
177429282.9636,1012972.1000000042,959111.0999999992
177429284.9636,1012972.1000000042,959111.0999999992
177429286.9636,1012972.1000000042,959111.0999999992
177429288.9636,1012972.1000000042,959111.0999999992
177429290.9636,1012972.1000000042,959111.0999999992
177429292.9636,1012972.1000000042,959111.0999999992
177429294.9636,1012972.1000000042,959111.0999999992
177429296.9636,1012972.1000000042,959111.0999999992
177429298.9636,1012972.1000000042,959111.0999999992
177429300.9636,1012972.1000000042,959111.0999999992
177429302.9636,1012972.1000000042,959111.0999999992
177429304.9636,1012972.1000000042,959111.0999999992
177429306.9636,1012972.1000000042,959111.0999999992
177429308.9636,1012972.1000000042,959111.0999999992
177429310.9636,1012972.1000000042,959111.0999999992
177429312.9636,1018958.1000000042,959111.2999999991
177429314.9636,1018958.0000000042,959111.2999999991
177429316.9636,1018958.0000000042,959111.2999999991
177429318.9636,1018958.0000000042,959111.2999999991
177429320.9636,1018958.0000000042,959111.2999999991
177429322.9636,1018958.0000000042,959111.2999999991
177429324.9636,1018958.0000000042,959111.2999999991
177429326.9636,1018957.9000000042,959111.1999999991
177429328.9636,1018957.9000000042,959111.1999999991
177429330.9636,1018957.9000000042,959111.2999999991
177429332.9636,1018957.8000000042,959111.2999999991
177429334.9636,1018957.8000000042,959111.2999999991
177429336.9636,1018957.8000000042,959111.2999999991
177429338.9636,1018957.8000000042,959111.2999999991
177429340.9636,1018957.8000000042,959111.2999999991
177429342.9636,1018957.8000000042,959110.9999999991
177429344.9636,1018957.7000000043,959110.9999999991
177429346.9636,1018957.7000000043,959110.9999999991
177429348.9636,1018957.6000000043,959110.9999999991
177429350.9636,1018957.6000000043,959110.9999999991
177429352.9636,1018957.6000000043,959110.9999999991
177429354.9636,1018957.6000000043,959110.9999999991
177429356.9636,1018957.5000000043,959110.9999999991
177429358.9636,1018957.5000000043,959110.9999999991
177429360.9636,1018957.5000000043,959110.9999999991
177429362.9636,1018957.4000000043,959110.9999999991
177429364.9636,1018957.3000000044,959110.9999999991
177429366.9636,1018957.3000000044,959110.9999999991
177429368.9636,1018957.2000000044,959110.9999999991
177429370.9636,1018957.1000000044,959111.099999999
177429372.9636,1018957.0000000044,959111.099999999
177429374.9636,1018956.9000000044,959111.099999999
177429376.9636,1018956.8000000045,959111.099999999
177429378.9636,1018956.7000000045,959111.099999999
177429380.9636,1018956.7000000045,959111.099999999
177429382.9636,1018956.7000000045,959111.099999999
177429384.9636,1018956.5000000045,959111.099999999
177429386.9636,1018956.4000000046,959111.099999999
177429388.9636,1018956.4000000046,959111.099999999
177429390.9636,1018957.1000000045,959111.099999999
177429392.9636,1018957.1000000045,959111.099999999
177429394.9636,1018957.1000000045,959111.199999999
177429396.9636,1018957.1000000045,959111.199999999
177429398.9636,1018957.1000000045,959111.299999999
177429400.9636,1018957.1000000045,959111.299999999
177429402.9636,1018957.1000000045,959111.299999999
177429404.9636,1018957.1000000045,959111.299999999
177429406.9636,1018958.0000000045,959111.299999999
177429408.9636,1018958.0000000045,959111.299999999
177429410.9636,1018957.9000000046,959111.299999999
177429412.9636,1018957.9000000046,959111.099999999
177429414.9636,1020000.0000000045,959111.099999999
177429416.9636,1019999.9000000046,959111.099999999
177429418.9636,1019999.9000000046,959111.199999999
177429420.9636,1019999.9000000046,959111.199999999
177429422.9636,1019999.9000000046,959111.199999999
177429424.9636,1019999.9000000046,959111.199999999
177429426.9636,1019999.9000000046,959111.199999999
177429428.9636,1019999.9000000046,959111.199999999
177429430.9636,1019999.9000000046,959111.199999999
177429432.9636,1019999.9000000046,959111.199999999
177429434.9636,1019999.9000000046,959111.199999999
177429436.9636,1019999.9000000046,959111.099999999
177429438.9636,1019999.8000000046,959111.099999999
177429440.9636,1019999.8000000046,959111.099999999
177429442.9636,1019999.7000000046,959111.099999999
177429444.9636,1019999.7000000046,959111.099999999
177429446.9636,1019999.7000000046,959111.099999999
177429448.9636,1013910.8000000046,959111.099999999
177429450.9636,1013910.6000000046,959111.099999999
177429452.9636,1013910.4000000047,959111.099999999
177429454.9636,1013910.4000000047,959111.099999999
177429456.9636,1013910.3000000047,959111.099999999
177429458.9636,1013910.2000000047,959111.099999999
177429460.9636,1013910.3000000047,959111.099999999
177429462.9636,1013910.2000000047,959111.099999999
177429464.9636,1013910.2000000047,959111.099999999
177429466.9636,1013910.1000000047,959111.099999999
177429468.9636,1013910.0000000048,959110.9999999991
177429470.9636,1013910.0000000048,959110.9999999991
177429472.9636,1013910.0000000048,959111.099999999
177429474.9636,1013910.0000000048,959111.099999999
177429476.9636,1013910.1000000047,959111.099999999
177429478.9636,1013910.1000000047,959111.099999999
177429480.9636,1013910.1000000047,959111.099999999
177429482.9636,1013910.1000000047,959111.099999999
177429484.9636,1013910.1000000047,959111.099999999
177429486.9636,1013910.1000000047,959111.099999999
177429488.9636,1020000.0000000048,959111.099999999
177429490.9636,1020000.0000000048,959111.099999999
177429492.9636,1020000.0000000048,959111.099999999
177429494.9636,1020000.0000000048,959111.099999999
177429496.9636,1019999.9000000048,959111.099999999
177429498.9636,1019999.8000000048,959111.099999999
177429500.9636,1019999.8000000048,959111.099999999
177429502.9636,1019999.8000000048,959111.099999999
177429504.9636,1019999.8000000048,959111.199999999
177429506.9636,1019999.8000000048,959111.199999999
177429508.9636,1019999.8000000048,959111.199999999
177429510.9636,1019999.8000000048,959111.199999999
177429512.9636,1019999.7000000048,959111.099999999
177429514.9636,1019999.7000000048,959111.099999999
177429516.9636,1019999.7000000048,959111.099999999
177429518.9636,1019999.7000000048,959111.099999999
177429520.9636,1019999.7000000048,959111.099999999
177429522.9636,1019999.7000000048,959111.099999999
177429524.9636,1019999.6000000049,959111.099999999
177429526.9636,1019999.6000000049,959111.099999999
177429528.9636,1020000.0000000049,959111.199999999
177429530.9636,1020000.0000000049,959111.399999999
177429532.9636,1020000.0000000049,959111.399999999
177429534.9636,1020000.0000000049,959111.399999999
177429536.9636,1019999.9000000049,959111.299999999
177429538.9636,1019999.9000000049,959111.299999999
177429540.9636,1020000.0000000049,959111.299999999
177429542.9636,1020000.0000000049,959111.299999999
177429544.9636,1020000.0000000049,959111.299999999
177429546.9636,1019999.9000000049,959111.199999999
177429548.9636,1019999.9000000049,959111.199999999
177429550.9636,1019999.9000000049,959111.199999999
177429552.9636,1019999.8000000049,959111.199999999
177429554.9636,1019999.8000000049,959111.199999999
177429556.9636,1019999.8000000049,959111.199999999
177429558.9636,1019999.8000000049,959111.199999999
177429560.9636,1019999.8000000049,959111.199999999
177429562.9636,1019999.700000005,959111.199999999
177429564.9636,1019999.500000005,959111.199999999
177429566.9636,1019999.400000005,959111.199999999
177429568.9636,1019999.400000005,959111.199999999
177429570.9636,1019999.400000005,959111.199999999
177429572.9636,1019999.300000005,959111.199999999
177429574.9636,1019999.2000000051,959111.199999999
177429576.9636,1019999.2000000051,959111.199999999
177429578.9636,1019999.2000000051,959111.199999999
177429580.9636,1019999.2000000051,959111.199999999
177429582.9636,1019999.2000000051,959111.099999999
177429584.9636,1019999.1000000051,959111.199999999
177429586.9636,1019999.1000000051,959111.199999999
177429588.9636,1019999.0000000051,959111.199999999
177429590.9636,1019999.0000000051,959111.199999999
177429592.9636,1019999.0000000051,959111.199999999
177429594.9636,1019999.0000000051,959111.099999999
177429596.9636,1019998.7000000051,959111.099999999
177429598.9636,1019998.6000000051,959111.099999999
177429600.9636,1019998.7000000051,959111.099999999
177429602.9636,1019998.6000000051,959111.099999999
177429604.9636,1019998.6000000051,959111.099999999
177429606.9636,1019998.6000000051,959111.099999999
177429608.9636,1019998.4000000051,959111.099999999
177429610.9636,1019998.3000000052,959111.099999999
177429612.9636,1019998.3000000052,959111.099999999
177429614.9636,1019998.3000000052,959111.099999999
177429616.9636,1019998.2000000052,959111.099999999
177429618.9636,1019998.1000000052,959111.099999999
177429620.9636,1019998.1000000052,959111.099999999
177429622.9636,1019998.1000000052,959111.099999999
177429624.9636,1019999.3000000052,959111.099999999
177429626.9636,1019999.3000000052,959111.099999999
177429628.9636,1019999.3000000052,959111.199999999
177429630.9636,1019999.3000000052,959111.199999999
177429632.9636,1019999.2000000052,959111.199999999
177429634.9636,1019999.2000000052,959111.199999999
177429636.9636,1019999.2000000052,959111.199999999
177429638.9636,1019999.2000000052,959111.199999999
177429640.9636,1019999.2000000052,959111.199999999
177429642.9636,1019999.2000000052,959111.199999999
177429644.9636,1019999.2000000052,959111.099999999
177429646.9636,1019999.2000000052,959111.099999999
177429648.9636,1019999.2000000052,959111.099999999
177429650.9636,1019999.1000000052,959111.099999999
177429652.9636,1019999.2000000052,959111.099999999
177429654.9636,1019999.3000000052,959111.099999999
177429656.9636,1019999.3000000052,959111.199999999
177429658.9636,1019999.3000000052,959111.199999999
177429660.9636,1019999.3000000052,959111.199999999
177429662.9636,1019999.3000000052,959111.199999999
177429664.9636,1019999.3000000052,959111.199999999
177429666.9636,1019999.3000000052,959111.199999999
177429668.9636,1019999.3000000052,959111.199999999
177429670.9636,1019999.3000000052,959111.199999999
177429672.9636,1019999.3000000052,959111.199999999
177429674.9636,1019999.3000000052,959111.199999999
177429676.9636,1019999.2000000052,959111.099999999
177429678.9636,1019999.1000000052,959111.099999999
177429680.9636,1019999.1000000052,959111.099999999
177429682.9636,1019999.0000000052,959111.099999999
177429684.9636,1019999.0000000052,959111.099999999
177429686.9636,1019999.0000000052,959111.099999999
177429688.9636,1019999.0000000052,959111.099999999
177429690.9636,1019999.0000000052,959111.099999999
177429692.9636,1019999.0000000052,959111.199999999
177429694.9636,1019999.0000000052,959111.199999999
177429696.9636,1019999.0000000052,959111.199999999
177429698.9636,1019998.9000000053,959111.199999999
177429700.9636,1019998.8000000053,959111.099999999
177429702.9636,1019998.8000000053,959110.9999999991
177429704.9636,1019998.8000000053,959110.9999999991
177429706.9636,1019998.8000000053,959110.9999999991
177429708.9636,1019998.7000000053,959110.9999999991
177429710.9636,1019998.7000000053,959110.9999999991
177429712.9636,1019998.7000000053,959110.9999999991
177429714.9636,1019998.7000000053,959110.9999999991
177429716.9636,1019998.7000000053,959110.9999999991
177429718.9636,1019998.6000000053,959110.9999999991
177429720.9636,1019998.5000000054,959110.9999999991
177429722.9636,1019998.5000000054,959110.9999999991
177429724.9636,1019998.4000000054,959110.9999999991
177429726.9636,1019998.4000000054,959110.9999999991
177429728.9636,1019998.3000000054,959110.9999999991
177429730.9636,1019998.2000000054,959110.9999999991
177429732.9636,1019998.2000000054,959110.9999999991
177429734.9636,1019998.2000000054,959110.9999999991
177429736.9636,1019998.1000000054,959110.9999999991
177429738.9636,1019998.1000000054,959110.9999999991
177429740.9636,1019998.1000000054,959110.9999999991
177429742.9636,1019998.1000000054,959110.9999999991
177429744.9636,1019998.1000000054,959110.9999999991
177429746.9636,1019998.1000000054,959111.099999999
177429748.9636,1019998.1000000054,959111.099999999
177429750.9636,1013909.4000000055,959111.099999999
177429752.9636,1013909.4000000055,959111.199999999
177429754.9636,1013909.3000000055,959111.199999999
177429756.9636,1013909.2000000055,959111.199999999
177429758.9636,1013909.2000000055,959111.199999999
177429760.9636,1013909.1000000056,959111.199999999
177429762.9636,1013909.1000000056,959111.199999999
177429764.9636,1013909.0000000056,959111.199999999
177429766.9636,1013908.9000000056,959111.199999999
177429768.9636,1013908.8000000056,959111.199999999
177429770.9636,1013908.7000000057,959111.199999999
177429772.9636,1013908.6000000057,959111.199999999
177429774.9636,1013908.6000000057,959111.199999999
177429776.9636,1013908.5000000057,959111.199999999
177429778.9636,1013908.6000000057,959111.199999999
177429780.9636,1013908.6000000057,959111.199999999
177429782.9636,1013908.6000000057,959111.199999999
177429784.9636,1013908.6000000057,959111.199999999
177429786.9636,1013908.6000000057,959111.199999999
177429788.9636,1013908.6000000057,959111.199999999
177429790.9636,1013908.6000000057,959111.199999999
177429792.9636,1013908.6000000057,959111.199999999
177429794.9636,1013908.6000000057,959111.199999999
177429796.9636,1013908.6000000057,959110.9999999991
177429798.9636,1013908.4000000057,959110.9999999991
177429800.9636,1013908.5000000057,959110.9999999991
177429802.9636,1013908.4000000057,959110.9999999991
177429804.9636,1013908.4000000057,959111.099999999
177429806.9636,1013908.3000000058,959110.9999999991
177429808.9636,1013908.3000000058,959110.9999999991
177429810.9636,1013908.3000000058,959110.9999999991
177429812.9636,1013908.4000000057,959110.9999999991
177429814.9636,1013908.3000000058,959110.9999999991
177429816.9636,1013908.1000000058,959110.9999999991
177429818.9636,1013908.1000000058,959110.9999999991
177429820.9636,1013908.1000000058,959110.9999999991
177429822.9636,1013908.0000000058,959110.9999999991
177429824.9636,1013907.9000000058,959110.9999999991
177429826.9636,1013907.9000000058,959110.9999999991
177429828.9636,1013907.9000000058,959110.9999999991
177429830.9636,1008428.2000000059,959110.9999999991
177429832.9636,1013909.3000000059,959110.9999999991
177429834.9636,1008429.5000000058,959110.9999999991
177429836.9636,1008429.5000000058,959110.9999999991
177429838.9636,1008429.5000000058,959110.9999999991
177429840.9636,1008429.5000000058,959110.9999999991
177429842.9636,1008429.5000000058,959110.9999999991
177429844.9636,1008429.5000000058,959110.9999999991
177429846.9636,1008429.5000000058,959111.099999999
177429848.9636,1008429.5000000058,959111.099999999
177429850.9636,1008429.5000000058,959111.199999999
177429852.9636,1013909.4000000058,959111.199999999
177429854.9636,1013909.4000000058,959111.199999999
177429856.9636,1019998.3000000059,959111.199999999
177429858.9636,1019998.2000000059,959111.199999999
177429860.9636,1019998.2000000059,959111.199999999
177429862.9636,1019998.2000000059,959110.9999999991
177429864.9636,1019998.2000000059,959110.9999999991
177429866.9636,1019998.2000000059,959110.9999999991
177429868.9636,1019998.1000000059,959110.9999999991
177429870.9636,1019998.1000000059,959111.099999999
177429872.9636,1019998.1000000059,959111.099999999
177429874.9636,1019998.0000000059,959111.099999999
177429876.9636,1019998.0000000059,959111.099999999
177429878.9636,1019998.0000000059,959111.099999999
177429880.9636,1019998.1000000059,959111.099999999
177429882.9636,1019998.1000000059,959111.099999999
177429884.9636,1019998.1000000059,959111.199999999
177429886.9636,1019998.900000006,959110.9999999991
177429888.9636,1019998.800000006,959110.9999999991
177429890.9636,1019998.800000006,959110.9999999991
177429892.9636,1019998.800000006,959110.9999999991
177429894.9636,1019998.800000006,959110.9999999991
177429896.9636,1019998.800000006,959111.099999999
177429898.9636,1019998.800000006,959111.099999999
177429900.9636,1019998.800000006,959111.099999999
177429902.9636,1019998.800000006,959111.099999999
177429904.9636,1019998.800000006,959111.199999999
177429906.9636,1019998.800000006,959111.199999999
177429908.9636,1019998.900000006,959111.199999999
177429910.9636,1019998.800000006,959111.199999999
177429912.9636,1019998.800000006,959111.199999999
177429914.9636,1019998.800000006,959111.299999999
177429916.9636,1019998.800000006,959111.299999999
177429918.9636,1019998.800000006,959111.299999999
177429920.9636,1019998.800000006,959111.299999999
177429922.9636,1019998.700000006,959111.299999999
177429924.9636,1019998.700000006,959111.299999999
177429926.9636,1019998.700000006,959111.299999999
177429928.9636,1019998.700000006,959111.299999999
177429930.9636,1019998.500000006,959111.299999999
177429932.9636,1019998.500000006,959111.199999999
177429934.9636,1019998.500000006,959111.199999999
177429936.9636,1019999.9000000061,959111.199999999
177429938.9636,1019999.7000000061,959111.199999999
177429940.9636,1019999.7000000061,959111.199999999
177429942.9636,1019999.6000000061,959110.899999999
177429944.9636,1019999.6000000061,959110.899999999
177429946.9636,1020000.0000000062,959110.899999999
177429948.9636,1020000.0000000062,959110.899999999
177429950.9636,1020000.0000000062,959110.899999999
177429952.9636,1020000.0000000062,959110.899999999
177429954.9636,1020000.0000000062,959110.899999999
177429956.9636,1020000.0000000062,959110.999999999
177429958.9636,1013911.1000000061,959110.999999999
177429960.9636,1013911.1000000061,959110.999999999
177429962.9636,1013911.1000000061,959110.999999999
177429964.9636,1013911.1000000061,959110.999999999
177429966.9636,1013911.0000000062,959110.899999999
177429968.9636,1013911.0000000062,959110.899999999
177429970.9636,1013911.0000000062,959110.999999999
177429972.9636,1013910.9000000062,959110.899999999
177429974.9636,1013910.9000000062,959110.899999999
177429976.9636,1013910.9000000062,959110.899999999
177429978.9636,1013910.9000000062,959110.899999999
177429980.9636,1013910.8000000062,959110.899999999
177429982.9636,1013910.8000000062,959110.899999999
177429984.9636,1013910.6000000063,959110.899999999
177429986.9636,1013910.6000000063,959110.999999999
177429988.9636,1013910.6000000063,959110.999999999
177429990.9636,1013910.6000000063,959110.999999999
177429992.9636,1013910.5000000063,959110.999999999
177429994.9636,1013910.5000000063,959110.899999999
177429996.9636,1013910.5000000063,959110.999999999
177429998.9636,1013910.3000000063,959110.899999999
177430000.9636,1013910.2000000064,959110.999999999
177430002.9636,1013910.2000000064,959110.999999999
177430004.9636,1013910.2000000064,959111.0999999989
177430006.9636,1013910.2000000064,959111.0999999989
177430008.9636,1013910.2000000064,959111.0999999989
177430010.9636,1013910.1000000064,959111.0999999989
177430012.9636,1013910.1000000064,959111.0999999989
177430014.9636,1013910.1000000064,959111.0999999989
177430016.9636,1013910.1000000064,959111.0999999989
177430018.9636,1013910.1000000064,959111.0999999989
177430020.9636,1013910.1000000064,959111.0999999989
177430022.9636,1013910.1000000064,959111.0999999989
177430024.9636,1013910.1000000064,959111.0999999989
177430026.9636,1013910.1000000064,959111.0999999989
177430028.9636,1013910.1000000064,959111.0999999989
177430030.9636,1013910.1000000064,959111.0999999989
177430032.9636,1013910.1000000064,959111.0999999989
177430034.9636,1013910.1000000064,959111.0999999989
177430036.9636,1013910.1000000064,959111.0999999989
177430038.9636,1013910.1000000064,959111.0999999989
177430040.9636,1013910.1000000064,959111.0999999989
177430042.9636,1013910.1000000064,959111.0999999989
177430044.9636,1013910.1000000064,959111.0999999989
177430046.9636,1013910.1000000064,959111.0999999989
177430048.9636,1013910.1000000064,959111.0999999989
177430050.9636,1013910.1000000064,959111.0999999989
177430052.9636,1013910.1000000064,959111.0999999989
177430054.9636,1013910.1000000064,959111.0999999989
177430056.9636,1013910.1000000064,959111.0999999989
177430058.9636,1013910.1000000064,959111.0999999989
177430060.9636,1020000.0000000064,959111.0999999989
177430062.9636,1020000.0000000064,959111.0999999989
177430064.9636,1020000.0000000064,959111.0999999989
177430066.9636,1020000.0000000064,959111.0999999989
177430068.9636,1020000.0000000064,959111.0999999989
177430070.9636,1020000.0000000064,959111.0999999989
177430072.9636,1019999.9000000064,959111.0999999989
177430074.9636,1019999.9000000064,959111.0999999989
177430076.9636,1020000.0000000064,959111.1999999989
177430078.9636,1020000.0000000064,959111.1999999989
177430080.9636,1020000.0000000064,959111.2999999989
177430082.9636,1020000.0000000064,959111.2999999989
177430084.9636,1020000.0000000064,959111.3999999989
177430086.9636,1020000.0000000064,959111.4999999988
177430088.9636,1020000.0000000064,959111.4999999988
177430090.9636,1019999.9000000064,959111.4999999988
177430092.9636,1019999.9000000064,959111.5999999988
177430094.9636,1019999.9000000064,959111.6999999988
177430096.9636,1019999.8000000064,959111.6999999988
177430098.9636,1019999.8000000064,962156.0999999988
177430100.9636,1019999.8000000064,962156.0999999988
177430102.9636,1019999.8000000064,962156.0999999988
177430104.9636,1019999.8000000064,962156.0999999988
177430106.9636,1019999.7000000065,962156.0999999988
177430108.9636,1019999.6000000065,962156.1999999988
177430110.9636,1019999.6000000065,962156.1999999988
177430112.9636,1019999.6000000065,962156.1999999988
177430114.9636,1019999.5000000065,962156.1999999988
177430116.9636,1019999.5000000065,962156.1999999988
177430118.9636,1019999.5000000065,962156.1999999988
177430120.9636,1019999.5000000065,962156.1999999988
177430122.9636,1019999.5000000065,962156.1999999988
177430124.9636,1019999.5000000065,962156.1999999988
177430126.9636,1019999.5000000065,962156.1999999988
177430128.9636,1019999.5000000065,962156.1999999988
177430130.9636,1019999.5000000065,962156.1999999988
177430132.9636,1019999.4000000065,962156.0999999988
177430134.9636,1019999.4000000065,962156.0999999988
177430136.9636,1019999.4000000065,962156.0999999988
177430138.9636,1019999.3000000066,962156.0999999988
177430140.9636,1019999.3000000066,962156.0999999988
177430142.9636,1019999.2000000066,962156.0999999988
177430144.9636,1019999.2000000066,962156.0999999988
177430146.9636,1019999.1000000066,962156.0999999988
177430149.0636,1019999.0000000066,962156.0999999988
177430150.9636,1019999.0000000066,962156.0999999988
177430152.9636,1019998.9000000067,962156.0999999988
177430154.9636,1019998.9000000067,959111.5999999988
177430156.9636,1019998.9000000067,959111.5999999988
177430158.9636,1019998.9000000067,959111.5999999988
177430160.9636,1019998.8000000067,959111.5999999988
177430162.9636,1019998.8000000067,959111.5999999988
177430164.9636,1019998.7000000067,959111.5999999988
177430166.9636,1019998.7000000067,959111.5999999988
177430168.9636,1019998.6000000067,959111.5999999988
177430170.9636,1019998.6000000067,959111.5999999988
177430172.9636,1019998.5000000068,959111.5999999988
177430174.9636,1019998.5000000068,959111.5999999988
177430176.9636,1019998.5000000068,959111.5999999988
177430178.9636,1019998.4000000068,959111.5999999988
177430180.9636,1019998.3000000068,959111.5999999988
177430182.9636,1019998.3000000068,959111.5999999988
177430184.9636,1019998.2000000068,959111.5999999988
177430186.9636,1019998.2000000068,959111.5999999988
177430188.9636,1019998.5000000069,959111.5999999988
177430190.9636,1019998.4000000069,959111.5999999988
177430192.9636,1019998.4000000069,959111.6999999988
177430194.9636,1019998.4000000069,959111.6999999988
177430196.9636,1019998.4000000069,959111.5999999988
177430198.9636,1019998.3000000069,959111.5999999988
177430200.9636,1019998.2000000069,959111.5999999988
177430202.9636,1019998.100000007,959111.5999999988
177430204.9636,1019998.100000007,959111.5999999988
177430206.9636,1019998.400000007,959111.5999999988
177430208.9636,1019999.600000007,959111.5999999988
177430210.9636,1019999.900000007,959111.5999999988
177430212.9636,1019999.900000007,959111.5999999988
177430214.9636,1019999.900000007,959111.5999999988
177430216.9636,1020000.000000007,959111.5999999988
177430218.9636,1020000.000000007,959111.5999999988
177430220.9636,1020000.000000007,959111.5999999988
177430222.9636,1020000.000000007,959111.5999999988
177430224.9636,1019999.900000007,959111.5999999988
177430226.9636,1020000.000000007,959111.5999999988
177430228.9636,1020000.000000007,959111.5999999988
177430230.9636,1020000.000000007,959111.5999999988
177430232.9636,1020000.000000007,959111.6999999988
177430234.9636,1020000.000000007,959111.6999999988
177430236.9636,1020000.000000007,959111.6999999988
177430238.9636,1020000.000000007,959111.6999999988
177430240.9636,1020000.000000007,959111.6999999988
177430242.9636,1020000.000000007,959111.6999999988
177430244.9636,1020000.000000007,959111.6999999988
177430246.9636,1020000.000000007,959111.6999999988
177430248.9636,1020000.000000007,959111.6999999988
177430250.9636,1020000.000000007,959111.6999999988
177430252.9636,1019999.900000007,959111.6999999988
177430254.9636,1019999.900000007,959111.6999999988
177430256.9636,1019999.900000007,959111.6999999988
177430258.9636,1019999.800000007,959111.5999999988
177430260.9636,1019999.800000007,959111.5999999988
177430262.9636,1019999.800000007,959111.5999999988
177430264.9636,1019999.800000007,959111.5999999988
177430266.9636,1019999.800000007,959111.5999999988
177430268.9636,1019999.800000007,959111.5999999988
177430270.9636,1019999.800000007,959111.5999999988
177430272.9636,1019999.800000007,959111.5999999988
177430274.9636,1019999.800000007,959111.5999999988
177430276.9636,1019999.800000007,959111.5999999988
177430278.9636,1019999.800000007,959111.5999999988
177430280.9636,1019999.800000007,959111.5999999988
177430282.9636,1019999.700000007,959111.5999999988
177430284.9636,1019999.700000007,959111.6999999988
177430286.9636,1019999.6000000071,959111.6999999988
177430288.9636,1019999.6000000071,959111.6999999988
177430290.9636,1019999.6000000071,959111.6999999988
177430292.9636,1019999.5000000071,959111.6999999988
177430294.9636,1019999.5000000071,959111.6999999988
177430296.9636,1019999.5000000071,959111.6999999988
177430298.9636,1019999.5000000071,959111.6999999988
177430300.9636,1019999.5000000071,959111.6999999988
177430302.9636,1019999.5000000071,959111.6999999988
177430304.9636,1019999.5000000071,959111.6999999988
177430306.9636,1019999.4000000071,959111.6999999988
177430308.9636,1019999.4000000071,959111.6999999988
177430310.9636,1019999.4000000071,959111.6999999988
177430312.9636,1019999.4000000071,959111.6999999988
177430314.9636,1019999.4000000071,959111.6999999988
177430316.9636,1019999.3000000071,959111.6999999988
177430318.9636,1019999.3000000071,959111.6999999988
177430320.9636,1019999.3000000071,959111.6999999988
177430322.9636,1019999.3000000071,959111.6999999988
177430324.9636,1019999.3000000071,959111.6999999988
177430326.9636,1019999.3000000071,959111.6999999988
177430328.9636,1019999.3000000071,959111.6999999988
177430330.9636,1019999.3000000071,959111.6999999988
177430332.9636,1019999.3000000071,959111.6999999988
177430334.9636,1019999.2000000072,959111.6999999988
177430336.9636,1019999.2000000072,959111.6999999988
177430338.9636,1019999.2000000072,959111.6999999988
177430340.9636,1019999.2000000072,959111.7999999988
177430342.9636,1019999.1000000072,959111.7999999988
177430344.9636,1019999.1000000072,959111.7999999988
177430346.9636,1019999.0000000072,959111.7999999988
177430348.9636,1019999.0000000072,959111.7999999988
177430350.9636,1019999.0000000072,959111.7999999988
177430352.9636,1019998.9000000072,959111.7999999988
177430354.9636,1019998.9000000072,959111.7999999988
177430356.9636,1019998.9000000072,959111.7999999988
177430358.9636,1019998.9000000072,959111.8999999987
177430360.9636,1019998.9000000072,959111.8999999987
177430362.9636,1019998.8000000073,959111.8999999987
177430364.9636,1019998.7000000073,959111.8999999987
177430366.9636,1019998.7000000073,959111.8999999987
177430368.9636,1019998.7000000073,959111.8999999987
177430370.9636,1019998.6000000073,959111.7999999988
177430372.9636,1019998.6000000073,959111.7999999988
177430374.9636,1019998.6000000073,959111.7999999988
177430376.9636,1019998.6000000073,959111.7999999988
177430378.9636,1019998.6000000073,959111.7999999988
177430380.9636,1019998.6000000073,959111.7999999988
177430382.9636,1019998.6000000073,959111.7999999988
177430384.9636,1019998.5000000073,959111.7999999988
177430386.9636,1019998.5000000073,959111.7999999988
177430388.9636,1019998.4000000074,959111.7999999988
177430390.9636,1019998.2000000074,959111.7999999988
177430392.9636,1019998.1000000074,959111.7999999988
177430394.9636,1019998.1000000074,959111.7999999988
177430396.9636,1019998.1000000074,959111.7999999988
177430398.9636,1019998.0000000075,959111.7999999988
177430400.9636,1019997.9000000075,959111.7999999988
177430402.9636,1019997.9000000075,959111.7999999988
177430404.9636,1019997.9000000075,959111.7999999988
177430406.9636,1019997.9000000075,959111.7999999988
177430408.9636,1019997.8000000075,959111.7999999988
177430410.9636,1019998.8000000075,959111.7999999988
177430412.9636,1019999.2000000075,959111.7999999988
177430414.9636,1019999.2000000075,959111.7999999988
177430416.9636,1019999.2000000075,959111.7999999988
177430418.9636,1019999.2000000075,959111.6999999988
177430420.9636,1019999.2000000075,959111.6999999988
177430422.9636,1020000.0000000076,959111.6999999988
177430424.9636,1020000.0000000076,959111.6999999988
177430426.9636,1020000.0000000076,959111.6999999988
177430428.9636,1020000.0000000076,959111.6999999988
177430430.9636,1020000.0000000076,959111.6999999988
177430432.9636,1020000.0000000076,959111.6999999988
177430434.9636,1020000.0000000076,959111.6999999988
177430436.9636,1019999.9000000076,959111.6999999988
177430438.9636,1019999.9000000076,959111.6999999988
177430440.9636,1019999.9000000076,959111.6999999988
177430442.9636,1019999.9000000076,959111.6999999988
177430444.9636,1019999.9000000076,959111.6999999988
177430446.9636,1019999.9000000076,959111.6999999988
177430448.9636,1019999.9000000076,959111.6999999988
177430450.9636,1019999.9000000076,959111.6999999988
177430452.9636,1019999.9000000076,959111.6999999988
177430454.9636,1019999.9000000076,959111.6999999988
177430456.9636,1019999.9000000076,959111.6999999988
177430458.9636,1019999.9000000076,959111.6999999988
177430460.9636,1019999.9000000076,959111.6999999988
177430462.9636,1019999.9000000076,959111.6999999988
177430464.9636,1019999.9000000076,959111.6999999988
177430466.9636,1019999.9000000076,959111.6999999988
177430468.9636,1019999.9000000076,959111.6999999988
177430470.9636,1019999.8000000076,959111.6999999988
177430472.9636,1019999.8000000076,959111.6999999988
177430474.9636,1019999.8000000076,959111.6999999988
177430476.9636,1019999.8000000076,959111.6999999988
177430478.9636,1019999.8000000076,959111.6999999988
177430480.9636,1019999.7000000076,959111.6999999988
177430482.9636,1019999.7000000076,959111.6999999988
177430484.9636,1019999.7000000076,959111.6999999988
177430486.9636,1019999.6000000077,959111.6999999988
177430488.9636,1019999.4000000077,959111.6999999988
177430490.9636,1019999.4000000077,959111.6999999988
177430492.9636,1019999.4000000077,959111.6999999988
177430494.9636,1019999.4000000077,959111.6999999988
177430496.9636,1019999.4000000077,959111.6999999988
177430498.9636,1019999.5000000077,959111.6999999988
177430500.9636,1013910.7000000076,959111.6999999988
177430502.9636,1013910.7000000076,959111.6999999988
177430504.9636,1013910.7000000076,959111.6999999988
177430506.9636,1013910.7000000076,959111.6999999988
177430508.9636,1013910.7000000076,959111.6999999988
177430510.9636,1013910.7000000076,959111.6999999988
177430512.9636,1013910.7000000076,959111.6999999988
177430514.9636,1013910.7000000076,959111.6999999988
177430516.9636,1013910.7000000076,959111.7999999988
177430518.9636,1013910.7000000076,959111.8999999987
177430520.9636,1013910.7000000076,959111.8999999987
177430522.9636,1013910.7000000076,959111.8999999987
177430524.9636,1013910.6000000077,959111.8999999987
177430526.9636,1013910.6000000077,959111.8999999987
177430528.9636,1013910.6000000077,959111.8999999987
177430530.9636,1013910.6000000077,959111.8999999987
177430532.9636,1013910.7000000076,959111.8999999987
177430534.9636,1019999.7000000076,959111.8999999987
177430536.9636,1019999.7000000076,959111.8999999987
177430538.9636,1020000.0000000077,959111.8999999987
177430540.9636,1020000.0000000077,959111.8999999987
177430542.9636,1020000.0000000077,959111.8999999987
177430544.9636,1020000.0000000077,959111.8999999987
177430546.9636,1020000.0000000077,959111.8999999987
177430548.9636,1019999.9000000077,959111.8999999987
177430550.9636,1019999.8000000077,959111.8999999987
177430552.9636,1013911.1000000078,959111.8999999987
177430554.9636,1013911.1000000078,959111.8999999987
177430556.9636,1019999.8000000077,959111.8999999987
177430558.9636,1019999.8000000077,959111.8999999987
177430560.9636,1019999.9000000077,959111.8999999987
177430562.9636,1019999.9000000077,959111.8999999987
177430564.9636,1019999.9000000077,959111.8999999987
177430566.9636,1020000.0000000077,959111.8999999987
177430568.9636,1020000.0000000077,959111.8999999987
177430570.9636,1019999.9000000077,959111.8999999987
177430572.9636,1020000.0000000077,959111.8999999987
177430574.9636,1020000.0000000077,959111.8999999987
177430576.9636,1020000.0000000077,959111.8999999987
177430578.9636,1020000.0000000077,959111.8999999987
177430580.9636,1020000.0000000077,959111.8999999987
177430582.9636,1019999.9000000077,959111.8999999987
177430584.9636,1019999.9000000077,959111.8999999987
177430586.9636,1019999.9000000077,959111.8999999987
177430588.9636,1019999.9000000077,959111.8999999987
177430590.9636,1019999.9000000077,959111.8999999987
177430592.9636,1019999.9000000077,959111.9999999987
177430594.9636,1019999.9000000077,959111.8999999987
177430596.9636,1019999.9000000077,959111.8999999987
177430598.9636,1019999.9000000077,959111.7999999988
177430600.9636,1019999.9000000077,959111.7999999988
177430602.9636,1019999.9000000077,959111.7999999988
177430604.9636,1020000.0000000077,959111.7999999988
177430606.9636,1020000.0000000077,959111.7999999988
177430608.9636,1019999.9000000077,959111.7999999988
177430610.9636,1019999.9000000077,959111.7999999988
177430612.9636,1019999.9000000077,959111.7999999988
177430614.9636,1019999.9000000077,959111.7999999988
177430616.9636,1019999.9000000077,959111.7999999988
177430618.9636,1019999.9000000077,959111.7999999988
177430620.9636,1019999.9000000077,959111.7999999988
177430622.9636,1019999.9000000077,959111.7999999988
177430624.9636,1019999.9000000077,959111.7999999988
177430626.9636,1019999.9000000077,959111.7999999988
177430628.9636,1020000.0000000077,959111.7999999988
177430630.9636,1019999.9000000077,959111.7999999988
177430632.9636,1019999.9000000077,959111.7999999988
177430634.9636,1019999.9000000077,959111.7999999988
177430636.9636,1019999.9000000077,959111.7999999988
177430638.9636,1019999.9000000077,959111.7999999988
177430640.9636,1019999.9000000077,959111.7999999988
177430642.9636,1019999.9000000077,959111.7999999988
177430644.9636,1019999.9000000077,959111.7999999988
177430646.9636,1019999.9000000077,959111.7999999988
177430648.9636,1019999.8000000077,959111.8999999987
177430650.9636,1019999.8000000077,959111.8999999987
177430652.9636,1019999.8000000077,959111.8999999987
177430654.9636,1019999.8000000077,959111.8999999987
177430656.9636,1019999.8000000077,959111.8999999987
177430658.9636,1019999.8000000077,959111.8999999987
177430660.9636,1019999.8000000077,959111.8999999987
177430662.9636,1019999.8000000077,959111.8999999987
177430664.9636,1019999.8000000077,959111.8999999987
177430666.9636,1019999.7000000078,959111.8999999987
177430668.9636,1019999.6000000078,959111.8999999987
177430670.9636,1019999.6000000078,959111.8999999987
177430672.9636,1019999.7000000078,959111.8999999987
177430674.9636,1019999.7000000078,959111.8999999987
177430676.9636,1019999.7000000078,959111.8999999987
177430678.9636,1019999.7000000078,959111.8999999987
177430680.9636,1019999.6000000078,959111.8999999987
177430682.9636,1019999.6000000078,959111.8999999987
177430684.9636,1019999.6000000078,959111.8999999987
177430686.9636,1019999.6000000078,959111.8999999987
177430688.9636,1019999.6000000078,959111.8999999987
177430690.9636,1019999.6000000078,959111.8999999987
177430692.9636,1019999.6000000078,959111.8999999987
177430694.9636,1019999.5000000078,959111.8999999987
177430696.9636,1019999.5000000078,959111.8999999987
177430698.9636,1013910.6000000078,959111.8999999987
177430700.9636,1013910.6000000078,959111.8999999987
177430702.9636,1013910.6000000078,959111.8999999987
177430704.9636,1013910.6000000078,959111.8999999987
177430706.9636,1013910.6000000078,959111.8999999987
177430708.9636,1013910.6000000078,959111.8999999987
177430710.9636,1013910.6000000078,959111.8999999987
177430712.9636,1013910.6000000078,959111.8999999987
177430714.9636,1013910.6000000078,959111.8999999987
177430716.9636,1013910.6000000078,959111.8999999987
177430718.9636,1013910.6000000078,959111.8999999987
177430720.9636,1013910.6000000078,959111.8999999987
177430722.9636,1013910.5000000078,959111.8999999987
177430724.9636,1013910.5000000078,959111.8999999987
177430726.9636,1013910.5000000078,959111.8999999987
177430728.9636,1013910.5000000078,959111.8999999987
177430730.9636,1013910.5000000078,959111.8999999987
177430732.9636,1013910.5000000078,959111.8999999987
177430734.9636,1013910.5000000078,959111.8999999987
177430736.9636,1013910.5000000078,959111.8999999987
177430738.9636,1013910.6000000078,959111.8999999987
177430740.9636,1013910.6000000078,959111.8999999987
177430742.9636,1013910.6000000078,959111.8999999987
177430744.9636,1013910.6000000078,959111.8999999987
177430746.9636,1013910.5000000078,959111.7999999988
177430748.9636,1013910.5000000078,959111.7999999988
177430750.9636,1013910.5000000078,959111.7999999988
177430752.9636,1013910.5000000078,959111.7999999988
177430754.9636,1013910.5000000078,959111.7999999988
177430756.9636,1013910.5000000078,959111.7999999988
177430758.9636,1013910.4000000078,959111.7999999988
177430760.9636,1013910.4000000078,959111.7999999988
177430762.9636,1013910.4000000078,959111.7999999988
177430764.9636,1013910.4000000078,959111.7999999988
177430766.9636,1013910.4000000078,959111.7999999988
177430768.9636,1013910.4000000078,959111.7999999988
177430770.9636,1013910.4000000078,959111.7999999988
177430772.9636,1013910.4000000078,959111.7999999988
177430774.9636,1013910.4000000078,959111.7999999988
177430776.9636,1013910.4000000078,959111.7999999988
177430779.0636,1013910.4000000078,959111.7999999988
177430780.9636,1013910.4000000078,959111.7999999988
177430782.9636,1013910.4000000078,959111.7999999988
177430784.9636,1013910.3000000078,959111.7999999988
177430786.9636,1013910.2000000079,959111.7999999988
177430788.9636,1008430.4000000078,959111.7999999988
177430790.9636,1008430.4000000078,959111.7999999988
177430792.9636,1019999.7000000079,959111.7999999988
177430794.9636,1019999.8000000078,959111.7999999988
177430796.9636,1019999.8000000078,959111.7999999988
177430798.9636,1019999.8000000078,959111.7999999988
177430800.9636,1019999.8000000078,959111.7999999988
177430802.9636,1019999.8000000078,959111.7999999988
177430804.9636,1019999.8000000078,959111.7999999988
177430806.9636,1019999.8000000078,959111.7999999988
177430808.9636,1019999.8000000078,959111.7999999988
177430810.9636,1019999.7000000079,959111.7999999988
177430812.9636,1019999.7000000079,959111.7999999988
177430814.9636,1019999.7000000079,959111.7999999988
177430816.9636,1019999.7000000079,959111.7999999988
177430818.9636,1019999.7000000079,959111.7999999988
177430820.9636,1019999.6000000079,959111.7999999988
177430822.9636,1019999.6000000079,959111.7999999988
177430824.9636,1019999.6000000079,959111.7999999988
177430826.9636,1019999.6000000079,959111.7999999988
177430828.9636,1019999.5000000079,959111.7999999988
177430830.9636,1019999.5000000079,959111.7999999988
177430832.9636,1019999.6000000079,959111.7999999988
177430834.9636,1019999.6000000079,959111.7999999988
177430836.9636,1019999.6000000079,959111.7999999988
177430838.9636,1019999.6000000079,959111.7999999988
177430840.9636,1019999.6000000079,959111.7999999988
177430842.9636,1019999.5000000079,959111.7999999988
177430844.9636,1019999.5000000079,959111.7999999988
177430846.9636,1019999.5000000079,959111.7999999988
177430848.9636,1019999.5000000079,959111.7999999988
177430850.9636,1019999.5000000079,959111.7999999988
177430852.9636,1019999.5000000079,959111.7999999988
177430854.9636,1019999.5000000079,959111.7999999988
177430856.9636,1019999.6000000079,959111.7999999988
177430858.9636,1019999.6000000079,959111.7999999988
177430860.9636,1019999.8000000078,959111.7999999988
177430862.9636,1019999.8000000078,959111.5999999988
177430864.9636,1019999.8000000078,959111.5999999988
177430866.9636,1019999.8000000078,959111.5999999988
177430868.9636,1019999.8000000078,959111.5999999988
177430870.9636,1019999.8000000078,959111.5999999988
177430872.9636,1019999.8000000078,959111.5999999988
177430874.9636,1019999.8000000078,959111.5999999988
177430876.9636,1019999.8000000078,959111.5999999988
177430878.9636,1019999.8000000078,959111.5999999988
177430880.9636,1019999.8000000078,959111.5999999988
177430882.9636,1019999.8000000078,959111.5999999988
177430884.9636,1019999.8000000078,959111.5999999988
177430886.9636,1019999.8000000078,959111.5999999988
177430888.9636,1019999.8000000078,959111.5999999988
177430890.9636,1019999.8000000078,959111.5999999988
177430892.9636,1019999.8000000078,959111.5999999988
177430894.9636,1019999.7000000079,959111.5999999988
177430896.9636,1019999.6000000079,959111.5999999988
177430898.9636,1019999.6000000079,959111.5999999988
177430900.9636,1019999.5000000079,959111.5999999988
177430902.9636,1019999.5000000079,959111.5999999988
177430904.9636,1019999.5000000079,959111.5999999988
177430906.9636,1019999.5000000079,959111.5999999988
177430908.9636,1019999.5000000079,959111.5999999988
177430910.9636,1019999.5000000079,959111.5999999988
177430912.9636,1019999.5000000079,959111.5999999988
177430914.9636,1019999.5000000079,959111.5999999988
177430916.9636,1019999.4000000079,959111.5999999988
177430918.9636,1019999.4000000079,959111.5999999988
177430920.9636,1019999.4000000079,959111.5999999988
177430922.9636,1019999.4000000079,959111.5999999988
177430924.9636,1019999.4000000079,959111.5999999988
177430926.9636,1019999.4000000079,959111.5999999988
177430928.9636,1019999.4000000079,959111.5999999988
177430930.9636,1019999.4000000079,959111.5999999988
177430932.9636,1019999.4000000079,959111.5999999988
177430934.9636,1019999.4000000079,959111.5999999988
177430936.9636,1019999.4000000079,959111.5999999988
177430938.9636,1019999.4000000079,959111.5999999988
177430940.9636,1019999.4000000079,959111.5999999988
177430942.9636,1019999.4000000079,959111.5999999988
177430944.9636,1019999.4000000079,959111.6999999988
177430946.9636,1019999.4000000079,959111.6999999988
177430948.9636,1019999.4000000079,959111.5999999988
177430950.9636,1013910.6000000079,959111.5999999988
177430952.9636,1013910.6000000079,959111.5999999988
177430954.9636,1013910.5000000079,959111.5999999988
177430956.9636,1013910.5000000079,959111.5999999988
177430958.9636,1013910.5000000079,959111.5999999988
177430960.9636,1013910.5000000079,959111.5999999988
177430962.9636,1013910.5000000079,959111.5999999988
177430964.9636,1013910.6000000079,959111.6999999988
177430966.9636,1013910.6000000079,959111.7999999988
177430968.9636,1013910.6000000079,959111.7999999988
177430970.9636,1013910.6000000079,959111.7999999988
177430972.9636,1013910.6000000079,959111.7999999988
177430974.9636,1013910.6000000079,959111.7999999988
177430976.9636,1013910.6000000079,959111.7999999988
177430978.9636,1013910.6000000079,959111.7999999988
177430980.9636,1013910.6000000079,959111.7999999988
177430982.9636,1013910.6000000079,959111.7999999988
177430984.9636,1019999.4000000079,959111.7999999988
177430986.9636,1019999.4000000079,959111.7999999988
177430988.9636,1019999.300000008,959111.7999999988
177430990.9636,1019999.4000000079,959111.7999999988
177430992.9636,1019999.4000000079,959111.7999999988
177430994.9636,1019999.4000000079,959111.7999999988
177430996.9636,1019999.4000000079,959111.7999999988
177430998.9636,1019999.4000000079,959111.7999999988
177431000.9636,1019999.300000008,959111.7999999988
177431003.0636,1019999.300000008,959111.7999999988
177431005.0636,1019999.300000008,959111.7999999988
177431007.0636,1019999.300000008,959111.7999999988
177431009.0636,1019999.4000000079,959111.7999999988
177431011.0636,1019999.300000008,959111.7999999988
177431013.0636,1019999.300000008,959111.7999999988
177431015.0636,1019999.4000000079,959111.7999999988
177431017.0636,1019999.4000000079,959111.7999999988
177431019.0636,1019999.300000008,959111.7999999988
177431021.0636,1019999.300000008,959111.7999999988
177431023.0636,1019999.300000008,959111.7999999988
177431025.0636,1019999.200000008,959111.7999999988
177431027.0636,1019999.300000008,959111.7999999988
177431029.0636,1019999.300000008,959111.7999999988
177431031.0636,1019999.300000008,959111.7999999988
177431033.0636,1019999.300000008,959111.7999999988
177431035.0636,1019999.300000008,959111.7999999988
177431037.0636,1019999.300000008,959111.7999999988
177431039.0636,1019999.300000008,959111.7999999988
177431041.0636,1019999.300000008,959111.7999999988
177431043.0636,1019999.200000008,959111.7999999988
177431045.0636,1019999.200000008,959111.7999999988
177431047.0636,1019999.200000008,959111.7999999988
177431049.0636,1019999.100000008,959111.7999999988
177431051.0636,1019999.000000008,959111.7999999988
177431053.0636,1019999.000000008,959111.7999999988
177431055.0636,1019999.000000008,959111.7999999988
177431057.0636,1019999.000000008,959111.7999999988
177431059.0636,1019998.900000008,959111.7999999988
177431061.0636,1019998.900000008,959111.7999999988
177431063.0636,1019998.900000008,959111.7999999988
177431065.0636,1019998.900000008,959111.7999999988
177431067.0636,1019998.900000008,959111.7999999988
177431069.0636,1019998.900000008,959111.8999999987
177431071.0636,1019998.900000008,959111.7999999988
177431073.0636,1019998.900000008,959111.8999999987
177431075.0636,1019998.900000008,959111.7999999988
177431077.0636,1019998.8000000081,959111.8999999987
177431079.0636,1019998.8000000081,959111.7999999988
177431081.0636,1019998.8000000081,959111.7999999988
177431083.0636,1019998.8000000081,959111.8999999987
177431085.0636,1019998.8000000081,959111.7999999988
177431087.0636,1019998.8000000081,959111.7999999988
177431089.0636,1019998.8000000081,959111.8999999987
177431091.0636,1019998.8000000081,959111.9999999987
177431093.0636,1019998.8000000081,959111.9999999987
177431095.0636,1019998.8000000081,959111.9999999987
177431097.0636,1019998.8000000081,959111.9999999987
177431099.0636,1019998.8000000081,959111.9999999987
177431101.0636,1019998.8000000081,959111.9999999987
177431103.0636,1019998.8000000081,959111.9999999987
177431105.0636,1019998.8000000081,959111.9999999987
177431107.0636,1019998.7000000081,959111.7999999988
177431109.0636,1019998.7000000081,959111.7999999988
177431111.0636,1019998.7000000081,959111.7999999988
177431113.0636,1019998.7000000081,959111.7999999988
177431115.0636,1019998.7000000081,959111.7999999988
177431117.0636,1019998.6000000081,959111.7999999988
177431119.0636,1019998.6000000081,959111.7999999988
177431121.0636,1019998.6000000081,959111.7999999988
177431123.0636,1019998.6000000081,959111.7999999988
177431125.0636,1019998.5000000081,959111.7999999988
177431127.0636,1019998.4000000082,959111.7999999988
177431129.0636,1019998.4000000082,959111.7999999988
177431131.0636,1019998.4000000082,959111.8999999987
177431133.0636,1019998.3000000082,959111.8999999987
177431135.0636,1019998.3000000082,959111.7999999988
177431137.0636,1019998.3000000082,959111.7999999988
177431139.0636,1019998.2000000082,959111.7999999988
177431141.0636,1019998.2000000082,959111.7999999988
177431143.0636,1019998.2000000082,959111.7999999988
177431145.0636,1019998.1000000082,959111.7999999988
177431147.0636,1019998.1000000082,959111.7999999988
177431149.0636,1019998.0000000083,959111.7999999988
177431151.0636,1019998.1000000082,959111.7999999988
177431153.0636,1019997.9000000083,959111.7999999988
177431155.0636,1019997.9000000083,959111.7999999988
177431157.0636,1019997.8000000083,959111.7999999988
177431159.0636,1019997.8000000083,959111.7999999988
177431161.0636,1019997.7000000083,959111.7999999988
177431163.0636,1019997.7000000083,959111.7999999988
177431165.0636,1019997.7000000083,959111.7999999988
177431167.0636,1019997.7000000083,959111.7999999988
177431169.0636,1019997.6000000084,959111.7999999988
177431171.0636,1019997.6000000084,959111.7999999988
177431173.0636,1019997.6000000084,959111.7999999988
177431175.0636,1019997.6000000084,959111.7999999988
177431177.0636,1019997.5000000084,959111.7999999988
177431179.0636,1019997.5000000084,959111.7999999988
177431181.0636,1019997.5000000084,959111.7999999988
177431183.0636,1019997.5000000084,959111.7999999988
177431185.0636,1019997.5000000084,959111.7999999988
177431187.0636,1019997.4000000084,959111.7999999988
177431189.0636,1019997.4000000084,959111.7999999988
177431191.0636,1019997.4000000084,959111.7999999988
177431193.0636,1019997.4000000084,959111.7999999988
177431195.0636,1019997.4000000084,959111.7999999988
177431197.0636,1019997.3000000084,959111.7999999988
177431199.0636,1019997.3000000084,959111.7999999988
177431201.0636,1019997.3000000084,959111.7999999988
177431203.0636,1019997.3000000084,959111.7999999988
177431205.0636,1019997.2000000085,959111.7999999988
177431207.0636,1019997.2000000085,959111.7999999988
177431209.0636,1019997.2000000085,959111.7999999988
177431211.0636,1019997.2000000085,959111.7999999988
177431213.0636,1019997.0000000085,959111.7999999988
177431215.0636,1019997.0000000085,959111.7999999988
177431217.0636,1019996.9000000085,959111.7999999988
177431219.0636,1019996.9000000085,959111.7999999988
177431221.0636,1019996.8000000085,959111.7999999988
177431223.0636,1019996.7000000086,959111.7999999988
177431225.0636,1019996.6000000086,959111.7999999988
177431227.0636,1019996.6000000086,959111.7999999988
177431229.0636,1019996.6000000086,959111.7999999988
177431231.0636,1019996.6000000086,959111.7999999988
177431233.0636,1019996.5000000086,959111.7999999988
177431235.0636,1019996.5000000086,959111.7999999988
177431237.0636,1019996.3000000087,959111.7999999988
177431239.0636,1019996.3000000087,959111.7999999988
177431241.0636,1019996.3000000087,959111.7999999988
177431243.0636,1019996.3000000087,959111.7999999988
177431245.0636,1019996.3000000087,959111.7999999988
177431247.0636,1019996.2000000087,959111.7999999988
177431249.0636,1019996.2000000087,959111.7999999988
177431251.0636,1019996.2000000087,959111.7999999988
177431253.0636,1019996.2000000087,959111.7999999988
177431255.0636,1019996.1000000087,959111.7999999988
177431257.0636,1019996.1000000087,959111.7999999988
177431259.0636,1019996.1000000087,959111.7999999988
177431261.0636,1019996.1000000087,959111.7999999988
177431263.0636,1019996.1000000087,959111.7999999988
177431265.0636,1019996.0000000087,959111.7999999988
177431267.0636,1019996.0000000087,959111.7999999988
177431269.0636,1019996.0000000087,959111.7999999988
177431271.0636,1019995.9000000088,959111.7999999988
177431273.0636,1019995.9000000088,959111.7999999988
177431275.0636,1019995.9000000088,959111.7999999988
177431277.0636,1019995.9000000088,959111.7999999988
177431279.0636,1019995.9000000088,959111.7999999988
177431281.0636,1019995.9000000088,959111.7999999988
177431283.0636,1019995.8000000088,959111.7999999988
177431285.0636,1019995.8000000088,959111.7999999988
177431287.0636,1019995.8000000088,959111.7999999988
177431289.0636,1019995.7000000088,959111.7999999988
177431291.0636,1019995.6000000088,959111.7999999988
177431293.0636,1019995.6000000088,959111.7999999988
177431295.0636,1019995.6000000088,959111.7999999988
177431297.0636,1019995.6000000088,959111.7999999988
177431299.0636,1019995.6000000088,959111.7999999988
177431301.0636,1019995.5000000088,959111.7999999988
177431303.0636,1019995.5000000088,959111.7999999988
177431305.0636,1019995.5000000088,959111.7999999988
177431307.0636,1019995.4000000089,959111.7999999988
177431309.0636,1019995.3000000089,959111.7999999988
177431311.0636,1019995.3000000089,959111.7999999988
177431313.0636,1019995.3000000089,959111.7999999988
177431315.0636,1019995.3000000089,959111.7999999988
177431317.0636,1019995.3000000089,959111.7999999988
177431319.0636,1019995.3000000089,959111.7999999988
177431321.0636,1019996.8000000089,959111.8999999987
177431323.0636,1019996.8000000089,959111.8999999987
177431325.0636,1019998.2000000089,959111.9999999987
177431327.0636,1013909.6000000089,959111.9999999987
177431329.0636,1013909.6000000089,959111.9999999987
177431331.0636,1013909.6000000089,959111.9999999987
177431333.0636,1013909.6000000089,959111.9999999987
177431335.0636,1013909.6000000089,959111.9999999987
177431337.0636,1013909.6000000089,959111.8999999987
177431339.0636,1013909.500000009,959111.8999999987
177431341.0636,1013909.500000009,959111.8999999987
177431343.0636,1013909.500000009,959111.8999999987
177431345.0636,1013909.400000009,959111.8999999987
177431347.0636,1013909.400000009,959111.8999999987
177431349.0636,1013909.400000009,959111.8999999987
177431351.0636,1013909.300000009,959111.8999999987
177431353.0636,1013909.300000009,959111.8999999987
177431355.0636,1013909.300000009,959111.8999999987
177431357.0636,1013909.200000009,959111.7999999988
177431359.0636,1013909.200000009,959111.8999999987
177431361.0636,1013909.200000009,959111.8999999987
177431363.0636,1013909.200000009,959111.8999999987
177431365.0636,1013909.0000000091,959111.8999999987
177431367.0636,1013909.0000000091,959111.8999999987
177431369.0636,1013909.0000000091,959111.8999999987
177431371.0636,1013909.0000000091,959111.8999999987
177431373.0636,1013908.8000000091,959111.8999999987
177431375.0636,1008429.1000000092,959111.7999999988
177431377.0636,1008429.1000000092,959111.8999999987
177431379.0636,1008429.1000000092,959111.8999999987
177431381.0636,1008429.1000000092,959111.8999999987
177431383.0636,1008429.1000000092,959111.8999999987
177431385.0636,1008429.0000000092,959111.8999999987
177431387.0636,1008428.9000000092,959111.8999999987
177431389.0636,1008428.9000000092,959111.8999999987
177431391.0636,1008428.7000000093,959111.8999999987
177431393.0636,1008428.7000000093,959111.8999999987
177431395.0636,1008428.7000000093,959111.8999999987
177431397.0636,1008428.7000000093,959111.8999999987
177431399.0636,1008428.6000000093,959111.8999999987
177431401.0636,1008428.5000000093,959111.8999999987
177431403.0636,1008428.5000000093,959111.9999999987
177431405.0636,1008428.5000000093,959111.9999999987
177431407.0636,1008428.5000000093,959111.9999999987
177431409.0636,1008428.4000000093,959111.9999999987
177431411.0636,1008428.3000000094,959111.9999999987
177431413.0636,1008428.3000000094,959111.9999999987
177431415.0636,1008428.3000000094,959111.9999999987
177431417.0636,1008428.2000000094,959111.9999999987
177431419.0636,1008428.1000000094,959111.9999999987
177431421.0636,1008428.1000000094,959111.8999999987
177431423.0636,1008428.0000000094,959111.8999999987
177431425.0636,1008428.0000000094,959111.8999999987
177431427.0636,1008427.9000000095,959111.8999999987
177431429.0636,1008427.8000000095,959111.8999999987
177431431.0636,1008427.8000000095,959111.7999999988
177431433.0636,1008427.8000000095,959111.7999999988
177431435.0636,1008427.8000000095,959111.7999999988
177431437.0636,1008427.8000000095,959111.7999999988
177431439.0636,1008427.8000000095,959111.7999999988
177431441.0636,1008427.7000000095,959111.7999999988
177431443.1636,1008427.7000000095,959111.7999999988
177431445.0636,1008427.6000000095,959111.7999999988
177431447.0636,1008427.6000000095,959111.7999999988
177431449.0636,1008427.6000000095,959111.7999999988
177431451.0636,1008427.6000000095,959111.7999999988
177431453.0636,1008427.6000000095,959111.7999999988
177431455.0636,1008427.6000000095,959111.7999999988
177431457.0636,1008427.6000000095,959111.7999999988
177431459.0636,1008427.5000000095,959111.7999999988
177431461.0636,1008427.5000000095,959111.7999999988
177431463.0636,1008427.5000000095,959111.7999999988
177431465.0636,1008427.5000000095,959111.7999999988
177431467.0636,1008427.5000000095,959111.7999999988
177431469.0636,1008427.5000000095,959111.7999999988
177431471.0636,1008427.5000000095,959111.7999999988
177431473.0636,1008427.4000000096,959111.7999999988
177431475.0636,1008427.4000000096,959111.7999999988
177431477.0636,1008427.4000000096,959111.7999999988
177431479.0636,1008427.4000000096,959111.7999999988
177431481.0636,1008427.4000000096,959111.7999999988
177431483.0636,1008427.3000000096,959111.7999999988
177431485.0636,1008427.2000000096,959111.7999999988
177431487.0636,1008427.2000000096,959111.7999999988
177431489.0636,1008427.2000000096,959111.7999999988
177431491.0636,1008427.2000000096,959111.7999999988
177431493.0636,1008427.3000000096,959111.7999999988
177431495.0636,1008427.3000000096,959111.8999999987
177431497.0636,1008427.3000000096,959111.8999999987
177431499.0636,1008427.4000000096,959111.7999999988
177431501.0636,1008427.3000000096,959111.7999999988
177431503.0636,1008427.3000000096,959111.8999999987
177431505.0636,1008427.3000000096,959111.8999999987
177431507.0636,1008427.3000000096,959111.8999999987
177431509.0636,1008427.3000000096,959111.8999999987
177431511.0636,1008427.3000000096,959111.8999999987
177431513.0636,1008427.3000000096,959111.8999999987
177431515.0636,1008427.3000000096,959111.8999999987
177431517.0636,1008427.3000000096,959111.8999999987
177431519.0636,1008427.3000000096,959111.8999999987
177431521.0636,1008427.3000000096,959111.8999999987
177431523.0636,1008427.3000000096,959111.8999999987
177431525.0636,1008427.3000000096,959111.8999999987
177431527.0636,1008427.3000000096,959111.8999999987
177431529.0636,1008427.3000000096,959111.8999999987
177431531.0636,1008427.3000000096,959111.8999999987
177431533.0636,1008427.2000000096,959111.8999999987
177431535.0636,1008427.2000000096,959111.8999999987
177431537.0636,1008427.2000000096,959111.8999999987
177431539.0636,1008427.2000000096,959111.8999999987
177431541.0636,1008427.1000000096,959111.7999999988
177431543.0636,1008427.0000000097,959111.7999999988
177431545.0636,1008427.0000000097,959111.7999999988
177431547.0636,1008427.0000000097,959111.7999999988
177431549.0636,1008427.0000000097,959111.7999999988
177431551.0636,1008427.0000000097,959111.7999999988
177431553.0636,1008426.9000000097,959111.7999999988
177431555.0636,1008426.9000000097,959111.7999999988
177431557.0636,1008426.9000000097,959111.7999999988
177431559.0636,1008426.8000000097,959111.7999999988
177431561.0636,1008426.8000000097,959111.7999999988
177431563.0636,1008426.8000000097,959111.7999999988
177431565.0636,1008426.8000000097,959111.7999999988
177431567.0636,1008426.8000000097,959111.7999999988
177431569.0636,1008426.8000000097,959111.7999999988
177431571.0636,1008426.7000000097,959111.7999999988
177431573.0636,1008426.7000000097,959111.7999999988
177431575.0636,1008426.7000000097,959111.7999999988
177431577.0636,1008426.7000000097,959111.7999999988
177431579.0636,1008426.7000000097,959111.7999999988
177431581.0636,1008426.7000000097,959111.7999999988
177431583.0636,1008426.7000000097,959111.7999999988
177431585.0636,1008426.7000000097,959111.7999999988
177431587.0636,1008426.7000000097,959111.7999999988
177431589.0636,1008426.7000000097,959111.7999999988
177431591.0636,1008426.7000000097,959111.7999999988
177431593.0636,1008426.7000000097,959111.7999999988
177431595.0636,1008426.7000000097,959111.7999999988
177431597.0636,1008426.6000000098,959111.7999999988
177431599.0636,1008426.6000000098,959111.7999999988
177431601.0636,1008426.6000000098,959111.7999999988
177431603.0636,1008426.6000000098,959111.7999999988
177431605.0636,1008426.6000000098,959111.7999999988
177431607.0636,1008426.5000000098,959111.7999999988
177431609.0636,1008426.4000000098,959111.7999999988
177431611.0636,1008426.4000000098,959111.7999999988
177431613.0636,1008426.4000000098,959111.7999999988
177431615.0636,1008426.3000000098,959111.7999999988
177431617.0636,1008426.3000000098,959111.7999999988
177431619.0636,1008426.2000000098,959111.7999999988
177431621.0636,1008426.2000000098,959111.7999999988
177431623.0636,1008427.6000000099,959111.7999999988
177431625.0636,1008427.6000000099,959111.7999999988
177431627.0636,1008427.5000000099,959111.7999999988
177431629.0636,1008427.5000000099,959111.7999999988
177431631.0636,1008427.5000000099,959111.7999999988
177431633.0636,1008427.6000000099,959111.7999999988
177431635.0636,1008427.5000000099,959111.7999999988
177431637.0636,1008427.5000000099,959111.7999999988
177431639.0636,1008427.5000000099,959111.7999999988
177431641.0636,1008427.5000000099,959111.7999999988
177431643.0636,1008427.5000000099,959111.7999999988
177431645.0636,1008427.4000000099,959111.7999999988
177431647.0636,1008427.4000000099,959111.7999999988
177431649.0636,1008427.4000000099,959111.7999999988
177431651.0636,1008427.4000000099,959111.7999999988
177431653.0636,1008427.4000000099,959111.7999999988
177431655.0636,1008427.4000000099,959111.7999999988
177431657.0636,1008427.4000000099,959111.7999999988
177431659.0636,1008427.4000000099,959111.7999999988
177431661.0636,1008427.5000000099,959111.7999999988
177431663.1636,1008427.5000000099,959111.7999999988
177431665.0636,1008427.5000000099,959111.7999999988
177431667.0636,1008427.5000000099,959111.7999999988
177431669.0636,1008427.5000000099,959111.7999999988
177431671.0636,1013909.4000000099,959111.7999999988
177431673.0636,1013909.4000000099,959111.7999999988
177431675.0636,1013909.4000000099,959111.7999999988
177431677.0636,1013909.4000000099,959111.7999999988
177431679.0636,1013909.4000000099,959111.7999999988
177431681.0636,1013909.4000000099,959111.7999999988
177431683.0636,1013909.4000000099,959111.7999999988
177431685.0636,1013909.4000000099,959111.7999999988
177431687.0636,1013909.30000001,959111.7999999988
177431689.0636,1013909.30000001,959111.7999999988
177431691.0636,1013909.20000001,959111.7999999988
177431693.0636,1013909.20000001,959111.7999999988
177431695.0636,1013909.20000001,959111.7999999988
177431697.0636,1013909.20000001,959111.7999999988
177431699.0636,1013909.20000001,959111.7999999988
177431701.0636,1013909.20000001,959111.7999999988
177431703.0636,1013909.20000001,959111.7999999988
177431705.0636,1013909.20000001,959111.7999999988
177431707.0636,1013909.20000001,959111.7999999988
177431709.0636,1013909.20000001,959111.7999999988
177431711.0636,1013909.10000001,959111.7999999988
177431713.0636,1013909.20000001,959111.7999999988
177431715.0636,1013909.20000001,959111.7999999988
177431717.0636,1013909.20000001,959111.7999999988
177431719.0636,1013909.20000001,959111.7999999988
177431721.0636,1013909.20000001,959111.7999999988
177431723.0636,1013909.10000001,959111.7999999988
177431725.0636,1013909.10000001,959111.7999999988
177431727.0636,1013909.10000001,959111.7999999988
177431729.0636,1013909.10000001,959111.7999999988
177431731.0636,1013909.10000001,959111.7999999988
177431733.0636,1013909.10000001,959111.7999999988
177431735.0636,1013909.10000001,959111.7999999988
177431737.0636,1013909.10000001,959111.7999999988
177431739.0636,1013909.10000001,959111.7999999988
177431741.0636,1013909.00000001,959111.7999999988
177431743.0636,1013909.00000001,959111.7999999988
177431745.0636,1013909.00000001,959111.7999999988
177431747.0636,1013909.00000001,959111.7999999988
177431749.0636,1013909.00000001,959111.7999999988
177431751.0636,1013909.00000001,959111.7999999988
177431753.0636,1013909.00000001,959111.7999999988
177431755.0636,1013909.00000001,959111.7999999988
177431757.0636,1013909.00000001,959111.7999999988
177431759.0636,1013909.00000001,959111.7999999988
177431761.0636,1013909.00000001,959111.7999999988
177431763.0636,1013909.00000001,959111.7999999988
177431765.0636,1013909.00000001,959111.7999999988
177431767.0636,1013909.00000001,959111.7999999988
177431769.0636,1013909.00000001,959111.7999999988
177431771.0636,1013909.00000001,959111.7999999988
177431773.0636,1013909.00000001,959111.7999999988
177431775.0636,1013909.00000001,959111.7999999988
177431777.0636,1013909.00000001,959111.8999999987
177431779.0636,1013908.90000001,959111.8999999987
177431781.0636,1013908.90000001,959111.8999999987
177431783.0636,1013908.90000001,959111.8999999987
177431785.0636,1013908.90000001,959111.8999999987
177431787.0636,1013908.90000001,959111.8999999987
177431789.0636,1013908.90000001,959111.8999999987
177431791.0636,1013908.90000001,959111.8999999987
177431793.0636,1013908.90000001,959111.8999999987
177431795.0636,1013908.90000001,959111.8999999987
177431797.0636,1013908.90000001,959111.8999999987
177431799.0636,1013908.90000001,959111.8999999987
177431801.0636,1013908.90000001,959111.8999999987
177431803.0636,1013908.8000000101,959111.8999999987
177431805.0636,1013908.8000000101,959111.8999999987
177431807.0636,1013908.8000000101,959111.8999999987
177431809.0636,1013908.8000000101,959111.8999999987
177431811.0636,1013908.8000000101,959111.8999999987
177431813.0636,1013908.8000000101,959111.8999999987
177431815.0636,1013908.8000000101,959111.8999999987
177431817.0636,1013908.8000000101,959111.8999999987
177431819.0636,1013908.8000000101,959111.8999999987
177431821.0636,1013908.8000000101,959111.8999999987
177431823.0636,1013908.8000000101,959111.8999999987
177431825.0636,1013908.8000000101,959111.8999999987
177431827.0636,1013908.8000000101,959111.8999999987
177431829.0636,1013908.8000000101,959111.8999999987
177431831.0636,1013908.8000000101,959111.8999999987
177431833.0636,1013908.7000000101,959111.8999999987
177431835.0636,1013908.6000000101,959111.8999999987
177431837.0636,1013908.4000000102,959111.8999999987
177431839.0636,1013908.4000000102,959111.8999999987
177431841.0636,1013908.5000000101,959111.8999999987
177431843.0636,1013908.5000000101,959111.8999999987
177431845.0636,1013908.5000000101,959111.8999999987
177431847.0636,1013908.5000000101,959111.7999999988
177431849.0636,1013908.4000000102,959111.7999999988
177431851.0636,1013908.4000000102,959111.8999999987
177431853.0636,1013908.4000000102,959111.8999999987
177431855.0636,1013908.4000000102,959111.8999999987
177431857.0636,1013908.3000000102,959111.8999999987
177431859.0636,1013908.3000000102,959111.8999999987
177431861.0636,1013908.3000000102,959111.8999999987
177431863.0636,1013908.3000000102,959111.8999999987
177431865.0636,1013908.2000000102,959111.8999999987
177431867.0636,1013908.2000000102,959111.8999999987
177431869.0636,1013908.2000000102,959111.8999999987
177431871.0636,1013908.2000000102,959111.8999999987
177431873.0636,1013908.2000000102,959111.8999999987
177431875.0636,1013908.2000000102,959111.8999999987
177431877.0636,1013908.2000000102,959111.8999999987
177431879.0636,1013908.2000000102,959111.8999999987
177431881.0636,1013908.2000000102,959111.8999999987
177431883.0636,1013908.2000000102,959111.8999999987
177431885.0636,1013908.2000000102,959111.8999999987
177431887.0636,1013908.2000000102,959111.7999999988
177431889.0636,1013908.1000000102,959111.7999999988
177431891.0636,1013908.1000000102,959111.7999999988
177431893.0636,1013908.1000000102,959111.7999999988
177431895.0636,1013908.1000000102,959111.7999999988
177431897.0636,1013908.1000000102,959111.7999999988
177431899.0636,1013908.1000000102,959111.7999999988
177431901.0636,1013908.1000000102,959111.7999999988
177431903.0636,1013908.1000000102,959111.7999999988
177431905.0636,1013908.1000000102,959111.7999999988
177431907.0636,1013908.1000000102,959111.7999999988
177431909.0636,1013908.0000000102,959111.7999999988
177431911.0636,1013908.0000000102,959111.7999999988
177431913.0636,1013908.0000000102,959111.7999999988
177431915.0636,1008428.4000000103,959111.7999999988
177431917.0636,1008428.4000000103,959111.7999999988
177431919.0636,1008428.4000000103,959111.7999999988
177431921.0636,1008428.4000000103,959111.7999999988
177431923.0636,1008428.4000000103,959111.7999999988
177431925.0636,1008428.4000000103,959111.7999999988
177431927.0636,1008428.4000000103,959111.7999999988
177431929.0636,1008428.4000000103,959111.7999999988
177431931.0636,1008428.4000000103,959111.7999999988
177431933.0636,1008428.4000000103,959111.7999999988
177431935.0636,1008428.3000000103,959111.7999999988
177431937.0636,1008428.3000000103,959111.7999999988
177431939.0636,1008428.3000000103,959111.7999999988
177431941.0636,1008428.3000000103,959111.7999999988
177431943.0636,1008428.2000000103,959111.7999999988
177431945.0636,1008428.2000000103,959111.7999999988
177431947.0636,1008428.2000000103,959111.7999999988
177431949.0636,1008428.2000000103,959111.7999999988
177431951.0636,1008428.2000000103,959111.7999999988
177431953.0636,1008428.2000000103,959111.7999999988
177431955.0636,1008428.2000000103,959111.7999999988
177431957.0636,1008428.2000000103,959111.7999999988
177431959.0636,1008428.1000000103,959111.8999999987
177431961.0636,1008428.1000000103,959111.8999999987
177431963.0636,1008428.1000000103,959111.8999999987
177431965.0636,1008428.1000000103,959111.8999999987
177431967.0636,1008428.0000000104,959111.8999999987
177431969.0636,1008428.0000000104,959111.8999999987
177431971.0636,1008428.0000000104,959111.8999999987
177431973.0636,1008428.0000000104,959111.8999999987
177431975.0636,1008428.0000000104,959111.8999999987
177431977.0636,1008428.0000000104,959111.8999999987
177431979.0636,1008428.0000000104,959111.8999999987
177431981.0636,1008427.9000000104,959111.8999999987
177431983.0636,1008427.9000000104,959111.7999999988
177431985.0636,1008427.9000000104,959111.7999999988
177431987.0636,1008427.9000000104,959111.7999999988
177431989.0636,1008427.9000000104,959111.7999999988
177431991.0636,1008427.9000000104,959111.7999999988
177431993.0636,1008427.9000000104,959111.7999999988
177431995.0636,1008427.9000000104,959111.7999999988
177431997.0636,1008427.9000000104,959111.7999999988
177431999.0636,1008427.9000000104,959111.7999999988
177432001.0636,1008427.9000000104,959111.7999999988
177432003.0636,1008427.8000000104,959111.7999999988
177432005.0636,1008427.8000000104,959111.7999999988
177432007.0636,1008427.8000000104,959111.7999999988
177432009.0636,1008427.8000000104,959111.7999999988
177432011.0636,1008427.8000000104,959111.7999999988
177432013.0636,1008427.8000000104,959111.7999999988
177432015.0636,1008427.8000000104,959111.7999999988
177432017.0636,1008427.7000000104,959111.7999999988
177432019.0636,1008427.7000000104,959111.7999999988
177432021.0636,1008427.7000000104,959111.7999999988
177432023.0636,1008427.7000000104,959111.7999999988
177432025.0636,1008427.7000000104,959111.7999999988
177432027.0636,1008427.7000000104,959111.7999999988
177432029.0636,1008427.7000000104,959111.7999999988
177432031.0636,1008427.7000000104,959111.7999999988
177432033.0636,1008427.7000000104,959111.7999999988
177432035.0636,1008427.7000000104,959111.7999999988
177432037.0636,1008427.7000000104,959111.7999999988
177432039.0636,1008427.7000000104,959111.7999999988
177432041.0636,1008427.7000000104,959111.7999999988
177432043.0636,1008427.7000000104,959111.7999999988
177432045.0636,1008427.7000000104,959111.7999999988
177432047.0636,1008427.7000000104,959111.7999999988
177432049.0636,1008427.6000000105,959111.7999999988
177432051.0636,1008427.6000000105,959111.7999999988
177432053.0636,1008427.6000000105,959111.7999999988
177432055.0636,1008427.6000000105,959111.7999999988
177432057.0636,1008427.6000000105,959111.8999999987
177432059.0636,1008427.6000000105,959111.8999999987
177432061.0636,1008427.5000000105,959111.8999999987
177432063.0636,1008427.5000000105,959111.8999999987
177432065.0636,1008427.5000000105,959111.8999999987
177432067.0636,1008427.5000000105,959111.7999999988
177432069.0636,1008427.6000000105,959111.7999999988
177432071.0636,1008427.6000000105,959111.7999999988
177432073.0636,1008427.6000000105,959111.7999999988
177432075.0636,1008427.6000000105,959111.7999999988
177432077.0636,1008427.6000000105,959111.7999999988
177432079.0636,1008427.6000000105,959111.7999999988
177432081.0636,1008427.6000000105,959111.7999999988
177432083.0636,1008427.6000000105,959111.7999999988
177432085.0636,1008427.6000000105,959111.7999999988
177432087.0636,1008427.6000000105,959111.7999999988
177432089.0636,1008427.6000000105,959111.7999999988
177432091.0636,1008427.6000000105,959111.7999999988
177432093.0636,1008427.6000000105,959111.7999999988
177432095.0636,1008427.6000000105,959111.7999999988
177432097.0636,1008427.6000000105,959111.7999999988
177432099.0636,1008427.6000000105,959111.7999999988
177432101.0636,1008427.6000000105,959111.7999999988
177432103.0636,1008427.5000000105,959111.7999999988
177432105.0636,1008427.5000000105,959111.8999999987
177432107.0636,1008427.5000000105,959111.8999999987
177432109.0636,1008427.5000000105,959111.8999999987
177432111.0636,1008427.5000000105,959111.8999999987
177432113.0636,1008427.5000000105,959111.8999999987
177432115.0636,1008427.5000000105,959111.8999999987
177432117.0636,1008427.5000000105,959111.8999999987
177432119.0636,1008427.5000000105,959111.8999999987
177432121.0636,1008427.5000000105,959111.8999999987
177432123.0636,1008427.5000000105,959111.8999999987
177432125.0636,1008427.5000000105,959111.8999999987
177432127.0636,1008427.5000000105,959111.8999999987
177432129.0636,1008427.5000000105,959111.8999999987
177432131.0636,1008427.5000000105,959111.8999999987
177432133.0636,1008427.5000000105,959111.8999999987
177432135.0636,1008427.5000000105,959111.8999999987
177432137.0636,1008427.5000000105,959111.8999999987
177432139.0636,1008427.5000000105,959111.8999999987
177432141.0636,1008427.5000000105,959111.8999999987
177432143.0636,1008427.5000000105,959111.8999999987
177432145.0636,1008427.5000000105,959111.8999999987
177432147.0636,1008427.4000000105,959111.8999999987
177432149.0636,1008427.4000000105,959111.8999999987
177432151.0636,1008427.4000000105,959111.8999999987
177432153.0636,1008427.4000000105,959111.8999999987
177432155.0636,1008427.4000000105,959111.8999999987
177432157.0636,1008427.4000000105,959111.7999999988
177432159.0636,1008427.4000000105,959111.7999999988
177432161.0636,1008427.5000000105,959111.7999999988
177432163.0636,1008427.5000000105,959111.7999999988
177432165.0636,1008427.5000000105,959111.7999999988
177432167.0636,1008427.5000000105,959111.7999999988
177432169.0636,1008427.5000000105,959111.8999999987
177432171.0636,1003495.9000000105,959111.8999999987
177432173.0636,1003495.8000000105,959111.8999999987
177432175.0636,1003495.8000000105,959111.8999999987
177432177.0636,1003495.8000000105,959111.8999999987
177432179.0636,1003495.8000000105,959111.8999999987
177432181.0636,1003495.8000000105,959111.8999999987
177432183.0636,1003495.7000000105,959111.8999999987
177432185.0636,1003495.7000000105,959111.8999999987
177432187.0636,1003495.7000000105,959111.8999999987
177432189.0636,1003495.7000000105,959111.8999999987
177432191.0636,1003495.7000000105,959111.8999999987
177432193.0636,1003495.7000000105,959111.8999999987
177432195.0636,1003495.6000000106,959111.8999999987
177432197.0636,1003495.6000000106,959111.8999999987
177432199.0636,1003495.5000000106,959111.8999999987
177432201.0636,1003495.4000000106,959111.8999999987
177432203.0636,1003495.4000000106,959111.9999999987
177432205.0636,1003495.4000000106,959111.9999999987
177432207.0636,1003495.4000000106,959111.9999999987
177432209.0636,1003495.4000000106,959111.9999999987
177432211.0636,1003495.4000000106,959111.9999999987
177432213.0636,1003495.4000000106,959111.9999999987
177432215.0636,1003495.4000000106,959111.9999999987
177432217.0636,1003495.4000000106,959111.9999999987
177432219.0636,1003495.4000000106,959111.9999999987
177432221.0636,1003495.4000000106,959111.9999999987
177432223.0636,1003495.4000000106,959111.9999999987
177432225.0636,1003495.4000000106,959111.9999999987
177432227.0636,1003495.4000000106,959111.9999999987
177432229.0636,1003495.4000000106,959111.9999999987
177432231.0636,1003495.4000000106,959111.9999999987
177432233.0636,1003495.4000000106,959111.9999999987
177432235.0636,1003495.4000000106,959111.9999999987
177432237.0636,1003495.4000000106,959111.9999999987
177432239.0636,1003495.5000000106,959111.9999999987
177432241.0636,1003495.5000000106,959111.9999999987
177432243.0636,1003495.5000000106,959111.8999999987
177432245.0636,1003495.5000000106,959111.8999999987
177432247.0636,1003495.5000000106,959111.8999999987
177432249.0636,1003495.5000000106,959111.8999999987
177432251.0636,1003495.5000000106,959111.8999999987
177432253.0636,1003495.5000000106,959111.8999999987
177432255.0636,1003495.5000000106,959111.8999999987
177432257.0636,1003495.5000000106,959111.8999999987
177432259.0636,1003495.5000000106,959111.8999999987
177432261.0636,1003495.5000000106,959111.8999999987
177432263.0636,1003495.5000000106,959111.8999999987
177432265.0636,1003495.5000000106,959111.8999999987
177432267.0636,1003495.5000000106,959111.8999999987
177432269.0636,1003495.5000000106,959111.8999999987
177432271.0636,1003495.5000000106,959111.8999999987
177432273.0636,1003495.5000000106,959111.8999999987
177432275.0636,1003495.5000000106,959111.8999999987
177432277.0636,1003495.5000000106,959111.8999999987
177432279.0636,1003495.5000000106,959111.8999999987
177432281.0636,1003495.5000000106,959111.8999999987
177432283.0636,1003495.4000000106,959111.8999999987
177432285.0636,1003495.4000000106,959111.8999999987
177432287.0636,1003495.4000000106,959111.8999999987
177432289.0636,1003495.3000000106,959111.8999999987
177432291.0636,1003495.3000000106,959111.8999999987
177432293.0636,1003495.4000000106,959111.8999999987
177432295.0636,1003495.4000000106,959111.8999999987
177432297.0636,1003495.3000000106,959111.9999999987
177432299.0636,1003495.3000000106,959111.9999999987
177432301.0636,1003495.2000000107,959111.9999999987
177432303.0636,1003495.2000000107,959111.9999999987
177432305.0636,1003495.2000000107,959111.9999999987
177432307.0636,1003495.2000000107,959111.9999999987
177432309.0636,1003495.2000000107,959111.9999999987
177432311.0636,1003495.2000000107,959111.9999999987
177432313.0636,1003495.2000000107,959111.9999999987
177432315.0636,1003495.2000000107,959111.9999999987
177432317.0636,1003495.2000000107,959111.9999999987
177432319.0636,1003495.2000000107,959111.9999999987
177432321.0636,1003495.2000000107,959111.8999999987
177432323.0636,1003495.3000000106,959111.8999999987
177432325.0636,1003495.3000000106,959111.8999999987
177432327.0636,1003495.3000000106,959111.9999999987
177432329.0636,1003495.3000000106,959111.9999999987
177432331.0636,1008427.5000000106,959111.9999999987
177432333.0636,1008427.5000000106,959111.9999999987
177432335.0636,1008427.5000000106,959111.9999999987
177432337.0636,1008427.5000000106,959111.9999999987
177432339.0636,1008427.5000000106,959111.9999999987
177432341.0636,1008427.5000000106,959111.9999999987
177432343.0636,1008427.5000000106,959111.9999999987
177432345.0636,1008427.5000000106,959111.9999999987
177432347.0636,1008427.5000000106,959111.9999999987
177432349.0636,1008427.5000000106,959111.9999999987
177432351.0636,1008427.5000000106,959111.9999999987
177432353.0636,1008427.5000000106,959111.9999999987
177432355.0636,1008427.5000000106,959111.9999999987
177432357.0636,1008427.5000000106,959111.9999999987
177432359.0636,1008427.5000000106,959111.9999999987
177432361.0636,1008427.5000000106,959111.9999999987
177432363.0636,1008427.5000000106,959111.9999999987
177432365.0636,1008427.5000000106,959111.9999999987
177432367.0636,1008427.5000000106,959111.9999999987
177432369.0636,1008427.5000000106,959111.8999999987
177432371.0636,1008427.4000000106,959111.8999999987
177432373.0636,1008427.4000000106,959111.8999999987
177432375.0636,1008427.4000000106,959111.8999999987
177432377.0636,1008427.4000000106,959111.8999999987
177432379.0636,1008427.4000000106,959111.8999999987
177432381.0636,1008427.4000000106,959111.8999999987
177432383.0636,1008427.4000000106,959111.8999999987
177432385.0636,1008427.4000000106,959111.8999999987
177432387.0636,1008427.3000000106,959111.9999999987
177432389.0636,1008427.3000000106,959111.9999999987
177432391.0636,1008427.3000000106,959111.9999999987
177432393.0636,1008427.3000000106,959111.9999999987
177432395.0636,1008427.3000000106,959111.9999999987
177432397.0636,1008427.3000000106,959111.9999999987
177432399.0636,1008427.3000000106,959111.9999999987
177432401.0636,1008427.2000000107,959111.9999999987
177432403.0636,1008427.2000000107,959111.9999999987
177432405.0636,1008427.2000000107,959111.9999999987
177432407.0636,1008427.2000000107,959111.9999999987
177432409.0636,1008427.2000000107,959111.9999999987
177432411.0636,1008427.2000000107,959111.9999999987
177432413.0636,1008427.2000000107,959111.9999999987
177432415.0636,1008427.2000000107,959111.9999999987
177432417.0636,1008427.2000000107,959111.9999999987
177432419.0636,1008427.2000000107,959111.9999999987
177432421.0636,1008427.2000000107,959111.9999999987
177432423.0636,1008427.3000000106,959111.9999999987
177432425.0636,1008427.3000000106,959111.9999999987
177432427.0636,1008427.2000000107,959111.9999999987
177432429.0636,1008427.2000000107,959111.9999999987
177432431.0636,1008427.2000000107,959111.9999999987
177432433.0636,1008427.3000000106,959111.9999999987
177432435.0636,1008427.3000000106,959112.0999999987
177432437.0636,1008427.3000000106,959112.0999999987
177432439.0636,1008427.3000000106,959112.0999999987
177432441.0636,1008427.3000000106,959112.0999999987
177432443.0636,1008427.3000000106,959112.0999999987
177432445.0636,1008427.3000000106,959112.0999999987
177432447.0636,980000.0000000106,959112.0999999987
177432449.0636,980000.0000000106,959112.0999999987
177432451.0636,980000.0000000106,959112.0999999987
177432453.0636,980000.0000000106,959112.0999999987
177432455.0636,980000.0000000106,959112.0999999987
177432457.0636,980000.0000000106,959112.0999999987
177432459.0636,980000.0000000106,959112.0999999987
177432461.0636,980000.0000000106,959112.1999999987
177432463.0636,980000.0000000106,959112.1999999987
177432465.0636,980000.0000000106,959112.1999999987
177432467.0636,980000.0000000106,959112.2999999986
177432469.0636,980000.0000000106,959112.2999999986
177432471.0636,980000.0000000106,959112.3999999986
177432473.0636,979999.9000000106,959112.3999999986
177432475.0636,1008427.4000000106,959112.4999999986
177432477.0636,1008427.4000000106,959112.4999999986
177432479.0636,1008427.4000000106,959112.4999999986
177432481.0636,1008427.4000000106,959112.4999999986
177432483.0636,1008427.4000000106,959112.4999999986
177432485.0636,1008427.4000000106,959112.4999999986
177432487.0636,1008427.4000000106,959112.4999999986
177432489.0636,1008427.4000000106,959112.4999999986
177432491.0636,1008427.4000000106,959112.4999999986
177432493.0636,1008427.4000000106,959112.4999999986
177432495.0636,1008427.4000000106,959112.4999999986
177432497.0636,1008427.4000000106,959112.4999999986
177432499.0636,1008427.4000000106,959112.4999999986
177432501.0636,1008427.4000000106,959112.4999999986
177432503.0636,1008427.4000000106,959112.4999999986
177432505.0636,1008427.4000000106,959112.4999999986
177432507.0636,1008427.4000000106,959112.4999999986
177432509.0636,1008427.4000000106,959112.4999999986
177432511.0636,1008427.4000000106,959112.4999999986
177432513.0636,1008427.4000000106,959112.4999999986
177432515.0636,1008427.4000000106,959112.4999999986
177432517.0636,1008427.3000000106,959112.4999999986
177432519.0636,1008427.3000000106,959112.4999999986
177432521.0636,1008427.3000000106,959112.4999999986
177432523.0636,1008427.3000000106,959112.4999999986
177432525.0636,1008427.3000000106,959112.4999999986
177432527.0636,1008427.3000000106,959112.4999999986
177432529.0636,1008427.3000000106,959112.4999999986
177432531.0636,1008427.3000000106,959112.4999999986
177432533.0636,1008427.2000000107,959112.4999999986
177432535.0636,1008427.1000000107,959112.4999999986
177432537.0636,1008427.1000000107,959112.4999999986
177432539.0636,1008427.0000000107,959112.4999999986
177432541.0636,1008427.0000000107,959112.4999999986
177432543.0636,1008427.0000000107,959112.4999999986
177432545.0636,1008427.0000000107,959112.4999999986
177432547.0636,1008427.0000000107,959112.4999999986
177432549.0636,1008427.0000000107,959112.4999999986
177432551.0636,1008427.0000000107,959112.4999999986
177432553.0636,1008427.0000000107,959112.4999999986
177432555.0636,1008427.0000000107,959112.4999999986
177432557.0636,1008427.2000000107,959112.5999999986
177432559.0636,1008427.1000000107,959112.6999999986
177432561.0636,1008427.1000000107,959112.5999999986
177432563.0636,1008427.1000000107,959112.5999999986
177432565.0636,1008427.1000000107,959112.5999999986
177432567.0636,1008427.1000000107,959112.5999999986
177432569.0636,1008427.1000000107,959112.5999999986
177432571.0636,1008427.1000000107,959112.5999999986
177432573.0636,1008427.1000000107,959112.5999999986
177432575.0636,1008427.9000000107,959112.5999999986
177432577.0636,1008427.9000000107,959112.5999999986
177432579.0636,1008427.9000000107,959112.5999999986
177432581.0636,1008427.9000000107,959112.6999999986
177432583.0636,1008427.9000000107,959112.6999999986
177432585.0636,1008427.9000000107,959112.6999999986
177432587.0636,1008427.9000000107,959112.7999999985
177432589.0636,1008427.9000000107,959112.7999999985
177432591.0636,1008427.9000000107,959112.7999999985
177432593.0636,1008428.0000000107,959112.7999999985
177432595.0636,1008428.0000000107,959112.7999999985
177432597.0636,1008428.0000000107,959112.7999999985
177432599.0636,1008428.0000000107,959112.7999999985
177432601.0636,1008428.0000000107,959112.7999999985
177432603.0636,1008428.0000000107,959112.7999999985
177432605.0636,1008428.0000000107,959112.7999999985
177432607.0636,1008428.0000000107,959112.7999999985
177432609.0636,1008428.0000000107,959112.7999999985
177432611.0636,1008428.0000000107,959112.7999999985
177432613.0636,1008428.0000000107,959112.7999999985
177432615.0636,1008428.0000000107,959112.7999999985
177432617.1636,1008428.0000000107,959112.7999999985
177432619.0636,1008428.0000000107,959112.7999999985
177432621.0636,1008428.0000000107,959112.7999999985
177432623.0636,1008428.0000000107,959112.7999999985
177432625.0636,1008428.0000000107,959112.7999999985
177432627.0636,1008428.0000000107,959112.7999999985
177432629.0636,1008428.0000000107,959112.7999999985
177432631.0636,1008428.0000000107,959112.7999999985
177432633.0636,1013908.6000000107,959112.7999999985
177432635.0636,1013908.7000000107,959112.7999999985
177432637.0636,1013908.7000000107,959112.7999999985
177432639.0636,1013908.7000000107,959112.7999999985
177432641.0636,1013908.7000000107,959112.7999999985
177432643.0636,1013908.7000000107,959112.6999999986
177432645.0636,1013908.7000000107,959112.6999999986
177432647.0636,1013908.6000000107,959112.6999999986
177432649.0636,1013908.6000000107,959112.6999999986
177432651.0636,1013908.6000000107,959112.6999999986
177432653.0636,1013908.6000000107,959112.6999999986
177432655.0636,1013908.6000000107,959112.6999999986
177432657.0636,1013908.6000000107,959112.6999999986
177432659.0636,1013908.6000000107,959112.6999999986
177432661.0636,1013908.6000000107,959112.6999999986
177432663.0636,1013908.5000000107,959112.6999999986
177432665.0636,1013908.5000000107,959112.6999999986
177432667.0636,1013908.5000000107,959112.6999999986
177432669.0636,1013908.5000000107,959112.6999999986
177432671.0636,1013908.4000000107,959112.6999999986
177432673.0636,1013908.4000000107,959112.6999999986
177432675.0636,1013908.4000000107,959112.6999999986
177432677.0636,1013908.4000000107,959112.6999999986
177432679.0636,1013908.4000000107,959112.6999999986
177432681.0636,1013908.4000000107,959112.6999999986
177432683.0636,1013908.4000000107,959112.6999999986
177432685.0636,1013908.4000000107,959112.6999999986
177432687.0636,1013908.4000000107,959112.6999999986
177432689.0636,1013908.4000000107,959112.6999999986
177432691.0636,1013908.4000000107,959112.6999999986
177432693.0636,1013908.4000000107,959112.6999999986
177432695.0636,1013908.4000000107,959112.6999999986
177432697.0636,1013908.4000000107,959112.6999999986
177432699.0636,1013908.4000000107,959112.6999999986
177432701.0636,1013908.4000000107,959112.6999999986
177432703.0636,1013908.4000000107,959112.6999999986
177432705.0636,1013908.4000000107,959112.6999999986
177432707.0636,1013908.3000000108,959112.6999999986
177432709.0636,1013908.3000000108,959112.6999999986
177432711.0636,1008428.7000000108,959112.6999999986
177432713.0636,1008428.6000000108,959112.6999999986
177432715.0636,1008428.6000000108,959112.6999999986
177432717.0636,1008428.6000000108,959112.6999999986
177432719.0636,1008428.6000000108,959112.6999999986
177432721.0636,1008428.6000000108,959112.6999999986
177432723.0636,1008428.6000000108,959112.6999999986
177432725.0636,1008428.6000000108,959112.6999999986
177432727.0636,1008428.6000000108,959112.6999999986
177432729.0636,1008428.6000000108,959112.6999999986
177432731.0636,1008428.6000000108,959112.6999999986
177432733.0636,1008428.6000000108,959112.6999999986
177432735.0636,1008428.6000000108,959112.6999999986
177432737.0636,1008428.6000000108,959112.6999999986
177432739.0636,1008428.6000000108,959112.6999999986
177432741.0636,1008428.6000000108,959112.6999999986
177432743.0636,1008428.6000000108,959112.6999999986
177432745.0636,1008428.6000000108,959112.6999999986
177432747.0636,1008428.6000000108,959112.6999999986
177432749.0636,1008428.6000000108,959112.6999999986
177432751.0636,1008428.6000000108,959112.6999999986
177432753.0636,1008428.6000000108,959112.6999999986
177432755.0636,1008428.6000000108,959112.6999999986
177432757.0636,1008428.6000000108,959112.6999999986
177432759.0636,1008428.6000000108,959112.6999999986
177432761.0636,1008428.6000000108,959112.6999999986
177432763.0636,1008428.6000000108,959112.6999999986
177432765.0636,1008428.6000000108,959112.6999999986
177432767.0636,1008428.6000000108,959112.6999999986
177432769.0636,1008428.6000000108,959112.6999999986
177432771.0636,1008428.6000000108,959112.6999999986
177432773.0636,1008428.6000000108,959112.6999999986
177432775.0636,1008428.6000000108,959112.6999999986
177432777.0636,1008428.6000000108,959112.6999999986
177432779.0636,1008428.6000000108,959112.6999999986
177432781.0636,1008428.6000000108,959112.6999999986
177432783.0636,1008428.6000000108,959112.6999999986
177432785.0636,1008428.4000000108,959112.6999999986
177432787.0636,1008428.4000000108,959112.6999999986
177432789.0636,1008428.4000000108,959112.6999999986
177432791.0636,1008428.6000000108,959112.6999999986
177432793.0636,1008428.6000000108,959112.6999999986
177432795.0636,1008428.6000000108,959112.6999999986
177432797.0636,1008428.6000000108,959112.6999999986
177432799.0636,1008428.5000000108,959112.6999999986
177432801.0636,1008428.6000000108,959112.6999999986
177432803.0636,1008428.5000000108,959112.6999999986
177432805.0636,1008428.5000000108,959112.6999999986
177432807.0636,1008428.5000000108,959112.6999999986
177432809.0636,1008428.5000000108,959112.6999999986
177432811.0636,1008428.5000000108,959112.6999999986
177432813.0636,1008428.5000000108,959112.6999999986
177432815.0636,1008428.5000000108,959112.6999999986
177432817.0636,1008428.5000000108,959112.6999999986
177432819.0636,1008428.5000000108,959112.6999999986
177432821.0636,1008428.4000000108,959112.6999999986
177432823.0636,1008428.4000000108,959112.6999999986
177432825.0636,1008428.4000000108,959112.6999999986
177432827.0636,1008428.3000000109,959112.6999999986
177432829.0636,1008428.3000000109,959112.6999999986
177432831.0636,1008428.3000000109,959112.7999999985
177432833.0636,1003496.7000000109,959112.7999999985
177432835.0636,1003496.7000000109,959112.7999999985
177432837.0636,1003496.7000000109,959112.7999999985
177432839.0636,1003496.7000000109,959112.7999999985
177432841.0636,1003496.6000000109,959112.7999999985
177432843.0636,1003496.6000000109,959112.7999999985
177432845.0636,1003496.6000000109,959112.7999999985
177432847.0636,1003496.6000000109,959112.7999999985
177432849.0636,1003496.6000000109,959112.7999999985
177432851.0636,1003496.6000000109,959112.7999999985
177432853.0636,1003496.6000000109,959112.7999999985
177432855.0636,1003496.6000000109,959112.7999999985
177432857.0636,1003496.6000000109,959112.7999999985
177432859.0636,1003496.6000000109,959112.6999999986
177432861.0636,1003496.6000000109,959112.6999999986
177432863.0636,1003496.6000000109,959112.6999999986
177432865.0636,1003496.6000000109,959112.6999999986
177432867.0636,1003496.7000000109,959112.6999999986
177432869.0636,1003496.7000000109,959112.7999999985
177432871.0636,1003496.7000000109,959112.7999999985
177432873.0636,1003496.7000000109,959112.7999999985
177432875.0636,1003496.7000000109,959112.7999999985
177432877.0636,1003496.7000000109,959112.7999999985
177432879.0636,1003496.7000000109,959112.6999999986
177432881.0636,1008428.4000000108,959112.6999999986
177432883.0636,1008428.4000000108,959112.7999999985
177432885.0636,1008428.4000000108,959112.7999999985
177432887.0636,1008428.4000000108,959112.7999999985
177432889.0636,1008428.4000000108,959112.7999999985
177432891.0636,1008428.4000000108,959112.7999999985
177432893.0636,1008428.4000000108,959112.7999999985
177432895.0636,1008428.4000000108,959112.7999999985
177432897.0636,1008428.4000000108,959112.7999999985
177432899.0636,1008428.4000000108,959112.7999999985
177432901.0636,1008428.4000000108,959112.7999999985
177432903.0636,1008428.4000000108,959112.7999999985
177432905.0636,1008428.4000000108,959112.7999999985
177432907.0636,1008428.4000000108,959112.7999999985
177432909.0636,1008428.4000000108,959112.7999999985
177432911.0636,1008428.4000000108,959112.7999999985
177432913.0636,1008428.4000000108,959112.7999999985
177432915.0636,1008428.4000000108,959112.7999999985
177432917.0636,1008428.4000000108,959112.7999999985
177432919.0636,1008428.4000000108,959112.7999999985
177432921.0636,1008428.4000000108,959112.7999999985
177432923.0636,1008428.4000000108,959112.7999999985
177432925.0636,1008428.4000000108,959112.7999999985
177432927.0636,1008428.4000000108,959112.7999999985
177432929.0636,1008428.4000000108,959112.7999999985
177432931.0636,1008428.4000000108,959112.7999999985
177432933.0636,1008428.4000000108,959112.7999999985
177432935.0636,1008428.4000000108,959112.7999999985
177432937.0636,1008428.4000000108,959112.7999999985
177432939.0636,1008428.4000000108,959112.7999999985
177432941.0636,1008428.4000000108,959112.7999999985
177432943.0636,1013908.4000000108,959112.7999999985
177432945.0636,1013908.5000000108,959112.7999999985
177432947.0636,1013908.5000000108,959112.7999999985
177432949.0636,1013908.5000000108,959112.7999999985
177432951.0636,1013908.5000000108,959112.7999999985
177432953.0636,1013908.5000000108,959112.7999999985
177432955.0636,1013908.5000000108,959112.7999999985
177432957.0636,1013908.5000000108,959112.7999999985
177432959.0636,1013908.5000000108,959112.6999999986
177432961.0636,1013908.5000000108,959112.6999999986
177432963.0636,1013908.5000000108,959112.6999999986
177432965.0636,1013908.5000000108,959112.6999999986
177432967.0636,1013908.5000000108,959112.6999999986
177432969.0636,1013908.5000000108,959112.6999999986
177432971.0636,1013908.5000000108,959112.6999999986
177432973.0636,1013908.5000000108,959112.6999999986
177432975.0636,1013908.5000000108,959112.6999999986
177432977.0636,1013908.5000000108,959112.6999999986
177432979.0636,1013908.5000000108,959112.6999999986
177432981.0636,1013908.5000000108,959112.6999999986
177432983.0636,1013908.4000000108,959111.7999999985
177432985.0636,1013908.4000000108,959111.7999999985
177432987.0636,1013909.6000000108,959111.7999999985
177432989.0636,1013909.6000000108,959111.7999999985
177432991.0636,1013909.6000000108,959111.7999999985
177432993.0636,1013909.6000000108,959111.7999999985
177432995.0636,1013909.6000000108,959111.7999999985
177432997.0636,1013909.6000000108,959111.7999999985
177432999.0636,1013909.6000000108,959111.7999999985
177433001.0636,1013909.6000000108,959111.7999999985
177433003.0636,1013909.6000000108,959111.7999999985
177433005.0636,1013909.6000000108,959111.7999999985
177433007.0636,1013909.6000000108,959111.7999999985
177433009.0636,1013909.6000000108,959111.7999999985
177433011.0636,1019998.2000000108,959111.7999999985
177433013.0636,1019998.2000000108,959111.7999999985
177433015.0636,1019998.2000000108,959111.7999999985
177433017.0636,1019998.2000000108,959111.7999999985
177433019.0636,1019998.2000000108,959111.7999999985
177433021.0636,1019998.2000000108,959111.7999999985
177433023.0636,1019998.2000000108,959111.7999999985
177433025.0636,1019998.2000000108,959111.7999999985
177433027.0636,1019998.2000000108,959111.7999999985
177433029.0636,1019998.2000000108,959111.7999999985
177433031.0636,1019998.2000000108,959111.7999999985
177433033.0636,1019998.2000000108,959111.7999999985
177433035.0636,1019998.2000000108,959111.7999999985
177433037.0636,1019998.2000000108,959111.7999999985
177433039.0636,1019998.2000000108,959111.7999999985
177433041.0636,1019998.2000000108,959111.7999999985
177433043.0636,1019998.6000000108,959111.7999999985
177433045.0636,1019998.6000000108,959111.7999999985
177433047.0636,1019998.6000000108,959111.7999999985
177433049.0636,1019998.6000000108,959111.7999999985
177433051.0636,1019998.6000000108,959111.7999999985
177433053.0636,1019998.6000000108,959111.8999999985
177433055.0636,1019998.6000000108,959111.8999999985
177433057.0636,1019998.5000000108,959111.8999999985
177433059.0636,1019998.5000000108,959111.8999999985
177433061.0636,1019998.4000000108,959111.7999999985
177433063.0636,1019998.4000000108,959111.7999999985
177433065.0636,1019998.3000000109,959111.7999999985
177433067.0636,1019998.3000000109,959111.7999999985
177433069.0636,1019998.3000000109,959111.7999999985
177433071.0636,1019998.3000000109,959111.7999999985
177433073.0636,1019998.3000000109,959111.7999999985
177433075.0636,1019998.3000000109,959111.7999999985
177433077.0636,1019998.3000000109,959111.7999999985
177433079.0636,1019998.3000000109,959111.7999999985
177433081.0636,1019998.2000000109,959111.7999999985
177433083.0636,1019998.2000000109,959111.7999999985
177433085.0636,1019998.3000000109,959111.7999999985
177433087.0636,1019998.3000000109,959111.7999999985
177433089.0636,1019998.3000000109,959111.7999999985
177433091.0636,1019998.3000000109,959111.7999999985
177433093.0636,1019998.3000000109,959111.7999999985
177433095.0636,1019998.3000000109,959111.7999999985
177433097.0636,1019998.3000000109,959111.7999999985
177433099.0636,1019998.3000000109,959111.7999999985
177433101.0636,1019998.3000000109,959111.7999999985
177433103.0636,1019998.3000000109,959111.8999999985
177433105.0636,1019998.3000000109,959111.7999999985
177433107.0636,1019998.2000000109,959111.7999999985
177433109.0636,1019998.6000000109,959111.7999999985
177433111.0636,1019999.6000000109,959111.8999999985
177433113.0636,1019999.6000000109,959111.8999999985
177433115.0636,1019999.6000000109,959111.9999999985
177433117.0636,1019999.6000000109,959111.9999999985
177433119.0636,1019999.6000000109,959111.9999999985
177433121.0636,1019999.6000000109,959111.9999999985
177433123.0636,1019999.6000000109,959111.9999999985
177433125.0636,1019999.6000000109,959111.9999999985
177433127.0636,1019999.6000000109,959111.9999999985
177433129.0636,1019999.6000000109,959111.9999999985
177433131.0636,1019999.500000011,959111.9999999985
177433133.0636,1020000.000000011,959111.9999999985
177433135.0636,1020000.000000011,959111.9999999985
177433137.0636,1020000.000000011,959111.9999999985
177433139.0636,1020000.000000011,959112.0999999985
177433141.0636,1020000.000000011,959112.0999999985
177433143.0636,1020000.000000011,959112.0999999985
177433145.0636,1020000.000000011,959112.0999999985
177433147.0636,1019999.900000011,959112.0999999985
177433149.0636,1019999.800000011,959112.0999999985
177433151.0636,1019999.800000011,959112.0999999985
177433153.0636,1019999.800000011,959112.0999999985
177433155.0636,1019999.800000011,959112.0999999985
177433157.0636,1019999.800000011,959112.0999999985
177433159.0636,1019999.800000011,959112.0999999985
177433161.0636,1019999.800000011,959112.0999999985
177433163.0636,1019999.800000011,959112.0999999985
177433165.0636,1019999.800000011,959112.0999999985
177433167.0636,1019999.800000011,959112.0999999985
177433169.0636,1019999.800000011,959112.1999999984
177433171.0636,1019999.800000011,959112.1999999984
177433173.0636,1019999.800000011,959112.1999999984
177433175.0636,1019999.800000011,959112.1999999984
177433177.0636,1019999.800000011,959112.1999999984
177433179.0636,1019999.800000011,959112.1999999984
177433181.0636,1019999.800000011,959112.1999999984
177433183.0636,1019999.800000011,959112.1999999984
177433185.0636,1019999.800000011,959112.1999999984
177433187.0636,1019999.800000011,959112.1999999984
177433189.0636,1019999.800000011,959112.1999999984
177433191.0636,1019999.800000011,959112.1999999984
177433193.0636,1019999.800000011,959112.1999999984
177433195.0636,1019999.800000011,959112.1999999984
177433197.0636,1019999.800000011,959112.1999999984
177433199.0636,1019999.800000011,959112.1999999984
177433201.0636,1019999.700000011,959112.1999999984
177433203.0636,1019999.600000011,959112.1999999984
177433205.0636,1019999.600000011,959112.1999999984
177433207.0636,1019999.5000000111,959112.1999999984
177433209.0636,1019999.4000000111,959112.1999999984
177433211.0636,1019999.4000000111,959112.1999999984
177433213.0636,1019999.4000000111,959112.1999999984
177433215.0636,1019999.4000000111,959112.1999999984
177433217.0636,1019999.4000000111,959112.1999999984
177433219.0636,1019999.4000000111,959112.1999999984
177433221.0636,1019999.4000000111,959112.1999999984
177433223.0636,1019999.3000000111,959112.1999999984
177433225.0636,1019999.3000000111,959112.1999999984
177433227.0636,1019999.3000000111,959112.1999999984
177433229.0636,1019999.3000000111,959112.1999999984
177433231.0636,1019999.3000000111,959112.1999999984
177433233.0636,1019999.2000000111,959112.1999999984
177433235.0636,1019999.2000000111,959112.1999999984
177433237.0636,1019999.2000000111,959112.1999999984
177433239.0636,1019999.2000000111,959112.1999999984
177433241.0636,1019999.2000000111,959112.1999999984
177433243.0636,1019999.2000000111,959112.1999999984
177433245.0636,1019999.2000000111,959112.1999999984
177433247.0636,1019999.2000000111,959112.1999999984
177433249.0636,1019999.2000000111,959112.1999999984
177433251.0636,1019999.2000000111,959112.1999999984
177433253.0636,1019999.2000000111,959112.1999999984
177433255.0636,1019999.2000000111,959112.1999999984
177433257.0636,1019999.2000000111,959112.1999999984
177433259.0636,1019999.1000000112,959112.1999999984
177433261.0636,1019999.1000000112,959112.1999999984
177433263.0636,1019999.1000000112,959112.1999999984
177433265.0636,1019999.1000000112,959112.1999999984
177433267.0636,1019999.1000000112,959112.1999999984
177433269.0636,1019999.0000000112,959112.1999999984
177433271.0636,1019999.0000000112,959112.1999999984
177433273.0636,1019999.0000000112,959112.1999999984
177433275.0636,1019999.0000000112,959112.1999999984
177433277.0636,1019998.9000000112,959112.1999999984
177433279.0636,1019998.9000000112,959112.1999999984
177433281.0636,1019998.9000000112,959112.1999999984
177433283.0636,1019999.0000000112,959112.1999999984
177433285.0636,1019999.0000000112,959112.1999999984
177433287.0636,1019999.9000000112,959112.1999999984
177433289.0636,1019999.9000000112,959112.1999999984
177433291.0636,1019999.9000000112,959112.1999999984
177433293.0636,1019999.9000000112,959112.1999999984
177433295.1636,1019999.9000000112,959112.1999999984
177433297.0636,1019999.9000000112,959112.1999999984
177433299.0636,1019999.9000000112,959112.1999999984
177433301.0636,1019999.9000000112,959112.1999999984
177433303.0636,1019999.9000000112,959112.1999999984
177433305.0636,1019999.9000000112,959112.1999999984
177433307.0636,1019999.9000000112,959112.1999999984
177433309.0636,1019999.9000000112,959112.1999999984
177433311.0636,1019999.9000000112,959112.1999999984
177433313.0636,1019999.9000000112,959112.2999999984
177433315.0636,1019999.9000000112,959112.2999999984
177433317.0636,1019999.8000000112,959112.2999999984
177433319.0636,1019999.8000000112,959112.2999999984
177433321.0636,1020000.0000000112,959112.2999999984
177433323.0636,1020000.0000000112,959112.2999999984
177433325.0636,1020000.0000000112,959112.2999999984
177433327.0636,1020000.0000000112,959112.2999999984
177433329.0636,1020000.0000000112,959112.2999999984
177433331.0636,1020000.0000000112,959112.2999999984
177433333.0636,1020000.0000000112,959112.2999999984
177433335.0636,1020000.0000000112,959112.2999999984
177433337.0636,1020000.0000000112,959112.2999999984
177433339.0636,1019999.9000000112,959112.1999999984
177433341.0636,1019999.9000000112,959112.1999999984
177433343.0636,1019999.9000000112,959112.1999999984
177433345.0636,1019999.9000000112,959112.1999999984
177433347.0636,1019999.9000000112,959112.1999999984
177433349.0636,1019999.9000000112,959112.1999999984
177433351.0636,1019999.9000000112,959112.1999999984
177433353.0636,1019999.9000000112,959112.1999999984
177433355.0636,1019999.8000000112,959112.1999999984
177433357.0636,1019999.8000000112,959112.1999999984
177433359.0636,1019999.8000000112,959112.1999999984
177433361.0636,1019999.8000000112,959112.1999999984
177433363.0636,1019999.8000000112,959112.1999999984
177433365.0636,1019999.7000000112,959112.1999999984
177433367.0636,1019999.7000000112,959112.1999999984
177433369.0636,1019999.7000000112,959112.1999999984
177433371.0636,1019999.7000000112,959112.1999999984
177433373.0636,1019999.7000000112,959112.1999999984
177433375.0636,1019999.7000000112,959112.1999999984
177433377.0636,1019999.7000000112,959112.1999999984
177433379.0636,1019999.7000000112,959112.1999999984
177433381.0636,1019999.7000000112,959112.1999999984
177433383.0636,1019999.7000000112,959112.1999999984
177433385.0636,1019999.7000000112,959112.1999999984
177433387.0636,1019999.7000000112,959112.1999999984
177433389.0636,1019999.7000000112,959112.1999999984
177433391.0636,1019999.7000000112,959112.1999999984
177433393.0636,1019999.7000000112,959112.1999999984
177433395.0636,1019999.7000000112,959112.1999999984
177433397.0636,1019999.7000000112,959112.1999999984
177433399.0636,1019999.6000000113,959112.1999999984
177433401.0636,1019999.6000000113,959112.1999999984
177433403.0636,1019999.6000000113,959112.1999999984
177433405.0636,1019999.6000000113,959112.1999999984
177433407.0636,1019999.5000000113,959112.1999999984
177433409.0636,1019999.5000000113,959112.1999999984
177433411.0636,1019999.5000000113,959112.1999999984
177433413.0636,1019999.5000000113,959112.1999999984
177433415.0636,1019999.5000000113,959112.1999999984
177433417.0636,1019999.5000000113,959112.1999999984
177433419.0636,1019999.4000000113,959112.1999999984
177433421.0636,1019999.3000000113,959112.1999999984
177433423.0636,1019999.2000000114,959112.1999999984
177433425.0636,1019999.2000000114,959112.1999999984
177433427.0636,1019999.2000000114,959112.1999999984
177433429.0636,1019999.2000000114,959112.1999999984
177433431.0636,1019999.1000000114,959112.1999999984
177433433.0636,1019999.0000000114,959112.1999999984
177433435.0636,1019999.0000000114,959112.1999999984
177433437.0636,1019999.1000000114,959112.1999999984
177433439.0636,1019999.1000000114,959112.1999999984
177433441.0636,1019999.1000000114,959112.1999999984
177433443.0636,1019999.1000000114,959112.1999999984
177433445.0636,1019999.1000000114,959112.1999999984
177433447.0636,1019999.1000000114,959112.1999999984
177433449.0636,1019999.1000000114,959112.1999999984
177433451.0636,1019999.1000000114,959112.1999999984
177433453.0636,1019999.1000000114,959112.1999999984
177433455.0636,1019999.1000000114,959112.1999999984
177433457.0636,1019999.1000000114,959112.1999999984
177433459.0636,1019999.1000000114,959112.1999999984
177433461.0636,1019999.1000000114,959112.1999999984
177433463.0636,1019999.1000000114,959112.1999999984
177433465.0636,1019999.1000000114,959112.1999999984
177433467.0636,1019999.1000000114,959112.2999999984
177433469.0636,1019999.1000000114,959112.2999999984
177433471.0636,1019999.1000000114,959112.2999999984
177433473.0636,1019999.1000000114,959112.2999999984
177433475.0636,1019999.1000000114,959112.2999999984
177433477.0636,1019999.1000000114,959112.2999999984
177433479.0636,1019999.1000000114,959112.2999999984
177433481.0636,1019999.1000000114,959112.2999999984
177433483.0636,1019999.1000000114,959112.1999999984
177433485.0636,1019999.1000000114,959112.1999999984
177433487.0636,1019999.1000000114,959112.1999999984
177433489.0636,1019999.1000000114,959112.1999999984
177433491.0636,1019999.1000000114,959112.1999999984
177433493.0636,1019999.1000000114,959112.1999999984
177433495.0636,1019999.0000000114,959112.1999999984
177433497.0636,1019999.0000000114,959112.1999999984
177433499.0636,1019999.0000000114,959112.1999999984
177433501.0636,1019999.1000000114,959112.1999999984
177433503.0636,1019999.1000000114,959112.1999999984
177433505.0636,1019999.0000000114,959112.1999999984
177433507.0636,1019999.0000000114,959112.1999999984
177433509.0636,1019999.1000000114,959112.1999999984
177433511.0636,1019999.0000000114,959112.1999999984
177433513.0636,1019999.0000000114,959112.1999999984
177433515.0636,1019998.8000000115,959112.1999999984
177433517.0636,1019998.8000000115,959112.1999999984
177433519.0636,1019998.8000000115,959112.1999999984
177433521.0636,1019998.7000000115,959112.1999999984
177433523.0636,1019998.7000000115,959112.1999999984
177433525.0636,1019998.7000000115,959112.1999999984
177433527.0636,1019999.0000000115,959112.1999999984
177433529.0636,1019999.0000000115,959112.1999999984
177433531.0636,1019999.0000000115,959112.1999999984
177433533.0636,1019998.9000000115,959112.1999999984
177433535.0636,1019998.9000000115,959112.2999999984
177433537.0636,1019998.9000000115,959112.2999999984
177433539.0636,1019998.9000000115,959112.2999999984
177433541.0636,1019998.9000000115,959112.2999999984
177433543.0636,1019998.9000000115,959112.2999999984
177433545.0636,1019998.9000000115,959112.2999999984
177433547.0636,1019998.9000000115,959112.2999999984
177433549.0636,1019998.9000000115,959112.2999999984
177433551.0636,1019998.9000000115,959112.2999999984
177433553.0636,1019998.9000000115,959112.2999999984
177433555.0636,1019998.9000000115,959112.1999999984
177433557.0636,1019998.8000000116,959112.1999999984
177433559.0636,1019998.8000000116,959112.1999999984
177433561.0636,1019998.7000000116,959112.1999999984
177433563.0636,1019998.7000000116,959112.1999999984
177433565.0636,1019998.7000000116,959112.1999999984
177433567.0636,1019998.7000000116,959112.1999999984
177433569.0636,1019998.9000000115,959112.1999999984
177433571.0636,1019998.9000000115,959112.1999999984
177433573.0636,1019998.9000000115,959112.1999999984
177433575.0636,1019998.8000000116,959112.1999999984
177433577.0636,1019998.7000000116,959112.1999999984
177433579.0636,1019998.7000000116,959112.1999999984
177433581.0636,1019998.7000000116,959112.1999999984
177433583.0636,1019998.6000000116,959112.1999999984
177433585.0636,1019998.6000000116,959112.1999999984
177433587.0636,1019998.6000000116,959112.1999999984
177433589.0636,1019998.6000000116,959112.1999999984
177433591.0636,1019998.6000000116,959112.1999999984
177433593.0636,1019998.5000000116,959112.1999999984
177433595.0636,1019998.5000000116,959112.1999999984
177433597.0636,1019998.5000000116,959112.1999999984
177433599.0636,1019998.5000000116,959112.1999999984
177433601.0636,1019998.5000000116,959112.1999999984
177433603.0636,1019998.5000000116,959112.1999999984
177433605.0636,1019998.5000000116,959112.1999999984
177433607.0636,1019998.5000000116,959112.1999999984
177433609.0636,1019998.5000000116,959112.1999999984
177433611.0636,1019998.5000000116,959112.1999999984
177433613.0636,1019998.5000000116,959112.1999999984
177433615.0636,1019998.5000000116,959112.1999999984
177433617.0636,1019998.5000000116,959112.1999999984
177433619.0636,1019998.5000000116,959112.1999999984
177433621.0636,1019998.5000000116,959112.1999999984
177433623.0636,1019998.5000000116,959112.2999999984
177433625.0636,1019998.6000000116,959112.2999999984
177433627.0636,1019998.6000000116,959112.2999999984
177433629.0636,1019998.6000000116,959112.2999999984
177433631.0636,1019998.6000000116,959112.2999999984
177433633.0636,1019998.8000000116,959112.2999999984
177433635.0636,1019998.8000000116,959112.2999999984
177433637.0636,1019998.8000000116,959112.2999999984
177433639.0636,1019998.8000000116,959112.2999999984
177433641.0636,1019998.8000000116,959112.2999999984
177433643.0636,1019998.8000000116,959112.3999999984
177433645.0636,1019998.8000000116,959112.3999999984
177433647.0636,1019998.8000000116,959112.3999999984
177433649.0636,1019998.8000000116,959112.3999999984
177433651.0636,1019998.7000000116,959112.3999999984
177433653.0636,1019998.7000000116,959112.3999999984
177433655.0636,1019998.7000000116,959112.3999999984
177433657.0636,1019998.7000000116,959112.3999999984
177433659.0636,1019998.7000000116,959112.3999999984
177433661.0636,1019998.7000000116,959112.3999999984
177433663.0636,1019998.7000000116,959112.3999999984
177433665.0636,1019998.7000000116,959112.2999999984
177433667.0636,1019998.6000000116,959112.2999999984
177433669.0636,1019998.6000000116,959112.2999999984
177433671.0636,1019998.6000000116,959112.2999999984
177433673.0636,1019998.6000000116,959112.2999999984
177433675.0636,1019998.6000000116,959112.2999999984
177433677.0636,1019998.6000000116,959112.2999999984
177433679.0636,1019998.6000000116,959112.2999999984
177433681.0636,1019998.6000000116,959112.2999999984
177433683.0636,1019998.6000000116,959112.2999999984
177433685.0636,1019998.6000000116,959112.2999999984
177433687.0636,1019998.6000000116,959112.2999999984
177433689.0636,1019998.5000000116,959112.2999999984
177433691.0636,1019998.5000000116,959112.2999999984
177433693.0636,1019998.6000000116,959112.2999999984
177433695.0636,1019998.6000000116,959112.2999999984
177433697.0636,1019998.6000000116,959112.2999999984
177433699.0636,1019998.6000000116,959112.2999999984
177433701.0636,1019998.6000000116,959112.2999999984
177433703.0636,1019998.6000000116,959112.2999999984
177433705.0636,1019998.6000000116,959112.2999999984
177433707.0636,1019998.6000000116,959112.2999999984
177433709.0636,1019998.6000000116,959112.3999999984
177433711.0636,1019998.6000000116,959112.3999999984
177433713.0636,1019998.6000000116,959112.3999999984
177433715.0636,1019998.6000000116,959112.3999999984
177433717.0636,1019998.6000000116,959112.3999999984
177433719.0636,1019998.6000000116,959112.3999999984
177433721.0636,1019998.6000000116,959112.3999999984
177433723.0636,1019998.6000000116,959112.3999999984
177433725.0636,1019998.6000000116,959112.3999999984
177433727.0636,1019998.6000000116,959112.3999999984
177433729.0636,1019998.6000000116,959112.3999999984
177433731.0636,1019998.6000000116,959112.3999999984
177433733.0636,1019998.6000000116,959112.2999999984
177433735.0636,1019998.6000000116,959112.2999999984
177433737.0636,1019998.6000000116,959112.2999999984
177433739.0636,1019998.6000000116,959112.2999999984
177433741.0636,1019998.6000000116,959112.2999999984
177433743.0636,1019998.6000000116,959112.2999999984
177433745.0636,1019998.6000000116,959112.2999999984
177433747.0636,1019998.6000000116,959112.2999999984
177433749.0636,1019998.6000000116,959112.2999999984
177433751.0636,1019998.6000000116,959112.2999999984
177433753.0636,1019998.6000000116,959112.2999999984
177433755.0636,1019998.6000000116,959112.2999999984
177433757.0636,1019998.6000000116,959112.2999999984
177433759.0636,1019998.6000000116,959112.2999999984
177433761.0636,1019998.6000000116,959112.2999999984
177433763.0636,1019998.6000000116,959112.2999999984
177433765.0636,1019998.6000000116,959112.2999999984
177433767.0636,1019998.6000000116,959112.2999999984
177433769.0636,1019998.6000000116,959112.2999999984
177433771.0636,1019998.6000000116,959112.2999999984
177433773.0636,1019998.6000000116,959112.2999999984
177433775.0636,1019998.5000000116,959112.2999999984
177433777.0636,1019998.5000000116,959112.2999999984
177433779.0636,1019998.5000000116,959112.2999999984
177433781.0636,1019998.5000000116,959112.2999999984
177433783.0636,1019998.5000000116,959112.2999999984
177433785.0636,1019998.4000000117,959112.2999999984
177433787.0636,1019998.4000000117,959112.2999999984
177433789.0636,1019998.4000000117,959112.2999999984
177433791.0636,1019998.4000000117,959112.2999999984
177433793.0636,1019998.4000000117,959112.2999999984
177433795.0636,1019998.4000000117,959112.2999999984
177433797.0636,1019998.4000000117,959112.2999999984
177433799.0636,1019998.4000000117,959112.2999999984
177433801.0636,1019998.4000000117,959112.2999999984
177433803.0636,1019998.4000000117,959112.2999999984
177433805.0636,1019998.4000000117,959112.2999999984
177433807.0636,1019998.4000000117,959112.2999999984
177433809.0636,1019998.4000000117,959112.2999999984
177433811.0636,1019999.0000000116,959112.2999999984
177433813.0636,1019999.0000000116,959112.2999999984
177433815.0636,1019998.9000000117,959112.2999999984
177433817.0636,1019998.9000000117,959112.2999999984
177433819.0636,1019998.9000000117,959112.3999999984
177433821.0636,1019998.9000000117,959112.3999999984
177433823.0636,1019998.9000000117,959112.3999999984
177433825.0636,1019998.9000000117,959112.3999999984
177433827.0636,1019998.9000000117,959112.3999999984
177433829.0636,1019998.9000000117,959112.3999999984
177433831.0636,1019998.9000000117,959112.3999999984
177433833.0636,1019998.9000000117,959112.3999999984
177433835.0636,1019998.9000000117,959112.3999999984
177433837.0636,1019998.9000000117,959112.3999999984
177433839.0636,1019998.9000000117,959112.3999999984
177433841.0636,1019998.9000000117,959112.3999999984
177433843.0636,1019998.9000000117,959112.3999999984
177433845.0636,1019998.9000000117,959112.3999999984
177433847.0636,1019998.9000000117,959112.3999999984
177433849.0636,1019998.9000000117,959112.3999999984
177433851.0636,1019998.9000000117,959112.3999999984
177433853.0636,1019998.9000000117,959112.3999999984
177433855.0636,1019998.9000000117,959112.3999999984
177433857.0636,1019998.9000000117,959112.3999999984
177433859.0636,1019998.9000000117,959112.3999999984
177433861.0636,1019999.0000000116,959112.3999999984
177433863.0636,1019999.0000000116,959112.3999999984
177433865.0636,1019998.9000000117,959112.3999999984
177433867.0636,1019998.9000000117,959112.3999999984
177433869.0636,1019998.9000000117,959112.3999999984
177433871.0636,1019998.9000000117,959112.3999999984
177433873.0636,1019998.9000000117,959112.3999999984
177433875.0636,1019998.9000000117,959112.3999999984
177433877.0636,1019998.8000000117,959112.3999999984
177433879.0636,1019998.8000000117,959112.3999999984
177433881.0636,1019998.8000000117,959112.3999999984
177433883.0636,1019998.8000000117,959112.3999999984
177433885.0636,1019998.9000000117,959112.3999999984
177433887.0636,1019998.9000000117,959112.3999999984
177433889.0636,1019998.9000000117,959112.3999999984
177433891.0636,1019998.9000000117,959112.3999999984
177433893.0636,1019998.9000000117,959112.3999999984
177433895.0636,1019998.9000000117,959112.3999999984
177433897.0636,1019998.9000000117,959112.3999999984
177433899.0636,1019998.9000000117,959112.3999999984
177433901.0636,1019998.9000000117,959112.3999999984
177433903.0636,1019998.9000000117,959112.3999999984
177433905.0636,1019998.9000000117,959112.3999999984
177433907.0636,1019998.9000000117,959112.3999999984
177433909.0636,1019998.9000000117,959112.3999999984
177433911.0636,1019998.8000000117,959112.4999999984
177433913.0636,1019998.8000000117,959112.3999999984
177433915.0636,1019998.8000000117,959112.3999999984
177433917.0636,1019998.8000000117,959112.3999999984
177433919.0636,1019998.8000000117,959112.3999999984
177433921.0636,1019998.8000000117,959112.3999999984
177433923.0636,1019998.7000000117,959112.3999999984
177433925.0636,1019998.7000000117,959112.3999999984
177433927.0636,1019998.7000000117,959112.3999999984
177433929.0636,1019998.7000000117,959112.3999999984
177433931.0636,1019998.7000000117,959112.3999999984
177433933.0636,1019998.7000000117,959112.3999999984
177433935.0636,1019998.7000000117,959112.3999999984
177433937.0636,1019998.7000000117,959112.3999999984
177433939.0636,1019998.7000000117,959112.3999999984
177433941.0636,1019998.7000000117,959112.3999999984
177433943.0636,1019998.7000000117,959112.3999999984
177433945.0636,1019998.7000000117,959112.3999999984
177433947.0636,1019998.7000000117,959112.3999999984
177433949.0636,1019998.7000000117,959112.3999999984
177433951.0636,1019998.7000000117,959112.3999999984
177433953.0636,1019998.7000000117,959112.3999999984
177433955.0636,1019998.7000000117,959112.3999999984
177433957.0636,1019998.7000000117,959112.3999999984
177433959.0636,1019998.7000000117,959112.3999999984
177433961.0636,1019998.7000000117,959112.3999999984
177433963.0636,1019998.7000000117,959112.3999999984
177433965.0636,1019998.7000000117,959112.3999999984
177433967.0636,1019998.7000000117,959112.3999999984
177433969.0636,1019998.7000000117,959112.3999999984
177433971.0636,1019998.7000000117,959112.3999999984
177433973.0636,1019998.7000000117,959112.3999999984
177433975.0636,1019998.7000000117,959112.3999999984
177433977.0636,1019998.7000000117,959112.3999999984
177433979.0636,1019998.7000000117,959112.3999999984
177433981.0636,1019998.7000000117,959112.3999999984
177433983.0636,1019998.7000000117,959112.3999999984
177433985.0636,1019998.7000000117,959112.3999999984
177433987.0636,1019998.7000000117,959112.3999999984
177433989.0636,1019998.7000000117,959112.3999999984
177433991.0636,1019998.7000000117,959112.3999999984
177433993.0636,1019998.7000000117,959112.3999999984
177433995.0636,1019998.7000000117,959112.3999999984
177433997.0636,1019998.7000000117,959112.3999999984
177433999.0636,1019998.7000000117,959112.3999999984
177434001.0636,1019998.6000000117,959112.3999999984
177434003.0636,1019998.6000000117,959112.4999999984
177434005.0636,1019998.6000000117,959112.4999999984
177434007.0636,1019998.5000000118,959112.4999999984
177434009.0636,1019998.5000000118,959112.4999999984
177434011.0636,1019998.5000000118,959112.4999999984
177434013.0636,1019998.4000000118,959112.4999999984
177434015.0636,1019998.4000000118,959112.4999999984
177434017.0636,1019998.4000000118,959112.4999999984
177434019.0636,1019998.4000000118,959112.4999999984
177434021.0636,1019998.4000000118,959112.4999999984
177434023.0636,1019998.4000000118,959112.4999999984
177434025.0636,1019998.4000000118,959112.4999999984
177434027.0636,1019998.4000000118,959112.4999999984
177434029.0636,1019998.4000000118,959112.4999999984
177434031.0636,1019998.4000000118,959112.4999999984
177434033.0636,1019998.4000000118,959112.4999999984
177434035.0636,1019998.4000000118,959112.5999999983
177434037.0636,1019998.4000000118,959112.5999999983
177434039.0636,1019998.4000000118,959112.5999999983
177434041.0636,1019998.4000000118,959112.6999999983
177434043.0636,1019998.4000000118,959112.6999999983
177434045.0636,1019998.4000000118,959112.6999999983
177434047.0636,1019998.4000000118,959112.6999999983
177434049.0636,1019998.4000000118,959112.6999999983
177434051.0636,1019998.4000000118,959112.6999999983
177434053.0636,1019998.4000000118,959112.6999999983
177434055.0636,1019998.3000000118,959112.6999999983
177434057.0636,1019998.3000000118,959112.6999999983
177434059.0636,1019998.4000000118,959112.6999999983
177434061.0636,1019998.4000000118,959112.6999999983
177434063.0636,1019998.4000000118,959112.6999999983
177434065.0636,1019998.4000000118,959112.7999999983
177434067.0636,1019998.4000000118,959112.7999999983
177434069.0636,1019998.4000000118,959112.7999999983
177434071.0636,1019998.4000000118,959112.7999999983
177434073.0636,1019998.4000000118,959112.7999999983
177434075.0636,1019998.4000000118,959112.7999999983
177434077.0636,1019998.4000000118,959112.7999999983
177434079.0636,1019998.4000000118,959112.7999999983
177434081.0636,1019998.3000000118,959112.7999999983
177434083.0636,1019998.3000000118,959112.7999999983
177434085.0636,1019998.3000000118,959112.7999999983
177434087.0636,1019998.3000000118,959112.7999999983
177434089.0636,1019998.3000000118,959112.7999999983
177434091.0636,1019998.2000000118,959112.7999999983
177434093.0636,1019998.2000000118,959112.7999999983
177434095.0636,1019998.2000000118,959112.7999999983
177434097.0636,1019998.2000000118,959112.7999999983
177434099.0636,1019998.2000000118,959112.7999999983
177434101.0636,1019998.2000000118,959112.7999999983
177434103.0636,1019998.2000000118,959112.7999999983
177434105.0636,1019998.2000000118,959112.7999999983
177434107.0636,1019998.2000000118,959112.7999999983
177434109.0636,1019998.2000000118,959112.7999999983
177434111.0636,1019998.2000000118,959112.7999999983
177434113.0636,1019998.2000000118,959112.7999999983
177434115.0636,1019998.2000000118,959112.7999999983
177434117.0636,1019998.2000000118,959112.7999999983
177434119.0636,1019998.2000000118,959112.7999999983
177434121.0636,1019998.2000000118,959112.7999999983
177434123.0636,1019998.2000000118,959112.7999999983
177434125.0636,1019998.2000000118,959112.7999999983
177434127.0636,1019998.2000000118,959112.7999999983
177434129.0636,1019998.2000000118,959112.7999999983
177434131.0636,1019998.2000000118,959112.7999999983
177434133.0636,1019998.2000000118,959112.7999999983
177434135.0636,1019998.2000000118,959112.7999999983
177434137.0636,1019998.6000000119,959112.7999999983
177434139.0636,1019998.6000000119,959112.7999999983
177434141.0636,1019998.6000000119,959112.7999999983
177434143.0636,1019998.5000000119,959112.8999999983
177434145.0636,1019998.4000000119,959112.8999999983
177434147.0636,1019998.4000000119,959112.8999999983
177434149.0636,1019998.4000000119,959112.8999999983
177434151.0636,1019998.6000000119,959112.8999999983
177434153.0636,1019998.6000000119,959112.8999999983
177434155.0636,1019998.6000000119,959112.8999999983
177434157.0636,1019998.6000000119,959112.8999999983
177434159.0636,1019998.4000000119,959112.7999999983
177434161.0636,1019998.4000000119,959112.7999999983
177434163.0636,1019998.4000000119,959112.7999999983
177434165.0636,1019998.4000000119,959112.7999999983
177434167.0636,1019998.4000000119,959112.7999999983
177434169.0636,1019998.4000000119,959112.7999999983
177434171.0636,1019998.4000000119,959112.7999999983
177434173.0636,1019998.4000000119,959112.7999999983
177434175.0636,1019998.3000000119,959112.7999999983
177434177.0636,1019998.3000000119,959112.7999999983
177434179.0636,1019998.3000000119,959112.7999999983
177434181.0636,1019998.3000000119,959112.7999999983
177434183.0636,1019998.3000000119,959112.7999999983
177434185.0636,1019998.3000000119,959112.7999999983
177434187.0636,1019998.200000012,959112.7999999983
177434189.0636,1019998.200000012,959112.7999999983
177434191.0636,1019998.200000012,959112.7999999983
177434193.0636,1019998.200000012,959112.7999999983
177434195.0636,1019998.200000012,959112.7999999983
177434197.0636,1019998.200000012,959112.7999999983
177434199.0636,1019998.500000012,959112.7999999983
177434201.0636,1019998.500000012,959112.7999999983
177434203.0636,1019998.500000012,959112.7999999983
177434205.0636,1019998.500000012,959112.8999999983
177434207.0636,1019998.500000012,959112.8999999983
177434209.0636,1019998.500000012,959112.8999999983
177434211.0636,1019998.500000012,959112.8999999983
177434213.0636,1019998.600000012,959112.8999999983
177434215.0636,1019998.600000012,959112.8999999983
177434217.0636,1019998.600000012,959112.8999999983
177434219.0636,1019998.600000012,959112.8999999983
177434221.0636,1019998.600000012,959112.8999999983
177434223.0636,1019998.600000012,959112.8999999983
177434225.0636,1019998.600000012,959112.8999999983
177434227.0636,1019998.600000012,959112.8999999983
177434229.0636,1019998.600000012,959112.8999999983
177434231.0636,1019998.600000012,959112.8999999983
177434233.0636,1019998.600000012,959112.8999999983
177434235.0636,1019998.600000012,959112.8999999983
177434237.0636,1019998.600000012,959112.8999999983
177434239.0636,1019998.500000012,959112.7999999983
177434241.0636,1019998.500000012,959112.7999999983
177434243.0636,1019998.500000012,959112.7999999983
177434245.0636,1019998.500000012,959112.7999999983
177434247.0636,1019998.500000012,959112.7999999983
177434249.0636,1019998.500000012,959112.7999999983
177434251.0636,1019998.500000012,959112.7999999983
177434253.0636,1019998.500000012,959112.7999999983
177434255.0636,1019998.500000012,959112.7999999983
177434257.0636,1019998.500000012,959112.7999999983
177434259.0636,1019998.500000012,959112.7999999983
177434261.0636,1019998.500000012,959112.7999999983
177434263.0636,1019998.500000012,959112.7999999983
177434265.0636,1019998.500000012,959112.7999999983
177434267.0636,1019998.500000012,959112.7999999983
177434269.0636,1019998.600000012,959112.7999999983
177434271.0636,1019998.600000012,959112.7999999983
177434273.0636,1019998.600000012,959112.7999999983
177434275.0636,1019998.600000012,959112.8999999983
177434277.0636,1019998.600000012,959112.8999999983
177434279.0636,1019998.600000012,959112.8999999983
177434281.0636,1019998.600000012,959112.8999999983
177434283.0636,1019998.500000012,959112.8999999983
177434285.0636,1019998.400000012,959112.8999999983
177434287.0636,1019998.400000012,959112.8999999983
177434289.0636,1019998.400000012,959112.8999999983
177434291.0636,1019998.400000012,959112.8999999983
177434293.0636,1019998.300000012,959112.8999999983
177434295.0636,1019998.300000012,959112.8999999983
177434297.0636,1019998.2000000121,959112.8999999983
177434299.0636,1019998.300000012,959112.8999999983
177434301.0636,1019998.2000000121,959112.8999999983
177434303.0636,1019998.2000000121,959112.8999999983
177434305.0636,1019998.2000000121,959112.8999999983
177434307.0636,1019998.2000000121,959112.8999999983
177434309.0636,1019998.2000000121,959112.8999999983
177434311.0636,1019998.2000000121,959112.8999999983
177434313.0636,1019998.2000000121,959112.8999999983
177434315.0636,1019998.2000000121,959112.8999999983
177434317.0636,1019998.2000000121,959112.8999999983
177434319.0636,1019998.2000000121,959112.8999999983
177434321.0636,1019998.2000000121,959112.8999999983
177434323.0636,1019998.2000000121,959112.7999999983
177434325.0636,1019998.2000000121,959112.7999999983
177434327.0636,1019998.2000000121,959112.7999999983
177434329.0636,1019998.2000000121,959112.7999999983
177434331.0636,1019998.1000000121,959112.7999999983
177434333.0636,1019998.1000000121,959112.7999999983
177434335.0636,1019998.1000000121,959112.7999999983
177434337.0636,1019998.1000000121,959112.7999999983
177434339.0636,1019998.1000000121,959112.7999999983
177434341.0636,1019998.1000000121,959112.7999999983
177434343.0636,1019998.0000000121,959112.7999999983
177434345.0636,1019998.0000000121,959112.7999999983
177434347.0636,1019998.0000000121,959112.7999999983
177434349.0636,1019998.0000000121,959112.7999999983
177434351.0636,1019998.0000000121,959112.7999999983
177434353.0636,1019998.0000000121,959112.7999999983
177434355.0636,1019998.0000000121,959112.7999999983
177434357.0636,1019998.0000000121,959112.7999999983
177434359.0636,1019998.0000000121,959112.7999999983
177434361.0636,1019998.0000000121,959112.7999999983
177434363.0636,1019998.0000000121,959112.7999999983
177434365.0636,1019998.0000000121,959112.7999999983
177434367.0636,1019998.0000000121,959112.7999999983
177434369.0636,1019998.0000000121,959112.7999999983
177434371.0636,1013909.5000000121,959112.7999999983
177434373.0636,1019998.6000000121,959112.7999999983
177434375.0636,1019998.6000000121,959112.7999999983
177434377.0636,1019998.6000000121,959112.7999999983
177434379.0636,1019998.6000000121,959112.7999999983
177434381.0636,1019998.6000000121,959112.7999999983
177434383.0636,1019998.6000000121,959112.7999999983
177434385.0636,1019998.6000000121,959112.7999999983
177434387.0636,1019998.6000000121,959112.8999999983
177434389.0636,1019998.6000000121,959112.8999999983
177434391.0636,1019998.6000000121,959112.8999999983
177434393.0636,1019998.6000000121,959112.8999999983
177434395.0636,1019998.6000000121,959112.8999999983
177434397.0636,1019998.6000000121,959112.8999999983
177434399.0636,1019998.6000000121,959112.8999999983
177434401.0636,1019998.6000000121,959112.8999999983
177434403.0636,1019998.6000000121,959112.8999999983
177434405.0636,1019998.6000000121,959112.8999999983
177434407.0636,1019998.6000000121,959112.8999999983
177434409.0636,1019998.6000000121,959112.8999999983
177434411.0636,1019998.5000000121,959112.8999999983
177434413.0636,1019998.5000000121,959112.8999999983
177434415.0636,1019998.5000000121,959112.8999999983
177434417.0636,1019998.5000000121,959112.8999999983
177434419.0636,1019998.5000000121,959112.8999999983
177434421.0636,1019998.6000000121,959112.8999999983
177434423.0636,1019998.6000000121,959112.8999999983
177434425.0636,1019998.6000000121,959112.8999999983
177434427.0636,1019998.6000000121,959112.8999999983
177434429.0636,1019998.6000000121,959112.9999999983
177434431.0636,1019998.6000000121,959112.9999999983
177434433.0636,1019998.6000000121,959112.9999999983
177434435.0636,1019998.6000000121,959112.9999999983
177434437.0636,1019998.6000000121,959112.9999999983
177434439.0636,1019998.5000000121,959112.9999999983
177434441.0636,1019998.5000000121,959112.9999999983
177434443.0636,1019998.5000000121,959112.9999999983
177434445.0636,1019998.5000000121,959112.9999999983
177434447.0636,1019998.5000000121,959112.7999999983
177434449.0636,1019998.5000000121,959112.7999999983
177434451.0636,1019998.4000000121,959112.7999999983
177434453.0636,1019998.4000000121,959112.7999999983
177434455.0636,1019998.4000000121,959112.7999999983
177434457.0636,1019998.4000000121,959112.7999999983
177434459.0636,1019998.4000000121,959112.7999999983
177434461.0636,1019998.4000000121,959112.7999999983
177434463.0636,1019998.3000000122,959112.7999999983
177434465.0636,1019998.3000000122,959112.7999999983
177434467.0636,1013909.7000000122,959112.7999999983
177434469.0636,1013909.6000000122,959112.7999999983
177434471.0636,1013909.6000000122,959112.7999999983
177434473.0636,1013909.4000000122,959112.7999999983
177434475.0636,1013909.3000000123,959112.7999999983
177434477.0636,1013909.3000000123,959112.7999999983
177434479.0636,1013909.2000000123,959112.7999999983
177434481.0636,1013909.1000000123,959112.7999999983
177434483.0636,1013909.1000000123,959112.7999999983
177434485.0636,1013909.1000000123,959112.7999999983
177434487.0636,1013909.0000000123,959112.7999999983
177434489.0636,1013909.0000000123,959112.8999999983
177434491.0636,1013908.9000000124,959112.8999999983
177434493.0636,1013908.9000000124,959112.8999999983
177434495.0636,1013908.9000000124,959112.8999999983
177434497.0636,1013908.9000000124,959112.8999999983
177434499.0636,1013908.9000000124,959112.8999999983
177434501.0636,1013908.8000000124,959112.8999999983
177434503.0636,1013908.8000000124,959112.8999999983
177434505.0636,1013908.8000000124,959112.8999999983
177434507.0636,1013908.7000000124,959112.8999999983
177434509.0636,1013908.7000000124,959112.8999999983
177434511.0636,1013908.7000000124,959112.8999999983
177434513.0636,1013908.6000000124,959112.8999999983
177434515.0636,1013908.6000000124,959112.8999999983
177434517.0636,1013908.5000000125,959112.7999999983
177434519.0636,1013908.5000000125,959112.8999999983
177434521.0636,1013908.4000000125,961852.6999999983
177434523.0636,1013908.4000000125,961852.6999999983
177434525.0636,1013908.4000000125,959112.8999999983
177434527.0636,1013908.4000000125,959112.8999999983
177434529.0636,1013908.3000000125,959112.8999999983
177434531.0636,1013908.3000000125,959112.8999999983
177434533.0636,1013908.2000000125,961852.6999999983
177434535.0636,1013908.2000000125,961852.6999999983
177434537.0636,1013908.2000000125,961852.6999999983
177434539.0636,1013908.3000000125,961852.6999999983
177434541.0636,1013908.5000000125,961852.6999999983
177434543.0636,1013908.5000000125,961852.6999999983
177434545.0636,1013908.5000000125,961852.6999999983
177434547.0636,1013908.5000000125,961852.7999999983
177434549.0636,1013908.5000000125,961852.7999999983
177434551.0636,1013908.5000000125,961852.7999999983
177434553.0636,1013909.6000000124,961852.7999999983
177434555.0636,1013909.6000000124,961852.7999999983
177434557.0636,1013909.6000000124,961852.7999999983
177434559.0636,1013909.5000000125,961852.7999999983
177434561.0636,1013909.5000000125,961852.7999999983
177434563.0636,1013909.5000000125,961852.7999999983
177434565.0636,1013909.5000000125,961852.7999999983
177434567.0636,1013909.5000000125,961852.7999999983
177434569.0636,1013909.6000000124,961852.7999999983
177434571.0636,1013909.6000000124,961852.7999999983
177434573.0636,1013909.5000000125,961852.7999999983
177434575.0636,1013909.6000000124,961852.7999999983
177434577.0636,1013909.6000000124,961852.7999999983
177434579.0636,1013909.6000000124,961852.7999999983
177434581.0636,1013909.5000000125,961852.7999999983
177434583.0636,1013909.5000000125,961852.7999999983
177434585.0636,1013909.5000000125,961852.7999999983
177434587.0636,1013909.5000000125,961852.7999999983
177434589.0636,1013909.5000000125,961852.7999999983
177434591.0636,1013909.5000000125,961852.7999999983
177434593.0636,1013909.5000000125,961852.7999999983
177434595.0636,1013909.5000000125,961852.7999999983
177434597.0636,1013909.4000000125,961852.7999999983
177434599.0636,1013909.4000000125,961852.7999999983
177434601.0636,1013909.4000000125,961852.7999999983
177434603.0636,1013909.4000000125,961852.7999999983
177434605.0636,1013909.4000000125,961852.7999999983
177434607.0636,1013909.4000000125,961852.7999999983
177434609.0636,1013909.4000000125,961852.7999999983
177434611.0636,1013909.4000000125,961852.7999999983
177434613.0636,1013909.4000000125,961852.7999999983
177434615.0636,1013909.4000000125,959112.8999999983
177434617.0636,1013909.4000000125,959112.8999999983
177434619.0636,1013909.4000000125,959112.8999999983
177434621.0636,1013909.4000000125,959112.8999999983
177434623.0636,1013909.4000000125,959112.8999999983
177434625.0636,1013909.4000000125,959112.8999999983
177434627.0636,1013909.4000000125,959112.8999999983
177434629.0636,1013909.4000000125,959112.8999999983
177434631.0636,1013909.4000000125,959112.8999999983
177434633.0636,1013909.4000000125,959112.8999999983
177434635.0636,1013909.4000000125,959112.8999999983
177434637.0636,1013909.3000000125,959112.8999999983
177434639.0636,1013909.3000000125,959112.8999999983
177434641.0636,1013909.3000000125,959112.8999999983
177434643.0636,1013909.3000000125,959112.8999999983
177434645.0636,1013909.3000000125,959112.8999999983
177434647.0636,1013909.3000000125,959112.8999999983
177434649.0636,1013909.3000000125,959112.8999999983
177434651.0636,1013909.3000000125,959112.8999999983
177434653.0636,1013909.3000000125,959112.8999999983
177434655.0636,1013909.3000000125,959112.8999999983
177434657.0636,1013909.3000000125,959112.8999999983
177434659.0636,1013909.3000000125,959112.8999999983
177434661.0636,1013909.3000000125,959112.8999999983
177434663.0636,1013909.3000000125,959112.8999999983
177434665.0636,1013909.3000000125,959112.8999999983
177434667.0636,1013909.3000000125,959112.8999999983
177434669.0636,1013909.3000000125,959112.8999999983
177434671.0636,1013909.3000000125,959112.8999999983
177434673.0636,1013909.3000000125,959112.8999999983
177434675.0636,1013909.2000000125,959112.8999999983
177434677.0636,1013909.2000000125,959112.8999999983
177434679.0636,1013909.3000000125,959112.8999999983
177434681.0636,1013909.3000000125,959112.8999999983
177434683.0636,1013909.5000000125,959112.8999999983
177434685.0636,1013909.5000000125,959112.8999999983
177434687.0636,1013909.5000000125,959112.8999999983
177434689.0636,1013909.5000000125,959112.8999999983
177434691.0636,1013909.5000000125,959112.8999999983
177434693.0636,1013909.5000000125,959112.8999999983
177434695.0636,1013909.5000000125,959112.8999999983
177434697.0636,1013909.5000000125,959112.8999999983
177434699.0636,1013909.5000000125,959112.8999999983
177434701.0636,1013909.6000000124,959112.8999999983
177434703.0636,1013909.6000000124,959112.8999999983
177434705.0636,1019998.6000000124,959112.8999999983
177434707.0636,1019998.6000000124,959112.8999999983
177434709.0636,1019998.6000000124,959112.8999999983
177434711.0636,1019998.6000000124,959112.8999999983
177434713.0636,1019998.6000000124,959112.8999999983
177434715.0636,1019998.6000000124,959112.9999999983
177434717.0636,1019998.5000000125,959112.9999999983
177434719.0636,1019998.5000000125,959112.9999999983
177434721.0636,1019998.5000000125,959112.9999999983
177434723.0636,1019998.5000000125,959112.9999999983
177434725.0636,1019998.5000000125,959112.9999999983
177434727.0636,1019998.5000000125,959112.9999999983
177434729.0636,1019998.5000000125,959112.9999999983
177434731.0636,1019998.5000000125,959112.9999999983
177434733.0636,1019998.5000000125,959112.9999999983
177434735.0636,1019998.5000000125,959112.9999999983
177434737.0636,1019998.5000000125,959112.9999999983
177434739.0636,1019998.5000000125,959112.9999999983
177434741.0636,1019998.5000000125,959112.9999999983
177434743.0636,1019998.5000000125,959112.9999999983
177434745.0636,1019998.5000000125,959112.9999999983
177434747.0636,1019998.5000000125,959112.9999999983
177434749.0636,1019998.5000000125,959112.9999999983
177434751.0636,1019998.5000000125,959112.9999999983
177434753.0636,1019998.5000000125,959112.9999999983
177434755.0636,1019998.5000000125,959112.9999999983
177434757.0636,1019998.5000000125,959112.9999999983
177434759.0636,1019998.5000000125,959112.9999999983
177434761.0636,1019998.5000000125,959112.9999999983
177434763.0636,1019998.5000000125,959112.9999999983
177434765.0636,1019998.5000000125,959113.0999999982
177434767.0636,1019998.5000000125,959113.0999999982
177434769.0636,1019998.5000000125,959113.0999999982
177434771.0636,1019998.5000000125,959113.0999999982
177434773.0636,1019998.5000000125,959113.0999999982
177434775.0636,1019998.5000000125,959113.0999999982
177434777.0636,1019998.5000000125,959113.1999999982
177434779.0636,1019998.5000000125,959113.2999999982
177434781.0636,1019998.5000000125,959113.2999999982
177434783.0636,1019998.4000000125,959113.2999999982
177434785.0636,1019998.4000000125,959113.2999999982
177434787.0636,1019998.4000000125,959113.2999999982
177434789.0636,1019998.4000000125,959113.2999999982
177434791.0636,1019998.4000000125,959113.3999999982
177434793.0636,1019998.4000000125,959113.3999999982
177434795.0636,1019998.4000000125,959113.3999999982
177434797.0636,1019998.4000000125,959113.3999999982
177434799.0636,1019998.4000000125,959113.3999999982
177434801.0636,1019998.3000000125,959113.3999999982
177434803.0636,1019998.3000000125,959113.3999999982
177434805.0636,1019998.3000000125,959113.3999999982
177434807.0636,1019998.3000000125,959113.3999999982
177434809.0636,1019998.2000000125,959113.2999999982
177434811.0636,1019998.2000000125,959113.2999999982
177434813.0636,1019998.2000000125,959113.2999999982
177434815.0636,1019998.2000000125,959113.2999999982
177434817.0636,1019998.2000000125,959113.2999999982
177434819.0636,1019998.2000000125,959113.2999999982
177434821.0636,1019998.2000000125,959113.2999999982
177434823.0636,1019998.2000000125,959113.2999999982
177434825.0636,1019998.2000000125,959113.2999999982
177434827.0636,1019998.2000000125,959113.2999999982
177434829.0636,1019998.2000000125,959113.2999999982
177434831.0636,1019998.2000000125,959113.2999999982
177434833.0636,1019998.2000000125,959113.2999999982
177434835.0636,1019998.2000000125,959113.2999999982
177434837.0636,1019998.2000000125,959113.2999999982
177434839.0636,1019998.2000000125,959113.2999999982
177434841.0636,1019998.2000000125,959113.2999999982
177434843.0636,1019998.1000000125,959113.2999999982
177434845.0636,1019998.1000000125,959113.2999999982
177434847.0636,1019998.1000000125,959113.2999999982
177434849.0636,1019998.1000000125,959113.2999999982
177434851.0636,1019998.1000000125,959113.2999999982
177434853.0636,1019998.0000000126,959113.2999999982
177434855.0636,1019998.0000000126,959113.2999999982
177434857.0636,1019998.0000000126,959113.2999999982
177434859.0636,1019998.0000000126,959113.2999999982
177434861.0636,1019998.0000000126,959113.2999999982
177434863.0636,1019998.0000000126,959113.2999999982
177434865.0636,1019998.0000000126,959113.2999999982
177434867.0636,1019998.0000000126,959113.2999999982
177434869.0636,1019998.0000000126,959113.2999999982
177434871.0636,1019998.0000000126,959113.2999999982
177434873.0636,1019998.0000000126,959113.2999999982
177434875.0636,1019998.0000000126,959113.2999999982
177434877.0636,1019998.0000000126,959113.2999999982
177434879.0636,1019998.0000000126,959113.2999999982
177434881.0636,1019998.0000000126,959113.2999999982
177434883.0636,1019997.9000000126,959113.2999999982
177434885.0636,1019997.9000000126,959113.2999999982
177434887.0636,1019998.0000000126,959113.2999999982
177434889.0636,1019998.0000000126,959113.2999999982
177434891.0636,1019997.9000000126,959113.2999999982
177434893.0636,1019997.9000000126,959113.2999999982
177434895.0636,1019997.8000000126,959113.2999999982
177434897.0636,1019997.8000000126,959113.2999999982
177434899.0636,1019997.8000000126,959113.2999999982
177434901.0636,1019997.7000000126,959113.2999999982
177434903.0636,1019997.7000000126,959113.2999999982
177434905.0636,1019997.7000000126,959113.2999999982
177434907.0636,1019997.7000000126,959113.2999999982
177434909.0636,1019997.7000000126,959113.2999999982
177434911.0636,1019997.6000000127,959113.2999999982
177434913.0636,1019997.6000000127,959113.2999999982
177434915.0636,1019997.6000000127,959113.2999999982
177434917.0636,1019997.5000000127,959113.2999999982
177434919.0636,1019997.4000000127,959113.2999999982
177434921.0636,1019997.3000000127,959113.2999999982
177434923.0636,1019997.3000000127,959113.2999999982
177434925.0636,1019997.3000000127,959113.2999999982
177434927.0636,1019997.3000000127,959113.2999999982
177434929.0636,1019997.3000000127,959113.2999999982
177434931.0636,1019997.1000000128,959113.2999999982
177434933.0636,1019997.1000000128,959113.2999999982
177434935.0636,1019997.1000000128,959113.2999999982
177434937.0636,1019997.1000000128,959113.2999999982
177434939.0636,1019997.1000000128,959113.2999999982
177434941.0636,1019997.1000000128,959113.2999999982
177434943.0636,1019997.0000000128,959113.2999999982
177434945.0636,1019997.0000000128,959113.2999999982
177434947.0636,1019996.9000000128,959113.2999999982
177434949.0636,1019996.9000000128,959113.2999999982
177434951.0636,1019996.9000000128,959113.2999999982
177434953.0636,1019996.9000000128,959113.2999999982
177434955.0636,1019996.8000000129,959113.2999999982
177434957.0636,1019996.8000000129,959113.2999999982
177434959.0636,1019996.8000000129,959113.2999999982
177434961.0636,1019996.8000000129,959113.3999999982
177434963.0636,1019996.8000000129,959113.3999999982
177434965.0636,1019996.8000000129,959113.3999999982
177434967.0636,1019996.7000000129,959113.3999999982
177434969.0636,1019996.7000000129,959113.3999999982
177434971.0636,1019996.7000000129,959113.3999999982
177434973.0636,1019996.7000000129,959113.3999999982
177434975.0636,1019996.7000000129,959113.3999999982
177434977.0636,1019996.7000000129,959113.3999999982
177434979.0636,1019996.5000000129,959113.3999999982
177434981.0636,1019996.5000000129,959113.3999999982
177434983.0636,1019996.5000000129,959113.3999999982
177434985.0636,1019996.5000000129,959113.3999999982
177434987.0636,1019996.5000000129,959113.3999999982
177434989.0636,1019996.5000000129,959113.3999999982
177434991.0636,1019996.5000000129,959113.3999999982
177434993.0636,1019996.5000000129,959113.3999999982
177434995.0636,1019996.400000013,959113.3999999982
177434997.0636,1019996.400000013,959113.3999999982
177434999.0636,1019996.300000013,959113.3999999982
177435001.0636,1019996.300000013,959113.3999999982
177435003.0636,1019996.100000013,959113.3999999982
177435005.0636,1019996.100000013,959113.3999999982
177435007.0636,1019996.100000013,959113.3999999982
177435009.0636,1019996.100000013,959113.3999999982
177435011.0636,1019996.100000013,959113.3999999982
177435013.0636,1019996.100000013,959113.3999999982
177435015.0636,1019996.100000013,959113.3999999982
177435017.0636,1019996.000000013,959113.3999999982
177435019.0636,1019996.000000013,959113.3999999982
177435021.0636,1019996.000000013,959113.3999999982
177435023.0636,1019995.9000000131,959113.4999999981
177435025.0636,1019995.9000000131,959113.4999999981
177435027.0636,1019995.9000000131,959113.4999999981
177435029.0636,1019995.9000000131,959113.4999999981
177435031.0636,1019995.9000000131,959113.4999999981
177435033.0636,1019995.8000000131,959113.4999999981
177435035.0636,1019995.8000000131,959113.4999999981
177435037.0636,1019997.9000000131,959113.4999999981
177435039.0636,1019997.9000000131,959113.4999999981
177435041.0636,1019997.9000000131,959113.5999999981
177435043.0636,1019997.9000000131,959113.5999999981
177435045.0636,1019997.9000000131,959113.5999999981
177435047.0636,1019997.9000000131,959113.5999999981
177435049.0636,1019997.9000000131,959113.5999999981
177435051.0636,1019997.9000000131,959113.5999999981
177435053.0636,1019997.9000000131,959113.6999999981
177435055.0636,1019997.9000000131,959113.6999999981
177435057.0636,1019997.9000000131,959113.7999999981
177435059.0636,1019997.9000000131,959113.899999998
177435061.0636,1019997.9000000131,959113.899999998
177435063.0636,1019997.8000000131,959113.899999998
177435065.0636,1019997.8000000131,959113.899999998
177435067.0636,1019997.8000000131,959113.899999998
177435069.0636,1019997.7000000131,959113.899999998
177435071.0636,1019997.7000000131,959113.899999998
177435073.0636,1019997.7000000131,959113.899999998
177435075.0636,1019997.6000000131,959113.899999998
177435077.0636,1019997.6000000131,959113.899999998
177435079.0636,1019997.6000000131,959113.899999998
177435081.0636,1019997.6000000131,959113.899999998
177435083.0636,1019997.5000000132,959113.899999998
177435085.0636,1019997.4000000132,959113.899999998
177435087.0636,1019997.4000000132,959113.899999998
177435089.0636,1019997.4000000132,959113.899999998
177435091.0636,1019997.4000000132,959113.899999998
177435093.0636,1019997.4000000132,959113.899999998
177435095.0636,1019997.3000000132,959113.899999998
177435097.0636,1019997.3000000132,959113.899999998
177435099.0636,1019997.3000000132,959113.899999998
177435101.0636,1019997.2000000132,959113.899999998
177435103.0636,1019997.1000000132,959113.899999998
177435105.0636,1019997.1000000132,959113.899999998
177435107.0636,1019997.1000000132,959113.899999998
177435109.0636,1019997.0000000133,959113.899999998
177435111.0636,1019997.0000000133,959113.899999998
177435113.0636,1019996.8000000133,959113.899999998
177435115.0636,1019996.8000000133,959113.899999998
177435117.0636,1019996.8000000133,959113.899999998
177435119.0636,1019996.8000000133,959113.899999998
177435121.0636,1019997.2000000133,959113.899999998
177435123.0636,1019997.2000000133,959113.899999998
177435125.0636,1019998.6000000134,959113.999999998
177435127.0636,1019998.5000000134,959114.099999998
177435129.0636,1019998.5000000134,959114.099999998
177435131.0636,1019998.5000000134,959114.099999998
177435133.0636,1019998.5000000134,959114.099999998
177435135.0636,1019998.5000000134,959114.099999998
177435137.0636,1019998.5000000134,959114.199999998
177435139.0636,1019998.5000000134,959114.299999998
177435141.0636,1019998.5000000134,959114.299999998
177435143.0636,1019998.5000000134,959114.299999998
177435145.0636,1019998.5000000134,959114.299999998
177435147.0636,1019998.5000000134,959114.299999998
177435149.0636,1019998.5000000134,959114.3999999979
177435151.0636,1019998.5000000134,959114.4999999979
177435153.0636,1019998.5000000134,959114.4999999979
177435155.0636,1019998.5000000134,959114.4999999979
177435157.0636,1019998.5000000134,959114.4999999979
177435159.0636,1019998.5000000134,959114.4999999979
177435161.0636,1019998.5000000134,959114.5999999979
177435163.0636,1019998.4000000134,959114.6999999979
177435165.0636,1019998.4000000134,959114.6999999979
177435167.0636,1019998.4000000134,959114.6999999979
177435169.0636,1019998.4000000134,959114.7999999978
177435171.0636,1019998.4000000134,959114.8999999978
177435173.0636,1019998.4000000134,959114.8999999978
177435175.0636,1019998.4000000134,959114.9999999978
177435177.0636,1019998.4000000134,959114.9999999978
177435179.0636,1019998.5000000134,959114.9999999978
177435181.0636,1019998.5000000134,959114.9999999978
177435183.0636,1019998.5000000134,959115.0999999978
177435185.0636,1019998.5000000134,959115.0999999978
177435187.0636,1019998.5000000134,959115.0999999978
177435189.0636,1019998.5000000134,959115.0999999978
177435191.0636,1019998.5000000134,959115.0999999978
177435193.0636,1019998.4000000134,959115.0999999978
177435195.0636,1019998.4000000134,959115.1999999977
177435197.0636,1019998.4000000134,959115.1999999977
177435199.0636,1019998.4000000134,959115.1999999977
177435201.0636,1019998.4000000134,959115.1999999977
177435203.0636,1019998.3000000134,959115.1999999977
177435205.0636,1019998.5000000134,959115.1999999977
177435207.0636,1019998.5000000134,959115.1999999977
177435209.0636,1019998.5000000134,959115.1999999977
177435211.0636,1019998.5000000134,959115.2999999977
177435213.0636,1019998.5000000134,959115.2999999977
177435215.0636,1019998.4000000134,959115.2999999977
177435217.0636,1019998.4000000134,959115.1999999977
177435219.0636,1019998.2000000135,959114.8999999977
177435221.0636,1019998.1000000135,959114.8999999977
177435223.0636,1019998.0000000135,959114.8999999977
177435225.0636,1019998.0000000135,959114.8999999977
177435227.0636,1019998.0000000135,959114.8999999977
177435229.0636,1019998.0000000135,959114.8999999977
177435231.0636,1019997.9000000135,959114.8999999977
177435233.0636,1019997.9000000135,959114.8999999977
177435235.0636,1019997.8000000136,959114.8999999977
177435237.0636,1019997.8000000136,959114.8999999977
177435239.0636,1019997.8000000136,959114.8999999977
177435241.0636,1019997.7000000136,959114.8999999977
177435243.0636,1019997.6000000136,959114.8999999977
177435245.0636,1019997.6000000136,959114.8999999977
177435247.0636,1019997.6000000136,959114.8999999977
177435249.0636,1019997.6000000136,959114.8999999977
177435251.0636,1019997.5000000136,959114.8999999977
177435253.0636,1019997.5000000136,959114.8999999977
177435255.0636,1019997.5000000136,959114.8999999977
177435257.0636,1019997.5000000136,959114.8999999977
177435259.0636,1019997.5000000136,959114.8999999977
177435261.0636,1019997.4000000136,959114.9999999977
177435263.0636,1019997.4000000136,959114.9999999977
177435265.0636,1019997.4000000136,959115.0999999976
177435267.0636,1019997.4000000136,959115.0999999976
177435269.0636,1019997.4000000136,959115.0999999976
177435271.0636,1019997.3000000137,959115.0999999976
177435273.0636,1019997.3000000137,959115.0999999976
177435275.0636,1019997.2000000137,959115.0999999976
177435277.0636,1019997.1000000137,959115.0999999976
177435281.0636,1019997.0000000137,959115.0999999976
177435291.0636,1019996.9000000138,959115.0999999976
177435293.0636,1019996.8000000138,959115.0999999976
177435295.0636,1019996.8000000138,959115.0999999976
177435297.0636,1019996.8000000138,959115.0999999976
177435299.0636,1019996.7000000138,959115.0999999976
177435301.0636,1019996.6000000138,959115.0999999976
177435303.0636,1019996.5000000139,959115.0999999976
177435305.0636,1019996.5000000139,959115.0999999976
177435307.0636,1019996.5000000139,959115.0999999976
177435309.0636,1019996.3000000139,959115.0999999976
177435311.0636,1019996.3000000139,959115.0999999976
177435313.0636,1019996.3000000139,959115.0999999976
177435315.0636,1019996.3000000139,959115.1999999976
177435317.0636,1019996.2000000139,959115.1999999976
177435319.0636,1019996.100000014,959115.2999999976
177435321.0636,1019996.100000014,959115.2999999976
177435323.0636,1019996.100000014,959115.2999999976
177435325.0636,1019996.100000014,959115.2999999976
177435327.0636,1019996.000000014,959115.2999999976
177435329.0636,1019996.000000014,959115.2999999976
177435331.0636,1019996.000000014,959115.2999999976
177435333.0636,1019996.000000014,959115.2999999976
177435335.0636,1019995.900000014,959115.2999999976
177435337.0636,1019995.800000014,959115.3999999976
177435339.0636,1019995.700000014,959115.3999999976
177435341.0636,1019995.700000014,959115.4999999976
177435343.0636,1019995.700000014,959115.4999999976
177435345.0636,1019995.700000014,959115.4999999976
177435347.0636,1019996.5000000141,959115.4999999976
177435349.0636,1019996.5000000141,959115.4999999976
177435351.0636,1019996.5000000141,959115.4999999976
177435353.0636,1019996.5000000141,959115.4999999976
177435355.0636,1019996.5000000141,959115.4999999976
177435357.0636,1019996.4000000141,959115.4999999976
177435359.0636,1019996.4000000141,959115.5999999975
177435361.0636,1019996.4000000141,959115.5999999975
177435363.0636,1019996.4000000141,959115.6999999975
177435365.0636,1019996.4000000141,959115.6999999975
177435367.0636,1019996.4000000141,959115.7999999975
177435369.0636,1019996.4000000141,959115.8999999975
177435371.0636,1019996.4000000141,959115.9999999974
177435373.0636,1019996.4000000141,959116.0999999974
177435375.0636,1019996.4000000141,959116.0999999974
177435377.0636,1019996.3000000141,959116.1999999974
177435379.0636,1019996.3000000141,959116.2999999974
177435381.0636,1019996.2000000142,959116.3999999973
177435383.0636,1019996.2000000142,959116.3999999973
177435385.0636,1019996.2000000142,959116.3999999973
177435387.0636,1019996.2000000142,959116.3999999973
177435389.0636,1019996.2000000142,959116.4999999973
177435391.0636,1019996.2000000142,959116.6999999973
177435393.0636,1019996.1000000142,959116.6999999973
177435395.0636,1019996.1000000142,959116.6999999973
177435397.0636,1019996.1000000142,959116.6999999973
177435399.0636,1019996.1000000142,959116.6999999973
177435401.0636,1019996.1000000142,959116.6999999973
177435403.0636,1019996.1000000142,959116.6999999973
177435405.0636,1019996.1000000142,959116.6999999973
177435407.0636,1019996.1000000142,959116.6999999973
177435409.0636,1019996.1000000142,959116.6999999973
177435411.0636,1019996.1000000142,959116.6999999973
177435413.0636,1019996.1000000142,959116.7999999973
177435415.0636,1019996.1000000142,959116.7999999973
177435417.0636,1019996.1000000142,959116.7999999973
177435419.0636,1019996.0000000142,959116.7999999973
177435421.0636,1019996.1000000142,959116.7999999973
177435423.0636,1019996.1000000142,959116.7999999973
177435425.0636,1019996.1000000142,959116.7999999973
177435427.0636,1019996.1000000142,959116.8999999972
177435429.0636,1019996.1000000142,959116.8999999972
177435431.0636,1019996.0000000142,959116.8999999972
177435433.0636,1019996.0000000142,959116.8999999972
177435435.0636,1019996.0000000142,959116.8999999972
177435437.0636,1019996.0000000142,959116.8999999972
177435439.0636,1019995.9000000142,959116.8999999972
177435441.0636,1019995.8000000142,959116.8999999972
177435443.0636,1019995.7000000143,959116.9999999972
177435445.0636,1019995.7000000143,959116.9999999972
177435447.0636,1019995.7000000143,959116.9999999972
177435449.0636,1019995.6000000143,959116.9999999972
177435451.0636,1019995.6000000143,959116.9999999972
177435453.0636,1019995.5000000143,959116.9999999972
177435455.0636,1019995.5000000143,959116.9999999972
177435457.0636,1019995.4000000143,959117.0999999972
177435459.0636,1019995.4000000143,959117.0999999972
177435461.0636,1019995.4000000143,959117.0999999972
177435463.0636,1019995.4000000143,959117.0999999972
177435465.0636,1019995.3000000144,959117.0999999972
177435467.0636,1019995.3000000144,959117.0999999972
177435469.0636,1019995.3000000144,959116.9999999972
177435471.0636,1019995.2000000144,959116.9999999972
177435473.0636,1019995.1000000144,959116.9999999972
177435475.0636,1019995.1000000144,959116.9999999972
177435477.0636,1019995.1000000144,959116.9999999972
177435479.0636,1019995.1000000144,959116.9999999972
177435481.0636,1019995.1000000144,959116.9999999972
177435483.0636,1019995.0000000144,959116.9999999972
177435485.0636,1019995.0000000144,959116.9999999972
177435487.0636,1019995.0000000144,959116.9999999972
177435489.0636,1019995.0000000144,959116.5999999972
177435491.0636,1019994.9000000145,959116.6999999972
177435493.0636,1019994.9000000145,959116.6999999972
177435495.0636,1019994.9000000145,959116.7999999971
177435497.0636,1019994.9000000145,959116.7999999971
177435499.0636,1019994.8000000145,959116.7999999971
177435501.0636,1019994.8000000145,959116.7999999971
177435503.0636,1019994.7000000145,959116.7999999971
177435505.0636,1019994.7000000145,959116.7999999971
177435507.0636,1019994.7000000145,959116.7999999971
177435509.0636,1019994.6000000145,959116.7999999971
177435511.0636,1019994.6000000145,959116.7999999971
177435513.0636,1019994.6000000145,959116.7999999971
177435515.0636,1019994.6000000145,959116.7999999971
177435517.0636,1019994.6000000145,959116.7999999971
177435519.0636,1019994.6000000145,959116.7999999971
177435521.0636,1019994.5000000146,959116.6999999972
177435523.0636,1019994.5000000146,959116.7999999971
177435525.0636,1019994.5000000146,959116.7999999971
177435527.0636,1019994.4000000146,959116.8999999971
177435529.0636,1019994.4000000146,959116.8999999971
177435531.0636,1019994.4000000146,959116.8999999971
177435533.0636,1019994.4000000146,959116.9999999971
177435535.0636,1019994.3000000146,959116.9999999971
177435537.0636,1019994.2000000146,959116.9999999971
177435539.0636,1019994.1000000146,959116.9999999971
177435541.0636,1019994.1000000146,959117.0999999971
177435543.0636,1019994.1000000146,959117.0999999971
177435545.0636,1019994.0000000147,959117.0999999971
177435547.0636,1019993.8000000147,959117.0999999971
177435549.0636,1019993.7000000147,959117.0999999971
177435551.0636,1019993.7000000147,959117.0999999971
177435553.0636,1019993.7000000147,959117.0999999971
177435555.0636,1019993.6000000148,959117.0999999971
177435557.0636,1019993.5000000148,959117.0999999971
177435559.0636,1019993.5000000148,959117.0999999971
177435561.0636,1019993.5000000148,959117.0999999971
177435563.0636,1019993.5000000148,959117.0999999971
177435565.0636,1019993.5000000148,959117.0999999971
177435567.0636,1019993.3000000148,959117.0999999971
177435569.0636,1019993.3000000148,959116.9999999971
177435571.0636,1013905.7000000149,959116.9999999971
177435573.0636,1013905.6000000149,959117.0999999971
177435575.0636,1013905.6000000149,959117.199999997
177435577.0636,1013905.4000000149,959117.199999997
177435579.0636,1013905.4000000149,959117.199999997
177435581.0636,1013905.300000015,959117.199999997
177435583.0636,1013905.300000015,959117.0999999971
177435585.0636,1013905.200000015,959117.0999999971
177435587.0636,1008426.300000015,959117.0999999971
177435589.0636,1019993.800000015,959117.0999999971
177435591.0636,1019993.700000015,959117.0999999971
177435593.0636,1019993.700000015,959117.0999999971
177435595.0636,1019993.700000015,959117.0999999971
177435597.0636,1019993.700000015,959117.199999997
177435599.0636,1019993.700000015,959117.199999997
177435601.0636,1019993.600000015,959117.199999997
177435603.0636,1019993.600000015,959117.199999997
177435605.0636,1019993.600000015,959117.199999997
177435607.0636,1019993.600000015,959117.199999997
177435609.0636,1019993.600000015,959117.199999997
177435611.0636,1019993.500000015,959117.0999999971
177435613.0636,1019993.500000015,959117.0999999971
177435615.0636,1019993.400000015,959116.9999999971
177435617.0636,1019993.400000015,959116.9999999971
177435619.0636,1019993.400000015,959116.9999999971
177435621.0636,1019993.400000015,959117.0999999971
177435623.0636,1019993.400000015,959117.199999997
177435625.0636,1019993.400000015,959117.199999997
177435627.0636,1019993.400000015,959117.199999997
177435629.0636,1019993.400000015,959117.199999997
177435631.0636,1019993.400000015,959117.199999997
177435633.0636,1019993.400000015,959117.299999997
177435635.0636,1019993.400000015,959117.199999997
177435637.0636,1019993.400000015,959117.199999997
177435639.0636,1019993.3000000151,959117.199999997
177435641.0636,1019993.2000000151,959117.199999997
177435643.0636,1019993.2000000151,959117.199999997
177435645.0636,1019993.2000000151,959117.199999997
177435647.0636,1019993.1000000151,959117.199999997
177435649.0636,1019993.1000000151,959117.199999997
177435651.0636,1019993.0000000151,959117.299999997
177435653.0636,1019993.0000000151,959117.299999997
177435655.0636,1019993.0000000151,959117.299999997
177435657.0636,1019993.0000000151,959117.299999997
177435659.0636,1019993.0000000151,959117.299999997
177435661.0636,1019992.9000000152,959117.299999997
177435663.0636,1019992.8000000152,959117.299999997
177435665.0636,1019992.6000000152,959116.999999997
177435667.0636,1019992.4000000153,959116.999999997
177435669.0636,1019992.4000000153,959116.999999997
177435671.0636,1019992.4000000153,959116.999999997
177435673.0636,1019992.3000000153,959116.999999997
177435675.0636,1019992.1000000153,959116.999999997
177435677.0636,1019992.0000000154,959116.999999997
177435679.0636,1019992.0000000154,959116.999999997
177435681.0636,1019992.0000000154,959116.999999997
177435683.0636,1019992.0000000154,959116.999999997
177435685.0636,1019991.9000000154,959116.999999997
177435687.0636,1019991.8000000154,959116.999999997
177435689.0636,1019991.8000000154,959116.999999997
177435691.0636,1019991.8000000154,959116.999999997
177435693.0636,1019991.8000000154,959116.999999997
177435695.0636,1019991.8000000154,959116.999999997
177435697.0636,1019991.8000000154,959116.999999997
177435699.0636,1019991.8000000154,959117.099999997
177435701.0636,1019991.7000000154,959117.099999997
177435703.0636,1019991.7000000154,959117.099999997
177435705.0636,1019991.7000000154,959117.099999997
177435707.0636,1019991.7000000154,959117.099999997
177435709.0636,1019991.7000000154,959117.099999997
177435711.0636,1019991.7000000154,959117.1999999969
177435713.0636,1019991.7000000154,959117.1999999969
177435715.0636,1019991.7000000154,959117.1999999969
177435717.0636,1019991.7000000154,959117.1999999969
177435719.0636,1019991.6000000155,959117.1999999969
177435721.0636,1019991.6000000155,959117.1999999969
177435723.0636,1019991.6000000155,959117.1999999969
177435725.0636,1019991.5000000155,959117.099999997
177435727.0636,1019991.5000000155,959117.099999997
177435729.0636,1019991.4000000155,959117.099999997
177435731.0636,1019991.4000000155,959117.099999997
177435733.0636,1019991.4000000155,959117.099999997
177435735.0636,1019991.3000000155,959117.099999997
177435737.0636,1019991.3000000155,959117.099999997
177435739.0636,1019991.3000000155,959117.099999997
177435741.0636,1019991.2000000156,959117.099999997
177435743.0636,1019991.2000000156,959117.099999997
177435745.0636,1019991.2000000156,959117.099999997
177435747.0636,1019991.2000000156,959117.099999997
177435749.0636,1015000.0000000156,959116.999999997
177435751.0636,1015000.0000000156,959116.999999997
177435753.0636,1019991.2000000156,959116.999999997
177435755.0636,1019991.2000000156,959116.999999997
177435757.0636,1019991.2000000156,959116.999999997
177435759.0636,1019991.0000000156,959116.999999997
177435761.0636,1019991.0000000156,959116.999999997
177435763.0636,1019991.0000000156,959116.999999997
177435765.0636,1019991.0000000156,959116.999999997
177435767.0636,1019991.0000000156,959116.999999997
177435769.0636,1019991.0000000156,959116.999999997
177435771.0636,1019991.0000000156,959116.999999997
177435773.0636,1019991.0000000156,959116.999999997
177435775.0636,1019990.9000000156,959117.099999997
177435777.0636,1019990.9000000156,959117.099999997
177435779.1636,1019990.8000000156,959117.099999997
177435781.0636,1019990.7000000157,959117.099999997
177435783.0636,1019990.6000000157,959117.099999997
177435785.0636,1019990.5000000157,959117.099999997
177435787.0636,1019990.4000000157,959117.099999997
177435789.0636,1019990.4000000157,959117.099999997
177435791.0636,1019990.3000000158,959117.099999997
177435793.0636,1019990.2000000158,959117.099999997
177435795.0636,1019990.2000000158,959117.099999997
177435797.0636,1019990.2000000158,959117.099999997
177435799.0636,1019990.1000000158,959117.1999999969
177435801.0636,1019990.1000000158,959117.1999999969
177435803.0636,1013902.8000000158,959117.1999999969
177435805.0636,1013902.8000000158,959117.1999999969
177435807.0636,1013902.8000000158,959117.2999999969
177435809.0636,1013902.8000000158,959117.2999999969
177435811.0636,1013902.8000000158,959117.2999999969
177435813.0636,1013902.7000000158,959117.2999999969
177435815.0636,1013902.6000000158,959117.3999999969
177435817.0636,1013902.6000000158,959117.3999999969
177435819.0636,1013902.6000000158,959117.3999999969
177435821.0636,1013902.5000000158,959117.3999999969
177435823.0636,1013902.5000000158,959117.3999999969
177435825.0636,1013902.5000000158,959117.3999999969
177435827.0636,1013902.5000000158,959117.3999999969
177435829.0636,1013902.5000000158,959117.3999999969
177435831.0636,1019990.2000000158,959117.3999999969
177435833.0636,1019990.2000000158,959117.3999999969
177435835.0636,1019990.2000000158,959117.3999999969
177435837.0636,1019990.2000000158,959117.3999999969
177435839.0636,1019990.2000000158,959117.3999999969
177435841.0636,1019990.2000000158,959117.4999999969
177435843.0636,1019990.2000000158,959117.4999999969
177435845.0636,1019990.0000000158,959117.4999999969
177435847.0636,1019990.0000000158,959117.4999999969
177435849.0636,1019989.9000000159,959117.1999999968
177435851.0636,1019989.9000000159,959117.1999999968
177435853.0636,1019989.9000000159,959117.2999999968
177435855.0636,1019989.8000000159,959117.2999999968
177435857.0636,1019989.7000000159,959117.1999999968
177435859.0636,1019989.7000000159,959117.1999999968
177435861.0636,1019989.6000000159,959117.1999999968
177435863.0636,1019989.500000016,959117.1999999968
177435865.0636,1019989.500000016,959117.1999999968
177435867.0636,1019989.400000016,959117.1999999968
177435869.0636,1019989.400000016,959117.2999999968
177435871.0636,1019989.300000016,959117.1999999968
177435873.0636,1019989.300000016,959117.1999999968
177435875.0636,1019989.200000016,959117.1999999968
177435877.0636,1019989.100000016,959117.1999999968
177435879.0636,1019989.0000000161,959117.1999999968
177435881.0636,1019989.0000000161,959117.1999999968
177435883.0636,1019989.600000016,959117.1999999968
177435885.0636,1019989.600000016,959117.2999999968
177435887.0636,1019989.600000016,959117.2999999968
177435889.0636,1019989.5000000161,959117.2999999968
177435891.0636,1019989.5000000161,959117.2999999968
177435893.0636,1019989.5000000161,959117.2999999968
177435895.0636,1019989.5000000161,959117.3999999968
177435897.0636,1019989.5000000161,959117.3999999968
177435899.0636,1019989.5000000161,959117.3999999968
177435901.0636,1019989.5000000161,959117.3999999968
177435903.0636,1019989.5000000161,959117.4999999967
177435905.0636,1019989.5000000161,959117.4999999967
177435907.0636,1019989.5000000161,959117.4999999967
177435909.0636,1019989.600000016,959117.4999999967
177435911.0636,1019989.5000000161,959117.3999999968
177435913.0636,1019989.4000000161,959117.3999999968
177435915.0636,1019989.4000000161,959117.3999999968
177435917.0636,1019989.4000000161,959117.3999999968
177435919.0636,1019989.3000000161,959117.3999999968
177435921.0636,1019989.1000000162,959117.2999999968
177435923.0636,1019989.1000000162,959117.2999999968
177435925.0636,1019989.1000000162,959117.2999999968
177435927.0636,1019989.0000000162,959117.2999999968
177435929.0636,1019989.0000000162,959117.2999999968
177435931.0636,1019989.1000000162,959117.2999999968
177435933.0636,1019989.1000000162,959117.3999999968
177435935.0636,1019989.1000000162,959117.3999999968
177435937.0636,1019989.1000000162,959117.3999999968
177435939.0636,1019989.1000000162,959117.3999999968
177435941.0636,1019989.1000000162,959117.3999999968
177435943.0636,1019988.9000000162,959117.3999999968
177435945.0636,1019988.9000000162,959117.3999999968
177435947.0636,1019988.9000000162,959117.3999999968
177435949.0636,1019988.9000000162,959117.3999999968
177435951.0636,1019988.8000000162,959117.3999999968
177435953.0636,1019988.7000000163,959117.3999999968
177435955.0636,1019988.7000000163,959117.3999999968
177435957.0636,1019988.6000000163,959117.3999999968
177435959.0636,1019988.6000000163,959117.3999999968
177435961.0636,1019988.5000000163,959117.3999999968
177435963.0636,1019988.4000000163,959117.3999999968
177435965.0636,1019988.4000000163,959117.4999999967
177435967.0636,1019988.4000000163,959117.4999999967
177435969.0636,1019988.4000000163,959117.4999999967
177435971.0636,1019988.3000000163,959117.4999999967
177435973.0636,1019988.2000000164,959117.4999999967
177435975.0636,1019988.1000000164,959117.4999999967
177435977.0636,1019988.0000000164,959117.4999999967
177435979.0636,1019988.0000000164,959117.5999999967
177435981.0636,1019988.0000000164,959117.5999999967
177435983.0636,1019988.0000000164,959117.5999999967
177435985.0636,1019987.9000000164,959117.5999999967
177435987.0636,1019987.8000000165,962161.0999999967
177435989.0636,1019987.8000000165,962161.0999999967
177435991.0636,1019987.8000000165,962161.0999999967
177435993.0636,1019987.8000000165,962161.0999999967
177435995.0636,1019987.7000000165,962161.0999999967
177435997.0636,1019987.6000000165,962161.1999999967
177435999.0636,1019987.6000000165,962161.1999999967
177436001.0636,1019987.5000000165,962161.2999999967
177436003.0636,1019987.5000000165,962161.2999999967
177436005.0636,1019987.3000000166,962161.2999999967
177436007.0636,1019987.3000000166,962161.2999999967
177436009.0636,1019987.3000000166,962161.3999999966
177436011.0636,1019987.2000000166,962161.2999999967
177436013.0636,1019987.1000000166,962161.2999999967
177436015.0636,1019987.1000000166,962161.2999999967
177436017.0636,1019987.1000000166,962161.2999999967
177436019.0636,1019987.0000000166,962161.2999999967
177436021.0636,1019986.9000000167,962161.2999999967
177436023.0636,1019986.8000000167,962161.2999999967
177436025.0636,1019986.6000000167,962161.3999999966
177436027.0636,1019986.6000000167,962161.3999999966
177436029.0636,1019986.6000000167,962161.3999999966
177436031.0636,1019986.5000000168,962161.3999999966
177436033.0636,1019986.4000000168,962161.3999999966
177436035.0636,1019986.4000000168,962161.3999999966
177436037.0636,1019986.4000000168,962161.3999999966
177436039.0636,1019986.3000000168,962161.3999999966
177436041.0636,1019986.2000000168,962161.4999999966
177436043.0636,1019986.2000000168,962161.4999999966
177436045.0636,1019986.2000000168,962161.4999999966
177436047.0636,1019986.1000000169,962161.4999999966
177436049.0636,1019986.0000000169,962161.4999999966
177436051.0636,1019986.0000000169,962161.4999999966
177436053.0636,1019985.9000000169,962161.4999999966
177436055.0636,1019985.8000000169,962161.3999999966
177436057.0636,1019985.8000000169,962161.3999999966
177436059.0636,1019987.600000017,962161.3999999966
177436061.0636,1019988.000000017,962161.3999999966
177436063.0636,1019988.000000017,962161.3999999966
177436065.0636,1019988.000000017,962161.5999999966
177436067.0636,1014205.400000017,962161.6999999966
177436069.0636,1014205.400000017,962161.6999999966
