Timestamp,Buy_Price,Sell_Price
177427179.1658,242604.0,230188.5
177427181.1658,242604.1,230188.5
177427183.1658,242604.0,230188.5
177427185.1658,242604.0,230188.5
177427187.1658,242604.0,230188.5
177427189.1658,242604.0,229535.0
177427191.1658,242604.0,229535.0
177427193.1658,242604.0,229535.0
177427195.1658,242604.0,229535.0
177427197.1658,242604.0,229535.0
177427199.2658,242604.0,229535.0
177427201.2658,242604.0,229535.0
177427203.2658,242604.0,229535.0
177427205.2658,242604.0,229535.0
177427207.2658,242604.0,229535.0
177427209.2658,242604.0,229535.0
177427211.2658,242604.0,229535.0
177427213.2658,242604.0,229535.0
177427215.2658,242604.0,229535.0
177427217.2658,242604.0,229535.0
177427219.2658,242604.0,228847.0
177427221.2658,242604.0,228847.0
177427223.2658,242604.0,228847.0
177427225.2658,242604.0,228847.0
177427227.2658,242604.0,228847.0
177427229.2658,242604.0,228847.0
177427231.2658,242604.0,228847.0
177427233.2658,242604.0,228847.0
177427235.2658,242604.0,228847.0
177427237.2658,242604.0,228847.0
177427239.2658,242604.0,228847.0
177427241.2658,242604.0,228847.0
177427243.2658,242604.0,228847.0
177427245.2658,242604.0,228847.0
177427247.2658,242604.0,228847.0
177427249.2658,242603.9,228847.0
177427251.2658,242603.9,228847.0
177427253.2658,242603.8,228847.0
177427255.2658,242603.8,228847.0
177427257.2658,242603.8,228847.0
177427259.2658,242603.8,228847.0
177427261.2658,242603.8,228847.0
177427263.2658,242603.9,228847.0
177427265.2658,242603.8,228847.0
177427267.2658,242603.8,228847.0
177427269.2658,242603.8,228847.0
177427271.2658,242603.8,228847.0
177427273.2658,242603.8,228847.0
177427275.2658,242603.8,228847.0
177427277.2658,242603.8,228847.0
177427279.2658,242603.8,228847.0
177427281.2658,242603.8,228847.0
177427283.2658,242603.8,228847.0
177427285.2658,242603.8,228847.0
177427287.2658,242603.8,228847.0
177427289.2658,242603.8,228847.0
177427291.2658,242603.8,228847.0
177427293.2658,242603.8,228847.0
177427295.2658,242603.8,228847.0
177427297.2658,242603.8,228847.0
177427299.2658,242603.8,228847.0
177427301.2658,242603.8,228847.0
177427303.2658,242603.8,228847.0
177427305.2658,242603.8,228847.0
177427307.2658,242603.69999999998,228847.0
177427309.2658,242603.59999999998,228847.0
177427311.2658,242603.59999999998,228847.0
177427313.2658,242603.59999999998,228847.0
177427315.2658,242603.59999999998,228847.0
177427317.2658,242603.59999999998,228847.0
177427319.2658,242603.59999999998,228847.0
177427321.2658,242603.59999999998,228847.0
177427323.2658,242603.59999999998,228847.0
177427325.2658,242603.59999999998,228847.0
177427327.2658,242603.59999999998,228847.0
177427329.2658,242603.59999999998,228847.0
177427331.2658,242603.59999999998,228847.0
177427333.2658,242603.59999999998,228847.0
177427335.2658,242603.59999999998,228847.0
177427337.2658,242603.59999999998,228847.0
177427339.2658,242603.59999999998,228847.0
177427341.2658,242603.59999999998,228847.0
177427343.2658,242603.59999999998,228847.0
177427345.2658,242603.59999999998,228847.0
177427347.2658,242603.59999999998,228847.0
177427349.2658,242603.69999999998,228847.0
177427351.2658,242603.59999999998,228847.0
177427353.2658,242603.59999999998,228847.0
177427355.2658,242603.59999999998,228847.0
177427357.2658,242603.59999999998,228847.0
177427359.2658,242603.59999999998,228847.0
177427361.2658,242603.59999999998,228847.0
177427363.2658,242603.59999999998,228847.0
177427365.2658,242603.59999999998,228847.0
177427367.2658,242603.69999999998,228847.0
177427369.2658,242603.59999999998,228847.0
177427371.2658,242603.59999999998,228847.0
177427373.2658,242603.59999999998,228847.0
177427375.2658,242603.59999999998,228847.0
177427377.2658,242603.59999999998,228847.0
177427379.2658,242603.59999999998,228847.0
177427381.2658,242603.59999999998,228847.0
177427383.2658,242603.69999999998,228847.0
177427385.2658,242603.59999999998,228847.0
177427387.2658,242603.59999999998,228847.1
177427389.2658,242603.59999999998,228847.1
177427391.2658,242603.69999999998,228847.1
177427393.2658,242603.59999999998,228847.1
177427395.2658,242603.59999999998,228847.1
177427397.2658,242603.59999999998,228847.1
177427399.2658,242603.59999999998,228847.1
177427401.2658,242603.59999999998,228847.1
177427403.2658,242603.59999999998,228847.1
177427405.2658,242603.59999999998,228847.1
177427407.2658,242603.69999999998,228847.1
177427409.2658,242603.59999999998,228847.1
177427411.2658,242603.59999999998,228847.1
177427413.2658,242603.59999999998,228847.1
177427415.2658,242603.59999999998,228847.1
177427417.2658,242603.59999999998,228847.1
177427419.2658,242603.59999999998,228846.7
177427421.2658,242603.59999999998,228846.7
177427423.2658,242603.59999999998,228846.7
177427425.2658,242603.59999999998,228846.7
177427427.2658,242603.59999999998,228846.7
177427429.2658,242603.59999999998,228846.7
177427431.2658,242603.59999999998,228846.7
177427433.2658,242603.59999999998,228846.7
177427435.2658,242603.59999999998,228846.7
177427437.2658,242603.59999999998,228846.7
177427439.2658,242603.59999999998,228846.7
177427441.2658,242603.59999999998,228846.7
177427443.2658,242603.59999999998,228846.7
177427445.2658,242603.39999999997,228846.7
177427447.2658,242603.39999999997,228846.7
177427449.2658,242603.29999999996,228846.7
177427451.2658,242603.29999999996,228846.7
177427453.2658,242603.29999999996,228846.7
177427455.2658,242603.29999999996,228846.7
177427457.2658,242603.29999999996,228846.80000000002
177427459.2658,242603.29999999996,228846.80000000002
177427461.2658,241227.59999999995,228846.7
177427463.2658,241227.49999999994,228846.7
177427465.2658,241227.49999999994,228846.7
177427467.2658,241227.39999999994,228846.7
177427469.2658,241227.39999999994,228846.7
177427471.2658,241227.39999999994,228846.7
177427473.2658,241227.39999999994,228846.7
177427475.2658,241227.39999999994,228846.7
177427477.2658,241227.39999999994,228846.7
177427479.2658,241227.39999999994,228846.7
177427481.2658,241227.49999999994,228846.7
177427483.2658,241227.39999999994,228846.7
177427485.2658,241227.39999999994,228846.7
177427487.2658,241227.39999999994,228846.7
177427489.2658,241227.39999999994,228846.7
177427491.2658,241227.39999999994,228846.7
177427493.2658,241227.39999999994,228846.7
177427495.2658,241227.39999999994,228846.7
177427497.2658,241227.49999999994,228846.7
177427499.2658,241227.49999999994,228846.7
177427501.2658,241227.49999999994,228846.7
177427503.2658,241227.49999999994,228846.7
177427505.2658,241227.49999999994,228846.7
177427507.2658,241227.49999999994,228846.7
177427509.2658,241227.49999999994,228846.7
177427511.2658,241227.49999999994,228846.7
177427513.2658,241227.49999999994,228846.7
177427515.2658,241227.49999999994,228846.7
177427517.2658,241227.49999999994,228846.7
177427519.2658,241227.49999999994,228846.7
177427521.2658,241227.49999999994,228846.7
177427523.2658,241227.49999999994,228846.7
177427525.2658,241227.49999999994,228846.80000000002
177427527.2658,242603.39999999994,228846.80000000002
177427529.2658,242603.39999999994,228846.80000000002
177427531.2658,242603.39999999994,228846.80000000002
177427533.2658,242603.39999999994,228846.80000000002
177427535.2658,242603.39999999994,228846.90000000002
177427537.2658,242603.39999999994,228846.90000000002
177427539.2658,242603.39999999994,228846.90000000002
177427541.2658,242603.39999999994,228846.90000000002
177427543.2658,242603.39999999994,228846.90000000002
177427545.2658,242603.39999999994,228846.80000000002
177427547.2658,242603.39999999994,228846.80000000002
177427549.2658,245689.89999999994,228846.80000000002
177427551.2658,245689.89999999994,228846.80000000002
177427553.2658,247495.89999999994,228846.80000000002
177427555.2658,247495.89999999994,228846.80000000002
177427557.2658,257765.99999999994,228846.80000000002
177427559.2658,257765.99999999994,228846.80000000002
177427561.2658,257765.99999999994,228846.80000000002
177427563.2658,257765.99999999994,228846.80000000002
177427565.2658,257765.99999999994,228846.80000000002
177427567.2658,257765.89999999994,228846.80000000002
177427569.2658,257765.89999999994,228846.80000000002
177427571.2658,257765.89999999994,228846.80000000002
177427573.2658,257765.89999999994,228846.80000000002
177427575.2658,257765.89999999994,228846.80000000002
177427577.2658,257765.89999999994,228846.80000000002
177427579.2658,257765.89999999994,228846.80000000002
177427581.2658,257765.89999999994,228846.80000000002
177427583.2658,257765.89999999994,228846.80000000002
177427585.2658,257765.89999999994,228846.80000000002
177427587.2658,257765.79999999993,228846.80000000002
177427589.2658,257765.79999999993,228846.80000000002
177427591.2658,257765.89999999994,228846.80000000002
177427593.2658,257765.89999999994,228846.80000000002
177427595.2658,257765.89999999994,228846.80000000002
177427597.2658,257765.89999999994,228846.80000000002
177427599.2658,257765.89999999994,228846.80000000002
177427601.2658,257765.89999999994,228846.80000000002
177427603.2658,257765.89999999994,228846.80000000002
177427605.2658,257765.89999999994,228846.80000000002
177427607.2658,257765.89999999994,228846.80000000002
177427609.2658,257765.89999999994,228846.80000000002
177427611.2658,257765.89999999994,228846.80000000002
177427613.2658,257765.89999999994,228846.80000000002
177427615.2658,257765.89999999994,228846.80000000002
177427617.2658,257765.99999999994,228846.80000000002
177427619.2658,257765.89999999994,228846.80000000002
177427621.2658,257765.89999999994,228846.80000000002
177427623.2658,257765.89999999994,228846.90000000002
177427625.2658,257765.99999999994,228846.90000000002
177427627.2658,257765.99999999994,228846.90000000002
177427629.2658,257765.99999999994,228846.90000000002
177427631.2658,257765.99999999994,228846.90000000002
177427633.2658,257765.99999999994,228846.90000000002
177427635.2658,257765.99999999994,228846.80000000002
177427637.2658,257765.99999999994,228846.80000000002
177427639.2658,257765.99999999994,228846.80000000002
177427641.2658,257765.99999999994,228846.80000000002
177427643.2658,257765.99999999994,228846.90000000002
177427645.2658,257765.99999999994,228846.90000000002
177427647.2658,257765.99999999994,228846.90000000002
177427649.2658,257765.99999999994,228846.90000000002
177427651.2658,257765.99999999994,228846.90000000002
177427653.2658,257765.99999999994,228846.90000000002
177427655.2658,257765.99999999994,228846.90000000002
177427657.2658,257765.99999999994,228846.90000000002
177427659.2658,257765.99999999994,228846.90000000002
177427661.2658,257765.99999999994,228846.90000000002
177427663.2658,257765.99999999994,228846.90000000002
177427665.2658,257765.99999999994,228846.90000000002
177427667.2658,257765.99999999994,228846.90000000002
177427669.2658,257765.99999999994,228846.90000000002
177427671.2658,257765.99999999994,228846.90000000002
177427673.2658,257765.99999999994,228846.90000000002
177427675.2658,257765.99999999994,228846.90000000002
177427677.2658,257765.99999999994,228846.90000000002
177427679.2658,257765.99999999994,228846.90000000002
177427681.2658,257765.99999999994,228846.90000000002
177427683.2658,257765.99999999994,228846.90000000002
177427685.2658,257765.99999999994,228846.90000000002
177427687.2658,257765.99999999994,228846.90000000002
177427689.2658,257765.99999999994,228846.90000000002
177427691.2658,257765.99999999994,228846.90000000002
177427693.2658,257765.99999999994,228846.90000000002
177427695.2658,257765.89999999994,228846.80000000002
177427697.2658,257765.89999999994,228846.80000000002
177427699.2658,257765.79999999993,228846.80000000002
177427701.2658,257765.79999999993,228846.80000000002
177427703.2658,257765.79999999993,228846.80000000002
177427705.2658,257765.79999999993,228846.80000000002
177427707.2658,257765.69999999992,228846.90000000002
177427709.2658,257765.69999999992,228846.90000000002
177427711.2658,257765.69999999992,228846.90000000002
177427713.2658,257765.69999999992,228846.90000000002
177427715.2658,257765.69999999992,228846.90000000002
177427717.2658,257765.69999999992,228846.80000000002
177427719.2658,257765.69999999992,228846.80000000002
177427721.2658,257765.69999999992,228846.80000000002
177427723.2658,257765.59999999992,228846.80000000002
177427725.2658,257765.59999999992,228846.80000000002
177427727.2658,257765.59999999992,228846.90000000002
177427729.2658,257765.4999999999,228846.90000000002
177427731.2658,257765.3999999999,228846.90000000002
177427733.2658,257765.3999999999,228846.90000000002
177427735.2658,257765.3999999999,228846.90000000002
177427737.2658,257765.3999999999,228846.90000000002
177427739.2658,257765.3999999999,228847.00000000003
177427741.2658,257765.3999999999,228847.00000000003
177427743.2658,257765.2999999999,228847.00000000003
177427745.2658,257765.2999999999,228847.00000000003
177427747.2658,257765.2999999999,228847.00000000003
177427749.2658,257765.2999999999,228847.00000000003
177427751.2658,257765.1999999999,228847.00000000003
177427753.2658,257765.1999999999,228847.00000000003
177427755.2658,257765.1999999999,228847.00000000003
177427757.2658,257765.1999999999,228847.00000000003
177427759.2658,257765.0999999999,228847.00000000003
177427761.2658,257765.0999999999,228847.00000000003
177427763.2658,257765.0999999999,228847.00000000003
177427765.2658,257765.0999999999,228847.00000000003
177427767.2658,257765.0999999999,228847.00000000003
177427769.2658,257765.0999999999,228847.00000000003
177427771.2658,257765.0999999999,228847.00000000003
177427773.2658,257765.0999999999,228847.10000000003
177427775.2658,257765.0999999999,228847.20000000004
177427777.2658,257765.0999999999,228847.20000000004
177427779.2658,257765.0999999999,228847.20000000004
177427781.2658,257765.0999999999,228846.90000000005
177427783.2658,257765.0999999999,228846.90000000005
177427785.2658,257765.0999999999,228846.90000000005
177427787.2658,257764.99999999988,228846.90000000005
177427789.2658,257764.99999999988,228846.90000000005
177427791.2658,257764.99999999988,228846.90000000005
177427793.2658,257764.99999999988,228847.00000000006
177427795.2658,257764.89999999988,228847.00000000006
177427797.2658,257764.89999999988,228847.00000000006
177427799.2658,257764.89999999988,228846.90000000005
177427801.2658,257764.79999999987,228846.90000000005
177427805.2658,257764.79999999987,228846.80000000005
177427807.2658,257764.79999999987,228846.80000000005
177427809.2658,257764.69999999987,228846.80000000005
177427811.2658,257764.69999999987,228846.80000000005
177427813.2658,257764.69999999987,228846.80000000005
177427815.2658,257764.69999999987,228846.80000000005
177427817.2658,257764.69999999987,228846.80000000005
177427819.2658,257764.69999999987,228846.80000000005
177427821.2658,257764.69999999987,228846.80000000005
177427823.2658,257764.69999999987,228846.80000000005
177427825.2658,257764.69999999987,228846.80000000005
177427827.2658,257764.69999999987,228846.80000000005
177427829.2658,257764.69999999987,228846.80000000005
177427831.2658,257764.69999999987,228846.80000000005
177427833.2658,257764.59999999986,228846.80000000005
177427835.2658,257764.59999999986,228846.80000000005
177427837.2658,257764.59999999986,228846.80000000005
177427839.2658,257764.59999999986,228846.80000000005
177427841.2658,257764.59999999986,228846.80000000005
177427843.2658,257764.49999999985,228846.80000000005
177427845.2658,257764.49999999985,228846.80000000005
177427847.2658,257764.49999999985,228846.80000000005
177427849.2658,257764.39999999985,228846.80000000005
177427851.2658,257764.39999999985,228846.80000000005
177427853.2658,257764.39999999985,228846.80000000005
177427855.2658,257764.39999999985,228846.80000000005
177427857.2658,257764.39999999985,228846.80000000005
177427859.2658,257764.29999999984,228846.80000000005
177427861.2658,257764.29999999984,228846.80000000005
177427863.2658,257764.29999999984,228846.80000000005
177427865.2658,257764.29999999984,228846.80000000005
177427867.2658,257764.29999999984,228846.80000000005
177427869.2658,257764.29999999984,228846.80000000005
177427871.2658,257764.29999999984,228846.80000000005
177427873.2658,257764.29999999984,228846.80000000005
177427875.2658,257764.29999999984,228846.80000000005
177427877.2658,257764.29999999984,228846.80000000005
177427879.2658,257764.19999999984,228846.80000000005
177427881.2658,257764.19999999984,228846.80000000005
177427883.2658,257764.19999999984,228846.80000000005
177427885.2658,257764.09999999983,228846.80000000005
177427887.2658,257763.99999999983,228846.80000000005
177427889.2658,257763.99999999983,228846.80000000005
177427891.2658,257763.89999999982,228846.80000000005
177427893.2658,257763.89999999982,228846.80000000005
177427895.2658,257763.89999999982,228846.80000000005
177427897.2658,257763.89999999982,228846.80000000005
177427899.2658,257763.7999999998,228846.80000000005
177427901.2658,257763.7999999998,228846.80000000005
177427903.2658,257763.7999999998,228846.80000000005
177427905.2658,257763.7999999998,228846.80000000005
177427907.2658,257763.7999999998,228846.80000000005
177427909.2658,257763.7999999998,228846.80000000005
177427911.2658,257763.7999999998,228846.80000000005
177427913.2658,257763.7999999998,228846.80000000005
177427915.2658,257763.7999999998,228846.80000000005
177427917.2658,257763.7999999998,228846.80000000005
177427919.2658,257763.7999999998,228846.80000000005
177427921.2658,257763.7999999998,228846.80000000005
177427923.2658,257763.7999999998,228846.80000000005
177427925.2658,257763.7999999998,228846.80000000005
177427927.2658,257763.7999999998,228846.80000000005
177427929.2658,257763.7999999998,228846.80000000005
177427931.2658,257763.7999999998,228846.80000000005
177427933.2658,257763.7999999998,228846.80000000005
177427935.2658,257763.7999999998,228846.80000000005
177427937.2658,257763.7999999998,228846.90000000005
177427939.2658,257763.7999999998,228846.90000000005
177427941.2658,257763.7999999998,228846.90000000005
177427943.2658,257763.7999999998,228846.90000000005
177427945.2658,257763.7999999998,228846.90000000005
177427947.2658,257763.7999999998,228846.90000000005
177427949.2658,257763.7999999998,228846.90000000005
177427951.2658,257763.7999999998,228846.90000000005
177427953.2658,257763.7999999998,228846.90000000005
177427955.2658,257763.7999999998,228846.90000000005
177427957.2658,257763.7999999998,228846.90000000005
177427959.2658,257763.7999999998,228846.90000000005
177427961.2658,257763.7999999998,228846.90000000005
177427963.2658,257763.7999999998,228846.90000000005
177427965.2658,257763.7999999998,228846.90000000005
177427967.2658,257763.7999999998,228846.90000000005
177427969.2658,257763.7999999998,228846.90000000005
177427971.2658,257763.7999999998,228846.90000000005
177427973.2658,257763.7999999998,228846.90000000005
177427975.2658,257763.7999999998,228846.90000000005
177427977.2658,257763.7999999998,228846.90000000005
177427979.2658,257763.7999999998,228846.90000000005
177427981.2658,257763.7999999998,228847.00000000006
177427983.2658,257763.6999999998,228847.00000000006
177427985.2658,257763.6999999998,228847.00000000006
177427987.2658,257763.6999999998,228847.00000000006
177427989.2658,257763.6999999998,228847.00000000006
177427991.2658,257763.5999999998,228847.00000000006
177427993.2658,257763.4999999998,228847.00000000006
177427995.2658,257763.4999999998,228847.00000000006
177427997.2658,257763.4999999998,228847.00000000006
177427999.2658,257763.4999999998,228847.00000000006
177428001.2658,257763.4999999998,228847.00000000006
177428003.2658,257763.4999999998,228846.90000000005
177428005.2658,257763.4999999998,228846.90000000005
177428007.2658,257763.4999999998,228846.90000000005
177428009.2658,257763.4999999998,228846.90000000005
177428011.2658,257763.4999999998,228847.00000000006
177428013.2658,257763.4999999998,228847.00000000006
177428015.2658,257763.4999999998,228847.00000000006
177428017.2658,257763.4999999998,228847.00000000006
177428019.2658,257763.4999999998,228847.00000000006
177428021.2658,257763.4999999998,228847.00000000006
177428023.2658,257763.4999999998,228847.00000000006
177428025.2658,257763.3999999998,228847.00000000006
177428027.2658,257763.29999999978,228847.00000000006
177428029.2658,257763.29999999978,228847.00000000006
177428031.2658,257763.29999999978,228847.00000000006
177428033.2658,257763.29999999978,228847.00000000006
177428035.2658,257763.29999999978,228847.00000000006
177428037.2658,257763.19999999978,228847.00000000006
177428039.2658,257763.19999999978,228847.00000000006
177428041.2658,257763.19999999978,228847.00000000006
177428043.2658,257763.19999999978,228847.00000000006
177428045.2658,257763.09999999977,228847.00000000006
177428047.2658,257763.29999999978,228847.00000000006
177428049.2658,257763.29999999978,228847.00000000006
177428051.2658,257763.29999999978,228847.00000000006
177428053.2658,257763.29999999978,228847.00000000006
177428055.2658,257763.29999999978,228847.00000000006
177428057.2658,257763.29999999978,228847.00000000006
177428059.2658,257763.29999999978,228847.00000000006
177428061.2658,257763.09999999977,228847.00000000006
177428063.2658,257763.09999999977,228847.00000000006
177428065.2658,257763.09999999977,228847.00000000006
177428067.2658,257763.09999999977,228847.00000000006
177428069.2658,257763.09999999977,228847.00000000006
177428071.2658,257763.19999999978,228847.00000000006
177428073.2658,257763.19999999978,228847.00000000006
177428075.2658,257763.19999999978,228847.00000000006
177428077.2658,257763.19999999978,228847.00000000006
177428079.2658,257763.29999999978,228847.00000000006
177428081.2658,257763.29999999978,228846.90000000005
177428083.2658,257763.19999999978,228846.90000000005
177428085.2658,257763.29999999978,228846.90000000005
177428087.2658,257763.29999999978,228846.90000000005
177428089.2658,257763.29999999978,228846.90000000005
177428091.2658,257763.29999999978,228846.90000000005
177428093.2658,257763.29999999978,228846.90000000005
177428095.2658,257763.19999999978,228846.90000000005
177428097.2658,257763.19999999978,228846.90000000005
177428099.2658,257763.19999999978,228846.90000000005
177428101.2658,257763.19999999978,228846.90000000005
177428103.2658,257763.19999999978,228846.90000000005
177428105.2658,257763.19999999978,228846.90000000005
177428107.2658,257763.09999999977,228846.90000000005
177428109.2658,257763.09999999977,228846.90000000005
177428111.2658,257763.09999999977,228846.90000000005
177428113.2658,257763.09999999977,228846.90000000005
177428115.2658,257763.09999999977,228846.90000000005
177428117.2658,257763.19999999978,228846.90000000005
177428119.2658,257763.19999999978,228847.00000000006
177428121.2658,257763.19999999978,228847.00000000006
177428123.2658,257763.19999999978,228847.00000000006
177428125.2658,257763.19999999978,228847.00000000006
177428127.2658,257763.19999999978,228846.90000000005
177428129.2658,257763.19999999978,228847.00000000006
177428131.2658,257763.19999999978,228847.00000000006
177428133.2658,257763.69999999978,228847.00000000006
177428135.2658,257763.59999999977,228847.00000000006
177428137.2658,257763.59999999977,228847.00000000006
177428139.2658,257763.59999999977,228847.00000000006
177428141.2658,257763.59999999977,228847.00000000006
177428143.2658,257763.59999999977,228847.00000000006
177428145.2658,257763.59999999977,228847.00000000006
177428147.2658,257763.59999999977,228847.00000000006
177428149.2658,257763.59999999977,228847.00000000006
177428151.2658,257763.59999999977,228847.00000000006
177428153.2658,257763.49999999977,228847.00000000006
177428155.2658,257763.39999999976,228847.00000000006
177428157.2658,257763.39999999976,228847.00000000006
177428159.2658,257763.39999999976,228846.90000000005
177428161.2658,257763.39999999976,228846.90000000005
177428163.2658,257763.39999999976,228846.90000000005
177428165.2658,257763.39999999976,228846.90000000005
177428167.2658,257763.39999999976,228846.90000000005
177428169.2658,257763.39999999976,228846.90000000005
177428171.2658,257763.39999999976,228846.90000000005
177428173.2658,257763.29999999976,228846.90000000005
177428175.2658,257763.29999999976,228846.90000000005
177428177.2658,257763.29999999976,228846.90000000005
177428179.2658,257763.29999999976,228846.90000000005
177428181.2658,257763.29999999976,228846.90000000005
177428183.2658,257763.29999999976,228846.90000000005
177428185.2658,257763.39999999976,228846.90000000005
177428187.2658,257763.39999999976,228847.00000000006
177428189.2658,257763.39999999976,228847.00000000006
177428191.2658,257763.39999999976,228847.00000000006
177428193.2658,257763.39999999976,228847.00000000006
177428195.2658,257763.39999999976,228847.00000000006
177428197.2658,257763.39999999976,228847.00000000006
177428199.2658,257763.39999999976,228846.90000000005
177428201.2658,257763.39999999976,228846.90000000005
177428203.2658,257763.39999999976,228846.90000000005
177428205.2658,257763.39999999976,228846.90000000005
177428207.2658,257763.39999999976,228846.90000000005
177428209.2658,257763.39999999976,228846.90000000005
177428211.2658,257763.39999999976,228846.90000000005
177428213.2658,257763.39999999976,228846.90000000005
177428215.2658,257763.39999999976,228846.90000000005
177428217.2658,257763.39999999976,228847.00000000006
177428219.2658,257763.39999999976,228847.00000000006
177428221.2658,257763.39999999976,228847.00000000006
177428223.2658,257763.39999999976,228847.00000000006
177428225.2658,257763.39999999976,228847.00000000006
177428227.2658,257763.39999999976,228847.10000000006
177428229.2658,257763.39999999976,228847.10000000006
177428231.2658,257763.39999999976,228847.10000000006
177428233.2658,257763.39999999976,228847.10000000006
177428235.2658,257763.39999999976,228847.00000000006
177428237.2658,257763.39999999976,228847.00000000006
177428239.2658,257763.39999999976,228847.00000000006
177428241.2658,257763.39999999976,228847.00000000006
177428243.2658,257763.39999999976,228847.00000000006
177428245.2658,257763.39999999976,228847.00000000006
177428247.2658,257763.39999999976,228847.00000000006
177428249.2658,257763.29999999976,228847.00000000006
177428251.2658,257763.29999999976,228847.00000000006
177428253.2658,257763.29999999976,228847.00000000006
177428255.2658,257763.29999999976,228847.00000000006
177428257.2658,257763.29999999976,228847.00000000006
177428259.2658,257763.29999999976,228847.00000000006
177428261.2658,257763.29999999976,228847.00000000006
177428263.2658,257763.29999999976,228847.00000000006
177428265.2658,257763.29999999976,228847.00000000006
177428267.2658,257763.29999999976,228847.00000000006
177428269.2658,257763.29999999976,228847.00000000006
177428271.2658,257763.29999999976,228847.00000000006
177428273.2658,257763.29999999976,228847.00000000006
177428275.2658,257763.29999999976,228847.00000000006
177428277.2658,257763.29999999976,228847.00000000006
177428279.2658,257763.29999999976,228847.00000000006
177428281.2658,257763.29999999976,228847.00000000006
177428283.2658,257763.29999999976,228847.00000000006
177428285.2658,257763.29999999976,228847.00000000006
177428287.2658,257763.29999999976,228847.00000000006
177428289.2658,257763.59999999974,228847.00000000006
177428291.2658,257763.59999999974,228847.00000000006
177428293.2658,257763.59999999974,228847.00000000006
177428295.2658,257763.59999999974,228847.00000000006
177428297.2658,257763.59999999974,228847.10000000006
177428299.2658,257763.59999999974,228847.10000000006
177428301.2658,257763.59999999974,228847.10000000006
177428303.2658,257763.59999999974,228847.10000000006
177428305.2658,257763.59999999974,228847.10000000006
177428307.2658,257763.59999999974,228847.10000000006
177428309.2658,257763.59999999974,228847.10000000006
177428311.2658,257763.59999999974,228847.10000000006
177428313.2658,257763.59999999974,228847.10000000006
177428315.2658,257763.59999999974,228847.10000000006
177428317.2658,257763.59999999974,228847.10000000006
177428319.2658,257763.59999999974,228847.10000000006
177428321.2658,257763.59999999974,228847.20000000007
177428323.2658,257763.59999999974,228847.20000000007
177428325.2658,257763.59999999974,228847.20000000007
177428327.2658,257763.59999999974,228847.20000000007
177428329.2658,257763.49999999974,228847.20000000007
177428331.2658,257763.49999999974,228847.20000000007
177428333.2658,257763.49999999974,228847.30000000008
177428335.2658,257763.49999999974,228847.30000000008
177428337.2658,257763.49999999974,228847.30000000008
177428339.2658,257763.49999999974,228847.30000000008
177428341.2658,257763.49999999974,228847.40000000008
177428343.2658,254871.89999999973,228847.30000000008
177428345.2658,254871.89999999973,228847.30000000008
177428347.2658,254871.79999999973,228847.30000000008
177428349.2658,254871.79999999973,228847.30000000008
177428351.2658,254871.79999999973,228847.30000000008
177428353.2658,254871.69999999972,228847.30000000008
177428355.2658,254871.69999999972,228847.30000000008
177428357.2658,254871.69999999972,228847.30000000008
177428359.2658,254871.69999999972,228847.30000000008
177428361.2658,254871.69999999972,228847.30000000008
177428363.2658,254871.69999999972,228847.30000000008
177428365.2658,254871.69999999972,228847.30000000008
177428367.2658,254871.69999999972,228847.30000000008
177428369.2658,254871.59999999971,228847.30000000008
177428371.2658,254871.59999999971,228847.30000000008
177428373.2658,254871.59999999971,228847.30000000008
177428375.2658,254871.59999999971,228847.30000000008
177428377.2658,254871.3999999997,228847.30000000008
177428379.2658,254871.3999999997,228847.30000000008
177428381.2658,254871.3999999997,228847.30000000008
177428383.2658,254871.3999999997,228847.40000000008
177428385.2658,254871.3999999997,228847.40000000008
177428387.2658,254871.2999999997,228847.40000000008
177428389.2658,254871.2999999997,228847.40000000008
177428391.2658,254871.2999999997,228847.40000000008
177428393.2658,254871.2999999997,228847.40000000008
177428395.1658,254871.1999999997,228847.40000000008
177428397.1658,254871.1999999997,228847.40000000008
177428399.1658,254871.1999999997,228847.40000000008
177428401.1658,252268.7999999997,228847.40000000008
177428403.1658,252268.7999999997,228847.40000000008
177428405.1658,252268.7999999997,228847.40000000008
177428407.1658,252268.7999999997,228847.40000000008
177428409.1658,252268.6999999997,228847.40000000008
177428411.1658,252268.6999999997,228847.40000000008
177428413.1658,252268.6999999997,228847.40000000008
177428415.1658,252268.6999999997,228847.40000000008
177428417.1658,252268.5999999997,228847.40000000008
177428419.1658,252268.49999999968,228847.5000000001
177428421.1658,252268.49999999968,228847.5000000001
177428423.1658,252268.49999999968,228847.5000000001
177428425.1658,252268.49999999968,228847.5000000001
177428427.1658,252268.39999999967,228847.5000000001
177428429.1658,252268.39999999967,228847.6000000001
177428431.1658,252268.39999999967,228847.6000000001
177428433.1658,252268.39999999967,228847.6000000001
177428435.1658,252268.39999999967,228847.6000000001
177428437.1658,252268.39999999967,228847.7000000001
177428439.1658,252268.39999999967,228847.7000000001
177428441.1658,252268.39999999967,228847.7000000001
177428443.1658,252268.39999999967,228847.7000000001
177428445.1658,252268.39999999967,228847.7000000001
177428447.1658,252268.39999999967,228847.8000000001
177428449.1658,252268.39999999967,228847.9000000001
177428451.1658,252268.39999999967,228847.9000000001
177428453.1658,252268.39999999967,228847.9000000001
177428455.1658,252268.29999999967,228847.9000000001
177428457.1658,252268.29999999967,228847.9000000001
177428459.1658,249926.29999999967,228847.9000000001
177428461.1658,249926.19999999966,228847.9000000001
177428463.1658,249926.19999999966,228847.9000000001
177428465.1658,249926.19999999966,228847.9000000001
177428467.1658,249926.19999999966,228847.9000000001
177428469.1658,249926.19999999966,228847.4000000001
177428471.1658,249926.19999999966,228847.4000000001
177428473.1658,249926.19999999966,228847.4000000001
177428475.1658,249926.19999999966,228847.4000000001
177428477.1658,249926.19999999966,228847.4000000001
177428479.1658,249926.19999999966,228847.4000000001
177428481.1658,249926.19999999966,228847.4000000001
177428483.1658,249926.19999999966,228847.4000000001
177428485.1658,249926.19999999966,228847.4000000001
177428487.1658,249926.19999999966,228847.4000000001
177428489.1658,249926.19999999966,228847.4000000001
177428491.1658,249926.19999999966,228847.4000000001
177428493.1658,249926.19999999966,228847.4000000001
177428495.1658,249926.19999999966,228847.50000000012
177428497.1658,249926.19999999966,228847.50000000012
177428499.1658,249926.19999999966,228847.50000000012
177428501.1658,249926.19999999966,228847.50000000012
177428503.1658,249926.19999999966,228847.50000000012
177428505.1658,249926.19999999966,228847.50000000012
177428507.1658,249926.19999999966,228847.4000000001
177428509.1658,247818.29999999967,228847.4000000001
177428511.1658,247818.29999999967,228847.4000000001
177428513.2658,247818.19999999966,228847.4000000001
177428515.1658,247818.09999999966,228847.4000000001
177428517.1658,247818.09999999966,228847.4000000001
177428519.1658,247818.09999999966,228847.4000000001
177428521.1658,247818.09999999966,228847.4000000001
177428523.1658,247818.09999999966,228847.4000000001
177428525.1658,247818.09999999966,228847.4000000001
177428527.1658,247818.09999999966,228847.4000000001
177428529.1658,247818.09999999966,228847.4000000001
177428531.1658,247818.09999999966,228847.4000000001
177428533.1658,247818.09999999966,228847.4000000001
177428535.1658,247818.09999999966,228847.4000000001
177428537.1658,247818.09999999966,228847.4000000001
177428539.1658,247818.09999999966,229795.9000000001
177428541.1658,247818.09999999966,229795.9000000001
177428543.1658,247818.09999999966,228847.4000000001
177428545.1658,247818.09999999966,228847.4000000001
177428547.1658,247818.09999999966,228847.4000000001
177428549.1658,247818.09999999966,228847.4000000001
177428551.1658,247818.09999999966,228847.4000000001
177428553.1658,247818.09999999966,228847.4000000001
177428555.1658,247818.09999999966,228847.4000000001
177428557.1658,247818.09999999966,228847.4000000001
177428559.1658,247818.09999999966,228847.4000000001
177428561.1658,247818.09999999966,228847.4000000001
177428563.1658,247818.09999999966,228847.4000000001
177428565.1658,247818.09999999966,228847.4000000001
177428567.1658,247817.99999999965,228847.4000000001
177428569.1658,247817.99999999965,228847.4000000001
177428571.1658,247817.99999999965,228847.4000000001
177428573.1658,247817.99999999965,228847.4000000001
177428575.1658,247817.99999999965,228847.50000000012
177428577.1658,247817.99999999965,228847.60000000012
177428579.1658,247817.89999999964,228847.60000000012
177428581.1658,247817.89999999964,228847.60000000012
177428583.1658,247817.89999999964,228847.60000000012
177428585.1658,247817.89999999964,228847.60000000012
177428587.1658,247817.89999999964,228847.60000000012
177428589.1658,247817.89999999964,228847.60000000012
177428591.1658,247817.79999999964,228847.60000000012
177428593.1658,247817.79999999964,228847.70000000013
177428595.1658,247817.69999999963,228847.70000000013
177428597.1658,247817.69999999963,228847.70000000013
177428599.1658,247817.59999999963,228847.70000000013
177428601.1658,247817.59999999963,228847.70000000013
177428603.1658,247817.59999999963,228847.70000000013
177428605.1658,247817.59999999963,228847.70000000013
177428607.1658,247817.59999999963,228847.70000000013
177428609.1658,247817.59999999963,228847.70000000013
177428611.1658,247817.59999999963,228847.70000000013
177428613.1658,247817.59999999963,228847.70000000013
177428615.1658,247817.59999999963,228847.70000000013
177428617.1658,247817.59999999963,228847.70000000013
177428619.1658,247817.49999999962,228847.70000000013
177428621.1658,247817.49999999962,228847.70000000013
177428623.1658,247817.49999999962,228847.60000000012
177428625.1658,247817.49999999962,228847.60000000012
177428627.1658,247817.49999999962,228847.60000000012
177428629.1658,247817.39999999962,228847.60000000012
177428631.1658,247817.39999999962,228847.60000000012
177428633.1658,247817.39999999962,228847.60000000012
177428635.1658,247817.2999999996,228847.60000000012
177428637.1658,247817.2999999996,228847.60000000012
177428639.1658,247817.2999999996,228847.60000000012
177428641.1658,247817.1999999996,228847.60000000012
177428643.1658,247817.1999999996,228847.60000000012
177428645.1658,245920.1999999996,228847.70000000013
177428647.1658,245920.1999999996,228847.70000000013
177428649.1658,245920.1999999996,228847.70000000013
177428651.1658,245920.1999999996,228847.70000000013
177428653.1658,245920.1999999996,228847.80000000013
177428655.1658,245920.0999999996,228847.80000000013
177428657.1658,245920.0999999996,228847.80000000013
177428659.1658,245920.0999999996,228847.80000000013
177428661.1658,245920.0999999996,228847.80000000013
177428663.1658,245920.0999999996,228847.80000000013
177428665.1658,245920.0999999996,228847.80000000013
177428667.1658,245920.0999999996,228847.80000000013
177428669.1658,245920.0999999996,228847.80000000013
177428671.1658,245920.1999999996,228847.80000000013
177428673.1658,257764.9999999996,228847.80000000013
177428675.1658,257764.79999999958,228847.80000000013
177428677.1658,257764.79999999958,228847.80000000013
177428679.1658,257764.79999999958,228847.80000000013
177428681.1658,257764.79999999958,228847.80000000013
177428683.1658,257764.79999999958,228847.80000000013
177428685.1658,257764.79999999958,228847.80000000013
177428687.1658,257764.79999999958,228847.90000000014
177428689.1658,257764.79999999958,228847.90000000014
177428691.1658,257764.79999999958,228847.90000000014
177428693.1658,257764.79999999958,228848.00000000015
177428695.1658,257764.79999999958,228848.00000000015
177428697.1658,257764.79999999958,228848.00000000015
177428699.1658,257764.79999999958,228848.00000000015
177428701.1658,257764.79999999958,228848.00000000015
177428703.1658,257764.79999999958,228848.10000000015
177428705.1658,257764.79999999958,228848.10000000015
177428707.1658,257764.79999999958,228848.10000000015
177428709.1658,257764.79999999958,228848.20000000016
177428711.1658,257764.79999999958,228848.20000000016
177428713.1658,257764.69999999958,228848.20000000016
177428715.1658,257764.69999999958,228848.20000000016
177428717.1658,254872.99999999956,228848.20000000016
177428719.1658,254872.99999999956,228848.20000000016
177428721.1658,254872.89999999956,228848.20000000016
177428723.1658,254872.89999999956,228848.20000000016
177428725.1658,254872.89999999956,228848.20000000016
177428727.1658,254872.79999999955,228848.30000000016
177428729.1658,254872.79999999955,228848.30000000016
177428731.1658,254872.79999999955,228848.30000000016
177428733.1658,254872.79999999955,228848.30000000016
177428735.1658,254872.79999999955,228848.30000000016
177428737.1658,254872.69999999955,228848.30000000016
177428739.1658,254872.69999999955,228848.30000000016
177428741.1658,254872.69999999955,228848.30000000016
177428743.0658,254872.69999999955,228848.30000000016
177428745.0658,254872.59999999954,228848.30000000016
177428747.0658,254872.59999999954,228848.30000000016
177428749.0658,254872.49999999953,228848.30000000016
177428751.0658,254872.49999999953,228848.30000000016
177428753.0658,254872.49999999953,228848.30000000016
177428755.0658,254872.39999999953,228848.30000000016
177428757.0658,254872.29999999952,228848.30000000016
177428759.0658,254872.29999999952,228848.30000000016
177428761.0658,254872.0999999995,228848.30000000016
177428763.0658,254872.0999999995,228848.20000000016
177428765.0658,254872.0999999995,228848.20000000016
177428767.0658,254872.0999999995,228848.20000000016
177428769.0658,254871.9999999995,228848.20000000016
177428771.0658,254871.9999999995,228848.20000000016
177428773.0658,254871.9999999995,228848.20000000016
177428775.0658,254871.9999999995,228847.50000000015
177428777.0658,254871.9999999995,228847.50000000015
177428779.0658,254871.7999999995,228847.50000000015
177428781.0658,254871.7999999995,228847.50000000015
177428783.0658,254871.7999999995,228847.50000000015
177428785.0658,254871.7999999995,228846.90000000014
177428787.0658,254871.6999999995,228846.90000000014
177428789.0658,254871.6999999995,228846.70000000013
177428791.0658,254871.59999999948,228846.70000000013
177428793.0658,254871.59999999948,228846.70000000013
177428795.0658,254871.59999999948,228846.70000000013
177428797.0658,254871.59999999948,228846.80000000013
177428799.0658,254871.49999999948,228846.80000000013
177428801.0658,254871.49999999948,228846.80000000013
177428803.0658,254871.49999999948,228846.80000000013
177428805.0658,254871.49999999948,228846.80000000013
177428807.0658,254871.39999999947,228846.80000000013
177428809.0658,254871.39999999947,228846.80000000013
177428811.0658,254871.39999999947,228846.80000000013
177428813.0658,254871.39999999947,228846.80000000013
177428815.0658,254871.29999999946,228846.80000000013
177428817.0658,254871.29999999946,228846.80000000013
177428819.0658,254871.19999999946,228846.80000000013
177428821.0658,254871.19999999946,228846.80000000013
177428823.0658,254871.19999999946,228846.80000000013
177428825.0658,254871.19999999946,228846.80000000013
177428827.0658,254871.19999999946,228846.80000000013
177428829.0658,254871.09999999945,228846.80000000013
177428831.0658,254871.09999999945,228846.80000000013
177428833.0658,254871.09999999945,228846.80000000013
177428835.0658,254871.09999999945,228846.80000000013
177428837.0658,254871.09999999945,228846.80000000013
177428839.0658,254871.09999999945,228846.80000000013
177428841.0658,254871.09999999945,228846.80000000013
177428843.0658,254871.09999999945,228846.80000000013
177428845.0658,254871.09999999945,228846.80000000013
177428847.0658,254870.99999999945,228846.80000000013
177428849.0658,254870.99999999945,228846.80000000013
177428851.0658,254870.99999999945,228846.80000000013
177428853.0658,254870.99999999945,228846.80000000013
177428855.0658,254870.99999999945,228846.80000000013
177428857.0658,254870.89999999944,228846.80000000013
177428859.0658,254870.89999999944,228846.80000000013
177428861.0658,254870.89999999944,228846.80000000013
177428863.0658,254870.79999999944,228846.80000000013
177428865.0658,254870.79999999944,228846.80000000013
177428867.0658,254870.79999999944,228846.80000000013
177428869.0658,254870.69999999943,228846.80000000013
177428871.0658,254870.69999999943,228846.80000000013
177428873.0658,254870.69999999943,228846.80000000013
177428875.0658,254870.59999999942,228846.80000000013
177428877.0658,254870.59999999942,228846.80000000013
177428879.0658,254870.59999999942,228846.80000000013
177428881.0658,254870.49999999942,228846.80000000013
177428883.0658,254870.49999999942,228846.80000000013
177428885.0658,254870.49999999942,228846.80000000013
177428887.0658,254870.3999999994,228846.80000000013
177428889.0658,254870.3999999994,228846.80000000013
177428891.0658,254870.3999999994,228846.80000000013
177428893.0658,254870.3999999994,228846.80000000013
177428895.0658,254870.3999999994,228846.80000000013
177428897.0658,254870.2999999994,228846.80000000013
177428899.0658,254870.2999999994,228846.80000000013
177428901.0658,254870.2999999994,228846.80000000013
177428903.0658,254870.2999999994,228846.80000000013
177428905.0658,254870.1999999994,228846.80000000013
177428907.0658,254870.1999999994,228846.80000000013
177428909.0658,254870.0999999994,228846.80000000013
177428911.0658,254870.0999999994,228846.80000000013
177428913.0658,254869.9999999994,228846.80000000013
177428915.0658,254869.9999999994,228846.80000000013
177428917.0658,254869.79999999938,228846.80000000013
177428919.0658,254869.79999999938,228846.80000000013
177428921.0658,254869.79999999938,228846.80000000013
177428923.0658,254869.79999999938,228846.80000000013
177428925.0658,254869.69999999937,228846.80000000013
177428927.0658,254869.69999999937,228846.80000000013
177428929.0658,254869.69999999937,228846.80000000013
177428931.0658,254869.69999999937,228846.80000000013
177428933.0658,254869.69999999937,228846.80000000013
177428935.0658,254869.59999999937,228846.80000000013
177428937.0658,254869.59999999937,228846.80000000013
177428939.0658,254869.49999999936,228846.80000000013
177428941.0658,254869.49999999936,228846.80000000013
177428943.0658,254869.29999999935,228846.80000000013
177428945.0658,254869.29999999935,228846.80000000013
177428947.0658,254869.29999999935,228846.80000000013
177428949.0658,254869.29999999935,228846.80000000013
177428951.0658,254869.19999999934,228846.80000000013
177428953.0658,254869.19999999934,228846.80000000013
177428955.0658,254869.09999999934,228846.80000000013
177428957.0658,254869.09999999934,228846.80000000013
177428959.0658,254868.99999999933,228846.80000000013
177428961.0658,254868.99999999933,228846.90000000014
177428963.0658,254868.99999999933,228846.90000000014
177428965.0658,254868.89999999932,228846.90000000014
177428967.0658,254868.79999999932,228846.90000000014
177428969.0658,254868.79999999932,228846.90000000014
177428971.0658,254868.79999999932,228846.90000000014
177428973.0658,254868.79999999932,228846.90000000014
177428975.0658,254868.79999999932,228846.90000000014
177428977.0658,254868.6999999993,228846.90000000014
177428979.0658,254868.6999999993,228847.00000000015
177428981.0658,254868.6999999993,228847.00000000015
177428983.0658,254868.5999999993,228847.00000000015
177428985.0658,254868.5999999993,228847.00000000015
177428987.0658,254868.5999999993,228847.00000000015
177428989.0658,254868.5999999993,228847.10000000015
177428991.0658,254868.4999999993,228847.10000000015
177428993.0658,254868.4999999993,228846.80000000016
177428995.0658,254868.4999999993,230147.90000000017
177428997.0658,254868.4999999993,230147.90000000017
177428999.0658,254868.4999999993,230147.90000000017
177429001.0658,254868.3999999993,230147.90000000017
177429003.0658,254868.3999999993,230147.90000000017
177429005.0658,254868.3999999993,230147.90000000017
177429007.0658,254868.2999999993,230147.90000000017
177429009.0658,254868.2999999993,230147.90000000017
177429011.0658,254868.2999999993,230148.00000000017
177429013.0658,254868.2999999993,230148.00000000017
177429015.0658,254868.19999999928,230148.00000000017
177429017.0658,254868.19999999928,230148.00000000017
177429019.0658,254868.19999999928,230148.00000000017
177429021.0658,254868.19999999928,230148.00000000017
177429023.0658,254868.19999999928,230148.00000000017
177429025.0658,254868.09999999928,230148.00000000017
177429027.0658,254868.09999999928,230148.00000000017
177429029.0658,254868.09999999928,230148.00000000017
177429031.0658,254867.99999999927,230148.00000000017
177429033.0658,254867.89999999927,230147.90000000017
177429035.0658,254867.89999999927,230147.90000000017
177429037.0658,254867.89999999927,230148.00000000017
177429039.0658,254867.89999999927,230148.00000000017
177429041.0658,254867.89999999927,230148.00000000017
177429043.0658,254867.69999999925,230148.00000000017
177429045.0658,254869.29999999926,230148.10000000018
177429047.0658,254869.29999999926,230148.10000000018
177429049.0658,254869.29999999926,230148.10000000018
177429051.0658,254869.29999999926,230148.2000000002
177429053.0658,254869.29999999926,230148.3000000002
177429055.0658,254869.29999999926,230148.3000000002
177429057.0658,254869.29999999926,230148.3000000002
177429059.0658,254869.29999999926,230148.4000000002
177429061.0658,254869.29999999926,230148.4000000002
177429063.0658,254869.19999999925,230148.4000000002
177429065.1658,254869.19999999925,230148.4000000002
177429067.0658,254869.19999999925,230148.4000000002
177429069.0658,254869.19999999925,230148.4000000002
177429071.0658,254869.09999999925,230148.4000000002
177429073.0658,254869.09999999925,230148.4000000002
177429075.0658,254869.09999999925,230148.4000000002
177429077.0658,254869.09999999925,230148.4000000002
177429079.0658,254869.09999999925,230148.4000000002
177429081.0658,254869.09999999925,230148.4000000002
177429083.0658,254869.09999999925,230148.4000000002
177429085.0658,254869.09999999925,230148.4000000002
177429087.0658,254869.09999999925,230148.4000000002
177429089.0658,254868.99999999924,230148.4000000002
177429091.0658,254868.99999999924,230148.4000000002
177429093.0658,254868.99999999924,230148.1000000002
177429095.0658,254868.99999999924,230148.1000000002
177429097.0658,254868.89999999924,230148.1000000002
177429099.0658,254868.89999999924,230148.1000000002
177429101.0658,254868.89999999924,230148.1000000002
177429103.0658,254868.79999999923,228846.80000000022
177429105.0658,254868.79999999923,228846.70000000022
177429107.0658,254868.79999999923,228846.70000000022
177429109.0658,254868.69999999923,228846.70000000022
177429111.0658,254868.69999999923,228846.80000000022
177429113.0658,254868.59999999922,228846.80000000022
177429115.0658,254868.59999999922,228846.80000000022
177429117.0658,254868.59999999922,228846.80000000022
177429119.0658,254868.59999999922,228846.80000000022
177429121.0658,254868.59999999922,228846.80000000022
177429123.0658,254868.4999999992,228846.80000000022
177429125.0658,254868.4999999992,228846.90000000023
177429127.0658,254868.3999999992,228846.90000000023
177429129.0658,254868.3999999992,228846.90000000023
177429131.0658,254868.3999999992,228846.90000000023
177429133.0658,254868.2999999992,228846.90000000023
177429135.0658,254868.1999999992,228846.90000000023
177429137.0658,254868.1999999992,228846.90000000023
177429139.0658,254868.1999999992,228847.00000000023
177429141.0658,254868.1999999992,228846.90000000023
177429143.0658,254868.1999999992,228846.90000000023
177429145.0658,254868.0999999992,228846.90000000023
177429147.0658,254868.0999999992,228846.80000000022
177429149.0658,254868.0999999992,228846.80000000022
177429151.0658,254868.0999999992,228846.80000000022
177429153.0658,254868.0999999992,228846.80000000022
177429155.0658,254868.0999999992,228846.90000000023
177429157.0658,254868.0999999992,228846.90000000023
177429159.0658,254868.0999999992,228846.90000000023
177429161.0658,254868.0999999992,228846.90000000023
177429163.0658,254868.0999999992,228846.90000000023
177429165.0658,254868.0999999992,228846.90000000023
177429167.0658,254868.0999999992,228846.90000000023
177429169.0658,254868.0999999992,228846.90000000023
177429171.0658,254868.0999999992,228846.90000000023
177429173.0658,254868.0999999992,228846.90000000023
177429175.0658,254868.0999999992,228846.90000000023
177429177.0658,254868.0999999992,228846.90000000023
177429179.0658,254868.0999999992,228847.00000000023
177429181.0658,254868.0999999992,228847.00000000023
177429183.0658,254868.0999999992,228847.00000000023
177429185.0658,254868.0999999992,228847.00000000023
177429187.0658,254867.99999999919,228847.10000000024
177429189.0658,254867.99999999919,228847.10000000024
177429191.0658,254867.99999999919,228847.10000000024
177429193.0658,254867.89999999918,228847.20000000024
177429195.0658,254867.89999999918,228847.20000000024
177429197.0658,254867.89999999918,228847.20000000024
177429199.0658,254867.79999999917,228847.20000000024
177429201.0658,254867.79999999917,228847.20000000024
177429203.0658,254867.79999999917,228847.20000000024
177429205.0658,254867.69999999917,228847.20000000024
177429207.0658,254867.69999999917,228847.20000000024
177429209.0658,254867.69999999917,228847.20000000024
177429211.0658,254867.59999999916,228847.20000000024
177429213.0658,254867.59999999916,228847.20000000024
177429215.0658,254867.49999999916,228847.20000000024
177429217.0658,254867.39999999915,228847.20000000024
177429219.0658,254867.39999999915,228847.20000000024
177429221.0658,254867.39999999915,228847.20000000024
177429223.0658,254867.39999999915,228847.20000000024
177429225.0658,254867.29999999914,228847.20000000024
177429227.0658,254867.29999999914,228847.20000000024
177429229.0658,254867.29999999914,228847.20000000024
177429231.0658,254867.19999999914,228847.20000000024
177429233.0658,254867.19999999914,228847.20000000024
177429235.0658,254867.09999999913,228847.20000000024
177429237.0658,254867.09999999913,228847.30000000025
177429239.0658,254867.09999999913,228847.20000000024
177429241.0658,254866.89999999912,228847.20000000024
177429243.0658,254866.89999999912,228847.20000000024
177429245.0658,254866.89999999912,228847.20000000024
177429247.0658,254866.79999999912,228847.20000000024
177429249.0658,254866.79999999912,228847.20000000024
177429251.0658,254866.6999999991,228847.20000000024
177429253.0658,254866.6999999991,228847.20000000024
177429255.0658,254866.6999999991,228847.20000000024
177429257.0658,254866.6999999991,228847.30000000025
177429259.0658,254866.5999999991,228847.30000000025
177429261.0658,254866.5999999991,228847.30000000025
177429263.0658,254866.5999999991,228847.30000000025
177429265.0658,254866.5999999991,228847.30000000025
177429267.0658,254866.4999999991,228847.30000000025
177429269.0658,254866.4999999991,228847.30000000025
177429271.0658,254866.4999999991,228847.30000000025
177429273.0658,254866.4999999991,228847.30000000025
177429275.0658,254866.4999999991,228847.40000000026
177429277.0658,254866.4999999991,228847.40000000026
177429279.0658,254866.4999999991,228847.40000000026
177429281.0658,254866.4999999991,228847.50000000026
177429283.0658,254866.4999999991,228847.50000000026
177429285.0658,254866.4999999991,228847.50000000026
177429287.0658,254866.4999999991,228847.50000000026
177429289.0658,254866.4999999991,228847.50000000026
177429291.0658,254866.4999999991,228847.50000000026
177429293.0658,254866.4999999991,228847.60000000027
177429295.0658,254866.4999999991,228847.60000000027
177429297.0658,254866.4999999991,228847.70000000027
177429299.0658,254866.4999999991,228847.70000000027
177429301.0658,254866.4999999991,228847.70000000027
177429303.0658,254866.4999999991,228847.70000000027
177429305.0658,254866.4999999991,228847.70000000027
177429307.0658,254866.4999999991,228847.80000000028
177429309.0658,254866.4999999991,228847.80000000028
177429311.0658,254866.4999999991,228847.90000000029
177429313.0658,254866.4999999991,228847.90000000029
177429315.0658,254866.4999999991,228847.90000000029
177429317.0658,254866.4999999991,228847.90000000029
177429319.0658,254866.4999999991,228848.0000000003
177429321.0658,254866.4999999991,228848.0000000003
177429323.0658,254866.4999999991,228848.0000000003
177429325.0658,254866.4999999991,228848.0000000003
177429327.0658,254866.4999999991,228848.0000000003
177429329.0658,254866.4999999991,228848.0000000003
177429331.0658,254866.4999999991,228848.0000000003
177429333.0658,254866.4999999991,228848.0000000003
177429335.0658,254866.3999999991,228848.0000000003
177429337.0658,254866.3999999991,228848.1000000003
177429339.0658,254866.3999999991,228848.1000000003
177429341.0658,254866.3999999991,228848.1000000003
177429343.0658,254866.19999999908,228848.2000000003
177429345.0658,254866.19999999908,228848.1000000003
177429347.0658,254866.19999999908,228848.2000000003
177429349.0658,254866.19999999908,228848.2000000003
177429351.0658,254866.09999999907,228848.2000000003
177429353.0658,254866.09999999907,228848.3000000003
177429355.0658,254865.99999999907,228848.3000000003
177429357.0658,254865.99999999907,228848.2000000003
177429359.0658,254865.89999999906,228848.3000000003
177429361.0658,254865.79999999906,228848.3000000003
177429363.0658,254865.59999999905,228848.3000000003
177429365.0658,254865.49999999904,228848.3000000003
177429367.0658,254865.39999999903,228848.3000000003
177429369.0658,254865.39999999903,228848.3000000003
177429371.0658,254865.39999999903,228848.3000000003
177429373.0658,254865.29999999903,228848.3000000003
177429375.0658,254865.19999999902,228848.3000000003
177429377.0658,254865.19999999902,228848.3000000003
177429379.0658,254865.19999999902,228848.3000000003
177429381.0658,254865.19999999902,228848.3000000003
177429383.0658,254865.19999999902,228848.3000000003
177429385.0658,252263.39999999903,228848.3000000003
177429387.0658,252263.39999999903,228848.3000000003
177429389.0658,252263.39999999903,228848.2000000003
177429391.0658,252263.29999999903,228848.2000000003
177429393.0658,252263.29999999903,228848.2000000003
177429395.0658,252263.19999999902,228848.2000000003
177429397.0658,252263.19999999902,228848.2000000003
177429399.0658,252263.09999999902,228848.2000000003
177429401.0658,252263.09999999902,228848.2000000003
177429403.0658,252262.899999999,228848.2000000003
177429405.0658,252262.899999999,228848.2000000003
177429407.0658,252262.899999999,228848.2000000003
177429409.0658,252262.799999999,228848.2000000003
177429411.0658,252262.499999999,228848.2000000003
177429413.0658,252262.499999999,228848.2000000003
177429415.0658,252262.399999999,228848.2000000003
177429417.0658,252262.399999999,228848.2000000003
177429419.0658,252262.399999999,228848.2000000003
177429421.0658,252262.299999999,228848.2000000003
177429423.0658,252262.099999999,228848.2000000003
177429425.0658,252261.99999999898,228848.2000000003
177429427.0658,252261.99999999898,228848.2000000003
177429429.0658,252261.99999999898,228848.2000000003
177429431.0658,252261.99999999898,228848.2000000003
177429433.0658,252261.99999999898,228848.2000000003
177429435.0658,252261.89999999898,228848.2000000003
177429437.0658,252261.79999999897,228848.2000000003
177429439.0658,252261.79999999897,228848.2000000003
177429441.0658,252261.79999999897,228848.2000000003
177429443.0658,252261.79999999897,228848.2000000003
177429445.0658,252261.69999999896,228848.2000000003
177429447.0658,252261.69999999896,228848.2000000003
177429449.0658,252261.69999999896,228848.2000000003
177429451.0658,252261.59999999896,228848.2000000003
177429453.0658,252261.59999999896,228848.2000000003
177429455.0658,252261.59999999896,228848.2000000003
177429457.0658,252261.49999999895,228848.2000000003
177429459.0658,252261.49999999895,228847.9000000003
177429461.0658,252261.49999999895,228847.9000000003
177429463.0658,252261.39999999895,228847.9000000003
177429465.0658,252261.39999999895,228847.9000000003
177429467.0658,252261.39999999895,228847.9000000003
177429469.0658,252261.29999999894,228847.9000000003
177429471.0658,252261.29999999894,228847.9000000003
177429473.0658,252261.29999999894,228847.9000000003
177429475.0658,252261.29999999894,228848.00000000032
177429477.0658,252261.19999999893,228847.9000000003
177429479.0658,252261.19999999893,228847.9000000003
177429481.0658,252261.19999999893,228847.9000000003
177429483.0658,252261.19999999893,228847.9000000003
177429485.0658,252261.19999999893,228847.9000000003
177429487.0658,252261.09999999893,228847.9000000003
177429489.0658,252261.09999999893,228847.9000000003
177429491.0658,252261.09999999893,228847.9000000003
177429493.0658,252260.99999999892,228847.9000000003
177429495.0658,252260.99999999892,228847.9000000003
177429497.0658,252260.99999999892,228847.3000000003
177429499.0658,252260.99999999892,228847.3000000003
177429501.0658,252260.89999999892,228847.3000000003
177429503.0658,252260.89999999892,228847.3000000003
177429505.0658,252260.89999999892,228847.3000000003
177429507.0658,252260.89999999892,228847.3000000003
177429509.0658,252260.89999999892,228847.3000000003
177429511.0658,252260.7999999989,228847.3000000003
177429513.0658,252260.7999999989,228847.3000000003
177429515.0658,252260.7999999989,228847.3000000003
177429517.0658,252260.7999999989,228847.3000000003
177429519.0658,252260.6999999989,228847.3000000003
177429521.0658,252260.6999999989,228847.3000000003
177429523.0658,252260.6999999989,228847.3000000003
177429525.0658,252260.6999999989,228847.3000000003
177429527.0658,252260.6999999989,228847.3000000003
177429529.0658,252260.5999999989,228847.3000000003
177429531.0658,252260.5999999989,228847.3000000003
177429533.0658,252260.5999999989,228847.3000000003
177429535.0658,252260.5999999989,228847.3000000003
177429537.0658,252260.4999999989,228847.3000000003
177429539.0658,252260.4999999989,228847.3000000003
177429541.0658,252260.4999999989,228847.3000000003
177429543.0658,252260.4999999989,228847.3000000003
177429545.0658,252260.4999999989,228847.3000000003
177429547.0658,252260.3999999989,228847.3000000003
177429549.0658,252260.3999999989,228847.3000000003
177429551.0658,252260.3999999989,228847.3000000003
177429553.0658,252260.29999999888,228847.3000000003
177429555.0658,252260.19999999888,228847.3000000003
177429557.0658,252260.19999999888,228847.3000000003
177429559.0658,252260.09999999887,228847.3000000003
177429561.0658,252260.09999999887,228847.3000000003
177429563.0658,252259.99999999886,228847.3000000003
177429565.0658,252259.79999999885,228847.3000000003
177429567.0658,252259.79999999885,228847.3000000003
177429569.0658,252259.79999999885,228847.3000000003
177429571.0658,252259.69999999885,228847.3000000003
177429573.0658,252259.69999999885,228847.3000000003
177429575.0658,252259.69999999885,228847.3000000003
177429577.0658,252259.69999999885,228847.3000000003
177429579.0658,252259.59999999884,228847.3000000003
177429581.0658,252259.59999999884,228847.3000000003
177429583.0658,252259.59999999884,228847.3000000003
177429585.0658,252259.59999999884,228847.3000000003
177429587.0658,252259.59999999884,228847.3000000003
177429589.0658,252259.49999999884,228847.3000000003
177429591.0658,252259.49999999884,228847.3000000003
177429593.0658,252259.49999999884,228847.3000000003
177429595.0658,252259.39999999883,228847.3000000003
177429597.0658,252259.39999999883,228847.3000000003
177429599.0658,252259.39999999883,228847.3000000003
177429601.0658,252259.39999999883,228847.3000000003
177429603.0658,252259.29999999882,228847.3000000003
177429605.0658,252259.29999999882,228847.3000000003
177429607.0658,252259.39999999883,228847.3000000003
177429609.0658,252259.39999999883,228847.3000000003
177429611.0658,252259.39999999883,228847.3000000003
177429613.0658,252259.39999999883,228847.3000000003
177429615.0658,252259.39999999883,228847.3000000003
177429617.0658,252259.39999999883,228847.3000000003
177429619.0658,252259.39999999883,228847.3000000003
177429621.0658,252259.39999999883,228847.3000000003
177429623.0658,252259.39999999883,228847.4000000003
177429625.0658,252259.39999999883,228847.4000000003
177429627.0658,252259.39999999883,228847.4000000003
177429629.0658,252259.29999999882,228847.4000000003
177429631.0658,252259.29999999882,228847.4000000003
177429633.0658,252259.39999999883,228847.4000000003
177429635.0658,252259.39999999883,228847.4000000003
177429637.0658,252259.79999999882,228847.4000000003
177429639.0658,252259.79999999882,228847.4000000003
177429641.0658,252259.79999999882,228847.4000000003
177429643.0658,252259.69999999882,228847.4000000003
177429645.0658,252259.69999999882,228847.4000000003
177429647.0658,252259.69999999882,228847.4000000003
177429649.0658,252259.5999999988,228847.4000000003
177429651.0658,252259.5999999988,228847.4000000003
177429653.0658,252259.5999999988,228847.4000000003
177429655.0658,252259.5999999988,228847.4000000003
177429657.0658,252259.5999999988,228847.4000000003
177429659.0658,252259.5999999988,228847.4000000003
177429661.0658,252259.5999999988,228847.4000000003
177429663.0658,252259.5999999988,228847.4000000003
177429665.0658,252259.5999999988,228847.4000000003
177429667.0658,252259.5999999988,228847.4000000003
177429669.0658,252259.5999999988,228847.4000000003
177429671.0658,252259.5999999988,228847.4000000003
177429673.0658,252259.5999999988,228847.4000000003
177429675.0658,252259.5999999988,228847.4000000003
177429677.0658,252259.5999999988,228847.4000000003
177429679.0658,252259.5999999988,228847.4000000003
177429681.0658,252259.5999999988,228847.4000000003
177429683.0658,252259.5999999988,228847.4000000003
177429685.0658,252259.5999999988,228847.3000000003
177429687.0658,252259.5999999988,228847.3000000003
177429689.0658,252259.4999999988,228847.3000000003
177429691.0658,252259.4999999988,228847.3000000003
177429693.0658,252259.4999999988,228847.3000000003
177429695.0658,252259.4999999988,228847.3000000003
177429697.0658,252259.3999999988,228847.3000000003
177429699.0658,252259.3999999988,228847.3000000003
177429701.0658,252259.3999999988,228847.3000000003
177429703.0658,252259.2999999988,228847.3000000003
177429705.0658,252259.2999999988,228847.3000000003
177429707.0658,252259.2999999988,228847.3000000003
177429709.0658,252259.1999999988,228847.3000000003
177429711.0658,252259.1999999988,228847.3000000003
177429713.0658,252259.1999999988,228847.3000000003
177429715.0658,252259.09999999878,228847.3000000003
177429717.0658,252259.09999999878,228847.3000000003
177429719.0658,252259.09999999878,228847.3000000003
177429721.0658,252258.99999999878,228847.3000000003
177429723.0658,252258.99999999878,228847.3000000003
177429725.0658,252259.09999999878,228847.3000000003
177429727.0658,252258.99999999878,228847.3000000003
177429729.0658,252258.99999999878,228847.3000000003
177429731.0658,252258.99999999878,228847.3000000003
177429733.0658,252258.99999999878,228847.3000000003
177429735.0658,252258.99999999878,228847.3000000003
177429737.0658,252258.89999999877,228847.3000000003
177429739.0658,252258.89999999877,228847.3000000003
177429741.0658,252258.89999999877,228847.4000000003
177429743.0658,252258.89999999877,228847.4000000003
177429745.0658,252258.89999999877,228847.4000000003
177429747.0658,252258.89999999877,228847.4000000003
177429749.0658,252258.89999999877,228847.4000000003
177429751.0658,252258.89999999877,228847.4000000003
177429753.0658,252258.89999999877,228847.4000000003
177429755.0658,252258.89999999877,228847.4000000003
177429757.0658,252258.89999999877,228847.4000000003
177429759.0658,252258.89999999877,228847.4000000003
177429761.0658,252258.89999999877,228847.4000000003
177429763.0658,252258.89999999877,228847.4000000003
177429765.0658,252258.89999999877,228847.4000000003
177429767.0658,252258.79999999877,228847.4000000003
177429769.0658,252258.79999999877,228847.4000000003
177429771.0658,252258.79999999877,228847.4000000003
177429773.0658,252258.79999999877,228847.50000000032
177429775.0658,252258.79999999877,228847.50000000032
177429777.0658,252258.79999999877,228847.50000000032
177429779.0658,252258.79999999877,228847.50000000032
177429781.0658,252258.79999999877,228847.50000000032
177429783.0658,252258.79999999877,228847.50000000032
177429785.0658,252258.79999999877,228847.50000000032
177429787.0658,252258.79999999877,228847.50000000032
177429789.0658,252258.69999999876,228847.50000000032
177429791.0658,252258.69999999876,228847.50000000032
177429793.0658,252258.69999999876,228847.50000000032
177429795.0658,252258.79999999877,228847.50000000032
177429797.0658,252258.69999999876,228847.50000000032
177429799.0658,252258.69999999876,228847.50000000032
177429801.0658,252258.69999999876,228847.50000000032
177429803.0658,252258.69999999876,228847.50000000032
177429805.0658,252258.69999999876,228847.50000000032
177429807.0658,252258.69999999876,228847.50000000032
177429809.0658,252258.69999999876,228847.50000000032
177429811.0658,252258.69999999876,228847.50000000032
177429813.0658,252258.79999999877,228847.50000000032
177429815.0658,252258.79999999877,228847.50000000032
177429817.0658,252258.79999999877,228847.50000000032
177429819.0658,252258.69999999876,228847.50000000032
177429821.0658,252258.69999999876,228847.50000000032
177429823.0658,252258.69999999876,228847.50000000032
177429825.0658,252258.69999999876,228847.4000000003
177429827.0658,252258.59999999875,228847.4000000003
177429829.0658,252258.59999999875,228847.4000000003
177429831.0658,252258.59999999875,228847.4000000003
177429833.0658,252258.59999999875,228847.4000000003
177429835.0658,252258.59999999875,228847.4000000003
177429837.0658,252258.59999999875,228847.4000000003
177429839.0658,252258.59999999875,228847.4000000003
177429841.0658,252258.59999999875,228847.4000000003
177429843.0658,252258.59999999875,228847.4000000003
177429845.0658,252258.59999999875,228847.4000000003
177429847.0658,252258.59999999875,228847.4000000003
177429849.0658,252258.59999999875,228847.4000000003
177429851.0658,252258.59999999875,228847.4000000003
177429853.0658,252258.59999999875,228847.4000000003
177429855.0658,252258.59999999875,228847.4000000003
177429857.0658,252258.59999999875,228847.4000000003
177429859.0658,252258.59999999875,228847.4000000003
177429861.0658,252258.59999999875,228847.4000000003
177429863.0658,252258.59999999875,228847.4000000003
177429865.0658,252258.59999999875,228847.4000000003
177429867.0658,252258.59999999875,228847.4000000003
177429869.0658,252258.59999999875,228847.4000000003
177429871.0658,252258.59999999875,228847.4000000003
177429873.0658,252258.59999999875,228847.4000000003
177429875.0658,252258.59999999875,228847.4000000003
177429877.0658,252258.59999999875,228847.4000000003
177429879.0658,252258.59999999875,228847.4000000003
177429881.0658,252258.59999999875,228847.4000000003
177429883.0658,252258.49999999875,228847.4000000003
177429885.0658,252258.49999999875,228847.4000000003
177429887.0658,252258.49999999875,228847.4000000003
177429889.0658,252258.49999999875,228847.4000000003
177429891.0658,252258.49999999875,228847.4000000003
177429893.0658,252258.49999999875,228847.4000000003
177429895.0658,252258.49999999875,228847.4000000003
177429897.0658,252258.49999999875,228847.4000000003
177429899.0658,252258.49999999875,228847.4000000003
177429901.0658,252258.49999999875,228847.4000000003
177429903.0658,252258.49999999875,228847.4000000003
177429905.0658,252258.49999999875,228847.4000000003
177429907.0658,252258.39999999874,228847.4000000003
177429909.0658,252258.39999999874,228847.4000000003
177429911.0658,252258.39999999874,228847.4000000003
177429913.0658,252258.39999999874,228847.4000000003
177429915.0658,252258.39999999874,228847.4000000003
177429917.0658,252258.39999999874,228847.4000000003
177429919.0658,252258.39999999874,228847.4000000003
177429921.0658,252258.39999999874,228847.4000000003
177429923.0658,252258.39999999874,228847.4000000003
177429925.0658,252258.39999999874,228847.4000000003
177429927.0658,252258.39999999874,228847.4000000003
177429929.0658,252258.39999999874,228847.4000000003
177429931.0658,252258.39999999874,228847.4000000003
177429933.0658,252258.39999999874,228847.4000000003
177429935.0658,252258.39999999874,228847.4000000003
177429937.0658,252258.39999999874,228847.4000000003
177429939.0658,252258.39999999874,228847.4000000003
177429941.0658,252258.39999999874,228847.4000000003
177429943.0658,252258.39999999874,228847.3000000003
177429945.0658,252258.39999999874,228847.3000000003
177429947.0658,252258.39999999874,228847.3000000003
177429949.0658,252258.29999999874,228847.3000000003
177429951.0658,252258.29999999874,228847.3000000003
177429953.0658,252258.19999999873,228847.3000000003
177429955.0658,252258.09999999873,228847.3000000003
177429957.0658,252258.09999999873,228847.3000000003
177429959.0658,252258.09999999873,228847.3000000003
177429961.0658,252258.09999999873,228847.3000000003
177429963.0658,252258.09999999873,228847.3000000003
177429965.0658,252258.09999999873,228847.2000000003
177429967.0658,252258.09999999873,228847.2000000003
177429969.0658,252258.09999999873,228847.2000000003
177429971.0658,252258.09999999873,228847.2000000003
177429973.0658,252257.99999999872,228847.2000000003
177429975.0658,252257.8999999987,228847.2000000003
177429977.0658,252257.8999999987,228847.2000000003
177429979.0658,252257.7999999987,228847.2000000003
177429981.0658,252257.7999999987,228847.2000000003
177429983.0658,252257.7999999987,228847.2000000003
177429985.0658,252257.6999999987,228847.2000000003
177429987.0658,252257.6999999987,228847.2000000003
177429989.0658,252257.6999999987,228847.2000000003
177429991.0658,252257.5999999987,228847.2000000003
177429993.0658,252257.5999999987,228847.2000000003
177429995.0658,252257.5999999987,228847.2000000003
177429997.0658,252257.5999999987,228847.2000000003
177429999.0658,252257.5999999987,228847.2000000003
177430001.0658,252257.5999999987,228847.2000000003
177430003.0658,252257.4999999987,228847.2000000003
177430005.0658,252257.4999999987,228847.2000000003
177430007.0658,252257.4999999987,228847.2000000003
177430009.0658,252257.4999999987,228847.2000000003
177430011.0658,252257.4999999987,228847.2000000003
177430013.0658,252257.4999999987,228847.2000000003
177430015.0658,252257.4999999987,228847.2000000003
177430017.0658,252257.4999999987,228847.2000000003
177430019.0658,252257.4999999987,228847.2000000003
177430021.0658,252257.39999999868,228846.7000000003
177430023.0658,252257.39999999868,228846.7000000003
177430025.0658,252257.39999999868,228846.7000000003
177430027.0658,252257.39999999868,228846.7000000003
177430029.0658,252257.39999999868,228846.7000000003
177430031.0658,252257.39999999868,228846.7000000003
177430033.0658,252257.39999999868,228846.7000000003
177430035.0658,252257.39999999868,228846.7000000003
177430037.0658,252257.29999999868,228846.7000000003
177430039.0658,252257.29999999868,228846.7000000003
177430041.0658,252257.19999999867,228846.7000000003
177430043.0658,252257.19999999867,228846.7000000003
177430045.0658,252256.99999999866,228846.7000000003
177430047.0658,252256.89999999866,228846.7000000003
177430049.0658,252256.89999999866,228846.7000000003
177430051.0658,252256.89999999866,228846.7000000003
177430053.0658,252256.79999999865,228846.7000000003
177430055.0658,252256.79999999865,228846.7000000003
177430057.0658,252256.79999999865,228846.7000000003
177430059.0658,252256.69999999864,228846.7000000003
177430061.0658,252256.69999999864,228846.7000000003
177430063.0658,252256.59999999864,228846.7000000003
177430065.0658,252256.49999999863,228846.7000000003
177430067.0658,252256.49999999863,228846.7000000003
177430069.0658,252256.39999999863,228846.7000000003
177430071.0658,252256.39999999863,228846.7000000003
177430073.0658,252256.39999999863,228846.7000000003
177430075.0658,252256.29999999862,228846.7000000003
177430077.0658,252256.29999999862,228846.7000000003
177430079.0658,252256.29999999862,228846.7000000003
177430081.0658,249915.29999999862,228846.7000000003
177430083.0658,249915.29999999862,228846.8000000003
177430085.0658,249915.19999999861,228846.8000000003
177430087.0658,249915.0999999986,228846.8000000003
177430089.0658,249915.0999999986,228846.8000000003
177430091.0658,249914.9999999986,228846.8000000003
177430093.0658,249915.0999999986,228846.8000000003
177430095.0658,249914.9999999986,228846.8000000003
177430097.0658,249914.9999999986,228846.8000000003
177430099.0658,249914.9999999986,228846.8000000003
177430101.0658,249914.9999999986,228846.8000000003
177430103.0658,249914.9999999986,228846.8000000003
177430105.0658,249914.9999999986,228846.8000000003
177430107.0658,249914.9999999986,228846.8000000003
177430109.0658,249914.8999999986,228846.8000000003
177430111.0658,249914.8999999986,228846.8000000003
177430113.0658,249914.8999999986,228846.8000000003
177430115.0658,249914.7999999986,228846.8000000003
177430117.0658,249914.6999999986,228846.8000000003
177430119.0658,249914.6999999986,228846.8000000003
177430121.0658,249914.6999999986,228846.8000000003
177430123.0658,249914.59999999858,228846.8000000003
177430125.0658,249914.59999999858,228846.8000000003
177430127.0658,249914.59999999858,228846.8000000003
177430129.0658,249914.59999999858,228846.8000000003
177430131.0658,249914.59999999858,228846.8000000003
177430133.0658,249914.59999999858,228846.8000000003
177430135.0658,249914.59999999858,228846.8000000003
177430137.0658,249914.49999999857,228846.8000000003
177430139.0658,249914.49999999857,228846.8000000003
177430141.0658,249914.49999999857,228846.8000000003
177430143.0658,249914.39999999857,228846.8000000003
177430145.0658,249914.39999999857,228846.8000000003
177430147.0658,249914.29999999856,228846.8000000003
177430149.1658,249914.29999999856,228846.8000000003
177430151.0658,249914.29999999856,228846.8000000003
177430153.0658,249914.29999999856,228846.8000000003
177430155.0658,249914.29999999856,228846.8000000003
177430157.0658,249914.19999999856,228846.8000000003
177430159.0658,249914.19999999856,228846.8000000003
177430161.0658,249914.19999999856,228846.8000000003
177430163.0658,249914.19999999856,228846.8000000003
177430165.0658,249914.19999999856,228846.8000000003
177430167.0658,249914.19999999856,228846.8000000003
177430169.0658,249914.09999999855,228846.8000000003
177430171.0658,249914.09999999855,228846.8000000003
177430173.0658,249914.09999999855,228846.8000000003
177430175.0658,249914.09999999855,228846.8000000003
177430177.0658,249913.99999999854,228846.8000000003
177430179.0658,249913.99999999854,228846.8000000003
177430181.0658,249913.99999999854,228846.8000000003
177430183.0658,249913.99999999854,228846.8000000003
177430185.0658,249913.69999999856,228846.8000000003
177430187.0658,249913.69999999856,228846.8000000003
177430189.0658,249913.79999999856,228846.8000000003
177430191.0658,249913.79999999856,228846.8000000003
177430193.0658,249913.79999999856,228846.8000000003
177430195.0658,249913.79999999856,228846.8000000003
177430197.0658,249913.69999999856,228846.8000000003
177430199.0658,249913.69999999856,228846.8000000003
177430201.0658,249913.69999999856,228846.8000000003
177430203.0658,249913.69999999856,228846.8000000003
177430205.0658,249913.69999999856,228846.8000000003
177430207.0658,249913.59999999855,228846.8000000003
177430209.0658,249913.59999999855,228846.8000000003
177430211.0658,249913.59999999855,228846.8000000003
177430213.0658,249913.49999999854,228846.8000000003
177430215.0658,249913.49999999854,228846.8000000003
177430217.0658,249913.49999999854,228846.8000000003
177430219.0658,249913.49999999854,228846.8000000003
177430221.0658,249913.49999999854,228846.8000000003
177430223.0658,249913.49999999854,228846.8000000003
177430225.0658,249913.49999999854,228846.8000000003
177430227.0658,249913.39999999854,228846.8000000003
177430229.0658,249913.39999999854,228846.8000000003
177430231.0658,249913.39999999854,228846.8000000003
177430233.0658,249913.39999999854,228846.8000000003
177430235.0658,249913.39999999854,228846.8000000003
177430237.0658,249913.29999999853,228846.8000000003
177430239.0658,249913.29999999853,228846.8000000003
177430241.0658,249913.29999999853,228846.8000000003
177430243.0658,249913.29999999853,228846.8000000003
177430245.0658,249913.29999999853,228846.8000000003
177430247.0658,249913.29999999853,228846.8000000003
177430249.0658,249913.19999999853,228846.8000000003
177430251.0658,249913.19999999853,228846.8000000003
177430253.0658,249913.19999999853,228846.8000000003
177430255.0658,249913.09999999852,228846.8000000003
177430257.0658,249913.09999999852,228846.8000000003
177430259.0658,249913.09999999852,228846.8000000003
177430261.0658,249913.09999999852,228846.8000000003
177430263.0658,249913.09999999852,228846.8000000003
177430265.0658,249912.99999999852,228846.8000000003
177430267.0658,249912.99999999852,228846.8000000003
177430269.0658,249912.99999999852,228846.8000000003
177430271.0658,249912.99999999852,228846.8000000003
177430273.0658,249912.99999999852,228846.8000000003
177430275.0658,249912.8999999985,228846.8000000003
177430277.0658,249912.8999999985,228846.8000000003
177430279.0658,249912.8999999985,228846.8000000003
177430281.0658,249912.8999999985,228846.8000000003
177430283.0658,249912.8999999985,228846.8000000003
177430285.0658,249912.7999999985,228846.8000000003
177430287.0658,249912.7999999985,228846.9000000003
177430289.0658,249912.7999999985,228846.9000000003
177430291.0658,249912.7999999985,228846.9000000003
177430293.0658,249912.7999999985,228846.9000000003
177430295.0658,249912.6999999985,228846.9000000003
177430297.0658,249912.5999999985,228846.9000000003
177430299.0658,249912.5999999985,228846.9000000003
177430301.0658,249912.5999999985,228846.9000000003
177430303.0658,249912.5999999985,228846.9000000003
177430305.0658,249912.39999999848,228846.9000000003
177430307.0658,249912.39999999848,228846.9000000003
177430309.0658,249912.39999999848,228846.9000000003
177430311.0658,249912.39999999848,228846.9000000003
177430313.0658,249912.39999999848,228846.9000000003
177430315.0658,249912.39999999848,228846.9000000003
177430317.0658,249912.29999999847,228846.9000000003
177430319.0658,249912.29999999847,228846.9000000003
177430321.0658,249912.29999999847,228846.9000000003
177430323.0658,249912.29999999847,228846.9000000003
177430325.0658,249912.29999999847,228846.9000000003
177430327.0658,249912.29999999847,228846.9000000003
177430329.0658,249912.29999999847,228846.9000000003
177430331.0658,249912.29999999847,228846.9000000003
177430333.0658,249912.19999999847,228846.9000000003
177430335.0658,249912.19999999847,228846.9000000003
177430337.0658,249912.19999999847,228846.9000000003
177430339.0658,249912.19999999847,228846.9000000003
177430341.0658,249912.19999999847,228846.9000000003
177430343.0658,249912.09999999846,228846.9000000003
177430345.0658,249912.09999999846,228846.9000000003
177430347.0658,249912.09999999846,228846.9000000003
177430349.0658,249912.09999999846,228846.9000000003
177430351.0658,249912.09999999846,228846.9000000003
177430353.0658,249911.99999999846,228846.9000000003
177430355.0658,249911.89999999845,228846.9000000003
177430357.0658,249911.89999999845,228846.9000000003
177430359.0658,249911.89999999845,228846.9000000003
177430361.0658,249911.89999999845,228846.9000000003
177430363.0658,249911.69999999844,228846.9000000003
177430365.0658,249911.69999999844,228846.9000000003
177430367.0658,249911.69999999844,228846.9000000003
177430369.0658,249911.69999999844,228846.9000000003
177430371.0658,249911.59999999843,228846.9000000003
177430373.0658,249911.59999999843,228846.9000000003
177430375.0658,249911.59999999843,228846.9000000003
177430377.0658,249911.59999999843,228846.9000000003
177430379.0658,249911.59999999843,228846.9000000003
177430381.0658,249911.59999999843,228846.9000000003
177430383.0658,249911.59999999843,228846.9000000003
177430385.0658,249911.59999999843,228846.9000000003
177430387.0658,249911.49999999843,228846.9000000003
177430389.0658,249911.49999999843,228846.9000000003
177430391.0658,249911.49999999843,228846.9000000003
177430393.0658,249911.49999999843,228846.9000000003
177430395.0658,249911.49999999843,228846.9000000003
177430397.0658,249911.49999999843,228846.9000000003
177430399.0658,249911.49999999843,228846.9000000003
177430401.0658,249911.39999999842,228846.9000000003
177430403.0658,249911.39999999842,228846.9000000003
177430405.0658,249911.39999999842,228846.9000000003
177430407.0658,249911.39999999842,228846.9000000003
177430409.0658,249911.39999999842,228846.9000000003
177430411.0658,249911.29999999842,228846.9000000003
177430413.0658,249911.29999999842,228846.9000000003
177430415.0658,249911.1999999984,228846.9000000003
177430417.0658,249911.1999999984,228846.9000000003
177430419.0658,249911.1999999984,228846.9000000003
177430421.0658,249911.1999999984,228846.9000000003
177430423.0658,249911.0999999984,228846.9000000003
177430425.0658,249911.0999999984,228846.9000000003
177430427.0658,249911.0999999984,228846.9000000003
177430429.0658,249910.9999999984,228846.9000000003
177430431.0658,249910.9999999984,228846.9000000003
177430433.0658,249910.9999999984,228846.9000000003
177430435.0658,249910.8999999984,228846.9000000003
177430437.0658,249910.8999999984,228846.9000000003
177430439.0658,249910.8999999984,228846.9000000003
177430441.0658,249910.8999999984,228846.9000000003
177430443.0658,249910.8999999984,228846.9000000003
177430445.0658,249910.8999999984,228846.9000000003
177430447.0658,249910.8999999984,228846.9000000003
177430449.0658,249910.7999999984,228846.9000000003
177430451.0658,249910.7999999984,228846.9000000003
177430453.0658,249910.69999999838,228846.9000000003
177430455.0658,249910.69999999838,228846.9000000003
177430457.0658,249910.69999999838,228846.9000000003
177430459.0658,249910.59999999838,228846.9000000003
177430461.0658,249910.49999999837,228846.9000000003
177430463.0658,249910.49999999837,228846.9000000003
177430465.0658,249910.49999999837,228846.9000000003
177430467.0658,249910.49999999837,228846.8000000003
177430469.0658,249910.49999999837,228846.8000000003
177430471.0658,249910.49999999837,228846.8000000003
177430473.0658,249910.49999999837,228846.8000000003
177430475.0658,249910.49999999837,228846.8000000003
177430477.0658,249910.49999999837,228846.8000000003
177430479.0658,249910.39999999836,228846.8000000003
177430481.0658,249910.39999999836,228846.9000000003
177430483.0658,249910.39999999836,228846.9000000003
177430485.0658,249910.39999999836,228846.9000000003
177430487.0658,249910.39999999836,228846.9000000003
177430489.0658,249910.29999999836,228846.9000000003
177430491.0658,249910.39999999836,228846.9000000003
177430493.0658,249910.39999999836,228846.9000000003
177430495.0658,249910.39999999836,228846.9000000003
177430497.0658,249910.29999999836,228846.9000000003
177430499.0658,249910.29999999836,228846.9000000003
177430501.0658,249910.29999999836,228846.9000000003
177430503.0658,249910.29999999836,228846.9000000003
177430505.0658,249910.29999999836,228846.9000000003
177430507.0658,249910.29999999836,228846.9000000003
177430509.0658,249910.29999999836,228846.9000000003
177430511.0658,249910.29999999836,228846.9000000003
177430513.0658,249910.29999999836,228846.9000000003
177430515.0658,249910.29999999836,228846.9000000003
177430517.0658,249910.29999999836,228846.9000000003
177430519.0658,249910.29999999836,228846.9000000003
177430521.0658,249910.29999999836,228846.9000000003
177430523.0658,249910.29999999836,228846.9000000003
177430525.0658,249910.29999999836,228846.9000000003
177430527.0658,249910.29999999836,228846.9000000003
177430529.0658,249910.29999999836,228846.9000000003
177430531.0658,249910.29999999836,228846.9000000003
177430533.0658,249910.29999999836,228846.9000000003
177430535.0658,249910.29999999836,228846.9000000003
177430537.0658,249910.29999999836,228846.9000000003
177430539.0658,249910.29999999836,228846.9000000003
177430541.0658,249910.29999999836,228846.9000000003
177430543.0658,249910.19999999835,228846.9000000003
177430545.0658,249910.19999999835,228847.00000000032
177430547.0658,249910.09999999835,228847.00000000032
177430549.0658,249910.09999999835,228847.00000000032
177430551.0658,249909.99999999834,228847.00000000032
177430553.0658,249909.99999999834,228846.9000000003
177430555.0658,249909.99999999834,228846.9000000003
177430557.0658,249909.99999999834,228846.9000000003
177430559.0658,249909.99999999834,228846.9000000003
177430561.0658,249909.99999999834,228846.9000000003
177430563.0658,249909.99999999834,228846.9000000003
177430565.0658,249909.99999999834,228846.9000000003
177430567.0658,249909.99999999834,228846.9000000003
177430569.0658,249909.99999999834,228846.9000000003
177430571.0658,249909.99999999834,228846.9000000003
177430573.0658,249909.99999999834,228846.9000000003
177430575.0658,249909.99999999834,228846.9000000003
177430577.0658,249909.99999999834,228846.9000000003
177430579.0658,249909.99999999834,228846.9000000003
177430581.0658,249909.99999999834,228846.9000000003
177430583.0658,249909.99999999834,228846.9000000003
177430585.0658,249909.99999999834,228846.9000000003
177430587.0658,249909.99999999834,228846.9000000003
177430589.0658,249909.99999999834,228846.9000000003
177430591.0658,249909.99999999834,228846.9000000003
177430593.0658,249909.99999999834,228846.9000000003
177430595.0658,249909.99999999834,228846.9000000003
177430597.0658,249909.99999999834,228846.9000000003
177430599.0658,249909.99999999834,228846.9000000003
177430601.0658,249909.89999999834,228846.9000000003
177430603.0658,249909.89999999834,228846.9000000003
177430605.0658,249909.89999999834,228846.9000000003
177430607.0658,249909.89999999834,228846.9000000003
177430609.0658,249909.89999999834,228846.9000000003
177430611.0658,249909.79999999833,228846.9000000003
177430613.0658,249909.79999999833,228846.9000000003
177430615.0658,249909.79999999833,228847.00000000032
177430617.0658,249909.79999999833,228847.00000000032
177430619.0658,249909.79999999833,228847.00000000032
177430621.0658,249909.79999999833,228847.00000000032
177430623.0658,249909.79999999833,228847.00000000032
177430625.0658,249909.79999999833,228847.00000000032
177430627.0658,249909.79999999833,228847.00000000032
177430629.0658,249909.79999999833,228847.00000000032
177430631.0658,249909.79999999833,228847.00000000032
177430633.0658,249909.79999999833,228847.00000000032
177430635.0658,249909.79999999833,228847.00000000032
177430637.0658,249909.79999999833,228847.00000000032
177430639.0658,249909.79999999833,228847.00000000032
177430641.0658,249909.79999999833,228847.00000000032
177430643.0658,249909.79999999833,228847.00000000032
177430645.0658,249909.79999999833,228847.00000000032
177430647.0658,249909.79999999833,228847.00000000032
177430649.0658,249909.79999999833,228847.00000000032
177430651.0658,249909.79999999833,228847.00000000032
177430653.0658,249909.79999999833,228847.00000000032
177430655.0658,249909.79999999833,228846.9000000003
177430657.0658,249909.79999999833,228846.9000000003
177430659.0658,249909.69999999832,228846.9000000003
177430661.0658,249909.69999999832,228846.9000000003
177430663.0658,249909.69999999832,228846.9000000003
177430665.0658,249909.69999999832,228847.00000000032
177430667.0658,249909.69999999832,228847.00000000032
177430669.0658,249909.59999999832,228847.00000000032
177430671.0658,249909.59999999832,228847.00000000032
177430673.0658,249909.59999999832,228847.00000000032
177430675.0658,249909.59999999832,228847.00000000032
177430677.0658,249909.59999999832,228847.00000000032
177430679.0658,249909.59999999832,228847.00000000032
177430681.0658,249909.4999999983,228847.00000000032
177430683.0658,249909.4999999983,228847.00000000032
177430685.0658,249909.4999999983,228847.00000000032
177430687.0658,249909.4999999983,228847.00000000032
177430689.0658,249909.3999999983,228847.00000000032
177430691.0658,249909.3999999983,228847.00000000032
177430693.0658,249909.3999999983,228847.00000000032
177430695.0658,249909.3999999983,228847.00000000032
177430697.0658,249909.2999999983,228847.00000000032
177430699.0658,249909.2999999983,228847.00000000032
177430701.0658,249909.2999999983,228847.00000000032
177430703.0658,249909.2999999983,228847.00000000032
177430705.0658,249909.2999999983,228847.00000000032
177430707.0658,249909.2999999983,228847.00000000032
177430709.0658,249909.1999999983,228847.00000000032
177430711.0658,249909.1999999983,228847.00000000032
177430713.0658,249909.1999999983,228847.00000000032
177430715.0658,249909.1999999983,228847.00000000032
177430717.0658,249909.1999999983,228847.00000000032
177430719.0658,249909.1999999983,228847.00000000032
177430721.0658,249909.1999999983,228847.00000000032
177430723.0658,249909.1999999983,228847.00000000032
177430725.0658,249909.1999999983,228847.00000000032
177430727.0658,249909.1999999983,228847.00000000032
177430729.0658,249909.1999999983,228847.00000000032
177430731.0658,249909.1999999983,228847.00000000032
177430733.0658,249909.1999999983,228847.00000000032
177430735.0658,249909.1999999983,228847.00000000032
177430737.0658,249909.1999999983,228847.00000000032
177430739.0658,249909.1999999983,228847.00000000032
177430741.0658,249909.1999999983,228847.00000000032
177430743.0658,249909.1999999983,228847.00000000032
177430745.0658,249909.1999999983,228847.00000000032
177430747.0658,249909.0999999983,228847.00000000032
177430749.0658,249909.0999999983,228847.00000000032
177430751.0658,249909.0999999983,228847.00000000032
177430753.0658,249908.99999999828,228847.00000000032
177430755.0658,249908.99999999828,228847.00000000032
177430757.0658,249908.99999999828,228847.00000000032
177430759.0658,249908.99999999828,228847.00000000032
177430761.0658,249908.89999999828,228847.00000000032
177430763.0658,249908.89999999828,228847.00000000032
177430765.0658,249908.89999999828,228847.00000000032
177430767.0658,249908.89999999828,228847.00000000032
177430769.0658,249908.89999999828,228847.00000000032
177430771.0658,249908.69999999827,228847.00000000032
177430773.0658,249908.69999999827,228847.00000000032
177430775.0658,249908.69999999827,228847.00000000032
177430777.0658,249908.49999999825,228847.00000000032
177430779.1658,249908.39999999825,228847.00000000032
177430781.0658,249908.39999999825,228847.00000000032
177430783.0658,249908.39999999825,228847.00000000032
177430785.0658,249908.39999999825,228847.00000000032
177430787.0658,249908.29999999824,228847.00000000032
177430789.0658,249908.29999999824,228847.00000000032
177430791.0658,249908.29999999824,228847.00000000032
177430793.0658,249908.29999999824,228847.10000000033
177430795.0658,249908.29999999824,228847.10000000033
177430797.0658,249908.29999999824,228847.10000000033
177430799.0658,249908.29999999824,228847.00000000032
177430801.0658,249908.29999999824,228847.00000000032
177430803.0658,249908.19999999824,228847.00000000032
177430805.0658,249908.19999999824,228847.00000000032
177430807.0658,249908.19999999824,228847.00000000032
177430809.0658,249908.19999999824,228847.00000000032
177430811.0658,249908.19999999824,228847.00000000032
177430813.0658,249908.09999999823,228847.00000000032
177430815.0658,249908.09999999823,228847.00000000032
177430817.0658,249908.09999999823,228847.00000000032
177430819.0658,249907.99999999822,228847.00000000032
177430821.0658,249907.99999999822,228847.00000000032
177430823.0658,249907.99999999822,228847.00000000032
177430825.0658,249907.99999999822,228847.00000000032
177430827.0658,249907.89999999822,228847.00000000032
177430829.0658,249907.89999999822,228847.10000000033
177430831.0658,249907.89999999822,228847.10000000033
177430833.0658,249907.89999999822,228847.10000000033
177430835.0658,249907.89999999822,228847.10000000033
177430837.0658,249907.7999999982,228847.10000000033
177430839.0658,249907.7999999982,228847.10000000033
177430841.0658,249907.7999999982,228847.00000000032
177430843.0658,249907.6999999982,228847.00000000032
177430845.0658,249907.6999999982,228847.00000000032
177430847.0658,249907.6999999982,228847.00000000032
177430849.0658,249907.5999999982,228847.00000000032
177430851.0658,249907.5999999982,228847.00000000032
177430853.0658,249907.5999999982,228847.00000000032
177430855.0658,249907.4999999982,228847.00000000032
177430857.0658,249907.3999999982,228847.00000000032
177430859.0658,249907.3999999982,228847.00000000032
177430861.0658,249907.29999999818,228847.00000000032
177430863.0658,249907.29999999818,228847.00000000032
177430865.0658,249907.29999999818,228847.00000000032
177430867.0658,249907.19999999818,228847.00000000032
177430869.0658,249907.19999999818,228847.00000000032
177430871.0658,249907.29999999818,228847.00000000032
177430873.0658,249907.29999999818,228847.00000000032
177430875.0658,249907.29999999818,228847.00000000032
177430877.0658,249907.29999999818,228847.00000000032
177430879.0658,249907.19999999818,228847.00000000032
177430881.0658,249907.19999999818,228847.00000000032
177430883.0658,249907.19999999818,228847.00000000032
177430885.0658,249907.09999999817,228847.00000000032
177430887.0658,249907.19999999818,228847.00000000032
177430889.0658,249907.19999999818,228847.00000000032
177430891.0658,249907.09999999817,228847.00000000032
177430893.0658,249907.09999999817,228847.00000000032
177430895.0658,249907.09999999817,228847.00000000032
177430897.0658,249907.09999999817,228847.00000000032
177430899.0658,249907.09999999817,228847.00000000032
177430901.0658,249907.09999999817,228847.00000000032
177430903.0658,249907.09999999817,228847.00000000032
177430905.0658,249907.09999999817,228847.00000000032
177430907.0658,249907.09999999817,228847.00000000032
177430909.0658,249907.09999999817,228847.00000000032
177430911.0658,249907.09999999817,228847.00000000032
177430913.0658,249907.09999999817,228847.00000000032
177430915.0658,249907.09999999817,228847.00000000032
177430917.0658,249907.09999999817,228847.00000000032
177430919.0658,249907.09999999817,228847.00000000032
177430921.0658,249907.09999999817,228847.00000000032
177430923.0658,249907.09999999817,228847.00000000032
177430925.0658,249907.09999999817,228847.00000000032
177430927.0658,249907.09999999817,228847.00000000032
177430929.0658,249907.09999999817,228847.00000000032
177430931.0658,249907.09999999817,228847.00000000032
177430933.0658,249907.09999999817,228847.00000000032
177430935.0658,249907.09999999817,228847.00000000032
177430937.0658,249907.09999999817,228847.00000000032
177430939.0658,249907.09999999817,228847.00000000032
177430941.0658,249907.09999999817,228847.00000000032
177430943.0658,249907.09999999817,228847.00000000032
177430945.0658,249907.09999999817,228847.00000000032
177430947.0658,249907.09999999817,228847.00000000032
177430949.0658,249907.09999999817,228847.00000000032
177430951.0658,249907.09999999817,228847.00000000032
177430953.0658,249907.09999999817,228847.00000000032
177430955.0658,249907.09999999817,228847.00000000032
177430957.0658,249907.09999999817,228847.00000000032
177430959.0658,249907.09999999817,228847.00000000032
177430961.0658,249907.09999999817,228847.00000000032
177430963.0658,249907.09999999817,228847.00000000032
177430965.0658,249907.09999999817,228847.00000000032
177430967.0658,249907.09999999817,228847.00000000032
177430969.0658,249907.09999999817,228847.00000000032
177430971.0658,249906.99999999817,228847.00000000032
177430973.0658,249906.99999999817,228847.00000000032
177430975.0658,249906.79999999815,228847.00000000032
177430977.0658,249906.79999999815,228847.00000000032
177430979.0658,249906.79999999815,228847.00000000032
177430981.0658,249906.79999999815,228847.00000000032
177430983.0658,249906.69999999815,228847.00000000032
177430985.0658,249906.69999999815,228847.00000000032
177430987.0658,249906.69999999815,228847.00000000032
177430989.0658,249906.69999999815,228847.00000000032
177430991.0658,249906.69999999815,228847.00000000032
177430993.0658,249906.69999999815,228847.00000000032
177430995.0658,249906.69999999815,228847.00000000032
177430997.0658,249906.69999999815,228847.00000000032
177430999.0658,249906.69999999815,228847.00000000032
177431001.0658,249906.69999999815,228847.00000000032
177431003.1658,249906.69999999815,228847.00000000032
177431005.1658,249906.69999999815,228847.00000000032
177431007.1658,249906.69999999815,228847.00000000032
177431009.1658,249906.69999999815,228847.00000000032
177431011.1658,249906.69999999815,228847.00000000032
177431013.1658,249906.69999999815,228847.00000000032
177431015.1658,249906.69999999815,228847.00000000032
177431017.1658,249906.69999999815,228847.00000000032
177431019.1658,249906.69999999815,228847.00000000032
177431021.1658,249906.69999999815,228847.00000000032
177431023.1658,249906.69999999815,228847.00000000032
177431025.1658,249906.69999999815,228847.00000000032
177431027.1658,249906.69999999815,228847.00000000032
177431029.1658,249906.69999999815,228847.00000000032
177431031.1658,249906.69999999815,228847.00000000032
177431033.1658,249906.69999999815,228847.00000000032
177431035.1658,249906.69999999815,228847.00000000032
177431037.1658,249906.69999999815,228847.00000000032
177431039.1658,249906.69999999815,228847.00000000032
177431041.1658,249906.69999999815,228847.00000000032
177431043.1658,249906.69999999815,228847.00000000032
177431045.1658,249906.69999999815,228847.00000000032
177431047.1658,249906.69999999815,228847.00000000032
177431049.1658,249906.69999999815,228847.00000000032
177431051.1658,249906.69999999815,228847.00000000032
177431053.1658,249906.69999999815,228847.00000000032
177431055.1658,249906.69999999815,228847.00000000032
177431057.1658,249906.69999999815,228847.00000000032
177431059.1658,249906.69999999815,228847.00000000032
177431061.1658,249906.69999999815,228847.00000000032
177431063.1658,249906.69999999815,228847.00000000032
177431065.1658,249906.69999999815,228847.00000000032
177431067.1658,249906.69999999815,228847.00000000032
177431069.1658,249906.69999999815,228847.00000000032
177431071.1658,249906.69999999815,228847.00000000032
177431073.1658,249906.69999999815,228847.00000000032
177431075.1658,249906.69999999815,228847.00000000032
177431077.1658,249906.69999999815,228847.00000000032
177431079.1658,249906.69999999815,228847.00000000032
177431081.1658,249906.69999999815,228847.00000000032
177431083.1658,249906.69999999815,228847.00000000032
177431085.1658,249906.69999999815,228847.00000000032
177431087.1658,249906.69999999815,228847.00000000032
177431089.1658,249906.69999999815,228847.00000000032
177431091.1658,249906.69999999815,228847.00000000032
177431093.1658,249906.69999999815,228847.00000000032
177431095.1658,249906.69999999815,228847.00000000032
177431097.1658,249906.69999999815,228846.9000000003
177431099.1658,249906.69999999815,228846.9000000003
177431101.1658,249906.69999999815,228846.9000000003
177431103.1658,249906.69999999815,228846.9000000003
177431105.1658,249906.69999999815,228846.9000000003
177431107.1658,249906.69999999815,228846.9000000003
177431109.1658,249906.69999999815,228846.9000000003
177431111.1658,249906.69999999815,228846.9000000003
177431113.1658,249906.69999999815,228846.9000000003
177431115.1658,249906.69999999815,228846.9000000003
177431117.1658,249906.69999999815,228846.9000000003
177431119.1658,249906.69999999815,228846.9000000003
177431121.1658,249906.69999999815,228846.9000000003
177431123.1658,249906.69999999815,228846.9000000003
177431125.1658,249906.69999999815,228846.9000000003
177431127.1658,249906.59999999814,228847.00000000032
177431129.1658,249906.59999999814,228847.00000000032
177431131.1658,249906.49999999814,228847.00000000032
177431133.1658,249906.49999999814,228847.00000000032
177431135.1658,249906.49999999814,228847.00000000032
177431137.1658,249906.39999999813,228847.00000000032
177431139.1658,249906.39999999813,228847.00000000032
177431141.1658,249906.39999999813,228847.00000000032
177431143.1658,249906.39999999813,228847.00000000032
177431145.1658,249906.39999999813,228847.00000000032
177431147.1658,249906.39999999813,228847.10000000033
177431149.1658,249906.29999999813,228847.10000000033
177431151.1658,249906.29999999813,228847.10000000033
177431153.1658,249906.29999999813,228846.9000000003
177431155.1658,249906.19999999812,228846.9000000003
177431157.1658,249906.19999999812,228846.9000000003
177431159.1658,249906.19999999812,228846.9000000003
177431161.1658,249906.19999999812,228847.00000000032
177431163.1658,249906.19999999812,228847.00000000032
177431165.1658,249906.19999999812,228847.00000000032
177431167.1658,249906.0999999981,228847.00000000032
177431169.1658,249906.0999999981,228847.00000000032
177431171.1658,249906.0999999981,228847.00000000032
177431173.1658,249906.0999999981,228847.00000000032
177431175.1658,249906.0999999981,228847.00000000032
177431177.1658,249906.0999999981,228847.00000000032
177431179.1658,249905.9999999981,228847.00000000032
177431181.1658,249905.8999999981,228847.00000000032
177431183.1658,249905.8999999981,228847.00000000032
177431185.1658,249905.8999999981,228847.00000000032
177431187.1658,249905.8999999981,228847.00000000032
177431189.1658,249905.8999999981,228847.00000000032
177431191.1658,249905.8999999981,228847.00000000032
177431193.1658,249905.8999999981,228847.00000000032
177431195.1658,249905.8999999981,228847.00000000032
177431197.1658,249905.8999999981,228847.00000000032
177431199.1658,249905.8999999981,228847.00000000032
177431201.1658,249905.8999999981,228847.00000000032
177431203.1658,249905.8999999981,228847.00000000032
177431205.1658,249905.8999999981,228847.00000000032
177431207.1658,249905.8999999981,228847.00000000032
177431209.1658,249905.8999999981,228847.00000000032
177431211.1658,249905.8999999981,228846.9000000003
177431213.1658,249905.8999999981,228846.9000000003
177431215.1658,249905.7999999981,228846.9000000003
177431217.1658,249905.7999999981,228846.9000000003
177431219.1658,249905.7999999981,228846.9000000003
177431221.1658,249905.6999999981,228846.9000000003
177431223.1658,249905.6999999981,228847.00000000032
177431225.1658,249905.6999999981,228847.00000000032
177431227.1658,249905.6999999981,228846.9000000003
177431229.1658,249905.6999999981,228846.9000000003
177431231.1658,249905.6999999981,228846.9000000003
177431233.1658,249905.6999999981,228847.00000000032
177431235.1658,249905.8999999981,228847.00000000032
177431237.1658,249905.8999999981,228847.00000000032
177431239.1658,249905.8999999981,228847.00000000032
177431241.1658,249905.8999999981,228847.10000000033
177431243.1658,249905.8999999981,228847.10000000033
177431245.1658,249905.8999999981,228847.10000000033
177431247.1658,249905.8999999981,228847.10000000033
177431249.1658,249905.8999999981,228847.10000000033
177431251.1658,249905.8999999981,228847.10000000033
177431253.1658,249905.8999999981,228847.10000000033
177431255.1658,249905.8999999981,228847.10000000033
177431257.1658,249905.8999999981,228847.10000000033
177431259.1658,249905.7999999981,228847.00000000032
177431261.1658,249905.7999999981,228847.00000000032
177431263.1658,249905.7999999981,228847.00000000032
177431265.1658,249905.7999999981,228846.9000000003
177431267.1658,249905.7999999981,228847.00000000032
177431269.1658,249905.7999999981,228847.00000000032
177431271.1658,249905.7999999981,228847.00000000032
177431273.1658,249905.7999999981,228847.00000000032
177431275.1658,249905.7999999981,228847.00000000032
177431277.1658,249905.7999999981,228847.00000000032
177431279.1658,249905.6999999981,228847.00000000032
177431281.1658,249905.6999999981,228847.00000000032
177431283.1658,249905.6999999981,228847.10000000033
177431285.1658,249905.6999999981,228846.9000000003
177431287.1658,249905.6999999981,228847.00000000032
177431289.1658,249905.6999999981,228847.00000000032
177431291.1658,249905.6999999981,228847.00000000032
177431293.1658,249905.6999999981,228847.00000000032
177431295.1658,249905.6999999981,228847.00000000032
177431297.1658,249905.6999999981,228847.00000000032
177431299.1658,249905.6999999981,228847.00000000032
177431301.1658,249905.59999999808,228847.00000000032
177431303.1658,249905.59999999808,228847.00000000032
177431305.1658,249905.59999999808,228847.00000000032
177431307.1658,249905.59999999808,228847.00000000032
177431309.1658,249905.59999999808,228847.00000000032
177431311.1658,249905.59999999808,228847.00000000032
177431313.1658,249905.59999999808,228847.00000000032
177431315.1658,249905.59999999808,228847.00000000032
177431317.1658,249905.59999999808,228847.00000000032
177431319.1658,249905.59999999808,228846.9000000003
177431321.1658,249905.59999999808,228846.9000000003
177431323.1658,249905.49999999808,228846.9000000003
177431325.1658,249905.49999999808,228846.9000000003
177431327.1658,249905.39999999807,228846.9000000003
177431329.1658,249905.39999999807,228846.9000000003
177431331.1658,249905.39999999807,228846.9000000003
177431333.1658,249905.29999999807,228846.9000000003
177431335.1658,249905.19999999806,228846.9000000003
177431337.1658,249905.19999999806,228846.9000000003
177431339.1658,249905.09999999806,228846.9000000003
177431341.1658,249905.09999999806,228846.9000000003
177431343.1658,249904.99999999805,228846.9000000003
177431345.1658,249904.89999999804,228846.9000000003
177431347.1658,249904.89999999804,228846.9000000003
177431349.1658,249904.89999999804,228846.9000000003
177431351.1658,249904.89999999804,228847.00000000032
177431353.1658,249904.89999999804,228847.00000000032
177431355.1658,249904.89999999804,228847.00000000032
177431357.1658,249904.89999999804,228847.00000000032
177431359.1658,249904.89999999804,228847.00000000032
177431361.1658,249904.79999999804,228847.00000000032
177431363.1658,249904.79999999804,228847.00000000032
177431365.1658,249904.79999999804,228847.00000000032
177431367.1658,249904.79999999804,228847.00000000032
177431369.1658,249904.79999999804,228847.00000000032
177431371.1658,249904.79999999804,228847.00000000032
177431373.1658,249904.89999999804,228847.10000000033
177431375.1658,249904.99999999805,228847.10000000033
177431377.1658,249904.89999999804,228847.10000000033
177431379.1658,249904.89999999804,228847.10000000033
177431381.1658,249904.89999999804,228847.10000000033
177431383.1658,249904.79999999804,228847.10000000033
177431385.1658,249904.79999999804,228847.10000000033
177431387.1658,249904.79999999804,228847.10000000033
177431389.1658,249904.79999999804,228847.10000000033
177431391.1658,249904.79999999804,228847.10000000033
177431393.1658,249904.79999999804,228847.10000000033
177431395.1658,249904.79999999804,228847.10000000033
177431397.1658,249904.79999999804,228847.10000000033
177431399.1658,249904.79999999804,228847.10000000033
177431401.1658,249904.79999999804,228847.10000000033
177431403.1658,249904.79999999804,228847.10000000033
177431405.1658,249904.79999999804,228847.10000000033
177431407.1658,249904.79999999804,228847.10000000033
177431409.1658,249904.79999999804,228847.10000000033
177431411.1658,249904.79999999804,228847.10000000033
177431413.1658,249904.79999999804,228847.10000000033
177431415.1658,249904.79999999804,228847.10000000033
177431417.1658,249904.79999999804,228847.10000000033
177431419.1658,249904.79999999804,228847.20000000033
177431421.1658,249904.69999999803,228847.30000000034
177431423.1658,249904.69999999803,228847.30000000034
177431425.1658,249904.69999999803,228847.30000000034
177431427.1658,249904.69999999803,228846.90000000034
177431429.1658,249904.69999999803,228847.00000000035
177431431.1658,249904.59999999803,228847.00000000035
177431433.1658,249904.59999999803,228847.00000000035
177431435.1658,249904.59999999803,228847.00000000035
177431437.1658,249904.59999999803,228847.00000000035
177431439.1658,249904.59999999803,228847.00000000035
177431441.1658,249904.59999999803,228847.00000000035
177431443.2658,249904.59999999803,228847.00000000035
177431445.1658,249904.59999999803,228847.00000000035
177431447.1658,249904.59999999803,228847.00000000035
177431449.1658,249904.59999999803,228847.00000000035
177431451.1658,249904.59999999803,228846.90000000034
177431453.1658,249904.59999999803,228846.90000000034
177431455.1658,249904.59999999803,228846.90000000034
177431457.1658,249904.59999999803,228846.90000000034
177431459.1658,249904.59999999803,228846.90000000034
177431461.1658,249904.59999999803,228846.90000000034
177431463.1658,249904.59999999803,228846.90000000034
177431465.1658,249904.59999999803,228846.90000000034
177431467.1658,249904.59999999803,228846.90000000034
177431469.1658,249904.59999999803,228846.90000000034
177431471.1658,249904.59999999803,228846.90000000034
177431473.1658,249904.59999999803,228846.90000000034
177431475.1658,249904.59999999803,228846.90000000034
177431477.1658,249904.69999999803,228846.90000000034
177431479.1658,249904.69999999803,228846.90000000034
177431481.1658,249904.69999999803,228846.90000000034
177431483.1658,249904.69999999803,228846.90000000034
177431485.1658,249904.69999999803,228846.90000000034
177431487.1658,249904.69999999803,228846.90000000034
177431489.1658,249904.59999999803,228846.90000000034
177431491.1658,249904.59999999803,228846.90000000034
177431493.1658,249904.59999999803,228846.90000000034
177431495.1658,249904.59999999803,228846.90000000034
177431497.1658,249904.59999999803,228846.90000000034
177431499.1658,249904.59999999803,228846.90000000034
177431501.1658,249904.59999999803,228846.90000000034
177431503.1658,249904.59999999803,228846.90000000034
177431505.1658,249904.59999999803,228846.90000000034
177431507.1658,249904.59999999803,228846.90000000034
177431509.1658,249904.59999999803,228846.90000000034
177431511.1658,249904.59999999803,228847.00000000035
177431513.1658,249904.59999999803,228847.00000000035
177431515.1658,249904.59999999803,228847.00000000035
177431517.1658,249904.59999999803,228847.00000000035
177431519.1658,249904.59999999803,228847.00000000035
177431521.1658,249904.59999999803,228847.00000000035
177431523.1658,249904.59999999803,228847.00000000035
177431525.1658,249904.59999999803,228847.00000000035
177431527.1658,249904.59999999803,228847.00000000035
177431529.1658,249904.59999999803,228847.00000000035
177431531.1658,249904.59999999803,228847.00000000035
177431533.1658,249904.59999999803,228847.00000000035
177431535.1658,249904.59999999803,228847.00000000035
177431537.1658,249904.59999999803,228847.00000000035
177431539.1658,249904.59999999803,228847.00000000035
177431541.1658,249904.59999999803,228847.00000000035
177431543.1658,249904.59999999803,228847.00000000035
177431545.1658,249904.59999999803,228847.00000000035
177431547.1658,249904.59999999803,228847.00000000035
177431549.1658,249904.59999999803,228847.00000000035
177431551.1658,249904.59999999803,228847.00000000035
177431553.1658,249904.59999999803,228847.00000000035
177431555.1658,249904.59999999803,228847.00000000035
177431557.1658,249904.59999999803,228847.00000000035
177431559.1658,249904.59999999803,228847.00000000035
177431561.1658,249904.59999999803,228847.00000000035
177431563.1658,249904.59999999803,228847.00000000035
177431565.1658,249904.59999999803,228847.00000000035
177431567.1658,249904.59999999803,228847.00000000035
177431569.1658,249904.59999999803,228847.00000000035
177431571.1658,249904.59999999803,228847.00000000035
177431573.1658,249904.59999999803,228847.00000000035
177431575.1658,249904.59999999803,228847.00000000035
177431577.1658,249904.59999999803,228847.00000000035
177431579.1658,249904.59999999803,228847.00000000035
177431581.1658,249904.49999999802,228847.00000000035
177431583.1658,249904.49999999802,228847.00000000035
177431585.1658,249904.49999999802,228846.90000000034
177431587.1658,249904.49999999802,228846.90000000034
177431589.1658,249904.49999999802,228846.90000000034
177431591.1658,249904.49999999802,228846.90000000034
177431593.1658,249904.49999999802,228846.90000000034
177431595.1658,249904.49999999802,228846.90000000034
177431597.1658,249904.49999999802,228846.90000000034
177431599.1658,249904.49999999802,228846.90000000034
177431601.1658,249904.49999999802,228846.90000000034
177431603.1658,249904.49999999802,228846.90000000034
177431605.1658,249904.49999999802,228846.90000000034
177431607.1658,249904.49999999802,228846.90000000034
177431609.1658,249904.49999999802,228846.90000000034
177431611.1658,249904.49999999802,228846.90000000034
177431613.1658,249904.49999999802,228846.90000000034
177431615.1658,249904.49999999802,228846.90000000034
177431617.1658,249904.49999999802,228846.90000000034
177431619.1658,249904.49999999802,228846.90000000034
177431621.1658,249904.49999999802,228846.90000000034
177431623.1658,249904.49999999802,228846.90000000034
177431625.1658,249904.49999999802,228846.90000000034
177431627.1658,249904.49999999802,228846.90000000034
177431629.1658,249904.49999999802,228846.90000000034
177431631.1658,249904.49999999802,228847.00000000035
177431633.1658,249904.49999999802,228847.00000000035
177431635.1658,249904.49999999802,228847.00000000035
177431637.1658,249904.49999999802,228847.00000000035
177431639.1658,249904.49999999802,228847.00000000035
177431641.1658,249904.49999999802,228847.00000000035
177431643.1658,249904.49999999802,228847.00000000035
177431645.1658,249904.49999999802,228847.00000000035
177431647.1658,249904.49999999802,228847.00000000035
177431649.1658,249904.49999999802,228847.00000000035
177431651.1658,249904.49999999802,228847.00000000035
177431653.1658,249904.49999999802,228847.00000000035
177431655.1658,249904.49999999802,228847.00000000035
177431657.1658,249904.49999999802,228847.00000000035
177431659.1658,249904.49999999802,228847.00000000035
177431661.1658,249904.49999999802,228847.00000000035
177431663.2658,249904.49999999802,228847.00000000035
177431665.1658,249904.49999999802,228847.00000000035
177431667.1658,249904.49999999802,228847.00000000035
177431669.1658,249904.49999999802,228847.00000000035
177431671.1658,249904.49999999802,228846.90000000034
177431673.1658,249904.49999999802,228846.90000000034
177431675.1658,249904.49999999802,228846.90000000034
177431677.1658,249904.49999999802,228846.90000000034
177431679.1658,249904.49999999802,228846.90000000034
177431681.1658,249904.49999999802,228846.90000000034
177431683.1658,249904.49999999802,228846.90000000034
177431685.1658,249904.49999999802,228846.90000000034
177431687.1658,249904.49999999802,228846.90000000034
177431689.1658,249904.49999999802,228846.80000000034
177431691.1658,249904.49999999802,228846.80000000034
177431693.1658,249904.49999999802,228846.80000000034
177431695.1658,249904.49999999802,228846.80000000034
177431697.1658,249904.49999999802,228846.80000000034
177431699.1658,249904.49999999802,228846.90000000034
177431701.1658,249904.49999999802,228846.90000000034
177431703.1658,249904.49999999802,228846.90000000034
177431705.1658,249904.49999999802,228846.90000000034
177431707.1658,249904.49999999802,228846.90000000034
177431709.1658,249904.49999999802,228846.90000000034
177431711.1658,249904.39999999802,228846.90000000034
177431713.1658,249904.39999999802,228846.90000000034
177431715.1658,249904.39999999802,228846.90000000034
177431717.1658,249904.39999999802,228847.00000000035
177431719.1658,249904.39999999802,228847.00000000035
177431721.1658,249904.39999999802,228847.00000000035
177431723.1658,249904.39999999802,228847.00000000035
177431725.1658,249904.39999999802,228847.00000000035
177431727.1658,249904.39999999802,228847.00000000035
177431729.1658,249904.39999999802,228847.00000000035
177431731.1658,249904.39999999802,228847.00000000035
177431733.1658,249904.39999999802,228847.00000000035
177431735.1658,249904.39999999802,228847.00000000035
177431737.1658,249904.39999999802,228847.00000000035
177431739.1658,249904.39999999802,228847.00000000035
177431741.1658,249904.39999999802,228847.00000000035
177431743.1658,249904.39999999802,228847.00000000035
177431745.1658,249904.39999999802,228847.00000000035
177431747.1658,249904.39999999802,228847.00000000035
177431749.1658,249904.39999999802,228847.00000000035
177431751.1658,249904.39999999802,228847.00000000035
177431753.1658,249904.39999999802,228847.00000000035
177431755.1658,249904.39999999802,228847.00000000035
177431757.1658,249904.39999999802,228847.00000000035
177431759.1658,249904.39999999802,228847.00000000035
177431761.1658,249904.39999999802,228847.00000000035
177431763.1658,249904.39999999802,228846.90000000034
177431765.1658,249904.39999999802,228846.90000000034
177431767.1658,249904.299999998,228846.90000000034
177431769.1658,249904.299999998,228846.90000000034
177431771.1658,249904.299999998,228846.90000000034
177431773.1658,249904.299999998,228846.90000000034
177431775.1658,249904.299999998,228846.90000000034
177431777.1658,249904.299999998,228846.90000000034
177431779.1658,249904.299999998,228846.90000000034
177431781.1658,249904.299999998,228846.90000000034
177431783.1658,249904.299999998,228846.90000000034
177431785.1658,249904.299999998,228846.90000000034
177431787.1658,249904.299999998,228846.90000000034
177431789.1658,249904.299999998,228846.90000000034
177431791.1658,249904.299999998,228846.80000000034
177431793.1658,249904.299999998,228846.80000000034
177431795.1658,249904.299999998,228846.80000000034
177431797.1658,249904.299999998,228846.80000000034
177431799.1658,249904.299999998,228846.80000000034
177431801.1658,249904.299999998,228846.80000000034
177431803.1658,249904.299999998,228846.80000000034
177431805.1658,249904.299999998,228846.80000000034
177431807.1658,249904.299999998,228846.80000000034
177431809.1658,249904.299999998,228846.80000000034
177431811.1658,249904.299999998,228846.80000000034
177431813.1658,249904.299999998,228846.80000000034
177431815.1658,249904.299999998,228846.80000000034
177431817.1658,249904.299999998,228846.80000000034
177431819.1658,249904.299999998,228846.80000000034
177431821.1658,249904.299999998,228846.80000000034
177431823.1658,249904.299999998,228846.80000000034
177431825.1658,249904.299999998,228846.90000000034
177431827.1658,249904.299999998,228846.90000000034
177431829.1658,249904.299999998,228846.90000000034
177431831.1658,249904.299999998,228846.90000000034
177431833.1658,249904.299999998,228846.90000000034
177431835.1658,249904.299999998,228846.90000000034
177431837.1658,249904.299999998,228846.90000000034
177431839.1658,249904.299999998,228846.90000000034
177431841.1658,249904.299999998,228846.90000000034
177431843.1658,249904.199999998,228846.90000000034
177431845.1658,249904.199999998,228846.90000000034
177431847.1658,249904.199999998,228846.90000000034
177431849.1658,249904.199999998,228846.90000000034
177431851.1658,249904.199999998,228846.90000000034
177431853.1658,249904.199999998,228846.90000000034
177431855.1658,249904.199999998,228846.90000000034
177431857.1658,249904.199999998,228846.90000000034
177431859.1658,249904.199999998,228846.90000000034
177431861.1658,249904.199999998,228846.90000000034
177431863.1658,249904.199999998,228846.90000000034
177431865.1658,249904.199999998,228846.90000000034
177431867.1658,249904.099999998,228846.90000000034
177431869.1658,249904.099999998,228846.90000000034
177431871.1658,249904.099999998,228846.90000000034
177431873.1658,249904.099999998,228846.90000000034
177431875.1658,249903.999999998,228846.90000000034
177431877.1658,249903.999999998,228846.90000000034
177431879.1658,249903.999999998,228846.90000000034
177431881.1658,249903.999999998,228846.90000000034
177431883.1658,249903.999999998,228846.90000000034
177431885.1658,249903.999999998,228846.90000000034
177431887.1658,249903.899999998,228846.90000000034
177431889.1658,249903.899999998,228846.90000000034
177431891.1658,249903.899999998,228846.90000000034
177431893.1658,249903.899999998,228846.90000000034
177431895.1658,249903.899999998,228846.90000000034
177431897.1658,249903.899999998,228846.90000000034
177431899.1658,249903.899999998,228846.90000000034
177431901.1658,249903.899999998,228846.90000000034
177431903.1658,249903.899999998,228846.90000000034
177431905.1658,249903.899999998,228846.90000000034
177431907.1658,249903.899999998,228846.90000000034
177431909.1658,249903.899999998,228846.90000000034
177431911.1658,249903.899999998,228846.90000000034
177431913.1658,249903.899999998,228846.90000000034
177431915.1658,249903.899999998,228846.80000000034
177431917.1658,249903.79999999798,228846.90000000034
177431919.1658,249903.79999999798,228846.90000000034
177431921.1658,249903.79999999798,228846.90000000034
177431923.1658,249903.79999999798,228846.90000000034
177431925.1658,249903.79999999798,228846.90000000034
177431927.1658,249903.79999999798,228846.90000000034
177431929.1658,249903.79999999798,228846.90000000034
177431931.1658,249903.69999999797,228846.90000000034
177431933.1658,249903.69999999797,228846.90000000034
177431935.1658,249903.69999999797,228846.90000000034
177431937.1658,249903.69999999797,228846.90000000034
177431939.1658,249903.69999999797,228846.90000000034
177431941.1658,249903.69999999797,228846.90000000034
177431943.1658,249903.69999999797,228846.80000000034
177431945.1658,249903.69999999797,228846.80000000034
177431947.1658,249903.69999999797,228846.80000000034
177431949.1658,249903.69999999797,228846.80000000034
177431951.1658,249903.69999999797,228846.80000000034
177431953.1658,249903.69999999797,228846.80000000034
177431955.1658,249903.69999999797,228846.80000000034
177431957.1658,249903.69999999797,228846.80000000034
177431959.1658,249903.69999999797,228846.80000000034
177431961.1658,249903.69999999797,228846.80000000034
177431963.1658,249903.69999999797,228846.80000000034
177431965.1658,249903.69999999797,228846.80000000034
177431967.1658,249903.69999999797,228846.80000000034
177431969.1658,249903.69999999797,228846.80000000034
177431971.1658,249903.59999999797,228846.80000000034
177431973.1658,249903.59999999797,228846.80000000034
177431975.1658,249903.59999999797,228846.80000000034
177431977.1658,249903.59999999797,228846.80000000034
177431979.1658,249903.59999999797,229899.60000000033
177431981.1658,249903.59999999797,229899.60000000033
177431983.1658,249903.59999999797,229899.60000000033
177431985.1658,249903.59999999797,228846.80000000034
177431987.1658,249903.59999999797,228846.80000000034
177431989.1658,249903.59999999797,228846.80000000034
177431991.1658,249903.59999999797,228846.80000000034
177431993.1658,249903.59999999797,228846.80000000034
177431995.1658,249903.59999999797,228846.80000000034
177431997.1658,249903.59999999797,228846.80000000034
177431999.1658,249903.49999999796,228846.80000000034
177432001.1658,249903.49999999796,228846.80000000034
177432003.1658,249903.49999999796,228846.80000000034
177432005.1658,249903.39999999796,228846.80000000034
177432007.1658,249903.39999999796,228846.80000000034
177432009.1658,249903.39999999796,228846.80000000034
177432011.1658,249903.39999999796,228846.80000000034
177432013.1658,249903.39999999796,228846.80000000034
177432015.1658,249903.39999999796,228846.80000000034
177432017.1658,249903.39999999796,228846.80000000034
177432019.1658,249903.49999999796,228846.80000000034
177432021.1658,249903.49999999796,228846.80000000034
177432023.1658,249903.49999999796,228846.80000000034
177432025.1658,249903.49999999796,228846.80000000034
177432027.1658,249903.49999999796,228846.80000000034
177432029.1658,249903.49999999796,228846.80000000034
177432031.1658,249903.49999999796,228846.80000000034
177432033.1658,249903.49999999796,228846.80000000034
177432035.1658,249903.49999999796,228846.80000000034
177432037.1658,249903.49999999796,228846.80000000034
177432039.1658,249903.49999999796,228846.80000000034
177432041.1658,249903.49999999796,228846.80000000034
177432043.1658,249903.49999999796,228846.80000000034
177432045.1658,249903.49999999796,228846.80000000034
177432047.1658,249903.49999999796,228846.80000000034
177432049.1658,249903.49999999796,228846.80000000034
177432051.1658,249903.49999999796,228846.80000000034
177432053.1658,249903.49999999796,228846.80000000034
177432055.1658,249903.49999999796,228846.80000000034
177432057.1658,249903.49999999796,228846.80000000034
177432059.1658,249903.49999999796,228846.80000000034
177432061.1658,249903.39999999796,228846.80000000034
177432063.1658,249903.39999999796,228846.80000000034
177432065.1658,249903.39999999796,228846.80000000034
177432067.1658,249903.39999999796,228846.80000000034
177432069.1658,249903.39999999796,228846.80000000034
177432071.1658,249903.39999999796,228846.80000000034
177432073.1658,249903.39999999796,228846.80000000034
177432075.1658,249903.39999999796,228846.80000000034
177432077.1658,249903.39999999796,228846.80000000034
177432079.1658,249903.39999999796,228846.80000000034
177432081.1658,249903.39999999796,228846.80000000034
177432083.1658,249903.39999999796,228846.80000000034
177432085.1658,249903.39999999796,228846.80000000034
177432087.1658,249903.39999999796,228846.80000000034
177432089.1658,249903.49999999796,228846.80000000034
177432091.1658,249903.49999999796,228846.80000000034
177432093.1658,249903.49999999796,228846.80000000034
177432095.1658,249903.49999999796,228846.80000000034
177432097.1658,249903.49999999796,228846.80000000034
177432099.1658,249903.49999999796,228846.80000000034
177432101.1658,249903.49999999796,228846.80000000034
177432103.1658,249903.49999999796,228846.80000000034
177432105.1658,249903.49999999796,228846.80000000034
177432107.1658,249903.49999999796,228846.80000000034
177432109.1658,249903.49999999796,228846.80000000034
177432111.1658,249903.49999999796,228846.80000000034
177432113.1658,249903.49999999796,228846.80000000034
177432115.1658,249903.49999999796,228846.80000000034
177432117.1658,249903.49999999796,228846.80000000034
177432119.1658,249903.49999999796,228846.80000000034
177432121.1658,249903.49999999796,228846.80000000034
177432123.1658,249903.49999999796,228846.80000000034
177432125.1658,249903.49999999796,228846.80000000034
177432127.1658,249903.49999999796,228846.80000000034
177432129.1658,249903.49999999796,228846.80000000034
177432131.1658,249903.49999999796,228846.80000000034
177432133.1658,249903.49999999796,228846.80000000034
177432135.1658,249903.49999999796,228846.80000000034
177432137.1658,249903.49999999796,228846.80000000034
177432139.1658,249903.49999999796,228846.80000000034
177432141.1658,249903.49999999796,228846.80000000034
177432143.1658,249903.49999999796,228846.80000000034
177432145.1658,249903.49999999796,228846.80000000034
177432147.1658,249903.49999999796,228846.80000000034
177432149.1658,249903.49999999796,228846.80000000034
177432151.1658,249903.49999999796,228846.80000000034
177432153.1658,249903.49999999796,228846.80000000034
177432155.1658,249903.49999999796,228846.80000000034
177432157.1658,249903.49999999796,228846.80000000034
177432159.1658,249903.49999999796,228846.80000000034
177432161.1658,249903.49999999796,228846.80000000034
177432163.1658,249903.49999999796,228846.80000000034
177432165.1658,249903.49999999796,228846.80000000034
177432167.1658,249903.49999999796,228846.80000000034
177432169.1658,249903.49999999796,228846.80000000034
177432171.1658,249903.49999999796,228846.80000000034
177432173.1658,249903.49999999796,228846.80000000034
177432175.1658,249903.49999999796,228846.90000000034
177432177.1658,249903.49999999796,228846.90000000034
177432179.1658,249903.49999999796,228846.90000000034
177432181.1658,249903.49999999796,228846.80000000034
177432183.1658,249903.49999999796,228846.80000000034
177432185.1658,249903.49999999796,228846.80000000034
177432187.1658,249903.49999999796,228846.80000000034
177432189.1658,249903.49999999796,228846.80000000034
177432191.1658,249903.49999999796,228846.80000000034
177432193.1658,249903.49999999796,228846.80000000034
177432195.1658,249903.49999999796,228846.80000000034
177432197.1658,249903.49999999796,228846.80000000034
177432199.1658,249903.49999999796,228846.80000000034
177432201.1658,249903.49999999796,228846.80000000034
177432203.1658,249903.49999999796,228846.80000000034
177432205.1658,249903.49999999796,228846.80000000034
177432207.1658,249903.49999999796,228846.80000000034
177432209.1658,249903.49999999796,228846.90000000034
177432211.1658,249903.49999999796,228846.90000000034
177432213.1658,249903.49999999796,228846.90000000034
177432215.1658,249903.49999999796,228846.90000000034
177432217.1658,249903.49999999796,228846.80000000034
177432219.1658,249903.49999999796,228846.80000000034
177432221.1658,249903.49999999796,228846.80000000034
177432223.1658,249903.49999999796,228846.80000000034
177432225.1658,249903.49999999796,228846.80000000034
177432227.1658,249903.49999999796,228846.80000000034
177432229.1658,249903.49999999796,228846.80000000034
177432231.1658,249903.49999999796,228846.80000000034
177432233.1658,249903.49999999796,228846.80000000034
177432235.1658,249903.49999999796,228846.80000000034
177432237.1658,249903.49999999796,228846.80000000034
177432239.1658,249903.49999999796,228846.80000000034
177432241.1658,249903.49999999796,228846.80000000034
177432243.1658,249903.49999999796,228846.80000000034
177432245.1658,249903.49999999796,228846.80000000034
177432247.1658,249903.49999999796,228846.80000000034
177432249.1658,249903.49999999796,228846.80000000034
177432251.1658,249903.49999999796,228846.80000000034
177432253.1658,249903.49999999796,228846.80000000034
177432255.1658,249903.49999999796,228846.80000000034
177432257.1658,249903.49999999796,228846.80000000034
177432259.1658,249903.49999999796,228846.80000000034
177432261.1658,249903.49999999796,228846.80000000034
177432263.1658,249903.49999999796,228846.80000000034
177432265.1658,249903.49999999796,228846.80000000034
177432267.1658,249903.49999999796,228846.80000000034
177432269.1658,249903.49999999796,228846.80000000034
177432271.1658,249903.49999999796,228846.80000000034
177432273.1658,249903.49999999796,228846.80000000034
177432275.1658,249903.49999999796,228846.80000000034
177432277.1658,249903.49999999796,228846.80000000034
177432279.1658,249903.49999999796,228846.80000000034
177432281.1658,249903.49999999796,228846.80000000034
177432283.1658,249903.49999999796,228846.80000000034
177432285.1658,249903.49999999796,228846.80000000034
177432287.1658,249903.49999999796,228846.80000000034
177432289.1658,249903.49999999796,228846.80000000034
177432291.1658,249903.49999999796,228846.80000000034
177432293.1658,249903.49999999796,228846.80000000034
177432295.1658,249903.49999999796,228846.80000000034
177432297.1658,249903.49999999796,228846.80000000034
177432299.1658,249903.49999999796,228846.80000000034
177432301.1658,249903.49999999796,228846.80000000034
177432303.1658,249903.59999999797,228846.80000000034
177432305.1658,249903.59999999797,228846.80000000034
177432307.1658,249903.59999999797,228846.80000000034
177432309.1658,249903.59999999797,228846.80000000034
177432311.1658,249903.59999999797,228846.80000000034
177432313.1658,249903.59999999797,228846.80000000034
177432315.1658,249903.59999999797,228846.80000000034
177432317.1658,249903.59999999797,228846.80000000034
177432319.1658,249903.59999999797,228846.80000000034
177432321.1658,249903.59999999797,228846.80000000034
177432323.1658,249903.59999999797,228846.80000000034
177432325.1658,249903.59999999797,228846.80000000034
177432327.1658,249903.59999999797,228846.80000000034
177432329.1658,249903.59999999797,228846.80000000034
177432331.1658,249903.59999999797,228846.80000000034
177432333.1658,249903.59999999797,228846.80000000034
177432335.1658,249903.49999999796,228846.80000000034
177432337.1658,249903.49999999796,228846.80000000034
177432339.1658,249903.59999999797,228846.80000000034
177432341.1658,249903.59999999797,228846.80000000034
177432343.1658,249903.59999999797,228846.80000000034
177432345.1658,249903.59999999797,228846.80000000034
177432347.1658,249903.59999999797,228846.80000000034
177432349.1658,249903.59999999797,228846.80000000034
177432351.1658,249903.59999999797,228846.80000000034
177432353.1658,249903.59999999797,228846.80000000034
177432355.1658,249903.59999999797,228846.80000000034
177432357.1658,249903.59999999797,228846.80000000034
177432359.1658,249903.59999999797,228846.80000000034
177432361.1658,249903.59999999797,228846.80000000034
177432363.1658,249903.59999999797,228846.80000000034
177432365.1658,249903.59999999797,228846.80000000034
177432367.1658,249903.59999999797,228846.80000000034
177432369.1658,249903.59999999797,228846.80000000034
177432371.1658,249903.59999999797,228846.80000000034
177432373.1658,249903.59999999797,228846.80000000034
177432375.1658,249903.59999999797,228846.80000000034
177432377.1658,249903.59999999797,228846.80000000034
177432379.1658,249903.59999999797,228846.80000000034
177432381.1658,249903.59999999797,228846.80000000034
177432383.1658,249903.59999999797,228846.80000000034
177432385.1658,249903.59999999797,228846.80000000034
177432387.1658,249903.59999999797,228846.80000000034
177432389.1658,249903.59999999797,228846.80000000034
177432391.1658,249903.59999999797,228846.80000000034
177432393.1658,249903.59999999797,228846.80000000034
177432395.1658,249903.59999999797,228846.80000000034
177432397.1658,249903.59999999797,228846.80000000034
177432399.1658,249903.59999999797,228846.80000000034
177432401.1658,249903.59999999797,228846.80000000034
177432403.1658,249903.59999999797,228846.80000000034
177432405.1658,249903.59999999797,228846.70000000033
177432407.1658,249903.59999999797,228846.70000000033
177432409.1658,249903.59999999797,228846.70000000033
177432411.1658,249903.59999999797,228846.70000000033
177432413.1658,249903.59999999797,228846.70000000033
177432415.1658,249903.59999999797,228846.70000000033
177432417.1658,249903.59999999797,228846.70000000033
177432419.1658,249903.59999999797,228846.70000000033
177432421.1658,249903.59999999797,228846.70000000033
177432423.1658,249903.59999999797,228846.70000000033
177432425.1658,249903.59999999797,228846.70000000033
177432427.1658,249903.59999999797,228846.70000000033
177432429.1658,249903.59999999797,228846.70000000033
177432431.1658,249903.59999999797,228846.70000000033
177432433.1658,249903.59999999797,228846.70000000033
177432435.1658,249903.59999999797,228846.70000000033
177432437.1658,249903.59999999797,228846.70000000033
177432439.1658,249903.59999999797,228846.70000000033
177432441.1658,249903.59999999797,228846.70000000033
177432443.1658,249903.59999999797,228846.70000000033
177432445.1658,249903.59999999797,228846.70000000033
177432447.1658,249903.59999999797,228846.70000000033
177432449.1658,249903.59999999797,228846.70000000033
177432451.1658,249903.59999999797,228846.70000000033
177432453.1658,249903.59999999797,228846.70000000033
177432455.1658,249903.59999999797,228846.70000000033
177432457.1658,249903.59999999797,228846.70000000033
177432459.1658,249903.59999999797,228846.70000000033
177432461.1658,249903.59999999797,228846.70000000033
177432463.1658,249903.59999999797,228846.70000000033
177432465.1658,249903.59999999797,228846.70000000033
177432467.1658,249903.59999999797,228846.70000000033
177432469.1658,249903.59999999797,228846.70000000033
177432471.1658,249903.59999999797,228846.70000000033
177432473.1658,249903.59999999797,228846.70000000033
177432475.1658,249903.59999999797,228846.70000000033
177432477.1658,249903.59999999797,228846.70000000033
177432479.1658,249903.59999999797,228846.70000000033
177432481.1658,249903.59999999797,228846.70000000033
177432483.1658,249903.59999999797,228846.70000000033
177432485.1658,249903.59999999797,228846.70000000033
177432487.1658,249903.59999999797,228846.70000000033
177432489.1658,249903.59999999797,228846.70000000033
177432491.1658,249903.59999999797,228846.70000000033
177432493.1658,249903.59999999797,228846.80000000034
177432495.1658,249903.59999999797,228846.80000000034
177432497.1658,249903.59999999797,228846.80000000034
177432499.1658,249903.59999999797,228846.80000000034
177432501.1658,249903.59999999797,228846.80000000034
177432503.1658,249903.59999999797,228846.70000000033
177432505.1658,249903.59999999797,228846.70000000033
177432507.1658,249903.59999999797,228846.70000000033
177432509.1658,249903.59999999797,228846.70000000033
177432511.1658,249903.59999999797,228846.70000000033
177432513.1658,249903.59999999797,228846.70000000033
177432515.1658,249903.59999999797,228846.70000000033
177432517.1658,249903.59999999797,228846.70000000033
177432519.1658,249903.59999999797,228846.70000000033
177432521.1658,249903.59999999797,228846.70000000033
177432523.1658,249903.59999999797,228846.80000000034
177432525.1658,249903.59999999797,228846.80000000034
177432527.1658,249903.59999999797,228846.80000000034
177432529.1658,249903.59999999797,228846.80000000034
177432531.1658,249903.59999999797,228846.80000000034
177432533.1658,249903.59999999797,228846.80000000034
177432535.1658,249903.59999999797,228846.80000000034
177432537.1658,249903.59999999797,228846.80000000034
177432539.1658,249903.59999999797,228846.80000000034
177432541.1658,249903.59999999797,228846.80000000034
177432543.1658,249903.59999999797,228846.80000000034
177432545.1658,249903.59999999797,228846.80000000034
177432547.1658,249903.59999999797,228846.80000000034
177432549.1658,249903.59999999797,228846.80000000034
177432551.1658,249903.59999999797,228846.80000000034
177432553.1658,249903.59999999797,228846.80000000034
177432555.1658,249903.59999999797,228846.80000000034
177432557.1658,249903.59999999797,228846.80000000034
177432559.1658,249903.59999999797,228846.80000000034
177432561.1658,249903.59999999797,228846.80000000034
177432563.1658,249903.59999999797,228846.80000000034
177432565.1658,249903.59999999797,228846.80000000034
177432567.1658,249903.59999999797,228846.80000000034
177432569.1658,249903.59999999797,228846.80000000034
177432571.1658,249903.59999999797,228846.80000000034
177432573.1658,249903.59999999797,228846.80000000034
177432575.1658,249903.59999999797,228846.80000000034
177432577.1658,249903.59999999797,228846.80000000034
177432579.1658,249903.59999999797,228846.80000000034
177432581.1658,249903.59999999797,228846.80000000034
177432583.1658,249903.59999999797,228846.80000000034
177432585.1658,249903.59999999797,228846.80000000034
177432587.1658,249903.59999999797,228846.80000000034
177432589.1658,249903.59999999797,228846.80000000034
177432591.1658,249903.59999999797,228846.80000000034
177432593.1658,249903.59999999797,228846.80000000034
177432595.1658,249903.59999999797,228846.80000000034
177432597.1658,249903.59999999797,228846.80000000034
177432599.1658,249903.59999999797,228846.80000000034
177432601.1658,249903.49999999796,228846.80000000034
177432603.1658,249903.49999999796,228846.80000000034
177432605.1658,249903.49999999796,228846.80000000034
177432607.1658,249903.49999999796,228846.80000000034
177432609.1658,249903.49999999796,228846.80000000034
177432611.1658,249903.49999999796,228846.80000000034
177432613.1658,249903.49999999796,228846.80000000034
177432615.1658,249903.49999999796,228846.80000000034
177432617.2658,249903.49999999796,228846.80000000034
177432619.1658,249903.49999999796,228846.80000000034
177432621.1658,249903.49999999796,228846.80000000034
177432623.1658,249903.49999999796,228846.70000000033
177432625.1658,249903.49999999796,228846.70000000033
177432627.1658,249903.49999999796,228846.70000000033
177432629.1658,249903.49999999796,228846.70000000033
177432631.1658,249903.49999999796,228846.70000000033
177432633.1658,249903.49999999796,228846.70000000033
177432635.1658,249903.49999999796,228846.70000000033
177432637.1658,249903.49999999796,228846.70000000033
177432639.1658,249903.49999999796,228846.70000000033
177432641.1658,249903.49999999796,228846.70000000033
177432643.1658,249903.49999999796,228846.70000000033
177432645.1658,249903.49999999796,228846.70000000033
177432647.1658,249903.49999999796,228846.70000000033
177432649.1658,249903.49999999796,228846.70000000033
177432651.1658,249903.49999999796,228846.70000000033
177432653.1658,249903.59999999797,228846.70000000033
177432655.1658,249903.59999999797,228846.70000000033
177432657.1658,249903.59999999797,228846.70000000033
177432659.1658,249903.59999999797,228846.70000000033
177432661.1658,249903.59999999797,228846.70000000033
177432663.1658,249903.59999999797,228846.70000000033
177432665.1658,249903.59999999797,228846.70000000033
177432667.1658,249903.59999999797,228846.70000000033
177432669.1658,249903.59999999797,228846.70000000033
177432671.1658,249903.59999999797,228846.70000000033
177432673.1658,249903.59999999797,228846.70000000033
177432675.1658,249903.59999999797,228846.70000000033
177432677.1658,249903.59999999797,228846.70000000033
177432679.1658,249903.59999999797,228846.70000000033
177432681.1658,249903.59999999797,228846.70000000033
177432683.1658,249903.59999999797,228846.70000000033
177432685.1658,249903.59999999797,228846.70000000033
177432687.1658,249903.59999999797,228846.70000000033
177432689.1658,249903.59999999797,228846.70000000033
177432691.1658,249903.59999999797,228846.70000000033
177432693.1658,249903.59999999797,228846.70000000033
177432695.1658,249903.59999999797,228846.80000000034
177432697.1658,249903.59999999797,228846.80000000034
177432699.1658,249903.59999999797,228846.80000000034
177432701.1658,249903.59999999797,228846.80000000034
177432703.1658,249903.59999999797,228846.70000000033
177432705.1658,249903.59999999797,228846.70000000033
177432707.1658,249903.59999999797,228846.70000000033
177432709.1658,249903.59999999797,228846.70000000033
177432711.1658,249903.59999999797,228846.70000000033
177432713.1658,249903.59999999797,228846.70000000033
177432715.1658,249903.59999999797,228846.70000000033
177432717.1658,249903.59999999797,228846.70000000033
177432719.1658,249903.59999999797,228846.70000000033
177432721.1658,249903.59999999797,228846.70000000033
177432723.1658,249903.59999999797,228846.70000000033
177432725.1658,249903.59999999797,228846.70000000033
177432727.1658,249903.59999999797,228846.70000000033
177432729.1658,249903.59999999797,228846.70000000033
177432731.1658,249903.59999999797,228846.70000000033
177432733.1658,249903.59999999797,228846.70000000033
177432735.1658,249903.59999999797,228846.70000000033
177432737.1658,249903.59999999797,228846.70000000033
177432739.1658,249903.59999999797,228846.70000000033
177432741.1658,249903.59999999797,228846.70000000033
177432743.1658,249903.59999999797,228846.70000000033
177432745.1658,249903.59999999797,228846.70000000033
177432747.1658,249903.59999999797,228846.70000000033
177432749.1658,249903.59999999797,228846.70000000033
177432751.1658,249903.59999999797,228846.70000000033
177432753.1658,249903.59999999797,228846.70000000033
177432755.1658,249903.59999999797,228846.70000000033
177432757.1658,249903.59999999797,228846.70000000033
177432759.1658,249903.59999999797,228846.70000000033
177432761.1658,249903.59999999797,228846.70000000033
177432763.1658,249903.59999999797,228846.70000000033
177432765.1658,249903.59999999797,228846.70000000033
177432767.1658,249903.59999999797,228846.70000000033
177432769.1658,249903.59999999797,228846.70000000033
177432771.1658,249903.59999999797,228846.70000000033
177432773.1658,249903.59999999797,228846.70000000033
177432775.1658,249903.59999999797,228846.70000000033
177432777.1658,249903.59999999797,228846.70000000033
177432779.1658,249903.59999999797,228846.70000000033
177432781.1658,249903.59999999797,228846.70000000033
177432783.1658,249903.59999999797,228846.70000000033
177432785.1658,249903.59999999797,228846.70000000033
177432787.1658,249903.59999999797,228846.70000000033
177432789.1658,249903.59999999797,228846.70000000033
177432791.1658,249903.59999999797,228846.70000000033
177432793.1658,249903.59999999797,228846.70000000033
177432795.1658,249903.59999999797,228846.70000000033
177432797.1658,249903.59999999797,228846.70000000033
177432799.1658,249903.59999999797,228846.70000000033
177432801.1658,249903.59999999797,228846.70000000033
177432803.1658,249903.59999999797,228846.70000000033
177432805.1658,249903.59999999797,228846.70000000033
177432807.1658,249903.59999999797,228846.70000000033
177432809.1658,249903.59999999797,228846.70000000033
177432811.1658,249903.59999999797,228846.70000000033
177432813.1658,249903.59999999797,228846.70000000033
177432815.1658,249903.59999999797,228846.70000000033
177432817.1658,249903.59999999797,228846.70000000033
177432819.1658,249903.59999999797,228846.70000000033
177432821.1658,249903.59999999797,228846.70000000033
177432823.1658,249903.59999999797,228846.70000000033
177432825.1658,249903.59999999797,228846.70000000033
177432827.1658,249903.59999999797,228846.70000000033
177432829.1658,249903.59999999797,228846.70000000033
177432831.1658,249903.59999999797,228846.70000000033
177432833.1658,249903.59999999797,228846.70000000033
177432835.1658,249903.59999999797,228846.70000000033
177432837.1658,249903.59999999797,228846.70000000033
177432839.1658,249903.59999999797,228846.70000000033
177432841.1658,249903.59999999797,228846.70000000033
177432843.1658,249903.59999999797,228846.70000000033
177432845.1658,249903.59999999797,228846.70000000033
177432847.1658,249903.59999999797,228846.70000000033
177432849.1658,249903.59999999797,228846.70000000033
177432851.1658,249903.59999999797,228846.70000000033
177432853.1658,249903.59999999797,228846.70000000033
177432855.1658,249903.59999999797,228846.70000000033
177432857.1658,249903.59999999797,228846.70000000033
177432859.1658,249903.59999999797,228846.70000000033
177432861.1658,249903.59999999797,228846.70000000033
177432863.1658,249903.59999999797,228846.70000000033
177432865.1658,249903.59999999797,228846.70000000033
177432867.1658,249903.59999999797,228846.70000000033
177432869.1658,249903.59999999797,228846.70000000033
177432871.1658,249903.59999999797,228846.70000000033
177432873.1658,249903.59999999797,228846.70000000033
177432875.1658,249903.59999999797,228846.70000000033
177432877.1658,249903.59999999797,228846.70000000033
177432879.1658,249903.59999999797,228846.70000000033
177432881.1658,249903.59999999797,228846.70000000033
177432883.1658,249903.59999999797,228846.70000000033
177432885.1658,249903.59999999797,228846.70000000033
177432887.1658,249903.59999999797,228846.70000000033
177432889.1658,249903.49999999796,228846.70000000033
177432891.1658,249903.49999999796,228846.70000000033
177432893.1658,249903.49999999796,228846.70000000033
177432895.1658,249903.39999999796,228846.70000000033
177432897.1658,249903.39999999796,228846.70000000033
177432899.1658,249903.29999999795,228846.70000000033
177432901.1658,249903.29999999795,228846.70000000033
177432903.1658,249903.29999999795,228846.70000000033
177432905.1658,249903.29999999795,228846.70000000033
177432907.1658,249903.29999999795,228846.70000000033
177432909.1658,249903.29999999795,228846.70000000033
177432911.1658,249903.29999999795,228846.70000000033
177432913.1658,249903.29999999795,228846.70000000033
177432915.1658,249903.29999999795,228846.70000000033
177432917.1658,249903.29999999795,228846.70000000033
177432919.1658,249903.29999999795,228846.70000000033
177432921.1658,249903.29999999795,228846.70000000033
177432923.1658,249903.29999999795,228846.70000000033
177432925.1658,249903.29999999795,228846.70000000033
177432927.1658,249903.29999999795,228846.70000000033
177432929.1658,249903.29999999795,228846.70000000033
177432931.1658,249903.29999999795,228846.70000000033
177432933.1658,249903.29999999795,228846.70000000033
177432935.1658,249903.29999999795,228846.70000000033
177432937.1658,249903.29999999795,228846.70000000033
177432939.1658,249903.29999999795,228846.70000000033
177432941.1658,249903.29999999795,228846.70000000033
177432943.1658,249903.29999999795,228846.70000000033
177432945.1658,249903.29999999795,228846.70000000033
177432947.1658,249903.29999999795,228846.70000000033
177432949.1658,249903.29999999795,228846.70000000033
177432951.1658,249903.29999999795,228846.70000000033
177432953.1658,249903.29999999795,228846.70000000033
177432955.1658,249903.29999999795,228846.70000000033
177432957.1658,249903.29999999795,228846.70000000033
177432959.1658,249903.29999999795,228846.70000000033
177432961.1658,249903.29999999795,228846.70000000033
177432963.1658,249903.29999999795,228846.70000000033
177432965.1658,249903.29999999795,228846.70000000033
177432967.1658,249903.29999999795,228846.70000000033
177432969.1658,249903.29999999795,228846.70000000033
177432971.1658,249903.29999999795,228846.70000000033
177432973.1658,249903.29999999795,228846.70000000033
177432975.1658,249903.29999999795,228846.70000000033
177432977.1658,249903.29999999795,228846.70000000033
177432979.1658,249903.29999999795,228846.70000000033
177432981.1658,249903.29999999795,228846.70000000033
177432983.1658,249903.29999999795,228846.70000000033
177432985.1658,249903.29999999795,228846.70000000033
177432987.1658,249903.29999999795,228846.70000000033
177432989.1658,249903.39999999796,228846.70000000033
177432991.1658,249903.29999999795,228846.70000000033
177432993.1658,249903.29999999795,228846.70000000033
177432995.1658,249903.29999999795,228846.70000000033
177432997.1658,249903.29999999795,228846.70000000033
177432999.1658,249903.29999999795,228846.70000000033
177433001.1658,249903.29999999795,228846.70000000033
177433003.1658,249903.29999999795,228846.70000000033
177433005.1658,249903.29999999795,228846.70000000033
177433007.1658,249903.29999999795,228846.70000000033
177433009.1658,249903.29999999795,228846.70000000033
177433011.1658,249903.29999999795,228846.70000000033
177433013.1658,249903.19999999795,228846.70000000033
177433015.1658,249903.19999999795,228846.70000000033
177433017.1658,249903.19999999795,228846.70000000033
177433019.1658,249903.19999999795,228846.70000000033
177433021.1658,249903.19999999795,228846.70000000033
177433023.1658,249903.19999999795,228846.70000000033
177433025.1658,249903.19999999795,228846.70000000033
177433027.1658,249903.19999999795,228846.70000000033
177433029.1658,249903.19999999795,228846.70000000033
177433031.1658,249903.19999999795,228846.80000000034
177433033.1658,249903.19999999795,228846.80000000034
177433035.1658,249903.19999999795,228846.80000000034
177433037.1658,249903.19999999795,228846.80000000034
177433039.1658,249903.19999999795,228846.80000000034
177433041.1658,249903.19999999795,228846.80000000034
177433043.1658,249903.19999999795,228846.80000000034
177433045.1658,249903.19999999795,228846.80000000034
177433047.1658,249903.19999999795,228846.80000000034
177433049.1658,249903.19999999795,228846.80000000034
177433051.1658,249903.19999999795,228846.80000000034
177433053.1658,249903.19999999795,228846.80000000034
177433055.1658,249903.19999999795,228846.80000000034
177433057.1658,249903.19999999795,228846.80000000034
177433059.1658,249903.09999999794,228846.80000000034
177433061.1658,249903.09999999794,228846.80000000034
177433063.1658,249903.19999999795,228846.80000000034
177433065.1658,249903.19999999795,228846.80000000034
177433067.1658,249903.19999999795,228846.80000000034
177433069.1658,249903.19999999795,228846.80000000034
177433071.1658,249903.19999999795,228846.80000000034
177433073.1658,249903.19999999795,228846.80000000034
177433075.1658,249903.19999999795,228846.80000000034
177433077.1658,249903.19999999795,228846.80000000034
177433079.1658,249903.19999999795,228846.80000000034
177433081.1658,249903.19999999795,228846.80000000034
177433083.1658,249903.19999999795,228846.80000000034
177433085.1658,249903.19999999795,228846.80000000034
177433087.1658,249903.19999999795,228846.80000000034
177433089.1658,249903.19999999795,228846.80000000034
177433091.1658,249903.19999999795,228846.90000000034
177433093.1658,249903.09999999794,228846.80000000034
177433095.1658,249903.09999999794,228846.80000000034
177433097.1658,249903.09999999794,228846.80000000034
177433099.1658,249903.09999999794,228846.80000000034
177433101.1658,249903.09999999794,228846.80000000034
177433103.1658,249903.09999999794,228846.80000000034
177433105.1658,249903.09999999794,228846.80000000034
177433107.1658,249903.09999999794,228846.80000000034
177433109.1658,249903.09999999794,228846.80000000034
177433111.1658,249903.09999999794,228846.80000000034
177433113.1658,249903.09999999794,228846.80000000034
177433115.1658,249903.09999999794,228846.80000000034
177433117.1658,249903.09999999794,228846.90000000034
177433119.1658,249903.09999999794,228846.90000000034
177433121.1658,249903.09999999794,228846.90000000034
177433123.1658,249903.09999999794,228846.90000000034
177433125.1658,249903.09999999794,228846.90000000034
177433127.1658,249903.09999999794,228846.90000000034
177433129.1658,249903.09999999794,228846.90000000034
177433131.1658,249903.09999999794,228847.00000000035
177433133.1658,249903.09999999794,228847.00000000035
177433135.1658,249903.09999999794,228847.10000000036
177433137.1658,249903.09999999794,228847.10000000036
177433139.1658,249903.09999999794,228847.10000000036
177433141.1658,249903.09999999794,228847.10000000036
177433143.1658,249903.09999999794,228847.10000000036
177433145.1658,249903.19999999795,228847.10000000036
177433147.1658,249903.19999999795,228847.20000000036
177433149.1658,249903.09999999794,228847.20000000036
177433151.1658,249903.09999999794,228847.20000000036
177433153.1658,249903.09999999794,228847.20000000036
177433155.1658,249903.09999999794,228847.30000000037
177433157.1658,249903.09999999794,228847.30000000037
177433159.1658,249903.09999999794,228847.30000000037
177433161.1658,249903.09999999794,228847.30000000037
177433163.1658,249903.09999999794,228847.30000000037
177433165.1658,249903.09999999794,228847.30000000037
177433167.1658,249903.09999999794,228847.30000000037
177433169.1658,249903.09999999794,228847.30000000037
177433171.1658,249903.09999999794,228847.30000000037
177433173.1658,249903.09999999794,228847.30000000037
177433175.1658,249903.09999999794,228847.30000000037
177433177.1658,249903.09999999794,228847.30000000037
177433179.1658,249903.09999999794,228847.30000000037
177433181.1658,249903.09999999794,228847.30000000037
177433183.1658,249903.09999999794,228847.30000000037
177433185.1658,249903.09999999794,228847.30000000037
177433187.1658,249903.09999999794,228847.30000000037
177433189.1658,249903.09999999794,228847.30000000037
177433191.1658,249903.09999999794,228847.30000000037
177433193.1658,249903.09999999794,228847.30000000037
177433195.1658,249903.09999999794,228847.30000000037
177433197.1658,249903.09999999794,228847.30000000037
177433199.1658,249903.09999999794,228847.30000000037
177433201.1658,249903.09999999794,228847.30000000037
177433203.1658,249903.09999999794,228847.30000000037
177433205.1658,249903.09999999794,228847.30000000037
177433207.1658,249903.09999999794,228847.30000000037
177433209.1658,249903.09999999794,228847.30000000037
177433211.1658,249903.09999999794,228847.30000000037
177433213.1658,249903.09999999794,228847.30000000037
177433215.1658,249903.09999999794,228847.30000000037
177433217.1658,249903.09999999794,228847.30000000037
177433219.1658,249903.09999999794,228847.30000000037
177433221.1658,249903.09999999794,228847.30000000037
177433223.1658,249903.09999999794,228847.30000000037
177433225.1658,249903.09999999794,228847.30000000037
177433227.1658,249903.09999999794,228847.30000000037
177433229.1658,249903.09999999794,228847.30000000037
177433231.1658,249903.09999999794,228847.30000000037
177433233.1658,249903.09999999794,228847.30000000037
177433235.1658,249903.09999999794,228847.30000000037
177433237.1658,249903.09999999794,228847.30000000037
177433239.1658,249902.99999999793,228847.30000000037
177433241.1658,249902.99999999793,228847.30000000037
177433243.1658,249902.99999999793,228847.30000000037
177433245.1658,249902.99999999793,228847.30000000037
177433247.1658,249902.99999999793,228847.30000000037
177433249.1658,249902.99999999793,228847.30000000037
177433251.1658,249902.99999999793,228847.30000000037
177433253.1658,249902.99999999793,228847.30000000037
177433255.1658,249902.99999999793,228847.30000000037
177433257.1658,249902.99999999793,228847.30000000037
177433259.1658,249902.99999999793,228847.30000000037
177433261.1658,249902.99999999793,228847.30000000037
177433263.1658,249902.89999999793,228847.30000000037
177433265.1658,249902.89999999793,228847.30000000037
177433267.1658,249902.89999999793,228847.30000000037
177433269.1658,249902.89999999793,228847.30000000037
177433271.1658,249902.89999999793,228847.30000000037
177433273.1658,249902.89999999793,228847.30000000037
177433275.1658,249902.89999999793,228847.30000000037
177433277.1658,249902.89999999793,228847.30000000037
177433279.1658,249902.89999999793,228847.30000000037
177433281.1658,249902.89999999793,228847.30000000037
177433283.1658,249902.89999999793,228847.30000000037
177433285.1658,249902.89999999793,228847.30000000037
177433287.1658,249902.89999999793,228847.40000000037
177433289.1658,249902.89999999793,228847.40000000037
177433291.1658,249902.89999999793,228847.40000000037
177433293.1658,249902.89999999793,228847.40000000037
177433295.2658,249902.89999999793,228847.30000000037
177433297.1658,249902.89999999793,228847.30000000037
177433299.1658,249902.89999999793,228847.30000000037
177433301.1658,249902.89999999793,228847.30000000037
177433303.1658,249902.89999999793,228847.30000000037
177433305.1658,249902.89999999793,228847.30000000037
177433307.1658,249902.89999999793,228847.30000000037
177433309.1658,249902.89999999793,228847.30000000037
177433311.1658,249902.89999999793,228847.30000000037
177433313.1658,249902.89999999793,228847.30000000037
177433315.1658,249902.89999999793,228847.30000000037
177433317.1658,249902.89999999793,228847.30000000037
177433319.1658,249902.89999999793,228847.30000000037
177433321.1658,249902.89999999793,228847.30000000037
177433323.1658,249902.89999999793,228847.30000000037
177433325.1658,249902.89999999793,228847.30000000037
177433327.1658,249902.89999999793,228847.30000000037
177433329.1658,249902.79999999792,228847.30000000037
177433331.1658,249902.79999999792,228847.30000000037
177433333.1658,249902.79999999792,228847.30000000037
177433335.1658,249902.79999999792,228847.30000000037
177433337.1658,249902.79999999792,228847.30000000037
177433339.1658,249902.79999999792,228847.30000000037
177433341.1658,249902.79999999792,228847.30000000037
177433343.1658,249902.79999999792,228847.30000000037
177433345.1658,249902.79999999792,228847.30000000037
177433347.1658,249902.79999999792,228847.30000000037
177433349.1658,249902.79999999792,228847.30000000037
177433351.1658,249902.79999999792,228847.30000000037
177433353.1658,249902.79999999792,228847.30000000037
177433355.1658,249902.79999999792,228847.30000000037
177433357.1658,249902.79999999792,228847.30000000037
177433359.1658,249902.89999999793,228847.30000000037
177433361.1658,249902.89999999793,228847.30000000037
177433363.1658,249902.89999999793,228847.30000000037
177433365.1658,249902.89999999793,228847.30000000037
177433367.1658,249902.89999999793,228847.30000000037
177433369.1658,249902.89999999793,228847.30000000037
177433371.1658,249902.79999999792,228847.30000000037
177433373.1658,249902.79999999792,228847.30000000037
177433375.1658,249902.69999999792,228847.30000000037
177433377.1658,249902.69999999792,228847.30000000037
177433379.1658,249902.69999999792,228847.30000000037
177433381.1658,249902.69999999792,228847.30000000037
177433383.1658,249902.69999999792,228847.30000000037
177433385.1658,249902.69999999792,228847.30000000037
177433387.1658,249902.69999999792,228847.30000000037
177433389.1658,249902.69999999792,228847.30000000037
177433391.1658,249902.69999999792,228847.30000000037
177433393.1658,249902.69999999792,228847.30000000037
177433395.1658,249902.69999999792,228847.30000000037
177433397.1658,249902.69999999792,228847.30000000037
177433399.1658,249902.69999999792,228847.30000000037
177433401.1658,249902.69999999792,228847.30000000037
177433403.1658,249902.69999999792,228847.30000000037
177433405.1658,249902.69999999792,228847.30000000037
177433407.1658,249902.69999999792,228847.30000000037
177433409.1658,249902.69999999792,228847.30000000037
177433411.1658,249902.69999999792,228847.30000000037
177433413.1658,249902.69999999792,228847.30000000037
177433415.1658,249902.69999999792,228847.30000000037
177433417.1658,249902.69999999792,228847.30000000037
177433419.1658,249902.69999999792,228847.30000000037
177433421.1658,249902.69999999792,228847.30000000037
177433423.1658,249902.69999999792,228847.30000000037
177433425.1658,249902.69999999792,228847.30000000037
177433427.1658,249902.69999999792,228847.30000000037
177433429.1658,249903.0999999979,228847.30000000037
177433431.1658,249903.0999999979,228847.30000000037
177433433.1658,249903.0999999979,228847.30000000037
177433435.1658,249903.0999999979,228847.30000000037
177433437.1658,249903.0999999979,228847.30000000037
177433439.1658,249903.0999999979,228847.30000000037
177433441.1658,249903.0999999979,228847.30000000037
177433443.1658,249903.0999999979,228847.30000000037
177433445.1658,249903.0999999979,228847.30000000037
177433447.1658,249903.0999999979,228847.30000000037
177433449.1658,249903.0999999979,228847.30000000037
177433451.1658,249903.0999999979,228847.30000000037
177433453.1658,249903.0999999979,228847.30000000037
177433455.1658,249903.0999999979,228847.30000000037
177433457.1658,249903.0999999979,228847.30000000037
177433459.1658,249903.0999999979,228847.30000000037
177433461.1658,249903.0999999979,228847.30000000037
177433463.1658,249903.0999999979,228847.30000000037
177433465.1658,249903.0999999979,228847.40000000037
177433467.1658,249903.0999999979,228847.30000000037
177433469.1658,249903.0999999979,228847.30000000037
177433471.1658,249903.0999999979,228847.30000000037
177433473.1658,249903.0999999979,228847.30000000037
177433475.1658,249903.0999999979,228847.30000000037
177433477.1658,249903.0999999979,228847.30000000037
177433479.1658,249903.0999999979,228847.30000000037
177433481.1658,249903.0999999979,228847.30000000037
177433483.1658,249903.0999999979,228847.30000000037
177433485.1658,249903.0999999979,228847.30000000037
177433487.1658,249903.0999999979,228847.30000000037
177433489.1658,249903.0999999979,228847.30000000037
177433491.1658,249903.0999999979,228847.30000000037
177433493.1658,249903.0999999979,228847.30000000037
177433495.1658,249903.0999999979,228847.30000000037
177433497.1658,249903.0999999979,228847.30000000037
177433499.1658,249903.0999999979,228847.30000000037
177433501.1658,249903.0999999979,228847.30000000037
177433503.1658,249903.0999999979,228847.30000000037
177433505.1658,249903.0999999979,228847.30000000037
177433507.1658,249903.0999999979,228847.30000000037
177433509.1658,249903.0999999979,228847.30000000037
177433511.1658,249903.0999999979,228847.30000000037
177433513.1658,249903.0999999979,228847.40000000037
177433515.1658,249903.0999999979,228847.40000000037
177433517.1658,249903.0999999979,228847.40000000037
177433519.1658,249903.0999999979,228847.40000000037
177433521.1658,249903.0999999979,228847.40000000037
177433523.1658,249903.0999999979,228847.40000000037
177433525.1658,249903.0999999979,228847.40000000037
177433527.1658,249903.0999999979,228847.40000000037
177433529.1658,249903.0999999979,228847.40000000037
177433531.1658,249903.0999999979,228847.40000000037
177433533.1658,249903.0999999979,228847.40000000037
177433535.1658,249903.0999999979,228847.40000000037
177433537.1658,249903.0999999979,228847.30000000037
177433539.1658,249903.0999999979,228847.30000000037
177433541.1658,249902.9999999979,228847.30000000037
177433543.1658,249902.9999999979,228847.30000000037
177433545.1658,249902.9999999979,228847.30000000037
177433547.1658,249902.9999999979,228847.30000000037
177433549.1658,249902.9999999979,228847.30000000037
177433551.1658,249902.9999999979,228847.30000000037
177433553.1658,249902.9999999979,228847.30000000037
177433555.1658,249902.9999999979,228847.30000000037
177433557.1658,249902.9999999979,228847.30000000037
177433559.1658,249902.9999999979,228847.30000000037
177433561.1658,249902.9999999979,228847.30000000037
177433563.1658,249902.9999999979,228847.30000000037
177433565.1658,249902.9999999979,228847.30000000037
177433567.1658,249902.9999999979,228847.30000000037
177433569.1658,249902.9999999979,228847.30000000037
177433571.1658,249902.9999999979,228847.30000000037
177433573.1658,249902.8999999979,228847.30000000037
177433575.1658,249902.8999999979,228847.30000000037
177433577.1658,249902.7999999979,228847.30000000037
177433579.1658,249902.7999999979,228847.30000000037
177433581.1658,249902.7999999979,228847.30000000037
177433583.1658,249902.7999999979,228847.40000000037
177433585.1658,249902.7999999979,228847.40000000037
177433587.1658,249902.7999999979,228847.40000000037
177433589.1658,249902.7999999979,228847.40000000037
177433591.1658,249902.7999999979,228847.40000000037
177433593.1658,249902.7999999979,228847.40000000037
177433595.1658,249902.7999999979,228847.40000000037
177433597.1658,249902.7999999979,228847.40000000037
177433599.1658,249902.7999999979,228847.40000000037
177433601.1658,249902.6999999979,228847.40000000037
177433603.1658,249902.6999999979,228847.40000000037
177433605.1658,249902.6999999979,228847.40000000037
177433607.1658,249902.6999999979,228847.40000000037
177433609.1658,249902.6999999979,228847.40000000037
177433611.1658,249902.6999999979,228847.40000000037
177433613.1658,249902.6999999979,228847.40000000037
177433615.1658,249902.6999999979,228847.40000000037
177433617.1658,249902.6999999979,228847.40000000037
177433619.1658,249902.6999999979,228847.40000000037
177433621.1658,249902.6999999979,228847.40000000037
177433623.1658,249902.6999999979,228847.40000000037
177433625.1658,249902.6999999979,228847.40000000037
177433627.1658,249902.6999999979,228847.40000000037
177433629.1658,249902.6999999979,228847.40000000037
177433631.1658,249902.6999999979,228847.40000000037
177433633.1658,249902.6999999979,228847.40000000037
177433635.1658,249902.6999999979,228847.40000000037
177433637.1658,249902.6999999979,228847.40000000037
177433639.1658,249902.6999999979,228847.40000000037
177433641.1658,249902.6999999979,228847.30000000037
177433643.1658,249902.6999999979,228847.30000000037
177433645.1658,249902.6999999979,228847.30000000037
177433647.1658,249902.6999999979,228847.30000000037
177433649.1658,249902.6999999979,228847.30000000037
177433651.1658,249902.6999999979,228847.30000000037
177433653.1658,249902.6999999979,228847.30000000037
177433655.1658,249902.6999999979,228847.30000000037
177433657.1658,249902.6999999979,228847.30000000037
177433659.1658,249902.6999999979,228847.30000000037
177433661.1658,249902.6999999979,228847.30000000037
177433663.1658,249902.6999999979,228847.30000000037
177433665.1658,249902.6999999979,228847.30000000037
177433667.1658,249902.6999999979,228847.30000000037
177433669.1658,249902.6999999979,228847.30000000037
177433671.1658,249902.6999999979,228847.30000000037
177433673.1658,249902.6999999979,228847.30000000037
177433675.1658,249902.6999999979,228847.30000000037
177433677.1658,249902.6999999979,228847.30000000037
177433679.1658,249902.6999999979,228847.30000000037
177433681.1658,249902.59999999788,228847.30000000037
177433683.1658,249902.49999999788,228847.30000000037
177433685.1658,249902.39999999787,228847.30000000037
177433687.1658,249902.39999999787,228847.30000000037
177433689.1658,249902.39999999787,228847.30000000037
177433691.1658,249902.39999999787,228847.30000000037
177433693.1658,249902.39999999787,228847.30000000037
177433695.1658,249902.39999999787,228847.40000000037
177433697.1658,249902.39999999787,228847.40000000037
177433699.1658,249902.39999999787,228847.40000000037
177433701.1658,249902.39999999787,228847.40000000037
177433703.1658,249902.39999999787,228847.40000000037
177433705.1658,249902.39999999787,228847.40000000037
177433707.1658,249902.39999999787,228847.40000000037
177433709.1658,249902.39999999787,228847.40000000037
177433711.1658,249902.39999999787,228847.40000000037
177433713.1658,249902.39999999787,228847.40000000037
177433715.1658,249902.39999999787,228847.40000000037
177433717.1658,249902.39999999787,228847.40000000037
177433719.1658,249902.39999999787,228847.40000000037
177433721.1658,249902.39999999787,228847.40000000037
177433723.1658,249902.39999999787,228847.40000000037
177433725.1658,249902.29999999786,228847.40000000037
177433727.1658,249902.39999999787,228847.40000000037
177433729.1658,249902.39999999787,228847.40000000037
177433731.1658,249902.39999999787,228847.40000000037
177433733.1658,249902.39999999787,228847.40000000037
177433735.1658,249902.39999999787,228847.40000000037
177433737.1658,249902.39999999787,228847.40000000037
177433739.1658,249902.39999999787,228847.40000000037
177433741.1658,249902.39999999787,228847.40000000037
177433743.1658,249902.39999999787,228847.40000000037
177433745.1658,249902.39999999787,228847.40000000037
177433747.1658,249902.39999999787,228847.40000000037
177433749.1658,249902.39999999787,228847.40000000037
177433751.1658,249902.39999999787,228847.40000000037
177433753.1658,249902.39999999787,228847.40000000037
177433755.1658,249902.39999999787,228847.40000000037
177433757.1658,249902.39999999787,228847.40000000037
177433759.1658,249902.39999999787,228847.40000000037
177433761.1658,249902.39999999787,228847.40000000037
177433763.1658,249902.39999999787,228847.40000000037
177433765.1658,249902.39999999787,228847.40000000037
177433767.1658,249902.39999999787,228847.40000000037
177433769.1658,249902.39999999787,228847.40000000037
177433771.1658,249902.39999999787,228847.40000000037
177433773.1658,249902.39999999787,228847.40000000037
177433775.1658,249902.39999999787,228847.40000000037
177433777.1658,249902.39999999787,228847.40000000037
177433779.1658,249902.39999999787,228847.40000000037
177433781.1658,249902.49999999788,228847.40000000037
177433783.1658,249902.49999999788,228847.40000000037
177433785.1658,249902.49999999788,228847.40000000037
177433787.1658,249902.49999999788,228847.40000000037
177433789.1658,249902.49999999788,228847.40000000037
177433791.1658,249902.49999999788,228847.40000000037
177433793.1658,249902.49999999788,228847.40000000037
177433795.1658,249902.49999999788,228847.40000000037
177433797.1658,249902.49999999788,228847.40000000037
177433799.1658,249902.49999999788,228847.40000000037
177433801.1658,249902.49999999788,228847.40000000037
177433803.1658,249902.49999999788,228847.40000000037
177433805.1658,249902.49999999788,228847.40000000037
177433807.1658,249902.49999999788,228847.40000000037
177433809.1658,249902.49999999788,228847.40000000037
177433811.1658,249902.49999999788,228847.40000000037
177433813.1658,249902.49999999788,228847.40000000037
177433815.1658,249902.49999999788,228847.40000000037
177433817.1658,249902.49999999788,228847.40000000037
177433819.1658,249902.49999999788,228847.40000000037
177433821.1658,249902.49999999788,228847.40000000037
177433823.1658,249902.49999999788,228847.40000000037
177433825.1658,249902.49999999788,228847.40000000037
177433827.1658,249902.39999999787,228847.40000000037
177433829.1658,249902.39999999787,228847.40000000037
177433831.1658,249902.39999999787,228847.40000000037
177433833.1658,249902.39999999787,228847.40000000037
177433835.1658,249902.39999999787,228847.40000000037
177433837.1658,249902.39999999787,228847.40000000037
177433839.1658,249902.39999999787,228847.30000000037
177433841.1658,249902.39999999787,228847.30000000037
177433843.1658,249902.39999999787,228847.30000000037
177433845.1658,249902.39999999787,228847.30000000037
177433847.1658,249902.49999999788,228847.30000000037
177433849.1658,249902.49999999788,228847.30000000037
177433851.1658,249902.49999999788,228847.30000000037
177433853.1658,249902.49999999788,228847.30000000037
177433855.1658,249902.49999999788,228847.30000000037
177433857.1658,249902.49999999788,228847.30000000037
177433859.1658,249902.49999999788,228847.30000000037
177433861.1658,249902.49999999788,228847.30000000037
177433863.1658,249902.49999999788,228847.30000000037
177433865.1658,249902.49999999788,228847.30000000037
177433867.1658,249902.49999999788,228847.30000000037
177433869.1658,249902.49999999788,228847.30000000037
177433871.1658,249902.49999999788,228847.30000000037
177433873.1658,249902.49999999788,228847.30000000037
177433875.1658,249902.39999999787,228847.30000000037
177433877.1658,249902.39999999787,228847.30000000037
177433879.1658,249902.39999999787,228847.30000000037
177433881.1658,249902.39999999787,228847.30000000037
177433883.1658,249902.39999999787,228847.30000000037
177433885.1658,249902.39999999787,228847.30000000037
177433887.1658,249902.39999999787,228847.30000000037
177433889.1658,249902.39999999787,228847.30000000037
177433891.1658,249902.39999999787,228847.30000000037
177433893.1658,249902.39999999787,228847.30000000037
177433895.1658,249902.39999999787,228847.30000000037
177433897.1658,249902.39999999787,228847.30000000037
177433899.1658,249902.39999999787,228847.30000000037
177433901.1658,249902.39999999787,228847.30000000037
177433903.1658,249902.39999999787,228847.30000000037
177433905.1658,249902.39999999787,228847.30000000037
177433907.1658,249902.39999999787,228847.30000000037
177433909.1658,249902.39999999787,228847.30000000037
177433911.1658,249902.39999999787,228847.30000000037
177433913.1658,249902.39999999787,228847.30000000037
177433915.1658,249902.39999999787,228847.30000000037
177433917.1658,249902.39999999787,228847.30000000037
177433919.1658,249902.39999999787,228847.30000000037
177433921.1658,249902.29999999786,228847.30000000037
177433923.1658,249902.29999999786,228847.30000000037
177433925.1658,249902.29999999786,228847.30000000037
177433927.1658,249902.29999999786,228847.30000000037
177433929.1658,249902.19999999786,228847.30000000037
177433931.1658,249902.19999999786,228847.30000000037
177433933.1658,249902.19999999786,228847.30000000037
177433935.1658,249902.19999999786,228847.30000000037
177433937.1658,249902.19999999786,228847.30000000037
177433939.1658,249902.19999999786,228847.30000000037
177433941.1658,249902.19999999786,228847.30000000037
177433943.1658,249902.19999999786,228847.30000000037
177433945.1658,249902.19999999786,228847.30000000037
177433947.1658,249902.19999999786,228847.30000000037
177433949.1658,249902.19999999786,228847.30000000037
177433951.1658,249902.19999999786,228847.30000000037
177433953.1658,249902.19999999786,228847.30000000037
177433955.1658,249902.19999999786,228847.30000000037
177433957.1658,249902.19999999786,228847.30000000037
177433959.1658,249902.19999999786,228847.30000000037
177433961.1658,249902.19999999786,228847.30000000037
177433963.1658,249902.19999999786,228847.30000000037
177433965.1658,249902.19999999786,228847.30000000037
177433967.1658,249902.19999999786,228847.30000000037
177433969.1658,249902.19999999786,228847.30000000037
177433971.1658,249902.19999999786,228847.30000000037
177433973.1658,249902.19999999786,228847.30000000037
177433975.1658,249902.19999999786,228847.30000000037
177433977.1658,249902.19999999786,228847.30000000037
177433979.1658,249902.19999999786,228847.30000000037
177433981.1658,249902.19999999786,228847.30000000037
177433983.1658,249902.19999999786,228847.30000000037
177433985.1658,249902.19999999786,228847.30000000037
177433987.1658,249902.19999999786,228847.30000000037
177433989.1658,249902.19999999786,228847.30000000037
177433991.1658,249902.19999999786,228847.30000000037
177433993.1658,249902.19999999786,228847.30000000037
177433995.1658,249902.19999999786,228847.30000000037
177433997.1658,249902.19999999786,228847.30000000037
177433999.1658,249902.19999999786,228847.30000000037
177434001.1658,249902.19999999786,228847.30000000037
177434003.1658,249902.19999999786,228847.30000000037
177434005.1658,249902.19999999786,228847.40000000037
177434007.1658,249902.19999999786,228847.40000000037
177434009.1658,249902.19999999786,228847.40000000037
177434011.1658,249902.19999999786,228847.40000000037
177434013.1658,249902.19999999786,228847.40000000037
177434015.1658,249902.09999999785,228847.40000000037
177434017.1658,249902.09999999785,228847.40000000037
177434019.1658,249902.09999999785,228847.40000000037
177434021.1658,249902.09999999785,228847.40000000037
177434023.1658,249902.09999999785,228847.40000000037
177434025.1658,249902.09999999785,228847.40000000037
177434027.1658,249902.09999999785,228847.40000000037
177434029.1658,249902.09999999785,228847.40000000037
177434031.1658,249902.09999999785,228847.40000000037
177434033.1658,249902.09999999785,228847.40000000037
177434035.1658,249902.09999999785,228847.40000000037
177434037.1658,249902.09999999785,228847.40000000037
177434039.1658,249902.09999999785,228847.40000000037
177434041.1658,249901.99999999785,228847.40000000037
177434043.1658,249901.99999999785,228847.40000000037
177434045.1658,249901.99999999785,228847.40000000037
177434047.1658,249901.99999999785,228847.40000000037
177434049.1658,249901.99999999785,228847.40000000037
177434051.1658,249901.99999999785,228847.40000000037
177434053.1658,249901.99999999785,228847.40000000037
177434055.1658,249901.99999999785,228847.40000000037
177434057.1658,249901.99999999785,228847.40000000037
177434059.1658,249901.99999999785,228847.40000000037
177434061.1658,249901.99999999785,228847.40000000037
177434063.1658,249901.99999999785,228847.40000000037
177434065.1658,249901.99999999785,228847.40000000037
177434067.1658,249901.99999999785,228847.50000000038
177434069.1658,249901.99999999785,228847.50000000038
177434071.1658,249901.99999999785,228847.50000000038
177434073.1658,249901.99999999785,228847.50000000038
177434075.1658,249901.99999999785,228847.50000000038
177434077.1658,249901.99999999785,228847.50000000038
177434079.1658,249901.99999999785,228847.50000000038
177434081.1658,249901.99999999785,228847.50000000038
177434083.1658,249901.99999999785,228847.50000000038
177434085.1658,249901.99999999785,228847.50000000038
177434087.1658,249901.99999999785,228847.50000000038
177434089.1658,249901.99999999785,228847.50000000038
177434091.1658,249901.99999999785,228847.50000000038
177434093.1658,249901.99999999785,228847.50000000038
177434095.1658,249901.99999999785,228847.50000000038
177434097.1658,249901.99999999785,228847.50000000038
177434099.1658,249901.99999999785,228847.50000000038
177434101.1658,249901.99999999785,228847.50000000038
177434103.1658,249901.99999999785,228847.50000000038
177434105.1658,249901.99999999785,228847.50000000038
177434107.1658,249901.99999999785,228847.50000000038
177434109.1658,249901.99999999785,228847.50000000038
177434111.1658,249901.89999999784,228847.50000000038
177434113.1658,249901.79999999783,228847.50000000038
177434115.1658,249901.79999999783,228847.50000000038
177434117.1658,249901.69999999783,228847.50000000038
177434119.1658,249901.59999999782,228847.50000000038
177434121.1658,249901.59999999782,228847.50000000038
177434123.1658,249901.59999999782,228847.50000000038
177434125.1658,249901.59999999782,228847.50000000038
177434127.1658,249901.59999999782,228847.50000000038
177434129.1658,249901.59999999782,228847.50000000038
177434131.1658,249901.59999999782,228847.50000000038
177434133.1658,249901.59999999782,228847.50000000038
177434135.1658,249901.59999999782,228847.50000000038
177434137.1658,249901.59999999782,228847.50000000038
177434139.1658,249901.49999999782,228847.50000000038
177434141.1658,249901.49999999782,228847.50000000038
177434143.1658,249901.49999999782,228847.50000000038
177434145.1658,249901.49999999782,228847.50000000038
177434147.1658,249901.49999999782,228847.50000000038
177434149.1658,249901.49999999782,228847.50000000038
177434151.1658,249901.49999999782,228847.50000000038
177434153.1658,249901.49999999782,228847.40000000037
177434155.1658,249901.49999999782,228847.40000000037
177434157.1658,249901.49999999782,228847.40000000037
177434159.1658,249901.49999999782,228847.40000000037
177434161.1658,249901.49999999782,228847.40000000037
177434163.1658,249901.49999999782,228847.40000000037
177434165.1658,249901.49999999782,228847.40000000037
177434167.1658,249901.49999999782,228847.40000000037
177434169.1658,249901.49999999782,228847.40000000037
177434171.1658,249901.49999999782,228847.40000000037
177434173.1658,249901.49999999782,228847.40000000037
177434175.1658,249901.49999999782,228847.40000000037
177434177.1658,249901.49999999782,228847.40000000037
177434179.1658,249901.49999999782,228847.40000000037
177434181.1658,249901.49999999782,228847.40000000037
177434183.1658,249901.49999999782,228847.40000000037
177434185.1658,249901.49999999782,228847.40000000037
177434187.1658,249901.49999999782,228847.40000000037
177434189.1658,249901.49999999782,228847.40000000037
177434191.1658,249901.49999999782,228847.40000000037
177434193.1658,249901.49999999782,228847.40000000037
177434195.1658,249901.49999999782,228847.40000000037
177434197.1658,249901.49999999782,228847.40000000037
177434199.1658,249901.49999999782,228847.40000000037
177434201.1658,249901.49999999782,228847.40000000037
177434203.1658,249901.49999999782,228847.40000000037
177434205.1658,249901.49999999782,228847.40000000037
177434207.1658,249901.49999999782,228847.40000000037
177434209.1658,249901.49999999782,228847.40000000037
177434211.1658,249901.49999999782,229900.10000000038
177434213.1658,249901.49999999782,229900.10000000038
177434215.1658,249901.49999999782,229900.10000000038
177434217.1658,249901.49999999782,229900.10000000038
177434219.1658,249901.49999999782,228847.40000000037
177434221.1658,249901.49999999782,228847.40000000037
177434223.1658,249901.49999999782,228847.40000000037
177434225.1658,249901.49999999782,228847.40000000037
177434227.1658,249901.49999999782,228847.40000000037
177434229.1658,249901.49999999782,228847.40000000037
177434231.1658,249901.49999999782,228847.40000000037
177434233.1658,249901.49999999782,228847.40000000037
177434235.1658,249901.49999999782,228847.40000000037
177434237.1658,249901.49999999782,228847.40000000037
177434239.1658,249901.49999999782,228847.40000000037
177434241.1658,249901.59999999782,228847.40000000037
177434243.1658,249901.49999999782,228847.40000000037
177434245.1658,249901.3999999978,228847.40000000037
177434247.1658,249901.3999999978,228847.40000000037
177434249.1658,249901.3999999978,228847.40000000037
177434251.1658,249901.3999999978,228847.40000000037
177434253.1658,249901.3999999978,228847.40000000037
177434255.1658,249901.3999999978,228847.40000000037
177434257.1658,249901.3999999978,228847.40000000037
177434259.1658,249901.3999999978,228847.40000000037
177434261.1658,249901.3999999978,228847.40000000037
177434263.1658,249901.3999999978,228847.30000000037
177434265.1658,249901.2999999978,228847.30000000037
177434267.1658,249901.2999999978,228847.30000000037
177434269.1658,249901.2999999978,228847.30000000037
177434271.1658,249901.2999999978,228847.30000000037
177434273.1658,249901.2999999978,228847.30000000037
177434275.1658,249901.2999999978,228847.30000000037
177434277.1658,249901.2999999978,228847.30000000037
177434279.1658,249901.2999999978,228847.30000000037
177434281.1658,249901.2999999978,228847.30000000037
177434283.1658,249901.2999999978,228847.30000000037
177434285.1658,249901.2999999978,228847.30000000037
177434287.1658,249901.2999999978,228847.30000000037
177434289.1658,249901.2999999978,228847.30000000037
177434291.1658,249901.2999999978,228847.30000000037
177434293.1658,249901.2999999978,228847.30000000037
177434295.1658,249901.2999999978,228847.30000000037
177434297.1658,249901.2999999978,228847.30000000037
177434299.1658,249901.2999999978,228847.30000000037
177434301.1658,249901.1999999978,228847.30000000037
177434303.1658,249901.1999999978,228847.30000000037
177434305.1658,249901.1999999978,228847.30000000037
177434307.1658,249901.1999999978,228847.30000000037
177434309.1658,249901.1999999978,228847.30000000037
177434311.1658,249901.1999999978,228847.30000000037
177434313.1658,249901.1999999978,228847.30000000037
177434315.1658,249901.1999999978,228847.30000000037
177434317.1658,249901.1999999978,228847.30000000037
177434319.1658,249901.1999999978,228847.30000000037
177434321.1658,249901.1999999978,228847.30000000037
177434323.1658,249901.1999999978,228847.30000000037
177434325.1658,249901.1999999978,228847.30000000037
177434327.1658,249901.1999999978,228847.30000000037
177434329.1658,249901.1999999978,228847.30000000037
177434331.1658,249901.1999999978,228847.30000000037
177434333.1658,249901.1999999978,228847.30000000037
177434335.1658,249901.1999999978,228847.30000000037
177434337.1658,249901.1999999978,228847.30000000037
177434339.1658,249901.1999999978,228847.30000000037
177434341.1658,249901.1999999978,228847.30000000037
177434343.1658,249901.0999999978,228847.30000000037
177434345.1658,249901.0999999978,228847.30000000037
177434347.1658,249901.0999999978,228847.30000000037
177434349.1658,249900.9999999978,228847.30000000037
177434351.1658,249900.9999999978,228847.30000000037
177434353.1658,249900.9999999978,228847.30000000037
177434355.1658,249900.9999999978,228847.30000000037
177434357.1658,249900.9999999978,228847.30000000037
177434359.1658,249900.9999999978,228847.30000000037
177434361.1658,249900.9999999978,228847.30000000037
177434363.1658,249900.9999999978,228847.30000000037
177434365.1658,249900.9999999978,228847.30000000037
177434367.1658,249900.9999999978,228847.30000000037
177434369.1658,249900.9999999978,228847.30000000037
177434371.1658,249900.9999999978,228847.30000000037
177434373.1658,249900.9999999978,228847.30000000037
177434375.1658,249900.9999999978,228847.30000000037
177434377.1658,249900.9999999978,228847.30000000037
177434379.1658,249900.9999999978,228847.30000000037
177434381.1658,249900.89999999778,228847.30000000037
177434383.1658,249900.89999999778,228847.30000000037
177434385.1658,249900.89999999778,228847.30000000037
177434387.1658,249900.89999999778,228847.30000000037
177434389.1658,249900.89999999778,228847.30000000037
177434391.1658,249900.89999999778,228847.30000000037
177434393.1658,249900.89999999778,228847.30000000037
177434395.1658,249900.89999999778,228847.30000000037
177434397.1658,249900.89999999778,228847.30000000037
177434399.1658,249900.89999999778,228847.30000000037
177434401.1658,249900.89999999778,228847.30000000037
177434403.1658,249900.89999999778,228847.30000000037
177434405.1658,249900.89999999778,228847.30000000037
177434407.1658,249900.89999999778,228847.30000000037
177434409.1658,249900.89999999778,228847.30000000037
177434411.1658,249900.89999999778,228847.30000000037
177434413.1658,249900.89999999778,228847.30000000037
177434415.1658,249900.79999999778,228847.30000000037
177434417.1658,249900.79999999778,228847.30000000037
177434419.1658,249900.79999999778,228847.30000000037
177434421.1658,249900.79999999778,228847.30000000037
177434423.1658,249900.79999999778,228847.30000000037
177434425.1658,249900.79999999778,228847.30000000037
177434427.1658,249900.79999999778,228847.30000000037
177434429.1658,249900.89999999778,228847.30000000037
177434431.1658,249900.89999999778,228847.30000000037
177434433.1658,249900.89999999778,228847.30000000037
177434435.1658,249900.89999999778,228847.30000000037
177434437.1658,249900.89999999778,228847.30000000037
177434439.1658,249900.89999999778,228847.30000000037
177434441.1658,249900.89999999778,228847.30000000037
177434443.1658,249900.89999999778,228847.30000000037
177434445.1658,249900.89999999778,228847.30000000037
177434447.1658,249900.89999999778,228847.30000000037
177434449.1658,249900.89999999778,228847.30000000037
177434451.1658,249900.89999999778,228847.30000000037
177434453.1658,249900.89999999778,228847.30000000037
177434455.1658,249900.89999999778,228847.30000000037
177434457.1658,249900.89999999778,228847.30000000037
177434459.1658,249900.89999999778,228847.30000000037
177434461.1658,249900.89999999778,228847.30000000037
177434463.1658,249900.89999999778,228847.30000000037
177434465.1658,249900.89999999778,228847.30000000037
177434467.1658,249900.89999999778,228847.30000000037
177434469.1658,249900.89999999778,228847.30000000037
177434471.1658,249900.89999999778,228847.30000000037
177434473.1658,249900.89999999778,228847.30000000037
177434475.1658,249900.89999999778,228847.30000000037
177434477.1658,249900.89999999778,228847.30000000037
177434479.1658,249900.89999999778,228847.30000000037
177434481.1658,249900.89999999778,228847.30000000037
177434483.1658,249900.89999999778,228847.30000000037
177434485.1658,249900.79999999778,228847.30000000037
177434487.1658,249900.79999999778,228847.30000000037
177434489.1658,249900.79999999778,228847.30000000037
177434491.1658,249900.79999999778,228847.30000000037
177434493.1658,249900.79999999778,228847.30000000037
177434495.1658,249900.79999999778,228847.30000000037
177434497.1658,249900.79999999778,228847.30000000037
177434499.1658,249900.79999999778,228847.30000000037
177434501.1658,249900.79999999778,228847.30000000037
177434503.1658,249900.79999999778,228847.30000000037
177434505.1658,249900.79999999778,228847.30000000037
177434507.1658,249900.79999999778,228847.30000000037
177434509.1658,249900.79999999778,228847.30000000037
177434511.1658,249900.79999999778,228847.30000000037
177434513.1658,249900.79999999778,228847.30000000037
177434515.1658,249900.79999999778,228847.30000000037
177434517.1658,249900.79999999778,228847.30000000037
177434519.1658,249900.79999999778,228847.30000000037
177434521.1658,249900.79999999778,228847.40000000037
177434523.1658,249900.79999999778,228847.40000000037
177434525.1658,249900.79999999778,228847.40000000037
177434527.1658,249900.79999999778,228847.40000000037
177434529.1658,249900.79999999778,228847.40000000037
177434531.1658,249900.79999999778,228847.40000000037
177434533.1658,249900.79999999778,228847.50000000038
177434535.1658,249900.79999999778,228847.50000000038
177434537.1658,249900.79999999778,228847.40000000037
177434539.1658,249900.79999999778,228847.50000000038
177434541.1658,249900.79999999778,228847.50000000038
177434543.1658,249900.79999999778,228847.50000000038
177434545.1658,249900.79999999778,228847.40000000037
177434547.1658,249900.79999999778,228847.50000000038
177434549.1658,249900.79999999778,228847.40000000037
177434551.1658,249900.79999999778,228847.50000000038
177434553.1658,249900.79999999778,228847.50000000038
177434555.1658,249900.79999999778,228847.50000000038
177434557.1658,249900.79999999778,228847.50000000038
177434559.1658,249900.79999999778,228847.50000000038
177434561.1658,249900.79999999778,228847.30000000037
177434563.1658,249900.79999999778,228847.30000000037
177434565.1658,249900.79999999778,228847.30000000037
177434567.1658,249900.79999999778,228847.30000000037
177434569.1658,249900.79999999778,228847.30000000037
177434571.1658,249900.79999999778,228847.30000000037
177434573.1658,249900.79999999778,228847.30000000037
177434575.1658,249900.69999999777,228847.30000000037
177434577.1658,249900.69999999777,228847.30000000037
177434579.1658,249900.69999999777,228847.30000000037
177434581.1658,249900.69999999777,228847.30000000037
177434583.1658,249900.69999999777,228847.30000000037
177434585.1658,249900.69999999777,228847.30000000037
177434587.1658,249900.69999999777,228847.30000000037
177434589.1658,249900.69999999777,228847.30000000037
177434591.1658,249900.69999999777,228847.30000000037
177434593.1658,249900.69999999777,228847.30000000037
177434595.1658,249900.69999999777,228847.30000000037
177434597.1658,249900.69999999777,228847.30000000037
177434599.1658,249900.69999999777,228847.30000000037
177434601.1658,249900.69999999777,228847.30000000037
177434603.1658,249900.69999999777,228847.30000000037
177434605.1658,249900.59999999776,228847.30000000037
177434607.1658,249900.59999999776,228847.30000000037
177434609.1658,249900.59999999776,228847.30000000037
177434611.1658,249900.59999999776,228847.30000000037
177434613.1658,249900.59999999776,228847.30000000037
177434615.1658,249900.59999999776,228847.30000000037
177434617.1658,249900.59999999776,228847.30000000037
177434619.1658,249900.59999999776,228847.30000000037
177434621.1658,249900.59999999776,228847.30000000037
177434623.1658,249900.59999999776,228847.30000000037
177434625.1658,249900.59999999776,228847.30000000037
177434627.1658,249900.49999999776,228847.30000000037
177434629.1658,249900.39999999775,228847.30000000037
177434631.1658,249900.39999999775,228847.30000000037
177434633.1658,249900.39999999775,228847.30000000037
177434635.1658,249900.39999999775,228847.30000000037
177434637.1658,249900.39999999775,228847.30000000037
177434639.1658,249900.39999999775,228847.30000000037
177434641.1658,249900.39999999775,228847.30000000037
177434643.1658,249900.39999999775,228847.30000000037
177434645.1658,249900.39999999775,228847.30000000037
177434647.1658,249900.39999999775,228847.30000000037
177434649.1658,249900.39999999775,228847.30000000037
177434651.1658,249900.39999999775,228847.30000000037
177434653.1658,249900.39999999775,228847.30000000037
177434655.1658,249900.39999999775,228847.30000000037
177434657.1658,249900.39999999775,228847.30000000037
177434659.1658,249900.39999999775,228847.30000000037
177434661.1658,249900.39999999775,228847.30000000037
177434663.1658,249900.39999999775,228847.30000000037
177434665.1658,249900.39999999775,228847.30000000037
177434667.1658,249900.39999999775,228847.30000000037
177434669.1658,249900.39999999775,228847.30000000037
177434671.1658,249900.39999999775,228847.30000000037
177434673.1658,249900.39999999775,228847.30000000037
177434675.1658,249900.39999999775,228847.30000000037
177434677.1658,249900.39999999775,228847.30000000037
177434679.1658,249900.29999999775,228847.30000000037
177434681.1658,249900.29999999775,228847.30000000037
177434683.1658,249900.29999999775,228847.30000000037
177434685.1658,249900.29999999775,228847.30000000037
177434687.1658,249900.29999999775,228847.30000000037
177434689.1658,249900.29999999775,228847.30000000037
177434691.1658,249900.29999999775,228847.30000000037
177434693.1658,249900.29999999775,228847.30000000037
177434695.1658,249900.39999999775,228847.30000000037
177434697.1658,249900.39999999775,228847.30000000037
177434699.1658,249900.39999999775,228847.30000000037
177434701.1658,249900.39999999775,228847.40000000037
177434703.1658,249900.39999999775,228847.40000000037
177434705.1658,249900.39999999775,228847.40000000037
177434707.1658,249900.39999999775,228847.40000000037
177434709.1658,249900.39999999775,228847.40000000037
177434711.1658,249900.39999999775,228847.40000000037
177434713.1658,249900.39999999775,228847.40000000037
177434715.1658,249900.39999999775,228847.40000000037
177434717.1658,249900.39999999775,228847.40000000037
177434719.1658,249900.39999999775,228847.40000000037
177434721.1658,249900.39999999775,228847.40000000037
177434723.1658,249900.39999999775,228847.40000000037
177434725.1658,249900.39999999775,228847.40000000037
177434727.1658,249900.39999999775,228847.40000000037
177434729.1658,249900.39999999775,228847.40000000037
177434731.1658,249900.39999999775,228847.30000000037
177434733.1658,249900.39999999775,228847.30000000037
177434735.1658,249900.39999999775,228847.30000000037
177434737.1658,249900.39999999775,228847.30000000037
177434739.1658,249900.39999999775,228847.30000000037
177434741.1658,249900.39999999775,228847.30000000037
177434743.1658,249900.39999999775,228847.30000000037
177434745.1658,249900.39999999775,228847.30000000037
177434747.1658,249900.39999999775,228847.30000000037
177434749.1658,249900.39999999775,228847.30000000037
177434751.1658,249900.39999999775,228847.30000000037
177434753.1658,249900.39999999775,228847.30000000037
177434755.1658,249900.39999999775,228847.40000000037
177434757.1658,249900.39999999775,228847.40000000037
177434759.1658,249900.39999999775,228847.40000000037
177434761.1658,249900.39999999775,228847.40000000037
177434763.1658,249900.39999999775,228847.40000000037
177434765.1658,249900.39999999775,228847.40000000037
177434767.1658,249900.39999999775,228847.40000000037
177434769.1658,249900.39999999775,228847.40000000037
177434771.1658,249900.39999999775,228847.40000000037
177434773.1658,249900.39999999775,228847.40000000037
177434775.1658,249900.39999999775,228847.40000000037
177434777.1658,249900.39999999775,228847.40000000037
177434779.1658,249900.39999999775,228847.40000000037
177434781.1658,249900.39999999775,228847.40000000037
177434783.1658,249900.39999999775,228847.40000000037
177434785.1658,249900.39999999775,228847.40000000037
177434787.1658,249900.29999999775,228847.40000000037
177434789.1658,249900.19999999774,228847.40000000037
177434791.1658,249900.19999999774,228847.40000000037
177434793.1658,249900.19999999774,228847.40000000037
177434795.1658,249900.09999999774,228847.40000000037
177434797.1658,249900.09999999774,228847.40000000037
177434799.1658,249900.09999999774,228847.40000000037
177434801.1658,249900.09999999774,228847.40000000037
177434803.1658,249900.09999999774,228847.40000000037
177434805.1658,249900.09999999774,228847.40000000037
177434807.1658,249900.09999999774,228847.40000000037
177434809.1658,249900.09999999774,228847.40000000037
177434811.1658,249900.19999999774,228847.40000000037
177434813.1658,249900.19999999774,228847.40000000037
177434815.1658,249900.19999999774,228847.40000000037
177434817.1658,249900.19999999774,228847.40000000037
177434819.1658,249900.19999999774,228847.40000000037
177434821.1658,249900.19999999774,228847.40000000037
177434823.1658,249900.19999999774,228847.40000000037
177434825.1658,249900.19999999774,228847.40000000037
177434827.1658,249900.19999999774,228847.40000000037
177434829.1658,249900.19999999774,228847.40000000037
177434831.1658,249900.19999999774,228847.40000000037
177434833.1658,249900.09999999774,228847.40000000037
177434835.1658,249900.09999999774,228847.40000000037
177434837.1658,249900.09999999774,228847.40000000037
177434839.1658,249900.09999999774,228847.40000000037
177434841.1658,249900.19999999774,228847.40000000037
177434843.1658,249900.09999999774,228847.40000000037
177434845.1658,249900.09999999774,228847.40000000037
177434847.1658,249900.09999999774,228847.40000000037
177434849.1658,249900.09999999774,228847.40000000037
177434851.1658,249900.09999999774,228847.40000000037
177434853.1658,249900.09999999774,228847.40000000037
177434855.1658,249900.09999999774,228847.40000000037
177434857.1658,249900.09999999774,228847.40000000037
177434859.1658,249900.09999999774,228847.40000000037
177434861.1658,249900.19999999774,228847.40000000037
177434863.1658,249900.19999999774,228847.40000000037
177434865.1658,249900.19999999774,228847.40000000037
177434867.1658,249900.19999999774,228847.40000000037
177434869.1658,249900.19999999774,228847.40000000037
177434871.1658,249900.19999999774,228847.40000000037
177434873.1658,249900.19999999774,228847.40000000037
177434875.1658,249900.19999999774,228847.40000000037
177434877.1658,249900.19999999774,228847.40000000037
177434879.1658,249900.19999999774,228847.40000000037
177434881.1658,249900.19999999774,228847.40000000037
177434883.1658,249900.19999999774,228847.40000000037
177434885.1658,249900.19999999774,228847.40000000037
177434887.1658,249900.19999999774,228847.40000000037
177434889.1658,249900.19999999774,228847.40000000037
177434891.1658,249900.19999999774,228847.40000000037
177434893.1658,249900.19999999774,228847.40000000037
177434895.1658,249900.19999999774,228847.40000000037
177434897.1658,249900.19999999774,228847.40000000037
177434899.1658,249900.19999999774,228847.40000000037
177434901.1658,249900.19999999774,228847.40000000037
177434903.1658,249900.19999999774,228847.40000000037
177434905.1658,249900.19999999774,228847.40000000037
177434907.1658,249900.19999999774,228847.40000000037
177434909.1658,249900.19999999774,228847.40000000037
177434911.1658,249900.19999999774,228847.40000000037
177434913.1658,249900.19999999774,228847.40000000037
177434915.1658,249900.19999999774,228847.40000000037
177434917.1658,249900.19999999774,228847.40000000037
177434919.1658,249900.19999999774,228847.40000000037
177434921.1658,249900.19999999774,228847.40000000037
177434923.1658,249900.19999999774,228847.40000000037
177434925.1658,249900.19999999774,228847.40000000037
177434927.1658,249900.19999999774,228847.40000000037
177434929.1658,249900.19999999774,228847.40000000037
177434931.1658,249900.19999999774,228847.40000000037
177434933.1658,249900.19999999774,228847.40000000037
177434935.1658,249900.19999999774,228847.40000000037
177434937.1658,249900.19999999774,228847.40000000037
177434939.1658,249900.19999999774,228847.40000000037
177434941.1658,249900.19999999774,228847.40000000037
177434943.1658,249900.19999999774,228847.40000000037
177434945.1658,249900.19999999774,228847.40000000037
177434947.1658,249900.19999999774,228847.40000000037
177434949.1658,249900.19999999774,228847.40000000037
177434951.1658,249900.19999999774,228847.40000000037
177434953.1658,249900.19999999774,228847.40000000037
177434955.1658,249900.19999999774,228847.40000000037
177434957.1658,249900.19999999774,228847.40000000037
177434959.1658,249900.19999999774,228847.40000000037
177434961.1658,249900.19999999774,228847.40000000037
177434963.1658,249900.19999999774,228847.40000000037
177434965.1658,249900.19999999774,228847.40000000037
177434967.1658,249900.19999999774,228847.40000000037
177434969.1658,249900.19999999774,228847.40000000037
177434971.1658,249900.19999999774,228847.40000000037
177434973.1658,249900.19999999774,228847.40000000037
177434975.1658,249900.19999999774,228847.40000000037
177434977.1658,249900.19999999774,228847.40000000037
177434979.1658,249900.19999999774,228847.40000000037
177434981.1658,249900.19999999774,228847.40000000037
177434983.1658,249900.19999999774,228847.40000000037
177434985.1658,249900.19999999774,228847.40000000037
177434987.1658,249900.19999999774,228847.40000000037
177434989.1658,249900.19999999774,228847.40000000037
177434991.1658,249900.19999999774,228847.40000000037
177434993.1658,249900.19999999774,228847.30000000037
177434995.1658,249900.19999999774,228847.30000000037
177434997.1658,249900.19999999774,228847.30000000037
177434999.1658,249900.19999999774,228847.30000000037
177435001.1658,249900.19999999774,228847.30000000037
177435003.1658,249900.19999999774,228847.30000000037
177435005.1658,249900.19999999774,228847.30000000037
177435007.1658,249900.19999999774,228847.30000000037
177435009.1658,249900.19999999774,228847.30000000037
177435011.1658,249900.19999999774,228847.30000000037
177435013.1658,249900.19999999774,228847.30000000037
177435015.1658,249900.19999999774,228847.30000000037
177435017.1658,249900.19999999774,228847.30000000037
177435019.1658,249900.19999999774,228847.30000000037
177435021.1658,249900.19999999774,228847.30000000037
177435023.1658,249900.19999999774,228847.30000000037
177435025.1658,249900.19999999774,228847.30000000037
177435027.1658,249900.19999999774,228847.30000000037
177435029.1658,249900.19999999774,228847.30000000037
177435031.1658,249900.19999999774,228847.30000000037
177435033.1658,249900.19999999774,228847.30000000037
177435035.1658,249900.19999999774,228847.30000000037
177435037.1658,249900.19999999774,228847.30000000037
177435039.1658,249900.19999999774,229899.90000000037
177435041.1658,249900.19999999774,228847.30000000037
177435043.1658,249900.19999999774,228847.30000000037
177435045.1658,249900.19999999774,228847.30000000037
177435047.1658,249900.19999999774,228847.30000000037
177435049.1658,249900.19999999774,228847.30000000037
177435051.1658,249900.19999999774,228847.30000000037
177435053.1658,249900.19999999774,228847.40000000037
177435055.1658,249900.19999999774,228847.40000000037
177435057.1658,249900.19999999774,228847.40000000037
177435059.1658,249900.19999999774,228847.40000000037
177435061.1658,249900.19999999774,228847.40000000037
177435063.1658,249900.19999999774,228847.40000000037
177435065.1658,249900.19999999774,228847.40000000037
177435067.1658,249900.19999999774,228847.40000000037
177435069.1658,249900.19999999774,228847.40000000037
177435071.1658,249900.19999999774,228847.40000000037
177435073.1658,249900.19999999774,228847.40000000037
177435075.1658,249900.19999999774,228847.40000000037
177435077.1658,249900.19999999774,228847.40000000037
177435079.1658,249900.19999999774,228847.40000000037
177435081.1658,249900.09999999774,228847.40000000037
177435083.1658,249900.09999999774,228847.40000000037
177435085.1658,249900.09999999774,228847.40000000037
177435087.1658,249900.09999999774,228847.30000000037
177435089.1658,249900.09999999774,228847.30000000037
177435091.1658,249900.09999999774,228847.30000000037
177435093.1658,249900.09999999774,228847.30000000037
177435095.1658,249900.09999999774,228847.30000000037
177435097.1658,249900.09999999774,228847.30000000037
177435099.1658,249900.09999999774,228847.30000000037
177435101.1658,249900.09999999774,228847.30000000037
177435103.1658,249900.09999999774,228847.30000000037
177435105.1658,249900.09999999774,228847.30000000037
177435107.1658,249900.09999999774,228847.30000000037
177435109.1658,249899.99999999773,228847.30000000037
177435111.1658,249899.99999999773,228847.30000000037
177435113.1658,249899.99999999773,228847.40000000037
177435115.1658,249899.99999999773,228847.40000000037
177435117.1658,249899.99999999773,228847.40000000037
177435119.1658,249899.99999999773,228847.40000000037
177435121.1658,249899.99999999773,228847.40000000037
177435123.1658,249899.99999999773,228847.40000000037
177435125.1658,249899.99999999773,228847.40000000037
177435127.1658,249899.99999999773,228847.40000000037
177435129.1658,249899.99999999773,228847.40000000037
177435131.1658,249899.99999999773,228847.40000000037
177435133.1658,249899.99999999773,228847.40000000037
177435135.1658,249899.99999999773,228847.40000000037
177435137.1658,249899.99999999773,228847.40000000037
177435139.1658,249899.99999999773,228847.40000000037
177435141.1658,249899.99999999773,228847.40000000037
177435143.1658,249899.99999999773,228847.40000000037
177435145.1658,249899.89999999772,228847.40000000037
177435147.1658,249899.79999999772,228847.50000000038
177435149.1658,249899.79999999772,228847.40000000037
177435151.1658,249899.79999999772,228847.40000000037
177435153.1658,249899.79999999772,228847.40000000037
177435155.1658,249899.79999999772,228847.40000000037
177435157.1658,249899.79999999772,228847.40000000037
177435159.1658,249899.79999999772,228847.40000000037
177435161.1658,249899.79999999772,228847.40000000037
177435163.1658,249899.79999999772,228847.40000000037
177435165.1658,249899.79999999772,228847.40000000037
177435167.1658,249899.79999999772,228847.40000000037
177435169.1658,249899.79999999772,228847.40000000037
177435171.1658,249899.79999999772,228847.40000000037
177435173.1658,249899.79999999772,228847.40000000037
177435175.1658,249899.79999999772,228847.40000000037
177435177.1658,249899.79999999772,228847.40000000037
177435179.1658,249899.79999999772,228847.40000000037
177435181.1658,249899.79999999772,228847.50000000038
177435183.1658,249899.79999999772,228847.50000000038
177435185.1658,249899.79999999772,228847.50000000038
177435187.1658,249899.79999999772,228847.50000000038
177435189.1658,249899.79999999772,228847.50000000038
177435191.1658,249899.79999999772,228847.50000000038
177435193.1658,249899.79999999772,228847.50000000038
177435195.1658,249899.79999999772,228847.50000000038
177435197.1658,249899.6999999977,228847.50000000038
177435199.1658,249899.6999999977,228847.50000000038
177435201.1658,249899.6999999977,228847.50000000038
177435203.1658,249899.6999999977,228847.50000000038
177435205.1658,249899.5999999977,228847.50000000038
177435207.1658,249899.5999999977,228847.50000000038
177435209.1658,249899.5999999977,228847.50000000038
177435211.1658,249899.5999999977,228847.40000000037
177435213.1658,249899.5999999977,228847.40000000037
177435215.1658,249899.5999999977,228847.40000000037
177435217.1658,249899.5999999977,228847.40000000037
177435219.1658,249899.5999999977,228847.40000000037
177435221.1658,249899.5999999977,228847.40000000037
177435223.1658,249899.5999999977,228847.40000000037
177435225.1658,249899.5999999977,228847.40000000037
177435227.1658,249899.5999999977,228847.40000000037
177435229.1658,249899.5999999977,228847.40000000037
177435231.1658,249899.5999999977,228847.40000000037
177435233.1658,249899.5999999977,228847.40000000037
177435235.1658,249899.5999999977,228847.40000000037
177435237.1658,249899.5999999977,228847.40000000037
177435239.1658,249899.5999999977,228847.40000000037
177435241.1658,249899.5999999977,228847.40000000037
177435243.1658,249899.5999999977,228847.40000000037
177435245.1658,249899.5999999977,228847.40000000037
177435247.1658,249899.5999999977,228847.40000000037
177435249.1658,249899.5999999977,228847.40000000037
177435251.1658,249899.5999999977,228847.40000000037
177435253.1658,249899.4999999977,228847.40000000037
177435255.1658,249899.3999999977,228847.30000000037
177435257.1658,249899.3999999977,228847.30000000037
177435259.1658,249899.3999999977,228847.30000000037
177435261.1658,249899.3999999977,228847.30000000037
177435263.1658,249899.3999999977,228847.30000000037
177435265.1658,249899.3999999977,228847.30000000037
177435267.1658,249899.3999999977,228847.30000000037
177435269.1658,249899.2999999977,228847.30000000037
177435271.1658,249899.2999999977,228847.30000000037
177435273.1658,249899.3999999977,228847.30000000037
177435275.1658,249899.3999999977,228847.30000000037
177435277.1658,249899.3999999977,228847.30000000037
177435281.1658,249899.3999999977,228847.30000000037
177435291.1658,249899.19999999768,228847.30000000037
177435293.1658,249899.19999999768,229899.90000000037
177435295.1658,249899.19999999768,229899.90000000037
177435297.1658,249899.19999999768,229899.90000000037
177435299.1658,249899.19999999768,229899.90000000037
177435301.1658,249899.19999999768,229899.90000000037
177435303.1658,249899.19999999768,229899.90000000037
177435305.1658,249899.19999999768,228847.30000000037
177435307.1658,249899.19999999768,228847.30000000037
177435309.1658,249899.19999999768,228847.30000000037
177435311.1658,249899.19999999768,228847.30000000037
177435313.1658,249899.09999999768,228847.30000000037
177435315.1658,249899.09999999768,228847.30000000037
177435317.1658,249899.09999999768,228847.30000000037
177435319.1658,249899.09999999768,228847.30000000037
177435321.1658,249899.09999999768,228847.30000000037
177435323.1658,249899.09999999768,228847.30000000037
177435325.1658,249899.09999999768,228847.30000000037
177435327.1658,249899.09999999768,228847.30000000037
177435329.1658,249899.09999999768,228847.30000000037
177435331.1658,249898.99999999767,228847.30000000037
177435333.1658,249898.99999999767,228847.30000000037
177435335.1658,249898.99999999767,228847.30000000037
177435337.1658,249898.99999999767,228847.30000000037
177435339.1658,249898.99999999767,228847.30000000037
177435341.1658,249898.99999999767,228847.30000000037
177435343.1658,249898.99999999767,228847.30000000037
177435345.1658,249898.99999999767,228847.30000000037
177435347.1658,249898.99999999767,228847.30000000037
177435349.1658,249898.99999999767,228847.30000000037
177435351.1658,249898.99999999767,228847.30000000037
177435353.1658,249898.99999999767,228847.30000000037
177435355.1658,249898.89999999767,228847.30000000037
177435357.1658,249898.89999999767,228847.30000000037
177435359.1658,249898.89999999767,228847.30000000037
177435361.1658,249898.89999999767,228847.30000000037
177435363.1658,249898.89999999767,228847.30000000037
177435365.1658,249898.89999999767,228847.30000000037
177435367.1658,249898.89999999767,228847.30000000037
177435369.1658,249898.79999999766,228847.30000000037
177435371.1658,249898.79999999766,228847.30000000037
177435373.1658,249898.79999999766,228847.30000000037
177435375.1658,249898.79999999766,228847.30000000037
177435377.1658,249898.79999999766,228847.30000000037
177435379.1658,249898.79999999766,228847.30000000037
177435381.1658,249898.79999999766,228847.30000000037
177435383.1658,249898.79999999766,228847.30000000037
177435385.1658,249898.79999999766,228847.30000000037
177435387.1658,249898.79999999766,228847.40000000037
177435389.1658,249898.79999999766,228847.40000000037
177435391.1658,249898.79999999766,228847.40000000037
177435393.1658,249898.69999999765,228847.40000000037
177435395.1658,249898.69999999765,228847.40000000037
177435397.1658,249898.69999999765,228847.40000000037
177435399.1658,249898.69999999765,228847.40000000037
177435401.1658,249898.69999999765,228847.40000000037
177435403.1658,249898.69999999765,228847.40000000037
177435405.1658,249898.69999999765,228847.40000000037
177435407.1658,249898.69999999765,228847.40000000037
177435409.1658,249898.69999999765,228847.40000000037
177435411.1658,249898.69999999765,228847.40000000037
177435413.1658,249898.69999999765,228847.40000000037
177435415.1658,249898.69999999765,228847.40000000037
177435417.1658,249898.69999999765,228847.40000000037
177435419.1658,249898.69999999765,228847.40000000037
177435421.1658,249898.69999999765,228847.40000000037
177435423.1658,249898.69999999765,228847.40000000037
177435425.1658,249898.69999999765,228847.40000000037
177435427.1658,249898.69999999765,228847.50000000038
177435429.1658,249898.69999999765,228847.50000000038
177435431.1658,249898.69999999765,228847.50000000038
177435433.1658,249898.69999999765,228847.50000000038
177435435.1658,249898.69999999765,228847.50000000038
177435437.1658,249898.69999999765,228847.50000000038
177435439.1658,249898.69999999765,228847.50000000038
177435441.1658,249898.69999999765,228847.50000000038
177435443.1658,249898.79999999766,228847.50000000038
177435445.1658,249898.79999999766,228847.40000000037
177435447.1658,249898.79999999766,228847.40000000037
177435449.1658,249898.79999999766,228847.40000000037
177435451.1658,249898.79999999766,228847.40000000037
177435453.1658,249898.79999999766,228847.40000000037
177435455.1658,249898.79999999766,228847.40000000037
177435457.1658,249898.79999999766,228847.30000000037
177435459.1658,249898.79999999766,228847.30000000037
177435461.1658,249898.79999999766,228847.30000000037
177435463.1658,249898.79999999766,228847.30000000037
177435465.1658,249898.79999999766,228847.30000000037
177435467.1658,249898.79999999766,228847.30000000037
177435469.1658,249898.79999999766,228847.30000000037
177435471.1658,249898.79999999766,228847.30000000037
177435473.1658,249898.79999999766,228847.30000000037
177435475.1658,249898.79999999766,228847.30000000037
177435477.1658,249898.79999999766,228847.30000000037
177435479.1658,249898.79999999766,228847.30000000037
177435481.1658,249898.79999999766,228847.30000000037
177435483.1658,249898.79999999766,228847.30000000037
177435485.1658,249898.79999999766,228847.30000000037
177435487.1658,249898.79999999766,228847.30000000037
177435489.1658,249898.79999999766,228847.30000000037
177435491.1658,249898.79999999766,228847.30000000037
177435493.1658,249898.79999999766,228847.30000000037
177435495.1658,249898.79999999766,228847.30000000037
177435497.1658,249898.79999999766,228847.30000000037
177435499.1658,249898.79999999766,228847.30000000037
177435501.1658,249898.79999999766,228847.30000000037
177435503.1658,249898.79999999766,228847.30000000037
177435505.1658,249898.79999999766,228847.30000000037
177435507.1658,249898.79999999766,228847.30000000037
177435509.1658,249898.79999999766,228847.30000000037
177435511.1658,249898.79999999766,228847.30000000037
177435513.1658,249898.79999999766,228847.30000000037
177435515.1658,249898.79999999766,228847.30000000037
177435517.1658,249898.79999999766,228847.30000000037
177435519.1658,249898.79999999766,228847.30000000037
177435521.1658,249898.79999999766,228847.30000000037
177435523.1658,249898.79999999766,228847.30000000037
177435525.1658,249898.79999999766,228847.30000000037
177435527.1658,249898.79999999766,228847.30000000037
177435529.1658,249898.79999999766,228847.30000000037
177435531.1658,249898.79999999766,228847.30000000037
177435533.1658,249898.79999999766,228847.30000000037
177435535.1658,249898.79999999766,228847.30000000037
177435537.1658,249898.79999999766,228847.30000000037
177435539.1658,249898.79999999766,228847.30000000037
177435541.1658,249898.79999999766,228847.30000000037
177435543.1658,249898.79999999766,228847.30000000037
177435545.1658,249898.79999999766,228847.30000000037
177435547.1658,249898.89999999767,228847.30000000037
177435549.1658,249898.89999999767,228847.30000000037
177435551.1658,249898.89999999767,228847.30000000037
177435553.1658,249898.89999999767,228847.30000000037
177435555.1658,249898.89999999767,228847.30000000037
177435557.1658,249898.89999999767,228847.30000000037
177435559.1658,249898.89999999767,228847.30000000037
177435561.1658,249898.89999999767,228847.30000000037
177435563.1658,249898.89999999767,228847.30000000037
177435565.1658,249898.89999999767,228847.30000000037
177435567.1658,249898.89999999767,228847.30000000037
177435569.1658,249898.89999999767,228847.30000000037
177435571.1658,249898.89999999767,228847.30000000037
177435573.1658,249898.89999999767,228847.30000000037
177435575.1658,249898.89999999767,228847.30000000037
177435577.1658,249898.89999999767,228847.30000000037
177435579.1658,249898.89999999767,228847.30000000037
177435581.1658,249898.89999999767,228847.30000000037
177435583.1658,249898.89999999767,228847.30000000037
177435585.1658,249898.89999999767,228847.30000000037
177435587.1658,249898.89999999767,228847.30000000037
177435589.1658,249898.89999999767,228847.30000000037
177435591.1658,249898.89999999767,228847.30000000037
177435593.1658,249898.89999999767,228847.30000000037
177435595.1658,249898.89999999767,228847.30000000037
177435597.1658,249898.89999999767,228847.30000000037
177435599.1658,249898.89999999767,228847.30000000037
177435601.1658,249898.89999999767,228847.30000000037
177435603.1658,249898.89999999767,228847.30000000037
177435605.1658,249898.89999999767,228847.30000000037
177435607.1658,249898.89999999767,228847.30000000037
177435609.1658,249898.89999999767,228847.30000000037
177435611.1658,249898.89999999767,228847.30000000037
177435613.1658,249898.89999999767,228847.30000000037
177435615.1658,249898.79999999766,228847.30000000037
177435617.1658,249898.79999999766,228847.30000000037
177435619.1658,249898.79999999766,228847.30000000037
177435621.1658,249898.79999999766,228847.30000000037
177435623.1658,249898.69999999765,228847.30000000037
177435625.1658,249898.69999999765,228847.30000000037
177435627.1658,249898.69999999765,228847.30000000037
177435629.1658,249898.69999999765,228847.30000000037
177435631.1658,249898.69999999765,228847.30000000037
177435633.1658,249898.69999999765,228847.30000000037
177435635.1658,249898.69999999765,228847.30000000037
177435637.1658,249898.69999999765,228847.30000000037
177435639.1658,249898.59999999765,228847.30000000037
177435641.1658,249898.59999999765,228847.30000000037
177435643.1658,249898.59999999765,228847.30000000037
177435645.1658,249898.59999999765,228847.30000000037
177435647.1658,249898.59999999765,228847.30000000037
177435649.1658,249898.59999999765,228847.30000000037
177435651.1658,249898.49999999764,228847.30000000037
177435653.1658,249898.49999999764,228847.30000000037
177435655.1658,249898.49999999764,228847.30000000037
177435657.1658,249898.49999999764,228847.30000000037
177435659.1658,249898.39999999764,228847.30000000037
177435661.1658,249898.39999999764,228847.30000000037
177435663.1658,249898.39999999764,228847.30000000037
177435665.1658,249898.39999999764,228847.30000000037
177435667.1658,249898.39999999764,228847.30000000037
177435669.1658,249898.39999999764,228847.30000000037
177435671.1658,249898.39999999764,228847.30000000037
177435673.1658,249898.39999999764,228847.30000000037
177435675.1658,249898.39999999764,228847.30000000037
177435677.1658,249898.39999999764,228847.30000000037
177435679.1658,249898.39999999764,228847.30000000037
177435681.1658,249898.39999999764,228847.30000000037
177435683.1658,249898.39999999764,228847.30000000037
177435685.1658,249898.39999999764,228847.30000000037
177435687.1658,249898.39999999764,228847.30000000037
177435689.1658,249898.39999999764,228847.30000000037
177435691.1658,249898.39999999764,228847.30000000037
177435693.1658,249898.39999999764,228847.30000000037
177435695.1658,249898.39999999764,228847.30000000037
177435697.1658,249898.39999999764,228847.30000000037
177435699.1658,249898.39999999764,228847.30000000037
177435701.1658,249898.39999999764,228847.30000000037
177435703.1658,249898.39999999764,228847.30000000037
177435705.1658,249898.39999999764,228847.30000000037
177435707.1658,249898.39999999764,228847.40000000037
177435709.1658,249898.39999999764,228847.40000000037
177435711.1658,249898.39999999764,228847.40000000037
177435713.1658,249898.39999999764,228847.40000000037
177435715.1658,249898.39999999764,228847.40000000037
177435717.1658,249898.39999999764,228847.40000000037
177435719.1658,249898.39999999764,228847.40000000037
177435721.1658,249898.39999999764,228847.40000000037
177435723.1658,249898.39999999764,228847.40000000037
177435725.1658,249898.29999999763,228847.40000000037
177435727.1658,249898.29999999763,228847.40000000037
177435729.1658,249898.29999999763,228847.40000000037
177435731.1658,249898.29999999763,228847.40000000037
177435733.1658,249898.29999999763,228847.40000000037
177435735.1658,249898.29999999763,228847.40000000037
177435737.1658,249898.29999999763,228847.40000000037
177435739.1658,249898.29999999763,228847.50000000038
177435741.1658,249898.29999999763,228847.50000000038
177435743.1658,249898.29999999763,228847.50000000038
177435745.1658,249898.29999999763,228847.60000000038
177435747.1658,249898.29999999763,228847.60000000038
177435749.1658,249898.29999999763,228847.60000000038
177435751.1658,249898.29999999763,228847.60000000038
177435753.1658,249898.29999999763,228847.60000000038
177435755.1658,249898.29999999763,228847.60000000038
177435757.1658,249898.29999999763,228847.60000000038
177435759.1658,249898.29999999763,228847.60000000038
177435761.1658,249898.29999999763,228847.60000000038
177435763.1658,249898.29999999763,228847.60000000038
177435765.1658,249898.29999999763,228847.60000000038
177435767.1658,249898.29999999763,228847.60000000038
177435769.1658,249898.29999999763,228847.7000000004
177435771.1658,249898.29999999763,228847.7000000004
177435773.1658,249898.29999999763,228847.7000000004
177435775.1658,249898.29999999763,228847.8000000004
177435777.1658,249898.29999999763,228847.8000000004
177435779.2658,249898.29999999763,228847.8000000004
177435781.1658,249898.29999999763,228847.8000000004
177435783.1658,249898.29999999763,228847.8000000004
177435785.1658,249898.29999999763,228847.8000000004
177435787.1658,249898.29999999763,228847.8000000004
177435789.1658,249898.29999999763,228847.8000000004
177435791.1658,249898.29999999763,228847.8000000004
177435793.1658,249898.29999999763,228847.8000000004
177435795.1658,249898.29999999763,228847.8000000004
177435797.1658,249898.29999999763,228847.8000000004
177435799.1658,249898.29999999763,228847.8000000004
177435801.1658,249898.19999999763,228847.8000000004
177435803.1658,249898.19999999763,228847.8000000004
177435805.1658,249898.19999999763,228847.9000000004
177435807.1658,249898.29999999763,228848.0000000004
177435809.1658,249898.29999999763,228848.0000000004
177435811.1658,249898.29999999763,228848.0000000004
177435813.1658,249898.29999999763,228848.0000000004
177435815.1658,249898.29999999763,228848.0000000004
177435817.1658,249898.29999999763,228848.0000000004
177435819.1658,249898.29999999763,228848.0000000004
