Timestamp,Buy_Price,Sell_Price
177427189.1649,18742.1,15524.1
177427191.1649,18742.1,15524.1
177427193.1649,18742.1,15524.1
177427195.1649,18742.1,15524.1
177427197.1649,18742.1,15524.1
177427199.2649,18742.1,15524.1
177427201.2649,18742.1,15524.1
177427203.2649,18742.1,15524.1
177427205.2649,18742.1,15524.1
177427207.2649,18742.1,15524.1
177427209.2649,18742.1,15524.1
177427211.2649,18742.1,15524.1
177427213.2649,18742.1,15524.1
177427215.2649,18742.1,15524.1
177427217.2649,18742.1,15524.1
177427219.2649,18742.1,15524.1
177427221.2649,18742.1,15524.1
177427223.2649,18742.1,15524.1
177427225.2649,18742.1,15524.1
177427227.2649,18742.1,15524.1
177427229.2649,18742.1,15524.1
177427231.2649,18742.1,15524.1
177427233.2649,18742.1,15524.1
177427235.2649,18742.1,15524.1
177427237.2649,18742.1,15524.1
177427239.2649,18742.1,15524.1
177427241.2649,18742.1,15524.1
177427243.2649,18742.1,15524.1
177427245.2649,18742.1,15524.1
177427247.2649,18742.1,15524.1
177427249.2649,18742.1,15524.1
177427251.2649,18742.1,15524.1
177427253.2649,18742.1,15524.1
177427255.2649,18742.1,15524.1
177427257.2649,18742.1,15524.1
177427259.2649,18742.1,15524.1
177427261.2649,18742.1,15524.1
177427263.2649,18742.1,15524.1
177427265.2649,18742.1,15524.1
177427267.2649,18742.1,15524.1
177427269.2649,18742.1,15524.1
177427271.2649,18742.1,15524.1
177427273.2649,18742.1,15524.1
177427275.2649,18742.1,15524.1
177427277.2649,18742.1,15524.1
177427279.2649,18742.1,15524.1
177427281.2649,18742.0,15524.1
177427283.2649,18742.0,15524.1
177427285.2649,18742.0,15524.1
177427287.2649,18742.0,15524.1
177427289.2649,18742.0,15524.1
177427291.2649,18742.0,15524.1
177427293.2649,18742.0,15524.1
177427295.2649,18742.0,15524.1
177427297.2649,18742.0,15524.1
177427299.2649,18742.0,15524.1
177427301.2649,18742.0,15524.1
177427303.2649,18742.0,15524.1
177427305.2649,18742.0,15524.1
177427307.2649,18741.9,15524.1
177427309.2649,18741.9,15524.1
177427311.2649,18741.9,15524.1
177427313.2649,18741.9,15524.1
177427315.2649,18741.9,15524.1
177427317.2649,18741.9,15524.1
177427319.2649,18741.9,15524.1
177427321.2649,18741.9,15524.1
177427323.2649,18741.9,15524.1
177427325.2649,18741.9,15524.1
177427327.2649,18741.9,15524.1
177427329.2649,18741.9,15524.1
177427331.2649,18741.9,15524.1
177427333.2649,18741.9,15524.1
177427335.2649,18741.9,15524.1
177427337.2649,18741.9,15524.1
177427339.2649,18741.9,15524.1
177427341.2649,18741.9,15524.1
177427343.2649,18741.9,15524.1
177427345.2649,18741.9,15524.1
177427347.2649,18741.9,15524.1
177427349.2649,18741.9,15524.1
177427351.2649,18741.9,15524.1
177427353.2649,18742.100000000002,15524.1
177427355.2649,18742.100000000002,15524.1
177427357.2649,18742.100000000002,15524.1
177427359.2649,18742.100000000002,15524.1
177427361.2649,18742.100000000002,15524.1
177427363.2649,18742.100000000002,15524.1
177427365.2649,18742.100000000002,15524.1
177427367.2649,18420.300000000003,15524.1
177427369.2649,18420.300000000003,15524.1
177427371.2649,18420.300000000003,15524.1
177427373.2649,18420.300000000003,15524.1
177427375.2649,18420.300000000003,15524.1
177427377.2649,18420.300000000003,15524.1
177427379.2649,18420.300000000003,15524.1
177427381.2649,18420.300000000003,15524.1
177427383.2649,18420.300000000003,15524.1
177427385.2649,18420.300000000003,15524.1
177427387.2649,18420.300000000003,15524.1
177427389.2649,18420.300000000003,15524.1
177427391.2649,18420.300000000003,15524.1
177427393.2649,18420.200000000004,15524.1
177427395.2649,18420.200000000004,15524.1
177427397.2649,18420.300000000003,15524.1
177427399.2649,18420.300000000003,15524.1
177427401.2649,18420.300000000003,15524.1
177427403.2649,18420.300000000003,15524.1
177427405.2649,18420.300000000003,15524.1
177427407.2649,18420.300000000003,15524.1
177427409.2649,18420.300000000003,15524.1
177427411.2649,18420.300000000003,15524.1
177427413.2649,18420.300000000003,15524.1
177427415.2649,18420.300000000003,15524.1
177427417.2649,18420.200000000004,15524.1
177427419.2649,18420.200000000004,15524.1
177427421.2649,18420.200000000004,15524.1
177427423.2649,18420.200000000004,15524.1
177427425.2649,18420.200000000004,15524.1
177427427.2649,18420.200000000004,15524.1
177427429.2649,18420.200000000004,15524.1
177427431.2649,18420.200000000004,15524.1
177427433.2649,18420.200000000004,15524.1
177427435.2649,18420.200000000004,15524.1
177427437.2649,18420.200000000004,15524.1
177427439.2649,18420.200000000004,15524.1
177427441.2649,18420.200000000004,15524.1
177427443.2649,18420.200000000004,15524.1
177427445.2649,18420.200000000004,15524.1
177427447.2649,18420.200000000004,15524.1
177427449.2649,18130.600000000006,15524.1
177427451.2649,17870.000000000007,15524.1
177427453.2649,17869.90000000001,15524.2
177427455.2649,17869.90000000001,15524.2
177427457.2649,17869.90000000001,15524.2
177427459.2649,17869.90000000001,15524.2
177427461.2649,17869.90000000001,15524.2
177427463.2649,17869.90000000001,15524.2
177427465.2649,17869.90000000001,15524.2
177427467.2649,17869.90000000001,15524.2
177427469.2649,17869.90000000001,15524.2
177427471.2649,17869.90000000001,15524.2
177427473.2649,17869.90000000001,15524.2
177427475.2649,17635.30000000001,15524.2
177427477.2649,17635.30000000001,15524.2
177427479.2649,17635.30000000001,15524.2
177427481.2649,17635.30000000001,15524.2
177427483.2649,17635.30000000001,15524.2
177427485.2649,17635.30000000001,15524.2
177427487.2649,17635.30000000001,15524.2
177427489.2649,17635.30000000001,15524.2
177427491.2649,17635.30000000001,15524.2
177427493.2649,17635.30000000001,15524.2
177427495.2649,17635.30000000001,15524.2
177427497.2649,17635.30000000001,15524.2
177427499.2649,17635.30000000001,15524.2
177427501.2649,17635.30000000001,15524.2
177427503.2649,17635.30000000001,15524.2
177427505.2649,17635.30000000001,15524.2
177427507.2649,17635.30000000001,15524.2
177427509.2649,17635.30000000001,15524.2
177427511.2649,17635.30000000001,15524.2
177427513.2649,17635.30000000001,15524.2
177427515.2649,17635.30000000001,15524.2
177427517.2649,17635.30000000001,15524.2
177427519.2649,17635.30000000001,15524.2
177427521.2649,17635.30000000001,15524.2
177427523.2649,17635.30000000001,15524.2
177427525.2649,17635.30000000001,15524.2
177427527.2649,17635.30000000001,15524.2
177427529.2649,17635.30000000001,15524.2
177427531.2649,17635.30000000001,15524.2
177427533.2649,17635.30000000001,15524.2
177427535.2649,17635.30000000001,15524.2
177427537.2649,17635.30000000001,15524.2
177427539.2649,17635.30000000001,15524.2
177427541.2649,17635.30000000001,15524.2
177427543.2649,17635.30000000001,15524.2
177427545.2649,17635.30000000001,15524.2
177427547.2649,17635.30000000001,15524.2
177427549.2649,17635.30000000001,15524.2
177427551.2649,17635.30000000001,15524.2
177427553.2649,17635.30000000001,15524.2
177427555.2649,17635.30000000001,15524.2
177427557.2649,17635.30000000001,15524.2
177427559.2649,17635.30000000001,15524.2
177427561.2649,17635.30000000001,15524.2
177427563.2649,17635.30000000001,15524.2
177427565.2649,17635.30000000001,15524.2
177427567.2649,17635.30000000001,15524.2
177427569.2649,17635.30000000001,15524.2
177427571.2649,17635.30000000001,15524.2
177427573.2649,17635.30000000001,15524.2
177427575.2649,17635.30000000001,15524.2
177427577.2649,17635.30000000001,15524.2
177427579.2649,17635.30000000001,15524.2
177427581.2649,17635.30000000001,15524.2
177427583.2649,17635.30000000001,15524.2
177427585.2649,17635.30000000001,15524.2
177427587.2649,17635.30000000001,15524.2
177427589.2649,17635.30000000001,15524.2
177427591.2649,17635.30000000001,15524.2
177427593.2649,17635.30000000001,15524.2
177427595.2649,17635.30000000001,15524.2
177427597.2649,17635.30000000001,15524.2
177427599.2649,17635.30000000001,15524.2
177427601.2649,17635.30000000001,15524.2
177427603.2649,17635.30000000001,15524.2
177427605.2649,17635.30000000001,15524.2
177427607.2649,17635.30000000001,15524.2
177427609.2649,17635.30000000001,15524.2
177427611.2649,17635.30000000001,15524.2
177427613.2649,17635.30000000001,15524.2
177427615.2649,17635.20000000001,15524.2
177427617.2649,17635.20000000001,15524.2
177427619.2649,17635.20000000001,15524.300000000001
177427621.2649,17635.20000000001,15524.300000000001
177427623.2649,17635.20000000001,15524.300000000001
177427625.2649,17635.20000000001,15524.300000000001
177427627.2649,17635.20000000001,15524.300000000001
177427629.2649,17635.20000000001,15524.300000000001
177427631.2649,17635.20000000001,15524.300000000001
177427633.2649,17635.20000000001,15524.300000000001
177427635.2649,17635.20000000001,15524.300000000001
177427637.2649,17635.20000000001,15524.300000000001
177427639.2649,17635.20000000001,15524.300000000001
177427641.2649,17635.20000000001,15524.300000000001
177427643.2649,17635.20000000001,15524.300000000001
177427645.2649,17635.100000000013,15524.300000000001
177427647.2649,17635.100000000013,15524.300000000001
177427649.2649,17635.100000000013,15524.300000000001
177427651.2649,17635.100000000013,15524.300000000001
177427653.2649,17635.100000000013,15524.300000000001
177427655.2649,17635.100000000013,15524.300000000001
177427657.2649,17635.100000000013,15524.300000000001
177427659.2649,17635.100000000013,15524.300000000001
177427661.2649,17635.100000000013,15524.300000000001
177427663.2649,17635.100000000013,15524.300000000001
177427665.2649,17635.100000000013,15524.300000000001
177427667.2649,17635.100000000013,15524.300000000001
177427669.2649,17635.100000000013,15524.300000000001
177427671.2649,17635.100000000013,15524.300000000001
177427673.2649,17635.100000000013,15524.300000000001
177427675.2649,17635.100000000013,15524.300000000001
177427677.2649,17635.100000000013,15524.300000000001
177427679.2649,17635.20000000001,15524.300000000001
177427681.2649,17635.100000000013,15524.300000000001
177427683.2649,17635.100000000013,15524.300000000001
177427685.2649,17635.100000000013,15524.300000000001
177427687.2649,17635.100000000013,15524.300000000001
177427689.2649,17635.100000000013,15524.300000000001
177427691.2649,17635.100000000013,15524.300000000001
177427693.2649,17635.100000000013,15524.300000000001
177427695.2649,17635.100000000013,15524.300000000001
177427697.2649,17635.100000000013,15524.300000000001
177427699.2649,17635.100000000013,15524.300000000001
177427701.2649,17635.100000000013,15524.300000000001
177427703.2649,17635.000000000015,15524.300000000001
177427705.2649,17635.000000000015,15524.300000000001
177427707.2649,17635.000000000015,15524.300000000001
177427709.2649,17635.000000000015,15524.300000000001
177427711.2649,17635.000000000015,15524.300000000001
177427713.2649,17635.000000000015,15524.300000000001
177427715.2649,17635.000000000015,15524.300000000001
177427717.2649,17635.000000000015,15524.300000000001
177427719.2649,17635.000000000015,15524.300000000001
177427721.2649,17635.000000000015,15524.300000000001
177427723.2649,17635.000000000015,15524.300000000001
177427725.2649,17635.000000000015,15524.300000000001
177427727.2649,17635.000000000015,15524.300000000001
177427729.2649,17635.000000000015,15524.300000000001
177427731.2649,17635.000000000015,15524.300000000001
177427733.2649,17635.000000000015,15524.300000000001
177427735.2649,17635.000000000015,15524.300000000001
177427737.2649,17635.000000000015,15524.300000000001
177427739.2649,17635.000000000015,15524.300000000001
177427741.2649,17635.000000000015,15524.300000000001
177427743.2649,17635.000000000015,15524.300000000001
177427745.2649,17635.000000000015,15524.300000000001
177427747.2649,17869.900000000016,15524.300000000001
177427749.2649,17869.900000000016,15524.300000000001
177427751.2649,17869.900000000016,15524.300000000001
177427753.2649,17869.900000000016,15524.300000000001
177427755.2649,17869.900000000016,15524.300000000001
177427757.2649,17869.900000000016,15524.300000000001
177427759.2649,17869.900000000016,15524.300000000001
177427761.2649,17869.900000000016,15524.300000000001
177427763.2649,17869.900000000016,15524.300000000001
177427765.2649,17869.900000000016,15524.300000000001
177427767.2649,17869.900000000016,15524.300000000001
177427769.2649,17869.900000000016,15524.300000000001
177427771.2649,17869.900000000016,15524.300000000001
177427773.2649,17869.900000000016,15524.300000000001
177427775.2649,17869.900000000016,15524.300000000001
177427777.2649,17869.900000000016,15524.300000000001
177427779.2649,17869.900000000016,15524.300000000001
177427781.2649,17869.900000000016,15524.300000000001
177427783.2649,17869.900000000016,15524.300000000001
177427785.2649,17869.900000000016,15524.300000000001
177427787.2649,17869.900000000016,15524.300000000001
177427789.2649,17869.900000000016,15524.300000000001
177427791.2649,17869.900000000016,15524.300000000001
177427793.2649,17869.900000000016,15524.300000000001
177427795.2649,17869.900000000016,15524.300000000001
177427797.2649,17869.900000000016,15524.300000000001
177427799.2649,17869.900000000016,15524.300000000001
177427801.2649,17869.900000000016,15524.300000000001
177427805.2649,17869.900000000016,15524.300000000001
177427807.2649,17869.900000000016,15524.300000000001
177427809.2649,17869.900000000016,15524.300000000001
177427811.2649,17869.900000000016,15524.300000000001
177427813.2649,17869.900000000016,15524.300000000001
177427815.2649,17869.900000000016,15524.300000000001
177427817.2649,17869.900000000016,15524.300000000001
177427819.2649,17869.900000000016,15524.300000000001
177427821.2649,17869.900000000016,15524.300000000001
177427823.2649,17869.900000000016,15524.300000000001
177427825.2649,17869.900000000016,15524.300000000001
177427827.2649,17869.900000000016,15524.300000000001
177427829.2649,17869.900000000016,15524.300000000001
177427831.2649,17869.900000000016,15524.300000000001
177427833.2649,17869.900000000016,15524.300000000001
177427835.2649,17869.900000000016,15524.300000000001
177427837.2649,17869.900000000016,15524.300000000001
177427839.2649,17869.900000000016,15524.300000000001
177427841.2649,17869.900000000016,15524.300000000001
177427843.2649,17869.900000000016,15524.300000000001
177427845.2649,17869.900000000016,15524.300000000001
177427847.2649,17869.900000000016,15524.300000000001
177427849.2649,17869.900000000016,15524.300000000001
177427851.2649,17869.900000000016,15524.300000000001
177427853.2649,17869.900000000016,15524.300000000001
177427855.2649,17869.900000000016,15524.300000000001
177427857.2649,17869.900000000016,15524.300000000001
177427859.2649,17869.900000000016,15524.300000000001
177427861.2649,17869.900000000016,15524.300000000001
177427863.2649,17869.900000000016,15524.300000000001
177427865.2649,17869.900000000016,15524.300000000001
177427867.2649,17869.900000000016,15524.300000000001
177427869.2649,17869.900000000016,15524.300000000001
177427871.2649,17869.900000000016,15524.300000000001
177427873.2649,17869.900000000016,15524.300000000001
177427875.2649,17869.900000000016,15524.300000000001
177427877.2649,17869.900000000016,15524.300000000001
177427879.2649,17869.900000000016,15524.300000000001
177427881.2649,17869.900000000016,15524.300000000001
177427883.2649,17869.900000000016,15524.300000000001
177427885.2649,17869.900000000016,15524.300000000001
177427887.2649,17869.900000000016,15524.300000000001
177427889.2649,17869.900000000016,15524.300000000001
177427891.2649,17869.900000000016,15524.300000000001
177427893.2649,17869.900000000016,15524.300000000001
177427895.2649,17869.900000000016,15524.300000000001
177427897.2649,17869.900000000016,15524.300000000001
177427899.2649,17869.900000000016,15524.300000000001
177427901.2649,17869.900000000016,15524.300000000001
177427903.2649,17869.900000000016,15524.300000000001
177427905.2649,17869.900000000016,15524.300000000001
177427907.2649,17869.900000000016,15524.300000000001
177427909.2649,17869.900000000016,15524.300000000001
177427911.2649,17869.900000000016,15524.300000000001
177427913.2649,17869.900000000016,15524.300000000001
177427915.2649,17869.900000000016,15524.300000000001
177427917.2649,17869.900000000016,15524.300000000001
177427919.2649,17869.900000000016,15524.300000000001
177427921.2649,17869.900000000016,15524.300000000001
177427923.2649,17869.800000000017,15524.300000000001
177427925.2649,17869.800000000017,15524.300000000001
177427927.2649,17869.800000000017,15524.300000000001
177427929.2649,17869.900000000016,15524.300000000001
177427931.2649,17869.900000000016,15524.300000000001
177427933.2649,17869.900000000016,15524.300000000001
177427935.2649,17869.900000000016,15524.300000000001
177427937.2649,17869.900000000016,15524.300000000001
177427939.2649,17869.900000000016,15524.300000000001
177427941.2649,17869.900000000016,15524.300000000001
177427943.2649,17869.900000000016,15524.300000000001
177427945.2649,17869.900000000016,15524.300000000001
177427947.2649,17869.900000000016,15524.300000000001
177427949.2649,17869.900000000016,15524.300000000001
177427951.2649,17869.900000000016,15524.300000000001
177427953.2649,17869.900000000016,15524.300000000001
177427955.2649,17869.900000000016,15524.300000000001
177427957.2649,17869.900000000016,15524.300000000001
177427959.2649,17869.900000000016,15524.300000000001
177427961.2649,17869.900000000016,15524.300000000001
177427963.2649,17869.900000000016,15524.300000000001
177427965.2649,17869.900000000016,15524.300000000001
177427967.2649,17869.900000000016,15524.300000000001
177427969.2649,17869.900000000016,15524.300000000001
177427971.2649,17869.900000000016,15524.300000000001
177427973.2649,17869.900000000016,15524.300000000001
177427975.2649,17869.900000000016,15524.300000000001
177427977.2649,17869.900000000016,15524.300000000001
177427979.2649,17869.900000000016,15524.300000000001
177427981.2649,17869.900000000016,15524.300000000001
177427983.2649,17869.900000000016,15524.300000000001
177427985.2649,17869.900000000016,15524.300000000001
177427987.2649,17869.900000000016,15524.300000000001
177427989.2649,17869.900000000016,15524.300000000001
177427991.2649,17869.900000000016,15524.300000000001
177427993.2649,17869.900000000016,15524.300000000001
177427995.2649,17869.900000000016,15524.300000000001
177427997.2649,17869.900000000016,15524.300000000001
177427999.2649,17869.900000000016,15524.300000000001
177428001.2649,17869.900000000016,15524.300000000001
177428003.2649,17869.900000000016,15524.300000000001
177428005.2649,17869.900000000016,15524.300000000001
177428007.2649,17869.900000000016,15524.300000000001
177428009.2649,17869.900000000016,15524.300000000001
177428011.2649,17869.900000000016,15524.300000000001
177428013.2649,17869.900000000016,15524.300000000001
177428015.2649,17869.900000000016,15524.300000000001
177428017.2649,17869.800000000017,15524.300000000001
177428019.2649,17869.800000000017,15524.300000000001
177428021.2649,17869.800000000017,15524.300000000001
177428023.2649,17869.800000000017,15524.300000000001
177428025.2649,17869.800000000017,15524.300000000001
177428027.2649,17869.800000000017,15524.300000000001
177428029.2649,17869.800000000017,15524.300000000001
177428031.2649,17869.800000000017,15524.300000000001
177428033.2649,17869.800000000017,15524.300000000001
177428035.2649,17869.800000000017,15524.300000000001
177428037.2649,17869.800000000017,15524.300000000001
177428039.2649,17869.800000000017,15524.300000000001
177428041.2649,17869.800000000017,15524.300000000001
177428043.2649,17869.800000000017,15524.300000000001
177428045.2649,17869.800000000017,15524.300000000001
177428047.2649,17869.800000000017,15524.300000000001
177428049.2649,17869.800000000017,15524.300000000001
177428051.2649,17869.800000000017,15524.300000000001
177428053.2649,17869.800000000017,15524.300000000001
177428055.2649,17869.800000000017,15524.300000000001
177428057.2649,17869.70000000002,15524.300000000001
177428059.2649,17869.70000000002,15524.300000000001
177428061.2649,17869.70000000002,15524.300000000001
177428063.2649,17869.70000000002,15524.300000000001
177428065.2649,17869.70000000002,15524.300000000001
177428067.2649,17869.70000000002,15524.300000000001
177428069.2649,17869.70000000002,15524.300000000001
177428071.2649,17869.70000000002,15524.300000000001
177428073.2649,17869.70000000002,15524.300000000001
177428075.2649,17869.70000000002,15524.300000000001
177428077.2649,17869.70000000002,15524.300000000001
177428079.2649,17869.70000000002,15524.300000000001
177428081.2649,17869.70000000002,15524.300000000001
177428083.2649,17869.70000000002,15524.300000000001
177428085.2649,17869.70000000002,15524.300000000001
177428087.2649,17869.70000000002,15524.300000000001
177428089.2649,17869.70000000002,15524.300000000001
177428091.2649,17869.70000000002,15524.300000000001
177428093.2649,17869.70000000002,15524.300000000001
177428095.2649,17869.70000000002,15524.300000000001
177428097.2649,17869.70000000002,15524.300000000001
177428099.2649,17869.800000000017,15524.300000000001
177428101.2649,17869.800000000017,15524.300000000001
177428103.2649,17869.800000000017,15524.300000000001
177428105.2649,17869.800000000017,15524.300000000001
177428107.2649,17869.800000000017,15524.300000000001
177428109.2649,17869.800000000017,15524.300000000001
177428111.2649,17869.800000000017,15524.300000000001
177428113.2649,17869.800000000017,15524.300000000001
177428115.2649,17869.800000000017,15524.300000000001
177428117.2649,17869.800000000017,15524.300000000001
177428119.2649,17869.800000000017,15524.300000000001
177428121.2649,17869.800000000017,15524.300000000001
177428123.2649,17869.800000000017,15524.300000000001
177428125.2649,17869.800000000017,15524.300000000001
177428127.2649,17869.800000000017,15524.300000000001
177428129.2649,17869.800000000017,15524.300000000001
177428131.2649,17869.800000000017,15524.300000000001
177428133.2649,17869.800000000017,15524.300000000001
177428135.2649,17869.800000000017,15524.300000000001
177428137.2649,17869.800000000017,15524.300000000001
177428139.2649,17869.800000000017,15524.300000000001
177428141.2649,17869.800000000017,15524.300000000001
177428143.2649,17869.800000000017,15524.300000000001
177428145.2649,17869.800000000017,15524.300000000001
177428147.2649,17869.800000000017,15524.300000000001
177428149.2649,17869.800000000017,15524.300000000001
177428151.2649,17869.800000000017,15524.300000000001
177428153.2649,17869.800000000017,15524.300000000001
177428155.2649,17869.800000000017,15524.300000000001
177428157.2649,17869.800000000017,15524.300000000001
177428159.2649,17869.800000000017,15524.300000000001
177428161.2649,17869.800000000017,15524.300000000001
177428163.2649,17869.800000000017,15524.300000000001
177428165.2649,17869.800000000017,15524.300000000001
177428167.2649,17869.800000000017,15524.300000000001
177428169.2649,17869.800000000017,15524.300000000001
177428171.2649,17869.800000000017,15524.300000000001
177428173.2649,17869.800000000017,15524.300000000001
177428175.2649,17869.800000000017,15524.300000000001
177428177.2649,17869.800000000017,15524.300000000001
177428179.2649,17869.800000000017,15524.300000000001
177428181.2649,17869.800000000017,15524.300000000001
177428183.2649,17869.800000000017,15524.400000000001
177428185.2649,17869.800000000017,15524.400000000001
177428187.2649,17869.800000000017,15524.400000000001
177428189.2649,17869.800000000017,15524.400000000001
177428191.2649,17869.800000000017,15524.400000000001
177428193.2649,17869.800000000017,15524.400000000001
177428195.2649,17869.800000000017,15524.400000000001
177428197.2649,17869.800000000017,15524.400000000001
177428199.2649,17869.800000000017,15524.400000000001
177428201.2649,17869.800000000017,15524.400000000001
177428203.2649,17869.800000000017,15524.400000000001
177428205.2649,17869.800000000017,15524.400000000001
177428207.2649,17869.800000000017,15524.400000000001
177428209.2649,17869.800000000017,15524.400000000001
177428211.2649,17869.800000000017,15524.400000000001
177428213.2649,17869.800000000017,15524.400000000001
177428215.2649,17869.800000000017,15524.400000000001
177428217.2649,17869.800000000017,15524.400000000001
177428219.2649,17869.800000000017,15524.400000000001
177428221.2649,17869.800000000017,15524.400000000001
177428223.2649,17869.800000000017,15524.400000000001
177428225.2649,17869.800000000017,15524.400000000001
177428227.2649,17869.800000000017,15524.400000000001
177428229.2649,17869.800000000017,15524.400000000001
177428231.2649,17869.800000000017,15524.400000000001
177428233.2649,17869.800000000017,15524.400000000001
177428235.2649,17869.800000000017,15524.400000000001
177428237.2649,17869.800000000017,15524.400000000001
177428239.2649,17869.800000000017,15524.400000000001
177428241.2649,17869.800000000017,15524.400000000001
177428243.2649,17869.800000000017,15524.400000000001
177428245.2649,17869.70000000002,15524.500000000002
177428247.2649,17869.70000000002,15524.500000000002
177428249.2649,17869.70000000002,15524.500000000002
177428251.2649,17869.70000000002,15524.500000000002
177428253.2649,17869.70000000002,15524.500000000002
177428255.2649,17869.70000000002,15524.500000000002
177428257.2649,17869.70000000002,15524.500000000002
177428259.2649,17869.70000000002,15524.500000000002
177428261.2649,17869.70000000002,15524.500000000002
177428263.2649,17869.70000000002,15524.500000000002
177428265.2649,17869.70000000002,15524.500000000002
177428267.2649,17869.70000000002,15524.500000000002
177428269.2649,17869.70000000002,15524.500000000002
177428271.2649,17869.70000000002,15524.500000000002
177428273.2649,17869.70000000002,15524.500000000002
177428275.2649,17869.70000000002,15524.500000000002
177428277.2649,17869.70000000002,15524.500000000002
177428279.2649,17869.70000000002,15524.500000000002
177428281.2649,17869.70000000002,15524.500000000002
177428283.2649,17869.70000000002,15524.500000000002
177428285.2649,17869.70000000002,15524.500000000002
177428287.2649,17869.70000000002,15524.500000000002
177428289.2649,17869.70000000002,15524.500000000002
177428291.2649,17869.70000000002,15524.500000000002
177428293.2649,17869.70000000002,15524.500000000002
177428295.2649,17869.70000000002,15524.500000000002
177428297.2649,17869.70000000002,15524.500000000002
177428299.2649,17869.70000000002,15524.500000000002
177428301.2649,17869.70000000002,15524.500000000002
177428303.2649,17869.70000000002,15524.500000000002
177428305.2649,17869.70000000002,15524.500000000002
177428307.2649,17869.70000000002,15524.500000000002
177428309.2649,17869.70000000002,15524.500000000002
177428311.2649,17869.70000000002,15524.500000000002
177428313.2649,17869.70000000002,15524.500000000002
177428315.2649,17869.70000000002,15524.500000000002
177428317.2649,17869.70000000002,15524.500000000002
177428319.2649,17635.20000000002,15524.500000000002
177428321.2649,17635.20000000002,15524.500000000002
177428323.2649,17635.20000000002,15524.500000000002
177428325.2649,17635.10000000002,15524.500000000002
177428327.2649,17635.10000000002,15524.500000000002
177428329.2649,17635.10000000002,15524.500000000002
177428331.2649,17635.10000000002,15524.500000000002
177428333.2649,17635.10000000002,15524.500000000002
177428335.2649,17635.10000000002,15524.500000000002
177428337.2649,17635.10000000002,15524.500000000002
177428339.2649,17635.10000000002,15524.500000000002
177428341.2649,17635.10000000002,15524.500000000002
177428343.2649,17635.10000000002,15524.500000000002
177428345.2649,17635.10000000002,15524.500000000002
177428347.2649,17635.10000000002,15524.500000000002
177428349.2649,17635.10000000002,15524.500000000002
177428351.2649,17635.10000000002,15524.500000000002
177428353.2649,17635.20000000002,15524.500000000002
177428355.2649,17635.20000000002,15524.500000000002
177428357.2649,17635.20000000002,15524.500000000002
177428359.2649,17635.20000000002,15524.500000000002
177428361.2649,17635.20000000002,15524.500000000002
177428363.2649,17635.20000000002,15524.500000000002
177428365.2649,17635.20000000002,15524.500000000002
177428367.2649,17635.20000000002,15524.500000000002
177428369.2649,17635.20000000002,15524.500000000002
177428371.2649,17635.20000000002,15524.500000000002
177428373.2649,17635.20000000002,15524.500000000002
177428375.2649,17635.20000000002,15524.500000000002
177428377.2649,17635.20000000002,15524.500000000002
177428379.2649,17635.20000000002,15524.500000000002
177428381.2649,17635.20000000002,15524.500000000002
177428383.2649,17635.20000000002,15524.500000000002
177428385.2649,17635.00000000002,15524.500000000002
177428387.2649,17635.00000000002,15524.500000000002
177428389.2649,17635.00000000002,15524.500000000002
177428391.2649,17635.00000000002,15524.500000000002
177428393.2649,17635.00000000002,15524.500000000002
177428395.1649,17635.00000000002,15524.500000000002
177428397.1649,17635.00000000002,15524.500000000002
177428399.1649,17635.00000000002,15524.500000000002
177428401.1649,17635.00000000002,15524.500000000002
177428403.1649,17635.00000000002,15524.500000000002
177428405.1649,17635.00000000002,15524.500000000002
177428407.1649,17635.00000000002,15524.500000000002
177428409.1649,17635.00000000002,15524.500000000002
177428411.1649,17635.00000000002,15524.500000000002
177428413.1649,17635.00000000002,15524.500000000002
177428415.1649,17635.00000000002,15524.600000000002
177428417.1649,17635.00000000002,15524.600000000002
177428419.1649,17635.00000000002,15524.600000000002
177428421.1649,17635.00000000002,15524.600000000002
177428423.1649,17635.00000000002,15524.600000000002
177428425.1649,17635.00000000002,15524.600000000002
177428427.1649,17635.00000000002,15524.600000000002
177428429.1649,17635.00000000002,15524.500000000002
177428431.1649,17634.90000000002,15524.500000000002
177428433.1649,17634.90000000002,15524.500000000002
177428435.1649,17634.90000000002,15524.500000000002
177428437.1649,17634.90000000002,15524.500000000002
177428439.1649,17634.90000000002,15524.500000000002
177428441.1649,17634.90000000002,15524.500000000002
177428443.1649,17634.90000000002,15524.500000000002
177428445.1649,17634.90000000002,15524.500000000002
177428447.1649,17634.90000000002,15524.500000000002
177428449.1649,17634.90000000002,15524.500000000002
177428451.1649,17634.90000000002,15524.500000000002
177428453.1649,17634.90000000002,15524.500000000002
177428455.1649,17634.90000000002,15524.600000000002
177428457.1649,17634.90000000002,15524.600000000002
177428459.1649,17634.90000000002,15524.600000000002
177428461.1649,17634.90000000002,15524.600000000002
177428463.1649,17634.90000000002,15524.600000000002
177428465.1649,17634.90000000002,15524.600000000002
177428467.1649,17634.90000000002,15524.600000000002
177428469.1649,17634.90000000002,15524.600000000002
177428471.1649,17634.90000000002,15524.600000000002
177428473.1649,17634.90000000002,15524.600000000002
177428475.1649,17634.90000000002,15524.600000000002
177428477.1649,17634.90000000002,15524.600000000002
177428479.1649,17634.90000000002,15524.600000000002
177428481.1649,17634.90000000002,15524.600000000002
177428483.1649,17634.90000000002,15524.600000000002
177428485.1649,17634.90000000002,15524.600000000002
177428487.1649,17634.90000000002,15524.600000000002
177428489.1649,17634.90000000002,15524.600000000002
177428491.1649,17634.90000000002,15524.600000000002
177428493.1649,17634.90000000002,15524.600000000002
177428495.1649,17634.90000000002,15524.600000000002
177428497.1649,17634.90000000002,15524.600000000002
177428499.1649,17634.90000000002,15524.600000000002
177428501.1649,17634.90000000002,15524.600000000002
177428503.1649,17634.90000000002,15524.600000000002
177428505.1649,17634.90000000002,15524.600000000002
177428507.1649,17634.90000000002,15524.600000000002
177428509.1649,17634.90000000002,15524.600000000002
177428511.1649,17634.90000000002,15524.600000000002
177428513.2649,17634.90000000002,15524.600000000002
177428515.1649,17634.90000000002,15524.600000000002
177428517.1649,17634.90000000002,15524.600000000002
177428519.1649,17634.90000000002,15524.600000000002
177428521.1649,17634.90000000002,15524.600000000002
177428523.1649,17634.90000000002,15524.600000000002
177428525.1649,17634.90000000002,15524.600000000002
177428527.1649,17634.90000000002,15524.600000000002
177428529.1649,17634.90000000002,15524.600000000002
177428531.1649,17634.90000000002,15524.600000000002
177428533.1649,17634.90000000002,15524.600000000002
177428535.1649,17634.90000000002,15524.600000000002
177428537.1649,17634.90000000002,15524.600000000002
177428539.1649,17634.90000000002,15524.600000000002
177428541.1649,17634.90000000002,15524.600000000002
177428543.1649,17634.80000000002,15524.600000000002
177428545.1649,17634.80000000002,15524.600000000002
177428547.1649,17634.80000000002,15524.600000000002
177428549.1649,17634.80000000002,15524.600000000002
177428551.1649,17634.80000000002,15524.600000000002
177428553.1649,17634.80000000002,15524.600000000002
177428555.1649,17634.80000000002,15524.600000000002
177428557.1649,17634.80000000002,15524.600000000002
177428559.1649,17634.80000000002,15524.600000000002
177428561.1649,17634.80000000002,15524.600000000002
177428563.1649,17634.80000000002,15524.600000000002
177428565.1649,17634.80000000002,15524.600000000002
177428567.1649,17634.80000000002,15524.600000000002
177428569.1649,17634.80000000002,15524.600000000002
177428571.1649,17634.80000000002,15524.600000000002
177428573.1649,17634.80000000002,15524.600000000002
177428575.1649,17634.80000000002,15524.600000000002
177428577.1649,17634.80000000002,15524.600000000002
177428579.1649,17634.80000000002,15524.600000000002
177428581.1649,17634.80000000002,15524.600000000002
177428583.1649,17634.80000000002,15524.600000000002
177428585.1649,17634.80000000002,15524.600000000002
177428587.1649,17634.80000000002,15524.600000000002
177428589.1649,17634.80000000002,15524.600000000002
177428591.1649,17634.80000000002,15524.600000000002
177428593.1649,17634.80000000002,15524.600000000002
177428595.1649,17634.80000000002,15524.600000000002
177428597.1649,17634.80000000002,15524.600000000002
177428599.1649,17634.80000000002,15524.600000000002
177428601.1649,17634.80000000002,15524.600000000002
177428603.1649,17634.80000000002,15524.600000000002
177428605.1649,17634.80000000002,15524.600000000002
177428607.1649,17634.80000000002,15524.600000000002
177428609.1649,17634.80000000002,15524.600000000002
177428611.1649,17634.80000000002,15524.600000000002
177428613.1649,17634.80000000002,15524.600000000002
177428615.1649,17634.80000000002,15524.600000000002
177428617.1649,17634.80000000002,15524.600000000002
177428619.1649,17634.80000000002,15524.600000000002
177428621.1649,17634.80000000002,15524.600000000002
177428623.1649,17634.80000000002,15524.600000000002
177428625.1649,17634.700000000023,15524.600000000002
177428627.1649,17634.700000000023,15524.600000000002
177428629.1649,17634.600000000024,15524.600000000002
177428631.1649,17634.600000000024,15524.600000000002
177428633.1649,17634.600000000024,15524.600000000002
177428635.1649,17634.600000000024,15524.600000000002
177428637.1649,17634.600000000024,15524.600000000002
177428639.1649,17634.600000000024,15524.600000000002
177428641.1649,17634.600000000024,15524.600000000002
177428643.1649,17634.600000000024,15524.600000000002
177428645.1649,17634.600000000024,15524.600000000002
177428647.1649,17634.600000000024,15524.500000000002
177428649.1649,17634.600000000024,15524.500000000002
177428651.1649,17634.600000000024,15524.500000000002
177428653.1649,17634.600000000024,15524.500000000002
177428655.1649,17634.600000000024,15524.500000000002
177428657.1649,17634.600000000024,15524.500000000002
177428659.1649,17634.600000000024,15524.500000000002
177428661.1649,17634.600000000024,15524.500000000002
177428663.1649,17634.600000000024,15524.500000000002
177428665.1649,17634.600000000024,15524.500000000002
177428667.1649,17634.600000000024,15524.500000000002
177428669.1649,17634.600000000024,15524.500000000002
177428671.1649,17634.600000000024,15524.500000000002
177428673.1649,17634.600000000024,15524.500000000002
177428675.1649,17634.600000000024,15524.500000000002
177428677.1649,17634.600000000024,15524.500000000002
177428679.1649,17634.600000000024,15524.500000000002
177428681.1649,17634.600000000024,15524.500000000002
177428683.1649,17634.600000000024,15524.500000000002
177428685.1649,17634.600000000024,15524.500000000002
177428687.1649,17634.600000000024,15524.500000000002
177428689.1649,17634.600000000024,15524.500000000002
177428691.1649,17634.500000000025,15524.600000000002
177428693.1649,17634.500000000025,15524.600000000002
177428695.1649,17634.500000000025,15524.600000000002
177428697.1649,17634.500000000025,15524.600000000002
177428699.1649,17634.500000000025,15524.600000000002
177428701.1649,17634.500000000025,15524.600000000002
177428703.1649,17634.500000000025,15524.600000000002
177428705.1649,17634.500000000025,15524.600000000002
177428707.1649,17634.500000000025,15524.600000000002
177428709.1649,17634.500000000025,15524.600000000002
177428711.1649,17634.500000000025,15524.600000000002
177428713.1649,17635.100000000024,15524.600000000002
177428715.1649,17635.100000000024,15524.600000000002
177428717.1649,17635.000000000025,15524.600000000002
177428719.1649,17635.000000000025,15524.600000000002
177428721.1649,17635.000000000025,15524.600000000002
177428723.1649,17635.000000000025,15524.600000000002
177428725.1649,17635.000000000025,15524.600000000002
177428727.1649,17635.000000000025,15524.600000000002
177428729.1649,17635.000000000025,15524.600000000002
177428731.1649,17635.000000000025,15524.600000000002
177428733.1649,17635.000000000025,15524.600000000002
177428735.1649,17635.000000000025,15524.600000000002
177428737.1649,17635.000000000025,15524.600000000002
177428739.1649,17635.000000000025,15524.600000000002
177428741.1649,17635.000000000025,15524.600000000002
177428743.0649,17635.000000000025,15524.600000000002
177428745.0649,17635.000000000025,15524.600000000002
177428747.0649,17635.000000000025,15524.600000000002
177428749.0649,17635.000000000025,15524.600000000002
177428751.0649,17635.000000000025,15524.600000000002
177428753.0649,17635.000000000025,15524.600000000002
177428755.0649,17635.000000000025,15524.600000000002
177428757.0649,17635.000000000025,15524.600000000002
177428759.0649,17635.000000000025,15524.600000000002
177428761.0649,17635.000000000025,15524.600000000002
177428763.0649,17635.000000000025,15524.600000000002
177428765.0649,17635.000000000025,15524.600000000002
177428767.0649,17635.000000000025,15524.600000000002
177428769.0649,17635.000000000025,15524.600000000002
177428771.0649,17635.000000000025,15524.600000000002
177428773.0649,17635.000000000025,15524.600000000002
177428775.0649,17635.000000000025,15524.600000000002
177428777.0649,17635.000000000025,15524.600000000002
177428779.0649,17635.000000000025,15524.600000000002
177428781.0649,17635.000000000025,15524.600000000002
177428783.0649,17635.000000000025,15524.600000000002
177428785.0649,17635.000000000025,15524.600000000002
177428787.0649,17635.000000000025,15524.600000000002
177428789.0649,17635.000000000025,15524.600000000002
177428791.0649,17635.000000000025,15524.600000000002
177428793.0649,17635.000000000025,15524.600000000002
177428795.0649,17635.000000000025,15524.600000000002
177428797.0649,17635.000000000025,15524.600000000002
177428799.0649,17635.000000000025,15524.600000000002
177428801.0649,17635.000000000025,15524.600000000002
177428803.0649,17635.000000000025,15524.600000000002
177428805.0649,17635.000000000025,15524.600000000002
177428807.0649,17635.000000000025,15524.600000000002
177428809.0649,17635.000000000025,15524.600000000002
177428811.0649,17635.000000000025,15524.600000000002
177428813.0649,17635.000000000025,15524.600000000002
177428815.0649,17635.000000000025,15524.600000000002
177428817.0649,17634.900000000027,15524.600000000002
177428819.0649,17634.900000000027,15524.600000000002
177428821.0649,17634.900000000027,15524.600000000002
177428823.0649,17634.900000000027,15524.600000000002
177428825.0649,17634.900000000027,15524.600000000002
177428827.0649,17634.900000000027,15524.600000000002
177428829.0649,17634.900000000027,15524.600000000002
177428831.0649,17634.900000000027,15524.600000000002
177428833.0649,17634.900000000027,15524.600000000002
177428835.0649,17634.900000000027,15524.600000000002
177428837.0649,17634.900000000027,15524.600000000002
177428839.0649,17634.900000000027,15524.600000000002
177428841.0649,17634.900000000027,15524.600000000002
177428843.0649,17634.900000000027,15524.600000000002
177428845.0649,17634.900000000027,15524.600000000002
177428847.0649,17634.900000000027,15524.600000000002
177428849.0649,17634.900000000027,15524.600000000002
177428851.0649,17634.900000000027,15524.600000000002
177428853.0649,17634.900000000027,15524.600000000002
177428855.0649,17634.80000000003,15524.600000000002
177428857.0649,17634.80000000003,15524.600000000002
177428859.0649,17634.80000000003,15524.300000000003
177428861.0649,17634.80000000003,15524.400000000003
177428863.0649,17634.80000000003,15524.400000000003
177428865.0649,17634.80000000003,15524.400000000003
177428867.0649,17634.80000000003,15524.400000000003
177428869.0649,17634.80000000003,15524.400000000003
177428871.0649,17634.70000000003,15524.400000000003
177428873.0649,17634.70000000003,15524.400000000003
177428875.0649,17634.70000000003,15524.400000000003
177428877.0649,17634.60000000003,15524.400000000003
177428879.0649,17634.500000000033,15524.400000000003
177428881.0649,17634.500000000033,15524.400000000003
177428883.0649,17634.500000000033,15524.400000000003
177428885.0649,17634.500000000033,15524.400000000003
177428887.0649,17634.500000000033,15524.400000000003
177428889.0649,17634.500000000033,15524.400000000003
177428891.0649,17634.500000000033,15524.400000000003
177428893.0649,17634.500000000033,15524.400000000003
177428895.0649,17634.500000000033,15524.400000000003
177428897.0649,17634.500000000033,15524.400000000003
177428899.0649,17634.500000000033,15524.400000000003
177428901.0649,17634.500000000033,15524.400000000003
177428903.0649,17634.500000000033,15524.400000000003
177428905.0649,17634.500000000033,15524.400000000003
177428907.0649,17634.500000000033,15524.400000000003
177428909.0649,17634.500000000033,15524.400000000003
177428911.0649,17634.500000000033,15524.400000000003
177428913.0649,17634.500000000033,15524.400000000003
177428915.0649,17634.500000000033,15524.400000000003
177428917.0649,17634.500000000033,15524.400000000003
177428919.0649,17634.500000000033,15524.400000000003
177428921.0649,17634.500000000033,15524.400000000003
177428923.0649,17634.500000000033,15524.400000000003
177428925.0649,17634.500000000033,15524.400000000003
177428927.0649,17634.500000000033,15524.400000000003
177428929.0649,17634.500000000033,15524.400000000003
177428931.0649,17634.500000000033,15524.400000000003
177428933.0649,17634.500000000033,15524.400000000003
177428935.0649,17634.500000000033,15524.400000000003
177428937.0649,17634.500000000033,15524.400000000003
177428939.0649,17634.500000000033,15524.400000000003
177428941.0649,17634.500000000033,15524.400000000003
177428943.0649,17634.500000000033,15524.400000000003
177428945.0649,17634.500000000033,15524.400000000003
177428947.0649,17634.500000000033,15524.400000000003
177428949.0649,17634.500000000033,15524.400000000003
177428951.0649,17634.500000000033,15524.400000000003
177428953.0649,17634.500000000033,15524.400000000003
177428955.0649,17634.500000000033,15524.400000000003
177428957.0649,17634.500000000033,15524.400000000003
177428959.0649,17634.500000000033,15524.400000000003
177428961.0649,17634.500000000033,15524.400000000003
177428963.0649,17634.500000000033,15524.400000000003
177428965.0649,17634.500000000033,15524.400000000003
177428967.0649,17634.500000000033,15524.400000000003
177428969.0649,17634.500000000033,15524.400000000003
177428971.0649,17634.500000000033,15524.400000000003
177428973.0649,17634.500000000033,15524.400000000003
177428975.0649,17634.500000000033,15524.400000000003
177428977.0649,17634.500000000033,15524.400000000003
177428979.0649,17634.500000000033,15524.400000000003
177428981.0649,17634.500000000033,15524.400000000003
177428983.0649,17423.500000000033,15524.400000000003
177428985.0649,17423.500000000033,15524.400000000003
177428987.0649,17423.500000000033,15524.400000000003
177428989.0649,17423.500000000033,15524.400000000003
177428991.0649,17423.500000000033,15524.400000000003
177428993.0649,17423.500000000033,15524.400000000003
177428995.0649,17423.500000000033,15524.400000000003
177428997.0649,17423.500000000033,15524.400000000003
177428999.0649,17423.500000000033,15524.400000000003
177429001.0649,17423.500000000033,15524.400000000003
177429003.0649,17423.500000000033,15524.300000000003
177429005.0649,17423.500000000033,15524.300000000003
177429007.0649,17423.500000000033,15524.300000000003
177429009.0649,17423.500000000033,15524.300000000003
177429011.0649,17634.500000000033,15524.300000000003
177429013.0649,17634.500000000033,15524.300000000003
177429015.0649,17634.500000000033,15524.300000000003
177429017.0649,17634.500000000033,15524.300000000003
177429019.0649,17634.500000000033,15524.300000000003
177429021.0649,17634.500000000033,15524.300000000003
177429023.0649,17634.500000000033,15524.300000000003
177429025.0649,17634.500000000033,15524.300000000003
177429027.0649,17634.500000000033,15524.300000000003
177429029.0649,17634.500000000033,15524.300000000003
177429031.0649,17634.500000000033,15524.300000000003
177429033.0649,17634.500000000033,15524.300000000003
177429035.0649,17634.500000000033,15524.300000000003
177429037.0649,17634.500000000033,15524.300000000003
177429039.0649,17634.500000000033,15524.300000000003
177429041.0649,17634.400000000034,15524.300000000003
177429043.0649,17634.400000000034,15524.300000000003
177429045.0649,17634.400000000034,15524.300000000003
177429047.0649,17634.500000000033,15524.300000000003
177429049.0649,17634.500000000033,15524.300000000003
177429051.0649,17634.500000000033,15524.300000000003
177429053.0649,17634.500000000033,15524.300000000003
177429055.0649,17634.500000000033,15524.300000000003
177429057.0649,17634.500000000033,15524.300000000003
177429059.0649,17634.500000000033,15524.300000000003
177429061.0649,17634.500000000033,15524.300000000003
177429063.0649,17634.500000000033,15524.300000000003
177429065.1649,17634.500000000033,15524.300000000003
177429067.0649,17634.500000000033,15524.300000000003
177429069.0649,17634.500000000033,15524.300000000003
177429071.0649,17634.500000000033,15524.300000000003
177429073.0649,17634.500000000033,15524.300000000003
177429075.0649,17634.500000000033,15524.300000000003
177429077.0649,17634.500000000033,15524.300000000003
177429079.0649,17634.500000000033,15524.300000000003
177429081.0649,17634.500000000033,15524.300000000003
177429083.0649,17634.500000000033,15524.300000000003
177429085.0649,17634.500000000033,15524.300000000003
177429087.0649,17634.500000000033,15524.300000000003
177429089.0649,17634.500000000033,15524.300000000003
177429091.0649,17634.500000000033,15524.300000000003
177429093.0649,17634.500000000033,15524.300000000003
177429095.0649,17634.500000000033,15524.300000000003
177429097.0649,17634.500000000033,15524.300000000003
177429099.0649,17634.500000000033,15524.300000000003
177429101.0649,17634.500000000033,15524.300000000003
177429103.0649,17634.500000000033,15524.300000000003
177429105.0649,17634.500000000033,15524.300000000003
177429107.0649,17634.500000000033,15524.300000000003
177429109.0649,17634.500000000033,15524.300000000003
177429111.0649,17634.500000000033,15524.300000000003
177429113.0649,17634.500000000033,15524.300000000003
177429115.0649,17634.500000000033,15524.300000000003
177429117.0649,17634.500000000033,15524.300000000003
177429119.0649,17634.500000000033,15524.300000000003
177429121.0649,17634.500000000033,15524.300000000003
177429123.0649,17634.500000000033,15524.300000000003
177429125.0649,17634.500000000033,15524.300000000003
177429127.0649,17634.500000000033,15524.300000000003
177429129.0649,17634.500000000033,15524.300000000003
177429131.0649,17634.500000000033,15524.300000000003
177429133.0649,17634.500000000033,15524.300000000003
177429135.0649,17634.500000000033,15524.300000000003
177429137.0649,17634.400000000034,15524.300000000003
177429139.0649,17634.400000000034,15524.300000000003
177429141.0649,17634.400000000034,15524.300000000003
177429143.0649,17634.400000000034,15524.300000000003
177429145.0649,17634.400000000034,15524.300000000003
177429147.0649,17634.400000000034,15524.300000000003
177429149.0649,17634.400000000034,15524.300000000003
177429151.0649,17634.400000000034,15524.300000000003
177429153.0649,17634.400000000034,15524.300000000003
177429155.0649,17634.400000000034,15524.300000000003
177429157.0649,17634.400000000034,15524.300000000003
177429159.0649,17634.400000000034,15524.300000000003
177429161.0649,17634.400000000034,15524.300000000003
177429163.0649,17634.700000000033,15524.300000000003
177429165.0649,17634.700000000033,15524.300000000003
177429167.0649,17634.700000000033,15524.300000000003
177429169.0649,17634.700000000033,15524.300000000003
177429171.0649,17634.700000000033,15524.300000000003
177429173.0649,17634.700000000033,15524.300000000003
177429175.0649,17634.700000000033,15524.300000000003
177429177.0649,17634.700000000033,15524.300000000003
177429179.0649,17634.700000000033,15524.300000000003
177429181.0649,17634.700000000033,15524.300000000003
177429183.0649,17634.700000000033,15524.300000000003
177429185.0649,17634.700000000033,15524.300000000003
177429187.0649,17635.000000000033,15524.300000000003
177429189.0649,17635.000000000033,15524.300000000003
177429191.0649,17635.000000000033,15524.300000000003
177429193.0649,17635.000000000033,15524.300000000003
177429195.0649,17635.000000000033,15524.300000000003
177429197.0649,17635.000000000033,15524.300000000003
177429199.0649,17635.000000000033,15524.300000000003
177429201.0649,17635.000000000033,15524.300000000003
177429203.0649,17635.000000000033,15524.300000000003
177429205.0649,17635.000000000033,15524.300000000003
177429207.0649,17635.000000000033,15524.300000000003
177429209.0649,17635.000000000033,15524.300000000003
177429211.0649,17635.000000000033,15524.300000000003
177429213.0649,17635.000000000033,15524.300000000003
177429215.0649,17635.000000000033,15524.300000000003
177429217.0649,17635.000000000033,15524.300000000003
177429219.0649,17635.000000000033,15524.300000000003
177429221.0649,17635.000000000033,15524.300000000003
177429223.0649,17635.000000000033,15524.300000000003
177429225.0649,17635.000000000033,15524.300000000003
177429227.0649,17635.000000000033,15524.300000000003
177429229.0649,17635.000000000033,15524.300000000003
177429231.0649,17635.000000000033,15524.300000000003
177429233.0649,17635.000000000033,15524.300000000003
177429235.0649,17635.000000000033,15524.300000000003
177429237.0649,17635.000000000033,15524.300000000003
177429239.0649,17634.900000000034,15524.300000000003
177429241.0649,17634.900000000034,15524.300000000003
177429243.0649,17634.900000000034,15524.300000000003
177429245.0649,17634.900000000034,15524.300000000003
177429247.0649,17634.900000000034,15524.300000000003
177429249.0649,17634.900000000034,15524.300000000003
177429251.0649,17634.900000000034,15524.300000000003
177429253.0649,17634.900000000034,15524.300000000003
177429255.0649,17634.900000000034,15524.300000000003
177429257.0649,17634.900000000034,15524.300000000003
177429259.0649,17634.900000000034,15524.300000000003
177429261.0649,17634.900000000034,15524.300000000003
177429263.0649,17634.900000000034,15524.300000000003
177429265.0649,17634.900000000034,15524.300000000003
177429267.0649,17634.900000000034,15524.300000000003
177429269.0649,17634.900000000034,15524.300000000003
177429271.0649,17634.900000000034,15524.300000000003
177429273.0649,17634.900000000034,15524.300000000003
177429275.0649,17634.900000000034,15524.300000000003
177429277.0649,17634.900000000034,15524.300000000003
177429279.0649,17634.900000000034,15524.300000000003
177429281.0649,17634.900000000034,15524.300000000003
177429283.0649,17634.900000000034,15524.300000000003
177429285.0649,17634.900000000034,15524.300000000003
177429287.0649,17634.900000000034,15524.300000000003
177429289.0649,17634.900000000034,15524.300000000003
177429291.0649,17634.900000000034,15524.300000000003
177429293.0649,17634.900000000034,15524.300000000003
177429295.0649,17634.900000000034,15524.300000000003
177429297.0649,17634.900000000034,15524.300000000003
177429299.0649,17634.900000000034,15524.300000000003
177429301.0649,17634.900000000034,15524.300000000003
177429303.0649,17634.900000000034,15524.300000000003
177429305.0649,17634.900000000034,15524.300000000003
177429307.0649,17634.900000000034,15524.300000000003
177429309.0649,17634.900000000034,15524.300000000003
177429311.0649,17634.900000000034,15524.300000000003
177429313.0649,17634.900000000034,15524.300000000003
177429315.0649,17634.900000000034,15524.300000000003
177429317.0649,17634.900000000034,15524.300000000003
177429319.0649,17634.900000000034,15524.300000000003
177429321.0649,17634.900000000034,15524.300000000003
177429323.0649,17634.900000000034,15524.300000000003
177429325.0649,17634.900000000034,15524.300000000003
177429327.0649,17634.900000000034,15524.300000000003
177429329.0649,17634.900000000034,15524.300000000003
177429331.0649,17634.900000000034,15524.300000000003
177429333.0649,17634.900000000034,15524.300000000003
177429335.0649,17634.900000000034,15524.300000000003
177429337.0649,17634.900000000034,15524.300000000003
177429339.0649,17634.900000000034,15524.300000000003
177429341.0649,17634.900000000034,15524.300000000003
177429343.0649,17634.900000000034,15524.300000000003
177429345.0649,17634.900000000034,15524.300000000003
177429347.0649,17634.900000000034,15524.300000000003
177429349.0649,17634.900000000034,15524.300000000003
177429351.0649,17634.900000000034,15524.300000000003
177429353.0649,17634.900000000034,15524.300000000003
177429355.0649,17634.900000000034,15524.300000000003
177429357.0649,17634.900000000034,15524.300000000003
177429359.0649,17634.900000000034,15524.300000000003
177429361.0649,17634.900000000034,15524.300000000003
177429363.0649,17634.900000000034,15524.300000000003
177429365.0649,17634.900000000034,15524.300000000003
177429367.0649,17634.900000000034,15524.300000000003
177429369.0649,17634.900000000034,15524.300000000003
177429371.0649,17634.800000000036,15524.300000000003
177429373.0649,17634.800000000036,15524.300000000003
177429375.0649,17634.800000000036,15524.300000000003
177429377.0649,17634.700000000037,15524.300000000003
177429379.0649,17634.700000000037,15524.300000000003
177429381.0649,17634.700000000037,15524.300000000003
177429383.0649,17634.700000000037,15524.300000000003
177429385.0649,17634.700000000037,15524.300000000003
177429387.0649,17634.700000000037,15524.300000000003
177429389.0649,17634.700000000037,15524.300000000003
177429391.0649,17634.700000000037,15524.300000000003
177429393.0649,17634.700000000037,15524.300000000003
177429395.0649,17634.700000000037,15524.300000000003
177429397.0649,17634.700000000037,15524.300000000003
177429399.0649,17634.700000000037,15524.300000000003
177429401.0649,17634.700000000037,15524.300000000003
177429403.0649,17634.700000000037,15524.300000000003
177429405.0649,17634.700000000037,15524.300000000003
177429407.0649,17634.700000000037,15524.300000000003
177429409.0649,17634.700000000037,15524.300000000003
177429411.0649,17634.800000000036,15524.300000000003
177429413.0649,17634.800000000036,15524.300000000003
177429415.0649,17634.800000000036,15524.300000000003
177429417.0649,17634.800000000036,15524.300000000003
177429419.0649,17634.800000000036,15524.300000000003
177429421.0649,17634.800000000036,15524.300000000003
177429423.0649,17634.800000000036,15524.300000000003
177429425.0649,17634.800000000036,15524.300000000003
177429427.0649,17634.800000000036,15524.300000000003
177429429.0649,17634.800000000036,15524.300000000003
177429431.0649,17634.700000000037,15524.300000000003
177429433.0649,17634.700000000037,15524.300000000003
177429435.0649,17423.700000000037,15524.300000000003
177429437.0649,17423.700000000037,15524.300000000003
177429439.0649,17423.700000000037,15524.300000000003
177429441.0649,17423.700000000037,15524.300000000003
177429443.0649,17634.800000000036,15524.300000000003
177429445.0649,17634.800000000036,15524.300000000003
177429447.0649,17634.800000000036,15524.300000000003
177429449.0649,17634.800000000036,15524.300000000003
177429451.0649,17634.800000000036,15524.300000000003
177429453.0649,17634.800000000036,15524.400000000003
177429455.0649,17634.800000000036,15524.400000000003
177429457.0649,17634.800000000036,15524.400000000003
177429459.0649,17634.800000000036,15524.400000000003
177429461.0649,17634.800000000036,15524.400000000003
177429463.0649,17634.800000000036,15524.400000000003
177429465.0649,17634.700000000037,15524.400000000003
177429467.0649,17634.700000000037,15524.400000000003
177429469.0649,17634.700000000037,15524.400000000003
177429471.0649,17634.700000000037,15524.400000000003
177429473.0649,17634.700000000037,15524.400000000003
177429475.0649,17634.700000000037,15524.400000000003
177429477.0649,17634.60000000004,15524.500000000004
177429479.0649,17634.60000000004,15524.500000000004
177429481.0649,17634.60000000004,15524.500000000004
177429483.0649,17634.50000000004,15524.500000000004
177429485.0649,17634.50000000004,15524.500000000004
177429487.0649,17634.50000000004,15524.500000000004
177429489.0649,17634.50000000004,15524.500000000004
177429491.0649,17634.50000000004,15524.500000000004
177429493.0649,17634.50000000004,15524.500000000004
177429495.0649,17634.50000000004,15524.500000000004
177429497.0649,17634.50000000004,15524.500000000004
177429499.0649,17634.50000000004,15524.500000000004
177429501.0649,17634.50000000004,15524.500000000004
177429503.0649,17634.50000000004,15524.500000000004
177429505.0649,17634.50000000004,15524.500000000004
177429507.0649,17634.50000000004,15524.500000000004
177429509.0649,17634.50000000004,15524.500000000004
177429511.0649,17634.40000000004,15524.500000000004
177429513.0649,17634.40000000004,15524.500000000004
177429515.0649,17635.100000000042,15524.500000000004
177429517.0649,17635.100000000042,15524.500000000004
177429519.0649,17635.100000000042,15524.500000000004
177429521.0649,17635.100000000042,15524.500000000004
177429523.0649,17635.100000000042,15524.500000000004
177429525.0649,17635.100000000042,15524.500000000004
177429527.0649,17635.100000000042,15524.500000000004
177429529.0649,17635.100000000042,15524.500000000004
177429531.0649,17635.100000000042,15524.500000000004
177429533.0649,17635.100000000042,15524.500000000004
177429535.0649,17635.100000000042,15524.500000000004
177429537.0649,17635.100000000042,15524.500000000004
177429539.0649,17635.100000000042,15524.500000000004
177429541.0649,17635.100000000042,15524.500000000004
177429543.0649,17635.100000000042,15524.500000000004
177429545.0649,17635.100000000042,15524.500000000004
177429547.0649,17635.100000000042,15524.500000000004
177429549.0649,17635.100000000042,15524.500000000004
177429551.0649,17635.100000000042,15524.500000000004
177429553.0649,17635.100000000042,15524.500000000004
177429555.0649,17635.000000000044,15524.500000000004
177429557.0649,17635.000000000044,15524.500000000004
177429559.0649,17634.800000000043,15524.500000000004
177429561.0649,17634.800000000043,15524.500000000004
177429563.0649,17634.800000000043,15524.500000000004
177429565.0649,17634.800000000043,15524.500000000004
177429567.0649,17634.800000000043,15524.500000000004
177429569.0649,17634.800000000043,15524.500000000004
177429571.0649,17634.800000000043,15524.500000000004
177429573.0649,17634.800000000043,15524.500000000004
177429575.0649,17634.800000000043,15524.500000000004
177429577.0649,17634.800000000043,15524.500000000004
177429579.0649,17634.800000000043,15524.500000000004
177429581.0649,17634.800000000043,15524.500000000004
177429583.0649,17634.800000000043,15524.500000000004
177429585.0649,17634.800000000043,15524.500000000004
177429587.0649,17634.800000000043,15524.500000000004
177429589.0649,17634.800000000043,15524.500000000004
177429591.0649,17634.800000000043,15524.500000000004
177429593.0649,17634.800000000043,15524.500000000004
177429595.0649,17634.800000000043,15524.500000000004
177429597.0649,17634.800000000043,15524.500000000004
177429599.0649,17634.800000000043,15524.500000000004
177429601.0649,17634.700000000044,15524.500000000004
177429603.0649,17634.700000000044,15524.500000000004
177429605.0649,17634.700000000044,15524.500000000004
177429607.0649,17634.700000000044,15524.500000000004
177429609.0649,17634.700000000044,15524.500000000004
177429611.0649,17634.700000000044,15524.500000000004
177429613.0649,17634.700000000044,15524.500000000004
177429615.0649,17634.700000000044,15524.500000000004
177429617.0649,17634.700000000044,15524.500000000004
177429619.0649,17634.700000000044,15524.500000000004
177429621.0649,17634.700000000044,15524.500000000004
177429623.0649,17634.700000000044,15524.500000000004
177429625.0649,17634.700000000044,15524.500000000004
177429627.0649,17634.700000000044,15524.500000000004
177429629.0649,17634.700000000044,15524.500000000004
177429631.0649,17634.700000000044,15524.500000000004
177429633.0649,17634.700000000044,15524.500000000004
177429635.0649,17634.700000000044,15524.500000000004
177429637.0649,17634.700000000044,15524.500000000004
177429639.0649,17634.700000000044,15524.500000000004
177429641.0649,17634.700000000044,15524.500000000004
177429643.0649,17634.700000000044,15524.500000000004
177429645.0649,17634.700000000044,15524.500000000004
177429647.0649,17634.700000000044,15524.500000000004
177429649.0649,17634.700000000044,15524.500000000004
177429651.0649,17634.700000000044,15524.500000000004
177429653.0649,17634.700000000044,15524.500000000004
177429655.0649,17634.700000000044,15524.500000000004
177429657.0649,17634.700000000044,15524.500000000004
177429659.0649,17634.700000000044,15524.500000000004
177429661.0649,17634.700000000044,15524.500000000004
177429663.0649,17634.700000000044,15524.500000000004
177429665.0649,17634.700000000044,15524.500000000004
177429667.0649,17634.700000000044,15524.500000000004
177429669.0649,17634.700000000044,15524.500000000004
177429671.0649,17634.600000000046,15524.500000000004
177429673.0649,17634.600000000046,15524.500000000004
177429675.0649,17634.600000000046,15524.500000000004
177429677.0649,17634.600000000046,15524.500000000004
177429679.0649,17634.600000000046,15524.500000000004
177429681.0649,17634.500000000047,15524.500000000004
177429683.0649,17634.40000000005,15524.500000000004
177429685.0649,17634.30000000005,15524.500000000004
177429687.0649,17634.30000000005,15524.500000000004
177429689.0649,17634.30000000005,15524.500000000004
177429691.0649,17634.60000000005,15524.500000000004
177429693.0649,17634.60000000005,15524.500000000004
177429695.0649,17634.60000000005,15524.500000000004
177429697.0649,17634.60000000005,15524.500000000004
177429699.0649,17634.60000000005,15524.500000000004
177429701.0649,17634.60000000005,15524.500000000004
177429703.0649,17634.60000000005,15524.500000000004
177429705.0649,17634.60000000005,15524.500000000004
177429707.0649,17634.60000000005,15524.500000000004
177429709.0649,17634.60000000005,15524.500000000004
177429711.0649,17634.60000000005,15524.500000000004
177429713.0649,17634.60000000005,15524.500000000004
177429715.0649,17634.60000000005,15524.500000000004
177429717.0649,17634.60000000005,15524.500000000004
177429719.0649,17634.60000000005,15524.500000000004
177429721.0649,17634.60000000005,15524.500000000004
177429723.0649,17634.60000000005,15524.500000000004
177429725.0649,17634.60000000005,15524.500000000004
177429727.0649,17634.60000000005,15524.500000000004
177429729.0649,17634.60000000005,15524.500000000004
177429731.0649,17634.60000000005,15524.500000000004
177429733.0649,17634.60000000005,15524.500000000004
177429735.0649,17634.60000000005,15524.500000000004
177429737.0649,17634.60000000005,15524.500000000004
177429739.0649,17634.60000000005,15524.500000000004
177429741.0649,17634.60000000005,15524.500000000004
177429743.0649,17634.60000000005,15524.500000000004
177429745.0649,17634.60000000005,15524.500000000004
177429747.0649,17634.60000000005,15524.500000000004
177429749.0649,17634.60000000005,15524.500000000004
177429751.0649,17634.60000000005,15524.500000000004
177429753.0649,17634.60000000005,15524.500000000004
177429755.0649,17634.60000000005,15524.500000000004
177429757.0649,17634.60000000005,15524.500000000004
177429759.0649,17634.60000000005,15524.500000000004
177429761.0649,17634.700000000048,15524.500000000004
177429763.0649,17634.700000000048,15524.500000000004
177429765.0649,17634.700000000048,15524.500000000004
177429767.0649,17634.60000000005,15524.500000000004
177429769.0649,17634.60000000005,15524.500000000004
177429771.0649,17634.60000000005,15524.500000000004
177429773.0649,17634.60000000005,15524.500000000004
177429775.0649,17634.60000000005,15524.500000000004
177429777.0649,17634.700000000048,15524.500000000004
177429779.0649,17634.700000000048,15524.500000000004
177429781.0649,17634.700000000048,15524.500000000004
177429783.0649,17634.700000000048,15524.500000000004
177429785.0649,17634.700000000048,15524.500000000004
177429787.0649,17634.700000000048,15524.500000000004
177429789.0649,17634.700000000048,15524.500000000004
177429791.0649,17634.700000000048,15524.500000000004
177429793.0649,17634.60000000005,15524.500000000004
177429795.0649,17634.60000000005,15524.500000000004
177429797.0649,17634.700000000048,15524.500000000004
177429799.0649,17634.700000000048,15524.500000000004
177429801.0649,17634.700000000048,15524.500000000004
177429803.0649,17634.700000000048,15524.500000000004
177429805.0649,17634.700000000048,15524.500000000004
177429807.0649,17634.700000000048,15524.500000000004
177429809.0649,17634.700000000048,15524.500000000004
177429811.0649,17634.700000000048,15524.500000000004
177429813.0649,17634.700000000048,15524.500000000004
177429815.0649,17634.700000000048,15524.500000000004
177429817.0649,17634.60000000005,15524.500000000004
177429819.0649,17634.60000000005,15524.500000000004
177429821.0649,17634.60000000005,15524.500000000004
177429823.0649,17634.60000000005,15524.500000000004
177429825.0649,17634.700000000048,15524.500000000004
177429827.0649,17634.700000000048,15524.500000000004
177429829.0649,17634.700000000048,15524.500000000004
177429831.0649,17634.700000000048,15524.500000000004
177429833.0649,17634.700000000048,15524.500000000004
177429835.0649,17634.700000000048,15524.500000000004
177429837.0649,17634.700000000048,15524.500000000004
177429839.0649,17634.700000000048,15524.500000000004
177429841.0649,17634.700000000048,15524.500000000004
177429843.0649,17634.60000000005,15524.600000000004
177429845.0649,17634.60000000005,15524.600000000004
177429847.0649,17634.60000000005,15524.600000000004
177429849.0649,17634.60000000005,15524.600000000004
177429851.0649,17634.60000000005,15524.600000000004
177429853.0649,17634.60000000005,15524.600000000004
177429855.0649,17634.60000000005,15524.600000000004
177429857.0649,17634.50000000005,15524.700000000004
177429859.0649,17634.50000000005,15524.700000000004
177429861.0649,17634.50000000005,15524.700000000004
177429863.0649,17634.50000000005,15524.700000000004
177429865.0649,17634.50000000005,15524.700000000004
177429867.0649,17634.50000000005,15524.700000000004
177429869.0649,17634.50000000005,15524.700000000004
177429871.0649,17634.50000000005,15524.700000000004
177429873.0649,17634.50000000005,15524.700000000004
177429875.0649,17634.50000000005,15524.700000000004
177429877.0649,17634.50000000005,15524.700000000004
177429879.0649,17634.50000000005,15524.700000000004
177429881.0649,17634.50000000005,15524.700000000004
177429883.0649,17634.50000000005,15524.700000000004
177429885.0649,17634.400000000052,15524.700000000004
177429887.0649,17634.400000000052,15524.700000000004
177429889.0649,17634.400000000052,15524.700000000004
177429891.0649,17634.300000000054,15524.700000000004
177429893.0649,17634.300000000054,15524.700000000004
177429895.0649,17634.400000000052,15524.700000000004
177429897.0649,17634.400000000052,15524.700000000004
177429899.0649,17634.400000000052,15524.700000000004
177429901.0649,17634.400000000052,15524.700000000004
177429903.0649,17634.400000000052,15524.700000000004
177429905.0649,17634.400000000052,15524.700000000004
177429907.0649,17634.400000000052,15524.700000000004
177429909.0649,17634.400000000052,15524.700000000004
177429911.0649,17634.400000000052,15524.700000000004
177429913.0649,17634.400000000052,15524.700000000004
177429915.0649,17634.400000000052,15524.700000000004
177429917.0649,17634.400000000052,15524.700000000004
177429919.0649,17634.400000000052,15524.700000000004
177429921.0649,17634.400000000052,15524.700000000004
177429923.0649,17634.400000000052,15524.700000000004
177429925.0649,17634.400000000052,15524.700000000004
177429927.0649,17634.400000000052,15524.700000000004
177429929.0649,17634.400000000052,15524.700000000004
177429931.0649,17634.400000000052,15524.700000000004
177429933.0649,17634.50000000005,15524.700000000004
177429935.0649,17634.50000000005,15524.700000000004
177429937.0649,17634.50000000005,15524.700000000004
177429939.0649,17634.50000000005,15524.700000000004
177429941.0649,17634.50000000005,15524.700000000004
177429943.0649,17634.50000000005,15524.700000000004
177429945.0649,17634.50000000005,15524.700000000004
177429947.0649,17634.50000000005,15524.700000000004
177429949.0649,17634.50000000005,15524.700000000004
177429951.0649,17634.50000000005,15524.700000000004
177429953.0649,17634.50000000005,15524.700000000004
177429955.0649,17634.50000000005,15524.700000000004
177429957.0649,17634.50000000005,15524.700000000004
177429959.0649,17634.50000000005,15524.700000000004
177429961.0649,17634.50000000005,15524.700000000004
177429963.0649,17634.50000000005,15524.700000000004
177429965.0649,17634.50000000005,15524.700000000004
177429967.0649,17634.50000000005,15524.700000000004
177429969.0649,17634.50000000005,15524.700000000004
177429971.0649,17634.50000000005,15524.700000000004
177429973.0649,17634.50000000005,15524.700000000004
177429975.0649,17634.50000000005,15524.700000000004
177429977.0649,17634.50000000005,15524.700000000004
177429979.0649,17634.50000000005,15524.700000000004
177429981.0649,17634.50000000005,15524.700000000004
177429983.0649,17634.50000000005,15524.700000000004
177429985.0649,17634.50000000005,15524.800000000005
177429987.0649,17634.50000000005,15524.800000000005
177429989.0649,17634.50000000005,15524.800000000005
177429991.0649,17634.50000000005,15524.800000000005
177429993.0649,17634.50000000005,15524.800000000005
177429995.0649,17634.50000000005,15524.800000000005
177429997.0649,17634.50000000005,15524.800000000005
177429999.0649,17634.50000000005,15524.800000000005
177430001.0649,17634.50000000005,15524.800000000005
177430003.0649,17634.50000000005,15524.800000000005
177430005.0649,17634.50000000005,15524.800000000005
177430007.0649,17634.50000000005,15524.800000000005
177430009.0649,17634.50000000005,15524.800000000005
177430011.0649,17634.50000000005,15524.800000000005
177430013.0649,17634.50000000005,15524.800000000005
177430015.0649,17634.50000000005,15524.800000000005
177430017.0649,17634.50000000005,15524.800000000005
177430019.0649,17634.50000000005,15524.800000000005
177430021.0649,17634.50000000005,15524.800000000005
177430023.0649,17634.50000000005,15524.800000000005
177430025.0649,17634.50000000005,15524.800000000005
177430027.0649,17634.50000000005,15524.800000000005
177430029.0649,17634.50000000005,15524.800000000005
177430031.0649,17634.50000000005,15524.800000000005
177430033.0649,17634.50000000005,15524.800000000005
177430035.0649,17634.50000000005,15524.800000000005
177430037.0649,17634.50000000005,15524.800000000005
177430039.0649,17634.50000000005,15524.800000000005
177430041.0649,17634.50000000005,15524.800000000005
177430043.0649,17634.50000000005,15524.800000000005
177430045.0649,17634.50000000005,15524.800000000005
177430047.0649,17634.50000000005,15524.800000000005
177430049.0649,17634.50000000005,15524.800000000005
177430051.0649,17634.50000000005,15524.800000000005
177430053.0649,17634.50000000005,15524.800000000005
177430055.0649,17634.50000000005,15524.800000000005
177430057.0649,17634.50000000005,15524.800000000005
177430059.0649,17634.50000000005,15524.800000000005
177430061.0649,17634.50000000005,15524.800000000005
177430063.0649,17634.50000000005,15524.800000000005
177430065.0649,17634.50000000005,15524.800000000005
177430067.0649,17634.50000000005,15524.800000000005
177430069.0649,17634.50000000005,15524.800000000005
177430071.0649,17634.50000000005,15524.800000000005
177430073.0649,17634.50000000005,15524.800000000005
177430075.0649,17634.50000000005,15524.800000000005
177430077.0649,17634.50000000005,15524.800000000005
177430079.0649,17634.50000000005,15524.800000000005
177430081.0649,17634.50000000005,15524.800000000005
177430083.0649,17634.50000000005,15524.800000000005
177430085.0649,17634.50000000005,15524.800000000005
177430087.0649,17634.50000000005,15524.800000000005
177430089.0649,17634.400000000052,15524.800000000005
177430091.0649,17634.400000000052,15524.800000000005
177430093.0649,17634.400000000052,15524.800000000005
177430095.0649,17634.400000000052,15524.800000000005
177430097.0649,17634.400000000052,15524.800000000005
177430099.0649,17634.400000000052,15524.800000000005
177430101.0649,17634.400000000052,15524.800000000005
177430103.0649,17634.400000000052,15524.800000000005
177430105.0649,17634.400000000052,15524.800000000005
177430107.0649,17634.400000000052,15524.800000000005
177430109.0649,17634.400000000052,15524.800000000005
177430111.0649,17634.400000000052,15524.800000000005
177430113.0649,17634.400000000052,15524.800000000005
177430115.0649,17634.400000000052,15524.800000000005
177430117.0649,17634.400000000052,15524.800000000005
177430119.0649,17634.400000000052,15524.800000000005
177430121.0649,17634.400000000052,15524.800000000005
177430123.0649,17634.400000000052,15524.800000000005
177430125.0649,17634.400000000052,15524.800000000005
177430127.0649,17634.400000000052,15524.800000000005
177430129.0649,17634.400000000052,15524.800000000005
177430131.0649,17634.400000000052,15524.800000000005
177430133.0649,17634.400000000052,15524.800000000005
177430135.0649,17634.400000000052,15524.800000000005
177430137.0649,17634.400000000052,15524.800000000005
177430139.0649,17634.400000000052,15524.800000000005
177430141.0649,17634.400000000052,15524.800000000005
177430143.0649,17634.400000000052,15524.800000000005
177430145.0649,17634.400000000052,15524.800000000005
177430147.0649,17634.400000000052,15524.800000000005
177430149.1649,17634.400000000052,15524.800000000005
177430151.0649,17634.400000000052,15524.800000000005
177430153.0649,17634.400000000052,15524.800000000005
177430155.0649,17634.400000000052,15524.800000000005
177430157.0649,17634.400000000052,15524.800000000005
177430159.0649,17634.400000000052,15524.800000000005
177430161.0649,17634.400000000052,15524.800000000005
177430163.0649,17634.400000000052,15524.800000000005
177430165.0649,17634.400000000052,15524.800000000005
177430167.0649,17634.400000000052,15524.800000000005
177430169.0649,17634.50000000005,15524.800000000005
177430171.0649,17634.50000000005,15524.800000000005
177430173.0649,17634.50000000005,15524.800000000005
177430175.0649,17634.50000000005,15524.800000000005
177430177.0649,17634.50000000005,15524.800000000005
177430179.0649,17634.50000000005,15524.800000000005
177430181.0649,17634.50000000005,15524.800000000005
177430183.0649,17634.50000000005,15524.800000000005
177430185.0649,17634.50000000005,15524.800000000005
177430187.0649,17634.50000000005,15524.800000000005
177430189.0649,17634.50000000005,15524.800000000005
177430191.0649,17634.50000000005,15524.800000000005
177430193.0649,17634.50000000005,15524.800000000005
177430195.0649,17634.50000000005,15524.800000000005
177430197.0649,17634.50000000005,15524.800000000005
177430199.0649,17634.50000000005,15524.800000000005
177430201.0649,17634.50000000005,15524.800000000005
177430203.0649,17634.50000000005,15524.800000000005
177430205.0649,17634.50000000005,15524.800000000005
177430207.0649,17634.50000000005,15524.800000000005
177430209.0649,17634.400000000052,15524.800000000005
177430211.0649,17634.400000000052,15524.800000000005
177430213.0649,17634.400000000052,15524.800000000005
177430215.0649,17634.300000000054,15524.800000000005
177430217.0649,17634.300000000054,15524.800000000005
177430219.0649,17634.300000000054,15524.800000000005
177430221.0649,17634.300000000054,15524.800000000005
177430223.0649,17634.300000000054,15524.800000000005
177430225.0649,17634.300000000054,15524.800000000005
177430227.0649,17634.300000000054,15524.900000000005
177430229.0649,17634.300000000054,15524.900000000005
177430231.0649,17634.300000000054,15524.900000000005
177430233.0649,17634.200000000055,15524.900000000005
177430235.0649,17634.200000000055,15524.900000000005
177430237.0649,17634.200000000055,15524.900000000005
177430239.0649,17634.200000000055,15524.900000000005
177430241.0649,17634.200000000055,15524.900000000005
177430243.0649,17634.200000000055,15524.900000000005
177430245.0649,17634.200000000055,15524.900000000005
177430247.0649,17634.200000000055,15524.900000000005
177430249.0649,17634.200000000055,15524.900000000005
177430251.0649,17634.200000000055,15524.900000000005
177430253.0649,17634.200000000055,15524.900000000005
177430255.0649,17634.200000000055,15524.900000000005
177430257.0649,17634.200000000055,15524.900000000005
177430259.0649,17634.200000000055,15524.900000000005
177430261.0649,17634.200000000055,15524.900000000005
177430263.0649,17634.200000000055,15524.900000000005
177430265.0649,17634.200000000055,15524.900000000005
177430267.0649,17634.200000000055,15524.800000000005
177430269.0649,17634.200000000055,15524.800000000005
177430271.0649,17634.200000000055,15524.800000000005
177430273.0649,17634.200000000055,15524.800000000005
177430275.0649,17634.200000000055,15524.800000000005
177430277.0649,17634.200000000055,15524.800000000005
177430279.0649,17634.200000000055,15524.800000000005
177430281.0649,17634.200000000055,15524.800000000005
177430283.0649,17634.200000000055,15524.800000000005
177430285.0649,17634.200000000055,15524.800000000005
177430287.0649,17634.200000000055,15524.800000000005
177430289.0649,17634.500000000055,15524.800000000005
177430291.0649,17634.500000000055,15524.800000000005
177430293.0649,17634.500000000055,15524.800000000005
177430295.0649,17634.500000000055,15524.800000000005
177430297.0649,17634.500000000055,15524.800000000005
177430299.0649,17634.500000000055,15524.800000000005
177430301.0649,17634.500000000055,15524.800000000005
177430303.0649,17634.500000000055,15524.800000000005
177430305.0649,17634.500000000055,15524.800000000005
177430307.0649,17634.500000000055,15524.800000000005
177430309.0649,17634.500000000055,15524.800000000005
177430311.0649,17634.500000000055,15524.800000000005
177430313.0649,17634.500000000055,15524.800000000005
177430315.0649,17634.500000000055,15524.800000000005
177430317.0649,17634.500000000055,15524.800000000005
177430319.0649,17634.500000000055,15524.800000000005
177430321.0649,17634.500000000055,15524.800000000005
177430323.0649,17634.500000000055,15524.800000000005
177430325.0649,17634.500000000055,15524.800000000005
177430327.0649,17634.500000000055,15524.800000000005
177430329.0649,17634.500000000055,15524.800000000005
177430331.0649,17634.500000000055,15524.800000000005
177430333.0649,17634.500000000055,15524.800000000005
177430335.0649,17634.500000000055,15524.800000000005
177430337.0649,17634.500000000055,15524.800000000005
177430339.0649,17634.500000000055,15524.800000000005
177430341.0649,17634.500000000055,15524.800000000005
177430343.0649,17634.500000000055,15524.800000000005
177430345.0649,17634.500000000055,15524.800000000005
177430347.0649,17634.500000000055,15524.800000000005
177430349.0649,17634.500000000055,15524.800000000005
177430351.0649,17634.500000000055,15524.800000000005
177430353.0649,17634.500000000055,15524.800000000005
177430355.0649,17634.500000000055,15524.800000000005
177430357.0649,17634.400000000056,15524.800000000005
177430359.0649,17634.400000000056,15524.800000000005
177430361.0649,17634.400000000056,15524.800000000005
177430363.0649,17634.400000000056,15524.800000000005
177430365.0649,17634.400000000056,15524.800000000005
177430367.0649,17634.400000000056,15524.800000000005
177430369.0649,17634.400000000056,15524.800000000005
177430371.0649,17634.400000000056,15524.800000000005
177430373.0649,17634.400000000056,15524.800000000005
177430375.0649,17634.400000000056,15524.800000000005
177430377.0649,17634.400000000056,15524.800000000005
177430379.0649,17634.400000000056,15524.800000000005
177430381.0649,17634.400000000056,15524.800000000005
177430383.0649,17634.400000000056,15524.800000000005
177430385.0649,17634.400000000056,15524.800000000005
177430387.0649,17634.400000000056,15524.800000000005
177430389.0649,17634.400000000056,15524.800000000005
177430391.0649,17634.400000000056,15524.800000000005
177430393.0649,17634.400000000056,15524.800000000005
177430395.0649,17634.400000000056,15524.800000000005
177430397.0649,17634.400000000056,15524.800000000005
177430399.0649,17634.400000000056,15524.800000000005
177430401.0649,17634.400000000056,15524.800000000005
177430403.0649,17634.300000000057,15524.800000000005
177430405.0649,17634.300000000057,15524.800000000005
177430407.0649,17634.300000000057,15524.800000000005
177430409.0649,17634.300000000057,15524.800000000005
177430411.0649,17634.400000000056,15524.800000000005
177430413.0649,17634.400000000056,15524.900000000005
177430415.0649,17634.400000000056,15524.900000000005
177430417.0649,17634.400000000056,15524.900000000005
177430419.0649,17634.400000000056,15524.900000000005
177430421.0649,17634.400000000056,15524.900000000005
177430423.0649,17634.400000000056,15524.900000000005
177430425.0649,17634.400000000056,15524.900000000005
177430427.0649,17634.400000000056,15524.900000000005
177430429.0649,17634.400000000056,15524.900000000005
177430431.0649,17634.400000000056,15524.900000000005
177430433.0649,17634.400000000056,15524.900000000005
177430435.0649,17634.400000000056,15524.900000000005
177430437.0649,17634.600000000057,15524.900000000005
177430439.0649,17634.600000000057,15524.900000000005
177430441.0649,17634.600000000057,15524.900000000005
177430443.0649,17634.600000000057,15524.900000000005
177430445.0649,17634.600000000057,15524.900000000005
177430447.0649,17634.600000000057,15524.900000000005
177430449.0649,17634.600000000057,15524.900000000005
177430451.0649,17634.600000000057,15524.900000000005
177430453.0649,17634.600000000057,15524.900000000005
177430455.0649,17634.600000000057,15524.900000000005
177430457.0649,17634.600000000057,15524.900000000005
177430459.0649,17634.600000000057,15524.900000000005
177430461.0649,17634.600000000057,15524.900000000005
177430463.0649,17634.600000000057,15524.900000000005
177430465.0649,17634.600000000057,15524.900000000005
177430467.0649,17634.600000000057,15524.900000000005
177430469.0649,17634.600000000057,15524.900000000005
177430471.0649,17634.600000000057,15524.900000000005
177430473.0649,17634.600000000057,15524.900000000005
177430475.0649,17634.600000000057,15524.900000000005
177430477.0649,17634.600000000057,15524.900000000005
177430479.0649,17634.600000000057,15524.900000000005
177430481.0649,17634.600000000057,15524.900000000005
177430483.0649,17634.600000000057,15524.900000000005
177430485.0649,17634.600000000057,15524.900000000005
177430487.0649,17634.600000000057,15524.900000000005
177430489.0649,17634.600000000057,15524.900000000005
177430491.0649,17634.600000000057,15524.900000000005
177430493.0649,17634.600000000057,15524.900000000005
177430495.0649,17634.600000000057,15524.900000000005
177430497.0649,17634.600000000057,15524.900000000005
177430499.0649,17634.600000000057,15524.900000000005
177430501.0649,17634.600000000057,15524.900000000005
177430503.0649,17634.600000000057,15524.900000000005
177430505.0649,17634.600000000057,15524.900000000005
177430507.0649,17634.600000000057,15524.900000000005
177430509.0649,17634.600000000057,15524.900000000005
177430511.0649,17634.600000000057,15524.900000000005
177430513.0649,17634.600000000057,15524.900000000005
177430515.0649,17634.600000000057,15524.900000000005
177430517.0649,17634.600000000057,15524.900000000005
177430519.0649,17634.600000000057,15524.900000000005
177430521.0649,17634.600000000057,15524.900000000005
177430523.0649,17634.600000000057,15524.900000000005
177430525.0649,17634.600000000057,15524.900000000005
177430527.0649,17634.600000000057,15524.900000000005
177430529.0649,17634.600000000057,15524.900000000005
177430531.0649,17634.600000000057,15524.900000000005
177430533.0649,17634.600000000057,15524.900000000005
177430535.0649,17634.600000000057,15524.900000000005
177430537.0649,17634.600000000057,15524.900000000005
177430539.0649,17634.600000000057,15524.900000000005
177430541.0649,17634.600000000057,15524.900000000005
177430543.0649,17634.600000000057,15524.900000000005
177430545.0649,17634.600000000057,15524.900000000005
177430547.0649,17634.600000000057,15524.900000000005
177430549.0649,17634.600000000057,15524.900000000005
177430551.0649,17634.600000000057,15524.900000000005
177430553.0649,17634.600000000057,15524.900000000005
177430555.0649,17634.600000000057,15524.900000000005
177430557.0649,17634.600000000057,15524.900000000005
177430559.0649,17634.50000000006,15524.900000000005
177430561.0649,17634.40000000006,15524.900000000005
177430563.0649,17634.40000000006,15524.900000000005
177430565.0649,17634.40000000006,15524.900000000005
177430567.0649,17634.40000000006,15524.900000000005
177430569.0649,17634.40000000006,15524.900000000005
177430571.0649,17634.40000000006,15524.900000000005
177430573.0649,17634.40000000006,15524.900000000005
177430575.0649,17634.40000000006,15524.900000000005
177430577.0649,17634.40000000006,15524.900000000005
177430579.0649,17634.40000000006,15524.900000000005
177430581.0649,17634.40000000006,15524.900000000005
177430583.0649,17634.40000000006,15524.900000000005
177430585.0649,17634.40000000006,15524.900000000005
177430587.0649,17634.40000000006,15524.900000000005
177430589.0649,17634.40000000006,15524.900000000005
177430591.0649,17634.40000000006,15524.900000000005
177430593.0649,17634.40000000006,15524.900000000005
177430595.0649,17634.40000000006,15524.700000000004
177430597.0649,17634.40000000006,15524.600000000004
177430599.0649,17634.40000000006,15524.600000000004
177430601.0649,17634.40000000006,15524.600000000004
177430603.0649,17634.40000000006,15524.600000000004
177430605.0649,17634.40000000006,15524.600000000004
177430607.0649,17634.40000000006,15524.600000000004
177430609.0649,17634.40000000006,15524.600000000004
177430611.0649,17634.40000000006,15524.600000000004
177430613.0649,17634.40000000006,15524.600000000004
177430615.0649,17634.40000000006,15524.600000000004
177430617.0649,17634.40000000006,15524.600000000004
177430619.0649,17634.40000000006,15524.600000000004
177430621.0649,17634.40000000006,15524.600000000004
177430623.0649,17634.40000000006,15524.600000000004
177430625.0649,17634.40000000006,15524.600000000004
177430627.0649,17634.40000000006,15524.600000000004
177430629.0649,17634.40000000006,15524.600000000004
177430631.0649,17634.40000000006,15524.600000000004
177430633.0649,17634.40000000006,15524.600000000004
177430635.0649,17634.40000000006,15524.600000000004
177430637.0649,17634.40000000006,15524.600000000004
177430639.0649,17634.40000000006,15524.600000000004
177430641.0649,17634.40000000006,15524.600000000004
177430643.0649,17634.40000000006,15524.600000000004
177430645.0649,17634.40000000006,15524.600000000004
177430647.0649,17634.40000000006,15524.600000000004
177430649.0649,17634.40000000006,15524.600000000004
177430651.0649,17634.40000000006,15524.600000000004
177430653.0649,17634.40000000006,15524.600000000004
177430655.0649,17634.40000000006,15524.600000000004
177430657.0649,17634.40000000006,15524.600000000004
177430659.0649,17634.40000000006,15524.600000000004
177430661.0649,17634.40000000006,15524.600000000004
177430663.0649,17634.40000000006,15524.600000000004
177430665.0649,17634.40000000006,15524.600000000004
177430667.0649,17634.40000000006,15524.600000000004
177430669.0649,17634.40000000006,15524.600000000004
177430671.0649,17634.40000000006,15524.600000000004
177430673.0649,17634.40000000006,15524.600000000004
177430675.0649,17634.40000000006,15524.600000000004
177430677.0649,17634.40000000006,15524.600000000004
177430679.0649,17634.40000000006,15524.600000000004
177430681.0649,17634.40000000006,15524.600000000004
177430683.0649,17634.40000000006,15524.600000000004
177430685.0649,17634.40000000006,15524.600000000004
177430687.0649,17634.40000000006,15524.600000000004
177430689.0649,17634.40000000006,15524.600000000004
177430691.0649,17634.40000000006,15524.600000000004
177430693.0649,17634.40000000006,15524.600000000004
177430695.0649,17634.40000000006,15524.600000000004
177430697.0649,17634.40000000006,15524.600000000004
177430699.0649,17634.40000000006,15524.600000000004
177430701.0649,17634.40000000006,15524.600000000004
177430703.0649,17634.40000000006,15524.600000000004
177430705.0649,17634.40000000006,15524.600000000004
177430707.0649,17634.40000000006,15524.600000000004
177430709.0649,17634.40000000006,15524.600000000004
177430711.0649,17634.40000000006,15524.600000000004
177430713.0649,17634.40000000006,15524.600000000004
177430715.0649,17634.40000000006,15524.600000000004
177430717.0649,17634.40000000006,15524.600000000004
177430719.0649,17634.40000000006,15524.600000000004
177430721.0649,17634.40000000006,15524.600000000004
177430723.0649,17634.40000000006,15524.600000000004
177430725.0649,17634.40000000006,15524.600000000004
177430727.0649,17634.40000000006,15524.600000000004
177430729.0649,17634.40000000006,15524.600000000004
177430731.0649,17634.40000000006,15524.600000000004
177430733.0649,17634.40000000006,15524.600000000004
177430735.0649,17634.40000000006,15524.600000000004
177430737.0649,17634.40000000006,15524.600000000004
177430739.0649,17634.40000000006,15524.600000000004
177430741.0649,17634.40000000006,15524.600000000004
177430743.0649,17634.40000000006,15524.600000000004
177430745.0649,17634.40000000006,15524.600000000004
177430747.0649,17634.40000000006,15524.600000000004
177430749.0649,17634.40000000006,15524.600000000004
177430751.0649,17634.40000000006,15524.600000000004
177430753.0649,17634.40000000006,15524.600000000004
177430755.0649,17634.40000000006,15524.600000000004
177430757.0649,17634.40000000006,15524.600000000004
177430759.0649,17634.40000000006,15524.600000000004
177430761.0649,17634.40000000006,15524.600000000004
177430763.0649,17634.40000000006,15524.600000000004
177430765.0649,17634.40000000006,15524.600000000004
177430767.0649,17634.40000000006,15524.600000000004
177430769.0649,17634.40000000006,15524.600000000004
177430771.0649,17634.40000000006,15524.600000000004
177430773.0649,17634.40000000006,15524.600000000004
177430775.0649,17634.40000000006,15524.600000000004
177430777.0649,17634.40000000006,15524.600000000004
177430779.1649,17634.40000000006,15524.600000000004
177430781.0649,17634.40000000006,15524.600000000004
177430783.0649,17634.40000000006,15524.600000000004
177430785.0649,17634.40000000006,15524.600000000004
177430787.0649,17634.40000000006,15524.600000000004
177430789.0649,17634.40000000006,15524.600000000004
177430791.0649,17634.40000000006,15524.600000000004
177430793.0649,17634.40000000006,15524.600000000004
177430795.0649,17634.40000000006,15524.600000000004
177430797.0649,17634.40000000006,15524.600000000004
177430799.0649,17634.40000000006,15524.600000000004
177430801.0649,17634.40000000006,15524.600000000004
177430803.0649,17634.40000000006,15524.600000000004
177430805.0649,17634.40000000006,15524.600000000004
177430807.0649,17634.40000000006,15524.600000000004
177430809.0649,17634.40000000006,15524.600000000004
177430811.0649,17634.40000000006,15524.600000000004
177430813.0649,17634.40000000006,15524.600000000004
177430815.0649,17634.40000000006,15524.600000000004
177430817.0649,17634.40000000006,15524.600000000004
177430819.0649,17634.40000000006,15524.600000000004
177430821.0649,17634.40000000006,15524.600000000004
177430823.0649,17634.40000000006,15524.600000000004
177430825.0649,17634.40000000006,15524.600000000004
177430827.0649,17634.40000000006,15524.600000000004
177430829.0649,17634.40000000006,15524.600000000004
177430831.0649,17634.40000000006,15524.600000000004
177430833.0649,17634.40000000006,15524.600000000004
177430835.0649,17634.40000000006,15524.600000000004
177430837.0649,17634.40000000006,15524.600000000004
177430839.0649,17634.40000000006,15524.600000000004
177430841.0649,17634.40000000006,15524.600000000004
177430843.0649,17634.40000000006,15524.600000000004
177430845.0649,17634.40000000006,15524.600000000004
177430847.0649,17634.40000000006,15524.600000000004
177430849.0649,17634.40000000006,15524.600000000004
177430851.0649,17634.40000000006,15524.600000000004
177430853.0649,17634.40000000006,15524.600000000004
177430855.0649,17634.40000000006,15524.600000000004
177430857.0649,17634.40000000006,15524.600000000004
177430859.0649,17634.40000000006,15524.600000000004
177430861.0649,17634.40000000006,15524.600000000004
177430863.0649,17634.40000000006,15524.600000000004
177430865.0649,17634.40000000006,15524.600000000004
177430867.0649,17634.40000000006,15524.600000000004
177430869.0649,17634.40000000006,15524.600000000004
177430871.0649,17634.40000000006,15524.600000000004
177430873.0649,17634.40000000006,15524.600000000004
177430875.0649,17634.40000000006,15524.600000000004
177430877.0649,17634.40000000006,15524.600000000004
177430879.0649,17634.40000000006,15524.600000000004
177430881.0649,17634.40000000006,15524.600000000004
177430883.0649,17634.40000000006,15524.600000000004
177430885.0649,17634.40000000006,15524.600000000004
177430887.0649,17634.40000000006,15524.600000000004
177430889.0649,17634.30000000006,15524.700000000004
177430891.0649,17634.30000000006,15524.700000000004
177430893.0649,17634.30000000006,15524.700000000004
177430895.0649,17634.30000000006,15524.700000000004
177430897.0649,17634.30000000006,15524.700000000004
177430899.0649,17634.30000000006,15524.700000000004
177430901.0649,17634.30000000006,15524.700000000004
177430903.0649,17634.30000000006,15524.700000000004
177430905.0649,17634.30000000006,15524.700000000004
177430907.0649,17634.30000000006,15524.700000000004
177430909.0649,17634.30000000006,15524.700000000004
177430911.0649,17634.30000000006,15524.700000000004
177430913.0649,17634.30000000006,15524.700000000004
177430915.0649,17634.30000000006,15524.700000000004
177430917.0649,17634.30000000006,15524.700000000004
177430919.0649,17634.30000000006,15524.700000000004
177430921.0649,17634.30000000006,15524.700000000004
177430923.0649,17634.30000000006,15524.700000000004
177430925.0649,17634.30000000006,15524.700000000004
177430927.0649,17634.30000000006,15524.700000000004
177430929.0649,17634.30000000006,15524.700000000004
177430931.0649,17634.30000000006,15524.700000000004
177430933.0649,17634.30000000006,15524.700000000004
177430935.0649,17634.30000000006,15524.700000000004
177430937.0649,17634.30000000006,15524.700000000004
177430939.0649,17634.30000000006,15524.700000000004
177430941.0649,17634.30000000006,15524.700000000004
177430943.0649,17634.30000000006,15524.700000000004
177430945.0649,17634.30000000006,15524.700000000004
177430947.0649,17634.30000000006,15524.700000000004
177430949.0649,17634.30000000006,15524.700000000004
177430951.0649,17634.30000000006,15524.700000000004
177430953.0649,17634.30000000006,15524.700000000004
177430955.0649,17634.30000000006,15524.700000000004
177430957.0649,17634.30000000006,15524.700000000004
177430959.0649,17634.30000000006,15524.700000000004
177430961.0649,17634.30000000006,15524.700000000004
177430963.0649,17634.30000000006,15524.700000000004
177430965.0649,17634.30000000006,15524.700000000004
177430967.0649,17634.30000000006,15524.700000000004
177430969.0649,17634.30000000006,15524.700000000004
177430971.0649,17634.30000000006,15524.700000000004
177430973.0649,17634.30000000006,15524.700000000004
177430975.0649,17634.30000000006,15524.700000000004
177430977.0649,17634.30000000006,15524.700000000004
177430979.0649,17634.30000000006,15524.700000000004
177430981.0649,17634.30000000006,15524.700000000004
177430983.0649,17634.30000000006,15524.700000000004
177430985.0649,17634.30000000006,15524.700000000004
177430987.0649,17634.30000000006,15524.700000000004
177430989.0649,17634.30000000006,15524.700000000004
177430991.0649,17634.30000000006,15524.700000000004
177430993.0649,17634.30000000006,15524.700000000004
177430995.0649,17634.30000000006,15524.700000000004
177430997.0649,17634.30000000006,15524.700000000004
177430999.0649,17634.30000000006,15524.700000000004
177431001.0649,17634.30000000006,15524.700000000004
177431003.1649,17634.30000000006,15524.700000000004
177431005.1649,17634.30000000006,15524.700000000004
177431007.1649,17634.30000000006,15524.700000000004
177431009.1649,17634.30000000006,15524.700000000004
177431011.1649,17634.30000000006,15524.700000000004
177431013.1649,17634.30000000006,15524.700000000004
177431015.1649,17634.30000000006,15524.700000000004
177431017.1649,17634.30000000006,15524.700000000004
177431019.1649,17634.30000000006,15524.700000000004
177431021.1649,17634.30000000006,15524.700000000004
177431023.1649,17634.30000000006,15524.700000000004
177431025.1649,17634.30000000006,15524.700000000004
177431027.1649,17634.30000000006,15524.700000000004
177431029.1649,17634.30000000006,15524.700000000004
177431031.1649,17634.30000000006,15524.700000000004
177431033.1649,17634.30000000006,15524.700000000004
177431035.1649,17634.30000000006,15524.700000000004
177431037.1649,17634.30000000006,15524.700000000004
177431039.1649,17634.30000000006,15524.700000000004
177431041.1649,17634.30000000006,15524.700000000004
177431043.1649,17634.30000000006,15524.700000000004
177431045.1649,17634.30000000006,15524.700000000004
177431047.1649,17634.30000000006,15524.700000000004
177431049.1649,17634.30000000006,15524.700000000004
177431051.1649,17634.30000000006,15524.700000000004
177431053.1649,17634.30000000006,15524.700000000004
177431055.1649,17634.30000000006,15524.700000000004
177431057.1649,17634.30000000006,15524.700000000004
177431059.1649,17634.30000000006,15524.700000000004
177431061.1649,17634.30000000006,15524.700000000004
177431063.1649,17634.30000000006,15524.700000000004
177431065.1649,17634.30000000006,15524.700000000004
177431067.1649,17634.200000000063,15524.700000000004
177431069.1649,17634.200000000063,15524.700000000004
177431071.1649,17634.200000000063,15524.700000000004
177431073.1649,17634.200000000063,15524.700000000004
177431075.1649,17634.200000000063,15524.700000000004
177431077.1649,17634.200000000063,15524.700000000004
177431079.1649,17634.200000000063,15524.700000000004
177431081.1649,17634.200000000063,15524.700000000004
177431083.1649,17634.200000000063,15524.700000000004
177431085.1649,17634.200000000063,15524.700000000004
177431087.1649,17634.200000000063,15524.700000000004
177431089.1649,17634.200000000063,15524.700000000004
177431091.1649,17634.200000000063,15524.700000000004
177431093.1649,17634.200000000063,15524.700000000004
177431095.1649,17634.200000000063,15524.700000000004
177431097.1649,17634.200000000063,15524.700000000004
177431099.1649,17634.30000000006,15524.700000000004
177431101.1649,17634.30000000006,15524.700000000004
177431103.1649,17634.30000000006,15524.700000000004
177431105.1649,17634.30000000006,15524.700000000004
177431107.1649,17634.30000000006,15524.700000000004
177431109.1649,17634.30000000006,15524.700000000004
177431111.1649,17634.30000000006,15524.700000000004
177431113.1649,17634.30000000006,15524.700000000004
177431115.1649,17634.30000000006,15524.700000000004
177431117.1649,17634.30000000006,15524.700000000004
177431119.1649,17634.200000000063,15524.700000000004
177431121.1649,17634.200000000063,15524.700000000004
177431123.1649,17634.200000000063,15524.700000000004
177431125.1649,17634.200000000063,15524.700000000004
177431127.1649,17634.200000000063,15524.700000000004
177431129.1649,17634.200000000063,15524.700000000004
177431131.1649,17634.200000000063,15524.700000000004
177431133.1649,17634.200000000063,15524.700000000004
177431135.1649,17634.200000000063,15524.700000000004
177431137.1649,17634.200000000063,15524.700000000004
177431139.1649,17634.200000000063,15524.700000000004
177431141.1649,17634.200000000063,15524.700000000004
177431143.1649,17634.200000000063,15524.700000000004
177431145.1649,17634.200000000063,15524.700000000004
177431147.1649,17634.200000000063,15524.700000000004
177431149.1649,17634.200000000063,15524.700000000004
177431151.1649,17634.200000000063,15524.700000000004
177431153.1649,17634.200000000063,15524.700000000004
177431155.1649,17634.200000000063,15524.700000000004
177431157.1649,17634.200000000063,15524.700000000004
177431159.1649,17634.200000000063,15524.700000000004
177431161.1649,17634.200000000063,15524.700000000004
177431163.1649,17634.200000000063,15524.700000000004
177431165.1649,17634.200000000063,15524.700000000004
177431167.1649,17634.200000000063,15524.700000000004
177431169.1649,17634.200000000063,15524.700000000004
177431171.1649,17634.200000000063,15524.700000000004
177431173.1649,17634.200000000063,15524.700000000004
177431175.1649,17634.200000000063,15524.700000000004
177431177.1649,17634.200000000063,15524.700000000004
177431179.1649,17634.200000000063,15524.700000000004
177431181.1649,17634.200000000063,15524.700000000004
177431183.1649,17634.200000000063,15524.700000000004
177431185.1649,17634.200000000063,15524.700000000004
177431187.1649,17634.200000000063,15524.700000000004
177431189.1649,17634.200000000063,15524.700000000004
177431191.1649,17634.200000000063,15524.700000000004
177431193.1649,17634.200000000063,15524.700000000004
177431195.1649,17634.200000000063,15524.700000000004
177431197.1649,17634.200000000063,15524.700000000004
177431199.1649,17634.200000000063,15524.700000000004
177431201.1649,17634.200000000063,15524.700000000004
177431203.1649,17634.200000000063,15524.700000000004
177431205.1649,17634.100000000064,15524.700000000004
177431207.1649,17634.100000000064,15524.700000000004
177431209.1649,17634.100000000064,15524.700000000004
177431211.1649,17634.100000000064,15524.700000000004
177431213.1649,17634.200000000063,15524.700000000004
177431215.1649,17634.200000000063,15524.700000000004
177431217.1649,17634.200000000063,15524.700000000004
177431219.1649,17634.200000000063,15524.700000000004
177431221.1649,17634.200000000063,15524.700000000004
177431223.1649,17634.200000000063,15524.700000000004
177431225.1649,17634.200000000063,15524.700000000004
177431227.1649,17634.200000000063,15524.700000000004
177431229.1649,17634.200000000063,15524.700000000004
177431231.1649,17634.200000000063,15524.700000000004
177431233.1649,17634.200000000063,15524.700000000004
177431235.1649,17634.200000000063,15524.700000000004
177431237.1649,17634.200000000063,15524.700000000004
177431239.1649,17634.200000000063,15524.700000000004
177431241.1649,17634.200000000063,15524.700000000004
177431243.1649,17634.200000000063,15524.700000000004
177431245.1649,17634.200000000063,15524.700000000004
177431247.1649,17634.200000000063,15524.700000000004
177431249.1649,17634.200000000063,15524.700000000004
177431251.1649,17634.200000000063,15524.700000000004
177431253.1649,17634.200000000063,15524.700000000004
177431255.1649,17634.200000000063,15524.700000000004
177431257.1649,17634.200000000063,15524.700000000004
177431259.1649,17634.200000000063,15524.700000000004
177431261.1649,17634.200000000063,15524.700000000004
177431263.1649,17634.200000000063,15524.700000000004
177431265.1649,17634.200000000063,15524.700000000004
177431267.1649,17634.200000000063,15524.700000000004
177431269.1649,17634.200000000063,15524.700000000004
177431271.1649,17634.200000000063,15524.700000000004
177431273.1649,17634.200000000063,15524.700000000004
177431275.1649,17634.200000000063,15524.700000000004
177431277.1649,17634.200000000063,15524.700000000004
177431279.1649,17634.200000000063,15524.700000000004
177431281.1649,17634.200000000063,15524.700000000004
177431283.1649,17634.200000000063,15524.700000000004
177431285.1649,17634.200000000063,15524.700000000004
177431287.1649,17634.200000000063,15524.700000000004
177431289.1649,17634.200000000063,15524.700000000004
177431291.1649,17634.200000000063,15524.700000000004
177431293.1649,17634.200000000063,15524.700000000004
177431295.1649,17634.100000000064,15524.700000000004
177431297.1649,17634.100000000064,15524.700000000004
177431299.1649,17634.100000000064,15524.700000000004
177431301.1649,17634.100000000064,15524.700000000004
177431303.1649,17634.100000000064,15524.700000000004
177431305.1649,17634.100000000064,15524.700000000004
177431307.1649,17634.100000000064,15524.700000000004
177431309.1649,17634.100000000064,15524.700000000004
177431311.1649,17634.100000000064,15524.700000000004
177431313.1649,17634.100000000064,15524.700000000004
177431315.1649,17634.100000000064,15524.700000000004
177431317.1649,17634.200000000063,15524.700000000004
177431319.1649,17634.200000000063,15524.700000000004
177431321.1649,17634.30000000006,15524.700000000004
177431323.1649,17634.30000000006,15524.700000000004
177431325.1649,17634.30000000006,15524.700000000004
177431327.1649,17634.30000000006,15524.700000000004
177431329.1649,17634.30000000006,15524.700000000004
177431331.1649,17634.30000000006,15524.700000000004
177431333.1649,17634.30000000006,15524.700000000004
177431335.1649,17634.30000000006,15524.700000000004
177431337.1649,17634.30000000006,15524.700000000004
177431339.1649,17634.30000000006,15524.700000000004
177431341.1649,17634.30000000006,15524.700000000004
177431343.1649,17634.30000000006,15524.700000000004
177431345.1649,17634.30000000006,15524.700000000004
177431347.1649,17634.500000000062,15524.700000000004
177431349.1649,17634.500000000062,15524.700000000004
177431351.1649,17634.60000000006,15524.700000000004
177431353.1649,17634.60000000006,15524.700000000004
177431355.1649,17634.60000000006,15524.700000000004
177431357.1649,17634.60000000006,15524.700000000004
177431359.1649,17634.60000000006,15524.700000000004
177431361.1649,17634.60000000006,15524.700000000004
177431363.1649,17634.60000000006,15524.700000000004
177431365.1649,17634.60000000006,15524.700000000004
177431367.1649,17634.60000000006,15524.700000000004
177431369.1649,17634.60000000006,15524.700000000004
177431371.1649,17634.60000000006,15524.700000000004
177431373.1649,17634.60000000006,15524.700000000004
177431375.1649,17634.60000000006,15524.700000000004
177431377.1649,17634.60000000006,15524.700000000004
177431379.1649,17634.60000000006,15524.700000000004
177431381.1649,17634.60000000006,15524.700000000004
177431383.1649,17634.60000000006,15524.700000000004
177431385.1649,17634.60000000006,15524.700000000004
177431387.1649,17634.60000000006,15524.700000000004
177431389.1649,17634.60000000006,15524.700000000004
177431391.1649,17634.60000000006,15524.700000000004
177431393.1649,17634.60000000006,15524.700000000004
177431395.1649,17634.60000000006,15524.700000000004
177431397.1649,17634.60000000006,15524.700000000004
177431399.1649,17634.60000000006,15524.700000000004
177431401.1649,17634.60000000006,15524.700000000004
177431403.1649,17634.60000000006,15524.700000000004
177431405.1649,17634.60000000006,15524.700000000004
177431407.1649,17634.60000000006,15524.700000000004
177431409.1649,17634.60000000006,15524.700000000004
177431411.1649,17634.60000000006,15524.700000000004
177431413.1649,17634.60000000006,15524.700000000004
177431415.1649,17634.60000000006,15524.700000000004
177431417.1649,17634.60000000006,15524.700000000004
177431419.1649,17634.60000000006,15524.700000000004
177431421.1649,17634.60000000006,15524.700000000004
177431423.1649,17634.60000000006,15524.700000000004
177431425.1649,17634.60000000006,15524.700000000004
177431427.1649,17634.60000000006,15524.700000000004
177431429.1649,17634.60000000006,15524.700000000004
177431431.1649,17634.60000000006,15524.700000000004
177431433.1649,17634.500000000062,15524.700000000004
177431435.1649,17634.500000000062,15524.700000000004
177431437.1649,17634.500000000062,15524.700000000004
177431439.1649,17634.60000000006,15524.700000000004
177431441.1649,17634.60000000006,15524.700000000004
177431443.2649,17634.60000000006,15524.700000000004
177431445.1649,17634.60000000006,15524.700000000004
177431447.1649,17634.60000000006,15524.700000000004
177431449.1649,17634.500000000062,15524.700000000004
177431451.1649,17634.500000000062,15524.700000000004
177431453.1649,17634.500000000062,15524.700000000004
177431455.1649,17634.500000000062,15524.700000000004
177431457.1649,17634.500000000062,15524.700000000004
177431459.1649,17634.500000000062,15524.700000000004
177431461.1649,17634.500000000062,15524.700000000004
177431463.1649,17634.500000000062,15524.700000000004
177431465.1649,17634.500000000062,15524.700000000004
177431467.1649,17634.500000000062,15524.700000000004
177431469.1649,17634.500000000062,15524.700000000004
177431471.1649,17634.500000000062,15524.700000000004
177431473.1649,17634.500000000062,15524.700000000004
177431475.1649,17634.500000000062,15524.700000000004
177431477.1649,17634.500000000062,15524.700000000004
177431479.1649,17634.500000000062,15524.700000000004
177431481.1649,17634.500000000062,15524.700000000004
177431483.1649,17634.500000000062,15524.700000000004
177431485.1649,17634.500000000062,15524.700000000004
177431487.1649,17634.500000000062,15524.700000000004
177431489.1649,17634.500000000062,15524.700000000004
177431491.1649,17634.500000000062,15524.700000000004
177431493.1649,17634.500000000062,15524.700000000004
177431495.1649,17634.500000000062,15524.700000000004
177431497.1649,17634.500000000062,15524.700000000004
177431499.1649,17634.500000000062,15524.700000000004
177431501.1649,17634.500000000062,15524.700000000004
177431503.1649,17634.500000000062,15524.700000000004
177431505.1649,17634.500000000062,15524.700000000004
177431507.1649,17634.500000000062,15524.700000000004
177431509.1649,17634.500000000062,15524.700000000004
177431511.1649,17634.500000000062,15524.700000000004
177431513.1649,17634.500000000062,15524.700000000004
177431515.1649,17634.500000000062,15524.700000000004
177431517.1649,17634.500000000062,15524.700000000004
177431519.1649,17634.500000000062,15524.700000000004
177431521.1649,17634.500000000062,15524.700000000004
177431523.1649,17634.500000000062,15524.700000000004
177431525.1649,17634.500000000062,15524.700000000004
177431527.1649,17634.500000000062,15524.700000000004
177431529.1649,17634.500000000062,15524.700000000004
177431531.1649,17634.500000000062,15524.700000000004
177431533.1649,17634.500000000062,15524.700000000004
177431535.1649,17634.500000000062,15524.700000000004
177431537.1649,17634.500000000062,15524.700000000004
177431539.1649,17634.500000000062,15524.700000000004
177431541.1649,17634.500000000062,15524.700000000004
177431543.1649,17634.500000000062,15524.700000000004
177431545.1649,17634.500000000062,15524.700000000004
177431547.1649,17634.500000000062,15524.700000000004
177431549.1649,17634.500000000062,15524.700000000004
177431551.1649,17634.500000000062,15524.700000000004
177431553.1649,17634.500000000062,15524.700000000004
177431555.1649,17634.500000000062,15524.700000000004
177431557.1649,17634.500000000062,15524.700000000004
177431559.1649,17634.500000000062,15524.700000000004
177431561.1649,17634.500000000062,15524.700000000004
177431563.1649,17634.500000000062,15524.700000000004
177431565.1649,17634.500000000062,15524.700000000004
177431567.1649,17634.500000000062,15524.700000000004
177431569.1649,17634.500000000062,15524.700000000004
177431571.1649,17634.500000000062,15524.700000000004
177431573.1649,17634.500000000062,15524.700000000004
177431575.1649,17634.500000000062,15524.700000000004
177431577.1649,17634.500000000062,15524.700000000004
177431579.1649,17634.500000000062,15524.700000000004
177431581.1649,17634.500000000062,15524.700000000004
177431583.1649,17634.500000000062,15524.700000000004
177431585.1649,17634.500000000062,15524.700000000004
177431587.1649,17634.500000000062,15524.700000000004
177431589.1649,17634.500000000062,15524.700000000004
177431591.1649,17634.500000000062,15524.700000000004
177431593.1649,17634.500000000062,15524.700000000004
177431595.1649,17634.500000000062,15524.700000000004
177431597.1649,17634.500000000062,15524.700000000004
177431599.1649,17634.60000000006,15524.700000000004
177431601.1649,17634.60000000006,15524.700000000004
177431603.1649,17634.60000000006,15524.700000000004
177431605.1649,17634.500000000062,15524.700000000004
177431607.1649,17634.60000000006,15524.700000000004
177431609.1649,17634.500000000062,15524.700000000004
177431611.1649,17634.500000000062,15524.700000000004
177431613.1649,17634.500000000062,15524.700000000004
177431615.1649,17634.500000000062,15524.700000000004
177431617.1649,17634.500000000062,15524.700000000004
177431619.1649,17634.500000000062,15524.700000000004
177431621.1649,17634.500000000062,15524.700000000004
177431623.1649,17634.500000000062,15524.700000000004
177431625.1649,17634.500000000062,15524.700000000004
177431627.1649,17634.500000000062,15524.700000000004
177431629.1649,17634.500000000062,15524.700000000004
177431631.1649,17634.500000000062,15524.700000000004
177431633.1649,17634.500000000062,15524.700000000004
177431635.1649,17634.500000000062,15524.700000000004
177431637.1649,17634.500000000062,15524.700000000004
177431639.1649,17634.500000000062,15524.700000000004
177431641.1649,17634.500000000062,15524.700000000004
177431643.1649,17634.500000000062,15524.700000000004
177431645.1649,17634.500000000062,15524.700000000004
177431647.1649,17634.500000000062,15524.700000000004
177431649.1649,17634.500000000062,15524.700000000004
177431651.1649,17634.500000000062,15524.700000000004
177431653.1649,17634.500000000062,15524.700000000004
177431655.1649,17634.500000000062,15524.700000000004
177431657.1649,17634.500000000062,15524.700000000004
177431659.1649,17634.500000000062,15524.700000000004
177431661.1649,17634.500000000062,15524.700000000004
177431663.2649,17634.500000000062,15524.700000000004
177431665.1649,17634.500000000062,15524.700000000004
177431667.1649,17634.500000000062,15524.700000000004
177431669.1649,17634.500000000062,15524.700000000004
177431671.1649,17634.500000000062,15524.700000000004
177431673.1649,17634.500000000062,15524.700000000004
177431675.1649,17634.500000000062,15524.700000000004
177431677.1649,17634.500000000062,15524.700000000004
177431679.1649,17634.500000000062,15524.700000000004
177431681.1649,17634.500000000062,15524.700000000004
177431683.1649,17634.500000000062,15524.700000000004
177431685.1649,17634.500000000062,15524.700000000004
177431687.1649,17634.500000000062,15524.600000000004
177431689.1649,17634.400000000063,15524.800000000005
177431691.1649,17634.400000000063,15524.800000000005
177431693.1649,17634.400000000063,15524.800000000005
177431695.1649,17634.400000000063,15524.800000000005
177431697.1649,17634.400000000063,15524.800000000005
177431699.1649,17634.400000000063,15524.800000000005
177431701.1649,17634.400000000063,15524.800000000005
177431703.1649,17634.400000000063,15524.800000000005
177431705.1649,17634.400000000063,15524.800000000005
177431707.1649,17634.400000000063,15524.800000000005
177431709.1649,17634.400000000063,15524.800000000005
177431711.1649,17634.400000000063,15524.800000000005
177431713.1649,17634.400000000063,15524.800000000005
177431715.1649,17634.400000000063,15524.800000000005
177431717.1649,17634.400000000063,15524.800000000005
177431719.1649,17634.400000000063,15524.800000000005
177431721.1649,17634.400000000063,15524.800000000005
177431723.1649,17634.400000000063,15524.800000000005
177431725.1649,17634.400000000063,15524.800000000005
177431727.1649,17634.400000000063,15524.800000000005
177431729.1649,17634.400000000063,15524.800000000005
177431731.1649,17634.400000000063,15524.800000000005
177431733.1649,17634.400000000063,15524.800000000005
177431735.1649,17634.400000000063,15524.800000000005
177431737.1649,17634.400000000063,15524.800000000005
177431739.1649,17634.400000000063,15524.800000000005
177431741.1649,17634.400000000063,15524.800000000005
177431743.1649,17634.400000000063,15524.800000000005
177431745.1649,17634.400000000063,15524.800000000005
177431747.1649,17634.400000000063,15524.800000000005
177431749.1649,17634.400000000063,15524.800000000005
177431751.1649,17634.300000000065,15524.800000000005
177431753.1649,17634.300000000065,15524.800000000005
177431755.1649,17634.300000000065,15524.800000000005
177431757.1649,17635.100000000064,15524.800000000005
177431759.1649,17635.100000000064,15524.800000000005
177431761.1649,17635.100000000064,15524.800000000005
177431763.1649,17635.100000000064,15524.800000000005
177431765.1649,17635.100000000064,15524.800000000005
177431767.1649,17635.100000000064,15524.800000000005
177431769.1649,17635.100000000064,15524.800000000005
177431771.1649,17635.100000000064,15524.800000000005
177431773.1649,17635.100000000064,15524.800000000005
177431775.1649,17635.100000000064,15524.800000000005
177431777.1649,17635.100000000064,15524.800000000005
177431779.1649,17635.100000000064,15524.800000000005
177431781.1649,17635.100000000064,15524.800000000005
177431783.1649,17635.100000000064,15524.800000000005
177431785.1649,17635.100000000064,15524.800000000005
177431787.1649,17635.100000000064,15524.800000000005
177431789.1649,17635.100000000064,15524.800000000005
177431791.1649,17635.100000000064,15524.800000000005
177431793.1649,17635.100000000064,15524.800000000005
177431795.1649,17635.100000000064,15524.800000000005
177431797.1649,17635.100000000064,15524.800000000005
177431799.1649,17635.100000000064,15524.800000000005
177431801.1649,17635.100000000064,15524.800000000005
177431803.1649,17635.100000000064,15524.800000000005
177431805.1649,17635.100000000064,15524.800000000005
177431807.1649,17635.100000000064,15524.800000000005
177431809.1649,17635.100000000064,15524.800000000005
177431811.1649,17635.100000000064,15524.800000000005
177431813.1649,17635.100000000064,15524.800000000005
177431815.1649,17635.100000000064,15524.800000000005
177431817.1649,17635.100000000064,15524.800000000005
177431819.1649,17635.100000000064,15524.800000000005
177431821.1649,17635.100000000064,15524.800000000005
177431823.1649,17635.100000000064,15524.800000000005
177431825.1649,17635.100000000064,15524.800000000005
177431827.1649,17635.100000000064,15524.800000000005
177431829.1649,17635.100000000064,15524.800000000005
177431831.1649,17635.100000000064,15524.800000000005
177431833.1649,17635.100000000064,15524.800000000005
177431835.1649,17635.100000000064,15524.800000000005
177431837.1649,17635.100000000064,15524.800000000005
177431839.1649,17635.100000000064,15524.800000000005
177431841.1649,17635.100000000064,15524.800000000005
177431843.1649,17635.100000000064,15524.800000000005
177431845.1649,17635.100000000064,15524.800000000005
177431847.1649,17635.100000000064,15524.800000000005
177431849.1649,17635.100000000064,15524.800000000005
177431851.1649,17635.100000000064,15524.800000000005
177431853.1649,17635.100000000064,15524.800000000005
177431855.1649,17635.100000000064,15524.800000000005
177431857.1649,17635.100000000064,15524.800000000005
177431859.1649,17635.100000000064,15524.800000000005
177431861.1649,17635.100000000064,15524.800000000005
177431863.1649,17635.100000000064,15524.800000000005
177431865.1649,17635.100000000064,15524.800000000005
177431867.1649,17635.100000000064,15524.800000000005
177431869.1649,17635.100000000064,15524.800000000005
177431871.1649,17635.100000000064,15524.800000000005
177431873.1649,17635.100000000064,15524.800000000005
177431875.1649,17635.100000000064,15524.800000000005
177431877.1649,17635.100000000064,15524.800000000005
177431879.1649,17635.100000000064,15524.800000000005
177431881.1649,17635.100000000064,15524.800000000005
177431883.1649,17635.100000000064,15524.800000000005
177431885.1649,17635.100000000064,15524.800000000005
177431887.1649,17635.100000000064,15524.800000000005
177431889.1649,17635.100000000064,15524.800000000005
177431891.1649,17635.100000000064,15524.800000000005
177431893.1649,17635.100000000064,15524.800000000005
177431895.1649,17635.100000000064,15524.800000000005
177431897.1649,17635.100000000064,15524.800000000005
177431899.1649,17635.100000000064,15524.800000000005
177431901.1649,17635.100000000064,15524.800000000005
177431903.1649,17635.100000000064,15524.800000000005
177431905.1649,17635.100000000064,15524.800000000005
177431907.1649,17635.100000000064,15524.800000000005
177431909.1649,17635.100000000064,15524.800000000005
177431911.1649,17635.100000000064,15524.800000000005
177431913.1649,17635.100000000064,15524.800000000005
177431915.1649,17635.100000000064,15524.800000000005
177431917.1649,17635.100000000064,15524.800000000005
177431919.1649,17635.100000000064,15524.800000000005
177431921.1649,17635.100000000064,15524.800000000005
177431923.1649,17635.100000000064,15524.800000000005
177431925.1649,17635.100000000064,15524.800000000005
177431927.1649,17635.100000000064,15524.800000000005
177431929.1649,17635.100000000064,15524.800000000005
177431931.1649,17635.100000000064,15524.800000000005
177431933.1649,17635.100000000064,15524.800000000005
177431935.1649,17635.100000000064,15524.800000000005
177431937.1649,17635.100000000064,15524.800000000005
177431939.1649,17635.100000000064,15524.800000000005
177431941.1649,17635.100000000064,15524.800000000005
177431943.1649,17635.100000000064,15524.800000000005
177431945.1649,17635.100000000064,15524.800000000005
177431947.1649,17635.100000000064,15524.800000000005
177431949.1649,17635.100000000064,15524.800000000005
177431951.1649,17635.100000000064,15524.800000000005
177431953.1649,17635.100000000064,15524.800000000005
177431955.1649,17635.100000000064,15524.800000000005
177431957.1649,17635.100000000064,15524.800000000005
177431959.1649,17635.100000000064,15524.800000000005
177431961.1649,17635.100000000064,15524.800000000005
177431963.1649,17635.100000000064,15524.800000000005
177431965.1649,17635.100000000064,15524.800000000005
177431967.1649,17635.100000000064,15524.800000000005
177431969.1649,17635.100000000064,15524.800000000005
177431971.1649,17635.100000000064,15524.800000000005
177431973.1649,17635.100000000064,15524.800000000005
177431975.1649,17635.100000000064,15524.800000000005
177431977.1649,17635.100000000064,15524.800000000005
177431979.1649,17635.100000000064,15524.800000000005
177431981.1649,17635.100000000064,15524.800000000005
177431983.1649,17635.100000000064,15524.800000000005
177431985.1649,17635.100000000064,15524.800000000005
177431987.1649,17635.100000000064,15524.800000000005
177431989.1649,17635.100000000064,15524.800000000005
177431991.1649,17635.100000000064,15524.800000000005
177431993.1649,17635.100000000064,15524.800000000005
177431995.1649,17635.100000000064,15524.800000000005
177431997.1649,17635.100000000064,15524.800000000005
177431999.1649,17635.100000000064,15524.800000000005
177432001.1649,17635.000000000065,15524.800000000005
177432003.1649,17635.000000000065,15524.800000000005
177432005.1649,17635.000000000065,15524.800000000005
177432007.1649,17635.000000000065,15524.800000000005
177432009.1649,17635.000000000065,15524.800000000005
177432011.1649,17635.000000000065,15524.800000000005
177432013.1649,17635.000000000065,15524.800000000005
177432015.1649,17635.000000000065,15524.800000000005
177432017.1649,17635.000000000065,15524.800000000005
177432019.1649,17635.000000000065,15524.800000000005
177432021.1649,17635.000000000065,15524.800000000005
177432023.1649,17635.000000000065,15524.800000000005
177432025.1649,17635.000000000065,15524.800000000005
177432027.1649,17635.000000000065,15524.800000000005
177432029.1649,17635.000000000065,15524.800000000005
177432031.1649,17635.000000000065,15524.800000000005
177432033.1649,17635.000000000065,15524.800000000005
177432035.1649,17635.000000000065,15524.800000000005
177432037.1649,17635.000000000065,15524.800000000005
177432039.1649,17635.000000000065,15524.800000000005
177432041.1649,17635.000000000065,15524.800000000005
177432043.1649,17635.000000000065,15524.800000000005
177432045.1649,17635.000000000065,15524.800000000005
177432047.1649,17635.000000000065,15524.800000000005
177432049.1649,17635.000000000065,15524.800000000005
177432051.1649,17635.000000000065,15524.800000000005
177432053.1649,17635.000000000065,15524.800000000005
177432055.1649,17635.000000000065,15524.800000000005
177432057.1649,17635.000000000065,15524.800000000005
177432059.1649,17635.000000000065,15524.800000000005
177432061.1649,17635.000000000065,15524.800000000005
177432063.1649,17635.000000000065,15524.800000000005
177432065.1649,17635.100000000064,15524.800000000005
177432067.1649,17635.100000000064,15524.800000000005
177432069.1649,17635.100000000064,15524.800000000005
177432071.1649,17635.100000000064,15524.800000000005
177432073.1649,17635.100000000064,15524.800000000005
177432075.1649,17635.100000000064,15524.800000000005
177432077.1649,17635.100000000064,15524.800000000005
177432079.1649,17635.100000000064,15524.800000000005
177432081.1649,17635.100000000064,15524.800000000005
177432083.1649,17635.100000000064,15524.800000000005
177432085.1649,17635.100000000064,15524.800000000005
177432087.1649,17635.100000000064,15524.800000000005
177432089.1649,17635.100000000064,15524.800000000005
177432091.1649,17635.100000000064,15524.800000000005
177432093.1649,17635.100000000064,15524.800000000005
177432095.1649,17635.100000000064,15524.800000000005
177432097.1649,17635.100000000064,15524.800000000005
177432099.1649,17635.100000000064,15524.800000000005
177432101.1649,17635.100000000064,15524.800000000005
177432103.1649,17635.100000000064,15524.800000000005
177432105.1649,17635.100000000064,15524.800000000005
177432107.1649,17635.100000000064,15524.800000000005
177432109.1649,17635.100000000064,15524.800000000005
177432111.1649,17635.100000000064,15524.600000000004
177432113.1649,17635.000000000065,15524.900000000003
177432115.1649,17635.000000000065,15524.900000000003
177432117.1649,17635.000000000065,15524.900000000003
177432119.1649,17635.000000000065,15524.900000000003
177432121.1649,17635.000000000065,15524.900000000003
177432123.1649,17635.000000000065,15524.900000000003
177432125.1649,17635.000000000065,15524.900000000003
177432127.1649,17635.000000000065,15524.900000000003
177432129.1649,17635.000000000065,15524.900000000003
177432131.1649,17635.000000000065,15524.900000000003
177432133.1649,17635.000000000065,15524.900000000003
177432135.1649,17635.000000000065,15524.900000000003
177432137.1649,17635.000000000065,15524.900000000003
177432139.1649,17635.000000000065,15524.900000000003
177432141.1649,17635.000000000065,15524.900000000003
177432143.1649,17635.000000000065,15524.900000000003
177432145.1649,17635.000000000065,15524.900000000003
177432147.1649,17635.000000000065,15524.900000000003
177432149.1649,17635.000000000065,15524.900000000003
177432151.1649,17635.000000000065,15524.900000000003
177432153.1649,17635.000000000065,15524.900000000003
177432155.1649,17635.000000000065,15524.900000000003
177432157.1649,17635.000000000065,15524.900000000003
177432159.1649,17635.000000000065,15524.900000000003
177432161.1649,17635.100000000064,15524.900000000003
177432163.1649,17635.100000000064,15524.900000000003
177432165.1649,17635.100000000064,15524.900000000003
177432167.1649,17635.100000000064,15524.900000000003
177432169.1649,17635.100000000064,15524.900000000003
177432171.1649,17635.100000000064,15524.900000000003
177432173.1649,17635.100000000064,15524.900000000003
177432175.1649,17635.100000000064,15524.900000000003
177432177.1649,17635.100000000064,15524.900000000003
177432179.1649,17635.100000000064,15524.900000000003
177432181.1649,17635.100000000064,15524.900000000003
177432183.1649,17635.100000000064,15524.900000000003
177432185.1649,17635.100000000064,15524.900000000003
177432187.1649,17635.100000000064,15524.900000000003
177432189.1649,17635.100000000064,15524.900000000003
177432191.1649,17635.100000000064,15524.900000000003
177432193.1649,17635.100000000064,15524.900000000003
177432195.1649,17635.100000000064,15524.900000000003
177432197.1649,17635.100000000064,15524.900000000003
177432199.1649,17635.100000000064,15524.900000000003
177432201.1649,17635.100000000064,15524.900000000003
177432203.1649,17635.100000000064,15524.900000000003
177432205.1649,17635.100000000064,15524.900000000003
177432207.1649,17635.100000000064,15524.900000000003
177432209.1649,17635.100000000064,15524.900000000003
177432211.1649,17635.100000000064,15524.900000000003
177432213.1649,17635.100000000064,15524.900000000003
177432215.1649,17635.100000000064,15524.900000000003
177432217.1649,17635.100000000064,15524.900000000003
177432219.1649,17635.100000000064,15524.900000000003
177432221.1649,17635.100000000064,15524.900000000003
177432223.1649,17635.100000000064,15524.900000000003
177432225.1649,17635.100000000064,15524.900000000003
177432227.1649,17635.100000000064,15524.900000000003
177432229.1649,17635.100000000064,15524.900000000003
177432231.1649,17635.100000000064,15524.900000000003
177432233.1649,17635.100000000064,15524.900000000003
177432235.1649,17635.100000000064,15524.900000000003
177432237.1649,17635.100000000064,15524.900000000003
177432239.1649,17635.100000000064,15524.900000000003
177432241.1649,17635.100000000064,15524.900000000003
177432243.1649,17635.100000000064,15524.900000000003
177432245.1649,17635.100000000064,15524.900000000003
177432247.1649,17635.100000000064,15524.900000000003
177432249.1649,17635.100000000064,15524.900000000003
177432251.1649,17635.100000000064,15524.900000000003
177432253.1649,17635.100000000064,15524.900000000003
177432255.1649,17635.100000000064,15524.900000000003
177432257.1649,17635.100000000064,15524.900000000003
177432259.1649,17635.100000000064,15524.900000000003
177432261.1649,17635.100000000064,15524.900000000003
177432263.1649,17635.100000000064,15524.900000000003
177432265.1649,17635.100000000064,15524.900000000003
177432267.1649,17635.100000000064,15524.900000000003
177432269.1649,17635.100000000064,15524.900000000003
177432271.1649,17635.100000000064,15524.900000000003
177432273.1649,17635.100000000064,15524.900000000003
177432275.1649,17635.100000000064,15524.900000000003
177432277.1649,17635.100000000064,15524.900000000003
177432279.1649,17635.100000000064,15524.900000000003
177432281.1649,17635.100000000064,15524.900000000003
177432283.1649,17635.100000000064,15524.900000000003
177432285.1649,17635.100000000064,15524.900000000003
177432287.1649,17635.100000000064,15524.900000000003
177432289.1649,17635.100000000064,15524.900000000003
177432291.1649,17635.100000000064,15524.900000000003
177432293.1649,17635.100000000064,15524.900000000003
177432295.1649,17635.100000000064,15524.900000000003
177432297.1649,17635.100000000064,15524.900000000003
177432299.1649,17635.100000000064,15524.900000000003
177432301.1649,17635.100000000064,15524.900000000003
177432303.1649,17635.100000000064,15524.900000000003
177432305.1649,17635.100000000064,15524.900000000003
177432307.1649,17635.000000000065,15524.900000000003
177432309.1649,17635.000000000065,15524.900000000003
177432311.1649,17635.000000000065,15524.900000000003
177432313.1649,17635.000000000065,15524.900000000003
177432315.1649,17635.000000000065,15524.900000000003
177432317.1649,17635.000000000065,15524.900000000003
177432319.1649,17635.000000000065,15524.900000000003
177432321.1649,17635.000000000065,15524.900000000003
177432323.1649,17635.000000000065,15524.900000000003
177432325.1649,17635.000000000065,15524.900000000003
177432327.1649,17635.000000000065,15524.900000000003
177432329.1649,17635.000000000065,15524.900000000003
177432331.1649,17635.000000000065,15524.900000000003
177432333.1649,17635.000000000065,15524.900000000003
177432335.1649,17635.000000000065,15524.900000000003
177432337.1649,17635.000000000065,15524.900000000003
177432339.1649,17635.000000000065,15524.900000000003
177432341.1649,17635.000000000065,15524.900000000003
177432343.1649,17635.000000000065,15524.900000000003
177432345.1649,17634.900000000067,15524.900000000003
177432347.1649,17634.900000000067,15524.900000000003
177432349.1649,17634.900000000067,15524.900000000003
177432351.1649,17634.900000000067,15524.900000000003
177432353.1649,17634.900000000067,15524.900000000003
177432355.1649,17634.900000000067,15524.900000000003
177432357.1649,17634.900000000067,15524.900000000003
177432359.1649,17634.900000000067,15524.900000000003
177432361.1649,17634.900000000067,15524.900000000003
177432363.1649,17634.900000000067,15524.900000000003
177432365.1649,17634.900000000067,15524.900000000003
177432367.1649,17634.900000000067,15524.900000000003
177432369.1649,17634.900000000067,15524.900000000003
177432371.1649,17634.900000000067,15524.900000000003
177432373.1649,17634.900000000067,15524.900000000003
177432375.1649,17634.900000000067,15524.900000000003
177432377.1649,17634.900000000067,15524.900000000003
177432379.1649,17634.900000000067,15524.900000000003
177432381.1649,17634.900000000067,15524.900000000003
177432383.1649,17634.900000000067,15524.900000000003
177432385.1649,17634.900000000067,15524.900000000003
177432387.1649,17634.900000000067,15524.900000000003
177432389.1649,17634.900000000067,15524.900000000003
177432391.1649,17634.900000000067,15524.900000000003
177432393.1649,17634.900000000067,15524.900000000003
177432395.1649,17634.900000000067,15524.900000000003
177432397.1649,17634.900000000067,15524.900000000003
177432399.1649,17634.900000000067,15524.900000000003
177432401.1649,17634.900000000067,15525.000000000004
177432403.1649,17634.900000000067,15524.900000000003
177432405.1649,19145.700000000066,15524.900000000003
177432407.1649,19145.700000000066,15524.900000000003
177432409.1649,19145.700000000066,15524.900000000003
177432411.1649,19145.700000000066,15524.900000000003
177432413.1649,19145.700000000066,15524.900000000003
177432415.1649,19145.700000000066,15524.900000000003
177432417.1649,19145.700000000066,15524.900000000003
177432419.1649,19145.700000000066,15524.900000000003
177432421.1649,19145.700000000066,15524.900000000003
177432423.1649,19145.700000000066,15524.900000000003
177432425.1649,19145.700000000066,15524.900000000003
177432427.1649,19145.700000000066,15524.900000000003
177432429.1649,19145.700000000066,15524.900000000003
177432431.1649,19145.700000000066,15524.900000000003
177432433.1649,19145.700000000066,15524.900000000003
177432435.1649,19145.700000000066,15524.900000000003
177432437.1649,19145.700000000066,15524.900000000003
177432439.1649,19145.700000000066,15524.900000000003
177432441.1649,19145.700000000066,15524.900000000003
177432443.1649,19145.700000000066,15524.900000000003
177432445.1649,19145.700000000066,15524.900000000003
177432447.1649,19145.700000000066,15524.900000000003
177432449.1649,19145.700000000066,15524.900000000003
177432451.1649,19145.700000000066,15524.900000000003
177432453.1649,19145.700000000066,15524.900000000003
177432455.1649,19145.700000000066,15524.900000000003
177432457.1649,19145.700000000066,15524.900000000003
177432459.1649,19145.700000000066,15524.900000000003
177432461.1649,19145.700000000066,15524.900000000003
177432463.1649,19145.700000000066,15525.000000000004
177432465.1649,19145.700000000066,15525.000000000004
177432467.1649,19145.700000000066,15525.000000000004
177432469.1649,19145.700000000066,15525.000000000004
177432471.1649,19145.700000000066,15525.000000000004
177432473.1649,19145.700000000066,15525.000000000004
177432475.1649,19145.700000000066,15525.000000000004
177432477.1649,19145.700000000066,15525.000000000004
177432479.1649,19145.700000000066,15525.000000000004
177432481.1649,19145.700000000066,15525.000000000004
177432483.1649,19145.700000000066,15525.000000000004
177432485.1649,19145.700000000066,15525.000000000004
177432487.1649,19145.700000000066,15524.900000000003
177432489.1649,19145.700000000066,15524.900000000003
177432491.1649,19145.700000000066,15524.900000000003
177432493.1649,19145.700000000066,15524.900000000003
177432495.1649,19145.700000000066,15524.900000000003
177432497.1649,19145.700000000066,15524.900000000003
177432499.1649,19145.700000000066,15524.900000000003
177432501.1649,19145.700000000066,15524.900000000003
177432503.1649,19145.700000000066,15524.900000000003
177432505.1649,19145.700000000066,15524.900000000003
177432507.1649,19145.700000000066,15524.900000000003
177432509.1649,19145.700000000066,15524.900000000003
177432511.1649,19145.700000000066,15524.900000000003
177432513.1649,19145.700000000066,15524.900000000003
177432515.1649,19145.700000000066,15524.900000000003
177432517.1649,19145.700000000066,15524.900000000003
177432519.1649,19145.700000000066,15524.900000000003
177432521.1649,19145.700000000066,15524.900000000003
177432523.1649,19145.700000000066,15524.900000000003
177432525.1649,19145.700000000066,15524.900000000003
177432527.1649,19145.700000000066,15524.900000000003
177432529.1649,19145.600000000068,15524.900000000003
177432531.1649,19145.600000000068,15524.900000000003
177432533.1649,19145.600000000068,15524.900000000003
177432535.1649,19145.600000000068,15524.900000000003
177432537.1649,19145.600000000068,15524.900000000003
177432539.1649,19145.600000000068,15524.900000000003
177432541.1649,19145.600000000068,15524.900000000003
177432543.1649,19145.600000000068,15524.900000000003
177432545.1649,19145.600000000068,15524.900000000003
177432547.1649,19145.600000000068,15524.900000000003
177432549.1649,19145.600000000068,15524.900000000003
177432551.1649,19145.600000000068,15524.900000000003
177432553.1649,19145.600000000068,15524.900000000003
177432555.1649,19145.600000000068,15524.900000000003
177432557.1649,19145.600000000068,15524.900000000003
177432559.1649,19145.600000000068,15524.900000000003
177432561.1649,19145.600000000068,15524.900000000003
177432563.1649,19145.600000000068,15524.900000000003
177432565.1649,19145.600000000068,15524.900000000003
177432567.1649,19145.600000000068,15524.900000000003
177432569.1649,19145.600000000068,15524.900000000003
177432571.1649,19145.600000000068,15524.900000000003
177432573.1649,19145.600000000068,15524.900000000003
177432575.1649,19145.600000000068,15524.900000000003
177432577.1649,19145.600000000068,15524.900000000003
177432579.1649,19145.600000000068,15524.900000000003
177432581.1649,19145.600000000068,15524.900000000003
177432583.1649,19145.600000000068,15524.900000000003
177432585.1649,19145.600000000068,15524.900000000003
177432587.1649,19145.600000000068,15524.900000000003
177432589.1649,19145.600000000068,15524.900000000003
177432591.1649,19145.600000000068,15524.900000000003
177432593.1649,19145.600000000068,15524.900000000003
177432595.1649,19145.600000000068,15524.900000000003
177432597.1649,19145.600000000068,15524.900000000003
177432599.1649,19145.600000000068,15524.900000000003
177432601.1649,19145.600000000068,15524.900000000003
177432603.1649,19145.600000000068,15524.900000000003
177432605.1649,19145.600000000068,15524.900000000003
177432607.1649,19145.600000000068,15524.900000000003
177432609.1649,19145.600000000068,15524.900000000003
177432611.1649,19145.600000000068,15524.900000000003
177432613.1649,19145.600000000068,15524.900000000003
177432615.1649,19145.600000000068,15524.900000000003
177432617.2649,19145.600000000068,15524.900000000003
177432619.1649,19145.600000000068,15524.900000000003
177432621.1649,19145.600000000068,15524.900000000003
177432623.1649,19145.600000000068,15524.900000000003
177432625.1649,19145.600000000068,15524.900000000003
177432627.1649,19145.600000000068,15524.900000000003
177432629.1649,19145.600000000068,15524.900000000003
177432631.1649,19145.600000000068,15524.900000000003
177432633.1649,19145.600000000068,15524.900000000003
177432635.1649,19145.600000000068,15524.900000000003
177432637.1649,19145.600000000068,15524.900000000003
177432639.1649,19145.600000000068,15524.900000000003
177432641.1649,19145.600000000068,15524.900000000003
177432643.1649,19145.600000000068,15524.900000000003
177432645.1649,19145.600000000068,15524.900000000003
177432647.1649,19145.600000000068,15524.900000000003
177432649.1649,19145.600000000068,15524.900000000003
177432651.1649,19145.600000000068,15524.900000000003
177432653.1649,19145.600000000068,15524.900000000003
177432655.1649,19145.600000000068,15524.900000000003
177432657.1649,19145.600000000068,15524.900000000003
177432659.1649,19145.600000000068,15524.900000000003
177432661.1649,19145.600000000068,15524.900000000003
177432663.1649,19145.600000000068,15524.900000000003
177432665.1649,19145.600000000068,15524.900000000003
177432667.1649,19145.600000000068,15524.900000000003
177432669.1649,19145.600000000068,15524.900000000003
177432671.1649,19145.600000000068,15524.900000000003
177432673.1649,19145.600000000068,15524.900000000003
177432675.1649,19145.600000000068,15524.900000000003
177432677.1649,19145.600000000068,15524.900000000003
177432679.1649,19145.600000000068,15524.900000000003
177432681.1649,19145.50000000007,15524.900000000003
177432683.1649,19145.50000000007,15524.900000000003
177432685.1649,19145.50000000007,15524.900000000003
177432687.1649,19145.50000000007,15524.900000000003
177432689.1649,19145.50000000007,15524.900000000003
177432691.1649,19145.50000000007,15524.900000000003
177432693.1649,19145.50000000007,15524.900000000003
177432695.1649,19145.50000000007,15524.900000000003
177432697.1649,19145.50000000007,15524.900000000003
177432699.1649,19145.50000000007,15524.900000000003
177432701.1649,19145.50000000007,15524.900000000003
177432703.1649,19145.50000000007,15524.900000000003
177432705.1649,19145.50000000007,15524.900000000003
177432707.1649,19145.50000000007,15524.900000000003
177432709.1649,19145.50000000007,15524.900000000003
177432711.1649,19145.50000000007,15524.900000000003
177432713.1649,19145.40000000007,15524.900000000003
177432715.1649,19145.40000000007,15524.900000000003
177432717.1649,19145.40000000007,15524.900000000003
177432719.1649,19145.40000000007,15524.900000000003
177432721.1649,19145.40000000007,15524.900000000003
177432723.1649,19145.40000000007,15524.900000000003
177432725.1649,19145.40000000007,15524.900000000003
177432727.1649,19145.40000000007,15524.900000000003
177432729.1649,19145.40000000007,15524.900000000003
177432731.1649,19145.40000000007,15524.900000000003
177432733.1649,19145.40000000007,15524.900000000003
177432735.1649,19145.40000000007,15524.900000000003
177432737.1649,19145.40000000007,15524.900000000003
177432739.1649,19145.40000000007,15524.900000000003
177432741.1649,19145.40000000007,15524.900000000003
177432743.1649,19145.40000000007,15524.900000000003
177432745.1649,19145.40000000007,15524.900000000003
177432747.1649,19145.40000000007,15524.900000000003
177432749.1649,19145.40000000007,15524.900000000003
177432751.1649,19145.40000000007,15524.900000000003
177432753.1649,19145.40000000007,15524.900000000003
177432755.1649,19145.40000000007,15524.900000000003
177432757.1649,19145.40000000007,15524.900000000003
177432759.1649,19145.40000000007,15524.900000000003
177432761.1649,19145.40000000007,15524.900000000003
177432763.1649,19145.40000000007,15524.900000000003
177432765.1649,19145.40000000007,15524.900000000003
177432767.1649,19145.40000000007,15524.900000000003
177432769.1649,19145.40000000007,15524.900000000003
177432771.1649,19145.40000000007,15524.900000000003
177432773.1649,19145.40000000007,15524.900000000003
177432775.1649,19145.40000000007,15524.900000000003
177432777.1649,19145.40000000007,15524.900000000003
177432779.1649,19145.40000000007,15524.900000000003
177432781.1649,19145.40000000007,15524.900000000003
177432783.1649,19145.40000000007,15524.900000000003
177432785.1649,19145.40000000007,15524.900000000003
177432787.1649,19145.40000000007,15524.900000000003
177432789.1649,19145.40000000007,15524.900000000003
177432791.1649,19145.40000000007,15524.900000000003
177432793.1649,19145.50000000007,15524.900000000003
177432795.1649,19145.50000000007,15524.900000000003
177432797.1649,19145.50000000007,15524.900000000003
177432799.1649,19145.50000000007,15524.900000000003
177432801.1649,19145.50000000007,15524.900000000003
177432803.1649,19145.50000000007,15524.900000000003
177432805.1649,19145.50000000007,15524.900000000003
177432807.1649,19145.40000000007,15524.900000000003
177432809.1649,19145.40000000007,15524.900000000003
177432811.1649,19145.40000000007,15524.900000000003
177432813.1649,19145.40000000007,15524.900000000003
177432815.1649,19145.40000000007,15524.900000000003
177432817.1649,19145.40000000007,15524.900000000003
177432819.1649,19145.40000000007,15524.900000000003
177432821.1649,19145.40000000007,15524.900000000003
177432823.1649,19145.40000000007,15524.900000000003
177432825.1649,19145.40000000007,15524.900000000003
177432827.1649,19145.40000000007,15524.900000000003
177432829.1649,19145.40000000007,15524.900000000003
177432831.1649,19145.40000000007,15524.900000000003
177432833.1649,19145.40000000007,15524.900000000003
177432835.1649,19145.40000000007,15524.900000000003
177432837.1649,19145.40000000007,15524.900000000003
177432839.1649,19145.40000000007,15524.900000000003
177432841.1649,19145.40000000007,15524.900000000003
177432843.1649,19145.40000000007,15524.900000000003
177432845.1649,19145.40000000007,15524.900000000003
177432847.1649,19145.40000000007,15524.900000000003
177432849.1649,19145.40000000007,15524.900000000003
177432851.1649,19145.40000000007,15524.900000000003
177432853.1649,19145.40000000007,15524.900000000003
177432855.1649,19145.40000000007,15524.900000000003
177432857.1649,19145.40000000007,15524.900000000003
177432859.1649,19145.40000000007,15524.900000000003
177432861.1649,19145.40000000007,15524.900000000003
177432863.1649,19145.40000000007,15524.900000000003
177432865.1649,19145.40000000007,15524.900000000003
177432867.1649,19145.40000000007,15524.900000000003
177432869.1649,19145.40000000007,15524.900000000003
177432871.1649,19145.40000000007,15524.900000000003
177432873.1649,19145.40000000007,15524.900000000003
177432875.1649,19145.40000000007,15524.900000000003
177432877.1649,19145.40000000007,15524.900000000003
177432879.1649,19145.40000000007,15524.900000000003
177432881.1649,19145.40000000007,15524.900000000003
177432883.1649,19145.40000000007,15524.900000000003
177432885.1649,19145.40000000007,15524.900000000003
177432887.1649,19145.40000000007,15524.900000000003
177432889.1649,19145.300000000072,15524.900000000003
177432891.1649,19145.300000000072,15524.900000000003
177432893.1649,19145.200000000073,15524.900000000003
177432895.1649,19145.200000000073,15524.900000000003
177432897.1649,19145.200000000073,15524.900000000003
177432899.1649,19145.200000000073,15524.900000000003
177432901.1649,19145.200000000073,15524.900000000003
177432903.1649,19145.200000000073,15524.900000000003
177432905.1649,19145.200000000073,15524.900000000003
177432907.1649,19145.200000000073,15524.900000000003
177432909.1649,19145.200000000073,15524.900000000003
177432911.1649,19145.200000000073,15524.900000000003
177432913.1649,19145.200000000073,15524.900000000003
177432915.1649,19145.200000000073,15524.900000000003
177432917.1649,19145.200000000073,15524.900000000003
177432919.1649,19145.200000000073,15524.900000000003
177432921.1649,19145.200000000073,15524.900000000003
177432923.1649,19145.200000000073,15524.900000000003
177432925.1649,19145.200000000073,15524.900000000003
177432927.1649,19145.200000000073,15524.900000000003
177432929.1649,19145.200000000073,15524.900000000003
177432931.1649,19145.100000000075,15524.900000000003
177432933.1649,19145.100000000075,15524.900000000003
177432935.1649,19145.100000000075,15524.900000000003
177432937.1649,19145.000000000076,15524.900000000003
177432939.1649,19145.000000000076,15524.900000000003
177432941.1649,19145.000000000076,15524.900000000003
177432943.1649,19145.000000000076,15524.900000000003
177432945.1649,19145.000000000076,15524.900000000003
177432947.1649,19145.000000000076,15524.900000000003
177432949.1649,19145.000000000076,15524.900000000003
177432951.1649,19145.000000000076,15524.900000000003
177432953.1649,19145.000000000076,15524.900000000003
177432955.1649,19145.000000000076,15524.900000000003
177432957.1649,19145.000000000076,15524.900000000003
177432959.1649,19145.000000000076,15524.900000000003
177432961.1649,19145.000000000076,15524.900000000003
177432963.1649,19145.000000000076,15524.900000000003
177432965.1649,19145.000000000076,15524.900000000003
177432967.1649,19145.000000000076,15524.900000000003
177432969.1649,19145.000000000076,15524.900000000003
177432971.1649,19145.000000000076,15524.900000000003
177432973.1649,19144.900000000078,15524.900000000003
177432975.1649,19144.900000000078,15524.900000000003
177432977.1649,19144.80000000008,15524.900000000003
177432979.1649,19144.80000000008,15524.900000000003
177432981.1649,19144.80000000008,15524.900000000003
177432983.1649,19144.80000000008,15524.600000000004
177432985.1649,19144.70000000008,15525.000000000004
177432987.1649,19144.70000000008,15525.000000000004
177432989.1649,19144.70000000008,15525.000000000004
177432991.1649,19144.70000000008,15525.000000000004
177432993.1649,19144.70000000008,15525.000000000004
177432995.1649,19144.70000000008,15525.000000000004
177432997.1649,19144.70000000008,15525.000000000004
177432999.1649,19144.70000000008,15525.000000000004
177433001.1649,19144.70000000008,15525.000000000004
177433003.1649,19144.70000000008,15525.000000000004
177433005.1649,19144.70000000008,15525.000000000004
177433007.1649,19144.70000000008,15525.000000000004
177433009.1649,19144.70000000008,15525.000000000004
177433011.1649,19144.70000000008,15525.000000000004
177433013.1649,19144.70000000008,15525.000000000004
177433015.1649,19144.70000000008,15525.000000000004
177433017.1649,19144.70000000008,15525.000000000004
177433019.1649,19144.70000000008,15525.000000000004
177433021.1649,19144.600000000082,15525.000000000004
177433023.1649,19144.600000000082,15525.000000000004
177433025.1649,19144.600000000082,15525.000000000004
177433027.1649,19144.600000000082,15525.000000000004
177433029.1649,19144.600000000082,15525.000000000004
177433031.1649,19144.600000000082,15525.000000000004
177433033.1649,19144.600000000082,15525.000000000004
177433035.1649,19144.600000000082,15525.000000000004
177433037.1649,19144.600000000082,15525.000000000004
177433039.1649,19144.600000000082,15525.000000000004
177433041.1649,19144.600000000082,15525.000000000004
177433043.1649,19144.600000000082,15525.000000000004
177433045.1649,19144.600000000082,15525.000000000004
177433047.1649,19144.600000000082,15525.000000000004
177433049.1649,19144.600000000082,15525.000000000004
177433051.1649,19144.600000000082,15525.000000000004
177433053.1649,19144.600000000082,15525.000000000004
177433055.1649,19144.600000000082,15525.000000000004
177433057.1649,19144.600000000082,15525.000000000004
177433059.1649,19144.600000000082,15525.000000000004
177433061.1649,19144.600000000082,15525.000000000004
177433063.1649,19144.600000000082,15525.000000000004
177433065.1649,19144.600000000082,15525.000000000004
177433067.1649,19144.600000000082,15525.000000000004
177433069.1649,19144.600000000082,15525.000000000004
177433071.1649,19144.600000000082,15525.000000000004
177433073.1649,19144.600000000082,15525.000000000004
177433075.1649,19144.600000000082,15525.000000000004
177433077.1649,19144.600000000082,15525.000000000004
177433079.1649,19144.600000000082,15525.000000000004
177433081.1649,19144.600000000082,15525.000000000004
177433083.1649,19144.600000000082,15525.000000000004
177433085.1649,19144.600000000082,15525.000000000004
177433087.1649,19144.600000000082,15525.000000000004
177433089.1649,19144.600000000082,15525.000000000004
177433091.1649,19144.600000000082,15525.000000000004
177433093.1649,19144.600000000082,15525.000000000004
177433095.1649,19144.600000000082,15525.000000000004
177433097.1649,19144.600000000082,15525.000000000004
177433099.1649,19144.600000000082,15525.000000000004
177433101.1649,19144.600000000082,15525.000000000004
177433103.1649,19144.600000000082,15525.000000000004
177433105.1649,19144.600000000082,15525.000000000004
177433107.1649,19144.600000000082,15525.000000000004
177433109.1649,19144.600000000082,15525.000000000004
177433111.1649,19144.600000000082,15525.000000000004
177433113.1649,19144.500000000084,15525.000000000004
177433115.1649,19144.500000000084,15525.000000000004
177433117.1649,19144.500000000084,15525.000000000004
177433119.1649,19144.500000000084,15525.000000000004
177433121.1649,19144.500000000084,15525.000000000004
177433123.1649,19144.500000000084,15525.000000000004
177433125.1649,19144.500000000084,15525.000000000004
177433127.1649,19144.500000000084,15525.000000000004
177433129.1649,19144.500000000084,15525.000000000004
177433131.1649,19144.500000000084,15525.000000000004
177433133.1649,19144.500000000084,15525.000000000004
177433135.1649,19144.500000000084,15525.000000000004
177433137.1649,19144.500000000084,15525.000000000004
177433139.1649,19144.500000000084,15525.000000000004
177433141.1649,19144.500000000084,15525.000000000004
177433143.1649,19144.500000000084,15525.000000000004
177433145.1649,19144.500000000084,15525.000000000004
177433147.1649,19144.500000000084,15525.000000000004
177433149.1649,19144.500000000084,15525.000000000004
177433151.1649,19144.500000000084,15525.000000000004
177433153.1649,19144.500000000084,15525.000000000004
177433155.1649,19144.500000000084,15525.000000000004
177433157.1649,19144.500000000084,15525.000000000004
177433159.1649,19144.500000000084,15525.000000000004
177433161.1649,19144.500000000084,15525.000000000004
177433163.1649,19144.500000000084,15525.000000000004
177433165.1649,19144.500000000084,15525.000000000004
177433167.1649,19144.500000000084,15525.000000000004
177433169.1649,19144.500000000084,15525.000000000004
177433171.1649,19144.500000000084,15525.000000000004
177433173.1649,19144.500000000084,15525.000000000004
177433175.1649,19144.500000000084,15525.000000000004
177433177.1649,19144.500000000084,15525.000000000004
177433179.1649,19144.500000000084,15525.000000000004
177433181.1649,19144.500000000084,15525.000000000004
177433183.1649,19144.500000000084,15525.000000000004
177433185.1649,19144.500000000084,15525.000000000004
177433187.1649,19144.500000000084,15525.000000000004
177433189.1649,19144.500000000084,15525.000000000004
177433191.1649,19144.500000000084,15525.000000000004
177433193.1649,19144.500000000084,15525.000000000004
177433195.1649,19144.500000000084,15525.000000000004
177433197.1649,19144.500000000084,15525.000000000004
177433199.1649,19144.500000000084,15525.000000000004
177433201.1649,19144.500000000084,15525.000000000004
177433203.1649,19144.500000000084,15525.000000000004
177433205.1649,19144.500000000084,15525.000000000004
177433207.1649,19144.500000000084,15525.000000000004
177433209.1649,19144.500000000084,15525.000000000004
177433211.1649,19144.500000000084,15525.000000000004
177433213.1649,19144.500000000084,15525.000000000004
177433215.1649,19144.500000000084,15525.000000000004
177433217.1649,19144.500000000084,15525.000000000004
177433219.1649,19144.500000000084,15525.000000000004
177433221.1649,19144.500000000084,15525.000000000004
177433223.1649,19144.500000000084,15525.000000000004
177433225.1649,19144.500000000084,15525.000000000004
177433227.1649,19144.500000000084,15525.000000000004
177433229.1649,19144.500000000084,15525.100000000004
177433231.1649,19144.500000000084,15525.100000000004
177433233.1649,19144.500000000084,15525.100000000004
177433235.1649,19144.500000000084,15525.100000000004
177433237.1649,19144.500000000084,15525.100000000004
177433239.1649,19144.500000000084,15525.100000000004
177433241.1649,19144.500000000084,15525.100000000004
177433243.1649,19144.500000000084,15525.100000000004
177433245.1649,19144.500000000084,15525.100000000004
177433247.1649,19144.500000000084,15525.100000000004
177433249.1649,19144.500000000084,15525.100000000004
177433251.1649,19144.500000000084,15525.100000000004
177433253.1649,19144.500000000084,15525.100000000004
177433255.1649,19144.500000000084,15525.100000000004
177433257.1649,19144.500000000084,15525.100000000004
177433259.1649,19144.500000000084,15525.100000000004
177433261.1649,19144.500000000084,15525.100000000004
177433263.1649,19144.500000000084,15525.100000000004
177433265.1649,19144.500000000084,15525.100000000004
177433267.1649,19144.500000000084,15525.100000000004
177433269.1649,19144.500000000084,15525.100000000004
177433271.1649,19144.500000000084,15525.100000000004
177433273.1649,19144.500000000084,15525.100000000004
177433275.1649,19144.500000000084,15525.100000000004
177433277.1649,19144.500000000084,15525.100000000004
177433279.1649,19144.500000000084,15525.200000000004
177433281.1649,19144.500000000084,15525.200000000004
177433283.1649,19144.500000000084,15525.200000000004
177433285.1649,19144.500000000084,15525.200000000004
177433287.1649,19144.500000000084,15525.200000000004
177433289.1649,19144.500000000084,15525.200000000004
177433291.1649,19144.500000000084,15525.200000000004
177433293.1649,19144.500000000084,15525.200000000004
177433295.2649,19144.500000000084,15525.200000000004
177433297.1649,19144.500000000084,15525.200000000004
177433299.1649,19144.500000000084,15525.200000000004
177433301.1649,19144.500000000084,15525.200000000004
177433303.1649,19144.500000000084,15525.200000000004
177433305.1649,19144.500000000084,15525.200000000004
177433307.1649,19144.500000000084,15525.200000000004
177433309.1649,19144.500000000084,15525.200000000004
177433311.1649,19144.500000000084,15525.200000000004
177433313.1649,19144.500000000084,15525.200000000004
177433315.1649,19144.500000000084,15525.200000000004
177433317.1649,19144.500000000084,15525.200000000004
177433319.1649,19144.500000000084,15525.200000000004
177433321.1649,19144.400000000085,15525.200000000004
177433323.1649,19144.400000000085,15525.200000000004
177433325.1649,19144.400000000085,15525.200000000004
177433327.1649,19144.300000000087,15525.200000000004
177433329.1649,19144.300000000087,15525.200000000004
177433331.1649,19144.300000000087,15525.200000000004
177433333.1649,19144.300000000087,15525.200000000004
177433335.1649,19144.300000000087,15525.200000000004
177433337.1649,19144.300000000087,15525.200000000004
177433339.1649,19144.300000000087,15525.200000000004
177433341.1649,19144.300000000087,15525.200000000004
177433343.1649,19144.300000000087,15525.200000000004
177433345.1649,19144.300000000087,15525.200000000004
177433347.1649,19144.300000000087,15525.200000000004
177433349.1649,19144.200000000088,15525.200000000004
177433351.1649,19144.200000000088,15525.200000000004
177433353.1649,19144.200000000088,15525.200000000004
177433355.1649,19144.200000000088,15525.200000000004
177433357.1649,19144.200000000088,15525.200000000004
177433359.1649,19144.200000000088,15525.200000000004
177433361.1649,19144.200000000088,15525.200000000004
177433363.1649,19144.200000000088,15525.200000000004
177433365.1649,19144.200000000088,15525.200000000004
177433367.1649,19144.200000000088,15525.200000000004
177433369.1649,19144.200000000088,15525.200000000004
177433371.1649,19144.200000000088,15525.200000000004
177433373.1649,19144.200000000088,15525.200000000004
177433375.1649,19144.200000000088,15525.200000000004
177433377.1649,19144.200000000088,15525.300000000005
177433379.1649,19144.10000000009,15525.300000000005
177433381.1649,19144.10000000009,15525.300000000005
177433383.1649,19144.10000000009,15525.300000000005
177433385.1649,19144.10000000009,15525.300000000005
177433387.1649,19144.10000000009,15525.300000000005
177433389.1649,19144.10000000009,15525.300000000005
177433391.1649,19144.10000000009,15525.300000000005
177433393.1649,19144.10000000009,15525.300000000005
177433395.1649,19144.10000000009,15525.300000000005
177433397.1649,19144.10000000009,15525.300000000005
177433399.1649,19144.10000000009,15525.300000000005
177433401.1649,19144.10000000009,15525.300000000005
177433403.1649,19144.10000000009,15525.300000000005
177433405.1649,19144.10000000009,15525.300000000005
177433407.1649,19144.10000000009,15525.300000000005
177433409.1649,19144.10000000009,15525.300000000005
177433411.1649,19144.10000000009,15525.300000000005
177433413.1649,19144.10000000009,15525.300000000005
177433415.1649,19144.10000000009,15525.200000000004
177433417.1649,19144.10000000009,15525.200000000004
177433419.1649,19144.10000000009,15525.200000000004
177433421.1649,19144.10000000009,15525.200000000004
177433423.1649,19144.10000000009,15525.200000000004
177433425.1649,19144.10000000009,15525.200000000004
177433427.1649,19144.10000000009,15525.200000000004
177433429.1649,19144.10000000009,15525.200000000004
177433431.1649,19144.10000000009,15525.200000000004
177433433.1649,19144.10000000009,15525.200000000004
177433435.1649,19143.90000000009,15525.200000000004
177433437.1649,19143.90000000009,15525.200000000004
177433439.1649,19143.90000000009,15525.200000000004
177433441.1649,19143.90000000009,15525.200000000004
177433443.1649,19143.90000000009,15525.200000000004
177433445.1649,19143.90000000009,15525.200000000004
177433447.1649,19143.90000000009,15525.200000000004
177433449.1649,19143.90000000009,15525.200000000004
177433451.1649,19143.90000000009,15525.200000000004
177433453.1649,19143.90000000009,15525.200000000004
177433455.1649,19143.90000000009,15525.200000000004
177433457.1649,19143.90000000009,15525.200000000004
177433459.1649,19143.90000000009,15525.200000000004
177433461.1649,19143.90000000009,15525.200000000004
177433463.1649,19143.90000000009,15525.200000000004
177433465.1649,19143.90000000009,15525.200000000004
177433467.1649,19143.90000000009,15525.200000000004
177433469.1649,19143.90000000009,15525.200000000004
177433471.1649,19143.90000000009,15525.200000000004
177433473.1649,19143.90000000009,15525.200000000004
177433475.1649,19143.90000000009,15525.200000000004
177433477.1649,19143.90000000009,15525.200000000004
177433479.1649,19143.90000000009,15525.200000000004
177433481.1649,19143.90000000009,15525.200000000004
177433483.1649,19143.90000000009,15525.200000000004
177433485.1649,19143.90000000009,15525.200000000004
177433487.1649,19143.90000000009,15525.200000000004
177433489.1649,19143.90000000009,15525.200000000004
177433491.1649,19143.90000000009,15525.200000000004
177433493.1649,19143.90000000009,15525.200000000004
177433495.1649,19143.90000000009,15525.200000000004
177433497.1649,19143.90000000009,15525.200000000004
177433499.1649,19143.90000000009,15525.200000000004
177433501.1649,19143.90000000009,15525.200000000004
177433503.1649,19143.90000000009,15525.200000000004
177433505.1649,19143.90000000009,15525.200000000004
177433507.1649,19143.90000000009,15525.200000000004
177433509.1649,19143.90000000009,15525.200000000004
177433511.1649,19143.90000000009,15525.200000000004
177433513.1649,19143.90000000009,15525.200000000004
177433515.1649,19143.90000000009,15525.200000000004
177433517.1649,19143.90000000009,15525.200000000004
177433519.1649,19143.90000000009,15525.200000000004
177433521.1649,19143.90000000009,15525.200000000004
177433523.1649,19143.90000000009,15525.200000000004
177433525.1649,19143.90000000009,15525.200000000004
177433527.1649,19143.90000000009,15525.200000000004
177433529.1649,19143.90000000009,15525.200000000004
177433531.1649,19143.80000000009,15525.200000000004
177433533.1649,19143.80000000009,15525.200000000004
177433535.1649,19143.80000000009,15525.200000000004
177433537.1649,19143.80000000009,15525.200000000004
177433539.1649,19143.80000000009,15525.200000000004
177433541.1649,19143.80000000009,15525.200000000004
177433543.1649,19143.80000000009,15525.200000000004
177433545.1649,19143.80000000009,15525.200000000004
177433547.1649,19143.80000000009,15525.200000000004
177433549.1649,19143.80000000009,15525.200000000004
177433551.1649,19143.80000000009,15525.200000000004
177433553.1649,19143.80000000009,15525.200000000004
177433555.1649,19143.80000000009,15525.200000000004
177433557.1649,19143.80000000009,15525.200000000004
177433559.1649,19143.80000000009,15525.200000000004
177433561.1649,19143.80000000009,15525.200000000004
177433563.1649,19143.80000000009,15525.200000000004
177433565.1649,19143.80000000009,15525.200000000004
177433567.1649,19143.80000000009,15525.200000000004
177433569.1649,19143.80000000009,15525.200000000004
177433571.1649,19143.80000000009,15525.200000000004
177433573.1649,19143.80000000009,15525.200000000004
177433575.1649,19143.80000000009,15525.200000000004
177433577.1649,19143.80000000009,15525.200000000004
177433579.1649,19143.80000000009,15525.200000000004
177433581.1649,19143.80000000009,15525.200000000004
177433583.1649,19143.80000000009,15525.200000000004
177433585.1649,19143.80000000009,15525.200000000004
177433587.1649,19143.80000000009,15525.200000000004
177433589.1649,19143.80000000009,15525.200000000004
177433591.1649,19143.80000000009,15525.200000000004
177433593.1649,19143.80000000009,15525.200000000004
177433595.1649,19143.80000000009,15525.200000000004
177433597.1649,19143.80000000009,15525.200000000004
177433599.1649,19143.80000000009,15525.200000000004
177433601.1649,19143.80000000009,15525.200000000004
177433603.1649,19143.80000000009,15525.200000000004
177433605.1649,19143.80000000009,15525.200000000004
177433607.1649,19143.80000000009,15525.200000000004
177433609.1649,19143.80000000009,15525.200000000004
177433611.1649,19143.80000000009,15525.200000000004
177433613.1649,19143.80000000009,15525.200000000004
177433615.1649,19143.80000000009,15525.200000000004
177433617.1649,19143.70000000009,15525.200000000004
177433619.1649,19143.70000000009,15525.200000000004
177433621.1649,19143.70000000009,15525.200000000004
177433623.1649,19143.70000000009,15525.200000000004
177433625.1649,19143.70000000009,15525.200000000004
177433627.1649,19143.70000000009,15525.200000000004
177433629.1649,19143.70000000009,15525.200000000004
177433631.1649,19143.70000000009,15525.200000000004
177433633.1649,19143.70000000009,15525.200000000004
177433635.1649,19143.70000000009,15525.200000000004
177433637.1649,19143.70000000009,15525.200000000004
177433639.1649,19143.70000000009,15525.200000000004
177433641.1649,19143.70000000009,15525.200000000004
177433643.1649,19143.70000000009,15525.200000000004
177433645.1649,19143.70000000009,15525.200000000004
177433647.1649,19143.70000000009,15525.200000000004
177433649.1649,19143.70000000009,15525.200000000004
177433651.1649,19143.70000000009,15525.200000000004
177433653.1649,19143.70000000009,15525.200000000004
177433655.1649,19143.70000000009,15525.200000000004
177433657.1649,19143.70000000009,15525.200000000004
177433659.1649,19143.70000000009,15525.200000000004
177433661.1649,19143.70000000009,15525.200000000004
177433663.1649,19143.70000000009,15525.200000000004
177433665.1649,19143.70000000009,15525.200000000004
177433667.1649,19143.70000000009,15525.200000000004
177433669.1649,19143.70000000009,15525.200000000004
177433671.1649,19143.70000000009,15525.300000000005
177433673.1649,19143.70000000009,15525.300000000005
177433675.1649,19143.70000000009,15525.300000000005
177433677.1649,19143.70000000009,15525.300000000005
177433679.1649,19143.70000000009,15525.300000000005
177433681.1649,19143.70000000009,15525.300000000005
177433683.1649,19143.70000000009,15525.300000000005
177433685.1649,19143.70000000009,15525.300000000005
177433687.1649,19143.70000000009,15525.300000000005
177433689.1649,19143.70000000009,15525.300000000005
177433691.1649,19143.70000000009,15525.300000000005
177433693.1649,19143.70000000009,15525.200000000004
177433695.1649,19143.70000000009,15525.200000000004
177433697.1649,19143.70000000009,15525.200000000004
177433699.1649,19143.70000000009,15525.200000000004
177433701.1649,19143.70000000009,15525.200000000004
177433703.1649,19143.70000000009,15525.200000000004
177433705.1649,19143.70000000009,15525.200000000004
177433707.1649,19143.70000000009,15525.200000000004
177433709.1649,19143.70000000009,15525.200000000004
177433711.1649,19143.70000000009,15525.200000000004
177433713.1649,19143.70000000009,15525.200000000004
177433715.1649,19143.70000000009,15525.200000000004
177433717.1649,19143.70000000009,15525.200000000004
177433719.1649,19143.70000000009,15525.200000000004
177433721.1649,19143.70000000009,15525.200000000004
177433723.1649,19143.70000000009,15525.200000000004
177433725.1649,19143.70000000009,15525.200000000004
177433727.1649,19143.70000000009,15525.200000000004
177433729.1649,19143.70000000009,15525.200000000004
177433731.1649,19143.70000000009,15525.200000000004
177433733.1649,19143.70000000009,15525.200000000004
177433735.1649,19143.70000000009,15525.200000000004
177433737.1649,19143.70000000009,15525.200000000004
177433739.1649,19143.70000000009,15525.200000000004
177433741.1649,19143.70000000009,15525.200000000004
177433743.1649,19143.70000000009,15525.200000000004
177433745.1649,19143.70000000009,15525.200000000004
177433747.1649,19143.70000000009,15525.200000000004
177433749.1649,19143.70000000009,15525.200000000004
177433751.1649,19143.70000000009,15525.200000000004
177433753.1649,19143.70000000009,15525.200000000004
177433755.1649,19143.70000000009,15525.200000000004
177433757.1649,19143.70000000009,15525.200000000004
177433759.1649,19143.70000000009,15525.200000000004
177433761.1649,19143.70000000009,15525.200000000004
177433763.1649,19143.70000000009,15525.200000000004
177433765.1649,19143.70000000009,15525.200000000004
177433767.1649,19143.70000000009,15525.200000000004
177433769.1649,19143.70000000009,15525.100000000004
177433771.1649,19143.70000000009,15525.100000000004
177433773.1649,19143.70000000009,15525.100000000004
177433775.1649,19143.70000000009,15525.100000000004
177433777.1649,19143.70000000009,15525.100000000004
177433779.1649,19143.70000000009,15525.100000000004
177433781.1649,19143.70000000009,15525.100000000004
177433783.1649,19143.70000000009,15525.100000000004
177433785.1649,19143.70000000009,15525.100000000004
177433787.1649,19143.70000000009,15525.100000000004
177433789.1649,19143.70000000009,15525.100000000004
177433791.1649,19143.70000000009,15525.100000000004
177433793.1649,19143.600000000093,15525.100000000004
177433795.1649,19143.600000000093,15525.100000000004
177433797.1649,19143.600000000093,15525.100000000004
177433799.1649,19143.600000000093,15525.100000000004
177433801.1649,19143.600000000093,15525.100000000004
177433803.1649,19143.600000000093,15525.100000000004
177433805.1649,19143.600000000093,15525.100000000004
177433807.1649,19143.600000000093,15525.100000000004
177433809.1649,19143.600000000093,15525.100000000004
177433811.1649,19143.600000000093,15525.100000000004
177433813.1649,19143.600000000093,15525.100000000004
177433815.1649,19143.600000000093,15525.100000000004
177433817.1649,19143.600000000093,15525.100000000004
177433819.1649,19143.600000000093,15525.100000000004
177433821.1649,19143.600000000093,15525.100000000004
177433823.1649,19143.600000000093,15525.100000000004
177433825.1649,19143.600000000093,15525.100000000004
177433827.1649,19143.600000000093,15525.100000000004
177433829.1649,19143.600000000093,15525.100000000004
177433831.1649,19143.600000000093,15525.100000000004
177433833.1649,19143.600000000093,15525.100000000004
177433835.1649,19143.600000000093,15525.100000000004
177433837.1649,19143.600000000093,15525.100000000004
177433839.1649,19143.600000000093,15525.100000000004
177433841.1649,19143.600000000093,15525.100000000004
177433843.1649,19143.600000000093,15525.100000000004
177433845.1649,19143.600000000093,15525.100000000004
177433847.1649,19143.600000000093,15525.100000000004
177433849.1649,19143.600000000093,15525.100000000004
177433851.1649,19143.600000000093,15525.100000000004
177433853.1649,19143.600000000093,15525.100000000004
177433855.1649,19143.600000000093,15525.100000000004
177433857.1649,19143.600000000093,15525.100000000004
177433859.1649,19143.600000000093,15525.100000000004
177433861.1649,19143.600000000093,15525.100000000004
177433863.1649,19143.600000000093,15525.100000000004
177433865.1649,19143.600000000093,15525.100000000004
177433867.1649,19143.600000000093,15525.100000000004
177433869.1649,19143.600000000093,15525.100000000004
177433871.1649,19143.600000000093,15525.100000000004
177433873.1649,19143.600000000093,15525.100000000004
177433875.1649,19143.600000000093,15525.100000000004
177433877.1649,19143.600000000093,15525.100000000004
177433879.1649,19143.600000000093,15525.100000000004
177433881.1649,19143.600000000093,15525.100000000004
177433883.1649,19143.600000000093,15525.100000000004
177433885.1649,19143.600000000093,15525.100000000004
177433887.1649,19143.600000000093,15525.100000000004
177433889.1649,19143.600000000093,15525.100000000004
177433891.1649,19143.600000000093,15525.100000000004
177433893.1649,19143.600000000093,15525.100000000004
177433895.1649,19143.600000000093,15525.100000000004
177433897.1649,19143.600000000093,15525.100000000004
177433899.1649,19143.600000000093,15525.100000000004
177433901.1649,19143.600000000093,15525.100000000004
177433903.1649,19143.600000000093,15525.100000000004
177433905.1649,19143.600000000093,15525.100000000004
177433907.1649,19143.600000000093,15525.100000000004
177433909.1649,19143.600000000093,15525.100000000004
177433911.1649,19143.600000000093,15525.100000000004
177433913.1649,19143.600000000093,15525.100000000004
177433915.1649,19143.600000000093,15525.100000000004
177433917.1649,19143.600000000093,15525.100000000004
177433919.1649,19143.600000000093,15525.100000000004
177433921.1649,19143.600000000093,15525.100000000004
177433923.1649,19143.600000000093,15525.100000000004
177433925.1649,19143.600000000093,15525.100000000004
177433927.1649,19143.600000000093,15525.100000000004
177433929.1649,19143.600000000093,15525.100000000004
177433931.1649,19143.600000000093,15525.100000000004
177433933.1649,19143.600000000093,15525.100000000004
177433935.1649,19143.600000000093,15525.100000000004
177433937.1649,19143.600000000093,15525.100000000004
177433939.1649,19143.600000000093,15525.100000000004
177433941.1649,19143.600000000093,15525.100000000004
177433943.1649,19143.600000000093,15525.100000000004
177433945.1649,19143.600000000093,15525.100000000004
177433947.1649,19143.600000000093,15525.100000000004
177433949.1649,19143.600000000093,15525.100000000004
177433951.1649,19143.600000000093,15525.100000000004
177433953.1649,19143.600000000093,15525.100000000004
177433955.1649,19143.600000000093,15525.100000000004
177433957.1649,19143.600000000093,15525.100000000004
177433959.1649,19143.600000000093,15525.100000000004
177433961.1649,19143.600000000093,15525.100000000004
177433963.1649,19143.500000000095,15525.100000000004
177433965.1649,19143.500000000095,15525.100000000004
177433967.1649,19143.500000000095,15525.100000000004
177433969.1649,19143.500000000095,15525.100000000004
177433971.1649,19143.500000000095,15525.100000000004
177433973.1649,19143.500000000095,15525.100000000004
177433975.1649,19143.500000000095,15525.100000000004
177433977.1649,19143.500000000095,15525.100000000004
177433979.1649,19143.500000000095,15525.100000000004
177433981.1649,19143.500000000095,15525.100000000004
177433983.1649,19143.500000000095,15525.100000000004
177433985.1649,19143.500000000095,15525.100000000004
177433987.1649,19143.600000000093,15525.100000000004
177433989.1649,19143.600000000093,15525.100000000004
177433991.1649,19143.600000000093,15525.100000000004
177433993.1649,19143.600000000093,15525.100000000004
177433995.1649,19143.600000000093,15525.100000000004
177433997.1649,19143.600000000093,15525.100000000004
177433999.1649,19143.600000000093,15525.100000000004
177434001.1649,19143.600000000093,15525.100000000004
177434003.1649,19143.600000000093,15525.100000000004
177434005.1649,19143.600000000093,15525.100000000004
177434007.1649,19143.600000000093,15525.100000000004
177434009.1649,19143.600000000093,15525.100000000004
177434011.1649,19143.600000000093,15525.100000000004
177434013.1649,19143.600000000093,15525.100000000004
177434015.1649,19143.600000000093,15525.100000000004
177434017.1649,19143.600000000093,15525.100000000004
177434019.1649,19143.600000000093,15525.100000000004
177434021.1649,19143.600000000093,15525.100000000004
177434023.1649,19143.600000000093,15525.100000000004
177434025.1649,19143.600000000093,15525.100000000004
177434027.1649,19143.600000000093,15525.100000000004
177434029.1649,19143.600000000093,15525.000000000004
177434031.1649,19143.600000000093,15525.000000000004
177434033.1649,19143.600000000093,15525.000000000004
177434035.1649,19143.600000000093,15525.000000000004
177434037.1649,19143.600000000093,15525.000000000004
177434039.1649,19143.600000000093,15525.000000000004
177434041.1649,19143.600000000093,15525.000000000004
177434043.1649,19143.600000000093,15525.000000000004
177434045.1649,19143.600000000093,15525.000000000004
177434047.1649,19143.600000000093,15525.000000000004
177434049.1649,19143.600000000093,15525.000000000004
177434051.1649,19143.600000000093,15525.000000000004
177434053.1649,19143.600000000093,15525.000000000004
177434055.1649,19143.600000000093,15525.000000000004
177434057.1649,19143.600000000093,15525.000000000004
177434059.1649,19143.600000000093,15525.000000000004
177434061.1649,19143.600000000093,15525.000000000004
177434063.1649,19143.600000000093,15525.000000000004
177434065.1649,19143.600000000093,15525.000000000004
177434067.1649,19143.600000000093,15525.000000000004
177434069.1649,19143.600000000093,15525.000000000004
177434071.1649,19143.600000000093,15525.000000000004
177434073.1649,19143.600000000093,15525.000000000004
177434075.1649,19143.600000000093,15525.000000000004
177434077.1649,19143.600000000093,15525.000000000004
177434079.1649,19143.600000000093,15525.000000000004
177434081.1649,19143.600000000093,15525.000000000004
177434083.1649,19143.600000000093,15525.000000000004
177434085.1649,19143.600000000093,15525.000000000004
177434087.1649,19143.600000000093,15525.000000000004
177434089.1649,19143.600000000093,15525.000000000004
177434091.1649,19143.600000000093,15525.000000000004
177434093.1649,19143.600000000093,15525.000000000004
177434095.1649,19143.600000000093,15525.000000000004
177434097.1649,19143.600000000093,15525.000000000004
177434099.1649,19143.600000000093,15525.000000000004
177434101.1649,19143.600000000093,15525.000000000004
177434103.1649,19143.600000000093,15525.000000000004
177434105.1649,19143.600000000093,15525.000000000004
177434107.1649,19143.600000000093,15525.000000000004
177434109.1649,19143.600000000093,15525.000000000004
177434111.1649,19143.600000000093,15525.000000000004
177434113.1649,19143.600000000093,15525.000000000004
177434115.1649,19143.600000000093,15525.000000000004
177434117.1649,19143.600000000093,15525.000000000004
177434119.1649,19143.600000000093,15525.000000000004
177434121.1649,19143.600000000093,15525.000000000004
177434123.1649,19143.600000000093,15525.000000000004
177434125.1649,19143.600000000093,15525.000000000004
177434127.1649,19143.600000000093,15525.000000000004
177434129.1649,19143.600000000093,15525.000000000004
177434131.1649,19143.600000000093,15525.000000000004
177434133.1649,19143.600000000093,15525.000000000004
177434135.1649,19143.600000000093,15525.000000000004
177434137.1649,19143.600000000093,15525.000000000004
177434139.1649,19143.600000000093,15525.000000000004
177434141.1649,19143.600000000093,15525.000000000004
177434143.1649,19143.600000000093,15525.000000000004
177434145.1649,19143.600000000093,15525.000000000004
177434147.1649,19143.600000000093,15525.000000000004
177434149.1649,19143.600000000093,15525.000000000004
177434151.1649,19143.600000000093,15525.000000000004
177434153.1649,19143.600000000093,15525.000000000004
177434155.1649,19143.600000000093,15525.000000000004
177434157.1649,19143.600000000093,15525.000000000004
177434159.1649,19143.600000000093,15525.000000000004
177434161.1649,19143.600000000093,15524.600000000004
177434163.1649,19143.600000000093,15525.100000000004
177434165.1649,19143.500000000095,15525.100000000004
177434167.1649,19143.500000000095,15525.100000000004
177434169.1649,19143.500000000095,15525.100000000004
177434171.1649,19143.500000000095,15525.100000000004
177434173.1649,19143.500000000095,15525.100000000004
177434175.1649,19143.500000000095,15525.100000000004
177434177.1649,19143.500000000095,15525.100000000004
177434179.1649,19143.500000000095,15525.100000000004
177434181.1649,19143.500000000095,15525.100000000004
177434183.1649,19143.500000000095,15525.100000000004
177434185.1649,19143.500000000095,15525.100000000004
177434187.1649,19143.500000000095,15525.100000000004
177434189.1649,19143.500000000095,15525.100000000004
177434191.1649,19143.500000000095,15525.100000000004
177434193.1649,19143.500000000095,15525.100000000004
177434195.1649,19143.500000000095,15525.100000000004
177434197.1649,19143.500000000095,15525.100000000004
177434199.1649,19143.500000000095,15525.100000000004
177434201.1649,19143.500000000095,15525.100000000004
177434203.1649,19143.500000000095,15525.100000000004
177434205.1649,19143.500000000095,15525.100000000004
177434207.1649,19143.500000000095,15525.100000000004
177434209.1649,19143.500000000095,15525.100000000004
177434211.1649,19143.500000000095,15525.100000000004
177434213.1649,19143.500000000095,15525.100000000004
177434215.1649,19143.500000000095,15525.100000000004
177434217.1649,19143.500000000095,15525.100000000004
177434219.1649,19143.500000000095,15525.100000000004
177434221.1649,19143.500000000095,15525.100000000004
177434223.1649,19143.500000000095,15525.100000000004
177434225.1649,19143.500000000095,15525.100000000004
177434227.1649,19143.500000000095,15525.100000000004
177434229.1649,19143.500000000095,15525.100000000004
177434231.1649,19143.500000000095,15525.100000000004
177434233.1649,19143.500000000095,15525.100000000004
177434235.1649,19143.500000000095,15525.100000000004
177434237.1649,19143.500000000095,15525.100000000004
177434239.1649,19143.500000000095,15525.100000000004
177434241.1649,19143.500000000095,15525.100000000004
177434243.1649,19143.500000000095,15525.100000000004
177434245.1649,19143.500000000095,15525.100000000004
177434247.1649,19143.500000000095,15525.100000000004
177434249.1649,19143.500000000095,15525.100000000004
177434251.1649,19143.500000000095,15525.100000000004
177434253.1649,19143.500000000095,15525.100000000004
177434255.1649,19143.500000000095,15525.100000000004
177434257.1649,19143.500000000095,15525.100000000004
177434259.1649,19143.500000000095,15525.100000000004
177434261.1649,19143.500000000095,15525.100000000004
177434263.1649,19143.500000000095,15525.100000000004
177434265.1649,19143.500000000095,15525.100000000004
177434267.1649,19143.500000000095,15525.100000000004
177434269.1649,19143.500000000095,15525.100000000004
177434271.1649,19143.500000000095,15525.100000000004
177434273.1649,19143.500000000095,15525.100000000004
177434275.1649,19143.500000000095,15525.100000000004
177434277.1649,19143.500000000095,15525.100000000004
177434279.1649,19143.500000000095,15525.100000000004
177434281.1649,19143.500000000095,15525.100000000004
177434283.1649,19143.500000000095,15525.100000000004
177434285.1649,19143.500000000095,15525.100000000004
177434287.1649,19143.500000000095,15525.100000000004
177434289.1649,19143.500000000095,15525.100000000004
177434291.1649,19143.500000000095,15525.100000000004
177434293.1649,19143.500000000095,15525.100000000004
177434295.1649,19143.500000000095,15525.100000000004
177434297.1649,19143.500000000095,15525.100000000004
177434299.1649,19143.500000000095,15525.100000000004
177434301.1649,19143.500000000095,15525.100000000004
177434303.1649,19143.500000000095,15525.100000000004
177434305.1649,19143.500000000095,15525.100000000004
177434307.1649,19143.500000000095,15525.100000000004
177434309.1649,19143.500000000095,15525.100000000004
177434311.1649,19143.500000000095,15525.100000000004
177434313.1649,19143.500000000095,15525.100000000004
177434315.1649,19143.500000000095,15525.100000000004
177434317.1649,19143.500000000095,15525.100000000004
177434319.1649,19143.500000000095,15525.100000000004
177434321.1649,19143.500000000095,15525.100000000004
177434323.1649,19143.500000000095,15525.100000000004
177434325.1649,19143.500000000095,15525.100000000004
177434327.1649,19143.500000000095,15525.100000000004
177434329.1649,19143.500000000095,15525.100000000004
177434331.1649,19143.500000000095,15525.100000000004
177434333.1649,19143.500000000095,15525.100000000004
177434335.1649,19143.500000000095,15525.100000000004
177434337.1649,19143.500000000095,15525.100000000004
177434339.1649,19143.500000000095,15525.100000000004
177434341.1649,19143.500000000095,15525.100000000004
177434343.1649,19143.500000000095,15525.100000000004
177434345.1649,19143.500000000095,15525.100000000004
177434347.1649,19143.500000000095,15525.100000000004
177434349.1649,19143.500000000095,15525.100000000004
177434351.1649,19143.500000000095,15525.100000000004
177434353.1649,19143.500000000095,15525.100000000004
177434355.1649,19143.500000000095,15525.100000000004
177434357.1649,19143.500000000095,15525.100000000004
177434359.1649,19143.500000000095,15525.100000000004
177434361.1649,19143.500000000095,15525.100000000004
177434363.1649,19143.500000000095,15525.100000000004
177434365.1649,19143.500000000095,15525.100000000004
177434367.1649,19143.500000000095,15525.100000000004
177434369.1649,19143.500000000095,15525.100000000004
177434371.1649,19143.500000000095,15525.100000000004
177434373.1649,19143.500000000095,15525.100000000004
177434375.1649,19143.500000000095,15525.100000000004
177434377.1649,19143.500000000095,15525.100000000004
177434379.1649,19143.500000000095,15525.100000000004
177434381.1649,19143.500000000095,15525.100000000004
177434383.1649,19143.500000000095,15525.100000000004
177434385.1649,19143.500000000095,15525.100000000004
177434387.1649,19143.500000000095,15525.100000000004
177434389.1649,19143.500000000095,15525.100000000004
177434391.1649,19143.500000000095,15525.100000000004
177434393.1649,19143.500000000095,15525.100000000004
177434395.1649,19143.500000000095,15525.100000000004
177434397.1649,19143.400000000096,15525.100000000004
177434399.1649,19143.400000000096,15525.100000000004
177434401.1649,19143.400000000096,15525.100000000004
177434403.1649,19143.500000000095,15525.100000000004
177434405.1649,19143.500000000095,15525.100000000004
177434407.1649,19143.500000000095,15525.100000000004
177434409.1649,19143.500000000095,15525.100000000004
177434411.1649,19143.500000000095,15525.100000000004
177434413.1649,19143.500000000095,15525.100000000004
177434415.1649,19143.500000000095,15525.100000000004
177434417.1649,19143.500000000095,15525.100000000004
177434419.1649,19143.500000000095,15525.100000000004
177434421.1649,19143.500000000095,15525.100000000004
177434423.1649,19143.500000000095,15525.100000000004
177434425.1649,19143.500000000095,15525.100000000004
177434427.1649,19143.400000000096,15525.100000000004
177434429.1649,19143.400000000096,15525.100000000004
177434431.1649,19143.400000000096,15525.200000000004
177434433.1649,19143.400000000096,15525.200000000004
177434435.1649,19143.400000000096,15525.200000000004
177434437.1649,19143.400000000096,15525.200000000004
177434439.1649,19143.400000000096,15525.200000000004
177434441.1649,19143.400000000096,15525.200000000004
177434443.1649,19143.400000000096,15525.200000000004
177434445.1649,19143.400000000096,15525.200000000004
177434447.1649,19143.400000000096,15525.200000000004
177434449.1649,19143.400000000096,15525.200000000004
177434451.1649,19143.400000000096,15525.200000000004
177434453.1649,19143.400000000096,15525.200000000004
177434455.1649,19143.400000000096,15525.200000000004
177434457.1649,19143.400000000096,15525.200000000004
177434459.1649,19143.400000000096,15525.200000000004
177434461.1649,19143.400000000096,15525.200000000004
177434463.1649,19143.400000000096,15525.200000000004
177434465.1649,19143.400000000096,15525.200000000004
177434467.1649,19143.400000000096,15525.200000000004
177434469.1649,19143.400000000096,15525.200000000004
177434471.1649,19143.400000000096,15525.200000000004
177434473.1649,19143.400000000096,15525.200000000004
177434475.1649,19143.400000000096,15525.200000000004
177434477.1649,19143.400000000096,15525.200000000004
177434479.1649,19143.400000000096,15525.200000000004
177434481.1649,19143.300000000097,15525.200000000004
177434483.1649,19143.300000000097,15525.200000000004
177434485.1649,19143.300000000097,15525.200000000004
177434487.1649,19143.300000000097,15525.200000000004
177434489.1649,19143.300000000097,15525.200000000004
177434491.1649,19143.300000000097,15525.200000000004
177434493.1649,19143.300000000097,15525.200000000004
177434495.1649,19143.300000000097,15525.200000000004
177434497.1649,19143.300000000097,15525.200000000004
177434499.1649,19143.300000000097,15525.200000000004
177434501.1649,19143.300000000097,15525.200000000004
177434503.1649,19143.300000000097,15525.200000000004
177434505.1649,19143.300000000097,15525.200000000004
177434507.1649,19143.300000000097,15525.200000000004
177434509.1649,19143.300000000097,15525.200000000004
177434511.1649,19143.300000000097,15525.200000000004
177434513.1649,19143.300000000097,15525.200000000004
177434515.1649,19143.300000000097,15525.200000000004
177434517.1649,19143.300000000097,15525.200000000004
177434519.1649,19143.300000000097,15525.200000000004
177434521.1649,19143.300000000097,15525.200000000004
177434523.1649,19143.300000000097,15525.200000000004
177434525.1649,19143.300000000097,15525.200000000004
177434527.1649,19143.300000000097,15525.200000000004
177434529.1649,19143.300000000097,15525.200000000004
177434531.1649,19143.300000000097,15525.200000000004
177434533.1649,19143.300000000097,15525.200000000004
177434535.1649,19143.300000000097,15525.200000000004
177434537.1649,19143.300000000097,15525.200000000004
177434539.1649,19143.300000000097,15525.200000000004
177434541.1649,19143.300000000097,15525.200000000004
177434543.1649,19143.300000000097,15525.200000000004
177434545.1649,19143.300000000097,15525.200000000004
177434547.1649,19143.300000000097,15525.200000000004
177434549.1649,19143.300000000097,15525.200000000004
177434551.1649,19143.300000000097,15525.200000000004
177434553.1649,19143.300000000097,15525.200000000004
177434555.1649,19143.300000000097,15525.200000000004
177434557.1649,19143.300000000097,15525.200000000004
177434559.1649,19143.300000000097,15525.200000000004
177434561.1649,19143.300000000097,15525.200000000004
177434563.1649,19143.300000000097,15525.200000000004
177434565.1649,19143.300000000097,15525.200000000004
177434567.1649,19143.300000000097,15525.200000000004
177434569.1649,19143.300000000097,15525.200000000004
177434571.1649,19143.300000000097,15525.200000000004
177434573.1649,19143.300000000097,15525.200000000004
177434575.1649,19143.300000000097,15525.200000000004
177434577.1649,19143.300000000097,15525.200000000004
177434579.1649,19143.300000000097,15525.200000000004
177434581.1649,19143.300000000097,15525.200000000004
177434583.1649,19143.300000000097,15525.200000000004
177434585.1649,19143.300000000097,15525.200000000004
177434587.1649,19143.300000000097,15525.200000000004
177434589.1649,19143.300000000097,15525.200000000004
177434591.1649,19143.300000000097,15525.200000000004
177434593.1649,19143.300000000097,15525.200000000004
177434595.1649,19143.300000000097,15525.200000000004
177434597.1649,19143.300000000097,15525.200000000004
177434599.1649,19143.300000000097,15525.200000000004
177434601.1649,19143.300000000097,15525.200000000004
177434603.1649,19143.300000000097,15525.200000000004
177434605.1649,19143.300000000097,15525.200000000004
177434607.1649,19143.300000000097,15525.200000000004
177434609.1649,19143.300000000097,15525.200000000004
177434611.1649,19143.300000000097,15525.200000000004
177434613.1649,19143.300000000097,15525.200000000004
177434615.1649,19143.300000000097,15525.200000000004
177434617.1649,19143.300000000097,15525.200000000004
177434619.1649,19143.300000000097,15525.200000000004
177434621.1649,19143.300000000097,15525.200000000004
177434623.1649,19143.300000000097,15525.200000000004
177434625.1649,19143.300000000097,15525.200000000004
177434627.1649,19143.300000000097,15525.200000000004
177434629.1649,19143.300000000097,15525.200000000004
177434631.1649,19143.300000000097,15525.200000000004
177434633.1649,19143.300000000097,15525.200000000004
177434635.1649,19143.300000000097,15525.200000000004
177434637.1649,19143.300000000097,15525.200000000004
177434639.1649,19143.300000000097,15525.200000000004
177434641.1649,19143.300000000097,15525.200000000004
177434643.1649,19143.300000000097,15525.200000000004
177434645.1649,19143.300000000097,15525.200000000004
177434647.1649,19143.300000000097,15525.200000000004
177434649.1649,19143.300000000097,15525.200000000004
177434651.1649,19143.300000000097,15525.200000000004
177434653.1649,19143.300000000097,15525.200000000004
177434655.1649,19143.300000000097,15525.200000000004
177434657.1649,19143.2000000001,15525.200000000004
177434659.1649,19143.2000000001,15525.200000000004
177434661.1649,19143.2000000001,15525.200000000004
177434663.1649,19143.2000000001,15525.200000000004
177434665.1649,19143.2000000001,15525.200000000004
177434667.1649,19143.2000000001,15525.200000000004
177434669.1649,19143.2000000001,15525.200000000004
177434671.1649,19143.2000000001,15525.200000000004
177434673.1649,19143.2000000001,15525.200000000004
177434675.1649,19143.2000000001,15525.200000000004
177434677.1649,19143.2000000001,15525.200000000004
177434679.1649,19143.2000000001,15525.200000000004
177434681.1649,19143.2000000001,15525.200000000004
177434683.1649,19143.2000000001,15525.200000000004
177434685.1649,19143.2000000001,15525.200000000004
177434687.1649,19143.2000000001,15525.200000000004
177434689.1649,19143.1000000001,15525.200000000004
177434691.1649,19143.1000000001,15525.200000000004
177434693.1649,19143.1000000001,15525.200000000004
177434695.1649,19143.1000000001,15525.200000000004
177434697.1649,19143.1000000001,15525.200000000004
177434699.1649,19143.1000000001,15525.100000000004
177434701.1649,19143.1000000001,15525.100000000004
177434703.1649,19143.1000000001,15525.100000000004
177434705.1649,19143.1000000001,15525.100000000004
177434707.1649,19143.1000000001,15525.100000000004
177434709.1649,19143.1000000001,15525.100000000004
177434711.1649,19143.1000000001,15525.100000000004
177434713.1649,19143.1000000001,15525.100000000004
177434715.1649,19143.1000000001,15525.100000000004
177434717.1649,19143.1000000001,15525.100000000004
177434719.1649,19143.1000000001,15525.100000000004
177434721.1649,19143.1000000001,15525.100000000004
177434723.1649,19143.1000000001,15525.100000000004
177434725.1649,19143.1000000001,15525.100000000004
177434727.1649,19143.1000000001,15525.100000000004
177434729.1649,19143.1000000001,15525.100000000004
177434731.1649,19143.1000000001,15525.100000000004
177434733.1649,19143.1000000001,15525.100000000004
177434735.1649,19143.1000000001,15525.100000000004
177434737.1649,19143.1000000001,15525.100000000004
177434739.1649,19143.1000000001,15525.100000000004
177434741.1649,19143.1000000001,15525.100000000004
177434743.1649,19143.1000000001,15525.100000000004
177434745.1649,19143.1000000001,15525.100000000004
177434747.1649,19143.1000000001,15525.100000000004
177434749.1649,19143.1000000001,15525.100000000004
177434751.1649,19143.1000000001,15525.100000000004
177434753.1649,19143.1000000001,15525.100000000004
177434755.1649,19143.1000000001,15525.100000000004
177434757.1649,19143.1000000001,15525.100000000004
177434759.1649,19143.1000000001,15525.100000000004
177434761.1649,19143.1000000001,15525.100000000004
177434763.1649,19143.1000000001,15525.100000000004
177434765.1649,19143.1000000001,15525.100000000004
177434767.1649,19143.1000000001,15525.100000000004
177434769.1649,19143.1000000001,15525.100000000004
177434771.1649,19143.1000000001,15525.100000000004
177434773.1649,19143.1000000001,15525.100000000004
177434775.1649,19143.1000000001,15525.100000000004
177434777.1649,19143.1000000001,15525.100000000004
177434779.1649,19143.1000000001,15525.100000000004
177434781.1649,19143.1000000001,15525.100000000004
177434783.1649,19143.1000000001,15525.100000000004
177434785.1649,19143.1000000001,15525.100000000004
177434787.1649,19143.1000000001,15525.100000000004
177434789.1649,19143.1000000001,15525.100000000004
177434791.1649,19143.1000000001,15525.100000000004
177434793.1649,19143.2000000001,15525.100000000004
177434795.1649,19143.2000000001,15525.100000000004
177434797.1649,19143.2000000001,15525.100000000004
177434799.1649,19143.2000000001,15525.100000000004
177434801.1649,19143.2000000001,15525.100000000004
177434803.1649,19143.2000000001,15525.100000000004
177434805.1649,19143.2000000001,15525.100000000004
177434807.1649,19143.2000000001,15525.100000000004
177434809.1649,19143.2000000001,15525.100000000004
177434811.1649,19143.2000000001,15525.100000000004
177434813.1649,19143.2000000001,15525.100000000004
177434815.1649,19143.2000000001,15525.100000000004
177434817.1649,19143.2000000001,15525.100000000004
177434819.1649,19143.2000000001,15525.100000000004
177434821.1649,19143.2000000001,15525.100000000004
177434823.1649,19143.2000000001,15525.100000000004
177434825.1649,19143.2000000001,15525.200000000004
177434827.1649,19143.2000000001,15525.200000000004
177434829.1649,19143.2000000001,15525.200000000004
177434831.1649,19143.2000000001,15525.200000000004
177434833.1649,19143.2000000001,15525.200000000004
177434835.1649,19143.2000000001,15525.200000000004
177434837.1649,19143.2000000001,15525.200000000004
177434839.1649,19143.2000000001,15525.200000000004
177434841.1649,19143.2000000001,15525.200000000004
177434843.1649,19143.1000000001,15525.200000000004
177434845.1649,19143.1000000001,15525.200000000004
177434847.1649,19143.1000000001,15525.200000000004
177434849.1649,19143.1000000001,15525.200000000004
177434851.1649,19143.1000000001,15525.200000000004
177434853.1649,19143.1000000001,15525.200000000004
177434855.1649,19143.1000000001,15525.200000000004
177434857.1649,19143.1000000001,15525.200000000004
177434859.1649,19143.1000000001,15525.200000000004
177434861.1649,19143.1000000001,15525.200000000004
177434863.1649,19143.1000000001,15525.200000000004
177434865.1649,19143.1000000001,15525.200000000004
177434867.1649,19143.1000000001,15525.200000000004
177434869.1649,19143.1000000001,15525.200000000004
177434871.1649,19143.1000000001,15525.200000000004
177434873.1649,19143.1000000001,15525.200000000004
177434875.1649,19143.1000000001,15525.200000000004
177434877.1649,19143.1000000001,15525.200000000004
177434879.1649,19143.1000000001,15525.200000000004
177434881.1649,19143.1000000001,15525.200000000004
177434883.1649,19143.1000000001,15525.200000000004
177434885.1649,19143.1000000001,15525.200000000004
177434887.1649,19143.1000000001,15525.200000000004
177434889.1649,19143.1000000001,15525.200000000004
177434891.1649,19143.1000000001,15525.200000000004
177434893.1649,19143.1000000001,15525.200000000004
177434895.1649,19143.1000000001,15525.200000000004
177434897.1649,19143.1000000001,15525.200000000004
177434899.1649,19143.1000000001,15525.200000000004
177434901.1649,19143.1000000001,15525.200000000004
177434903.1649,19143.1000000001,15525.200000000004
177434905.1649,19143.1000000001,15525.200000000004
177434907.1649,19143.1000000001,15525.200000000004
177434909.1649,19143.1000000001,15525.200000000004
177434911.1649,19143.1000000001,15525.200000000004
177434913.1649,19143.1000000001,15525.200000000004
177434915.1649,19143.1000000001,15525.200000000004
177434917.1649,19143.1000000001,15525.200000000004
177434919.1649,19143.1000000001,15525.200000000004
177434921.1649,19143.1000000001,15525.200000000004
177434923.1649,19143.1000000001,15525.200000000004
177434925.1649,19143.1000000001,15525.200000000004
177434927.1649,19143.1000000001,15525.200000000004
177434929.1649,19143.1000000001,15525.200000000004
177434931.1649,19143.1000000001,15525.200000000004
177434933.1649,19143.1000000001,15525.200000000004
177434935.1649,19143.1000000001,15525.200000000004
177434937.1649,19143.1000000001,15525.200000000004
177434939.1649,19143.1000000001,15525.200000000004
177434941.1649,19143.1000000001,15525.200000000004
177434943.1649,19143.1000000001,15525.200000000004
177434945.1649,19143.1000000001,15525.200000000004
177434947.1649,19143.1000000001,15525.200000000004
177434949.1649,19143.1000000001,15525.200000000004
177434951.1649,19143.1000000001,15525.200000000004
177434953.1649,19143.1000000001,15525.200000000004
177434955.1649,19143.1000000001,15525.200000000004
177434957.1649,19143.1000000001,15525.200000000004
177434959.1649,19143.1000000001,15525.200000000004
177434961.1649,19143.1000000001,15525.200000000004
177434963.1649,19143.1000000001,15525.200000000004
177434965.1649,19143.1000000001,15525.200000000004
177434967.1649,19143.1000000001,15525.200000000004
177434969.1649,19143.1000000001,15525.200000000004
177434971.1649,19143.1000000001,15525.200000000004
177434973.1649,19143.1000000001,15525.200000000004
177434975.1649,19143.1000000001,15525.200000000004
177434977.1649,19143.1000000001,15525.200000000004
177434979.1649,19143.1000000001,15525.200000000004
177434981.1649,19143.1000000001,15525.200000000004
177434983.1649,19143.1000000001,15525.200000000004
177434985.1649,19143.1000000001,15525.200000000004
177434987.1649,19143.1000000001,15525.200000000004
177434989.1649,19143.1000000001,15525.200000000004
177434991.1649,19143.1000000001,15525.200000000004
177434993.1649,19143.1000000001,15525.200000000004
177434995.1649,19143.1000000001,15525.200000000004
177434997.1649,19143.1000000001,15525.200000000004
177434999.1649,19143.500000000102,15525.200000000004
177435001.1649,19143.500000000102,15525.200000000004
177435003.1649,19143.500000000102,15525.200000000004
177435005.1649,19143.500000000102,15525.200000000004
177435007.1649,19143.500000000102,15525.200000000004
177435009.1649,19143.500000000102,15525.200000000004
177435011.1649,19143.500000000102,15525.200000000004
177435013.1649,19143.500000000102,15525.200000000004
177435015.1649,19143.500000000102,15525.200000000004
177435017.1649,19143.500000000102,15525.200000000004
177435019.1649,19143.500000000102,15525.200000000004
177435021.1649,19143.500000000102,15525.200000000004
177435023.1649,19143.500000000102,15525.200000000004
177435025.1649,19143.500000000102,15525.200000000004
177435027.1649,19143.500000000102,15525.200000000004
177435029.1649,19143.500000000102,15525.200000000004
177435031.1649,19143.500000000102,15525.200000000004
177435033.1649,19143.500000000102,15525.200000000004
177435035.1649,19143.500000000102,15525.200000000004
177435037.1649,19143.500000000102,15525.200000000004
177435039.1649,19143.500000000102,15525.200000000004
177435041.1649,19143.500000000102,15525.200000000004
177435043.1649,19143.500000000102,15525.200000000004
177435045.1649,19143.500000000102,15525.200000000004
177435047.1649,19143.500000000102,15525.200000000004
177435049.1649,19143.500000000102,15525.200000000004
177435051.1649,19143.500000000102,15525.200000000004
177435053.1649,19143.500000000102,15525.200000000004
177435055.1649,19143.500000000102,15525.200000000004
177435057.1649,19143.500000000102,15525.200000000004
177435059.1649,19143.500000000102,15525.200000000004
177435061.1649,19143.500000000102,15525.200000000004
177435063.1649,19143.500000000102,15525.200000000004
177435065.1649,19143.500000000102,15525.200000000004
177435067.1649,19143.500000000102,15525.200000000004
177435069.1649,19143.500000000102,15525.200000000004
177435071.1649,19143.500000000102,15525.200000000004
177435073.1649,19143.500000000102,15525.200000000004
177435075.1649,19143.500000000102,15525.200000000004
177435077.1649,19143.500000000102,15525.200000000004
177435079.1649,19143.500000000102,15525.200000000004
177435081.1649,19143.500000000102,15525.200000000004
177435083.1649,19143.500000000102,15525.200000000004
177435085.1649,19143.500000000102,15525.300000000005
177435087.1649,19143.500000000102,15525.300000000005
177435089.1649,19143.500000000102,15525.300000000005
177435091.1649,19143.500000000102,15525.300000000005
177435093.1649,19143.500000000102,15525.300000000005
177435095.1649,19143.500000000102,15525.300000000005
177435097.1649,19143.500000000102,15525.300000000005
177435099.1649,19143.500000000102,15525.300000000005
177435101.1649,19143.500000000102,15525.300000000005
177435103.1649,19143.500000000102,15525.300000000005
177435105.1649,19143.500000000102,15525.300000000005
177435107.1649,19143.500000000102,15525.300000000005
177435109.1649,19143.500000000102,15525.300000000005
177435111.1649,19143.500000000102,15525.300000000005
177435113.1649,19143.400000000103,15525.300000000005
177435115.1649,19143.400000000103,15525.300000000005
177435117.1649,19143.400000000103,15525.300000000005
177435119.1649,19143.400000000103,15525.300000000005
177435121.1649,19143.400000000103,15525.300000000005
177435123.1649,19143.400000000103,15525.300000000005
177435125.1649,19143.400000000103,15525.300000000005
177435127.1649,19143.400000000103,15525.300000000005
177435129.1649,19143.400000000103,15525.300000000005
177435131.1649,19143.400000000103,15525.300000000005
177435133.1649,19143.400000000103,15525.300000000005
177435135.1649,19143.400000000103,15525.300000000005
177435137.1649,19143.400000000103,15525.300000000005
177435139.1649,19143.400000000103,15525.300000000005
177435141.1649,19143.400000000103,15525.300000000005
177435143.1649,19143.400000000103,15525.300000000005
177435145.1649,19143.400000000103,15525.300000000005
177435147.1649,19143.400000000103,15525.300000000005
177435149.1649,19143.400000000103,15525.300000000005
177435151.1649,19143.400000000103,15525.300000000005
177435153.1649,19143.400000000103,15525.300000000005
177435155.1649,19143.400000000103,15525.300000000005
177435157.1649,19143.400000000103,15525.300000000005
177435159.1649,19143.400000000103,15525.300000000005
177435161.1649,19143.400000000103,15525.300000000005
177435163.1649,19143.400000000103,15525.300000000005
177435165.1649,19143.400000000103,15525.300000000005
177435167.1649,19143.400000000103,15525.300000000005
177435169.1649,19143.400000000103,15525.300000000005
177435171.1649,19143.400000000103,15525.300000000005
177435173.1649,19143.400000000103,15525.300000000005
177435175.1649,19143.400000000103,15525.300000000005
177435177.1649,19143.400000000103,15525.300000000005
177435179.1649,19143.400000000103,15525.300000000005
177435181.1649,19143.400000000103,15525.300000000005
177435183.1649,19143.400000000103,15525.300000000005
177435185.1649,19143.400000000103,15525.300000000005
177435187.1649,19143.400000000103,15525.300000000005
177435189.1649,19143.400000000103,15525.300000000005
177435191.1649,19143.300000000105,15525.300000000005
177435193.1649,19143.300000000105,15525.300000000005
177435195.1649,19143.300000000105,15525.300000000005
177435197.1649,19143.300000000105,15525.300000000005
177435199.1649,19143.300000000105,15525.300000000005
177435201.1649,19143.300000000105,15525.300000000005
177435203.1649,19143.300000000105,15525.300000000005
177435205.1649,19143.300000000105,15525.300000000005
177435207.1649,19143.300000000105,15525.300000000005
177435209.1649,19143.300000000105,15525.300000000005
177435211.1649,19143.300000000105,15525.300000000005
177435213.1649,19143.300000000105,15525.300000000005
177435215.1649,19143.300000000105,15525.300000000005
177435217.1649,19143.300000000105,15525.300000000005
177435219.1649,19143.300000000105,15525.300000000005
177435221.1649,19143.300000000105,15525.300000000005
177435223.1649,19143.300000000105,15525.300000000005
177435225.1649,19143.300000000105,15525.300000000005
177435227.1649,19143.300000000105,15525.300000000005
177435229.1649,19143.300000000105,15525.300000000005
177435231.1649,19143.300000000105,15525.300000000005
177435233.1649,19143.300000000105,15525.300000000005
177435235.1649,19143.300000000105,15525.300000000005
177435237.1649,19143.300000000105,15525.300000000005
177435239.1649,19143.300000000105,15525.300000000005
177435241.1649,19143.300000000105,15525.300000000005
177435243.1649,19143.300000000105,15525.300000000005
177435245.1649,19143.300000000105,15525.300000000005
177435247.1649,19143.300000000105,15525.300000000005
177435249.1649,19143.300000000105,15525.300000000005
177435251.1649,19143.300000000105,15525.300000000005
177435253.1649,19143.300000000105,15525.300000000005
177435255.1649,19143.300000000105,15525.300000000005
177435257.1649,19143.300000000105,15525.300000000005
177435259.1649,19143.300000000105,15525.300000000005
177435261.1649,19143.300000000105,15525.300000000005
177435263.1649,19143.300000000105,15525.300000000005
177435265.1649,19143.300000000105,15525.300000000005
177435267.1649,19143.300000000105,15525.300000000005
177435269.1649,19143.300000000105,15525.300000000005
177435271.1649,19143.300000000105,15525.300000000005
177435273.1649,19143.300000000105,15525.300000000005
177435275.1649,19143.300000000105,15525.300000000005
177435277.1649,19143.300000000105,15525.300000000005
177435281.1649,19143.300000000105,15525.300000000005
177435291.1649,19143.300000000105,15525.300000000005
177435293.1649,19143.300000000105,15525.300000000005
177435295.1649,19143.300000000105,15525.300000000005
177435297.1649,19143.200000000106,15525.300000000005
177435299.1649,19143.200000000106,15525.300000000005
177435301.1649,19143.200000000106,15525.300000000005
177435303.1649,19143.200000000106,15525.300000000005
177435305.1649,19143.200000000106,15525.300000000005
177435307.1649,19143.200000000106,15525.300000000005
177435309.1649,19143.200000000106,15525.300000000005
177435311.1649,19143.200000000106,15525.300000000005
177435313.1649,19143.200000000106,15525.300000000005
177435315.1649,19143.200000000106,15525.300000000005
177435317.1649,19143.200000000106,15525.300000000005
177435319.1649,19143.200000000106,15525.300000000005
177435321.1649,19143.200000000106,15525.300000000005
177435323.1649,19143.200000000106,15525.300000000005
177435325.1649,19143.200000000106,15525.300000000005
177435327.1649,19143.200000000106,15525.300000000005
177435329.1649,19143.200000000106,15525.300000000005
177435331.1649,19143.200000000106,15525.300000000005
177435333.1649,19143.200000000106,15525.300000000005
177435335.1649,19143.200000000106,15525.300000000005
177435337.1649,19143.200000000106,15525.300000000005
177435339.1649,19143.200000000106,15525.300000000005
177435341.1649,19143.200000000106,15525.300000000005
177435343.1649,19143.200000000106,15525.300000000005
177435345.1649,19143.200000000106,15525.300000000005
177435347.1649,19143.200000000106,15525.300000000005
177435349.1649,19143.200000000106,15525.300000000005
177435351.1649,19143.200000000106,15525.300000000005
177435353.1649,19143.300000000105,15525.300000000005
177435355.1649,19143.300000000105,15525.300000000005
177435357.1649,19143.300000000105,15525.300000000005
177435359.1649,19143.300000000105,15525.300000000005
177435361.1649,19143.300000000105,15525.300000000005
177435363.1649,19143.300000000105,15525.300000000005
177435365.1649,19143.300000000105,15525.300000000005
177435367.1649,19143.300000000105,15525.300000000005
177435369.1649,19143.300000000105,15525.300000000005
177435371.1649,19143.300000000105,15525.300000000005
177435373.1649,19143.300000000105,15525.300000000005
177435375.1649,19143.300000000105,15525.300000000005
177435377.1649,19143.300000000105,15525.300000000005
177435379.1649,19143.300000000105,15525.300000000005
177435381.1649,19143.300000000105,15525.400000000005
177435383.1649,19143.300000000105,15525.400000000005
177435385.1649,19143.300000000105,15525.400000000005
177435387.1649,19143.300000000105,15525.400000000005
177435389.1649,19143.300000000105,15525.400000000005
177435391.1649,19143.300000000105,15525.400000000005
177435393.1649,19143.300000000105,15525.400000000005
177435395.1649,19143.300000000105,15525.400000000005
177435397.1649,19143.300000000105,15525.400000000005
177435399.1649,19143.300000000105,15525.400000000005
177435401.1649,19143.300000000105,15525.400000000005
177435403.1649,19143.300000000105,15525.400000000005
177435405.1649,19143.300000000105,15525.400000000005
177435407.1649,19143.300000000105,15525.400000000005
177435409.1649,19143.300000000105,15525.400000000005
177435411.1649,19143.300000000105,15525.400000000005
177435413.1649,19143.300000000105,15525.400000000005
177435415.1649,19143.300000000105,15525.400000000005
177435417.1649,19143.300000000105,15525.400000000005
177435419.1649,19143.300000000105,15525.400000000005
177435421.1649,19143.300000000105,15525.400000000005
177435423.1649,19143.300000000105,15525.400000000005
177435425.1649,19143.300000000105,15525.400000000005
177435427.1649,19143.300000000105,15525.400000000005
177435429.1649,19143.300000000105,15525.400000000005
177435431.1649,19143.300000000105,15525.400000000005
177435433.1649,19143.300000000105,15525.400000000005
177435435.1649,19143.300000000105,15525.400000000005
177435437.1649,19143.200000000106,15525.400000000005
177435439.1649,19143.200000000106,15525.400000000005
177435441.1649,19143.200000000106,15525.400000000005
177435443.1649,19143.300000000105,15525.400000000005
177435445.1649,19143.300000000105,15525.400000000005
177435447.1649,19143.300000000105,15525.400000000005
177435449.1649,19143.300000000105,15525.400000000005
177435451.1649,19143.200000000106,15525.400000000005
177435453.1649,19143.200000000106,15525.400000000005
177435455.1649,19143.200000000106,15525.400000000005
177435457.1649,19143.200000000106,15525.400000000005
177435459.1649,19143.200000000106,15525.400000000005
177435461.1649,19143.200000000106,15525.400000000005
177435463.1649,19143.200000000106,15525.400000000005
177435465.1649,19143.200000000106,15525.400000000005
177435467.1649,19143.200000000106,15525.400000000005
177435469.1649,19143.200000000106,15525.400000000005
177435471.1649,19143.200000000106,15525.400000000005
177435473.1649,19143.200000000106,15525.400000000005
177435475.1649,19143.200000000106,15525.400000000005
177435477.1649,19143.200000000106,15525.400000000005
177435479.1649,19143.200000000106,15525.400000000005
177435481.1649,19143.200000000106,15525.400000000005
177435483.1649,19143.200000000106,15525.400000000005
177435485.1649,19143.200000000106,15525.400000000005
177435487.1649,19143.200000000106,15525.400000000005
177435489.1649,19143.200000000106,15525.400000000005
177435491.1649,19143.200000000106,15525.400000000005
177435493.1649,19143.200000000106,15525.400000000005
177435495.1649,19143.200000000106,15525.400000000005
177435497.1649,19143.200000000106,15525.400000000005
177435499.1649,19143.200000000106,15525.400000000005
177435501.1649,19143.200000000106,15525.400000000005
177435503.1649,19143.200000000106,15525.400000000005
177435505.1649,19143.200000000106,15525.400000000005
177435507.1649,19143.200000000106,15525.400000000005
177435509.1649,19143.200000000106,15525.400000000005
177435511.1649,19143.200000000106,15525.400000000005
177435513.1649,19143.200000000106,15525.400000000005
177435515.1649,19143.200000000106,15525.400000000005
177435517.1649,19143.200000000106,15525.400000000005
177435519.1649,19143.200000000106,15525.400000000005
177435521.1649,19143.200000000106,15525.400000000005
177435523.1649,19143.200000000106,15525.400000000005
177435525.1649,19143.200000000106,15525.400000000005
177435527.1649,19143.200000000106,15525.400000000005
177435529.1649,19143.200000000106,15525.400000000005
177435531.1649,19143.200000000106,15525.400000000005
177435533.1649,19143.200000000106,15525.400000000005
177435535.1649,19143.200000000106,15525.400000000005
177435537.1649,19143.200000000106,15525.400000000005
177435539.1649,19143.200000000106,15525.400000000005
177435541.1649,19143.200000000106,15525.400000000005
177435543.1649,19143.200000000106,15525.400000000005
177435545.1649,19143.200000000106,15525.400000000005
177435547.1649,19143.200000000106,15525.400000000005
177435549.1649,19143.200000000106,15525.400000000005
177435551.1649,19143.200000000106,15525.400000000005
177435553.1649,19143.200000000106,15525.400000000005
177435555.1649,19143.200000000106,15525.400000000005
177435557.1649,19143.200000000106,15525.400000000005
177435559.1649,19143.200000000106,15525.400000000005
177435561.1649,19143.200000000106,15525.400000000005
177435563.1649,19143.200000000106,15525.400000000005
177435565.1649,19143.200000000106,15525.400000000005
177435567.1649,19143.200000000106,15525.400000000005
177435569.1649,19143.200000000106,15525.400000000005
177435571.1649,19143.200000000106,15525.400000000005
177435573.1649,19143.200000000106,15525.400000000005
177435575.1649,19143.200000000106,15525.400000000005
177435577.1649,19143.200000000106,15525.400000000005
177435579.1649,19143.200000000106,15525.400000000005
177435581.1649,19143.200000000106,15525.400000000005
177435583.1649,19143.200000000106,15525.400000000005
177435585.1649,19143.200000000106,15525.400000000005
177435587.1649,19143.200000000106,15525.400000000005
177435589.1649,19143.200000000106,15525.400000000005
177435591.1649,19143.200000000106,15525.400000000005
177435593.1649,19143.200000000106,15525.400000000005
177435595.1649,19143.200000000106,15525.400000000005
177435597.1649,19143.200000000106,15525.400000000005
177435599.1649,19143.200000000106,15525.400000000005
177435601.1649,19143.200000000106,15525.400000000005
177435603.1649,19143.200000000106,15525.400000000005
177435605.1649,19143.200000000106,15525.400000000005
177435607.1649,19143.200000000106,15525.400000000005
177435609.1649,19143.200000000106,15525.400000000005
177435611.1649,19143.200000000106,15525.400000000005
177435613.1649,19143.200000000106,15525.400000000005
177435615.1649,19143.200000000106,15525.400000000005
177435617.1649,19143.200000000106,15525.400000000005
177435619.1649,19143.200000000106,15525.400000000005
177435621.1649,19143.200000000106,15525.400000000005
177435623.1649,19143.200000000106,15525.400000000005
177435625.1649,19143.200000000106,15525.400000000005
177435627.1649,19143.200000000106,15525.400000000005
177435629.1649,19143.200000000106,15525.400000000005
177435631.1649,19143.200000000106,15525.400000000005
177435633.1649,19143.200000000106,15525.400000000005
177435635.1649,19143.200000000106,15525.400000000005
177435637.1649,19143.200000000106,15525.400000000005
177435639.1649,19143.200000000106,15525.400000000005
177435641.1649,19143.200000000106,15525.400000000005
177435643.1649,19143.200000000106,15525.400000000005
177435645.1649,19143.200000000106,15525.400000000005
177435647.1649,19143.200000000106,15525.400000000005
177435649.1649,19143.200000000106,15525.400000000005
177435651.1649,19143.200000000106,15525.400000000005
177435653.1649,19143.200000000106,15525.400000000005
177435655.1649,19143.200000000106,15525.400000000005
177435657.1649,19143.200000000106,15525.400000000005
177435659.1649,19143.200000000106,15525.400000000005
177435661.1649,19143.200000000106,15525.400000000005
177435663.1649,19143.200000000106,15525.400000000005
177435665.1649,19143.200000000106,15525.400000000005
177435667.1649,19143.100000000108,15525.400000000005
177435669.1649,19143.100000000108,15525.400000000005
177435671.1649,19143.100000000108,15525.400000000005
177435673.1649,19143.100000000108,15525.400000000005
177435675.1649,19143.100000000108,15525.400000000005
177435677.1649,19143.100000000108,15525.400000000005
177435679.1649,19143.100000000108,15525.400000000005
177435681.1649,19143.100000000108,15525.400000000005
177435683.1649,19143.100000000108,15525.400000000005
177435685.1649,19143.100000000108,15525.400000000005
177435687.1649,19143.100000000108,15525.400000000005
177435689.1649,19143.100000000108,15525.400000000005
177435691.1649,19143.100000000108,15525.400000000005
177435693.1649,19143.100000000108,15525.400000000005
177435695.1649,19143.100000000108,15525.400000000005
177435697.1649,19143.100000000108,15525.400000000005
177435699.1649,19143.100000000108,15525.400000000005
177435701.1649,19143.100000000108,15525.400000000005
177435703.1649,19143.100000000108,15525.400000000005
177435705.1649,19143.100000000108,15525.400000000005
177435707.1649,19143.100000000108,15525.400000000005
177435709.1649,19143.100000000108,15525.400000000005
177435711.1649,19143.100000000108,15525.400000000005
177435713.1649,19143.100000000108,15525.400000000005
177435715.1649,19143.100000000108,15525.400000000005
177435717.1649,19143.100000000108,15525.400000000005
177435719.1649,19143.100000000108,15525.500000000005
177435721.1649,19143.100000000108,15525.500000000005
177435723.1649,19143.100000000108,15525.500000000005
177435725.1649,19143.100000000108,15525.500000000005
177435727.1649,19143.100000000108,15525.500000000005
177435729.1649,19143.100000000108,15525.500000000005
177435731.1649,19143.100000000108,15525.500000000005
177435733.1649,19143.100000000108,15525.500000000005
177435735.1649,19143.100000000108,15525.500000000005
177435737.1649,19143.100000000108,15525.500000000005
177435739.1649,19143.100000000108,15525.500000000005
177435741.1649,19143.100000000108,15525.500000000005
177435743.1649,19143.100000000108,15525.500000000005
177435745.1649,19143.100000000108,15525.500000000005
177435747.1649,19143.100000000108,15525.500000000005
177435749.1649,19143.100000000108,15525.500000000005
177435751.1649,19143.100000000108,15525.500000000005
177435753.1649,19143.100000000108,15525.500000000005
177435755.1649,19143.100000000108,15525.500000000005
177435757.1649,19143.100000000108,15525.500000000005
177435759.1649,19143.100000000108,15525.500000000005
177435761.1649,19143.100000000108,15525.500000000005
177435763.1649,19143.100000000108,15525.500000000005
177435765.1649,19143.100000000108,15525.500000000005
177435767.1649,19143.100000000108,15525.500000000005
177435769.1649,19143.100000000108,15525.500000000005
177435771.1649,19143.100000000108,15525.500000000005
177435773.1649,19143.100000000108,15525.500000000005
177435775.1649,19143.100000000108,15525.500000000005
177435777.1649,19143.100000000108,15525.500000000005
177435779.2649,19143.100000000108,15525.500000000005
177435781.1649,19143.100000000108,15525.500000000005
177435783.1649,19143.100000000108,15525.500000000005
177435785.1649,19143.100000000108,15525.500000000005
177435787.1649,19143.100000000108,15525.500000000005
177435789.1649,19143.100000000108,15525.500000000005
177435791.1649,19143.100000000108,15525.500000000005
177435793.1649,19143.100000000108,15525.500000000005
177435795.1649,19143.100000000108,15525.500000000005
177435797.1649,19143.100000000108,15525.500000000005
177435799.1649,19143.100000000108,15525.500000000005
177435801.1649,19143.100000000108,15525.500000000005
177435803.1649,19143.100000000108,15525.600000000006
177435805.1649,19143.100000000108,15525.600000000006
177435807.1649,19143.100000000108,15525.600000000006
177435809.1649,19143.100000000108,15525.600000000006
177435811.1649,19143.100000000108,15525.600000000006
177435813.1649,19143.100000000108,15525.600000000006
177435815.1649,19143.100000000108,15525.600000000006
177435817.1649,19143.100000000108,15525.600000000006
177435819.1649,19143.100000000108,15525.600000000006
177435821.1649,19143.100000000108,15525.600000000006
177435823.1649,19143.100000000108,15525.600000000006
177435825.1649,19143.100000000108,15525.600000000006
177435827.1649,19143.100000000108,15525.600000000006
