Timestamp,Buy_Price,Sell_Price
177427393.1643,2210281.3,2000006.7
177427395.1643,2210281.3,2000006.7
177427397.1643,2210281.3,2000006.7
177427399.1643,2210281.3,2000006.7
177427401.1643,2210281.3,2000006.7
177427403.1643,2210281.3,2000006.7
177427405.1643,2210281.3,2000006.7
177427407.1643,2210281.3,2000006.7
177427409.1643,2210281.3,2000006.7
177427411.1643,2210281.3,2000006.7
177427413.1643,2210281.3,2000006.7
177427415.1643,2210281.3,2000006.7
177427417.1643,2210281.3,2000006.7
177427419.1643,2210281.3,2000006.7
177427421.1643,2210281.3,2000006.7
177427423.1643,2210281.3,2000006.7
177427425.1643,2210281.1999999997,2000006.7
177427427.1643,2210281.1999999997,2000006.7
177427429.1643,2210281.1999999997,2000006.7
177427431.1643,2210281.1999999997,2000006.7
177427433.1643,2210281.1999999997,2000006.7
177427435.1643,2210281.1999999997,2000006.7
177427437.1643,2210281.1999999997,2000006.7
177427439.1643,2210281.1999999997,2000006.7
177427441.1643,2210281.1999999997,2000006.7
177427443.1643,2210281.1999999997,2000006.7
177427445.1643,2210281.1999999997,2000006.7
177427447.1643,2210281.1999999997,2000006.7
177427449.1643,2210281.1999999997,2000006.7
177427451.1643,2210281.3,2000006.7
177427453.1643,2210281.3,2000006.7
177427455.1643,2210281.3,2000006.7
177427457.1643,2210281.3,2000006.7
177427459.1643,2210281.3,2000006.7
177427461.1643,2210281.3,2000006.7
177427463.1643,2210281.3,2000006.7
177427465.1643,2210281.3,2000006.7
177427467.1643,2210281.3,2000006.7
177427469.1643,2210281.3,2000006.7
177427471.1643,2210281.3,2000006.7
177427473.1643,2210281.3,2000006.7
177427475.1643,2210281.3,2000006.7
177427477.1643,2210281.3,2000006.7
177427479.1643,2210281.3,2000006.7
177427481.1643,2210281.3,2000006.7
177427483.1643,2210281.3,2000006.7
177427485.1643,2210281.3,2000006.7
177427487.1643,2210281.3,2000006.7
177427489.1643,2210281.3,2000006.7
177427491.1643,2210281.3,2000006.7
177427493.1643,2210281.3,2000006.7
177427495.1643,2210281.3,2000006.7
177427497.1643,2210281.3,2000006.7
177427499.1643,2210281.3,2000006.7
177427501.1643,2210281.3,2000006.7
177427503.1643,2210281.3,2000006.7
177427505.1643,2210281.3,2000006.7
177427507.1643,2210281.3,2000006.7
177427509.1643,2210281.3,2000006.7
177427511.1643,2210281.3,2000006.7
177427513.1643,2210281.3,2000006.7
177427515.1643,2210281.3,2000006.7
177427517.1643,2210281.3,2000006.7
177427519.1643,2210281.3,2000006.7
177427521.1643,2210281.3,2000006.7
177427523.1643,2210281.3,2000006.7
177427525.1643,2210281.3,2000006.7
177427527.1643,2210281.3,2000006.7
177427529.1643,2210281.3,2000006.7
177427531.1643,2210281.3,2000006.7
177427533.1643,2210281.3,2000006.7
177427535.1643,2210281.3,2000006.7
177427537.1643,2210281.3,2000006.7
177427539.1643,2210281.3,2000006.7
177427541.1643,2210281.3,2000006.7
177427543.1643,2210281.3,2000006.7
177427545.1643,2210281.3,2000006.7
177427547.1643,2210281.3,2000006.7
177427549.1643,2210281.3,2000006.7
177427551.1643,2210281.3,2000006.7
177427553.1643,2210281.3,2000006.7
177427555.1643,2210281.3,2000006.7
177427557.1643,2210281.3,2000006.7
177427559.1643,2210281.3,2000006.7
177427561.1643,2210281.3,2000006.7
177427563.1643,2210281.3,2000006.7
177427565.1643,2210281.3,2000006.7
177427567.1643,2210281.3,2000006.7
177427569.1643,2210281.3,2000006.7
177427571.1643,2210281.3,2000006.7
177427573.1643,2210281.3,2000006.7
177427575.1643,2210281.3,2000006.7
177427577.1643,2210281.3,2000006.7
177427579.1643,2210281.3,2000006.7
177427581.1643,2210281.3,2000006.7
177427583.1643,2210281.3,2000006.7
177427585.1643,2210281.3,2000006.7
177427587.1643,2210281.3,2000006.7
177427589.1643,2210281.3,2000006.7
177427591.1643,2210281.3,2000006.7
177427593.1643,2210281.3,2000006.7
177427595.1643,2210281.3,2000006.7
177427597.1643,2210281.3,2000006.7
177427599.1643,2210281.3,2000006.7
177427601.1643,2210281.3,2000006.7
177427603.1643,2210281.3,2000006.7
177427605.1643,2210281.3,2000006.7
177427607.1643,2210281.3,2000006.7
177427609.1643,2210281.3,2000006.7
177427611.1643,2210281.3,2000006.7
177427613.1643,2210281.3,2000006.7
177427615.1643,2210281.3,2000006.7
177427617.1643,2210281.3,2000006.7
177427619.1643,2210281.3,2000006.7
177427621.1643,2210281.3,2000006.7
177427623.1643,2210281.3,2000006.7
177427625.1643,2210281.3,2000006.7
177427627.1643,2210281.3,2000006.7
177427629.1643,2210281.3,2000006.7
177427631.1643,2210281.3,2000006.7
177427633.1643,2210281.3,2000006.7
177427635.1643,2210281.3,2000006.7
177427637.1643,2210281.3,2000006.7
177427639.1643,2210281.3,2000006.7
177427641.1643,2210281.3,2000006.7
177427643.1643,2210281.3,2000006.7
177427645.1643,2210281.3,2000006.7
177427647.1643,2210281.3,2000006.7
177427649.1643,2210281.3,2000006.7
177427651.1643,2210281.3,2000006.7
177427653.1643,2210281.3,2000006.7
177427655.1643,2210281.3,2000006.7
177427657.1643,2210281.3,2000006.7
177427659.1643,2210281.3,2000006.7
177427661.1643,2210281.3,2000006.7
177427663.1643,2210281.3,2000006.7
177427665.1643,2210281.3,2000006.7
177427667.1643,2210281.3,2000006.7
177427669.1643,2210281.3,2000006.7
177427671.1643,2210281.3,2000006.7
177427673.1643,2210281.3,2000006.7
177427675.1643,2210281.3,2000006.7
177427677.1643,2210281.3,2000006.7
177427679.1643,2210281.3,2000006.7
177427681.1643,2210281.3,2000006.7
177427683.1643,2210281.3,2000006.7
177427685.1643,2210281.3,2000006.7
177427687.1643,2210281.3,2000006.7
177427689.1643,2210281.3,2000006.7
177427691.1643,2210281.3,2000006.7
177427693.1643,2210281.3,2000006.7
177427695.1643,2210281.3,2000006.7
177427697.1643,2210281.3,2000006.7
177427699.1643,2210281.3,2000006.7
177427701.1643,2210281.3,2000006.7
177427703.1643,2210281.3,2000006.7
177427705.1643,2210281.3,2000006.7
177427707.1643,2210281.3,2000006.7
177427709.1643,2210281.3,2000006.7
177427711.1643,2210281.3,2000006.7
177427713.1643,2210281.3,2000006.7
177427715.1643,2210281.3,2000006.7
177427717.1643,2210281.3,2000006.7
177427719.1643,2210281.3,2000006.7
177427721.1643,2210281.3,2000006.7
177427723.1643,2210281.3,2000006.7
177427725.1643,2210281.3,2000006.7
177427727.1643,2210281.3,2000006.7
177427729.1643,2210281.3,2000006.7
177427731.1643,2210281.3,2000006.7
177427733.1643,2210281.3,2000006.7
177427735.1643,2210281.1999999997,2000006.7
177427737.1643,2210281.1999999997,2000006.7
177427739.1643,2210281.1999999997,2000006.7
177427741.1643,2210281.1999999997,2000006.7
177427743.1643,2210281.1999999997,2000006.7
177427745.1643,2210281.1999999997,2000006.7
177427747.1643,2210281.1999999997,2000006.7
177427749.1643,2210281.1999999997,2000006.7
177427751.1643,2210281.1999999997,2000006.7
177427753.1643,2210281.1999999997,2000006.7
177427755.1643,2210281.1999999997,2000006.7
177427757.1643,2210281.1999999997,2000006.7
177427759.1643,2210281.1999999997,2000006.7
177427761.1643,2210281.1999999997,2000006.7
177427763.1643,2210281.1999999997,2000006.7
177427765.1643,2210281.1999999997,2000006.7
177427767.1643,2210281.0999999996,2000006.7
177427769.1643,2210281.0999999996,2000006.7
177427771.1643,2210281.0999999996,2000006.7
177427773.1643,2210281.0999999996,2000006.7
177427775.1643,2210281.0999999996,2000006.7
177427777.1643,2210281.0999999996,2000006.7
177427779.1643,2210281.0999999996,2000006.7
177427781.1643,2210281.0999999996,2000006.7
177427783.1643,2210281.0999999996,2000006.7
177427785.1643,2210281.0999999996,2000006.7
177427787.1643,2210281.0999999996,2000006.7
177427789.1643,2210281.0999999996,2000006.7
177427791.1643,2210281.0999999996,2000006.7
177427793.1643,2210281.0999999996,2000006.7
177427795.1643,2210281.0999999996,2000006.7
177427797.1643,2210281.0999999996,2000006.7
177427799.1643,2210281.0999999996,2000006.7
177427801.1643,2210281.0999999996,2000006.7
177427805.1643,2210281.0999999996,2000006.7
177427807.1643,2210281.0999999996,2000006.7
177427809.1643,2210281.0999999996,2000006.7
177427811.1643,2210281.0999999996,2000006.7
177427813.1643,2210281.0999999996,2000006.7
177427815.1643,2210281.0999999996,2000006.7
177427817.1643,2210281.0999999996,2000006.7
177427819.1643,2210281.0999999996,2000006.7
177427821.1643,2210281.0999999996,2000006.7
177427823.1643,2210281.0999999996,2000006.7
177427825.1643,2210281.0999999996,2000006.7
177427827.1643,2210281.0999999996,2000006.7
177427829.1643,2210281.0999999996,2000006.7
177427831.1643,2210280.9999999995,2000006.7
177427833.1643,2210280.9999999995,2000006.7
177427835.1643,2210280.9999999995,2000006.7
177427837.1643,2210280.9999999995,2000006.7
177427839.1643,2210280.9999999995,2000006.7
177427841.1643,2210280.9999999995,2000006.7
177427843.1643,2210280.9999999995,2000006.7
177427845.1643,2210280.9999999995,2000006.7
177427847.1643,2210280.9999999995,2000006.7
177427849.1643,2210280.9999999995,2000006.7
177427851.1643,2210280.9999999995,2000006.7
177427853.1643,2210280.9999999995,2000006.7
177427855.1643,2210280.9999999995,2000006.7
177427857.1643,2210280.9999999995,2000006.7
177427859.1643,2210280.9999999995,2000006.7
177427861.1643,2210280.9999999995,2000006.7
177427863.1643,2210280.9999999995,2000006.7
177427865.1643,2210280.9999999995,2000006.7
177427867.1643,2210280.9999999995,2000006.7
177427869.1643,2210280.9999999995,2000006.7
177427871.1643,2210280.9999999995,2000006.7
177427873.1643,2210280.9999999995,2000006.7
177427875.1643,2210280.9999999995,2000006.7
177427877.1643,2210280.9999999995,2000006.7
177427879.1643,2210280.9999999995,2000006.7
177427881.1643,2210280.9999999995,2000006.7
177427883.1643,2210280.9999999995,2000006.7
177427885.1643,2210280.9999999995,2000006.7
177427887.1643,2210280.9999999995,2000006.7
177427889.1643,2210280.9999999995,2000006.7
177427891.1643,2210280.9999999995,2000006.7
177427893.1643,2210280.9999999995,2000006.7
177427895.1643,2210280.9999999995,2000006.7
177427897.1643,2210280.9999999995,2000006.7
177427899.1643,2210280.9999999995,2000006.7
177427901.1643,2210280.9999999995,2000006.7
177427903.1643,2210280.9999999995,2000006.7
177427905.1643,2210280.9999999995,2000006.7
177427907.1643,2210280.9999999995,2000006.7
177427909.1643,2210280.9999999995,2000006.7
177427911.1643,2210280.8999999994,2000006.7
177427913.1643,2210280.7999999993,2000006.7
177427915.1643,2210280.7999999993,2000006.7
177427917.1643,2210280.7999999993,2000006.7
177427919.1643,2210280.7999999993,2000006.7
177427921.1643,2210280.7999999993,2000006.7
177427923.1643,2210280.7999999993,2000006.7
177427925.1643,2210280.7999999993,2000006.7
177427927.1643,2210280.7999999993,2000006.7
177427929.1643,2210280.7999999993,2000006.7
177427931.1643,2210280.7999999993,2000006.7
177427933.1643,2210280.7999999993,2000006.7
177427935.1643,2210280.7999999993,2000006.7
177427937.1643,2210280.7999999993,2000006.7
177427939.1643,2210280.7999999993,2000006.7
177427941.1643,2210280.7999999993,2000006.7
177427943.1643,2210280.7999999993,2000006.7
177427945.1643,2210280.7999999993,2000006.7
177427947.1643,2210280.7999999993,2000006.7
177427949.1643,2210280.7999999993,2000006.7
177427951.1643,2210280.7999999993,2000006.7
177427953.1643,2210280.6999999993,2000006.7
177427955.1643,2210280.6999999993,2000006.7
177427957.1643,2210280.599999999,2000006.7
177427959.1643,2210280.599999999,2000006.7
177427961.1643,2210280.599999999,2000006.7
177427963.1643,2210280.599999999,2000006.7
177427965.1643,2210280.599999999,2000006.7
177427967.1643,2210280.599999999,2000006.7
177427969.1643,2210280.599999999,2000006.7
177427971.1643,2210280.599999999,2000006.7
177427973.1643,2210280.599999999,2000006.7
177427975.1643,2210280.599999999,2000006.7
177427977.1643,2210280.599999999,2000006.7
177427979.1643,2210280.599999999,2000006.7
177427981.1643,2210280.599999999,2000006.7
177427983.1643,2210280.599999999,2000006.7
177427985.1643,2210280.599999999,2000006.7
177427987.1643,2210280.599999999,2000006.7
177427989.1643,2210280.599999999,2000006.7
177427991.1643,2210280.599999999,2000006.7
177427993.1643,2210280.599999999,2000006.7
177427995.1643,2210280.599999999,2000006.7
177427997.1643,2210280.599999999,2000006.7
177427999.1643,2210280.599999999,2000006.7
177428001.1643,2210280.599999999,2000006.7
177428003.1643,2210280.599999999,2000006.7
177428005.1643,2210280.599999999,2000006.7
177428007.1643,2210280.599999999,2000006.7
177428009.1643,2210280.599999999,2000006.7
177428011.1643,2210280.599999999,2000006.7
177428013.1643,2210280.599999999,2000006.7
177428015.1643,2210280.599999999,2000006.7
177428017.1643,2210280.599999999,2000006.7
177428019.1643,2210280.599999999,2000006.7
177428021.1643,2210280.599999999,2000006.7
177428023.1643,2210280.599999999,2000006.7
177428025.1643,2210280.599999999,2000006.7
177428027.1643,2210280.599999999,2000006.7
177428029.1643,2210280.599999999,2000006.7
177428031.1643,2210280.599999999,2000006.7
177428033.1643,2210280.599999999,2000006.7
177428035.1643,2210280.599999999,2000006.7
177428037.1643,2210280.599999999,2000006.7
177428039.1643,2210280.599999999,2000006.7
177428041.1643,2210280.599999999,2000006.7
177428043.1643,2210280.599999999,2000006.7
177428045.1643,2210280.599999999,2000006.7
177428047.1643,2210280.599999999,2000006.7
177428049.1643,2210280.599999999,2000006.7
177428051.1643,2210280.599999999,2000006.7
177428053.1643,2210280.599999999,2000006.7
177428055.1643,2210280.599999999,2000006.7
177428057.1643,2210280.599999999,2000006.7
177428059.1643,2210280.599999999,2000006.7
177428061.1643,2210280.599999999,2000006.7
177428063.1643,2210280.599999999,2000006.7
177428065.1643,2210280.599999999,2000006.7
177428067.1643,2210280.599999999,2000006.7
177428069.1643,2210280.599999999,2000006.7
177428071.1643,2210280.599999999,2000006.7
177428073.1643,2210280.599999999,2000006.7
177428075.1643,2210280.599999999,2000006.7
177428077.1643,2210280.599999999,2000006.7
177428079.1643,2210280.599999999,2000006.7
177428081.1643,2210280.599999999,2000006.7
177428083.1643,2210280.599999999,2000006.7
177428085.1643,2210280.499999999,2000006.7
177428087.1643,2210280.499999999,2000006.7
177428089.1643,2210280.499999999,2000006.7
177428091.1643,2210280.499999999,2000006.7
177428093.1643,2210280.499999999,2000006.7
177428095.1643,2210280.499999999,2000006.7
177428097.1643,2210280.499999999,2000006.7
177428099.1643,2210280.499999999,2000006.7
177428101.1643,2210280.499999999,2000006.7
177428103.1643,2210280.499999999,2000006.7
177428105.1643,2210280.499999999,2000006.7
177428107.1643,2210280.499999999,2000006.7
177428109.1643,2210280.499999999,2000006.7
177428111.1643,2210280.499999999,2000006.7
177428113.1643,2210280.499999999,2000006.7
177428115.1643,2210280.499999999,2000006.7
177428117.1643,2210280.499999999,2000006.7
177428119.1643,2210280.499999999,2000006.7
177428121.1643,2210280.499999999,2000006.7
177428123.1643,2210280.399999999,2000006.7
177428125.1643,2210280.399999999,2000006.7
177428127.1643,2210280.399999999,2000006.7
177428129.1643,2210280.399999999,2000006.7
177428131.1643,2210280.399999999,2000006.7
177428133.1643,2210280.399999999,2000006.7
177428135.1643,2210280.399999999,2000006.7
177428137.1643,2210280.399999999,2000006.7
177428139.1643,2210280.399999999,2000006.7
177428141.1643,2210280.399999999,2000006.7
177428143.1643,2210280.299999999,2000006.7
177428145.1643,2210280.299999999,2000006.7
177428147.1643,2210280.299999999,2000006.7
177428149.1643,2210280.199999999,2000006.7
177428151.1643,2210280.199999999,2000006.7
177428153.1643,2210280.199999999,2000006.7
177428155.1643,2210280.199999999,2000006.7
177428157.1643,2210280.199999999,2000006.7
177428159.1643,2210280.199999999,2000006.7
177428161.1643,2210280.199999999,2000006.7
177428163.1643,2210280.199999999,2000006.7
177428165.1643,2210280.199999999,2000006.7
177428167.1643,2210280.199999999,2000006.7
177428169.1643,2210280.199999999,2000006.7
177428171.1643,2210280.199999999,2000006.7
177428173.1643,2210280.199999999,2000006.7
177428175.1643,2210280.199999999,2000006.7
177428177.1643,2210280.199999999,2000006.7
177428179.1643,2210280.199999999,2000006.7
177428181.1643,2210280.199999999,2000006.7
177428183.1643,2210280.199999999,2000006.7
177428185.1643,2210280.199999999,2000006.7
177428187.1643,2210280.199999999,2000006.7
177428189.1643,2210280.199999999,2000006.7
177428191.1643,2210280.199999999,2000006.7
177428193.1643,2210280.199999999,2000006.7
177428195.1643,2210280.199999999,2000006.7
177428197.1643,2210280.199999999,2000006.7
177428199.1643,2210280.199999999,2000006.7
177428201.1643,2210280.199999999,2000006.7
177428203.1643,2210280.199999999,2000006.7
177428205.1643,2210280.199999999,2000006.7
177428207.1643,2210280.199999999,2000006.7
177428209.1643,2210280.199999999,2000006.7
177428211.1643,2210280.199999999,2000006.7
177428213.1643,2210280.199999999,2000006.7
177428215.1643,2210280.199999999,2000006.7
177428217.1643,2210280.199999999,2000006.5999999999
177428219.1643,2210280.199999999,2000006.7999999998
177428221.1643,2210280.199999999,2000006.7999999998
177428223.1643,2210280.199999999,2000006.7999999998
177428225.1643,2210280.199999999,2000006.7999999998
177428227.1643,2210280.199999999,2000006.7999999998
177428229.1643,2210280.199999999,2000006.7999999998
177428231.1643,2210280.199999999,2000006.7999999998
177428233.1643,2210280.199999999,2000006.7999999998
177428235.1643,2210280.199999999,2000006.7999999998
177428237.1643,2210280.199999999,2000006.7999999998
177428239.1643,2210280.199999999,2000006.7999999998
177428241.1643,2210280.199999999,2000006.7999999998
177428243.1643,2210280.199999999,2000006.7999999998
177428245.1643,2210280.199999999,2000006.7999999998
177428247.1643,2210280.199999999,2000006.7999999998
177428249.1643,2210280.199999999,2000006.7999999998
177428251.1643,2210280.199999999,2000006.7999999998
177428253.1643,2210280.199999999,2000006.7999999998
177428255.1643,2210280.199999999,2000006.9
177428257.1643,2210280.0999999987,2000006.9
177428259.1643,2210280.0999999987,2000006.9
177428261.1643,2210280.0999999987,2000006.9
177428263.1643,2210280.0999999987,2000006.9
177428265.1643,2210280.0999999987,2000006.9
177428267.1643,2210280.0999999987,2000006.9
177428269.1643,2210280.0999999987,2000006.9
177428271.1643,2210280.0999999987,2000006.9
177428273.1643,2210280.0999999987,2000006.9
177428275.1643,2210280.0999999987,2000006.9
177428277.1643,2210280.0999999987,2000006.9
177428279.1643,2210280.0999999987,2000006.9
177428281.1643,2210280.0999999987,2000006.9
177428283.1643,2210280.0999999987,2000006.9
177428285.1643,2210280.0999999987,2000006.9
177428287.1643,2210280.0999999987,2000006.9
177428289.1643,2210280.0999999987,2000006.9
177428291.1643,2210280.0999999987,2000006.9
177428293.1643,2210280.0999999987,2000006.9
177428295.1643,2210280.0999999987,2000006.9
177428297.1643,2210280.0999999987,2000006.9
177428299.1643,2210280.0999999987,2000007.0
177428301.1643,2210279.9999999986,2000007.0
177428303.1643,2210279.9999999986,2000007.0
177428305.1643,2210279.9999999986,2000007.0
177428307.1643,2210279.9999999986,2000007.0
177428309.1643,2210279.9999999986,2000007.0
177428311.1643,2210279.9999999986,2000007.0
177428313.1643,2210279.9999999986,2000007.0
177428315.1643,2210279.9999999986,2000007.0
177428317.1643,2210280.0999999987,2000007.0
177428319.1643,2210280.0999999987,2000007.0
177428321.1643,2210280.0999999987,2000007.0
177428323.1643,2210280.0999999987,2000007.0
177428325.1643,2210280.0999999987,2000007.0
177428327.1643,2210280.0999999987,2000007.0
177428329.1643,2210280.0999999987,2000007.0
177428331.1643,2210280.0999999987,2000007.0
177428333.1643,2210280.0999999987,2000007.0
177428335.1643,2210280.0999999987,2000007.0
177428337.1643,2210280.0999999987,2000007.0
177428339.1643,2210280.0999999987,2000007.0
177428341.1643,2210279.9999999986,2000007.0
177428343.1643,2210279.9999999986,2000007.0
177428345.1643,2210279.8999999985,2000007.0
177428347.1643,2210279.8999999985,2000007.0
177428349.1643,2210279.8999999985,2000007.0
177428351.1643,2210279.8999999985,2000007.0
177428353.1643,2210279.8999999985,2000007.0
177428355.1643,2210279.8999999985,2000007.0
177428357.1643,2210279.8999999985,2000007.0
177428359.1643,2210279.8999999985,2000007.0
177428361.1643,2210279.8999999985,2000007.0
177428363.1643,2210279.7999999984,2000007.0
177428365.1643,2210279.7999999984,2000007.0
177428367.1643,2210279.7999999984,2000007.0
177428369.1643,2210279.7999999984,2000007.0
177428371.1643,2210279.7999999984,2000007.0
177428373.1643,2210279.8999999985,2000007.0
177428375.1643,2210279.8999999985,2000007.0
177428377.1643,2210279.8999999985,2000007.0
177428379.1643,2210279.9999999986,2000007.0
177428381.1643,2210280.2999999984,2000007.0
177428383.1643,2210280.2999999984,2000007.0
177428385.1643,2210280.2999999984,2000007.0
177428387.1643,2210281.099999998,2000007.0
177428389.1643,2210281.099999998,2000007.0
177428391.1643,2210281.099999998,2000007.0
177428393.1643,2210281.099999998,2000007.0
177428395.0643,2210281.099999998,2000007.0
177428397.0643,2210281.099999998,2000007.0
177428399.0643,2210281.099999998,2000007.0
177428401.0643,2210281.099999998,2000007.0
177428403.0643,2210281.099999998,2000007.0
177428405.0643,2210281.099999998,2000007.0
177428407.0643,2210281.099999998,2000007.0
177428409.0643,2210281.099999998,2000007.0
177428411.0643,2210281.099999998,2000007.0
177428413.0643,2210281.099999998,2000007.0
177428415.0643,2210281.099999998,2000007.0
177428417.0643,2210281.099999998,2000007.0
177428419.0643,2210281.099999998,2000007.0
177428421.0643,2210281.099999998,2000007.0
177428423.0643,2210281.099999998,2000007.0
177428425.0643,2210281.099999998,2000007.0
177428427.0643,2210281.099999998,2000007.0
177428429.0643,2210281.099999998,2000007.0
177428431.0643,2210281.099999998,2000007.0
177428433.0643,2210281.099999998,2000007.0
177428435.0643,2210281.099999998,2000007.0
177428437.0643,2210281.099999998,2000007.0
177428439.0643,2210281.099999998,2000007.0
177428441.0643,2210281.099999998,2000007.0
177428443.0643,2210281.099999998,2000007.0
177428445.0643,2210281.099999998,2000007.0
177428447.0643,2210281.099999998,2000007.0
177428449.0643,2210281.099999998,2000007.0
177428451.0643,2210281.099999998,2000007.0
177428453.0643,2210281.099999998,2000007.0
177428455.0643,2210281.099999998,2000007.0
177428457.0643,2210281.099999998,2000007.0
177428459.0643,2210281.099999998,2000007.0
177428461.0643,2210281.099999998,2000007.0
177428463.0643,2210281.099999998,2000007.0
177428465.0643,2210280.999999998,2000007.0
177428467.0643,2210280.999999998,2000007.0
177428469.0643,2210280.999999998,2000007.0
177428471.0643,2210280.999999998,2000007.0
177428473.0643,2210280.999999998,2000007.0
177428475.0643,2210280.999999998,2000007.0
177428477.0643,2210280.999999998,2000007.0
177428479.0643,2210280.999999998,2000007.0
177428481.0643,2210280.999999998,2000007.0
177428483.0643,2210280.999999998,2000007.0
177428485.0643,2210280.999999998,2000007.0
177428487.0643,2210280.999999998,2000007.0
177428489.0643,2210280.999999998,2000007.0
177428491.0643,2210280.999999998,2000007.0
177428493.0643,2210280.999999998,2000007.0
177428495.0643,2210280.999999998,2000007.0
177428497.0643,2210280.999999998,2000007.0
177428499.0643,2210280.999999998,2000007.0
177428501.0643,2210280.999999998,2000007.0
177428503.0643,2210280.999999998,2000007.0
177428505.0643,2210280.999999998,2000007.0
177428507.0643,2210280.999999998,2000007.0
177428509.0643,2210280.999999998,2000007.0
177428511.0643,2210280.999999998,2000007.0
177428513.1643,2210280.999999998,2000007.0
177428515.0643,2210280.999999998,2000007.0
177428517.0643,2210280.999999998,2000007.0
177428519.0643,2210280.999999998,2000007.0
177428521.0643,2210280.999999998,2000007.0
177428523.0643,2210280.999999998,2000007.0
177428525.0643,2210280.999999998,2000007.0
177428527.0643,2210280.899999998,2000007.0
177428529.0643,2210280.899999998,2000007.0
177428531.0643,2210280.899999998,2000007.0
177428533.0643,2210280.899999998,2000007.0
177428535.0643,2210280.899999998,2000007.0
177428537.0643,2210280.899999998,2000007.0
177428539.0643,2210280.899999998,2000007.0
177428541.0643,2210280.899999998,2000007.0
177428543.0643,2210280.899999998,2000007.0
177428545.0643,2210280.899999998,2000007.0
177428547.0643,2210280.899999998,2000007.0
177428549.0643,2210280.899999998,2000007.0
177428551.0643,2210280.899999998,2000007.0
177428553.0643,2210280.899999998,2000007.0
177428555.0643,2210280.899999998,2000007.0
177428557.0643,2210280.899999998,2000007.0
177428559.0643,2210280.899999998,2000007.0
177428561.0643,2210280.899999998,2000007.0
177428563.0643,2210280.899999998,2000007.0
177428565.0643,2210280.899999998,2000007.0
177428567.0643,2210280.899999998,2000007.0
177428569.0643,2210280.899999998,2000007.0
177428571.0643,2210280.899999998,2000007.0
177428573.0643,2210280.899999998,2000007.0
177428575.0643,2210280.899999998,2000007.0
177428577.0643,2210280.899999998,2000007.0
177428579.0643,2210280.899999998,2000007.0
177428581.0643,2210280.899999998,2000007.0
177428583.0643,2210280.899999998,2000007.0
177428585.0643,2210280.899999998,2000007.0
177428587.0643,2210280.899999998,2000007.0
177428589.0643,2210280.899999998,2000007.0
177428591.0643,2210280.899999998,2000007.0
177428593.0643,2210280.899999998,2000007.0
177428595.0643,2210280.799999998,2000007.0
177428597.0643,2210280.799999998,2000007.0
177428599.0643,2210280.799999998,2000007.0
177428601.0643,2210280.799999998,2000007.0
177428603.0643,2210280.799999998,2000007.0
177428605.0643,2210280.799999998,2000007.0
177428607.0643,2210280.799999998,2000007.0
177428609.0643,2210280.799999998,2000007.0
177428611.0643,2210280.799999998,2000007.0
177428613.0643,2210280.799999998,2000007.0
177428615.0643,2210280.799999998,2000007.0
177428617.0643,2210280.799999998,2000007.0
177428619.0643,2210280.799999998,2000007.0
177428621.0643,2210280.799999998,2000007.0
177428623.0643,2210280.799999998,2000007.0
177428625.0643,2210280.799999998,2000007.0
177428627.0643,2210280.799999998,2000007.0
177428629.0643,2210280.699999998,2000007.0
177428631.0643,2210280.699999998,2000007.0
177428633.0643,2210280.699999998,2000007.0
177428635.0643,2210280.699999998,2000007.0
177428637.0643,2210280.699999998,2000007.0
177428639.0643,2210280.699999998,2000007.0
177428641.0643,2210280.699999998,2000007.0
177428643.0643,2210280.699999998,2000007.0
177428645.0643,2210280.699999998,2000007.0
177428647.0643,2210280.699999998,2000007.0
177428649.0643,2210280.699999998,2000007.0
177428651.0643,2210280.699999998,2000007.0
177428653.0643,2210280.699999998,2000007.0
177428655.0643,2210280.699999998,2000007.0
177428657.0643,2210280.699999998,2000007.0
177428659.0643,2210280.699999998,2000007.0
177428661.0643,2210280.699999998,2000007.0
177428663.0643,2210280.699999998,2000007.0
177428665.0643,2210280.699999998,2000007.0
177428667.0643,2210280.699999998,2000007.0
177428669.0643,2210280.699999998,2000007.0
177428671.0643,2210280.699999998,2000007.0
177428673.0643,2210280.699999998,2000007.0
177428675.0643,2210280.699999998,2000007.0
177428677.0643,2210280.699999998,2000007.0
177428679.0643,2210280.699999998,2000007.0
177428681.0643,2210280.699999998,2000007.0
177428683.0643,2210280.699999998,2000007.0
177428685.0643,2210280.699999998,2000007.0
177428687.0643,2210280.699999998,2000007.0
177428689.0643,2210280.699999998,2000007.0
177428691.0643,2210280.699999998,2000007.0
177428693.0643,2210280.699999998,2000007.0
177428695.0643,2210280.699999998,2000007.0
177428697.0643,2210280.699999998,2000007.0
177428699.0643,2210280.699999998,2000007.0
177428701.0643,2210280.699999998,2000007.0
177428703.0643,2210280.699999998,2000007.0
177428705.0643,2210280.699999998,2000007.0
177428707.0643,2210280.699999998,2000007.0
177428709.0643,2210280.699999998,2000007.0
177428711.0643,2210280.699999998,2000007.0
177428713.0643,2210280.699999998,2000007.0
177428715.0643,2210280.699999998,2000007.0
177428717.0643,2210280.699999998,2000007.0
177428719.0643,2210280.699999998,2000007.0
177428721.0643,2210280.699999998,2000007.0
177428723.0643,2210280.699999998,2000007.0
177428725.0643,2210280.699999998,2000007.0
177428727.0643,2210280.699999998,2000007.0
177428729.0643,2210280.699999998,2000007.0
177428731.0643,2210280.699999998,2000007.0
177428733.0643,2210280.699999998,2000007.0
177428735.0643,2210280.699999998,2000007.0
177428737.0643,2210280.699999998,2000007.0
177428739.0643,2210280.699999998,2000007.0
177428741.0643,2210280.699999998,2000007.0
177428742.9643,2210280.5999999978,2000007.0
177428744.9643,2210280.5999999978,2000007.0
177428746.9643,2210280.5999999978,2000007.0
177428748.9643,2210280.5999999978,2000007.0
177428750.9643,2210280.5999999978,2000007.0
177428752.9643,2210280.5999999978,2000007.0
177428754.9643,2210280.5999999978,2000007.0
177428756.9643,2210280.5999999978,2000007.0
177428758.9643,2210280.5999999978,2000007.0
177428760.9643,2210280.5999999978,2000007.0
177428762.9643,2210280.5999999978,2000007.0
177428764.9643,2210280.5999999978,2000007.0
177428766.9643,2210280.5999999978,2000007.0
177428768.9643,2210280.5999999978,2000007.0
177428770.9643,2210280.5999999978,2000007.0
177428772.9643,2210280.5999999978,2000007.0
177428774.9643,2210280.5999999978,2000007.0
177428776.9643,2210280.5999999978,2000007.0
177428778.9643,2210280.5999999978,2000007.0
177428780.9643,2210280.5999999978,2000007.0
177428782.9643,2210280.5999999978,2000007.0
177428784.9643,2210280.5999999978,2000007.0
177428786.9643,2210280.5999999978,2000007.0
177428788.9643,2210280.5999999978,2000007.0
177428790.9643,2210280.5999999978,2000007.0
177428792.9643,2210280.5999999978,2000007.0
177428794.9643,2210280.5999999978,2000007.0
177428796.9643,2210280.5999999978,2000007.0
177428798.9643,2210280.5999999978,2000007.0
177428800.9643,2210280.5999999978,2000007.0
177428802.9643,2210280.5999999978,2000007.0
177428804.9643,2210280.5999999978,2000007.0
177428806.9643,2210280.5999999978,2000007.0
177428808.9643,2210280.5999999978,2000007.0
177428810.9643,2210280.5999999978,2000007.0
177428812.9643,2210280.5999999978,2000007.0
177428814.9643,2210280.5999999978,2000007.0
177428816.9643,2210280.5999999978,2000007.0
177428818.9643,2210280.5999999978,2000007.0
177428820.9643,2210280.5999999978,2000007.0
177428822.9643,2210280.5999999978,2000007.0
177428824.9643,2210280.5999999978,2000007.0
177428826.9643,2210280.5999999978,2000007.0
177428828.9643,2210280.699999998,2000007.0
177428830.9643,2210280.699999998,2000007.0
177428832.9643,2210280.699999998,2000007.0
177428834.9643,2210280.699999998,2000007.0
177428836.9643,2210280.699999998,2000007.0
177428838.9643,2210280.699999998,2000007.0
177428840.9643,2210280.699999998,2000007.0
177428842.9643,2210280.699999998,2000007.0
177428844.9643,2210280.699999998,2000007.0
177428846.9643,2210280.699999998,2000007.0
177428848.9643,2210280.699999998,2000007.0
177428850.9643,2210280.699999998,2000007.0
177428852.9643,2210280.699999998,2000007.0
177428854.9643,2210280.699999998,2000007.0
177428856.9643,2210280.699999998,2000007.0
177428858.9643,2210280.699999998,2000007.0
177428860.9643,2210280.699999998,2000007.0
177428862.9643,2210280.699999998,2000007.0
177428864.9643,2210280.699999998,2000007.0
177428866.9643,2210280.699999998,2000007.0
177428868.9643,2210280.699999998,2000007.0
177428870.9643,2210280.699999998,2000007.0
177428872.9643,2210280.699999998,2000007.0
177428874.9643,2210280.699999998,2000007.0
177428876.9643,2210280.699999998,2000007.0
177428878.9643,2210280.699999998,2000007.0
177428880.9643,2210280.699999998,2000007.0
177428882.9643,2210280.699999998,2000007.0
177428884.9643,2210280.699999998,2000007.0
177428886.9643,2210280.699999998,2000007.0
177428888.9643,2210280.699999998,2000007.0
177428890.9643,2210280.699999998,2000007.0
177428892.9643,2210280.699999998,2000007.0
177428894.9643,2210280.699999998,2000007.0
177428896.9643,2210280.699999998,2000007.0
177428898.9643,2210280.699999998,2000007.0
177428900.9643,2210280.699999998,2000007.0
177428902.9643,2210280.699999998,2000007.0
177428904.9643,2210280.699999998,2000007.0
177428906.9643,2210280.699999998,2000007.0
177428908.9643,2210280.699999998,2000007.0
177428910.9643,2210280.699999998,2000007.0
177428912.9643,2210280.699999998,2000007.0
177428914.9643,2210280.699999998,2000007.0
177428916.9643,2210280.699999998,2000007.0
177428918.9643,2210280.699999998,2000007.0
177428920.9643,2210280.699999998,2000007.0
177428922.9643,2210280.699999998,2000007.0
177428924.9643,2210280.699999998,2000007.0
177428926.9643,2210280.699999998,2000007.0
177428928.9643,2210280.699999998,2000007.0
177428930.9643,2210280.699999998,2000007.0
177428932.9643,2210280.699999998,2000007.0
177428934.9643,2210280.699999998,2000007.0
177428936.9643,2210280.699999998,2000007.0
177428938.9643,2210280.699999998,2000007.0
177428940.9643,2210280.699999998,2000007.0
177428942.9643,2210280.699999998,2000007.0
177428944.9643,2210280.699999998,2000007.0
177428946.9643,2210280.699999998,2000007.0
177428948.9643,2210280.699999998,2000007.0
177428950.9643,2210280.699999998,2000007.0
177428952.9643,2210280.699999998,2000007.0
177428954.9643,2210280.699999998,2000007.0
177428956.9643,2210280.699999998,2000007.0
177428958.9643,2210280.699999998,2000007.1
177428960.9643,2210280.699999998,2000007.1
177428962.9643,2210280.699999998,2000007.1
177428964.9643,2210280.699999998,2000007.1
177428966.9643,2210280.699999998,2000007.1
177428968.9643,2210280.699999998,2000007.1
177428970.9643,2210280.699999998,2000007.1
177428972.9643,2210280.699999998,2000007.1
177428974.9643,2210280.699999998,2000007.1
177428976.9643,2210280.699999998,2000007.1
177428978.9643,2210280.699999998,2000007.1
177428980.9643,2210280.699999998,2000007.1
177428982.9643,2210280.699999998,2000007.1
177428984.9643,2210280.699999998,2000007.1
177428986.9643,2210280.699999998,2000007.1
177428988.9643,2210280.699999998,2000007.1
177428990.9643,2210280.699999998,2000007.1
177428992.9643,2210280.699999998,2000007.1
177428994.9643,2210280.699999998,2000007.1
177428996.9643,2210280.699999998,2000007.1
177428998.9643,2210280.699999998,2000007.1
177429000.9643,2210280.699999998,2000007.1
177429002.9643,2210280.699999998,2000007.1
177429004.9643,2210280.699999998,2000007.1
177429006.9643,2210280.699999998,2000007.1
177429008.9643,2210280.699999998,2000007.1
177429010.9643,2210280.699999998,2000007.1
177429012.9643,2210280.699999998,2000007.1
177429014.9643,2210280.699999998,2000007.1
177429016.9643,2210280.699999998,2000007.1
177429018.9643,2210280.699999998,2000007.1
177429020.9643,2210280.699999998,2000007.1
177429022.9643,2210280.699999998,2000007.1
177429024.9643,2210280.699999998,2000007.1
177429026.9643,2210280.699999998,2000007.1
177429028.9643,2210280.699999998,2000007.1
177429030.9643,2210280.699999998,2000007.2000000002
177429032.9643,2210280.699999998,2000007.2000000002
177429034.9643,2210280.699999998,2000007.2000000002
177429036.9643,2210280.699999998,2000007.2000000002
177429038.9643,2210280.699999998,2000007.2000000002
177429040.9643,2210280.699999998,2000007.2000000002
177429042.9643,2210280.699999998,2000007.2000000002
177429044.9643,2210280.699999998,2000007.2000000002
177429046.9643,2210280.699999998,2000007.2000000002
177429048.9643,2210280.699999998,2000007.2000000002
177429050.9643,2210280.699999998,2000007.2000000002
177429052.9643,2210280.699999998,2000007.2000000002
177429054.9643,2210280.699999998,2000007.2000000002
177429056.9643,2210280.699999998,2000007.2000000002
177429058.9643,2210280.699999998,2000007.2000000002
177429060.9643,2210280.699999998,2000007.2000000002
177429062.9643,2210280.699999998,2000007.2000000002
177429065.0643,2210280.699999998,2000007.2000000002
177429066.9643,2210280.699999998,2000007.2000000002
177429068.9643,2210280.699999998,2000007.2000000002
177429070.9643,2210280.699999998,2000007.2000000002
177429072.9643,2210280.699999998,2000007.2000000002
177429074.9643,2210280.699999998,2000007.2000000002
177429076.9643,2210280.699999998,2000007.2000000002
177429078.9643,2210280.699999998,2000007.2000000002
177429080.9643,2210280.699999998,2000007.2000000002
177429082.9643,2210280.699999998,2000007.2000000002
177429084.9643,2210280.699999998,2000007.2000000002
177429086.9643,2210280.699999998,2000007.2000000002
177429088.9643,2210280.699999998,2000007.2000000002
177429090.9643,2210280.699999998,2000007.2000000002
177429092.9643,2210280.699999998,2000007.2000000002
177429094.9643,2210280.699999998,2000007.2000000002
177429096.9643,2210280.699999998,2000007.2000000002
177429098.9643,2210280.699999998,2000007.2000000002
177429100.9643,2210280.699999998,2000007.2000000002
177429102.9643,2210280.699999998,2000007.2000000002
177429104.9643,2210280.699999998,2000007.2000000002
177429106.9643,2210280.699999998,2000007.2000000002
177429108.9643,2210280.699999998,2000007.2000000002
177429110.9643,2210280.699999998,2000007.2000000002
177429112.9643,2210280.699999998,2000007.2000000002
177429114.9643,2210280.699999998,2000007.2000000002
177429116.9643,2210280.699999998,2000007.2000000002
177429118.9643,2210280.699999998,2000007.2000000002
177429120.9643,2210280.699999998,2000007.2000000002
177429122.9643,2210280.699999998,2000007.2000000002
177429124.9643,2210280.699999998,2000007.2000000002
177429126.9643,2210280.699999998,2000007.2000000002
177429128.9643,2210280.699999998,2000007.2000000002
177429130.9643,2210280.699999998,2000007.2000000002
177429132.9643,2210280.699999998,2000007.2000000002
177429134.9643,2210280.699999998,2000007.2000000002
177429136.9643,2210280.699999998,2000007.2000000002
177429138.9643,2210280.699999998,2000007.2000000002
177429140.9643,2210280.699999998,2000007.2000000002
177429142.9643,2210280.699999998,2000007.2000000002
177429144.9643,2210280.699999998,2000007.2000000002
177429146.9643,2210280.699999998,2000007.2000000002
177429148.9643,2210280.699999998,2000007.2000000002
177429150.9643,2210280.699999998,2000007.2000000002
177429152.9643,2210280.699999998,2000007.2000000002
177429154.9643,2210280.699999998,2000007.2000000002
177429156.9643,2210280.699999998,2000007.2000000002
177429158.9643,2210280.699999998,2000007.2000000002
177429160.9643,2210280.699999998,2000007.2000000002
177429162.9643,2210280.699999998,2000007.2000000002
177429164.9643,2210280.699999998,2000007.2000000002
177429166.9643,2210280.699999998,2000007.2000000002
177429168.9643,2210280.699999998,2000007.2000000002
177429170.9643,2210280.699999998,2000007.2000000002
177429172.9643,2210280.699999998,2000007.2000000002
177429174.9643,2210280.699999998,2000007.2000000002
177429176.9643,2210280.699999998,2000007.2000000002
177429178.9643,2210280.699999998,2000007.2000000002
177429180.9643,2210280.699999998,2000007.2000000002
177429182.9643,2210280.699999998,2000007.2000000002
177429184.9643,2210280.699999998,2000007.2000000002
177429186.9643,2210280.699999998,2000007.2000000002
177429188.9643,2210280.699999998,2000007.2000000002
177429190.9643,2210280.699999998,2000007.2000000002
177429192.9643,2210280.699999998,2000007.2000000002
177429194.9643,2210280.699999998,2000007.2000000002
177429196.9643,2210280.699999998,2000007.2000000002
177429198.9643,2210280.699999998,2000007.2000000002
177429200.9643,2210280.699999998,2000007.2000000002
177429202.9643,2210280.699999998,2000007.2000000002
177429204.9643,2210280.699999998,2000007.2000000002
177429206.9643,2210280.699999998,2000007.2000000002
177429208.9643,2210280.699999998,2000007.2000000002
177429210.9643,2210280.699999998,2000007.2000000002
177429212.9643,2210280.699999998,2000007.2000000002
177429214.9643,2210280.699999998,2000007.2000000002
177429216.9643,2210280.699999998,2000007.2000000002
177429218.9643,2210280.699999998,2000007.2000000002
177429220.9643,2210280.699999998,2000007.2000000002
177429222.9643,2210280.699999998,2000007.2000000002
177429224.9643,2210280.699999998,2000007.2000000002
177429226.9643,2210280.699999998,2000007.2000000002
177429228.9643,2210280.699999998,2000007.2000000002
177429230.9643,2210280.699999998,2000007.2000000002
177429232.9643,2210280.699999998,2000007.2000000002
177429234.9643,2210280.699999998,2000007.2000000002
177429236.9643,2210280.699999998,2000007.2000000002
177429238.9643,2210280.699999998,2000007.2000000002
177429240.9643,2210280.699999998,2000007.2000000002
177429242.9643,2210280.699999998,2000007.2000000002
177429244.9643,2210280.699999998,2000007.2000000002
177429246.9643,2210280.699999998,2000007.2000000002
177429248.9643,2210280.699999998,2000007.2000000002
177429250.9643,2210280.699999998,2000007.2000000002
177429252.9643,2210280.699999998,2000007.2000000002
177429254.9643,2210280.699999998,2000007.2000000002
177429256.9643,2210280.699999998,2000007.2000000002
177429258.9643,2210280.699999998,2000007.2000000002
177429260.9643,2210280.699999998,2000007.2000000002
177429262.9643,2210280.699999998,2000007.2000000002
177429264.9643,2210280.699999998,2000007.2000000002
177429266.9643,2210280.699999998,2000007.2000000002
177429268.9643,2210280.699999998,2000007.2000000002
177429270.9643,2210280.699999998,2000007.2000000002
177429272.9643,2210280.699999998,2000007.2000000002
177429274.9643,2210280.699999998,2000007.2000000002
177429276.9643,2210280.699999998,2000007.2000000002
177429278.9643,2210280.699999998,2000007.2000000002
177429280.9643,2210280.699999998,2000007.2000000002
177429282.9643,2210280.699999998,2000007.2000000002
177429284.9643,2210280.699999998,2000007.2000000002
177429286.9643,2210280.699999998,2000007.2000000002
177429288.9643,2210280.699999998,2000007.2000000002
177429290.9643,2210280.699999998,2000007.2000000002
177429292.9643,2210280.699999998,2000007.2000000002
177429294.9643,2210280.699999998,2000007.2000000002
177429296.9643,2210280.699999998,2000007.2000000002
177429298.9643,2210280.699999998,2000007.2000000002
177429300.9643,2210280.699999998,2000007.2000000002
177429302.9643,2210280.699999998,2000007.2000000002
177429304.9643,2210280.699999998,2000007.2000000002
177429306.9643,2210280.699999998,2000007.2000000002
177429308.9643,2210280.699999998,2000007.2000000002
177429310.9643,2210280.699999998,2000007.2000000002
177429312.9643,2210280.699999998,2000007.2000000002
177429314.9643,2210280.699999998,2000007.2000000002
177429316.9643,2210280.699999998,2000007.2000000002
177429318.9643,2210280.699999998,2000007.2000000002
177429320.9643,2210280.699999998,2000007.2000000002
177429322.9643,2210280.699999998,2000007.2000000002
177429324.9643,2210280.699999998,2000007.2000000002
177429326.9643,2210280.699999998,2000007.2000000002
177429328.9643,2210280.699999998,2000007.2000000002
177429330.9643,2210280.699999998,2000007.2000000002
177429332.9643,2210280.699999998,2000007.2000000002
177429334.9643,2210280.699999998,2000007.2000000002
177429336.9643,2210280.699999998,2000007.2000000002
177429338.9643,2210280.699999998,2000007.2000000002
177429340.9643,2210280.699999998,2000007.2000000002
177429342.9643,2210280.699999998,2000007.2000000002
177429344.9643,2210280.699999998,2000007.2000000002
177429346.9643,2210280.699999998,2000007.2000000002
177429348.9643,2210280.699999998,2000007.2000000002
177429350.9643,2210280.699999998,2000007.2000000002
177429352.9643,2210280.699999998,2000007.2000000002
177429354.9643,2210280.699999998,2000007.2000000002
177429356.9643,2210280.699999998,2000007.2000000002
177429358.9643,2210280.699999998,2000007.2000000002
177429360.9643,2210280.699999998,2000007.2000000002
177429362.9643,2210280.699999998,2000007.3000000003
177429364.9643,2210280.699999998,2000007.3000000003
177429366.9643,2210280.699999998,2000007.3000000003
177429368.9643,2210280.699999998,2000007.3000000003
177429370.9643,2210280.699999998,2000007.3000000003
177429372.9643,2210280.5999999978,2000007.3000000003
177429374.9643,2210280.5999999978,2000007.3000000003
177429376.9643,2210280.5999999978,2000007.3000000003
177429378.9643,2210280.5999999978,2000007.3000000003
177429380.9643,2210280.5999999978,2000007.3000000003
177429382.9643,2210280.5999999978,2000007.3000000003
177429384.9643,2210280.5999999978,2000007.3000000003
177429386.9643,2210280.699999998,2000007.3000000003
177429388.9643,2210280.699999998,2000007.3000000003
177429390.9643,2210280.699999998,2000007.3000000003
177429392.9643,2210280.699999998,2000007.3000000003
177429394.9643,2210280.699999998,2000007.3000000003
177429396.9643,2210280.699999998,2000007.3000000003
177429398.9643,2210280.699999998,2000007.3000000003
177429400.9643,2210280.699999998,2000007.3000000003
177429402.9643,2210280.699999998,2000007.3000000003
177429404.9643,2210280.699999998,2000007.3000000003
177429406.9643,2210280.699999998,2000007.3000000003
177429408.9643,2210280.699999998,2000007.3000000003
177429410.9643,2210280.699999998,2000007.3000000003
177429412.9643,2210280.699999998,2000007.3000000003
177429414.9643,2210280.699999998,2000007.3000000003
177429416.9643,2210280.699999998,2000007.3000000003
177429418.9643,2210280.699999998,2000007.3000000003
177429420.9643,2210280.699999998,2000007.3000000003
177429422.9643,2210280.699999998,2000007.3000000003
177429424.9643,2210280.699999998,2000007.3000000003
177429426.9643,2210280.699999998,2000007.3000000003
177429428.9643,2210280.699999998,2000007.3000000003
177429430.9643,2210280.699999998,2000007.3000000003
177429432.9643,2210280.5999999978,2000007.3000000003
177429434.9643,2210280.5999999978,2000007.3000000003
177429436.9643,2210280.5999999978,2000007.3000000003
177429438.9643,2210280.5999999978,2000007.3000000003
177429440.9643,2210280.5999999978,2000007.3000000003
177429442.9643,2210280.5999999978,2000007.3000000003
177429444.9643,2210280.5999999978,2000007.3000000003
177429446.9643,2210280.5999999978,2000007.3000000003
177429448.9643,2210280.5999999978,2000007.3000000003
177429450.9643,2210280.5999999978,2000007.3000000003
177429452.9643,2210280.5999999978,2000007.3000000003
177429454.9643,2210280.5999999978,2000007.3000000003
177429456.9643,2210280.5999999978,2000007.3000000003
177429458.9643,2210280.5999999978,2000007.3000000003
177429460.9643,2210280.5999999978,2000007.3000000003
177429462.9643,2210280.5999999978,2000007.3000000003
177429464.9643,2210280.5999999978,2000007.3000000003
177429466.9643,2210280.5999999978,2000007.3000000003
177429468.9643,2210280.5999999978,2000007.3000000003
177429470.9643,2210280.5999999978,2000007.3000000003
177429472.9643,2210280.5999999978,2000007.3000000003
177429474.9643,2210280.5999999978,2000007.3000000003
177429476.9643,2210280.5999999978,2000007.3000000003
177429478.9643,2210280.5999999978,2000007.3000000003
177429480.9643,2210280.5999999978,2000007.3000000003
177429482.9643,2210280.5999999978,2000007.3000000003
177429484.9643,2210280.5999999978,2000007.3000000003
177429486.9643,2210280.5999999978,2000007.3000000003
177429488.9643,2210280.5999999978,2000007.3000000003
177429490.9643,2210280.5999999978,2000007.3000000003
177429492.9643,2210280.5999999978,2000007.3000000003
177429494.9643,2210280.5999999978,2000007.3000000003
177429496.9643,2210280.5999999978,2000007.3000000003
177429498.9643,2210280.5999999978,2000007.3000000003
177429500.9643,2210280.5999999978,2000007.3000000003
177429502.9643,2210280.5999999978,2000007.3000000003
177429504.9643,2210280.5999999978,2000007.3000000003
177429506.9643,2210280.5999999978,2000007.3000000003
177429508.9643,2210280.5999999978,2000007.3000000003
177429510.9643,2210280.5999999978,2000007.3000000003
177429512.9643,2210280.5999999978,2000007.3000000003
177429514.9643,2210280.5999999978,2000007.3000000003
177429516.9643,2210280.5999999978,2000007.3000000003
177429518.9643,2210280.5999999978,2000007.3000000003
177429520.9643,2210280.5999999978,2000007.3000000003
177429522.9643,2210280.5999999978,2000007.3000000003
177429524.9643,2210280.5999999978,2000007.3000000003
177429526.9643,2210280.5999999978,2000007.3000000003
177429528.9643,2210280.5999999978,2000007.3000000003
177429530.9643,2210280.5999999978,2000007.3000000003
177429532.9643,2210280.5999999978,2000007.3000000003
177429534.9643,2210280.5999999978,2000007.3000000003
177429536.9643,2210280.5999999978,2000007.3000000003
177429538.9643,2210280.5999999978,2000007.3000000003
177429540.9643,2210280.5999999978,2000007.3000000003
177429542.9643,2210280.5999999978,2000007.3000000003
177429544.9643,2210280.5999999978,2000007.3000000003
177429546.9643,2210280.5999999978,2000007.3000000003
177429548.9643,2210280.5999999978,2000007.3000000003
177429550.9643,2210280.5999999978,2000007.3000000003
177429552.9643,2210280.5999999978,2000007.3000000003
177429554.9643,2210280.5999999978,2000007.3000000003
177429556.9643,2210280.5999999978,2000007.3000000003
177429558.9643,2210280.5999999978,2000007.3000000003
177429560.9643,2210280.5999999978,2000007.3000000003
177429562.9643,2210280.5999999978,2000007.3000000003
177429564.9643,2210280.5999999978,2000007.3000000003
177429566.9643,2210280.5999999978,2000007.3000000003
177429568.9643,2210280.5999999978,2000007.4000000004
177429570.9643,2210280.5999999978,2000007.4000000004
177429572.9643,2210280.5999999978,2000007.4000000004
177429574.9643,2210280.4999999977,2000007.4000000004
177429576.9643,2210280.4999999977,2000007.4000000004
177429578.9643,2210280.4999999977,2000007.4000000004
177429580.9643,2210280.4999999977,2000007.4000000004
177429582.9643,2210280.4999999977,2000007.4000000004
177429584.9643,2210280.5999999978,2000007.4000000004
177429586.9643,2210280.5999999978,2000007.4000000004
177429588.9643,2210280.5999999978,2000007.4000000004
177429590.9643,2210280.5999999978,2000007.4000000004
177429592.9643,2210280.5999999978,2000007.4000000004
177429594.9643,2210280.5999999978,2000007.4000000004
177429596.9643,2210280.5999999978,2000007.4000000004
177429598.9643,2210280.5999999978,2000007.4000000004
177429600.9643,2210280.5999999978,2000007.4000000004
177429602.9643,2210280.5999999978,2000007.4000000004
177429604.9643,2210280.5999999978,2000007.4000000004
177429606.9643,2210280.5999999978,2000007.4000000004
177429608.9643,2210280.5999999978,2000007.4000000004
177429610.9643,2210280.5999999978,2000007.4000000004
177429612.9643,2210280.5999999978,2000007.4000000004
177429614.9643,2210280.5999999978,2000007.4000000004
177429616.9643,2210280.5999999978,2000007.4000000004
177429618.9643,2210280.5999999978,2000007.4000000004
177429620.9643,2210280.5999999978,2000007.4000000004
177429622.9643,2210280.5999999978,2000007.4000000004
177429624.9643,2210280.5999999978,2000007.4000000004
177429626.9643,2210280.5999999978,2000007.4000000004
177429628.9643,2210280.5999999978,2000007.4000000004
177429630.9643,2210280.5999999978,2000007.4000000004
177429632.9643,2210280.5999999978,2000007.4000000004
177429634.9643,2210280.5999999978,2000007.4000000004
177429636.9643,2210280.5999999978,2000007.4000000004
177429638.9643,2210280.5999999978,2000007.4000000004
177429640.9643,2210280.5999999978,2000007.4000000004
177429642.9643,2210280.5999999978,2000007.4000000004
177429644.9643,2210280.5999999978,2000007.4000000004
177429646.9643,2210280.5999999978,2000007.4000000004
177429648.9643,2210280.5999999978,2000007.4000000004
177429650.9643,2210280.5999999978,2000007.5000000005
177429652.9643,2210280.5999999978,2000007.5000000005
177429654.9643,2210280.5999999978,2000007.5000000005
177429656.9643,2210280.5999999978,2000007.6000000006
177429658.9643,2210280.5999999978,2000007.6000000006
177429660.9643,2210280.5999999978,2000007.6000000006
177429662.9643,2210280.5999999978,2000007.6000000006
177429664.9643,2210280.5999999978,2000007.6000000006
177429666.9643,2210280.5999999978,2000007.6000000006
177429668.9643,2210280.5999999978,2000007.6000000006
177429670.9643,2210280.5999999978,2000007.6000000006
177429672.9643,2210280.5999999978,2000007.6000000006
177429674.9643,2210280.5999999978,2000007.6000000006
177429676.9643,2210280.5999999978,2000007.6000000006
177429678.9643,2210280.5999999978,2000007.6000000006
177429680.9643,2210280.5999999978,2000007.6000000006
177429682.9643,2210280.5999999978,2000007.6000000006
177429684.9643,2210280.5999999978,2000007.6000000006
177429686.9643,2210280.5999999978,2000007.6000000006
177429688.9643,2210280.5999999978,2000007.6000000006
177429690.9643,2210280.5999999978,2000007.7000000007
177429692.9643,2210280.5999999978,2000007.7000000007
177429694.9643,2210280.5999999978,2000007.7000000007
177429696.9643,2210280.5999999978,2000007.7000000007
177429698.9643,2210280.5999999978,2000007.7000000007
177429700.9643,2210280.5999999978,2000007.7000000007
177429702.9643,2210280.5999999978,2000007.7000000007
177429704.9643,2210280.5999999978,2000007.7000000007
177429706.9643,2210280.5999999978,2000007.7000000007
177429708.9643,2210280.5999999978,2000007.7000000007
177429710.9643,2210280.5999999978,2000007.7000000007
177429712.9643,2210280.5999999978,2000007.7000000007
177429714.9643,2210280.5999999978,2000007.7000000007
177429716.9643,2210280.5999999978,2000007.7000000007
177429718.9643,2210280.5999999978,2000007.7000000007
177429720.9643,2210280.5999999978,2000007.8000000007
177429722.9643,2210280.5999999978,2000007.8000000007
177429724.9643,2210280.5999999978,2000007.8000000007
177429726.9643,2210280.5999999978,2000007.8000000007
177429728.9643,2210280.5999999978,2000007.8000000007
177429730.9643,2210280.5999999978,2000007.8000000007
177429732.9643,2210280.5999999978,2000007.8000000007
177429734.9643,2210280.5999999978,2000007.8000000007
177429736.9643,2210280.5999999978,2000007.8000000007
177429738.9643,2210280.5999999978,2000007.8000000007
177429740.9643,2210280.5999999978,2000007.9000000008
177429742.9643,2210280.5999999978,2000007.9000000008
177429744.9643,2210280.5999999978,2000007.9000000008
177429746.9643,2210280.5999999978,2000007.9000000008
177429748.9643,2210280.5999999978,2000007.9000000008
177429750.9643,2210280.5999999978,2000007.9000000008
177429752.9643,2210280.5999999978,2000007.9000000008
177429754.9643,2210280.5999999978,2000007.9000000008
177429756.9643,2210280.5999999978,2000007.9000000008
177429758.9643,2210280.5999999978,2000007.9000000008
177429760.9643,2210280.5999999978,2000007.9000000008
177429762.9643,2210280.5999999978,2000007.9000000008
177429764.9643,2210280.5999999978,2000007.9000000008
177429766.9643,2210280.5999999978,2000007.9000000008
177429768.9643,2210280.5999999978,2000007.9000000008
177429770.9643,2210280.5999999978,2000007.9000000008
177429772.9643,2210280.5999999978,2000007.9000000008
177429774.9643,2210280.5999999978,2000007.9000000008
177429776.9643,2210280.5999999978,2000007.9000000008
177429778.9643,2210280.5999999978,2000007.9000000008
177429780.9643,2210280.5999999978,2000007.9000000008
177429782.9643,2210280.5999999978,2000007.9000000008
177429784.9643,2210280.5999999978,2000007.9000000008
177429786.9643,2210280.5999999978,2000007.9000000008
177429788.9643,2210280.5999999978,2000007.9000000008
177429790.9643,2210280.5999999978,2000007.9000000008
177429792.9643,2210280.5999999978,2000007.9000000008
177429794.9643,2210280.5999999978,2000007.9000000008
177429796.9643,2210280.5999999978,2000007.9000000008
177429798.9643,2210280.5999999978,2000007.9000000008
177429800.9643,2210280.5999999978,2000007.9000000008
177429802.9643,2210280.5999999978,2000007.9000000008
177429804.9643,2210280.5999999978,2000007.9000000008
177429806.9643,2210280.5999999978,2000007.9000000008
177429808.9643,2210280.5999999978,2000007.9000000008
177429810.9643,2210280.5999999978,2000007.9000000008
177429812.9643,2210280.5999999978,2000007.9000000008
177429814.9643,2210280.5999999978,2000007.9000000008
177429816.9643,2210280.5999999978,2000007.9000000008
177429818.9643,2210280.5999999978,2000007.9000000008
177429820.9643,2210280.5999999978,2000007.9000000008
177429822.9643,2210280.5999999978,2000007.9000000008
177429824.9643,2210280.5999999978,2000007.9000000008
177429826.9643,2210280.5999999978,2000007.9000000008
177429828.9643,2210280.9999999977,2000007.9000000008
177429830.9643,2210280.9999999977,2000007.9000000008
177429832.9643,2210280.9999999977,2000007.9000000008
177429834.9643,2210280.9999999977,2000007.9000000008
177429836.9643,2210280.9999999977,2000007.9000000008
177429838.9643,2210280.9999999977,2000007.9000000008
177429840.9643,2210280.9999999977,2000007.9000000008
177429842.9643,2210280.9999999977,2000007.9000000008
177429844.9643,2210280.9999999977,2000007.9000000008
177429846.9643,2210280.9999999977,2000007.9000000008
177429848.9643,2210280.9999999977,2000007.9000000008
177429850.9643,2210280.9999999977,2000007.9000000008
177429852.9643,2210280.9999999977,2000007.9000000008
177429854.9643,2210280.9999999977,2000007.9000000008
177429856.9643,2210280.9999999977,2000007.9000000008
177429858.9643,2210280.9999999977,2000008.000000001
177429860.9643,2210280.9999999977,2000008.000000001
177429862.9643,2210280.9999999977,2000008.000000001
177429864.9643,2210280.9999999977,2000008.000000001
177429866.9643,2210280.9999999977,2000008.000000001
177429868.9643,2210280.9999999977,2000008.000000001
177429870.9643,2210280.9999999977,2000008.000000001
177429872.9643,2210280.9999999977,2000008.000000001
177429874.9643,2210280.9999999977,2000008.000000001
177429876.9643,2210280.9999999977,2000008.000000001
177429878.9643,2210280.9999999977,2000008.000000001
177429880.9643,2210280.9999999977,2000008.000000001
177429882.9643,2210280.9999999977,2000008.100000001
177429884.9643,2210280.9999999977,2000008.100000001
177429886.9643,2210280.9999999977,2000008.2000000011
177429888.9643,2210280.9999999977,2000008.2000000011
177429890.9643,2210280.9999999977,2000008.2000000011
177429892.9643,2210280.9999999977,2000008.2000000011
177429894.9643,2210280.9999999977,2000008.2000000011
177429896.9643,2210280.9999999977,2000008.2000000011
177429898.9643,2210280.9999999977,2000008.2000000011
177429900.9643,2210280.9999999977,2000008.2000000011
177429902.9643,2210280.9999999977,2000008.2000000011
177429904.9643,2210280.9999999977,2000008.2000000011
177429906.9643,2210280.9999999977,2000008.2000000011
177429908.9643,2210280.9999999977,2000008.2000000011
177429910.9643,2210280.9999999977,2000008.2000000011
177429912.9643,2210280.9999999977,2000008.2000000011
177429914.9643,2210280.9999999977,2000008.2000000011
177429916.9643,2210280.9999999977,2000008.2000000011
177429918.9643,2210280.9999999977,2000008.2000000011
177429920.9643,2210280.9999999977,2000008.2000000011
177429922.9643,2210280.9999999977,2000008.2000000011
177429924.9643,2210280.9999999977,2000008.2000000011
177429926.9643,2210280.9999999977,2000008.3000000012
177429928.9643,2210280.9999999977,2000008.3000000012
177429930.9643,2210280.9999999977,2000008.3000000012
177429932.9643,2210280.9999999977,2000008.3000000012
177429934.9643,2210280.9999999977,2000008.3000000012
177429936.9643,2210280.9999999977,2000008.3000000012
177429938.9643,2210280.9999999977,2000008.3000000012
177429940.9643,2210280.9999999977,2000008.3000000012
177429942.9643,2210280.9999999977,2000008.3000000012
177429944.9643,2210280.9999999977,2000008.3000000012
177429946.9643,2210280.9999999977,2000008.3000000012
177429948.9643,2210280.9999999977,2000008.3000000012
177429950.9643,2233645.2999999975,2000008.3000000012
177429952.9643,2233645.2999999975,2000008.3000000012
177429954.9643,2233645.2999999975,2000008.3000000012
177429956.9643,2233645.2999999975,2000008.3000000012
177429958.9643,2233645.2999999975,2000008.3000000012
177429960.9643,2233645.2999999975,2000008.3000000012
177429962.9643,2233645.2999999975,2000008.3000000012
177429964.9643,2233645.2999999975,2000008.3000000012
177429966.9643,2233645.2999999975,2000008.3000000012
177429968.9643,2233645.2999999975,2000008.3000000012
177429970.9643,2233645.2999999975,2000008.3000000012
177429972.9643,2233645.2999999975,2000008.3000000012
177429974.9643,2233645.2999999975,2000008.3000000012
177429976.9643,2233645.2999999975,2000008.3000000012
177429978.9643,2233645.2999999975,2000008.3000000012
177429980.9643,2233645.2999999975,2000008.3000000012
177429982.9643,2233645.2999999975,2000008.3000000012
177429984.9643,2233645.2999999975,2000008.3000000012
177429986.9643,2233645.2999999975,2000008.3000000012
177429988.9643,2233645.2999999975,2000008.3000000012
177429990.9643,2233645.2999999975,2000008.3000000012
177429992.9643,2233645.2999999975,2000008.3000000012
177429994.9643,2233645.2999999975,2000008.3000000012
177429996.9643,2233645.2999999975,2000008.3000000012
177429998.9643,2233645.2999999975,2000008.3000000012
177430000.9643,2233645.2999999975,2000008.3000000012
177430002.9643,2233645.2999999975,2000008.3000000012
177430004.9643,2233645.2999999975,2000008.3000000012
177430006.9643,2233645.2999999975,2000008.3000000012
177430008.9643,2233645.2999999975,2000008.3000000012
177430010.9643,2233645.2999999975,2000008.3000000012
177430012.9643,2233645.2999999975,2000008.3000000012
177430014.9643,2233645.2999999975,2000008.3000000012
177430016.9643,2233645.2999999975,2000008.3000000012
177430018.9643,2233645.2999999975,2000008.3000000012
177430020.9643,2233645.2999999975,2000008.3000000012
177430022.9643,2233645.2999999975,2000008.3000000012
177430024.9643,2233645.2999999975,2000008.3000000012
177430026.9643,2233645.2999999975,2000008.3000000012
177430028.9643,2233645.2999999975,2000008.3000000012
177430030.9643,2233645.2999999975,2000008.3000000012
177430032.9643,2233645.2999999975,2000008.3000000012
177430034.9643,2233645.2999999975,2000008.3000000012
177430036.9643,2233645.2999999975,2000008.3000000012
177430038.9643,2233645.2999999975,2000008.3000000012
177430040.9643,2233645.2999999975,2000008.3000000012
177430042.9643,2233645.2999999975,2000008.3000000012
177430044.9643,2233645.2999999975,2000008.3000000012
177430046.9643,2233645.2999999975,2000008.3000000012
177430048.9643,2233645.2999999975,2000008.3000000012
177430050.9643,2233645.2999999975,2000008.3000000012
177430052.9643,2233645.2999999975,2000008.3000000012
177430054.9643,2233645.2999999975,2000008.3000000012
177430056.9643,2233645.2999999975,2000008.3000000012
177430058.9643,2233645.2999999975,2000008.3000000012
177430060.9643,2233645.2999999975,2000008.3000000012
177430062.9643,2233645.2999999975,2000008.3000000012
177430064.9643,2233645.2999999975,2000008.3000000012
177430066.9643,2233645.2999999975,2000008.3000000012
177430068.9643,2233645.2999999975,2000008.3000000012
177430070.9643,2233645.2999999975,2000008.3000000012
177430072.9643,2233645.2999999975,2000008.3000000012
177430074.9643,2233645.2999999975,2000008.3000000012
177430076.9643,2233645.2999999975,2000008.3000000012
177430078.9643,2233645.1999999974,2000008.3000000012
177430080.9643,2233645.1999999974,2000008.3000000012
177430082.9643,2233645.1999999974,2000008.3000000012
177430084.9643,2233645.1999999974,2000008.3000000012
177430086.9643,2233645.1999999974,2000008.3000000012
177430088.9643,2233645.1999999974,2000008.3000000012
177430090.9643,2233645.1999999974,2000008.3000000012
177430092.9643,2233645.1999999974,2000008.3000000012
177430094.9643,2233645.1999999974,2000008.3000000012
177430096.9643,2233645.1999999974,2000008.3000000012
177430098.9643,2233645.1999999974,2000008.3000000012
177430100.9643,2233645.1999999974,2000008.3000000012
177430102.9643,2233645.1999999974,2000008.3000000012
177430104.9643,2233645.1999999974,2000008.3000000012
177430106.9643,2233645.1999999974,2000008.3000000012
177430108.9643,2233645.1999999974,2000008.3000000012
177430110.9643,2233645.1999999974,2000008.3000000012
177430112.9643,2233645.1999999974,2000008.3000000012
177430114.9643,2233645.1999999974,2000008.3000000012
177430116.9643,2233645.1999999974,2000008.3000000012
177430118.9643,2233645.1999999974,2000008.3000000012
177430120.9643,2233645.1999999974,2000008.3000000012
177430122.9643,2233645.1999999974,2000008.3000000012
177430124.9643,2233645.1999999974,2000008.3000000012
177430126.9643,2233645.1999999974,2000008.3000000012
177430128.9643,2233645.1999999974,2000008.3000000012
177430130.9643,2233645.1999999974,2000008.3000000012
177430132.9643,2233645.1999999974,2000008.3000000012
177430134.9643,2233645.1999999974,2000008.3000000012
177430136.9643,2233645.1999999974,2000008.3000000012
177430138.9643,2233645.1999999974,2000008.4000000013
177430140.9643,2233645.1999999974,2000008.4000000013
177430142.9643,2233645.1999999974,2000008.4000000013
177430144.9643,2233645.1999999974,2000008.4000000013
177430146.9643,2233645.1999999974,2000008.4000000013
177430149.0643,2233645.1999999974,2000008.4000000013
177430150.9643,2233645.1999999974,2000008.4000000013
177430152.9643,2233645.1999999974,2000008.4000000013
177430154.9643,2233645.1999999974,2000008.4000000013
177430156.9643,2233645.1999999974,2000008.4000000013
177430158.9643,2233645.1999999974,2000008.4000000013
177430160.9643,2233645.1999999974,2000008.4000000013
177430162.9643,2233645.1999999974,2000008.4000000013
177430164.9643,2233645.1999999974,2000008.4000000013
177430166.9643,2233645.1999999974,2000008.5000000014
177430168.9643,2233645.1999999974,2000008.5000000014
177430170.9643,2233645.1999999974,2000008.5000000014
177430172.9643,2233645.1999999974,2000008.5000000014
177430174.9643,2233645.1999999974,2000008.5000000014
177430176.9643,2233645.1999999974,2000008.5000000014
177430178.9643,2233645.1999999974,2000008.5000000014
177430180.9643,2233645.0999999973,2000008.5000000014
177430182.9643,2233645.0999999973,2000008.5000000014
177430184.9643,2233645.0999999973,2000008.5000000014
177430186.9643,2233645.0999999973,2000008.5000000014
177430188.9643,2233645.0999999973,2000008.5000000014
177430190.9643,2233645.0999999973,2000008.5000000014
177430192.9643,2233645.0999999973,2000008.5000000014
177430194.9643,2233645.0999999973,2000008.5000000014
177430196.9643,2233645.0999999973,2000008.5000000014
177430198.9643,2233645.0999999973,2000008.5000000014
177430200.9643,2233645.0999999973,2000008.5000000014
177430202.9643,2233645.0999999973,2000008.5000000014
177430204.9643,2233645.0999999973,2000008.5000000014
177430206.9643,2233645.0999999973,2000008.5000000014
177430208.9643,2233645.0999999973,2000008.5000000014
177430210.9643,2233645.0999999973,2000008.5000000014
177430212.9643,2233645.0999999973,2000008.5000000014
177430214.9643,2233645.0999999973,2000008.5000000014
177430216.9643,2233645.0999999973,2000008.5000000014
177430218.9643,2233645.0999999973,2000008.5000000014
177430220.9643,2233645.0999999973,2000008.5000000014
177430222.9643,2233645.0999999973,2000008.5000000014
177430224.9643,2233645.0999999973,2000008.5000000014
177430226.9643,2233645.0999999973,2000008.5000000014
177430228.9643,2233645.0999999973,2000008.5000000014
177430230.9643,2233645.0999999973,2000008.5000000014
177430232.9643,2233645.0999999973,2000008.5000000014
177430234.9643,2233645.0999999973,2000008.5000000014
177430236.9643,2233645.0999999973,2000008.5000000014
177430238.9643,2233645.0999999973,2000008.5000000014
177430240.9643,2233645.0999999973,2000008.6000000015
177430242.9643,2233645.0999999973,2000008.6000000015
177430244.9643,2233645.0999999973,2000008.6000000015
177430246.9643,2233645.0999999973,2000008.6000000015
177430248.9643,2233645.0999999973,2000008.6000000015
177430250.9643,2233645.0999999973,2000008.6000000015
177430252.9643,2233645.0999999973,2000008.6000000015
177430254.9643,2233645.0999999973,2000008.6000000015
177430256.9643,2233645.0999999973,2000008.6000000015
177430258.9643,2233645.0999999973,2000008.6000000015
177430260.9643,2233645.0999999973,2000008.6000000015
177430262.9643,2233645.0999999973,2000008.6000000015
177430264.9643,2233645.0999999973,2000008.6000000015
177430266.9643,2233645.0999999973,2000008.6000000015
177430268.9643,2233645.0999999973,2000008.6000000015
177430270.9643,2233645.0999999973,2000008.7000000016
177430272.9643,2233645.0999999973,2000008.7000000016
177430274.9643,2233671.2999999975,2000008.7000000016
177430276.9643,2233671.2999999975,2000008.7000000016
177430278.9643,2233671.2999999975,2000008.7000000016
177430280.9643,2233671.2999999975,2000008.7000000016
177430282.9643,2233671.2999999975,2000008.7000000016
177430284.9643,2233671.2999999975,2000008.7000000016
177430286.9643,2233671.2999999975,2000008.7000000016
177430288.9643,2233671.2999999975,2000008.7000000016
177430290.9643,2233671.2999999975,2000008.7000000016
177430292.9643,2233671.2999999975,2000008.7000000016
177430294.9643,2233671.2999999975,2000008.7000000016
177430296.9643,2233671.2999999975,2000008.7000000016
177430298.9643,2233671.2999999975,2000008.7000000016
177430300.9643,2233671.2999999975,2000008.7000000016
177430302.9643,2233671.2999999975,2000008.7000000016
177430304.9643,2233671.2999999975,2000008.7000000016
177430306.9643,2233671.2999999975,2000008.7000000016
177430308.9643,2233671.2999999975,2000008.7000000016
177430310.9643,2233671.2999999975,2000008.7000000016
177430312.9643,2233671.2999999975,2000008.7000000016
177430314.9643,2233671.2999999975,2000008.7000000016
177430316.9643,2233671.2999999975,2000008.7000000016
177430318.9643,2233671.1999999974,2000008.7000000016
177430320.9643,2233671.1999999974,2000008.7000000016
177430322.9643,2233671.1999999974,2000008.7000000016
177430324.9643,2233671.1999999974,2000008.7000000016
177430326.9643,2233671.1999999974,2000008.7000000016
177430328.9643,2233671.1999999974,2000008.7000000016
177430330.9643,2233671.1999999974,2000008.7000000016
177430332.9643,2233671.1999999974,2000008.7000000016
177430334.9643,2233671.1999999974,2000008.7000000016
177430336.9643,2233671.1999999974,2000008.7000000016
177430338.9643,2233671.1999999974,2000008.7000000016
177430340.9643,2233671.1999999974,2000008.7000000016
177430342.9643,2233671.1999999974,2000008.7000000016
177430344.9643,2233671.1999999974,2000008.7000000016
177430346.9643,2233671.1999999974,2000008.7000000016
177430348.9643,2233671.1999999974,2000008.7000000016
177430350.9643,2233671.1999999974,2000008.7000000016
177430352.9643,2233671.1999999974,2000008.7000000016
177430354.9643,2233671.1999999974,2000008.7000000016
177430356.9643,2233671.0999999973,2000008.7000000016
177430358.9643,2233671.0999999973,2000008.7000000016
177430360.9643,2233671.0999999973,2000008.7000000016
177430362.9643,2233671.0999999973,2000008.7000000016
177430364.9643,2233671.0999999973,2000008.7000000016
177430366.9643,2233671.0999999973,2000008.7000000016
177430368.9643,2233671.0999999973,2000008.7000000016
177430370.9643,2233671.0999999973,2000008.8000000017
177430372.9643,2233671.0999999973,2000008.8000000017
177430374.9643,2233671.0999999973,2000008.8000000017
177430376.9643,2233671.0999999973,2000008.8000000017
177430378.9643,2233671.0999999973,2000008.8000000017
177430380.9643,2233671.0999999973,2000008.8000000017
177430382.9643,2233671.0999999973,2000008.8000000017
177430384.9643,2233671.0999999973,2000008.8000000017
177430386.9643,2233671.0999999973,2000008.8000000017
177430388.9643,2233671.0999999973,2000008.8000000017
177430390.9643,2233671.0999999973,2000008.8000000017
177430392.9643,2233671.0999999973,2000008.8000000017
177430394.9643,2233671.0999999973,2000008.8000000017
177430396.9643,2233671.0999999973,2000008.8000000017
177430398.9643,2233671.0999999973,2000008.8000000017
177430400.9643,2233671.0999999973,2000008.8000000017
177430402.9643,2233671.0999999973,2000008.8000000017
177430404.9643,2233671.0999999973,2000008.8000000017
177430406.9643,2233671.0999999973,2000008.8000000017
177430408.9643,2233671.0999999973,2000008.8000000017
177430410.9643,2233671.0999999973,2000008.8000000017
177430412.9643,2233671.0999999973,2000008.8000000017
177430414.9643,2233671.0999999973,2000008.8000000017
177430416.9643,2233671.0999999973,2000008.8000000017
177430418.9643,2233671.0999999973,2000008.8000000017
177430420.9643,2233671.0999999973,2000008.8000000017
177430422.9643,2233671.0999999973,2000008.8000000017
177430424.9643,2233671.0999999973,2000008.8000000017
177430426.9643,2233671.0999999973,2000008.8000000017
177430428.9643,2233671.0999999973,2000008.8000000017
177430430.9643,2233671.0999999973,2000008.8000000017
177430432.9643,2233671.0999999973,2000008.8000000017
177430434.9643,2233671.0999999973,2000008.9000000018
177430436.9643,2233671.0999999973,2000008.9000000018
177430438.9643,2233671.0999999973,2000008.9000000018
177430440.9643,2233671.0999999973,2000008.9000000018
177430442.9643,2233671.0999999973,2000008.9000000018
177430444.9643,2233671.0999999973,2000008.9000000018
177430446.9643,2233671.0999999973,2000008.9000000018
177430448.9643,2233671.0999999973,2000008.9000000018
177430450.9643,2233671.0999999973,2000008.9000000018
177430452.9643,2233671.0999999973,2000008.9000000018
177430454.9643,2233671.0999999973,2000008.9000000018
177430456.9643,2233671.0999999973,2000008.9000000018
177430458.9643,2233671.0999999973,2000008.9000000018
177430460.9643,2233671.0999999973,2000008.9000000018
177430462.9643,2233671.0999999973,2000008.9000000018
177430464.9643,2233671.0999999973,2000008.9000000018
177430466.9643,2233671.0999999973,2000008.9000000018
177430468.9643,2233671.0999999973,2000008.9000000018
177430470.9643,2233671.0999999973,2000008.9000000018
177430472.9643,2233671.0999999973,2000008.9000000018
177430474.9643,2233671.0999999973,2000008.9000000018
177430476.9643,2233671.0999999973,2000008.9000000018
177430478.9643,2233671.0999999973,2000008.9000000018
177430480.9643,2233671.0999999973,2000008.9000000018
177430482.9643,2233671.0999999973,2000008.9000000018
177430484.9643,2233671.0999999973,2000008.9000000018
177430486.9643,2233671.0999999973,2000008.9000000018
177430488.9643,2233671.0999999973,2000008.9000000018
177430490.9643,2233671.0999999973,2000008.9000000018
177430492.9643,2233671.0999999973,2000008.9000000018
177430494.9643,2233671.0999999973,2000008.9000000018
177430496.9643,2233671.0999999973,2000008.9000000018
177430498.9643,2233671.0999999973,2000008.9000000018
177430500.9643,2233671.0999999973,2000008.9000000018
177430502.9643,2233671.0999999973,2000008.9000000018
177430504.9643,2233671.0999999973,2000008.9000000018
177430506.9643,2233671.0999999973,2000008.9000000018
177430508.9643,2233671.0999999973,2000008.9000000018
177430510.9643,2233671.0999999973,2000008.9000000018
177430512.9643,2233671.0999999973,2000008.9000000018
177430514.9643,2233671.0999999973,2000008.9000000018
177430516.9643,2233671.0999999973,2000008.9000000018
177430518.9643,2233671.0999999973,2000008.9000000018
177430520.9643,2233671.0999999973,2000008.9000000018
177430522.9643,2233671.0999999973,2000008.9000000018
177430524.9643,2233671.0999999973,2000008.9000000018
177430526.9643,2233671.0999999973,2000008.9000000018
177430528.9643,2233671.0999999973,2000008.9000000018
177430530.9643,2233671.0999999973,2000008.9000000018
177430532.9643,2233670.999999997,2000008.9000000018
177430534.9643,2233670.999999997,2000008.9000000018
177430536.9643,2233670.999999997,2000008.9000000018
177430538.9643,2233670.999999997,2000008.9000000018
177430540.9643,2233670.999999997,2000008.9000000018
177430542.9643,2233670.999999997,2000008.9000000018
177430544.9643,2233670.999999997,2000008.9000000018
177430546.9643,2233670.999999997,2000008.9000000018
177430548.9643,2233670.899999997,2000008.9000000018
177430550.9643,2233670.899999997,2000008.9000000018
177430552.9643,2233670.899999997,2000008.9000000018
177430554.9643,2233670.899999997,2000008.9000000018
177430556.9643,2233670.899999997,2000008.9000000018
177430558.9643,2233670.899999997,2000008.9000000018
177430560.9643,2233670.899999997,2000008.9000000018
177430562.9643,2233670.899999997,2000008.9000000018
177430564.9643,2233670.899999997,2000008.9000000018
177430566.9643,2233670.899999997,2000008.9000000018
177430568.9643,2233670.899999997,2000008.9000000018
177430570.9643,2233670.899999997,2000008.9000000018
177430572.9643,2233670.899999997,2000008.9000000018
177430574.9643,2233670.899999997,2000008.9000000018
177430576.9643,2233670.899999997,2000008.9000000018
177430578.9643,2233670.899999997,2000008.9000000018
177430580.9643,2233670.899999997,2000008.9000000018
177430582.9643,2233670.899999997,2000008.9000000018
177430584.9643,2233670.899999997,2000008.9000000018
177430586.9643,2233670.899999997,2000008.9000000018
177430588.9643,2233670.899999997,2000008.9000000018
177430590.9643,2233670.899999997,2000008.9000000018
177430592.9643,2233670.899999997,2000008.9000000018
177430594.9643,2233670.899999997,2000008.9000000018
177430596.9643,2233670.899999997,2000008.9000000018
177430598.9643,2233670.899999997,2000009.0000000019
177430600.9643,2233670.899999997,2000009.0000000019
177430602.9643,2233670.899999997,2000009.0000000019
177430604.9643,2233670.899999997,2000009.0000000019
177430606.9643,2233670.899999997,2000009.0000000019
177430608.9643,2233670.899999997,2000009.0000000019
177430610.9643,2233670.899999997,2000009.0000000019
177430612.9643,2233670.899999997,2000009.0000000019
177430614.9643,2233670.899999997,2000009.0000000019
177430616.9643,2233670.899999997,2000009.0000000019
177430618.9643,2233670.899999997,2000009.0000000019
177430620.9643,2233670.899999997,2000009.0000000019
177430622.9643,2233670.799999997,2000009.0000000019
177430624.9643,2233670.799999997,2000009.0000000019
177430626.9643,2233670.799999997,2000009.0000000019
177430628.9643,2233670.799999997,2000009.100000002
177430630.9643,2233670.799999997,2000009.100000002
177430632.9643,2233670.799999997,2000009.100000002
177430634.9643,2233670.899999997,2000009.100000002
177430636.9643,2233670.899999997,2000009.100000002
177430638.9643,2233670.899999997,2000009.100000002
177430640.9643,2233670.899999997,2000009.100000002
177430642.9643,2233670.899999997,2000009.100000002
177430644.9643,2233670.899999997,2000009.100000002
177430646.9643,2233670.899999997,2000009.100000002
177430648.9643,2233670.899999997,2000009.100000002
177430650.9643,2233670.899999997,2000009.100000002
177430652.9643,2233670.899999997,2000009.100000002
177430654.9643,2233670.899999997,2000009.100000002
177430656.9643,2233670.899999997,2000009.100000002
177430658.9643,2233670.899999997,2000009.100000002
177430660.9643,2233670.899999997,2000009.100000002
177430662.9643,2233670.899999997,2000009.100000002
177430664.9643,2233670.899999997,2000009.100000002
177430666.9643,2233670.899999997,2000009.200000002
177430668.9643,2233670.899999997,2000009.200000002
177430670.9643,2233670.899999997,2000009.200000002
177430672.9643,2233670.899999997,2000009.200000002
177430674.9643,2233670.899999997,2000009.200000002
177430676.9643,2233670.899999997,2000009.200000002
177430678.9643,2233670.899999997,2000009.200000002
177430680.9643,2233670.899999997,2000009.200000002
177430682.9643,2233670.899999997,2000009.200000002
177430684.9643,2233670.899999997,2000009.200000002
177430686.9643,2233670.899999997,2000009.200000002
177430688.9643,2233670.899999997,2000009.200000002
177430690.9643,2233670.899999997,2000009.200000002
177430692.9643,2233670.899999997,2000009.200000002
177430694.9643,2233670.899999997,2000009.200000002
177430696.9643,2233670.899999997,2000009.200000002
177430698.9643,2233670.899999997,2000009.200000002
177430700.9643,2233670.899999997,2000009.200000002
177430702.9643,2233670.899999997,2000009.200000002
177430704.9643,2233670.899999997,2000009.200000002
177430706.9643,2233670.899999997,2000009.200000002
177430708.9643,2233670.899999997,2000009.200000002
177430710.9643,2233670.899999997,2000009.200000002
177430712.9643,2233670.899999997,2000009.200000002
177430714.9643,2233670.899999997,2000009.200000002
177430716.9643,2233670.899999997,2000009.200000002
177430718.9643,2233670.899999997,2000009.200000002
177430720.9643,2233670.899999997,2000009.200000002
177430722.9643,2233670.899999997,2000009.200000002
177430724.9643,2233670.899999997,2000009.200000002
177430726.9643,2233670.899999997,2000009.200000002
177430728.9643,2233670.899999997,2000009.200000002
177430730.9643,2233670.899999997,2000009.200000002
177430732.9643,2233670.899999997,2000009.200000002
177430734.9643,2233670.899999997,2000009.200000002
177430736.9643,2233670.899999997,2000009.200000002
177430738.9643,2233670.899999997,2000009.200000002
177430740.9643,2233670.899999997,2000009.200000002
177430742.9643,2233670.899999997,2000009.200000002
177430744.9643,2233670.899999997,2000009.200000002
177430746.9643,2233670.899999997,2000009.200000002
177430748.9643,2233670.899999997,2000009.200000002
177430750.9643,2233670.899999997,2000009.200000002
177430752.9643,2233670.899999997,2000009.200000002
177430754.9643,2233670.899999997,2000009.200000002
177430756.9643,2233670.899999997,2000009.200000002
177430758.9643,2233670.899999997,2000009.200000002
177430760.9643,2233670.899999997,2000009.200000002
177430762.9643,2233670.899999997,2000009.200000002
177430764.9643,2233670.899999997,2000009.200000002
177430766.9643,2233670.899999997,2000009.200000002
177430768.9643,2233670.899999997,2000009.3000000021
177430770.9643,2233670.899999997,2000009.3000000021
177430772.9643,2233670.899999997,2000009.3000000021
177430774.9643,2233670.899999997,2000009.3000000021
177430776.9643,2233670.899999997,2000009.3000000021
177430779.0643,2233670.899999997,2000009.3000000021
177430780.9643,2233670.899999997,2000009.3000000021
177430782.9643,2233670.899999997,2000009.3000000021
177430784.9643,2233670.899999997,2000009.3000000021
177430786.9643,2233670.899999997,2000009.3000000021
177430788.9643,2233670.899999997,2000009.3000000021
177430790.9643,2233670.899999997,2000009.3000000021
177430792.9643,2233670.899999997,2000009.3000000021
177430794.9643,2233670.899999997,2000009.3000000021
177430796.9643,2233670.899999997,2000009.3000000021
177430798.9643,2233670.899999997,2000009.3000000021
177430800.9643,2233670.899999997,2000009.3000000021
177430802.9643,2233670.899999997,2000009.3000000021
177430804.9643,2233670.899999997,2000009.3000000021
177430806.9643,2233670.899999997,2000009.3000000021
177430808.9643,2233670.899999997,2000009.3000000021
177430810.9643,2233670.899999997,2000009.3000000021
177430812.9643,2233670.899999997,2000009.3000000021
177430814.9643,2233670.899999997,2000009.3000000021
177430816.9643,2233670.899999997,2000009.3000000021
177430818.9643,2233670.899999997,2000009.3000000021
177430820.9643,2233670.899999997,2000009.3000000021
177430822.9643,2233670.899999997,2000009.3000000021
177430824.9643,2233670.899999997,2000009.3000000021
177430826.9643,2233670.899999997,2000009.3000000021
177430828.9643,2233670.899999997,2000009.3000000021
177430830.9643,2233670.899999997,2000009.3000000021
177430832.9643,2233670.899999997,2000009.3000000021
177430834.9643,2233670.899999997,2000009.3000000021
177430836.9643,2233670.899999997,2000009.3000000021
177430838.9643,2233670.899999997,2000009.3000000021
177430840.9643,2233670.899999997,2000009.3000000021
177430842.9643,2233670.899999997,2000009.3000000021
177430844.9643,2233670.899999997,2000009.3000000021
177430846.9643,2233670.899999997,2000009.3000000021
177430848.9643,2233670.899999997,2000009.3000000021
177430850.9643,2233670.899999997,2000009.3000000021
177430852.9643,2233670.899999997,2000009.3000000021
177430854.9643,2233670.899999997,2000009.3000000021
177430856.9643,2233670.899999997,2000009.3000000021
177430858.9643,2233670.899999997,2000009.3000000021
177430860.9643,2233670.899999997,2000009.3000000021
177430862.9643,2233670.899999997,2000009.3000000021
177430864.9643,2233670.899999997,2000009.3000000021
177430866.9643,2233670.899999997,2000009.3000000021
177430868.9643,2233670.899999997,2000009.3000000021
177430870.9643,2233670.899999997,2000009.3000000021
177430872.9643,2233670.899999997,2000009.3000000021
177430874.9643,2233670.899999997,2000009.3000000021
177430876.9643,2233670.899999997,2000009.3000000021
177430878.9643,2233670.899999997,2000009.3000000021
177430880.9643,2233670.899999997,2000009.3000000021
177430882.9643,2233670.899999997,2000009.3000000021
177430884.9643,2233670.899999997,2000009.3000000021
177430886.9643,2233670.899999997,2000009.3000000021
177430888.9643,2233670.899999997,2000009.3000000021
177430890.9643,2233670.899999997,2000009.3000000021
177430892.9643,2233670.899999997,2000009.3000000021
177430894.9643,2233670.899999997,2000009.3000000021
177430896.9643,2233670.899999997,2000009.3000000021
177430898.9643,2233670.899999997,2000009.3000000021
177430900.9643,2233670.899999997,2000009.3000000021
177430902.9643,2233670.899999997,2000009.3000000021
177430904.9643,2233670.899999997,2000009.3000000021
177430906.9643,2233670.899999997,2000009.3000000021
177430908.9643,2233670.899999997,2000009.3000000021
177430910.9643,2233670.899999997,2000009.3000000021
177430912.9643,2233670.899999997,2000009.3000000021
177430914.9643,2233670.899999997,2000009.3000000021
177430916.9643,2233670.899999997,2000009.3000000021
177430918.9643,2233670.899999997,2000009.3000000021
177430920.9643,2233670.899999997,2000009.3000000021
177430922.9643,2233670.899999997,2000009.3000000021
177430924.9643,2233670.899999997,2000009.3000000021
177430926.9643,2233670.899999997,2000009.3000000021
177430928.9643,2233670.899999997,2000009.3000000021
177430930.9643,2233670.899999997,2000009.3000000021
177430932.9643,2233670.899999997,2000009.3000000021
177430934.9643,2233670.899999997,2000009.3000000021
177430936.9643,2233670.899999997,2000009.3000000021
177430938.9643,2233670.899999997,2000009.3000000021
177430940.9643,2233670.899999997,2000009.3000000021
177430942.9643,2233670.899999997,2000009.3000000021
177430944.9643,2233670.899999997,2000009.3000000021
177430946.9643,2233670.899999997,2000009.3000000021
177430948.9643,2233670.899999997,2000009.3000000021
177430950.9643,2233670.899999997,2000009.3000000021
177430952.9643,2233670.899999997,2000009.3000000021
177430954.9643,2233670.899999997,2000009.3000000021
177430956.9643,2233670.899999997,2000009.3000000021
177430958.9643,2233670.899999997,2000009.3000000021
177430960.9643,2233670.899999997,2000009.3000000021
177430962.9643,2233670.899999997,2000009.3000000021
177430964.9643,2233670.899999997,2000009.3000000021
177430966.9643,2233670.899999997,2000009.3000000021
177430968.9643,2233670.899999997,2000009.3000000021
177430970.9643,2233670.899999997,2000009.3000000021
177430972.9643,2233670.899999997,2000009.3000000021
177430974.9643,2233670.899999997,2000009.3000000021
177430976.9643,2233670.899999997,2000009.3000000021
177430978.9643,2233670.899999997,2000009.3000000021
177430980.9643,2233670.899999997,2000009.3000000021
177430982.9643,2233670.899999997,2000009.3000000021
177430984.9643,2233670.899999997,2000009.3000000021
177430986.9643,2233670.899999997,2000009.3000000021
177430988.9643,2233670.899999997,2000009.3000000021
177430990.9643,2233670.899999997,2000009.3000000021
177430992.9643,2233670.899999997,2000009.3000000021
177430994.9643,2233670.899999997,2000009.3000000021
177430996.9643,2233670.899999997,2000009.3000000021
177430998.9643,2233670.899999997,2000009.3000000021
177431000.9643,2233670.899999997,2000009.3000000021
177431003.0643,2233670.899999997,2000009.3000000021
177431005.0643,2233670.899999997,2000009.3000000021
177431007.0643,2233670.899999997,2000009.3000000021
177431009.0643,2233670.899999997,2000009.3000000021
177431011.0643,2233670.899999997,2000009.3000000021
177431013.0643,2233670.899999997,2000009.3000000021
177431015.0643,2233670.899999997,2000009.3000000021
177431017.0643,2233670.899999997,2000009.3000000021
177431019.0643,2233670.899999997,2000009.3000000021
177431021.0643,2233670.899999997,2000009.3000000021
177431023.0643,2233670.899999997,2000009.3000000021
177431025.0643,2233670.899999997,2000009.3000000021
177431027.0643,2233670.899999997,2000009.3000000021
177431029.0643,2233670.899999997,2000009.3000000021
177431031.0643,2233670.899999997,2000009.3000000021
177431033.0643,2233670.899999997,2000009.3000000021
177431035.0643,2233670.899999997,2000009.3000000021
177431037.0643,2233670.899999997,2000009.3000000021
177431039.0643,2233670.899999997,2000009.3000000021
177431041.0643,2233670.899999997,2000009.3000000021
177431043.0643,2233670.899999997,2000009.3000000021
177431045.0643,2233670.899999997,2000009.3000000021
177431047.0643,2233670.899999997,2000009.3000000021
177431049.0643,2233670.899999997,2000009.3000000021
177431051.0643,2233670.899999997,2000009.3000000021
177431053.0643,2233670.899999997,2000009.3000000021
177431055.0643,2233670.899999997,2000009.3000000021
177431057.0643,2233670.899999997,2000009.3000000021
177431059.0643,2233670.899999997,2000009.3000000021
177431061.0643,2233670.899999997,2000009.3000000021
177431063.0643,2233670.899999997,2000009.3000000021
177431065.0643,2233670.899999997,2000009.3000000021
177431067.0643,2233670.899999997,2000009.3000000021
177431069.0643,2233670.899999997,2000009.4000000022
177431071.0643,2233670.899999997,2000009.4000000022
177431073.0643,2233670.899999997,2000009.4000000022
177431075.0643,2233670.899999997,2000009.4000000022
177431077.0643,2233670.899999997,2000009.4000000022
177431079.0643,2233670.899999997,2000009.4000000022
177431081.0643,2233670.899999997,2000009.4000000022
177431083.0643,2233670.899999997,2000009.4000000022
177431085.0643,2233670.899999997,2000009.4000000022
177431087.0643,2233670.899999997,2000009.4000000022
177431089.0643,2233670.899999997,2000009.4000000022
177431091.0643,2233670.899999997,2000009.5000000023
177431093.0643,2233670.899999997,2000009.5000000023
177431095.0643,2233671.0999999973,2000009.5000000023
177431097.0643,2233671.0999999973,2000009.5000000023
177431099.0643,2233671.0999999973,2000009.5000000023
177431101.0643,2233671.0999999973,2000009.5000000023
177431103.0643,2233671.0999999973,2000009.5000000023
177431105.0643,2233671.0999999973,2000009.5000000023
177431107.0643,2233671.0999999973,2000009.5000000023
177431109.0643,2233671.0999999973,2000009.5000000023
177431111.0643,2233671.0999999973,2000009.5000000023
177431113.0643,2233671.0999999973,2000009.5000000023
177431115.0643,2233671.0999999973,2000009.5000000023
177431117.0643,2233671.0999999973,2000009.5000000023
177431119.0643,2233671.0999999973,2000009.5000000023
177431121.0643,2233671.0999999973,2000009.5000000023
177431123.0643,2233671.0999999973,2000009.5000000023
177431125.0643,2233671.0999999973,2000009.5000000023
177431127.0643,2233671.0999999973,2000009.5000000023
177431129.0643,2233671.0999999973,2000009.5000000023
177431131.0643,2233671.0999999973,2000009.5000000023
177431133.0643,2233671.0999999973,2000009.5000000023
177431135.0643,2233671.0999999973,2000009.5000000023
177431137.0643,2233671.0999999973,2000009.5000000023
177431139.0643,2233671.0999999973,2000009.5000000023
177431141.0643,2233671.0999999973,2000009.5000000023
177431143.0643,2233671.0999999973,2000009.5000000023
177431145.0643,2233671.0999999973,2000009.5000000023
177431147.0643,2233671.0999999973,2000009.5000000023
177431149.0643,2233671.0999999973,2000009.5000000023
177431151.0643,2233671.0999999973,2000009.5000000023
177431153.0643,2233671.0999999973,2000009.5000000023
177431155.0643,2233671.0999999973,2000009.5000000023
177431157.0643,2233671.0999999973,2000009.5000000023
177431159.0643,2233671.0999999973,2000009.5000000023
177431161.0643,2233671.0999999973,2000009.5000000023
177431163.0643,2233671.0999999973,2000009.5000000023
177431165.0643,2233671.0999999973,2000009.5000000023
177431167.0643,2233671.0999999973,2000009.5000000023
177431169.0643,2233671.0999999973,2000009.5000000023
177431171.0643,2233671.0999999973,2000009.5000000023
177431173.0643,2233671.0999999973,2000009.5000000023
177431175.0643,2233671.0999999973,2000009.5000000023
177431177.0643,2233671.0999999973,2000009.5000000023
177431179.0643,2233671.0999999973,2000009.5000000023
177431181.0643,2233671.0999999973,2000009.5000000023
177431183.0643,2233671.0999999973,2000009.5000000023
177431185.0643,2233671.0999999973,2000009.5000000023
177431187.0643,2233671.0999999973,2000009.5000000023
177431189.0643,2233671.0999999973,2000009.5000000023
177431191.0643,2233671.0999999973,2000009.5000000023
177431193.0643,2233671.0999999973,2000009.5000000023
177431195.0643,2233671.0999999973,2000009.5000000023
177431197.0643,2233671.0999999973,2000009.5000000023
177431199.0643,2233671.0999999973,2000009.5000000023
177431201.0643,2233671.0999999973,2000009.5000000023
177431203.0643,2233671.0999999973,2000009.5000000023
177431205.0643,2233671.0999999973,2000009.5000000023
177431207.0643,2233671.0999999973,2000009.5000000023
177431209.0643,2233671.0999999973,2000009.5000000023
177431211.0643,2233671.2999999975,2000009.5000000023
177431213.0643,2233671.2999999975,2000009.5000000023
177431215.0643,2233671.2999999975,2000009.5000000023
177431217.0643,2233671.2999999975,2000009.5000000023
177431219.0643,2233671.2999999975,2000009.5000000023
177431221.0643,2233671.2999999975,2000009.5000000023
177431223.0643,2233671.2999999975,2000009.5000000023
177431225.0643,2233671.2999999975,2000009.5000000023
177431227.0643,2233671.2999999975,2000009.5000000023
177431229.0643,2233671.2999999975,2000009.5000000023
177431231.0643,2233671.2999999975,2000009.5000000023
177431233.0643,2233671.2999999975,2000009.5000000023
177431235.0643,2233671.2999999975,2000009.5000000023
177431237.0643,2233671.2999999975,2000009.5000000023
177431239.0643,2233671.2999999975,2000009.5000000023
177431241.0643,2233671.2999999975,2000009.5000000023
177431243.0643,2233671.2999999975,2000009.5000000023
177431245.0643,2233671.2999999975,2000009.5000000023
177431247.0643,2233671.2999999975,2000009.5000000023
177431249.0643,2233671.2999999975,2000009.5000000023
177431251.0643,2233671.2999999975,2000009.5000000023
177431253.0643,2233671.2999999975,2000009.5000000023
177431255.0643,2233671.2999999975,2000009.5000000023
177431257.0643,2233671.2999999975,2000009.5000000023
177431259.0643,2233671.2999999975,2000009.5000000023
177431261.0643,2233671.2999999975,2000009.5000000023
177431263.0643,2233671.2999999975,2000009.5000000023
177431265.0643,2233671.2999999975,2000009.5000000023
177431267.0643,2233671.2999999975,2000009.5000000023
177431269.0643,2233671.2999999975,2000009.5000000023
177431271.0643,2233671.2999999975,2000009.5000000023
177431273.0643,2233671.2999999975,2000009.5000000023
177431275.0643,2233671.2999999975,2000009.5000000023
177431277.0643,2233671.2999999975,2000009.5000000023
177431279.0643,2233671.2999999975,2000009.5000000023
177431281.0643,2233671.2999999975,2000009.5000000023
177431283.0643,2233671.2999999975,2000009.5000000023
177431285.0643,2233671.2999999975,2000009.5000000023
177431287.0643,2233671.2999999975,2000009.5000000023
177431289.0643,2233671.2999999975,2000009.5000000023
177431291.0643,2233671.2999999975,2000009.5000000023
177431293.0643,2233671.2999999975,2000009.5000000023
177431295.0643,2233671.2999999975,2000009.5000000023
177431297.0643,2233671.2999999975,2000009.5000000023
177431299.0643,2233671.2999999975,2000009.5000000023
177431301.0643,2233671.2999999975,2000009.5000000023
177431303.0643,2233671.2999999975,2000009.5000000023
177431305.0643,2233671.2999999975,2000009.5000000023
177431307.0643,2233671.2999999975,2000009.5000000023
177431309.0643,2233671.2999999975,2000009.6000000024
177431311.0643,2233671.2999999975,2000009.6000000024
177431313.0643,2233671.2999999975,2000009.6000000024
177431315.0643,2233671.2999999975,2000009.6000000024
177431317.0643,2233671.2999999975,2000009.6000000024
177431319.0643,2233671.2999999975,2000009.6000000024
177431321.0643,2233671.2999999975,2000009.6000000024
177431323.0643,2233671.2999999975,2000009.6000000024
177431325.0643,2233671.2999999975,2000009.6000000024
177431327.0643,2233671.2999999975,2000009.6000000024
177431329.0643,2233671.2999999975,2000009.6000000024
177431331.0643,2233671.2999999975,2000009.6000000024
177431333.0643,2233671.2999999975,2000009.6000000024
177431335.0643,2233671.2999999975,2000009.6000000024
177431337.0643,2233671.2999999975,2000009.6000000024
177431339.0643,2233671.2999999975,2000009.6000000024
177431341.0643,2233671.2999999975,2000009.6000000024
177431343.0643,2233671.2999999975,2000009.6000000024
177431345.0643,2233671.2999999975,2000009.6000000024
177431347.0643,2233671.2999999975,2000009.6000000024
177431349.0643,2233671.2999999975,2000009.6000000024
177431351.0643,2233671.2999999975,2000009.6000000024
177431353.0643,2233671.2999999975,2000009.6000000024
177431355.0643,2233671.2999999975,2000009.6000000024
177431357.0643,2233671.2999999975,2000009.6000000024
177431359.0643,2233671.2999999975,2000009.6000000024
177431361.0643,2233671.2999999975,2000009.6000000024
177431363.0643,2233671.2999999975,2000009.6000000024
177431365.0643,2233671.2999999975,2000009.6000000024
177431367.0643,2233671.2999999975,2000009.6000000024
177431369.0643,2233671.2999999975,2000009.6000000024
177431371.0643,2233671.2999999975,2000009.6000000024
177431373.0643,2233671.2999999975,2000009.6000000024
177431375.0643,2233671.2999999975,2000009.6000000024
177431377.0643,2233671.2999999975,2000009.6000000024
177431379.0643,2233671.2999999975,2000009.6000000024
177431381.0643,2320572.1999999974,2000009.6000000024
177431383.0643,2320572.1999999974,2000009.6000000024
177431385.0643,2320572.1999999974,2000009.6000000024
177431387.0643,2320572.1999999974,2000009.6000000024
177431389.0643,2320572.1999999974,2000009.6000000024
177431391.0643,2320572.1999999974,2000009.6000000024
177431393.0643,2320572.1999999974,2000009.6000000024
177431395.0643,2320572.1999999974,2000009.6000000024
177431397.0643,2320572.1999999974,2000009.5000000023
177431399.0643,2320572.1999999974,2000009.5000000023
177431401.0643,2320572.1999999974,2000009.5000000023
177431403.0643,2320572.1999999974,2000009.5000000023
177431405.0643,2320572.1999999974,2000009.5000000023
177431407.0643,2320572.1999999974,2000009.5000000023
177431409.0643,2320572.1999999974,2000009.5000000023
177431411.0643,2320572.1999999974,2000009.5000000023
177431413.0643,2320572.1999999974,2000009.5000000023
177431415.0643,2320572.1999999974,2000009.5000000023
177431417.0643,2320572.1999999974,2000009.5000000023
177431419.0643,2320572.1999999974,2000009.5000000023
177431421.0643,2320572.1999999974,2000009.5000000023
177431423.0643,2320572.1999999974,2000009.5000000023
177431425.0643,2320572.1999999974,2000009.5000000023
177431427.0643,2320572.1999999974,2000009.5000000023
177431429.0643,2320572.1999999974,2000009.5000000023
177431431.0643,2320572.1999999974,2000009.5000000023
177431433.0643,2320572.1999999974,2000009.5000000023
177431435.0643,2320572.1999999974,2000009.5000000023
177431437.0643,2320572.1999999974,2000009.5000000023
177431439.0643,2320572.1999999974,2000009.5000000023
177431441.0643,2320572.1999999974,2000009.5000000023
177431443.1643,2320572.1999999974,2000009.5000000023
177431445.0643,2320572.1999999974,2000009.5000000023
177431447.0643,2320572.1999999974,2000009.5000000023
177431449.0643,2320572.1999999974,2000009.5000000023
177431451.0643,2320572.1999999974,2000009.5000000023
177431453.0643,2320572.1999999974,2000009.5000000023
177431455.0643,2320572.1999999974,2000009.5000000023
177431457.0643,2320572.1999999974,2000009.5000000023
177431459.0643,2320572.1999999974,2000009.5000000023
177431461.0643,2320572.1999999974,2000009.5000000023
177431463.0643,2320572.1999999974,2000009.5000000023
177431465.0643,2320572.1999999974,2000009.5000000023
177431467.0643,2320572.1999999974,2000009.5000000023
177431469.0643,2320572.1999999974,2000009.5000000023
177431471.0643,2320572.1999999974,2000009.5000000023
177431473.0643,2320572.1999999974,2000009.5000000023
177431475.0643,2320572.1999999974,2000009.5000000023
177431477.0643,2320572.1999999974,2000009.5000000023
177431479.0643,2320572.1999999974,2000009.5000000023
177431481.0643,2320572.1999999974,2000009.5000000023
177431483.0643,2320572.1999999974,2000009.5000000023
177431485.0643,2320572.1999999974,2000009.5000000023
177431487.0643,2320572.1999999974,2000009.5000000023
177431489.0643,2320572.1999999974,2000009.5000000023
177431491.0643,2320572.1999999974,2000009.5000000023
177431493.0643,2320572.1999999974,2000009.5000000023
177431495.0643,2320572.1999999974,2000009.5000000023
177431497.0643,2320572.1999999974,2000009.5000000023
177431499.0643,2320572.1999999974,2000009.5000000023
177431501.0643,2320572.1999999974,2000009.5000000023
177431503.0643,2320572.1999999974,2000009.5000000023
177431505.0643,2320572.1999999974,2000009.5000000023
177431507.0643,2320572.1999999974,2000009.5000000023
177431509.0643,2320572.1999999974,2000009.5000000023
177431511.0643,2320572.1999999974,2000009.5000000023
177431513.0643,2320572.1999999974,2000009.5000000023
177431515.0643,2320572.1999999974,2000009.5000000023
177431517.0643,2320572.1999999974,2000009.5000000023
177431519.0643,2320572.1999999974,2000009.5000000023
177431521.0643,2320572.1999999974,2000009.5000000023
177431523.0643,2320572.1999999974,2000009.5000000023
177431525.0643,2320572.1999999974,2000009.5000000023
177431527.0643,2320572.1999999974,2000009.5000000023
177431529.0643,2320572.1999999974,2000009.5000000023
177431531.0643,2320572.1999999974,2000009.5000000023
177431533.0643,2320572.1999999974,2000009.5000000023
177431535.0643,2320572.1999999974,2000009.5000000023
177431537.0643,2320572.1999999974,2000009.5000000023
177431539.0643,2320572.1999999974,2000009.5000000023
177431541.0643,2320572.1999999974,2000009.5000000023
177431543.0643,2320572.1999999974,2000009.5000000023
177431545.0643,2320572.1999999974,2000009.5000000023
177431547.0643,2320572.1999999974,2000009.5000000023
177431549.0643,2320572.1999999974,2000009.5000000023
177431551.0643,2320572.1999999974,2000009.5000000023
177431553.0643,2320572.1999999974,2000009.5000000023
177431555.0643,2320572.1999999974,2000009.5000000023
177431557.0643,2320572.1999999974,2000009.5000000023
177431559.0643,2320572.1999999974,2000009.5000000023
177431561.0643,2320572.1999999974,2000009.5000000023
177431563.0643,2320572.1999999974,2000009.5000000023
177431565.0643,2320572.1999999974,2000009.5000000023
177431567.0643,2320572.1999999974,2000009.5000000023
177431569.0643,2320572.1999999974,2000009.5000000023
177431571.0643,2320572.1999999974,2000009.5000000023
177431573.0643,2320572.1999999974,2000009.5000000023
177431575.0643,2320572.1999999974,2000009.5000000023
177431577.0643,2320572.1999999974,2000009.5000000023
177431579.0643,2320572.1999999974,2000009.5000000023
177431581.0643,2320572.1999999974,2000009.5000000023
177431583.0643,2320572.1999999974,2000009.5000000023
177431585.0643,2320572.1999999974,2000009.5000000023
177431587.0643,2320572.1999999974,2000009.5000000023
177431589.0643,2320572.1999999974,2000009.5000000023
177431591.0643,2320572.1999999974,2000009.5000000023
177431593.0643,2320572.1999999974,2000009.5000000023
177431595.0643,2320572.1999999974,2000009.5000000023
177431597.0643,2320572.1999999974,2000009.5000000023
177431599.0643,2320572.1999999974,2000009.5000000023
177431601.0643,2320572.1999999974,2000009.5000000023
177431603.0643,2320572.1999999974,2000009.5000000023
177431605.0643,2320572.1999999974,2000009.5000000023
177431607.0643,2320572.1999999974,2000009.5000000023
177431609.0643,2320572.1999999974,2000009.5000000023
177431611.0643,2320572.1999999974,2000009.5000000023
177431613.0643,2320572.1999999974,2000009.5000000023
177431615.0643,2320572.1999999974,2000009.5000000023
177431617.0643,2320572.1999999974,2000009.5000000023
177431619.0643,2320572.1999999974,2000009.5000000023
177431621.0643,2320572.1999999974,2000009.5000000023
177431623.0643,2320572.1999999974,2000009.5000000023
177431625.0643,2320572.1999999974,2000009.5000000023
177431627.0643,2320572.1999999974,2000009.5000000023
177431629.0643,2320572.1999999974,2000009.5000000023
177431631.0643,2320572.1999999974,2000009.5000000023
177431633.0643,2320572.1999999974,2000009.5000000023
177431635.0643,2320572.1999999974,2000009.5000000023
177431637.0643,2320572.1999999974,2000009.5000000023
177431639.0643,2320572.1999999974,2000009.5000000023
177431641.0643,2320572.1999999974,2000009.5000000023
177431643.0643,2320572.1999999974,2000009.5000000023
177431645.0643,2320572.1999999974,2000009.5000000023
177431647.0643,2320572.1999999974,2000009.5000000023
177431649.0643,2320572.1999999974,2000009.5000000023
177431651.0643,2320572.1999999974,2000009.5000000023
177431653.0643,2320572.1999999974,2000009.5000000023
177431655.0643,2320572.1999999974,2000009.5000000023
177431657.0643,2320572.1999999974,2000009.5000000023
177431659.0643,2320572.1999999974,2000009.5000000023
177431661.0643,2320572.1999999974,2000009.5000000023
177431663.1643,2320572.1999999974,2000009.5000000023
177431665.0643,2320572.1999999974,2000009.5000000023
177431667.0643,2320572.1999999974,2000009.5000000023
177431669.0643,2320572.1999999974,2000009.5000000023
177431671.0643,2320572.1999999974,2000009.5000000023
177431673.0643,2320572.1999999974,2000009.5000000023
177431675.0643,2320572.1999999974,2000009.5000000023
177431677.0643,2320572.1999999974,2000009.5000000023
177431679.0643,2320572.1999999974,2000009.5000000023
177431681.0643,2320572.1999999974,2000009.5000000023
177431683.0643,2320572.1999999974,2000009.5000000023
177431685.0643,2320572.1999999974,2000009.5000000023
177431687.0643,2320572.1999999974,2000009.5000000023
177431689.0643,2320572.1999999974,2000009.5000000023
177431691.0643,2320572.1999999974,2000009.5000000023
177431693.0643,2320572.1999999974,2000009.5000000023
177431695.0643,2320572.1999999974,2000009.5000000023
177431697.0643,2320572.1999999974,2000009.5000000023
177431699.0643,2320572.1999999974,2000009.5000000023
177431701.0643,2320572.1999999974,2000009.5000000023
177431703.0643,2320572.1999999974,2000009.5000000023
177431705.0643,2320572.1999999974,2000009.5000000023
177431707.0643,2320572.1999999974,2000009.5000000023
177431709.0643,2320572.1999999974,2000009.5000000023
177431711.0643,2320572.1999999974,2000009.5000000023
177431713.0643,2320572.1999999974,2000009.5000000023
177431715.0643,2320572.1999999974,2000009.5000000023
177431717.0643,2320572.1999999974,2000009.5000000023
177431719.0643,2320572.1999999974,2000009.5000000023
177431721.0643,2320572.1999999974,2000009.5000000023
177431723.0643,2320572.1999999974,2000009.5000000023
177431725.0643,2320572.1999999974,2000009.5000000023
177431727.0643,2320572.1999999974,2000009.5000000023
177431729.0643,2320572.1999999974,2000009.5000000023
177431731.0643,2320572.1999999974,2000009.5000000023
177431733.0643,2320572.1999999974,2000009.5000000023
177431735.0643,2320572.1999999974,2000009.5000000023
177431737.0643,2320572.1999999974,2000009.5000000023
177431739.0643,2320572.1999999974,2000009.5000000023
177431741.0643,2320572.1999999974,2000009.5000000023
177431743.0643,2320572.1999999974,2000009.5000000023
177431745.0643,2320572.1999999974,2000009.5000000023
177431747.0643,2320572.1999999974,2000009.5000000023
177431749.0643,2320572.1999999974,2000009.5000000023
177431751.0643,2320572.1999999974,2000009.5000000023
177431753.0643,2320572.1999999974,2000009.5000000023
177431755.0643,2320572.1999999974,2000009.5000000023
177431757.0643,2320572.1999999974,2000009.5000000023
177431759.0643,2320572.1999999974,2000009.5000000023
177431761.0643,2320572.1999999974,2000009.5000000023
177431763.0643,2320572.1999999974,2000009.5000000023
177431765.0643,2320572.1999999974,2000009.5000000023
177431767.0643,2320572.1999999974,2000009.5000000023
177431769.0643,2320572.1999999974,2000009.5000000023
177431771.0643,2320572.1999999974,2000009.5000000023
177431773.0643,2320572.1999999974,2000009.5000000023
177431775.0643,2320572.1999999974,2000009.5000000023
177431777.0643,2320572.1999999974,2000009.5000000023
177431779.0643,2320572.1999999974,2000009.5000000023
177431781.0643,2320572.1999999974,2000009.5000000023
177431783.0643,2320572.1999999974,2000009.5000000023
177431785.0643,2320572.1999999974,2000009.5000000023
177431787.0643,2320572.1999999974,2000009.5000000023
177431789.0643,2320572.1999999974,2000009.5000000023
177431791.0643,2320572.1999999974,2000009.5000000023
177431793.0643,2320572.1999999974,2000009.5000000023
177431795.0643,2320572.1999999974,2000009.5000000023
177431797.0643,2320572.1999999974,2000009.5000000023
177431799.0643,2320572.1999999974,2000009.5000000023
177431801.0643,2320572.1999999974,2000009.5000000023
177431803.0643,2320572.1999999974,2000009.5000000023
177431805.0643,2320572.1999999974,2000009.5000000023
177431807.0643,2320572.1999999974,2000009.5000000023
177431809.0643,2320572.1999999974,2000009.5000000023
177431811.0643,2320572.1999999974,2000009.5000000023
177431813.0643,2320572.1999999974,2000009.5000000023
177431815.0643,2320572.1999999974,2000009.5000000023
177431817.0643,2320572.1999999974,2000009.5000000023
177431819.0643,2320572.1999999974,2000009.5000000023
177431821.0643,2320572.1999999974,2000009.5000000023
177431823.0643,2320572.1999999974,2000009.5000000023
177431825.0643,2320572.1999999974,2000009.5000000023
177431827.0643,2320572.1999999974,2000009.5000000023
177431829.0643,2320572.1999999974,2000009.5000000023
177431831.0643,2320572.1999999974,2000009.5000000023
177431833.0643,2320572.1999999974,2000009.5000000023
177431835.0643,2320572.1999999974,2000009.5000000023
177431837.0643,2320572.1999999974,2000009.5000000023
177431839.0643,2320572.1999999974,2000009.5000000023
177431841.0643,2320572.1999999974,2000009.5000000023
177431843.0643,2320572.1999999974,2000009.5000000023
177431845.0643,2320572.1999999974,2000009.5000000023
177431847.0643,2320572.1999999974,2000009.5000000023
177431849.0643,2320572.1999999974,2000009.5000000023
177431851.0643,2320572.1999999974,2000009.5000000023
177431853.0643,2320572.1999999974,2000009.5000000023
177431855.0643,2320572.1999999974,2000009.5000000023
177431857.0643,2320572.1999999974,2000009.5000000023
177431859.0643,2320572.1999999974,2000009.5000000023
177431861.0643,2320572.1999999974,2000009.5000000023
177431863.0643,2320572.1999999974,2000009.5000000023
177431865.0643,2320572.1999999974,2000009.5000000023
177431867.0643,2320572.1999999974,2000009.5000000023
177431869.0643,2320572.1999999974,2000009.5000000023
177431871.0643,2320572.1999999974,2000009.5000000023
177431873.0643,2320572.1999999974,2000009.5000000023
177431875.0643,2320572.1999999974,2000009.5000000023
177431877.0643,2320572.1999999974,2000009.5000000023
177431879.0643,2320572.1999999974,2000009.5000000023
177431881.0643,2320572.1999999974,2000009.5000000023
177431883.0643,2320572.1999999974,2000009.5000000023
177431885.0643,2320572.1999999974,2000009.5000000023
177431887.0643,2320572.1999999974,2000009.5000000023
177431889.0643,2320572.1999999974,2000009.5000000023
177431891.0643,2320572.1999999974,2000009.5000000023
177431893.0643,2320572.1999999974,2000009.5000000023
177431895.0643,2320572.1999999974,2000009.5000000023
177431897.0643,2320572.1999999974,2000009.5000000023
177431899.0643,2320572.1999999974,2000009.5000000023
177431901.0643,2320572.1999999974,2000009.5000000023
177431903.0643,2320572.1999999974,2000009.5000000023
177431905.0643,2320572.1999999974,2000009.5000000023
177431907.0643,2320572.1999999974,2000009.5000000023
177431909.0643,2320572.1999999974,2000009.5000000023
177431911.0643,2320572.1999999974,2000009.5000000023
177431913.0643,2320572.1999999974,2000009.5000000023
177431915.0643,2320572.1999999974,2000009.5000000023
177431917.0643,2320572.1999999974,2000009.5000000023
177431919.0643,2320572.1999999974,2000009.5000000023
177431921.0643,2320572.1999999974,2000009.5000000023
177431923.0643,2320572.1999999974,2000009.5000000023
177431925.0643,2320572.1999999974,2000009.5000000023
177431927.0643,2320572.1999999974,2000009.5000000023
177431929.0643,2320572.1999999974,2000009.5000000023
177431931.0643,2320572.1999999974,2000009.5000000023
177431933.0643,2320572.1999999974,2000009.5000000023
177431935.0643,2320572.1999999974,2000009.5000000023
177431937.0643,2320572.1999999974,2000009.5000000023
177431939.0643,2320572.1999999974,2000009.5000000023
177431941.0643,2320572.1999999974,2000009.5000000023
177431943.0643,2320572.1999999974,2000009.5000000023
177431945.0643,2320572.1999999974,2000009.5000000023
177431947.0643,2320572.1999999974,2000009.5000000023
177431949.0643,2320572.1999999974,2000009.5000000023
177431951.0643,2320572.1999999974,2000009.5000000023
177431953.0643,2320572.1999999974,2000009.5000000023
177431955.0643,2320572.1999999974,2000009.5000000023
177431957.0643,2320572.1999999974,2000009.5000000023
177431959.0643,2320572.1999999974,2000009.5000000023
177431961.0643,2320572.1999999974,2000009.5000000023
177431963.0643,2320572.1999999974,2000009.5000000023
177431965.0643,2320572.1999999974,2000009.5000000023
177431967.0643,2320572.1999999974,2000009.5000000023
177431969.0643,2320572.1999999974,2000009.5000000023
177431971.0643,2320572.1999999974,2000009.5000000023
177431973.0643,2320572.1999999974,2000009.5000000023
177431975.0643,2320572.1999999974,2000009.5000000023
177431977.0643,2320572.1999999974,2000009.5000000023
177431979.0643,2320572.1999999974,2000009.5000000023
177431981.0643,2320572.1999999974,2000009.5000000023
177431983.0643,2320572.1999999974,2000009.5000000023
177431985.0643,2320572.1999999974,2000009.5000000023
177431987.0643,2320572.1999999974,2000009.5000000023
177431989.0643,2320572.1999999974,2000009.5000000023
177431991.0643,2320572.1999999974,2000009.5000000023
177431993.0643,2320572.1999999974,2000009.5000000023
177431995.0643,2320572.1999999974,2000009.5000000023
177431997.0643,2320572.1999999974,2000009.5000000023
177431999.0643,2320572.1999999974,2000009.5000000023
177432001.0643,2320572.1999999974,2000009.5000000023
177432003.0643,2320572.1999999974,2000009.5000000023
177432005.0643,2320572.1999999974,2000009.5000000023
177432007.0643,2320572.1999999974,2000009.5000000023
177432009.0643,2320572.1999999974,2000009.5000000023
177432011.0643,2320572.1999999974,2000009.5000000023
177432013.0643,2320572.1999999974,2000009.5000000023
177432015.0643,2320572.1999999974,2000009.5000000023
177432017.0643,2320572.1999999974,2000009.5000000023
177432019.0643,2320572.1999999974,2000009.5000000023
177432021.0643,2320572.1999999974,2000009.5000000023
177432023.0643,2320572.1999999974,2000009.5000000023
177432025.0643,2320572.1999999974,2000009.5000000023
177432027.0643,2320572.1999999974,2000009.5000000023
177432029.0643,2320572.1999999974,2000009.5000000023
177432031.0643,2320572.1999999974,2000009.5000000023
177432033.0643,2320572.1999999974,2000009.5000000023
177432035.0643,2320572.1999999974,2000009.5000000023
177432037.0643,2320572.1999999974,2000009.5000000023
177432039.0643,2320572.1999999974,2000009.5000000023
177432041.0643,2320572.1999999974,2000009.5000000023
177432043.0643,2320572.1999999974,2000009.5000000023
177432045.0643,2320572.1999999974,2000009.5000000023
177432047.0643,2320572.1999999974,2000009.5000000023
177432049.0643,2320572.1999999974,2000009.5000000023
177432051.0643,2320572.1999999974,2000009.5000000023
177432053.0643,2320572.1999999974,2000009.5000000023
177432055.0643,2320572.1999999974,2000009.5000000023
177432057.0643,2320572.1999999974,2000009.5000000023
177432059.0643,2320572.1999999974,2000009.5000000023
177432061.0643,2320572.1999999974,2000009.5000000023
177432063.0643,2320572.1999999974,2000009.5000000023
177432065.0643,2320572.1999999974,2000009.5000000023
177432067.0643,2320572.1999999974,2000009.5000000023
177432069.0643,2320572.1999999974,2000009.5000000023
177432071.0643,2320572.1999999974,2000009.5000000023
177432073.0643,2320572.1999999974,2000009.5000000023
177432075.0643,2320572.1999999974,2000009.5000000023
177432077.0643,2320572.1999999974,2000009.5000000023
177432079.0643,2320572.1999999974,2000009.5000000023
177432081.0643,2320572.1999999974,2000009.5000000023
177432083.0643,2320572.1999999974,2000009.5000000023
177432085.0643,2320572.1999999974,2000009.5000000023
177432087.0643,2320572.1999999974,2000009.5000000023
177432089.0643,2320572.1999999974,2000009.5000000023
177432091.0643,2320572.1999999974,2000009.5000000023
177432093.0643,2320572.1999999974,2000009.5000000023
177432095.0643,2320572.1999999974,2000009.5000000023
177432097.0643,2320572.1999999974,2000009.5000000023
177432099.0643,2320572.1999999974,2000009.5000000023
177432101.0643,2320572.1999999974,2000009.5000000023
177432103.0643,2320572.1999999974,2000009.5000000023
177432105.0643,2320572.1999999974,2000009.5000000023
177432107.0643,2320572.1999999974,2000009.5000000023
177432109.0643,2320572.1999999974,2000009.5000000023
177432111.0643,2320572.1999999974,2000009.5000000023
177432113.0643,2320572.1999999974,2000009.5000000023
177432115.0643,2320572.1999999974,2000009.5000000023
177432117.0643,2320572.1999999974,2000009.5000000023
177432119.0643,2320572.1999999974,2000009.5000000023
177432121.0643,2320572.1999999974,2000009.5000000023
177432123.0643,2320572.1999999974,2000009.5000000023
177432125.0643,2320572.1999999974,2000009.5000000023
177432127.0643,2320572.1999999974,2000009.5000000023
177432129.0643,2320572.1999999974,2000009.5000000023
177432131.0643,2320572.1999999974,2000009.5000000023
177432133.0643,2320572.1999999974,2000009.5000000023
177432135.0643,2320572.1999999974,2000009.5000000023
177432137.0643,2320572.1999999974,2000009.5000000023
177432139.0643,2320572.1999999974,2000009.5000000023
177432141.0643,2320572.1999999974,2000009.5000000023
177432143.0643,2320572.1999999974,2000009.5000000023
177432145.0643,2320572.1999999974,2000009.5000000023
177432147.0643,2320572.1999999974,2000009.5000000023
177432149.0643,2320572.1999999974,2000009.5000000023
177432151.0643,2320572.1999999974,2000009.5000000023
177432153.0643,2320572.1999999974,2000009.5000000023
177432155.0643,2320572.1999999974,2000009.5000000023
177432157.0643,2320572.1999999974,2000009.5000000023
177432159.0643,2320572.1999999974,2000009.5000000023
177432161.0643,2320572.1999999974,2000009.5000000023
177432163.0643,2320572.1999999974,2000009.5000000023
177432165.0643,2320572.1999999974,2000009.5000000023
177432167.0643,2320572.1999999974,2000009.5000000023
177432169.0643,2320572.1999999974,2000009.5000000023
177432171.0643,2320572.1999999974,2000009.5000000023
177432173.0643,2320572.1999999974,2000009.5000000023
177432175.0643,2320572.1999999974,2000009.5000000023
177432177.0643,2320572.1999999974,2000009.5000000023
177432179.0643,2320572.1999999974,2000009.5000000023
177432181.0643,2320572.1999999974,2000008.7000000023
177432183.0643,2320572.1999999974,2000008.7000000023
177432185.0643,2320572.1999999974,2000008.7000000023
177432187.0643,2320572.1999999974,2000008.7000000023
177432189.0643,2320572.1999999974,2000008.8000000024
177432191.0643,2320572.1999999974,2000008.8000000024
177432193.0643,2320572.1999999974,2000008.8000000024
177432195.0643,2320572.1999999974,2000008.8000000024
177432197.0643,2320572.1999999974,2000008.8000000024
177432199.0643,2320572.1999999974,2000008.8000000024
177432201.0643,2320572.1999999974,2000008.8000000024
177432203.0643,2320572.1999999974,2000008.8000000024
177432205.0643,2320572.1999999974,2000008.8000000024
177432207.0643,2320572.1999999974,2000008.8000000024
177432209.0643,2320572.1999999974,2000008.8000000024
177432211.0643,2320572.1999999974,2000008.8000000024
177432213.0643,2320572.1999999974,2000008.8000000024
177432215.0643,2320572.1999999974,2000008.8000000024
177432217.0643,2320572.1999999974,2000008.8000000024
177432219.0643,2320572.1999999974,2000008.8000000024
177432221.0643,2320572.1999999974,2000008.8000000024
177432223.0643,2320572.1999999974,2000008.8000000024
177432225.0643,2320572.1999999974,2000008.8000000024
177432227.0643,2320572.1999999974,2000008.8000000024
177432229.0643,2320572.1999999974,2000008.8000000024
177432231.0643,2320572.1999999974,2000008.8000000024
177432233.0643,2320572.1999999974,2000008.8000000024
177432235.0643,2320572.1999999974,2000008.8000000024
177432237.0643,2320572.1999999974,2000008.8000000024
177432239.0643,2320572.1999999974,2000008.8000000024
177432241.0643,2320572.1999999974,2000008.8000000024
177432243.0643,2320572.1999999974,2000008.8000000024
177432245.0643,2320572.1999999974,2000008.8000000024
177432247.0643,2320572.1999999974,2000008.8000000024
177432249.0643,2320572.1999999974,2000008.8000000024
177432251.0643,2320572.1999999974,2000008.8000000024
177432253.0643,2320572.1999999974,2000008.8000000024
177432255.0643,2320572.1999999974,2000008.8000000024
177432257.0643,2320572.1999999974,2000008.8000000024
177432259.0643,2320572.1999999974,2000008.8000000024
177432261.0643,2320572.1999999974,2000008.8000000024
177432263.0643,2320572.1999999974,2000008.8000000024
177432265.0643,2320572.1999999974,2000008.8000000024
177432267.0643,2320572.1999999974,2000008.8000000024
177432269.0643,2320572.1999999974,2000008.8000000024
177432271.0643,2320572.1999999974,2000008.8000000024
177432273.0643,2320572.1999999974,2000008.8000000024
177432275.0643,2320572.1999999974,2000008.8000000024
177432277.0643,2320572.1999999974,2000008.8000000024
177432279.0643,2320572.1999999974,2000008.8000000024
177432281.0643,2288515.8999999976,2000008.8000000024
177432283.0643,2288515.8999999976,2000008.8000000024
177432285.0643,2288515.8999999976,2000008.8000000024
177432287.0643,2288515.8999999976,2000008.8000000024
177432289.0643,2288515.8999999976,2000008.8000000024
177432291.0643,2288515.8999999976,2000008.8000000024
177432293.0643,2288515.8999999976,2000008.8000000024
177432295.0643,2288515.8999999976,2000008.8000000024
177432297.0643,2288515.8999999976,2000008.8000000024
177432299.0643,2288515.8999999976,2000008.8000000024
177432301.0643,2288515.8999999976,2000008.8000000024
177432303.0643,2288515.8999999976,2000008.8000000024
177432305.0643,2288515.8999999976,2000008.8000000024
177432307.0643,2288515.8999999976,2000008.8000000024
177432309.0643,2288515.8999999976,2000008.9000000025
177432311.0643,2288515.8999999976,2000008.9000000025
177432313.0643,2288515.8999999976,2000008.9000000025
177432315.0643,2288515.8999999976,2000008.9000000025
177432317.0643,2288515.8999999976,2000008.9000000025
177432319.0643,2288515.8999999976,2000008.9000000025
177432321.0643,2288515.8999999976,2000008.9000000025
177432323.0643,2288515.8999999976,2000008.9000000025
177432325.0643,2288515.8999999976,2000008.9000000025
177432327.0643,2288515.8999999976,2000008.9000000025
177432329.0643,2288515.8999999976,2000008.9000000025
177432331.0643,2288515.8999999976,2000008.9000000025
177432333.0643,2288515.8999999976,2000008.9000000025
177432335.0643,2288515.8999999976,2000008.9000000025
177432337.0643,2288515.8999999976,2000008.9000000025
177432339.0643,2288515.8999999976,2000008.9000000025
177432341.0643,2288515.8999999976,2000008.9000000025
177432343.0643,2288515.8999999976,2000008.9000000025
177432345.0643,2288515.8999999976,2000008.9000000025
177432347.0643,2288515.8999999976,2000008.9000000025
177432349.0643,2288515.8999999976,2000008.9000000025
177432351.0643,2288515.8999999976,2000008.9000000025
177432353.0643,2288515.8999999976,2000008.9000000025
177432355.0643,2288515.8999999976,2000008.9000000025
177432357.0643,2288515.8999999976,2000008.9000000025
177432359.0643,2288515.8999999976,2000008.9000000025
177432361.0643,2288515.8999999976,2000008.9000000025
177432363.0643,2288515.8999999976,2000008.9000000025
177432365.0643,2288515.8999999976,2000008.8000000024
177432367.0643,2288515.8999999976,2000008.8000000024
177432369.0643,2288515.8999999976,2000008.8000000024
177432371.0643,2288515.8999999976,2000008.8000000024
177432373.0643,2288515.8999999976,2000008.8000000024
177432375.0643,2288515.8999999976,2000008.8000000024
177432377.0643,2288515.8999999976,2000008.8000000024
177432379.0643,2288515.8999999976,2000008.8000000024
177432381.0643,2288515.8999999976,2000008.8000000024
177432383.0643,2288515.8999999976,2000008.8000000024
177432385.0643,2288515.8999999976,2000008.8000000024
177432387.0643,2288515.8999999976,2000008.8000000024
177432389.0643,2288515.8999999976,2000008.9000000025
177432391.0643,2288515.8999999976,2000008.9000000025
177432393.0643,2288515.8999999976,2000008.9000000025
177432395.0643,2288515.8999999976,2000009.0000000026
177432397.0643,2288515.8999999976,2000009.0000000026
177432399.0643,2288515.8999999976,2000009.0000000026
177432401.0643,2288515.8999999976,2000009.0000000026
177432403.0643,2288515.8999999976,2000009.0000000026
177432405.0643,2288515.8999999976,2000009.0000000026
177432407.0643,2288515.8999999976,2000009.0000000026
177432409.0643,2288515.8999999976,2000009.0000000026
177432411.0643,2288515.8999999976,2000009.0000000026
177432413.0643,2288515.8999999976,2000009.0000000026
177432415.0643,2288515.8999999976,2000009.0000000026
177432417.0643,2288515.8999999976,2000009.0000000026
177432419.0643,2288515.8999999976,2000009.0000000026
177432421.0643,2288515.8999999976,2000009.0000000026
177432423.0643,2288515.8999999976,2000009.0000000026
177432425.0643,2288515.8999999976,2000009.0000000026
177432427.0643,2288515.8999999976,2000009.0000000026
177432429.0643,2288515.8999999976,2000009.1000000027
177432431.0643,2288515.8999999976,2000009.1000000027
177432433.0643,2288515.8999999976,2000009.1000000027
177432435.0643,2288515.8999999976,2000009.1000000027
177432437.0643,2288515.8999999976,2000009.1000000027
177432439.0643,2288515.8999999976,2000009.1000000027
177432441.0643,2288515.8999999976,2000009.1000000027
177432443.0643,2288515.8999999976,2000009.1000000027
177432445.0643,2288515.8999999976,2000009.1000000027
177432447.0643,2288515.8999999976,2000009.1000000027
177432449.0643,2288515.8999999976,2000009.1000000027
177432451.0643,2288515.8999999976,2000009.1000000027
177432453.0643,2288515.8999999976,2000009.1000000027
177432455.0643,2288515.8999999976,2000009.1000000027
177432457.0643,2288515.8999999976,2000009.1000000027
177432459.0643,2288515.8999999976,2000009.1000000027
177432461.0643,2288515.8999999976,2000009.1000000027
177432463.0643,2288515.8999999976,2000009.1000000027
177432465.0643,2288515.8999999976,2000009.1000000027
177432467.0643,2288515.8999999976,2000009.1000000027
177432469.0643,2288515.8999999976,2000009.1000000027
177432471.0643,2288515.8999999976,2000009.1000000027
177432473.0643,2288515.8999999976,2000009.1000000027
177432475.0643,2288515.8999999976,2000009.1000000027
177432477.0643,2288515.8999999976,2000009.1000000027
177432479.0643,2288515.8999999976,2000009.1000000027
177432481.0643,2288515.8999999976,2000009.1000000027
177432483.0643,2288515.8999999976,2000009.1000000027
177432485.0643,2288515.8999999976,2000009.1000000027
177432487.0643,2288515.8999999976,2000009.1000000027
177432489.0643,2288515.8999999976,2000009.1000000027
177432491.0643,2288515.8999999976,2000009.1000000027
177432493.0643,2288515.8999999976,2000009.1000000027
177432495.0643,2288515.8999999976,2000009.1000000027
177432497.0643,2288515.8999999976,2000009.1000000027
177432499.0643,2288515.8999999976,2000009.1000000027
177432501.0643,2288515.8999999976,2000009.1000000027
177432503.0643,2288515.8999999976,2000009.1000000027
177432505.0643,2288515.8999999976,2000009.1000000027
177432507.0643,2288515.8999999976,2000009.1000000027
177432509.0643,2288515.8999999976,2000009.1000000027
177432511.0643,2288515.8999999976,2000009.1000000027
177432513.0643,2288515.8999999976,2000009.1000000027
177432515.0643,2288515.8999999976,2000009.1000000027
177432517.0643,2288515.8999999976,2000009.1000000027
177432519.0643,2288515.8999999976,2000009.1000000027
177432521.0643,2288515.8999999976,2000009.1000000027
177432523.0643,2288515.8999999976,2000009.1000000027
177432525.0643,2288515.8999999976,2000009.1000000027
177432527.0643,2288515.8999999976,2000009.1000000027
177432529.0643,2288515.8999999976,2000009.1000000027
177432531.0643,2288515.8999999976,2000009.1000000027
177432533.0643,2288515.8999999976,2000009.1000000027
177432535.0643,2288515.8999999976,2000009.1000000027
177432537.0643,2288515.8999999976,2000009.1000000027
177432539.0643,2288515.8999999976,2000009.1000000027
177432541.0643,2288515.8999999976,2000009.1000000027
177432543.0643,2288515.8999999976,2000009.1000000027
177432545.0643,2288515.8999999976,2000009.1000000027
177432547.0643,2288515.8999999976,2000009.1000000027
177432549.0643,2288515.8999999976,2000009.1000000027
177432551.0643,2288515.8999999976,2000009.1000000027
177432553.0643,2288515.8999999976,2000009.1000000027
177432555.0643,2288515.8999999976,2000009.1000000027
177432557.0643,2288515.8999999976,2000009.1000000027
177432559.0643,2288515.8999999976,2000009.1000000027
177432561.0643,2288515.8999999976,2000009.1000000027
177432563.0643,2288515.8999999976,2000009.1000000027
177432565.0643,2288515.8999999976,2000009.1000000027
177432567.0643,2288515.8999999976,2000009.1000000027
177432569.0643,2288515.8999999976,2000009.1000000027
177432571.0643,2288515.8999999976,2000009.1000000027
177432573.0643,2288515.8999999976,2000009.1000000027
177432575.0643,2288515.8999999976,2000009.1000000027
177432577.0643,2288515.8999999976,2000009.1000000027
177432579.0643,2288515.8999999976,2000009.1000000027
177432581.0643,2288515.8999999976,2000009.1000000027
177432583.0643,2288515.8999999976,2000009.1000000027
177432585.0643,2288515.8999999976,2000009.1000000027
177432587.0643,2288515.8999999976,2000009.1000000027
177432589.0643,2288515.8999999976,2000009.1000000027
177432591.0643,2288515.8999999976,2000009.1000000027
177432593.0643,2288515.8999999976,2000009.1000000027
177432595.0643,2288515.8999999976,2000009.1000000027
177432597.0643,2288515.8999999976,2000009.1000000027
177432599.0643,2288515.8999999976,2000009.1000000027
177432601.0643,2288515.8999999976,2000009.1000000027
177432603.0643,2288515.8999999976,2000009.1000000027
177432605.0643,2288515.8999999976,2000009.1000000027
177432607.0643,2288515.8999999976,2000009.1000000027
177432609.0643,2288515.8999999976,2000009.1000000027
177432611.0643,2288515.8999999976,2000009.1000000027
177432613.0643,2288515.8999999976,2000009.1000000027
177432615.0643,2288515.8999999976,2000009.1000000027
177432617.1643,2288515.8999999976,2000009.1000000027
177432619.0643,2288515.8999999976,2000009.1000000027
177432621.0643,2288515.8999999976,2000009.1000000027
177432623.0643,2288515.8999999976,2000009.1000000027
177432625.0643,2288515.8999999976,2000009.1000000027
177432627.0643,2288515.8999999976,2000009.1000000027
177432629.0643,2288515.8999999976,2000009.1000000027
177432631.0643,2288515.7999999975,2000009.1000000027
177432633.0643,2288515.7999999975,2000009.1000000027
177432635.0643,2288515.8999999976,2000009.1000000027
177432637.0643,2288515.8999999976,2000009.1000000027
177432639.0643,2288515.8999999976,2000009.1000000027
177432641.0643,2288515.8999999976,2000009.1000000027
177432643.0643,2288515.8999999976,2000009.1000000027
177432645.0643,2288515.8999999976,2000009.1000000027
177432647.0643,2288515.8999999976,2000009.1000000027
177432649.0643,2288515.8999999976,2000009.1000000027
177432651.0643,2288515.8999999976,2000009.1000000027
177432653.0643,2288515.8999999976,2000009.1000000027
177432655.0643,2288515.8999999976,2000009.1000000027
177432657.0643,2288515.8999999976,2000009.1000000027
177432659.0643,2288515.8999999976,2000009.1000000027
177432661.0643,2288515.8999999976,2000009.1000000027
177432663.0643,2288515.8999999976,2000009.1000000027
177432665.0643,2288515.8999999976,2000009.1000000027
177432667.0643,2288515.8999999976,2000009.1000000027
177432669.0643,2288515.8999999976,2000009.1000000027
177432671.0643,2288515.8999999976,2000009.1000000027
177432673.0643,2288515.8999999976,2000009.1000000027
177432675.0643,2288515.8999999976,2000009.1000000027
177432677.0643,2288515.8999999976,2000009.1000000027
177432679.0643,2288515.8999999976,2000009.1000000027
177432681.0643,2288515.7999999975,2000009.1000000027
177432683.0643,2288515.7999999975,2000009.1000000027
177432685.0643,2288515.7999999975,2000009.1000000027
177432687.0643,2288515.7999999975,2000009.1000000027
177432689.0643,2288515.7999999975,2000009.1000000027
177432691.0643,2288515.7999999975,2000009.1000000027
177432693.0643,2288515.7999999975,2000009.1000000027
177432695.0643,2288515.7999999975,2000009.1000000027
177432697.0643,2288515.7999999975,2000009.1000000027
177432699.0643,2288515.7999999975,2000009.1000000027
177432701.0643,2288515.7999999975,2000009.1000000027
177432703.0643,2288515.7999999975,2000009.1000000027
177432705.0643,2288515.7999999975,2000009.1000000027
177432707.0643,2288515.7999999975,2000009.1000000027
177432709.0643,2288515.7999999975,2000009.1000000027
177432711.0643,2288515.7999999975,2000009.1000000027
177432713.0643,2288515.7999999975,2000009.1000000027
177432715.0643,2288515.7999999975,2000009.1000000027
177432717.0643,2288515.7999999975,2000009.1000000027
177432719.0643,2288515.7999999975,2000009.1000000027
177432721.0643,2288515.7999999975,2000009.1000000027
177432723.0643,2288515.7999999975,2000009.1000000027
177432725.0643,2288515.7999999975,2000009.1000000027
177432727.0643,2288515.7999999975,2000009.1000000027
177432729.0643,2288515.7999999975,2000009.1000000027
177432731.0643,2288515.7999999975,2000009.1000000027
177432733.0643,2288515.7999999975,2000009.1000000027
177432735.0643,2288515.7999999975,2000009.1000000027
177432737.0643,2288515.7999999975,2000009.1000000027
177432739.0643,2288515.7999999975,2000009.1000000027
177432741.0643,2288515.7999999975,2000009.1000000027
177432743.0643,2288515.7999999975,2000009.1000000027
177432745.0643,2288515.7999999975,2000009.1000000027
177432747.0643,2288515.7999999975,2000009.1000000027
177432749.0643,2288515.7999999975,2000009.1000000027
177432751.0643,2288515.7999999975,2000009.1000000027
177432753.0643,2288515.7999999975,2000009.1000000027
177432755.0643,2288515.7999999975,2000009.1000000027
177432757.0643,2288515.7999999975,2000009.1000000027
177432759.0643,2288515.7999999975,2000009.1000000027
177432761.0643,2288515.7999999975,2000009.1000000027
177432763.0643,2288515.7999999975,2000009.1000000027
177432765.0643,2288515.7999999975,2000009.1000000027
177432767.0643,2288515.7999999975,2000009.1000000027
177432769.0643,2288515.7999999975,2000009.1000000027
177432771.0643,2288515.7999999975,2000009.1000000027
177432773.0643,2288515.7999999975,2000009.1000000027
177432775.0643,2288515.7999999975,2000009.1000000027
177432777.0643,2288515.7999999975,2000009.1000000027
177432779.0643,2288515.7999999975,2000009.1000000027
177432781.0643,2288515.7999999975,2000009.1000000027
177432783.0643,2288515.7999999975,2000009.1000000027
177432785.0643,2288515.7999999975,2000009.1000000027
177432787.0643,2288515.7999999975,2000009.1000000027
177432789.0643,2288515.7999999975,2000009.1000000027
177432791.0643,2288515.7999999975,2000009.1000000027
177432793.0643,2288515.7999999975,2000009.1000000027
177432795.0643,2288515.7999999975,2000009.1000000027
177432797.0643,2288515.7999999975,2000009.1000000027
177432799.0643,2288515.7999999975,2000009.1000000027
177432801.0643,2288515.7999999975,2000009.1000000027
177432803.0643,2288515.7999999975,2000009.1000000027
177432805.0643,2288515.7999999975,2000009.1000000027
177432807.0643,2288515.7999999975,2000009.1000000027
177432809.0643,2288515.7999999975,2000009.1000000027
177432811.0643,2288515.7999999975,2000009.1000000027
177432813.0643,2288515.7999999975,2000009.1000000027
177432815.0643,2288515.7999999975,2000009.1000000027
177432817.0643,2288515.7999999975,2000009.1000000027
177432819.0643,2288515.7999999975,2000009.1000000027
177432821.0643,2288515.7999999975,2000009.1000000027
177432823.0643,2288515.7999999975,2000009.1000000027
177432825.0643,2288515.7999999975,2000009.1000000027
177432827.0643,2288515.7999999975,2000009.1000000027
177432829.0643,2288515.7999999975,2000009.1000000027
177432831.0643,2288515.7999999975,2000009.1000000027
177432833.0643,2288515.7999999975,2000009.1000000027
177432835.0643,2288515.7999999975,2000009.1000000027
177432837.0643,2288515.7999999975,2000009.1000000027
177432839.0643,2288515.7999999975,2000009.1000000027
177432841.0643,2288515.7999999975,2000009.1000000027
177432843.0643,2288515.7999999975,2000009.1000000027
177432845.0643,2288515.7999999975,2000009.1000000027
177432847.0643,2288515.7999999975,2000009.1000000027
177432849.0643,2288515.7999999975,2000009.1000000027
177432851.0643,2288515.7999999975,2000009.1000000027
177432853.0643,2288515.7999999975,2000009.1000000027
177432855.0643,2288515.7999999975,2000009.1000000027
177432857.0643,2288515.7999999975,2000009.1000000027
177432859.0643,2288515.7999999975,2000009.1000000027
177432861.0643,2288515.7999999975,2000009.1000000027
177432863.0643,2288515.7999999975,2000009.1000000027
177432865.0643,2288515.7999999975,2000009.1000000027
177432867.0643,2288515.7999999975,2000009.1000000027
177432869.0643,2288515.7999999975,2000009.1000000027
177432871.0643,2288515.7999999975,2000009.1000000027
177432873.0643,2288515.7999999975,2000009.1000000027
177432875.0643,2288515.7999999975,2000009.1000000027
177432877.0643,2288515.7999999975,2000009.1000000027
177432879.0643,2288515.7999999975,2000009.1000000027
177432881.0643,2288515.7999999975,2000009.1000000027
177432883.0643,2288515.7999999975,2000009.1000000027
177432885.0643,2288515.7999999975,2000009.1000000027
177432887.0643,2288515.7999999975,2000009.1000000027
177432889.0643,2288515.7999999975,2000009.1000000027
177432891.0643,2288515.7999999975,2000009.1000000027
177432893.0643,2288515.7999999975,2000009.1000000027
177432895.0643,2288515.7999999975,2000009.1000000027
177432897.0643,2288515.7999999975,2000009.1000000027
177432899.0643,2288515.7999999975,2000009.1000000027
177432901.0643,2288515.7999999975,2000009.1000000027
177432903.0643,2288515.7999999975,2000009.1000000027
177432905.0643,2288515.7999999975,2000009.1000000027
177432907.0643,2288515.7999999975,2000009.1000000027
177432909.0643,2288515.7999999975,2000009.1000000027
177432911.0643,2288515.7999999975,2000009.1000000027
177432913.0643,2288515.7999999975,2000009.1000000027
177432915.0643,2288515.7999999975,2000009.1000000027
177432917.0643,2288515.7999999975,2000009.1000000027
177432919.0643,2288515.7999999975,2000009.1000000027
177432921.0643,2288515.7999999975,2000009.1000000027
177432923.0643,2288515.7999999975,2000009.1000000027
177432925.0643,2288515.7999999975,2000009.1000000027
177432927.0643,2288515.7999999975,2000009.1000000027
177432929.0643,2288515.7999999975,2000009.1000000027
177432931.0643,2288515.7999999975,2000009.1000000027
177432933.0643,2288515.7999999975,2000009.1000000027
177432935.0643,2288515.7999999975,2000009.1000000027
177432937.0643,2288515.7999999975,2000009.1000000027
177432939.0643,2288515.7999999975,2000009.1000000027
177432941.0643,2288515.7999999975,2000009.1000000027
177432943.0643,2288515.7999999975,2000009.1000000027
177432945.0643,2288515.7999999975,2000009.1000000027
177432947.0643,2288515.7999999975,2000009.1000000027
177432949.0643,2288515.7999999975,2000009.1000000027
177432951.0643,2288515.7999999975,2000009.1000000027
177432953.0643,2288515.7999999975,2000009.1000000027
177432955.0643,2288515.7999999975,2000009.1000000027
177432957.0643,2288515.7999999975,2000009.1000000027
177432959.0643,2288515.7999999975,2000009.1000000027
177432961.0643,2288515.7999999975,2000009.1000000027
177432963.0643,2288515.7999999975,2000009.1000000027
177432965.0643,2288515.7999999975,2000009.1000000027
177432967.0643,2288515.7999999975,2000009.1000000027
177432969.0643,2288515.7999999975,2000009.1000000027
177432971.0643,2288515.7999999975,2000009.1000000027
177432973.0643,2288515.7999999975,2000009.1000000027
177432975.0643,2288515.7999999975,2000009.1000000027
177432977.0643,2288515.7999999975,2000009.1000000027
177432979.0643,2288515.7999999975,2000009.1000000027
177432981.0643,2288515.7999999975,2000009.1000000027
177432983.0643,2288515.7999999975,2000009.1000000027
177432985.0643,2288515.7999999975,2000009.1000000027
177432987.0643,2288515.7999999975,2000009.1000000027
177432989.0643,2288515.7999999975,2000009.1000000027
177432991.0643,2288515.7999999975,2000009.1000000027
177432993.0643,2288515.7999999975,2000009.1000000027
177432995.0643,2288515.7999999975,2000009.1000000027
177432997.0643,2288515.7999999975,2000009.1000000027
177432999.0643,2288515.7999999975,2000009.1000000027
177433001.0643,2288515.7999999975,2000009.1000000027
177433003.0643,2288515.7999999975,2000009.1000000027
177433005.0643,2288515.7999999975,2000009.1000000027
177433007.0643,2288515.7999999975,2000009.1000000027
177433009.0643,2288515.7999999975,2000009.1000000027
177433011.0643,2288515.7999999975,2000009.1000000027
177433013.0643,2288515.7999999975,2000009.1000000027
177433015.0643,2288515.7999999975,2000009.1000000027
177433017.0643,2288515.7999999975,2000009.1000000027
177433019.0643,2288515.7999999975,2000009.1000000027
177433021.0643,2288515.7999999975,2000009.1000000027
177433023.0643,2288515.7999999975,2000009.1000000027
177433025.0643,2288515.6999999974,2000009.1000000027
177433027.0643,2288515.6999999974,2000009.1000000027
177433029.0643,2288515.6999999974,2000009.1000000027
177433031.0643,2288515.6999999974,2000009.1000000027
177433033.0643,2288515.6999999974,2000009.1000000027
177433035.0643,2288515.6999999974,2000009.1000000027
177433037.0643,2288515.6999999974,2000009.1000000027
177433039.0643,2288515.6999999974,2000009.1000000027
177433041.0643,2288515.6999999974,2000009.1000000027
177433043.0643,2288515.6999999974,2000009.1000000027
177433045.0643,2288515.6999999974,2000009.1000000027
177433047.0643,2288515.6999999974,2000009.1000000027
177433049.0643,2288515.6999999974,2000009.1000000027
177433051.0643,2288515.6999999974,2000009.1000000027
177433053.0643,2288515.6999999974,2000009.1000000027
177433055.0643,2288515.6999999974,2000009.1000000027
177433057.0643,2288515.6999999974,2000009.1000000027
177433059.0643,2288515.6999999974,2000009.1000000027
177433061.0643,2288515.6999999974,2000009.1000000027
177433063.0643,2288515.6999999974,2000009.1000000027
177433065.0643,2288515.6999999974,2000009.1000000027
177433067.0643,2288515.6999999974,2000009.1000000027
177433069.0643,2288515.6999999974,2000009.1000000027
177433071.0643,2288515.6999999974,2000009.1000000027
177433073.0643,2288515.6999999974,2000009.1000000027
177433075.0643,2288515.6999999974,2000009.1000000027
177433077.0643,2288515.6999999974,2000009.1000000027
177433079.0643,2288515.6999999974,2000009.1000000027
177433081.0643,2288515.6999999974,2000009.1000000027
177433083.0643,2288515.6999999974,2000009.1000000027
177433085.0643,2288515.6999999974,2000009.1000000027
177433087.0643,2288515.6999999974,2000009.1000000027
177433089.0643,2288515.6999999974,2000009.1000000027
177433091.0643,2288515.6999999974,2000009.1000000027
177433093.0643,2288515.6999999974,2000009.1000000027
177433095.0643,2288515.6999999974,2000009.1000000027
177433097.0643,2288515.6999999974,2000009.1000000027
177433099.0643,2288515.6999999974,2000009.1000000027
177433101.0643,2288515.6999999974,2000009.1000000027
177433103.0643,2288515.6999999974,2000009.1000000027
177433105.0643,2288515.6999999974,2000009.1000000027
177433107.0643,2288515.6999999974,2000009.1000000027
177433109.0643,2288515.6999999974,2000009.1000000027
177433111.0643,2288515.6999999974,2000009.1000000027
177433113.0643,2288515.6999999974,2000009.1000000027
177433115.0643,2288515.6999999974,2000009.1000000027
177433117.0643,2288515.6999999974,2000009.1000000027
177433119.0643,2288515.6999999974,2000009.1000000027
177433121.0643,2288515.6999999974,2000009.1000000027
177433123.0643,2288515.6999999974,2000009.1000000027
177433125.0643,2288515.6999999974,2000009.1000000027
177433127.0643,2288515.6999999974,2000009.1000000027
177433129.0643,2288515.6999999974,2000009.1000000027
177433131.0643,2288515.6999999974,2000009.1000000027
177433133.0643,2288515.6999999974,2000009.1000000027
177433135.0643,2288515.6999999974,2000009.1000000027
177433137.0643,2288515.6999999974,2000009.1000000027
177433139.0643,2288515.6999999974,2000009.1000000027
177433141.0643,2288515.6999999974,2000009.1000000027
177433143.0643,2288515.6999999974,2000009.1000000027
177433145.0643,2288515.6999999974,2000009.1000000027
177433147.0643,2288515.6999999974,2000009.1000000027
177433149.0643,2288515.6999999974,2000009.1000000027
177433151.0643,2288515.6999999974,2000009.1000000027
177433153.0643,2288515.6999999974,2000009.1000000027
177433155.0643,2288515.6999999974,2000009.1000000027
177433157.0643,2288515.6999999974,2000009.1000000027
177433159.0643,2288515.6999999974,2000009.1000000027
177433161.0643,2288515.6999999974,2000009.1000000027
177433163.0643,2288515.6999999974,2000009.1000000027
177433165.0643,2288515.6999999974,2000009.1000000027
177433167.0643,2288515.6999999974,2000009.1000000027
177433169.0643,2288515.6999999974,2000009.1000000027
177433171.0643,2288515.6999999974,2000009.1000000027
177433173.0643,2288515.6999999974,2000009.1000000027
177433175.0643,2288515.6999999974,2000009.1000000027
177433177.0643,2288515.6999999974,2000009.1000000027
177433179.0643,2288515.6999999974,2000009.1000000027
177433181.0643,2288515.6999999974,2000009.1000000027
177433183.0643,2288515.6999999974,2000009.1000000027
177433185.0643,2288515.6999999974,2000009.1000000027
177433187.0643,2288515.6999999974,2000009.1000000027
177433189.0643,2288515.6999999974,2000009.1000000027
177433191.0643,2288515.6999999974,2000009.1000000027
177433193.0643,2288515.6999999974,2000009.1000000027
177433195.0643,2288515.6999999974,2000009.2000000027
177433197.0643,2288515.6999999974,2000009.2000000027
177433199.0643,2288515.6999999974,2000009.2000000027
177433201.0643,2288515.6999999974,2000009.2000000027
177433203.0643,2288515.6999999974,2000009.2000000027
177433205.0643,2288515.6999999974,2000009.2000000027
177433207.0643,2288515.6999999974,2000009.2000000027
177433209.0643,2288515.6999999974,2000009.2000000027
177433211.0643,2288515.6999999974,2000009.2000000027
177433213.0643,2288515.6999999974,2000009.2000000027
177433215.0643,2288515.6999999974,2000009.2000000027
177433217.0643,2288515.6999999974,2000009.2000000027
177433219.0643,2288515.6999999974,2000009.2000000027
177433221.0643,2288515.6999999974,2000009.2000000027
177433223.0643,2288515.6999999974,2000009.2000000027
177433225.0643,2288515.6999999974,2000009.2000000027
177433227.0643,2288515.6999999974,2000009.2000000027
177433229.0643,2288515.6999999974,2000009.2000000027
177433231.0643,2288515.6999999974,2000009.2000000027
177433233.0643,2288515.6999999974,2000009.2000000027
177433235.0643,2288515.6999999974,2000009.2000000027
177433237.0643,2288515.6999999974,2000009.2000000027
177433239.0643,2288515.6999999974,2000009.2000000027
177433241.0643,2288515.6999999974,2000009.2000000027
177433243.0643,2288515.6999999974,2000009.2000000027
177433245.0643,2288515.6999999974,2000009.2000000027
177433247.0643,2288515.6999999974,2000009.2000000027
177433249.0643,2288515.6999999974,2000009.2000000027
177433251.0643,2288515.6999999974,2000009.2000000027
177433253.0643,2288515.6999999974,2000009.2000000027
177433255.0643,2288515.6999999974,2000009.2000000027
177433257.0643,2288515.6999999974,2000009.2000000027
177433259.0643,2288515.6999999974,2000009.2000000027
177433261.0643,2288515.6999999974,2000009.2000000027
177433263.0643,2288515.6999999974,2000009.2000000027
177433265.0643,2288515.6999999974,2000009.2000000027
177433267.0643,2288515.6999999974,2000009.2000000027
177433269.0643,2288515.6999999974,2000009.2000000027
177433271.0643,2288515.6999999974,2000009.2000000027
177433273.0643,2288515.6999999974,2000009.2000000027
177433275.0643,2288515.6999999974,2000009.2000000027
177433277.0643,2288515.6999999974,2000009.2000000027
177433279.0643,2288515.6999999974,2000009.2000000027
177433281.0643,2288515.6999999974,2000009.2000000027
177433283.0643,2288515.6999999974,2000009.2000000027
177433285.0643,2288515.6999999974,2000009.2000000027
177433287.0643,2288515.6999999974,2000009.2000000027
177433289.0643,2288515.6999999974,2000009.2000000027
177433291.0643,2288515.6999999974,2000009.2000000027
177433293.0643,2288515.6999999974,2000009.3000000028
177433295.1643,2288515.6999999974,2000009.3000000028
177433297.0643,2288515.6999999974,2000009.3000000028
177433299.0643,2288515.6999999974,2000009.3000000028
177433301.0643,2288515.6999999974,2000009.3000000028
177433303.0643,2288515.6999999974,2000009.3000000028
177433305.0643,2288515.6999999974,2000009.3000000028
177433307.0643,2288515.6999999974,2000009.3000000028
177433309.0643,2288515.6999999974,2000009.3000000028
177433311.0643,2288515.6999999974,2000009.3000000028
177433313.0643,2288515.6999999974,2000009.3000000028
177433315.0643,2288515.6999999974,2000009.3000000028
177433317.0643,2288515.6999999974,2000009.3000000028
177433319.0643,2288515.6999999974,2000009.3000000028
177433321.0643,2288515.6999999974,2000009.3000000028
177433323.0643,2288515.6999999974,2000009.3000000028
177433325.0643,2288515.6999999974,2000009.3000000028
177433327.0643,2288515.6999999974,2000009.3000000028
177433329.0643,2288515.6999999974,2000009.3000000028
177433331.0643,2288515.6999999974,2000009.3000000028
177433333.0643,2288515.6999999974,2000009.3000000028
177433335.0643,2288515.6999999974,2000009.3000000028
177433337.0643,2288515.6999999974,2000009.3000000028
177433339.0643,2288515.6999999974,2000009.3000000028
177433341.0643,2288515.6999999974,2000009.3000000028
177433343.0643,2288515.6999999974,2000009.3000000028
177433345.0643,2288515.6999999974,2000009.3000000028
177433347.0643,2288515.6999999974,2000009.3000000028
177433349.0643,2288515.6999999974,2000009.3000000028
177433351.0643,2288515.6999999974,2000009.3000000028
177433353.0643,2288515.6999999974,2000009.3000000028
177433355.0643,2288515.6999999974,2000009.3000000028
177433357.0643,2288515.6999999974,2000009.3000000028
177433359.0643,2288515.6999999974,2000009.3000000028
177433361.0643,2288515.6999999974,2000009.3000000028
177433363.0643,2288515.6999999974,2000009.3000000028
177433365.0643,2288515.6999999974,2000009.3000000028
177433367.0643,2288515.6999999974,2000009.3000000028
177433369.0643,2288515.6999999974,2000009.3000000028
177433371.0643,2288515.6999999974,2000009.3000000028
177433373.0643,2288515.6999999974,2000009.3000000028
177433375.0643,2288515.6999999974,2000009.3000000028
177433377.0643,2288515.6999999974,2000009.3000000028
177433379.0643,2288515.6999999974,2000009.3000000028
177433381.0643,2288515.6999999974,2000009.3000000028
177433383.0643,2288515.6999999974,2000009.3000000028
177433385.0643,2288515.6999999974,2000009.3000000028
177433387.0643,2288515.6999999974,2000009.3000000028
177433389.0643,2288515.6999999974,2000009.3000000028
177433391.0643,2288515.6999999974,2000009.3000000028
177433393.0643,2288515.6999999974,2000009.3000000028
177433395.0643,2288515.6999999974,2000009.3000000028
177433397.0643,2288515.6999999974,2000009.3000000028
177433399.0643,2288515.6999999974,2000009.3000000028
177433401.0643,2288515.6999999974,2000009.3000000028
177433403.0643,2288515.6999999974,2000009.3000000028
177433405.0643,2288515.6999999974,2000009.3000000028
177433407.0643,2288515.6999999974,2000009.3000000028
177433409.0643,2288515.6999999974,2000009.3000000028
177433411.0643,2288515.6999999974,2000009.3000000028
177433413.0643,2288515.6999999974,2000009.3000000028
177433415.0643,2288515.6999999974,2000009.3000000028
177433417.0643,2288515.6999999974,2000009.3000000028
177433419.0643,2288515.6999999974,2000009.3000000028
177433421.0643,2288515.6999999974,2000009.3000000028
177433423.0643,2288515.6999999974,2000009.3000000028
177433425.0643,2288515.6999999974,2000009.3000000028
177433427.0643,2288515.6999999974,2000009.3000000028
177433429.0643,2288515.6999999974,2000009.3000000028
177433431.0643,2288515.6999999974,2000009.3000000028
177433433.0643,2288515.6999999974,2000009.3000000028
177433435.0643,2288515.6999999974,2000009.3000000028
177433437.0643,2288515.6999999974,2000009.3000000028
177433439.0643,2288515.6999999974,2000009.3000000028
177433441.0643,2288515.6999999974,2000009.3000000028
177433443.0643,2288515.6999999974,2000009.3000000028
177433445.0643,2288515.6999999974,2000009.3000000028
177433447.0643,2288515.6999999974,2000009.3000000028
177433449.0643,2288515.6999999974,2000009.3000000028
177433451.0643,2288515.6999999974,2000009.3000000028
177433453.0643,2288515.6999999974,2000009.3000000028
177433455.0643,2288515.6999999974,2000009.3000000028
177433457.0643,2288515.6999999974,2000009.3000000028
177433459.0643,2288515.6999999974,2000009.3000000028
177433461.0643,2288515.6999999974,2000009.3000000028
177433463.0643,2288515.6999999974,2000009.3000000028
177433465.0643,2288515.6999999974,2000009.3000000028
177433467.0643,2288515.6999999974,2000009.3000000028
177433469.0643,2288515.6999999974,2000009.3000000028
177433471.0643,2288515.6999999974,2000009.3000000028
177433473.0643,2288515.6999999974,2000009.3000000028
177433475.0643,2288515.6999999974,2000009.3000000028
177433477.0643,2288515.6999999974,2000009.3000000028
177433479.0643,2288515.6999999974,2000009.3000000028
177433481.0643,2288515.6999999974,2000009.3000000028
177433483.0643,2288515.6999999974,2000009.3000000028
177433485.0643,2288515.6999999974,2000009.3000000028
177433487.0643,2288515.6999999974,2000009.3000000028
177433489.0643,2288515.6999999974,2000009.3000000028
177433491.0643,2288515.6999999974,2000009.3000000028
177433493.0643,2288515.6999999974,2000009.3000000028
177433495.0643,2288515.6999999974,2000009.3000000028
177433497.0643,2288515.6999999974,2000009.3000000028
177433499.0643,2288515.6999999974,2000009.3000000028
177433501.0643,2288515.6999999974,2000009.3000000028
177433503.0643,2288515.6999999974,2000009.3000000028
177433505.0643,2288515.6999999974,2000009.3000000028
177433507.0643,2288515.6999999974,2000009.3000000028
177433509.0643,2288515.6999999974,2000009.3000000028
177433511.0643,2288515.6999999974,2000009.3000000028
177433513.0643,2288515.6999999974,2000009.3000000028
177433515.0643,2288515.6999999974,2000009.3000000028
177433517.0643,2288515.6999999974,2000009.3000000028
177433519.0643,2288515.6999999974,2000009.3000000028
177433521.0643,2288515.6999999974,2000009.3000000028
177433523.0643,2288515.6999999974,2000009.3000000028
177433525.0643,2288515.6999999974,2000009.3000000028
177433527.0643,2288515.6999999974,2000009.3000000028
177433529.0643,2288515.6999999974,2000009.3000000028
177433531.0643,2288515.6999999974,2000009.3000000028
177433533.0643,2288515.6999999974,2000009.3000000028
177433535.0643,2288515.6999999974,2000009.3000000028
177433537.0643,2288515.6999999974,2000009.3000000028
177433539.0643,2288515.6999999974,2000009.3000000028
177433541.0643,2288515.6999999974,2000009.3000000028
177433543.0643,2288515.6999999974,2000009.3000000028
177433545.0643,2288515.6999999974,2000009.3000000028
177433547.0643,2288515.6999999974,2000009.3000000028
177433549.0643,2288515.6999999974,2000009.3000000028
177433551.0643,2288515.6999999974,2000009.3000000028
177433553.0643,2288515.5999999973,2000009.3000000028
177433555.0643,2288515.5999999973,2000009.3000000028
177433557.0643,2288515.5999999973,2000009.3000000028
177433559.0643,2288515.5999999973,2000009.3000000028
177433561.0643,2288515.5999999973,2000009.3000000028
177433563.0643,2288515.5999999973,2000009.3000000028
177433565.0643,2288515.5999999973,2000009.3000000028
177433567.0643,2288515.5999999973,2000009.3000000028
177433569.0643,2288515.5999999973,2000009.3000000028
177433571.0643,2288515.5999999973,2000009.3000000028
177433573.0643,2288515.5999999973,2000009.3000000028
177433575.0643,2288515.5999999973,2000009.3000000028
177433577.0643,2288515.5999999973,2000009.3000000028
177433579.0643,2288515.5999999973,2000009.3000000028
177433581.0643,2288515.5999999973,2000009.3000000028
177433583.0643,2288515.5999999973,2000009.3000000028
177433585.0643,2288515.5999999973,2000009.3000000028
177433587.0643,2288515.5999999973,2000009.3000000028
177433589.0643,2288515.5999999973,2000009.3000000028
177433591.0643,2288515.5999999973,2000009.3000000028
177433593.0643,2288515.5999999973,2000009.3000000028
177433595.0643,2288515.5999999973,2000009.3000000028
177433597.0643,2288515.5999999973,2000009.3000000028
177433599.0643,2288515.5999999973,2000009.3000000028
177433601.0643,2288515.5999999973,2000009.3000000028
177433603.0643,2288515.5999999973,2000009.3000000028
177433605.0643,2288515.5999999973,2000009.3000000028
177433607.0643,2288515.5999999973,2000009.3000000028
177433609.0643,2288515.5999999973,2000009.3000000028
177433611.0643,2288515.5999999973,2000009.3000000028
177433613.0643,2288515.5999999973,2000009.3000000028
177433615.0643,2288515.5999999973,2000009.3000000028
177433617.0643,2288515.5999999973,2000009.3000000028
177433619.0643,2288515.5999999973,2000009.3000000028
177433621.0643,2288515.5999999973,2000009.3000000028
177433623.0643,2288515.5999999973,2000009.3000000028
177433625.0643,2288515.5999999973,2000009.3000000028
177433627.0643,2288515.5999999973,2000009.3000000028
177433629.0643,2288515.5999999973,2000009.3000000028
177433631.0643,2288515.5999999973,2000009.3000000028
177433633.0643,2288515.5999999973,2000009.400000003
177433635.0643,2288515.5999999973,2000009.400000003
177433637.0643,2288515.5999999973,2000009.400000003
177433639.0643,2288515.5999999973,2000009.400000003
177433641.0643,2288515.5999999973,2000009.400000003
177433643.0643,2288515.5999999973,2000009.400000003
177433645.0643,2288515.5999999973,2000009.400000003
177433647.0643,2288515.5999999973,2000009.400000003
177433649.0643,2288515.5999999973,2000009.400000003
177433651.0643,2288515.5999999973,2000009.400000003
177433653.0643,2288515.5999999973,2000009.400000003
177433655.0643,2288515.5999999973,2000009.400000003
177433657.0643,2288515.5999999973,2000009.400000003
177433659.0643,2288515.499999997,2000009.400000003
177433661.0643,2288515.499999997,2000009.400000003
177433663.0643,2288515.499999997,2000009.400000003
177433665.0643,2288515.499999997,2000009.400000003
177433667.0643,2288515.499999997,2000009.400000003
177433669.0643,2288515.499999997,2000009.400000003
177433671.0643,2288515.499999997,2000009.400000003
177433673.0643,2288515.499999997,2000009.400000003
177433675.0643,2288515.499999997,2000009.400000003
177433677.0643,2288515.499999997,2000009.400000003
177433679.0643,2288515.499999997,2000009.400000003
177433681.0643,2288515.499999997,2000009.400000003
177433683.0643,2288515.499999997,2000009.400000003
177433685.0643,2288515.499999997,2000009.400000003
177433687.0643,2288515.499999997,2000009.400000003
177433689.0643,2288515.499999997,2000009.400000003
177433691.0643,2288515.499999997,2000009.400000003
177433693.0643,2288515.499999997,2000009.400000003
177433695.0643,2288515.499999997,2000009.400000003
177433697.0643,2288515.499999997,2000009.400000003
177433699.0643,2288515.499999997,2000009.400000003
177433701.0643,2288515.499999997,2000009.400000003
177433703.0643,2288515.499999997,2000009.400000003
177433705.0643,2288515.499999997,2000009.400000003
177433707.0643,2288515.499999997,2000009.400000003
177433709.0643,2288515.499999997,2000009.400000003
177433711.0643,2288515.499999997,2000009.400000003
177433713.0643,2288515.499999997,2000009.400000003
177433715.0643,2288515.499999997,2000009.400000003
177433717.0643,2288515.499999997,2000009.400000003
177433719.0643,2288515.499999997,2000009.400000003
177433721.0643,2288515.499999997,2000009.400000003
177433723.0643,2288515.499999997,2000009.400000003
177433725.0643,2288515.499999997,2000009.400000003
177433727.0643,2288515.499999997,2000009.400000003
177433729.0643,2288515.499999997,2000009.400000003
177433731.0643,2288515.499999997,2000009.400000003
177433733.0643,2288515.499999997,2000009.400000003
177433735.0643,2288515.499999997,2000009.400000003
177433737.0643,2288515.499999997,2000009.400000003
177433739.0643,2288515.499999997,2000009.400000003
177433741.0643,2288515.499999997,2000009.400000003
177433743.0643,2288515.499999997,2000009.400000003
177433745.0643,2288515.499999997,2000009.400000003
177433747.0643,2288515.499999997,2000009.400000003
177433749.0643,2288515.499999997,2000009.400000003
177433751.0643,2288515.499999997,2000009.400000003
177433753.0643,2288515.499999997,2000009.400000003
177433755.0643,2288515.499999997,2000009.400000003
177433757.0643,2288515.499999997,2000009.400000003
177433759.0643,2288515.499999997,2000009.400000003
177433761.0643,2288515.499999997,2000009.400000003
177433763.0643,2288515.499999997,2000009.400000003
177433765.0643,2288515.499999997,2000009.400000003
177433767.0643,2288515.499999997,2000009.400000003
177433769.0643,2288515.499999997,2000009.400000003
177433771.0643,2288515.499999997,2000009.400000003
177433773.0643,2288515.499999997,2000009.400000003
177433775.0643,2288515.499999997,2000009.400000003
177433777.0643,2288515.499999997,2000009.400000003
177433779.0643,2288515.499999997,2000009.400000003
177433781.0643,2288515.499999997,2000009.400000003
177433783.0643,2288515.499999997,2000009.400000003
177433785.0643,2288515.499999997,2000009.400000003
177433787.0643,2288515.499999997,2000009.400000003
177433789.0643,2288515.499999997,2000009.400000003
177433791.0643,2288515.499999997,2000009.400000003
177433793.0643,2288515.499999997,2000009.400000003
177433795.0643,2288515.499999997,2000009.400000003
177433797.0643,2288515.499999997,2000009.400000003
177433799.0643,2288515.499999997,2000009.400000003
177433801.0643,2288515.499999997,2000009.400000003
177433803.0643,2288515.499999997,2000009.400000003
177433805.0643,2288515.499999997,2000009.400000003
177433807.0643,2288515.499999997,2000009.400000003
177433809.0643,2288515.499999997,2000009.400000003
177433811.0643,2288515.499999997,2000009.400000003
177433813.0643,2288515.499999997,2000009.400000003
177433815.0643,2288515.499999997,2000009.400000003
177433817.0643,2288515.499999997,2000009.400000003
177433819.0643,2288515.499999997,2000009.400000003
177433821.0643,2288515.499999997,2000009.400000003
177433823.0643,2288515.499999997,2000009.400000003
177433825.0643,2288515.499999997,2000009.400000003
177433827.0643,2288515.499999997,2000009.400000003
177433829.0643,2288515.499999997,2000009.400000003
177433831.0643,2288515.499999997,2000009.400000003
177433833.0643,2288515.499999997,2000009.400000003
177433835.0643,2288515.499999997,2000009.400000003
177433837.0643,2288515.499999997,2000009.400000003
177433839.0643,2288515.499999997,2000009.400000003
177433841.0643,2288515.499999997,2000009.400000003
177433843.0643,2288515.499999997,2000009.400000003
177433845.0643,2288515.499999997,2000009.400000003
177433847.0643,2288515.499999997,2000009.400000003
177433849.0643,2288515.499999997,2000009.400000003
177433851.0643,2288515.499999997,2000009.400000003
177433853.0643,2288515.499999997,2000009.400000003
177433855.0643,2288515.499999997,2000009.400000003
177433857.0643,2288515.499999997,2000009.400000003
177433859.0643,2288515.499999997,2000009.400000003
177433861.0643,2288515.499999997,2000009.400000003
177433863.0643,2288515.499999997,2000009.400000003
177433865.0643,2288515.499999997,2000009.400000003
177433867.0643,2288515.499999997,2000009.400000003
177433869.0643,2288515.499999997,2000009.400000003
177433871.0643,2288515.499999997,2000009.400000003
177433873.0643,2288515.499999997,2000009.400000003
177433875.0643,2288515.499999997,2000009.400000003
177433877.0643,2288515.499999997,2000009.400000003
177433879.0643,2288515.499999997,2000009.500000003
177433881.0643,2288515.499999997,2000009.500000003
177433883.0643,2288515.499999997,2000009.500000003
177433885.0643,2288515.499999997,2000009.500000003
177433887.0643,2288515.499999997,2000009.500000003
177433889.0643,2288515.499999997,2000009.500000003
177433891.0643,2288515.499999997,2000009.500000003
177433893.0643,2288515.499999997,2000009.500000003
177433895.0643,2288515.499999997,2000009.500000003
177433897.0643,2288515.499999997,2000009.500000003
177433899.0643,2288515.499999997,2000009.500000003
177433901.0643,2288515.399999997,2000009.500000003
177433903.0643,2288515.399999997,2000009.500000003
177433905.0643,2288515.399999997,2000009.500000003
177433907.0643,2288515.399999997,2000009.500000003
177433909.0643,2288515.399999997,2000009.500000003
177433911.0643,2288515.399999997,2000009.500000003
177433913.0643,2288515.399999997,2000009.500000003
177433915.0643,2288515.399999997,2000009.500000003
177433917.0643,2288515.399999997,2000009.500000003
177433919.0643,2288515.399999997,2000009.500000003
177433921.0643,2288515.399999997,2000009.500000003
177433923.0643,2288515.399999997,2000009.500000003
177433925.0643,2288515.399999997,2000009.500000003
177433927.0643,2288515.399999997,2000009.500000003
177433929.0643,2288515.399999997,2000009.500000003
177433931.0643,2288515.399999997,2000009.500000003
177433933.0643,2288515.399999997,2000009.500000003
177433935.0643,2288515.399999997,2000009.500000003
177433937.0643,2288515.399999997,2000009.500000003
177433939.0643,2288515.399999997,2000009.500000003
177433941.0643,2288515.399999997,2000009.500000003
177433943.0643,2288515.399999997,2000009.500000003
177433945.0643,2288515.399999997,2000009.500000003
177433947.0643,2288515.399999997,2000009.500000003
177433949.0643,2288515.399999997,2000009.500000003
177433951.0643,2288515.399999997,2000009.500000003
177433953.0643,2288515.399999997,2000009.500000003
177433955.0643,2288515.399999997,2000009.500000003
177433957.0643,2288515.399999997,2000009.500000003
177433959.0643,2288515.399999997,2000009.500000003
177433961.0643,2288515.399999997,2000009.500000003
177433963.0643,2288515.399999997,2000009.500000003
177433965.0643,2288515.399999997,2000009.500000003
177433967.0643,2288515.399999997,2000009.500000003
177433969.0643,2288515.399999997,2000009.500000003
177433971.0643,2288515.399999997,2000009.500000003
177433973.0643,2288515.399999997,2000009.500000003
177433975.0643,2288515.399999997,2000009.500000003
177433977.0643,2288515.399999997,2000009.500000003
177433979.0643,2288515.399999997,2000009.500000003
177433981.0643,2288515.399999997,2000009.500000003
177433983.0643,2288515.399999997,2000009.500000003
177433985.0643,2288515.399999997,2000009.500000003
177433987.0643,2288515.399999997,2000009.500000003
177433989.0643,2288515.399999997,2000009.500000003
177433991.0643,2288515.399999997,2000009.500000003
177433993.0643,2288515.399999997,2000009.500000003
177433995.0643,2288515.399999997,2000009.500000003
177433997.0643,2288515.399999997,2000009.500000003
177433999.0643,2288515.399999997,2000009.500000003
177434001.0643,2288515.399999997,2000009.500000003
177434003.0643,2288515.399999997,2000009.500000003
177434005.0643,2288515.399999997,2000009.500000003
177434007.0643,2288515.399999997,2000009.500000003
177434009.0643,2288515.399999997,2000009.500000003
177434011.0643,2288515.399999997,2000009.500000003
177434013.0643,2288515.399999997,2000009.500000003
177434015.0643,2288515.399999997,2000009.500000003
177434017.0643,2288515.399999997,2000009.500000003
177434019.0643,2288515.399999997,2000009.500000003
177434021.0643,2288515.399999997,2000009.500000003
177434023.0643,2288515.399999997,2000009.500000003
177434025.0643,2288515.399999997,2000009.500000003
177434027.0643,2288515.399999997,2000009.500000003
177434029.0643,2288515.399999997,2000009.500000003
177434031.0643,2288515.399999997,2000009.500000003
177434033.0643,2288515.399999997,2000009.500000003
177434035.0643,2288515.399999997,2000009.500000003
177434037.0643,2288515.399999997,2000009.500000003
177434039.0643,2288515.399999997,2000009.500000003
177434041.0643,2288515.399999997,2000009.500000003
177434043.0643,2288515.399999997,2000009.500000003
177434045.0643,2288515.399999997,2000009.500000003
177434047.0643,2288515.399999997,2000009.500000003
177434049.0643,2288515.399999997,2000009.500000003
177434051.0643,2288515.399999997,2000009.500000003
177434053.0643,2288515.399999997,2000009.500000003
177434055.0643,2288515.399999997,2000009.500000003
177434057.0643,2288515.399999997,2000009.500000003
177434059.0643,2288515.399999997,2000009.500000003
177434061.0643,2288515.399999997,2000009.500000003
177434063.0643,2288515.399999997,2000009.500000003
177434065.0643,2288515.399999997,2000009.500000003
177434067.0643,2288515.399999997,2000009.500000003
177434069.0643,2288515.399999997,2000009.500000003
177434071.0643,2288515.399999997,2000009.500000003
177434073.0643,2288515.399999997,2000009.500000003
177434075.0643,2288515.399999997,2000009.500000003
177434077.0643,2288515.399999997,2000009.500000003
177434079.0643,2288515.399999997,2000009.500000003
177434081.0643,2288515.399999997,2000009.500000003
177434083.0643,2288515.399999997,2000009.500000003
177434085.0643,2288515.399999997,2000009.500000003
177434087.0643,2288515.399999997,2000009.500000003
177434089.0643,2288515.399999997,2000009.500000003
177434091.0643,2288515.399999997,2000009.500000003
177434093.0643,2288515.399999997,2000009.500000003
177434095.0643,2288515.399999997,2000009.500000003
177434097.0643,2288515.399999997,2000009.500000003
177434099.0643,2288515.399999997,2000009.500000003
177434101.0643,2288515.399999997,2000009.500000003
177434103.0643,2288515.399999997,2000009.500000003
177434105.0643,2288515.399999997,2000009.500000003
177434107.0643,2288515.399999997,2000009.500000003
177434109.0643,2288515.399999997,2000009.500000003
177434111.0643,2288515.399999997,2000009.500000003
177434113.0643,2288515.399999997,2000009.500000003
177434115.0643,2288515.399999997,2000009.500000003
177434117.0643,2288515.399999997,2000009.500000003
177434119.0643,2288515.399999997,2000009.500000003
177434121.0643,2288515.399999997,2000009.500000003
177434123.0643,2288515.399999997,2000009.500000003
177434125.0643,2288515.399999997,2000009.500000003
177434127.0643,2288515.399999997,2000009.500000003
177434129.0643,2288515.299999997,2000009.500000003
177434131.0643,2288515.299999997,2000009.500000003
177434133.0643,2288515.299999997,2000009.500000003
177434135.0643,2288515.299999997,2000009.500000003
177434137.0643,2288515.299999997,2000009.500000003
177434139.0643,2288515.299999997,2000009.500000003
177434141.0643,2288515.299999997,2000009.500000003
177434143.0643,2288515.299999997,2000009.500000003
177434145.0643,2288515.299999997,2000009.500000003
177434147.0643,2288515.299999997,2000009.500000003
177434149.0643,2288515.299999997,2000009.500000003
177434151.0643,2288515.299999997,2000009.500000003
177434153.0643,2288515.299999997,2000009.500000003
177434155.0643,2288515.299999997,2000009.500000003
177434157.0643,2288515.299999997,2000009.500000003
177434159.0643,2288515.299999997,2000009.500000003
177434161.0643,2288515.299999997,2000009.500000003
177434163.0643,2288515.299999997,2000009.500000003
177434165.0643,2288515.299999997,2000009.500000003
177434167.0643,2288515.299999997,2000009.500000003
177434169.0643,2288515.299999997,2000009.500000003
177434171.0643,2288515.299999997,2000009.500000003
177434173.0643,2288515.299999997,2000009.500000003
177434175.0643,2288515.299999997,2000009.6000000031
177434177.0643,2288515.299999997,2000009.6000000031
177434179.0643,2288515.299999997,2000009.6000000031
177434181.0643,2288515.299999997,2000009.6000000031
177434183.0643,2288515.299999997,2000009.6000000031
177434185.0643,2288515.299999997,2000009.6000000031
177434187.0643,2288515.299999997,2000009.6000000031
177434189.0643,2288515.299999997,2000009.6000000031
177434191.0643,2288515.299999997,2000009.6000000031
177434193.0643,2288515.299999997,2000009.6000000031
177434195.0643,2288515.299999997,2000009.6000000031
177434197.0643,2288515.299999997,2000009.6000000031
177434199.0643,2288515.299999997,2000009.6000000031
177434201.0643,2288515.299999997,2000009.6000000031
177434203.0643,2288515.299999997,2000009.6000000031
177434205.0643,2288515.299999997,2000009.6000000031
177434207.0643,2288515.299999997,2000009.6000000031
177434209.0643,2288515.299999997,2000009.6000000031
177434211.0643,2288515.199999997,2000009.6000000031
177434213.0643,2288515.199999997,2000009.6000000031
177434215.0643,2288515.199999997,2000009.6000000031
177434217.0643,2288515.199999997,2000009.6000000031
177434219.0643,2288515.199999997,2000009.6000000031
177434221.0643,2288515.199999997,2000009.6000000031
177434223.0643,2288515.199999997,2000009.6000000031
177434225.0643,2288515.199999997,2000009.6000000031
177434227.0643,2288515.299999997,2000009.6000000031
177434229.0643,2288515.299999997,2000009.6000000031
177434231.0643,2288515.299999997,2000009.6000000031
177434233.0643,2288515.299999997,2000009.6000000031
177434235.0643,2288515.299999997,2000009.6000000031
177434237.0643,2288515.299999997,2000009.6000000031
177434239.0643,2288515.299999997,2000009.6000000031
177434241.0643,2288515.299999997,2000009.6000000031
177434243.0643,2288515.299999997,2000009.6000000031
177434245.0643,2288515.299999997,2000009.6000000031
177434247.0643,2288515.299999997,2000009.6000000031
177434249.0643,2288515.299999997,2000009.6000000031
177434251.0643,2288515.299999997,2000009.6000000031
177434253.0643,2288515.299999997,2000009.6000000031
177434255.0643,2288515.299999997,2000009.6000000031
177434257.0643,2288515.299999997,2000009.6000000031
177434259.0643,2288515.299999997,2000009.6000000031
177434261.0643,2288515.299999997,2000009.6000000031
177434263.0643,2288515.299999997,2000009.6000000031
177434265.0643,2288515.299999997,2000009.6000000031
177434267.0643,2288515.299999997,2000009.6000000031
177434269.0643,2288515.299999997,2000009.6000000031
177434271.0643,2288515.299999997,2000009.6000000031
177434273.0643,2288515.299999997,2000009.6000000031
177434275.0643,2288515.299999997,2000009.6000000031
177434277.0643,2288515.299999997,2000009.6000000031
177434279.0643,2288515.299999997,2000009.6000000031
177434281.0643,2288515.299999997,2000009.6000000031
177434283.0643,2288515.299999997,2000009.6000000031
177434285.0643,2288515.299999997,2000009.6000000031
177434287.0643,2288515.299999997,2000009.6000000031
177434289.0643,2288515.299999997,2000009.6000000031
177434291.0643,2288515.299999997,2000009.6000000031
177434293.0643,2288515.299999997,2000009.6000000031
177434295.0643,2288515.299999997,2000009.6000000031
177434297.0643,2288515.299999997,2000009.6000000031
177434299.0643,2288515.299999997,2000009.6000000031
177434301.0643,2288515.299999997,2000009.6000000031
177434303.0643,2288515.299999997,2000009.6000000031
177434305.0643,2288515.299999997,2000009.6000000031
177434307.0643,2288515.299999997,2000009.6000000031
177434309.0643,2288515.299999997,2000009.6000000031
177434311.0643,2288515.299999997,2000009.6000000031
177434313.0643,2288515.299999997,2000009.6000000031
177434315.0643,2288515.299999997,2000009.6000000031
177434317.0643,2288515.299999997,2000009.6000000031
177434319.0643,2288515.299999997,2000009.6000000031
177434321.0643,2288515.299999997,2000009.6000000031
177434323.0643,2288515.299999997,2000009.6000000031
177434325.0643,2288515.299999997,2000009.6000000031
177434327.0643,2288515.299999997,2000009.6000000031
177434329.0643,2288515.299999997,2000009.6000000031
177434331.0643,2288515.299999997,2000009.6000000031
177434333.0643,2288515.299999997,2000009.6000000031
177434335.0643,2288515.299999997,2000009.6000000031
177434337.0643,2288515.299999997,2000009.6000000031
177434339.0643,2288515.299999997,2000009.6000000031
177434341.0643,2288515.299999997,2000009.6000000031
177434343.0643,2288515.299999997,2000009.6000000031
177434345.0643,2288515.299999997,2000009.6000000031
177434347.0643,2288515.299999997,2000009.6000000031
177434349.0643,2288515.299999997,2000009.6000000031
177434351.0643,2288515.299999997,2000009.6000000031
177434353.0643,2288515.299999997,2000009.6000000031
177434355.0643,2288515.299999997,2000009.6000000031
177434357.0643,2288515.299999997,2000009.6000000031
177434359.0643,2288515.299999997,2000009.6000000031
177434361.0643,2288515.299999997,2000009.6000000031
177434363.0643,2288515.299999997,2000009.6000000031
177434365.0643,2288515.299999997,2000009.6000000031
177434367.0643,2288515.299999997,2000009.6000000031
177434369.0643,2288515.299999997,2000009.6000000031
177434371.0643,2288515.299999997,2000009.6000000031
177434373.0643,2288515.299999997,2000009.6000000031
177434375.0643,2288515.299999997,2000009.6000000031
177434377.0643,2288515.299999997,2000009.6000000031
177434379.0643,2288515.299999997,2000009.6000000031
177434381.0643,2288515.299999997,2000009.6000000031
177434383.0643,2288515.299999997,2000009.6000000031
177434385.0643,2288515.299999997,2000009.6000000031
177434387.0643,2288515.299999997,2000009.6000000031
177434389.0643,2288515.299999997,2000009.6000000031
177434391.0643,2288515.299999997,2000009.6000000031
177434393.0643,2288515.299999997,2000009.6000000031
177434395.0643,2288515.299999997,2000009.6000000031
177434397.0643,2288515.299999997,2000009.6000000031
177434399.0643,2288515.299999997,2000009.4000000032
177434401.0643,2288515.299999997,2000009.4000000032
177434403.0643,2288515.299999997,2000009.4000000032
177434405.0643,2288515.299999997,2000009.4000000032
177434407.0643,2288515.299999997,2000009.4000000032
177434409.0643,2288515.299999997,2000009.4000000032
177434411.0643,2288515.299999997,2000009.4000000032
177434413.0643,2288515.299999997,2000009.4000000032
177434415.0643,2288515.299999997,2000009.4000000032
177434417.0643,2288515.299999997,2000009.4000000032
177434419.0643,2288515.199999997,2000009.4000000032
177434421.0643,2288515.199999997,2000009.4000000032
177434423.0643,2288515.199999997,2000009.4000000032
177434425.0643,2288515.199999997,2000009.5000000033
177434427.0643,2288515.199999997,2000009.5000000033
177434429.0643,2288515.199999997,2000009.5000000033
177434431.0643,2288515.199999997,2000009.5000000033
177434433.0643,2288515.199999997,2000009.5000000033
177434435.0643,2288515.199999997,2000009.5000000033
177434437.0643,2288515.199999997,2000009.5000000033
177434439.0643,2288515.199999997,2000009.5000000033
177434441.0643,2288515.199999997,2000009.5000000033
177434443.0643,2288515.199999997,2000009.5000000033
177434445.0643,2288515.199999997,2000009.5000000033
177434447.0643,2288515.199999997,2000009.5000000033
177434449.0643,2288515.199999997,2000009.5000000033
177434451.0643,2288515.199999997,2000009.5000000033
177434453.0643,2288515.199999997,2000009.5000000033
177434455.0643,2288515.199999997,2000009.5000000033
177434457.0643,2288515.199999997,2000009.5000000033
177434459.0643,2288515.199999997,2000009.5000000033
177434461.0643,2288515.199999997,2000009.5000000033
177434463.0643,2288515.199999997,2000009.5000000033
177434465.0643,2288515.199999997,2000009.5000000033
177434467.0643,2288515.199999997,2000009.5000000033
177434469.0643,2288515.199999997,2000009.5000000033
177434471.0643,2288515.199999997,2000009.5000000033
177434473.0643,2288515.199999997,2000009.5000000033
177434475.0643,2288515.199999997,2000009.5000000033
177434477.0643,2288515.199999997,2000009.5000000033
177434479.0643,2288515.199999997,2000009.5000000033
177434481.0643,2288515.199999997,2000009.5000000033
177434483.0643,2288515.199999997,2000009.5000000033
177434485.0643,2288515.199999997,2000009.5000000033
177434487.0643,2288515.199999997,2000009.5000000033
177434489.0643,2288515.199999997,2000009.5000000033
177434491.0643,2288515.199999997,2000009.5000000033
177434493.0643,2288515.199999997,2000009.5000000033
177434495.0643,2288515.199999997,2000009.5000000033
177434497.0643,2288515.199999997,2000009.5000000033
177434499.0643,2288515.199999997,2000009.5000000033
177434501.0643,2288515.199999997,2000009.5000000033
177434503.0643,2288515.199999997,2000009.5000000033
177434505.0643,2288515.199999997,2000009.5000000033
177434507.0643,2288515.199999997,2000009.5000000033
177434509.0643,2288515.199999997,2000009.5000000033
177434511.0643,2288515.199999997,2000009.5000000033
177434513.0643,2288515.199999997,2000009.5000000033
177434515.0643,2288515.199999997,2000009.5000000033
177434517.0643,2288515.199999997,2000009.5000000033
177434519.0643,2288515.199999997,2000009.5000000033
177434521.0643,2288515.199999997,2000009.5000000033
177434523.0643,2288515.099999997,2000009.5000000033
177434525.0643,2288515.099999997,2000009.5000000033
177434527.0643,2288515.099999997,2000009.5000000033
177434529.0643,2288515.099999997,2000009.5000000033
177434531.0643,2288515.099999997,2000009.5000000033
177434533.0643,2288515.099999997,2000009.5000000033
177434535.0643,2288515.099999997,2000009.5000000033
177434537.0643,2288515.099999997,2000009.5000000033
177434539.0643,2288515.099999997,2000009.5000000033
177434541.0643,2288515.099999997,2000009.5000000033
177434543.0643,2288515.099999997,2000009.5000000033
177434545.0643,2288515.099999997,2000009.5000000033
177434547.0643,2288515.099999997,2000009.5000000033
177434549.0643,2288515.099999997,2000009.5000000033
177434551.0643,2288515.099999997,2000009.5000000033
177434553.0643,2288515.099999997,2000009.5000000033
177434555.0643,2288515.099999997,2000009.5000000033
177434557.0643,2288515.099999997,2000009.5000000033
177434559.0643,2288515.099999997,2000009.5000000033
177434561.0643,2288515.099999997,2000009.5000000033
177434563.0643,2288515.099999997,2000009.5000000033
177434565.0643,2288515.099999997,2000009.5000000033
177434567.0643,2288515.099999997,2000009.5000000033
177434569.0643,2288515.099999997,2000009.5000000033
177434571.0643,2288515.099999997,2000009.5000000033
177434573.0643,2288515.099999997,2000009.5000000033
177434575.0643,2288515.099999997,2000009.5000000033
177434577.0643,2288515.099999997,2000009.5000000033
177434579.0643,2288515.099999997,2000009.5000000033
177434581.0643,2288515.099999997,2000009.5000000033
177434583.0643,2288515.099999997,2000009.5000000033
177434585.0643,2288515.099999997,2000009.5000000033
177434587.0643,2288515.099999997,2000009.5000000033
177434589.0643,2288515.099999997,2000009.5000000033
177434591.0643,2288515.099999997,2000009.5000000033
177434593.0643,2288515.099999997,2000009.5000000033
177434595.0643,2288515.099999997,2000009.5000000033
177434597.0643,2288515.099999997,2000009.5000000033
177434599.0643,2288515.099999997,2000009.5000000033
177434601.0643,2288515.099999997,2000009.5000000033
177434603.0643,2288515.099999997,2000009.5000000033
177434605.0643,2288515.099999997,2000009.5000000033
177434607.0643,2288515.099999997,2000009.5000000033
177434609.0643,2288515.099999997,2000009.5000000033
177434611.0643,2288515.099999997,2000009.5000000033
177434613.0643,2288515.099999997,2000009.5000000033
177434615.0643,2288515.099999997,2000009.5000000033
177434617.0643,2288515.099999997,2000009.5000000033
177434619.0643,2288515.099999997,2000009.5000000033
177434621.0643,2288515.099999997,2000009.5000000033
177434623.0643,2288515.099999997,2000009.5000000033
177434625.0643,2288515.099999997,2000009.5000000033
177434627.0643,2288515.099999997,2000009.5000000033
177434629.0643,2288515.099999997,2000009.5000000033
177434631.0643,2288515.099999997,2000009.5000000033
177434633.0643,2288515.099999997,2000009.5000000033
177434635.0643,2288515.099999997,2000009.5000000033
177434637.0643,2288515.099999997,2000009.5000000033
177434639.0643,2288515.099999997,2000009.5000000033
177434641.0643,2288515.099999997,2000009.5000000033
177434643.0643,2288515.099999997,2000009.5000000033
177434645.0643,2288515.099999997,2000009.5000000033
177434647.0643,2288515.099999997,2000009.5000000033
177434649.0643,2288515.099999997,2000009.5000000033
177434651.0643,2288515.099999997,2000009.5000000033
177434653.0643,2288515.099999997,2000009.5000000033
177434655.0643,2288515.099999997,2000009.5000000033
177434657.0643,2288515.099999997,2000009.5000000033
177434659.0643,2288515.099999997,2000009.5000000033
177434661.0643,2288515.099999997,2000009.6000000034
177434663.0643,2288515.099999997,2000009.5000000033
177434665.0643,2288515.099999997,2000009.5000000033
177434667.0643,2288515.099999997,2000009.5000000033
177434669.0643,2288515.099999997,2000009.5000000033
177434671.0643,2288515.099999997,2000009.5000000033
177434673.0643,2288515.099999997,2000009.5000000033
177434675.0643,2288515.099999997,2000009.5000000033
177434677.0643,2288515.099999997,2000009.5000000033
177434679.0643,2288515.099999997,2000009.5000000033
177434681.0643,2288515.099999997,2000009.5000000033
177434683.0643,2288515.099999997,2000009.5000000033
177434685.0643,2288515.099999997,2000009.5000000033
177434687.0643,2288515.099999997,2000009.5000000033
177434689.0643,2288515.099999997,2000009.5000000033
177434691.0643,2288515.099999997,2000009.5000000033
177434693.0643,2288515.099999997,2000009.5000000033
177434695.0643,2288515.099999997,2000009.5000000033
177434697.0643,2288515.099999997,2000009.5000000033
177434699.0643,2288515.099999997,2000009.5000000033
177434701.0643,2288515.099999997,2000009.5000000033
177434703.0643,2288515.099999997,2000009.5000000033
177434705.0643,2288515.099999997,2000009.5000000033
177434707.0643,2288515.099999997,2000009.5000000033
177434709.0643,2288515.099999997,2000009.5000000033
177434711.0643,2288515.099999997,2000009.5000000033
177434713.0643,2288515.099999997,2000009.5000000033
177434715.0643,2288515.099999997,2000009.5000000033
177434717.0643,2288515.099999997,2000009.5000000033
177434719.0643,2288515.099999997,2000009.5000000033
177434721.0643,2288515.099999997,2000009.5000000033
177434723.0643,2288515.099999997,2000009.5000000033
177434725.0643,2288515.099999997,2000009.5000000033
177434727.0643,2288515.099999997,2000009.5000000033
177434729.0643,2288515.099999997,2000009.5000000033
177434731.0643,2288515.099999997,2000009.5000000033
177434733.0643,2288515.099999997,2000009.5000000033
177434735.0643,2288515.099999997,2000009.5000000033
177434737.0643,2288515.099999997,2000009.5000000033
177434739.0643,2288515.099999997,2000009.5000000033
177434741.0643,2288515.099999997,2000009.5000000033
177434743.0643,2288515.099999997,2000009.5000000033
177434745.0643,2288515.099999997,2000009.5000000033
177434747.0643,2288515.099999997,2000009.5000000033
177434749.0643,2288515.099999997,2000009.5000000033
177434751.0643,2288515.099999997,2000009.5000000033
177434753.0643,2288515.099999997,2000009.5000000033
177434755.0643,2288515.099999997,2000009.5000000033
177434757.0643,2288515.099999997,2000009.5000000033
177434759.0643,2288515.099999997,2000009.5000000033
177434761.0643,2288515.099999997,2000009.5000000033
177434763.0643,2288515.099999997,2000009.5000000033
177434765.0643,2288515.099999997,2000009.5000000033
177434767.0643,2288515.099999997,2000009.5000000033
177434769.0643,2288515.099999997,2000009.5000000033
177434771.0643,2288515.099999997,2000009.5000000033
177434773.0643,2288515.099999997,2000009.5000000033
177434775.0643,2288515.099999997,2000009.5000000033
177434777.0643,2288515.099999997,2000009.5000000033
177434779.0643,2288515.099999997,2000009.5000000033
177434781.0643,2288515.099999997,2000009.5000000033
177434783.0643,2288515.099999997,2000009.5000000033
177434785.0643,2288515.099999997,2000009.5000000033
177434787.0643,2288515.099999997,2000009.5000000033
177434789.0643,2288515.099999997,2000009.5000000033
177434791.0643,2288515.099999997,2000009.5000000033
177434793.0643,2288515.099999997,2000009.5000000033
177434795.0643,2288515.099999997,2000009.5000000033
177434797.0643,2288515.099999997,2000009.5000000033
177434799.0643,2288515.099999997,2000009.5000000033
177434801.0643,2288515.099999997,2000009.5000000033
177434803.0643,2288515.099999997,2000009.5000000033
177434805.0643,2288515.099999997,2000009.5000000033
177434807.0643,2288515.099999997,2000009.5000000033
177434809.0643,2288515.099999997,2000009.5000000033
177434811.0643,2288515.099999997,2000009.5000000033
177434813.0643,2288515.099999997,2000009.5000000033
177434815.0643,2288515.099999997,2000009.5000000033
177434817.0643,2288515.099999997,2000009.5000000033
177434819.0643,2288515.099999997,2000009.5000000033
177434821.0643,2288515.099999997,2000009.5000000033
177434823.0643,2288515.099999997,2000009.5000000033
177434825.0643,2288515.099999997,2000009.5000000033
177434827.0643,2288515.099999997,2000009.5000000033
177434829.0643,2288515.099999997,2000009.5000000033
177434831.0643,2288515.099999997,2000009.5000000033
177434833.0643,2288515.099999997,2000009.5000000033
177434835.0643,2288515.099999997,2000009.5000000033
177434837.0643,2288515.099999997,2000009.5000000033
177434839.0643,2288515.099999997,2000009.5000000033
177434841.0643,2288515.099999997,2000009.5000000033
177434843.0643,2288515.099999997,2000009.5000000033
177434845.0643,2288515.099999997,2000009.5000000033
177434847.0643,2288515.099999997,2000009.5000000033
177434849.0643,2288515.099999997,2000009.5000000033
177434851.0643,2288515.099999997,2000009.5000000033
177434853.0643,2288515.099999997,2000009.5000000033
177434855.0643,2288515.099999997,2000009.5000000033
177434857.0643,2288515.099999997,2000009.5000000033
177434859.0643,2288515.099999997,2000009.5000000033
177434861.0643,2288515.099999997,2000009.5000000033
177434863.0643,2288515.099999997,2000009.5000000033
177434865.0643,2288515.099999997,2000009.5000000033
177434867.0643,2288515.099999997,2000009.5000000033
177434869.0643,2288515.099999997,2000009.5000000033
177434871.0643,2288515.099999997,2000009.5000000033
177434873.0643,2288515.099999997,2000009.5000000033
177434875.0643,2288515.099999997,2000009.5000000033
177434877.0643,2288515.099999997,2000009.5000000033
177434879.0643,2288515.099999997,2000009.5000000033
177434881.0643,2288515.099999997,2000009.5000000033
177434883.0643,2288515.099999997,2000009.5000000033
177434885.0643,2288515.099999997,2000009.5000000033
177434887.0643,2288515.099999997,2000009.5000000033
177434889.0643,2288515.099999997,2000009.5000000033
177434891.0643,2288515.099999997,2000009.5000000033
177434893.0643,2288515.099999997,2000009.5000000033
177434895.0643,2288515.099999997,2000009.5000000033
177434897.0643,2288515.099999997,2000009.5000000033
177434899.0643,2288515.099999997,2000009.5000000033
177434901.0643,2288515.099999997,2000009.5000000033
177434903.0643,2288515.099999997,2000009.5000000033
177434905.0643,2288515.099999997,2000009.5000000033
177434907.0643,2288515.099999997,2000009.5000000033
177434909.0643,2288515.099999997,2000009.5000000033
177434911.0643,2288515.099999997,2000009.5000000033
177434913.0643,2288515.099999997,2000009.5000000033
177434915.0643,2288515.099999997,2000009.5000000033
177434917.0643,2288515.099999997,2000009.5000000033
177434919.0643,2288515.099999997,2000009.5000000033
177434921.0643,2288515.099999997,2000009.5000000033
177434923.0643,2288515.099999997,2000009.5000000033
177434925.0643,2288515.099999997,2000009.5000000033
177434927.0643,2288515.099999997,2000009.5000000033
177434929.0643,2288515.099999997,2000009.5000000033
177434931.0643,2288515.099999997,2000009.5000000033
177434933.0643,2288515.099999997,2000009.5000000033
177434935.0643,2288515.099999997,2000009.5000000033
177434937.0643,2288515.099999997,2000009.5000000033
177434939.0643,2288515.099999997,2000009.5000000033
177434941.0643,2288515.099999997,2000009.5000000033
177434943.0643,2288515.099999997,2000009.5000000033
177434945.0643,2288515.099999997,2000009.5000000033
177434947.0643,2288515.099999997,2000009.5000000033
177434949.0643,2288515.099999997,2000009.5000000033
177434951.0643,2288515.099999997,2000009.5000000033
177434953.0643,2288515.099999997,2000009.5000000033
177434955.0643,2288515.099999997,2000009.5000000033
177434957.0643,2288515.099999997,2000009.5000000033
177434959.0643,2288515.099999997,2000009.5000000033
177434961.0643,2288514.9999999967,2000009.5000000033
177434963.0643,2288514.9999999967,2000009.5000000033
177434965.0643,2288514.9999999967,2000009.5000000033
177434967.0643,2288514.9999999967,2000009.5000000033
177434969.0643,2288514.9999999967,2000009.5000000033
177434971.0643,2288514.9999999967,2000009.5000000033
177434973.0643,2288514.9999999967,2000009.5000000033
177434975.0643,2288514.9999999967,2000009.5000000033
177434977.0643,2288514.9999999967,2000009.5000000033
177434979.0643,2288514.9999999967,2000009.5000000033
177434981.0643,2288514.9999999967,2000009.5000000033
177434983.0643,2288514.9999999967,2000009.5000000033
177434985.0643,2288514.9999999967,2000009.5000000033
177434987.0643,2288514.9999999967,2000009.5000000033
177434989.0643,2288514.9999999967,2000009.5000000033
177434991.0643,2288514.9999999967,2000009.5000000033
177434993.0643,2288514.9999999967,2000009.5000000033
177434995.0643,2288514.9999999967,2000009.5000000033
177434997.0643,2288514.9999999967,2000009.5000000033
177434999.0643,2288514.9999999967,2000009.5000000033
177435001.0643,2288514.9999999967,2000009.5000000033
177435003.0643,2288514.9999999967,2000009.5000000033
177435005.0643,2288514.9999999967,2000009.5000000033
177435007.0643,2288514.9999999967,2000009.5000000033
177435009.0643,2288514.9999999967,2000009.5000000033
177435011.0643,2288514.9999999967,2000009.5000000033
177435013.0643,2288514.9999999967,2000009.5000000033
177435015.0643,2288514.9999999967,2000009.5000000033
177435017.0643,2288514.9999999967,2000009.5000000033
177435019.0643,2288514.9999999967,2000009.5000000033
177435021.0643,2288514.9999999967,2000009.5000000033
177435023.0643,2288514.9999999967,2000009.5000000033
177435025.0643,2288514.9999999967,2000009.5000000033
177435027.0643,2288514.9999999967,2000009.5000000033
177435029.0643,2288514.9999999967,2000009.5000000033
177435031.0643,2288514.9999999967,2000009.5000000033
177435033.0643,2288514.9999999967,2000009.5000000033
177435035.0643,2288514.9999999967,2000009.5000000033
177435037.0643,2288514.9999999967,2000009.5000000033
177435039.0643,2288514.9999999967,2000009.5000000033
177435041.0643,2288514.9999999967,2000009.5000000033
177435043.0643,2288514.9999999967,2000009.5000000033
177435045.0643,2288514.9999999967,2000009.5000000033
177435047.0643,2288514.9999999967,2000009.5000000033
177435049.0643,2288514.9999999967,2000009.5000000033
177435051.0643,2288514.9999999967,2000009.5000000033
177435053.0643,2288514.9999999967,2000009.5000000033
177435055.0643,2288514.9999999967,2000009.5000000033
177435057.0643,2288514.9999999967,2000009.5000000033
177435059.0643,2288514.9999999967,2000009.5000000033
177435061.0643,2288514.9999999967,2000009.5000000033
177435063.0643,2288514.9999999967,2000009.5000000033
177435065.0643,2288514.9999999967,2000009.5000000033
177435067.0643,2288514.9999999967,2000009.5000000033
177435069.0643,2288514.9999999967,2000009.5000000033
177435071.0643,2288514.9999999967,2000009.5000000033
177435073.0643,2288514.9999999967,2000009.5000000033
177435075.0643,2288514.9999999967,2000009.5000000033
177435077.0643,2288514.9999999967,2000009.5000000033
177435079.0643,2288514.9999999967,2000009.5000000033
177435081.0643,2288514.9999999967,2000009.5000000033
177435083.0643,2288514.9999999967,2000009.5000000033
177435085.0643,2288514.9999999967,2000009.5000000033
177435087.0643,2288514.9999999967,2000009.5000000033
177435089.0643,2288514.9999999967,2000009.5000000033
177435091.0643,2288514.9999999967,2000009.5000000033
177435093.0643,2288514.9999999967,2000009.5000000033
177435095.0643,2288514.9999999967,2000009.5000000033
177435097.0643,2288514.9999999967,2000009.5000000033
177435099.0643,2288514.9999999967,2000009.5000000033
177435101.0643,2288514.9999999967,2000009.5000000033
177435103.0643,2288514.9999999967,2000009.5000000033
177435105.0643,2288514.9999999967,2000009.5000000033
177435107.0643,2288514.9999999967,2000009.5000000033
177435109.0643,2288514.9999999967,2000009.5000000033
177435111.0643,2288514.9999999967,2000009.5000000033
177435113.0643,2288514.9999999967,2000009.5000000033
177435115.0643,2288514.9999999967,2000009.5000000033
177435117.0643,2288514.9999999967,2000009.5000000033
177435119.0643,2288514.9999999967,2000009.5000000033
177435121.0643,2288514.9999999967,2000009.5000000033
177435123.0643,2288514.9999999967,2000009.5000000033
177435125.0643,2288514.9999999967,2000009.5000000033
177435127.0643,2288514.9999999967,2000009.5000000033
177435129.0643,2288514.9999999967,2000009.5000000033
177435131.0643,2288514.9999999967,2000009.5000000033
177435133.0643,2288514.9999999967,2000009.5000000033
177435135.0643,2288514.9999999967,2000009.5000000033
177435137.0643,2288514.9999999967,2000009.5000000033
177435139.0643,2288514.9999999967,2000009.5000000033
177435141.0643,2288514.9999999967,2000009.5000000033
177435143.0643,2288514.9999999967,2000009.5000000033
177435145.0643,2288514.9999999967,2000009.5000000033
177435147.0643,2288514.9999999967,2000009.5000000033
177435149.0643,2288514.9999999967,2000009.5000000033
177435151.0643,2288514.9999999967,2000009.5000000033
177435153.0643,2288514.9999999967,2000009.5000000033
177435155.0643,2288514.9999999967,2000009.5000000033
177435157.0643,2288514.9999999967,2000009.5000000033
177435159.0643,2288514.9999999967,2000009.5000000033
177435161.0643,2288514.9999999967,2000009.5000000033
177435163.0643,2288514.9999999967,2000009.5000000033
177435165.0643,2288514.9999999967,2000009.5000000033
177435167.0643,2288514.9999999967,2000009.5000000033
177435169.0643,2288514.9999999967,2000009.5000000033
177435171.0643,2288514.9999999967,2000009.5000000033
177435173.0643,2288514.9999999967,2000009.5000000033
177435175.0643,2288514.9999999967,2000009.5000000033
177435177.0643,2288514.9999999967,2000009.5000000033
177435179.0643,2288514.9999999967,2000009.5000000033
177435181.0643,2288514.9999999967,2000009.5000000033
177435183.0643,2288514.9999999967,2000009.5000000033
177435185.0643,2288514.9999999967,2000009.5000000033
177435187.0643,2288514.9999999967,2000009.5000000033
177435189.0643,2288514.9999999967,2000009.5000000033
177435191.0643,2288514.9999999967,2000009.5000000033
177435193.0643,2288514.9999999967,2000009.5000000033
177435195.0643,2288514.9999999967,2000009.5000000033
177435197.0643,2288514.9999999967,2000009.5000000033
177435199.0643,2288514.9999999967,2000009.5000000033
177435201.0643,2288514.9999999967,2000009.5000000033
177435203.0643,2288514.9999999967,2000009.5000000033
177435205.0643,2288514.9999999967,2000009.5000000033
177435207.0643,2288514.9999999967,2000009.5000000033
177435209.0643,2288514.9999999967,2000009.5000000033
177435211.0643,2288514.9999999967,2000009.5000000033
177435213.0643,2288514.9999999967,2000009.5000000033
177435215.0643,2288514.9999999967,2000009.5000000033
177435217.0643,2288514.9999999967,2000009.5000000033
177435219.0643,2288514.9999999967,2000009.5000000033
177435221.0643,2288514.9999999967,2000009.5000000033
177435223.0643,2288514.9999999967,2000009.5000000033
177435225.0643,2288514.9999999967,2000009.5000000033
177435227.0643,2288514.9999999967,2000009.5000000033
177435229.0643,2288514.9999999967,2000009.5000000033
177435231.0643,2288514.9999999967,2000009.5000000033
177435233.0643,2288514.9999999967,2000009.5000000033
177435235.0643,2288514.9999999967,2000009.5000000033
177435237.0643,2288514.9999999967,2000009.5000000033
177435239.0643,2288514.9999999967,2000009.5000000033
177435241.0643,2288514.9999999967,2000009.5000000033
177435243.0643,2288514.9999999967,2000009.5000000033
177435245.0643,2288514.9999999967,2000009.5000000033
177435247.0643,2288514.9999999967,2000009.5000000033
177435249.0643,2288514.9999999967,2000009.5000000033
177435251.0643,2288514.9999999967,2000009.5000000033
177435253.0643,2288514.9999999967,2000009.5000000033
177435255.0643,2288514.9999999967,2000009.5000000033
177435257.0643,2288514.9999999967,2000009.6000000034
177435259.0643,2288514.9999999967,2000009.6000000034
177435261.0643,2288514.9999999967,2000009.6000000034
177435263.0643,2288514.9999999967,2000009.6000000034
177435265.0643,2288514.9999999967,2000009.6000000034
177435267.0643,2288514.9999999967,2000009.6000000034
177435269.0643,2288514.9999999967,2000009.6000000034
177435271.0643,2288514.9999999967,2000009.6000000034
177435273.0643,2288514.9999999967,2000009.6000000034
177435275.0643,2288514.9999999967,2000009.6000000034
177435277.0643,2288514.9999999967,2000009.6000000034
177435281.0643,2288514.9999999967,2000009.6000000034
177435291.0643,2288514.9999999967,2000009.6000000034
177435293.0643,2288514.9999999967,2000009.6000000034
177435295.0643,2288514.9999999967,2000009.6000000034
177435297.0643,2288514.9999999967,2000009.6000000034
177435299.0643,2288514.9999999967,2000009.6000000034
177435301.0643,2288514.9999999967,2000009.6000000034
177435303.0643,2288514.9999999967,2000009.6000000034
177435305.0643,2288514.9999999967,2000009.6000000034
177435307.0643,2288514.9999999967,2000009.6000000034
177435309.0643,2288514.9999999967,2000009.6000000034
177435311.0643,2288514.9999999967,2000009.6000000034
177435313.0643,2288514.9999999967,2000009.7000000034
177435315.0643,2288514.9999999967,2000009.7000000034
177435317.0643,2288514.9999999967,2000009.7000000034
177435319.0643,2288514.9999999967,2000009.7000000034
177435321.0643,2288514.9999999967,2000009.7000000034
177435323.0643,2288514.9999999967,2000009.7000000034
177435325.0643,2288514.9999999967,2000009.7000000034
177435327.0643,2288514.9999999967,2000009.7000000034
177435329.0643,2288514.8999999966,2000009.7000000034
177435331.0643,2288514.8999999966,2000009.7000000034
177435333.0643,2288514.8999999966,2000009.7000000034
177435335.0643,2288514.8999999966,2000009.7000000034
177435337.0643,2288514.8999999966,2000009.7000000034
177435339.0643,2288514.8999999966,2000009.7000000034
177435341.0643,2288514.8999999966,2000009.7000000034
177435343.0643,2288514.8999999966,2000009.7000000034
177435345.0643,2288514.8999999966,2000009.7000000034
177435347.0643,2288514.8999999966,2000009.7000000034
177435349.0643,2288514.8999999966,2000009.7000000034
177435351.0643,2288514.8999999966,2000009.7000000034
177435353.0643,2288514.8999999966,2000009.7000000034
177435355.0643,2288514.8999999966,2000009.7000000034
177435357.0643,2288514.8999999966,2000009.7000000034
177435359.0643,2288514.8999999966,2000009.7000000034
177435361.0643,2288514.8999999966,2000009.7000000034
177435363.0643,2288514.8999999966,2000009.7000000034
177435365.0643,2288514.8999999966,2000009.7000000034
177435367.0643,2288514.8999999966,2000009.7000000034
177435369.0643,2288514.8999999966,2000009.7000000034
177435371.0643,2288514.8999999966,2000009.7000000034
177435373.0643,2288514.8999999966,2000009.7000000034
177435375.0643,2288514.8999999966,2000009.7000000034
177435377.0643,2288514.8999999966,2000009.7000000034
177435379.0643,2288514.8999999966,2000009.7000000034
177435381.0643,2288514.8999999966,2000009.7000000034
177435383.0643,2288514.8999999966,2000009.7000000034
177435385.0643,2288514.8999999966,2000009.7000000034
177435387.0643,2288514.8999999966,2000009.7000000034
177435389.0643,2288514.8999999966,2000009.7000000034
177435391.0643,2288514.8999999966,2000009.7000000034
177435393.0643,2288514.8999999966,2000009.7000000034
177435395.0643,2288514.8999999966,2000009.7000000034
177435397.0643,2288514.8999999966,2000009.7000000034
177435399.0643,2288514.8999999966,2000009.7000000034
177435401.0643,2288514.8999999966,2000009.7000000034
177435403.0643,2288514.8999999966,2000009.7000000034
177435405.0643,2288514.8999999966,2000009.7000000034
177435407.0643,2288514.8999999966,2000009.7000000034
177435409.0643,2288514.8999999966,2000009.7000000034
177435411.0643,2288514.8999999966,2000009.7000000034
177435413.0643,2288514.8999999966,2000009.7000000034
177435415.0643,2288514.8999999966,2000009.7000000034
177435417.0643,2288514.8999999966,2000009.7000000034
177435419.0643,2288514.8999999966,2000009.7000000034
177435421.0643,2288514.8999999966,2000009.7000000034
177435423.0643,2288514.8999999966,2000009.7000000034
177435425.0643,2288514.8999999966,2000009.7000000034
177435427.0643,2288514.8999999966,2000009.7000000034
177435429.0643,2288514.8999999966,2000009.7000000034
177435431.0643,2288514.8999999966,2000009.7000000034
177435433.0643,2288514.8999999966,2000009.7000000034
177435435.0643,2288514.8999999966,2000009.7000000034
177435437.0643,2288514.8999999966,2000009.7000000034
177435439.0643,2288514.8999999966,2000009.7000000034
177435441.0643,2288514.8999999966,2000009.7000000034
177435443.0643,2288514.8999999966,2000009.7000000034
177435445.0643,2288514.8999999966,2000009.7000000034
177435447.0643,2288514.8999999966,2000009.7000000034
177435449.0643,2288514.8999999966,2000009.7000000034
177435451.0643,2288514.8999999966,2000009.7000000034
177435453.0643,2288514.8999999966,2000009.7000000034
177435455.0643,2288514.8999999966,2000009.7000000034
177435457.0643,2288514.8999999966,2000009.7000000034
177435459.0643,2288514.8999999966,2000009.7000000034
177435461.0643,2288514.8999999966,2000009.7000000034
177435463.0643,2288514.8999999966,2000009.7000000034
177435465.0643,2288514.8999999966,2000009.7000000034
177435467.0643,2288514.8999999966,2000009.7000000034
177435469.0643,2288514.8999999966,2000009.7000000034
177435471.0643,2288514.8999999966,2000009.7000000034
177435473.0643,2288514.8999999966,2000009.7000000034
177435475.0643,2288514.8999999966,2000009.7000000034
177435477.0643,2288514.8999999966,2000009.7000000034
177435479.0643,2288514.8999999966,2000009.7000000034
177435481.0643,2288514.8999999966,2000009.7000000034
177435483.0643,2288514.8999999966,2000009.7000000034
177435485.0643,2288514.8999999966,2000009.7000000034
177435487.0643,2288514.8999999966,2000009.7000000034
177435489.0643,2288514.8999999966,2000009.7000000034
177435491.0643,2288514.8999999966,2000009.7000000034
177435493.0643,2288514.8999999966,2000009.7000000034
177435495.0643,2288514.8999999966,2000009.7000000034
177435497.0643,2288514.8999999966,2000009.8000000035
177435499.0643,2288514.8999999966,2000009.8000000035
177435501.0643,2288514.8999999966,2000009.8000000035
177435503.0643,2288514.8999999966,2000009.8000000035
177435505.0643,2288514.8999999966,2000009.8000000035
177435507.0643,2288514.8999999966,2000009.8000000035
177435509.0643,2288514.8999999966,2000009.8000000035
177435511.0643,2288514.8999999966,2000009.8000000035
177435513.0643,2288514.8999999966,2000009.8000000035
177435515.0643,2288514.8999999966,2000009.8000000035
177435517.0643,2288514.8999999966,2000009.9000000036
177435519.0643,2288514.8999999966,2000009.9000000036
177435521.0643,2288514.8999999966,2000009.9000000036
177435523.0643,2288514.8999999966,2000009.9000000036
177435525.0643,2288514.8999999966,2000009.9000000036
177435527.0643,2288514.8999999966,2000009.9000000036
177435529.0643,2288514.8999999966,2000009.9000000036
177435531.0643,2288514.8999999966,2000009.9000000036
177435533.0643,2288514.8999999966,2000009.9000000036
177435535.0643,2288514.8999999966,2000009.9000000036
177435537.0643,2288514.8999999966,2000009.9000000036
177435539.0643,2288514.8999999966,2000009.9000000036
177435541.0643,2288514.8999999966,2000009.9000000036
177435543.0643,2288514.8999999966,2000009.9000000036
177435545.0643,2288514.8999999966,2000009.9000000036
177435547.0643,2288514.8999999966,2000009.9000000036
177435549.0643,2288514.8999999966,2000009.9000000036
177435551.0643,2288514.8999999966,2000009.9000000036
177435553.0643,2288514.8999999966,2000009.9000000036
177435555.0643,2288514.8999999966,2000009.9000000036
177435557.0643,2288514.8999999966,2000009.9000000036
177435559.0643,2288514.8999999966,2000009.9000000036
177435561.0643,2288514.8999999966,2000009.9000000036
177435563.0643,2288514.8999999966,2000009.9000000036
177435565.0643,2288514.8999999966,2000009.9000000036
177435567.0643,2288514.8999999966,2000009.9000000036
177435569.0643,2288514.8999999966,2000009.9000000036
177435571.0643,2288514.8999999966,2000009.9000000036
177435573.0643,2288514.8999999966,2000009.9000000036
177435575.0643,2288514.8999999966,2000009.9000000036
177435577.0643,2288514.8999999966,2000009.9000000036
177435579.0643,2288514.8999999966,2000009.9000000036
177435581.0643,2288514.8999999966,2000009.9000000036
177435583.0643,2288514.8999999966,2000009.9000000036
177435585.0643,2288514.8999999966,2000009.9000000036
177435587.0643,2288514.8999999966,2000009.9000000036
177435589.0643,2288514.8999999966,2000009.9000000036
177435591.0643,2288514.8999999966,2000009.9000000036
177435593.0643,2288514.8999999966,2000009.9000000036
177435595.0643,2288514.8999999966,2000009.9000000036
177435597.0643,2288514.8999999966,2000009.9000000036
177435599.0643,2288514.8999999966,2000009.9000000036
177435601.0643,2288514.8999999966,2000009.9000000036
177435603.0643,2288514.8999999966,2000009.9000000036
177435605.0643,2288514.8999999966,2000009.9000000036
177435607.0643,2288514.8999999966,2000009.9000000036
177435609.0643,2288514.8999999966,2000009.8000000035
177435611.0643,2288514.8999999966,2000009.8000000035
177435613.0643,2288514.8999999966,2000009.8000000035
177435615.0643,2288514.8999999966,2000009.9000000036
177435617.0643,2288514.8999999966,2000009.9000000036
177435619.0643,2288514.8999999966,2000009.9000000036
177435621.0643,2288514.8999999966,2000009.9000000036
177435623.0643,2288514.8999999966,2000009.9000000036
177435625.0643,2288514.8999999966,2000009.9000000036
177435627.0643,2288514.8999999966,2000009.9000000036
177435629.0643,2288514.8999999966,2000009.9000000036
177435631.0643,2288514.8999999966,2000009.9000000036
177435633.0643,2288514.8999999966,2000009.9000000036
177435635.0643,2288514.8999999966,2000009.9000000036
177435637.0643,2288514.8999999966,2000009.9000000036
177435639.0643,2288514.8999999966,2000009.9000000036
177435641.0643,2288514.8999999966,2000009.9000000036
177435643.0643,2288514.8999999966,2000009.9000000036
177435645.0643,2288514.8999999966,2000009.9000000036
177435647.0643,2288514.8999999966,2000009.9000000036
177435649.0643,2288514.8999999966,2000009.9000000036
177435651.0643,2288514.8999999966,2000009.9000000036
177435653.0643,2288514.8999999966,2000009.9000000036
177435655.0643,2288514.8999999966,2000009.9000000036
177435657.0643,2288514.8999999966,2000009.9000000036
177435659.0643,2288514.8999999966,2000009.9000000036
177435661.0643,2288514.8999999966,2000009.9000000036
177435663.0643,2288514.8999999966,2000009.9000000036
177435665.0643,2288514.8999999966,2000009.9000000036
177435667.0643,2288514.8999999966,2000009.9000000036
177435669.0643,2288514.8999999966,2000009.9000000036
177435671.0643,2288514.8999999966,2000009.9000000036
177435673.0643,2288514.8999999966,2000009.9000000036
177435675.0643,2288514.8999999966,2000009.9000000036
177435677.0643,2288514.8999999966,2000009.9000000036
177435679.0643,2288514.8999999966,2000009.9000000036
177435681.0643,2288514.8999999966,2000009.9000000036
177435683.0643,2288514.8999999966,2000009.9000000036
177435685.0643,2288514.8999999966,2000009.9000000036
177435687.0643,2288514.8999999966,2000009.9000000036
177435689.0643,2288514.8999999966,2000009.9000000036
177435691.0643,2288514.8999999966,2000009.9000000036
177435693.0643,2288514.8999999966,2000009.9000000036
177435695.0643,2288514.8999999966,2000009.9000000036
177435697.0643,2288514.8999999966,2000009.9000000036
177435699.0643,2288514.8999999966,2000009.9000000036
177435701.0643,2288514.8999999966,2000009.9000000036
177435703.0643,2288514.8999999966,2000009.9000000036
177435705.0643,2288514.8999999966,2000009.9000000036
177435707.0643,2288514.8999999966,2000009.9000000036
177435709.0643,2288514.8999999966,2000009.9000000036
177435711.0643,2288514.8999999966,2000009.9000000036
177435713.0643,2288514.8999999966,2000009.9000000036
177435715.0643,2288514.8999999966,2000009.9000000036
177435717.0643,2288514.8999999966,2000009.9000000036
177435719.0643,2288514.8999999966,2000009.9000000036
177435721.0643,2288514.8999999966,2000009.9000000036
177435723.0643,2288514.8999999966,2000009.9000000036
177435725.0643,2288514.8999999966,2000009.9000000036
177435727.0643,2288514.8999999966,2000009.9000000036
177435729.0643,2288514.8999999966,2000009.9000000036
177435731.0643,2288514.8999999966,2000009.9000000036
177435733.0643,2288514.8999999966,2000009.9000000036
177435735.0643,2288514.8999999966,2000009.9000000036
177435737.0643,2288514.8999999966,2000009.9000000036
177435739.0643,2288514.8999999966,2000009.9000000036
177435741.0643,2288514.8999999966,2000009.9000000036
177435743.0643,2288514.8999999966,2000009.9000000036
177435745.0643,2288514.8999999966,2000009.9000000036
177435747.0643,2288514.8999999966,2000009.9000000036
177435749.0643,2288514.8999999966,2000009.9000000036
177435751.0643,2288514.8999999966,2000009.9000000036
177435753.0643,2288514.8999999966,2000009.9000000036
177435755.0643,2288514.8999999966,2000009.9000000036
177435757.0643,2288514.8999999966,2000009.9000000036
177435759.0643,2288514.8999999966,2000009.9000000036
177435761.0643,2288514.8999999966,2000009.9000000036
177435763.0643,2288514.8999999966,2000009.9000000036
177435765.0643,2288514.8999999966,2000009.9000000036
177435767.0643,2288514.8999999966,2000009.9000000036
177435769.0643,2288514.8999999966,2000009.9000000036
177435771.0643,2288514.8999999966,2000009.9000000036
177435773.0643,2288514.8999999966,2000009.9000000036
177435775.0643,2288514.8999999966,2000009.9000000036
177435777.0643,2288514.8999999966,2000009.9000000036
177435779.1643,2288514.8999999966,2000009.9000000036
177435781.0643,2288514.7999999966,2000009.9000000036
177435783.0643,2288514.7999999966,2000009.9000000036
177435785.0643,2288514.7999999966,2000009.9000000036
177435787.0643,2288514.7999999966,2000009.9000000036
177435789.0643,2288514.7999999966,2000009.9000000036
177435791.0643,2288514.7999999966,2000009.9000000036
177435793.0643,2288514.7999999966,2000009.9000000036
177435795.0643,2288514.6999999965,2000009.9000000036
177435797.0643,2288514.6999999965,2000009.9000000036
177435799.0643,2288514.6999999965,2000009.9000000036
177435801.0643,2288514.6999999965,2000009.9000000036
177435803.0643,2288514.6999999965,2000009.9000000036
177435805.0643,2288514.6999999965,2000009.9000000036
177435807.0643,2288514.6999999965,2000009.9000000036
177435809.0643,2288514.6999999965,2000009.9000000036
177435811.0643,2288514.6999999965,2000009.9000000036
177435813.0643,2288514.6999999965,2000009.9000000036
177435815.0643,2288514.6999999965,2000009.9000000036
177435817.0643,2288514.6999999965,2000009.9000000036
177435819.0643,2288514.6999999965,2000009.9000000036
177435821.0643,2288514.6999999965,2000009.9000000036
177435823.0643,2288514.6999999965,2000009.9000000036
177435825.0643,2288514.6999999965,2000009.9000000036
177435827.0643,2288514.6999999965,2000009.9000000036
177435829.0643,2288514.6999999965,2000009.9000000036
177435831.0643,2288514.6999999965,2000009.9000000036
177435833.0643,2288514.6999999965,2000009.9000000036
177435835.0643,2288514.6999999965,2000009.9000000036
177435837.0643,2288514.6999999965,2000009.9000000036
177435839.0643,2288514.6999999965,2000009.9000000036
177435841.0643,2288514.6999999965,2000009.9000000036
177435843.0643,2288514.6999999965,2000009.9000000036
177435845.0643,2288514.6999999965,2000009.9000000036
177435847.0643,2288514.6999999965,2000009.9000000036
177435849.0643,2288514.6999999965,2000009.9000000036
177435851.0643,2288514.6999999965,2000009.9000000036
177435853.0643,2288514.6999999965,2000009.9000000036
177435855.0643,2288514.6999999965,2000009.9000000036
177435857.0643,2288514.6999999965,2000009.9000000036
177435859.0643,2288514.6999999965,2000009.9000000036
177435861.0643,2288514.6999999965,2000009.9000000036
177435863.0643,2288514.6999999965,2000009.9000000036
177435865.0643,2288514.6999999965,2000009.9000000036
177435867.0643,2288514.6999999965,2000009.9000000036
177435869.0643,2288514.6999999965,2000009.9000000036
177435871.0643,2288514.6999999965,2000009.9000000036
177435873.0643,2288514.6999999965,2000009.9000000036
177435875.0643,2288514.6999999965,2000009.9000000036
177435877.0643,2288514.6999999965,2000009.9000000036
177435879.0643,2288514.6999999965,2000009.9000000036
177435881.0643,2288514.6999999965,2000009.9000000036
177435883.0643,2288514.6999999965,2000010.0000000037
177435885.0643,2288514.6999999965,2000010.0000000037
177435887.0643,2288514.6999999965,2000010.0000000037
177435889.0643,2288514.6999999965,2000010.0000000037
177435891.0643,2288514.6999999965,2000010.0000000037
177435893.0643,2288514.6999999965,2000010.0000000037
177435895.0643,2288514.6999999965,2000010.0000000037
177435897.0643,2288514.6999999965,2000010.0000000037
177435899.0643,2288514.6999999965,2000010.0000000037
177435901.0643,2288514.6999999965,2000010.0000000037
177435903.0643,2288514.6999999965,2000010.0000000037
177435905.0643,2288514.6999999965,2000010.0000000037
177435907.0643,2288514.6999999965,2000010.0000000037
177435909.0643,2288514.6999999965,2000010.0000000037
177435911.0643,2288514.6999999965,2000010.0000000037
177435913.0643,2288514.6999999965,2000010.0000000037
177435915.0643,2288514.6999999965,2000010.0000000037
177435917.0643,2288514.6999999965,2000010.1000000038
177435919.0643,2288514.6999999965,2000010.1000000038
177435921.0643,2288514.6999999965,2000010.1000000038
177435923.0643,2288514.6999999965,2000010.1000000038
177435925.0643,2288514.5999999964,2000010.200000004
177435927.0643,2288514.5999999964,2000010.200000004
177435929.0643,2288514.5999999964,2000010.200000004
177435931.0643,2288514.5999999964,2000010.200000004
177435933.0643,2288514.5999999964,2000010.200000004
177435935.0643,2288514.5999999964,2000010.200000004
177435937.0643,2288514.5999999964,2000010.200000004
177435939.0643,2288514.5999999964,2000010.200000004
177435941.0643,2288514.5999999964,2000010.200000004
177435943.0643,2288514.5999999964,2000010.200000004
177435945.0643,2288514.5999999964,2000010.200000004
177435947.0643,2288514.5999999964,2000010.200000004
177435949.0643,2288514.5999999964,2000010.200000004
177435951.0643,2288514.5999999964,2000010.200000004
177435953.0643,2288514.5999999964,2000010.200000004
177435955.0643,2288514.5999999964,2000010.200000004
177435957.0643,2288514.5999999964,2000010.200000004
177435959.0643,2288514.5999999964,2000010.200000004
177435961.0643,2288514.5999999964,2000010.200000004
177435963.0643,2288514.5999999964,2000010.200000004
177435965.0643,2288514.5999999964,2000010.200000004
177435967.0643,2288514.5999999964,2000010.200000004
177435969.0643,2288514.5999999964,2000010.200000004
177435971.0643,2288514.5999999964,2000010.200000004
177435973.0643,2288514.5999999964,2000010.200000004
177435975.0643,2288514.5999999964,2000010.200000004
177435977.0643,2288514.5999999964,2000010.200000004
177435979.0643,2288514.5999999964,2000010.200000004
177435981.0643,2288514.5999999964,2000010.200000004
177435983.0643,2288514.5999999964,2000010.200000004
177435985.0643,2288514.5999999964,2000010.200000004
177435987.0643,2288514.5999999964,2000010.200000004
177435989.0643,2288514.5999999964,2000010.300000004
177435991.0643,2288514.5999999964,2000010.300000004
177435993.0643,2288514.5999999964,2000010.300000004
177435995.0643,2288514.5999999964,2000010.400000004
177435997.0643,2288514.5999999964,2000010.400000004
177435999.0643,2288514.5999999964,2000010.400000004
177436001.0643,2288514.5999999964,2000010.400000004
177436003.0643,2288514.5999999964,2000010.400000004
177436005.0643,2288514.5999999964,2000010.400000004
177436007.0643,2288514.5999999964,2000010.400000004
177436009.0643,2288514.5999999964,2000010.400000004
177436011.0643,2288514.5999999964,2000010.400000004
177436013.0643,2288514.5999999964,2000010.400000004
177436015.0643,2288514.5999999964,2000010.400000004
177436017.0643,2288514.5999999964,2000010.400000004
177436019.0643,2288514.5999999964,2000010.400000004
177436021.0643,2288514.5999999964,2000010.400000004
177436023.0643,2288514.5999999964,2000010.400000004
177436025.0643,2288514.5999999964,2000010.400000004
177436027.0643,2288514.5999999964,2000010.400000004
177436029.0643,2288514.5999999964,2000010.400000004
177436031.0643,2288514.5999999964,2000010.400000004
