Timestamp,Buy_Price,Sell_Price
177427161.1677,30158.5,6000.3
177427163.1677,30158.5,6000.3
177427165.1677,30158.5,6000.3
177427167.1677,30158.5,6000.3
177427169.1677,30158.5,6000.3
177427171.1677,30158.5,6000.3
177427173.1677,30158.5,6000.3
177427175.1677,30158.5,6000.3
177427177.1677,30158.5,6000.3
177427179.1677,30158.5,6000.3
177427181.1677,30158.5,6000.3
177427183.1677,30158.5,6000.3
177427185.1677,30158.5,6000.3
177427187.1677,30158.5,6000.3
177427189.1677,30158.5,6000.3
177427191.1677,30158.5,6000.3
177427193.1677,30158.5,6000.3
177427195.1677,30158.5,6000.3
177427197.1677,30158.5,6000.3
177427199.2677,30158.5,6000.3
177427201.2677,30158.5,6000.3
177427203.2677,30158.5,6000.3
177427205.2677,30158.5,6000.3
177427207.2677,30158.5,6000.3
177427209.2677,30158.5,6000.3
177427211.2677,30158.5,6000.3
177427213.2677,30158.5,6000.3
177427215.2677,30158.5,6000.3
177427217.2677,30158.5,6000.3
177427219.2677,30158.5,6000.3
177427221.2677,30158.5,6000.3
177427223.2677,30158.5,6000.3
177427225.2677,30158.5,6000.3
177427227.2677,30158.5,6000.3
177427229.2677,30158.5,6000.3
177427231.2677,30158.5,6000.3
177427233.2677,30158.5,6000.3
177427235.2677,30158.5,6000.3
177427237.2677,30158.5,6000.3
177427239.2677,30158.5,6000.3
177427241.2677,30158.5,6000.3
177427243.2677,30158.5,6000.3
177427245.2677,30158.5,6000.3
177427247.2677,30158.5,6000.3
177427249.2677,30158.5,6000.3
177427251.2677,30158.5,6000.3
177427253.2677,30158.5,6000.3
177427255.2677,30158.4,6000.3
177427257.2677,30158.4,6000.3
177427259.2677,30158.4,6000.3
177427261.2677,30158.4,6000.3
177427263.2677,30158.4,6000.3
177427265.2677,30158.4,6000.3
177427267.2677,30158.4,6000.3
177427269.2677,30158.4,6000.3
177427271.2677,30158.4,6000.3
177427273.2677,30158.4,6000.3
177427275.2677,30158.4,6000.3
177427277.2677,30158.4,6000.3
177427279.2677,30158.4,6000.3
177427281.2677,30158.4,6000.3
177427283.2677,30158.4,6000.3
177427285.2677,30158.4,6000.3
177427287.2677,30158.4,6000.3
177427289.2677,30158.4,6000.3
177427291.2677,30158.4,6000.3
177427293.2677,30158.4,6000.3
177427295.2677,30158.4,6000.3
177427297.2677,30158.4,6000.3
177427299.2677,30158.4,6000.3
177427301.2677,30158.4,6000.3
177427303.2677,30158.4,6000.3
177427305.2677,30158.4,6000.3
177427307.2677,30158.4,6000.3
177427309.2677,30158.4,6000.3
177427311.2677,30158.4,6000.3
177427313.2677,30158.4,6000.3
177427315.2677,30158.4,6000.3
177427317.2677,30158.4,6000.3
177427319.2677,30158.4,6000.3
177427321.2677,30158.4,6000.3
177427323.2677,30158.4,6000.3
177427325.2677,30158.4,6000.3
177427327.2677,30158.4,6000.3
177427329.2677,30158.4,6000.3
177427331.2677,30158.4,6000.3
177427333.2677,30158.4,6000.3
177427335.2677,30158.4,6000.3
177427337.2677,30158.4,6000.3
177427339.2677,30158.4,6000.3
177427341.2677,30158.4,6000.3
177427343.2677,30158.4,6000.3
177427345.2677,30158.4,6000.3
177427347.2677,30158.4,6000.3
177427349.2677,30158.4,6000.3
177427351.2677,30158.4,6000.3
177427353.2677,30158.4,6000.3
177427355.2677,30158.4,6000.3
177427357.2677,30158.4,6000.3
177427359.2677,30158.4,6000.3
177427361.2677,30158.4,6000.3
177427363.2677,30158.4,6000.3
177427365.2677,30158.4,6000.3
177427367.2677,30158.4,6000.3
177427369.2677,30158.4,6000.3
177427371.2677,30158.4,6000.3
177427373.2677,30158.4,6000.3
177427375.2677,30158.4,6000.3
177427377.2677,30158.4,6000.3
177427379.2677,30158.4,6000.3
177427381.2677,30158.4,6000.3
177427383.2677,30158.4,6000.3
177427385.2677,30158.4,6000.3
177427387.2677,30158.4,6000.3
177427389.2677,30158.4,6000.3
177427391.2677,30158.4,6000.3
177427393.2677,30158.4,6000.3
177427395.2677,30158.4,6000.3
177427397.2677,30158.4,6000.3
177427399.2677,30158.4,6000.3
177427401.2677,30158.4,6000.3
177427403.2677,30158.4,6000.3
177427405.2677,30158.4,6000.3
177427407.2677,30158.4,6000.3
177427409.2677,30158.4,6000.3
177427411.2677,30158.4,6000.3
177427413.2677,30158.4,6000.3
177427415.2677,30158.4,6000.3
177427417.2677,30158.4,6000.3
177427419.2677,30158.4,6000.3
177427421.2677,30158.4,6000.3
177427423.2677,30158.4,6000.3
177427425.2677,30158.4,6000.3
177427427.2677,30158.4,6000.3
177427429.2677,30158.4,6000.3
177427431.2677,30158.4,6000.3
177427433.2677,30158.4,6000.3
177427435.2677,30158.4,6000.3
177427437.2677,30158.4,6000.3
177427439.2677,30158.4,6000.3
177427441.2677,30158.4,6000.3
177427443.2677,30158.4,6000.3
177427445.2677,30158.4,6000.3
177427447.2677,30158.4,6000.3
177427449.2677,30158.4,6000.3
177427451.2677,30158.4,6000.3
177427453.2677,30158.4,6000.3
177427455.2677,30158.4,6000.3
177427457.2677,30158.4,6000.3
177427459.2677,30158.4,6000.3
177427461.2677,30158.4,6000.3
177427463.2677,30158.4,6000.3
177427465.2677,30158.4,6000.3
177427467.2677,30158.4,6000.3
177427469.2677,30158.4,6000.3
177427471.2677,30158.4,6000.3
177427473.2677,30158.4,6000.3
177427475.2677,30158.4,6000.3
177427477.2677,30158.4,6000.3
177427479.2677,30158.4,6000.3
177427481.2677,30158.4,6000.3
177427483.2677,30158.4,6000.3
177427485.2677,30158.4,6000.3
177427487.2677,30158.4,6000.3
177427489.2677,30158.4,6000.3
177427491.2677,30158.4,6000.3
177427493.2677,30158.4,6000.3
177427495.2677,30158.4,6000.3
177427497.2677,30158.4,6000.3
177427499.2677,30158.4,6000.3
177427501.2677,30158.4,6000.3
177427503.2677,30158.4,6000.3
177427505.2677,30158.4,6000.3
177427507.2677,30158.4,6000.3
177427509.2677,30158.4,6000.3
177427511.2677,30158.4,6000.3
177427513.2677,30158.4,6000.3
177427515.2677,30158.4,6000.3
177427517.2677,30158.4,6000.3
177427519.2677,30158.4,6000.3
177427521.2677,30158.4,6000.3
177427523.2677,30158.4,6000.3
177427525.2677,30158.4,6000.3
177427527.2677,30158.4,6000.3
177427529.2677,30158.4,6000.3
177427531.2677,30158.4,6000.3
177427533.2677,30158.4,6000.3
177427535.2677,30158.4,6000.3
177427537.2677,30158.4,6000.3
177427539.2677,30158.4,6000.3
177427541.2677,30158.4,6000.3
177427543.2677,30158.4,6000.3
177427545.2677,30158.4,6000.3
177427547.2677,30158.4,6000.3
177427549.2677,30158.4,6000.3
177427551.2677,30158.4,6000.3
177427553.2677,30158.4,6000.3
177427555.2677,30158.4,6000.3
177427557.2677,30158.4,6000.3
177427559.2677,30158.4,6000.3
177427561.2677,30158.4,6000.3
177427563.2677,30158.4,6000.3
177427565.2677,30158.4,6000.3
177427567.2677,30158.4,6000.3
177427569.2677,30158.4,6000.3
177427571.2677,30158.4,6000.3
177427573.2677,30158.4,6000.3
177427575.2677,30158.4,6000.3
177427577.2677,30158.4,6000.3
177427579.2677,30158.4,6000.3
177427581.2677,30158.4,6000.3
177427583.2677,30158.4,6000.3
177427585.2677,30158.4,6000.3
177427587.2677,30158.4,6000.3
177427589.2677,30158.4,6000.3
177427591.2677,30158.4,6000.3
177427593.2677,30158.4,6000.3
177427595.2677,30158.4,6000.3
177427597.2677,30158.4,6000.3
177427599.2677,30158.4,6000.3
177427601.2677,30158.4,6000.3
177427603.2677,30158.4,6000.3
177427605.2677,30158.4,6000.3
177427607.2677,30158.4,6000.3
177427609.2677,30158.4,6000.3
177427611.2677,30158.4,6000.3
177427613.2677,30158.4,6000.3
177427615.2677,30158.4,6000.3
177427617.2677,30158.4,6000.3
177427619.2677,30158.4,6000.3
177427621.2677,30158.4,6000.3
177427623.2677,30158.4,6000.3
177427625.2677,30158.4,6000.3
177427627.2677,30158.4,6000.3
177427629.2677,30158.4,6000.3
177427631.2677,30158.4,6000.3
177427633.2677,30158.4,6000.3
177427635.2677,30158.4,6000.3
177427637.2677,30158.4,6000.3
177427639.2677,30158.4,6000.3
177427641.2677,30158.4,6000.3
177427643.2677,30158.4,6000.3
177427645.2677,30158.4,6000.3
177427647.2677,30158.4,6000.3
177427649.2677,30158.4,6000.3
177427651.2677,30158.4,6000.3
177427653.2677,30158.4,6000.3
177427655.2677,30158.4,6000.3
177427657.2677,30158.4,6000.3
177427659.2677,30158.4,6000.3
177427661.2677,30158.4,6000.3
177427663.2677,30158.4,6000.3
177427665.2677,30158.4,6000.3
177427667.2677,30158.4,6000.3
177427669.2677,30158.4,6000.3
177427671.2677,30158.4,6000.3
177427673.2677,30158.4,6000.3
177427675.2677,30158.4,6000.3
177427677.2677,30158.4,6000.3
177427679.2677,30158.4,6000.3
177427681.2677,30158.4,6000.3
177427683.2677,30158.4,6000.3
177427685.2677,30158.4,6000.3
177427687.2677,30158.4,6000.3
177427689.2677,30158.4,6000.3
177427691.2677,30158.4,6000.3
177427693.2677,30158.4,6000.3
177427695.2677,30158.4,6000.3
177427697.2677,30158.4,6000.3
177427699.2677,30158.4,6000.3
177427701.2677,30158.4,6000.3
177427703.2677,30158.4,6000.3
177427705.2677,30158.4,6000.3
177427707.2677,30158.4,6000.3
177427709.2677,30158.4,6000.3
177427711.2677,30158.4,6000.3
177427713.2677,30158.4,6000.3
177427715.2677,30158.4,6000.3
177427717.2677,30158.4,6000.3
177427719.2677,30158.4,6000.3
177427721.2677,30158.300000000003,6000.400000000001
177427723.2677,30158.300000000003,6000.400000000001
177427725.2677,30158.300000000003,6000.400000000001
177427727.2677,30158.300000000003,6000.400000000001
177427729.2677,30158.200000000004,6000.400000000001
177427731.2677,30158.200000000004,6000.400000000001
177427733.2677,30158.200000000004,6000.400000000001
177427735.2677,30158.200000000004,6000.400000000001
177427737.2677,30158.200000000004,6000.400000000001
177427739.2677,30158.200000000004,6000.400000000001
177427741.2677,30158.200000000004,6000.400000000001
177427743.2677,30158.200000000004,6000.400000000001
177427745.2677,30158.200000000004,6000.400000000001
177427747.2677,30158.200000000004,6000.400000000001
177427749.2677,30158.200000000004,6000.400000000001
177427751.2677,30158.200000000004,6000.400000000001
177427753.2677,30158.200000000004,6000.400000000001
177427755.2677,30158.200000000004,6000.400000000001
177427757.2677,30158.200000000004,6000.400000000001
177427759.2677,30158.200000000004,6000.400000000001
177427761.2677,30158.200000000004,6000.400000000001
177427763.2677,30158.200000000004,6000.400000000001
177427765.2677,30158.200000000004,6000.400000000001
177427767.2677,30158.200000000004,6000.400000000001
177427769.2677,30158.200000000004,6000.400000000001
177427771.2677,30158.200000000004,6000.400000000001
177427773.2677,30158.200000000004,6000.400000000001
177427775.2677,30158.200000000004,6000.400000000001
177427777.2677,30158.200000000004,6000.400000000001
177427779.2677,30158.200000000004,6000.400000000001
177427781.2677,30158.200000000004,6000.400000000001
177427783.2677,30158.200000000004,6000.400000000001
177427785.2677,30158.200000000004,6000.400000000001
177427787.2677,30158.200000000004,6000.400000000001
177427789.2677,30158.200000000004,6000.400000000001
177427791.2677,30158.200000000004,6000.400000000001
177427793.2677,30158.200000000004,6000.400000000001
177427795.2677,30158.200000000004,6000.400000000001
177427797.2677,30158.200000000004,6000.400000000001
177427799.2677,30158.200000000004,6000.400000000001
177427801.2677,30158.200000000004,6000.400000000001
177427805.2677,30158.200000000004,6000.400000000001
177427807.2677,30158.200000000004,6000.400000000001
177427809.2677,30158.200000000004,6000.400000000001
177427811.2677,30158.800000000003,6000.400000000001
177427813.2677,30158.800000000003,6000.400000000001
177427815.2677,30158.800000000003,6000.400000000001
177427817.2677,30158.800000000003,6000.400000000001
177427819.2677,30158.800000000003,6000.400000000001
177427821.2677,30158.800000000003,6000.400000000001
177427823.2677,30158.800000000003,6000.400000000001
177427825.2677,30158.800000000003,6000.400000000001
177427827.2677,30158.800000000003,6000.400000000001
177427829.2677,30158.800000000003,6000.400000000001
177427831.2677,30158.700000000004,6000.500000000001
177427833.2677,30158.700000000004,6000.500000000001
177427835.2677,30158.700000000004,6000.500000000001
177427837.2677,30158.700000000004,6000.500000000001
177427839.2677,30158.700000000004,6000.500000000001
177427841.2677,30158.700000000004,6000.500000000001
177427843.2677,30158.700000000004,6000.500000000001
177427845.2677,30158.700000000004,6000.500000000001
177427847.2677,30158.700000000004,6000.500000000001
177427849.2677,30158.700000000004,6000.500000000001
177427851.2677,30158.700000000004,6000.500000000001
177427853.2677,30158.700000000004,6000.500000000001
177427855.2677,30158.700000000004,6000.500000000001
177427857.2677,30158.600000000006,6000.500000000001
177427859.2677,30158.600000000006,6000.500000000001
177427861.2677,30158.600000000006,6000.500000000001
177427863.2677,30158.600000000006,6000.500000000001
177427865.2677,30158.600000000006,6000.500000000001
177427867.2677,30158.600000000006,6000.500000000001
177427869.2677,30158.600000000006,6000.500000000001
177427871.2677,30158.600000000006,6000.500000000001
177427873.2677,30158.600000000006,6000.500000000001
177427875.2677,30158.600000000006,6000.500000000001
177427877.2677,30158.600000000006,6000.500000000001
177427879.2677,30158.600000000006,6000.500000000001
177427881.2677,30158.600000000006,6000.500000000001
177427883.2677,30158.600000000006,6000.500000000001
177427885.2677,30158.600000000006,6000.500000000001
177427887.2677,30158.600000000006,6000.500000000001
177427889.2677,30158.600000000006,6000.500000000001
177427891.2677,30158.600000000006,6000.500000000001
177427893.2677,30158.600000000006,6000.500000000001
177427895.2677,30158.600000000006,6000.500000000001
177427897.2677,30158.600000000006,6000.500000000001
177427899.2677,30158.600000000006,6000.500000000001
177427901.2677,30158.600000000006,6000.500000000001
177427903.2677,30158.600000000006,6000.500000000001
177427905.2677,30158.600000000006,6000.500000000001
177427907.2677,30158.600000000006,6000.500000000001
177427909.2677,30158.600000000006,6000.500000000001
177427911.2677,30158.600000000006,6000.500000000001
177427913.2677,30158.600000000006,6000.500000000001
177427915.2677,30158.600000000006,6000.500000000001
177427917.2677,30158.600000000006,6000.500000000001
177427919.2677,30158.600000000006,6000.500000000001
177427921.2677,30158.600000000006,6000.500000000001
177427923.2677,30158.600000000006,6000.500000000001
177427925.2677,30158.600000000006,6000.500000000001
177427927.2677,30158.600000000006,6000.500000000001
177427929.2677,30158.600000000006,6000.500000000001
177427931.2677,30158.600000000006,6000.500000000001
177427933.2677,30158.600000000006,6000.500000000001
177427935.2677,30158.600000000006,6000.500000000001
177427937.2677,30158.600000000006,6000.500000000001
177427939.2677,30158.600000000006,6000.500000000001
177427941.2677,30158.600000000006,6000.500000000001
177427943.2677,30158.600000000006,6000.500000000001
177427945.2677,30158.600000000006,6000.500000000001
177427947.2677,30158.600000000006,6000.500000000001
177427949.2677,30158.600000000006,6000.500000000001
177427951.2677,30158.600000000006,6000.500000000001
177427953.2677,30158.600000000006,6000.500000000001
177427955.2677,30158.600000000006,6000.500000000001
177427957.2677,30158.600000000006,6000.500000000001
177427959.2677,30158.600000000006,6000.500000000001
177427961.2677,30158.600000000006,6000.500000000001
177427963.2677,30158.600000000006,6000.500000000001
177427965.2677,30158.600000000006,6000.500000000001
177427967.2677,30158.600000000006,6000.500000000001
177427969.2677,30158.600000000006,6000.500000000001
177427971.2677,30158.600000000006,6000.500000000001
177427973.2677,30158.600000000006,6000.500000000001
177427975.2677,30158.600000000006,6000.500000000001
177427977.2677,30158.600000000006,6000.500000000001
177427979.2677,30158.600000000006,6000.500000000001
177427981.2677,30158.600000000006,6000.500000000001
177427983.2677,30158.600000000006,6000.500000000001
177427985.2677,30158.600000000006,6000.500000000001
177427987.2677,30158.600000000006,6000.500000000001
177427989.2677,30158.600000000006,6000.500000000001
177427991.2677,30158.600000000006,6000.500000000001
177427993.2677,30158.600000000006,6000.500000000001
177427995.2677,30158.600000000006,6000.500000000001
177427997.2677,30158.600000000006,6000.500000000001
177427999.2677,30158.600000000006,6000.500000000001
177428001.2677,30158.600000000006,6000.500000000001
177428003.2677,30158.600000000006,6000.500000000001
177428005.2677,30158.600000000006,6000.500000000001
177428007.2677,30158.600000000006,6000.500000000001
177428009.2677,30158.600000000006,6000.500000000001
177428011.2677,30158.600000000006,6000.500000000001
177428013.2677,30158.600000000006,6000.500000000001
177428015.2677,30158.600000000006,6000.500000000001
177428017.2677,30158.500000000007,6000.500000000001
177428019.2677,30158.500000000007,6000.500000000001
177428021.2677,30158.500000000007,6000.500000000001
177428023.2677,30158.500000000007,6000.500000000001
177428025.2677,30158.500000000007,6000.500000000001
177428027.2677,30158.500000000007,6000.500000000001
177428029.2677,30158.500000000007,6000.500000000001
177428031.2677,30158.500000000007,6000.500000000001
177428033.2677,30158.500000000007,6000.500000000001
177428035.2677,30158.500000000007,6000.500000000001
177428037.2677,30158.500000000007,6000.500000000001
177428039.2677,30158.500000000007,6000.500000000001
177428041.2677,30158.500000000007,6000.500000000001
177428043.2677,30158.500000000007,6000.500000000001
177428045.2677,30158.500000000007,6000.500000000001
177428047.2677,30158.500000000007,6000.500000000001
177428049.2677,30158.500000000007,6000.500000000001
177428051.2677,30158.500000000007,6000.500000000001
177428053.2677,30158.500000000007,6000.500000000001
177428055.2677,30158.500000000007,6000.500000000001
177428057.2677,30158.500000000007,6000.500000000001
177428059.2677,30158.500000000007,6000.500000000001
177428061.2677,30158.500000000007,6000.500000000001
177428063.2677,30158.500000000007,6000.500000000001
177428065.2677,30158.500000000007,6000.500000000001
177428067.2677,30158.500000000007,6000.500000000001
177428069.2677,30158.500000000007,6000.500000000001
177428071.2677,30158.500000000007,6000.500000000001
177428073.2677,30158.500000000007,6000.500000000001
177428075.2677,30158.500000000007,6000.500000000001
177428077.2677,30158.500000000007,6000.500000000001
177428079.2677,30158.500000000007,6000.500000000001
177428081.2677,30158.500000000007,6000.500000000001
177428083.2677,30158.500000000007,6000.500000000001
177428085.2677,30158.500000000007,6000.500000000001
177428087.2677,30158.500000000007,6000.500000000001
177428089.2677,30158.500000000007,6000.500000000001
177428091.2677,30158.500000000007,6000.500000000001
177428093.2677,30158.500000000007,6000.500000000001
177428095.2677,30158.500000000007,6000.500000000001
177428097.2677,30158.500000000007,6000.500000000001
177428099.2677,30158.500000000007,6000.500000000001
177428101.2677,30158.500000000007,6000.500000000001
177428103.2677,30158.500000000007,6000.500000000001
177428105.2677,30158.500000000007,6000.500000000001
177428107.2677,30158.500000000007,6000.500000000001
177428109.2677,30158.500000000007,6000.500000000001
177428111.2677,30158.500000000007,6000.500000000001
177428113.2677,30158.500000000007,6000.500000000001
177428115.2677,30158.500000000007,6000.500000000001
177428117.2677,30158.500000000007,6000.500000000001
177428119.2677,30158.500000000007,6000.500000000001
177428121.2677,30158.500000000007,6000.500000000001
177428123.2677,30158.500000000007,6000.500000000001
177428125.2677,30158.500000000007,6000.500000000001
177428127.2677,30158.500000000007,6000.500000000001
177428129.2677,30158.500000000007,6000.500000000001
177428131.2677,30158.500000000007,6000.500000000001
177428133.2677,30158.500000000007,6000.500000000001
177428135.2677,30158.500000000007,6000.500000000001
177428137.2677,30158.500000000007,6000.500000000001
177428139.2677,30158.40000000001,6000.400000000001
177428141.2677,30158.40000000001,6000.400000000001
177428143.2677,30158.40000000001,6000.400000000001
177428145.2677,30158.40000000001,6000.400000000001
177428147.2677,30158.40000000001,6000.400000000001
177428149.2677,30158.40000000001,6000.400000000001
177428151.2677,30158.40000000001,6000.400000000001
177428153.2677,30158.40000000001,6000.400000000001
177428155.2677,30158.40000000001,6000.400000000001
177428157.2677,30158.40000000001,6000.400000000001
177428159.2677,30158.40000000001,6000.400000000001
177428161.2677,30158.40000000001,6000.400000000001
177428163.2677,30158.40000000001,6000.400000000001
177428165.2677,30158.40000000001,6000.400000000001
177428167.2677,30158.40000000001,6000.400000000001
177428169.2677,30158.40000000001,6000.400000000001
177428171.2677,30158.40000000001,6000.400000000001
177428173.2677,30158.40000000001,6000.400000000001
177428175.2677,30158.40000000001,6000.400000000001
177428177.2677,30158.40000000001,6000.400000000001
177428179.2677,30158.40000000001,6000.400000000001
177428181.2677,30158.40000000001,6000.400000000001
177428183.2677,30158.40000000001,6000.400000000001
177428185.2677,30158.40000000001,6000.400000000001
177428187.2677,30158.40000000001,6000.400000000001
177428189.2677,30158.40000000001,6000.400000000001
177428191.2677,30158.40000000001,6000.400000000001
177428193.2677,30158.40000000001,6000.500000000001
177428195.2677,30158.40000000001,6000.500000000001
177428197.2677,30158.40000000001,6000.500000000001
177428199.2677,30158.40000000001,6000.500000000001
177428201.2677,30158.40000000001,6000.500000000001
177428203.2677,30158.40000000001,6000.500000000001
177428205.2677,30158.40000000001,6000.500000000001
177428207.2677,30158.40000000001,6000.500000000001
177428209.2677,30158.40000000001,6000.500000000001
177428211.2677,30158.40000000001,6000.500000000001
177428213.2677,30158.40000000001,6000.500000000001
177428215.2677,30158.40000000001,6000.500000000001
177428217.2677,30158.40000000001,6000.500000000001
177428219.2677,30158.40000000001,6000.500000000001
177428221.2677,30158.40000000001,6000.500000000001
177428223.2677,30158.40000000001,6000.500000000001
177428225.2677,30158.40000000001,6000.500000000001
177428227.2677,30158.40000000001,6000.500000000001
177428229.2677,30158.40000000001,6000.500000000001
177428231.2677,30158.40000000001,6000.500000000001
177428233.2677,30158.40000000001,6000.500000000001
177428235.2677,30158.40000000001,6000.500000000001
177428237.2677,30158.40000000001,6000.500000000001
177428239.2677,30158.40000000001,6000.500000000001
177428241.2677,30158.40000000001,6000.500000000001
177428243.2677,30158.40000000001,6000.500000000001
177428245.2677,30158.40000000001,6000.500000000001
177428247.2677,30158.40000000001,6000.500000000001
177428249.2677,30158.40000000001,6000.600000000001
177428251.2677,30158.40000000001,6000.600000000001
177428253.2677,30158.40000000001,6000.600000000001
177428255.2677,30158.40000000001,6000.600000000001
177428257.2677,30158.40000000001,6000.600000000001
177428259.2677,30158.40000000001,6000.600000000001
177428261.2677,30158.40000000001,6000.600000000001
177428263.2677,30158.40000000001,6000.600000000001
177428265.2677,30158.40000000001,6000.600000000001
177428267.2677,30158.40000000001,6000.600000000001
177428269.2677,30158.40000000001,6000.600000000001
177428271.2677,30158.40000000001,6000.600000000001
177428273.2677,30158.40000000001,6000.600000000001
177428275.2677,30158.40000000001,6000.600000000001
177428277.2677,30158.40000000001,6000.600000000001
177428279.2677,30158.40000000001,6000.600000000001
177428281.2677,30158.40000000001,6000.600000000001
177428283.2677,30158.40000000001,6000.600000000001
177428285.2677,30158.40000000001,6000.600000000001
177428287.2677,30158.40000000001,6000.600000000001
177428289.2677,30158.40000000001,6000.600000000001
177428291.2677,30158.40000000001,6000.600000000001
177428293.2677,30158.40000000001,6000.600000000001
177428295.2677,30158.40000000001,6000.600000000001
177428297.2677,30158.40000000001,6000.600000000001
177428299.2677,30158.40000000001,6000.600000000001
177428301.2677,30158.40000000001,6000.600000000001
177428303.2677,30158.40000000001,6000.600000000001
177428305.2677,30158.40000000001,6000.600000000001
177428307.2677,30158.40000000001,6000.600000000001
177428309.2677,30158.40000000001,6000.600000000001
177428311.2677,30158.40000000001,6000.600000000001
177428313.2677,30158.40000000001,6000.600000000001
177428315.2677,30158.40000000001,6000.600000000001
177428317.2677,30158.40000000001,6000.600000000001
177428319.2677,30158.40000000001,6000.600000000001
177428321.2677,30158.40000000001,6000.600000000001
177428323.2677,30158.40000000001,6000.600000000001
177428325.2677,30158.40000000001,6000.600000000001
177428327.2677,30158.40000000001,6000.600000000001
177428329.2677,30158.40000000001,6000.700000000002
177428331.2677,30158.40000000001,6000.700000000002
177428333.2677,30158.40000000001,6000.700000000002
177428335.2677,30158.40000000001,6000.700000000002
177428337.2677,30158.40000000001,6000.700000000002
177428339.2677,30158.40000000001,6000.700000000002
177428341.2677,30158.40000000001,6000.700000000002
177428343.2677,30158.40000000001,6000.700000000002
177428345.2677,30158.40000000001,6000.700000000002
177428347.2677,30158.40000000001,6000.700000000002
177428349.2677,30158.40000000001,6000.700000000002
177428351.2677,30158.40000000001,6000.700000000002
177428353.2677,30158.40000000001,6000.700000000002
177428355.2677,30158.40000000001,6000.700000000002
177428357.2677,30158.40000000001,6000.700000000002
177428359.2677,30158.40000000001,6000.700000000002
177428361.2677,30158.40000000001,6000.700000000002
177428363.2677,30158.40000000001,6000.700000000002
177428365.2677,30158.40000000001,6000.700000000002
177428367.2677,30158.40000000001,6000.700000000002
177428369.2677,30158.40000000001,6000.700000000002
177428371.2677,30158.40000000001,6000.700000000002
177428373.2677,30158.40000000001,6000.700000000002
177428375.2677,30158.40000000001,6000.700000000002
177428377.2677,30158.40000000001,6000.700000000002
177428379.2677,30158.40000000001,6000.700000000002
177428381.2677,30158.40000000001,6000.700000000002
177428383.2677,30158.40000000001,6000.700000000002
177428385.2677,30158.40000000001,6000.700000000002
177428387.2677,30158.40000000001,6000.700000000002
177428389.2677,30158.40000000001,6000.700000000002
177428391.2677,30158.40000000001,6000.700000000002
177428393.2677,30158.40000000001,6000.700000000002
177428395.1677,30158.40000000001,6000.700000000002
177428397.1677,30158.40000000001,6000.800000000002
177428399.1677,30158.40000000001,6000.800000000002
177428401.1677,30158.40000000001,6000.800000000002
177428403.1677,30158.40000000001,6000.800000000002
177428405.1677,30158.40000000001,6000.800000000002
177428407.1677,30158.40000000001,6000.800000000002
177428409.1677,30158.40000000001,6000.800000000002
177428411.1677,30158.40000000001,6000.800000000002
177428413.1677,30158.40000000001,6000.800000000002
177428415.1677,30158.40000000001,6000.800000000002
177428417.1677,30158.40000000001,6000.800000000002
177428419.1677,30158.40000000001,6000.800000000002
177428421.1677,30158.40000000001,6000.800000000002
177428423.1677,30158.40000000001,6000.800000000002
177428425.1677,30158.40000000001,6000.800000000002
177428427.1677,30158.40000000001,6000.800000000002
177428429.1677,30158.40000000001,6000.800000000002
177428431.1677,30158.40000000001,6000.800000000002
177428433.1677,30158.40000000001,6000.800000000002
177428435.1677,30158.40000000001,6000.800000000002
177428437.1677,30158.40000000001,6000.800000000002
177428439.1677,30158.40000000001,6000.800000000002
177428441.1677,30158.40000000001,6000.800000000002
177428443.1677,30158.40000000001,6000.800000000002
177428445.1677,30158.40000000001,6000.800000000002
177428447.1677,30158.40000000001,6000.800000000002
177428449.1677,30158.40000000001,6000.800000000002
177428451.1677,30158.40000000001,6000.800000000002
177428453.1677,30158.40000000001,6000.800000000002
177428455.1677,30158.40000000001,6000.800000000002
177428457.1677,30158.40000000001,6000.800000000002
177428459.1677,30158.40000000001,6000.800000000002
177428461.1677,30158.40000000001,6000.800000000002
177428463.1677,30158.40000000001,6000.800000000002
177428465.1677,30158.40000000001,6000.800000000002
177428467.1677,30158.40000000001,6000.800000000002
177428469.1677,30158.40000000001,6000.800000000002
177428471.1677,30158.40000000001,6000.800000000002
177428473.1677,30158.40000000001,6000.800000000002
177428475.1677,30158.40000000001,6000.800000000002
177428477.1677,30158.40000000001,6000.800000000002
177428479.1677,30158.40000000001,6000.800000000002
177428481.1677,30158.40000000001,6000.800000000002
177428483.1677,30158.40000000001,6000.800000000002
177428485.1677,30158.40000000001,6000.800000000002
177428487.1677,30158.40000000001,6000.800000000002
177428489.1677,30158.40000000001,6000.800000000002
177428491.1677,30158.40000000001,6000.800000000002
177428493.1677,30158.40000000001,6000.800000000002
177428495.1677,30158.40000000001,6000.800000000002
177428497.1677,30158.40000000001,6000.800000000002
177428499.1677,30158.40000000001,6000.800000000002
177428501.1677,30158.40000000001,6000.800000000002
177428503.1677,30158.40000000001,6000.800000000002
177428505.1677,30158.40000000001,6000.800000000002
177428507.1677,30158.40000000001,6000.800000000002
177428509.1677,30158.40000000001,6000.800000000002
177428511.1677,30158.40000000001,6000.800000000002
177428513.2677,30158.40000000001,6000.800000000002
177428515.1677,30158.40000000001,6000.800000000002
177428517.1677,30158.40000000001,6000.800000000002
177428519.1677,30158.40000000001,6000.800000000002
177428521.1677,30158.40000000001,6000.800000000002
177428523.1677,30158.40000000001,6000.800000000002
177428525.1677,30158.40000000001,6000.800000000002
177428527.1677,30158.40000000001,6000.800000000002
177428529.1677,30158.40000000001,6000.800000000002
177428531.1677,30158.40000000001,6000.800000000002
177428533.1677,30158.40000000001,6000.800000000002
177428535.1677,30158.40000000001,6000.800000000002
177428537.1677,30158.40000000001,6000.800000000002
177428539.1677,30158.40000000001,6000.800000000002
177428541.1677,30158.40000000001,6000.800000000002
177428543.1677,30158.40000000001,6000.800000000002
177428545.1677,30158.40000000001,6000.800000000002
177428547.1677,30158.40000000001,6000.800000000002
177428549.1677,30158.40000000001,6000.800000000002
177428551.1677,30158.40000000001,6000.800000000002
177428553.1677,30158.40000000001,6000.800000000002
177428555.1677,30158.40000000001,6000.800000000002
177428557.1677,30158.40000000001,6000.800000000002
177428559.1677,30158.40000000001,6000.800000000002
177428561.1677,30158.40000000001,6000.800000000002
177428563.1677,30158.40000000001,6000.800000000002
177428565.1677,30158.40000000001,6000.800000000002
177428567.1677,30158.40000000001,6000.800000000002
177428569.1677,30158.40000000001,6000.800000000002
177428571.1677,30158.40000000001,6000.800000000002
177428573.1677,30158.40000000001,6000.800000000002
177428575.1677,30158.40000000001,6000.800000000002
177428577.1677,30158.40000000001,6000.800000000002
177428579.1677,30158.40000000001,6000.800000000002
177428581.1677,30158.40000000001,6000.800000000002
177428583.1677,30158.40000000001,6000.800000000002
177428585.1677,30158.40000000001,6000.800000000002
177428587.1677,30158.40000000001,6000.800000000002
177428589.1677,30158.40000000001,6000.800000000002
177428591.1677,30158.40000000001,6000.800000000002
177428593.1677,30158.40000000001,6000.800000000002
177428595.1677,30158.40000000001,6000.800000000002
177428597.1677,30158.40000000001,6000.800000000002
177428599.1677,30158.40000000001,6000.800000000002
177428601.1677,30158.40000000001,6000.800000000002
177428603.1677,30158.40000000001,6000.800000000002
177428605.1677,30158.40000000001,6000.800000000002
177428607.1677,30158.40000000001,6000.800000000002
177428609.1677,30158.40000000001,6000.800000000002
177428611.1677,30158.40000000001,6000.800000000002
177428613.1677,30158.30000000001,6000.800000000002
177428615.1677,30158.30000000001,6000.800000000002
177428617.1677,30158.80000000001,6000.800000000002
177428619.1677,30158.80000000001,6000.800000000002
177428621.1677,30158.80000000001,6000.800000000002
177428623.1677,30158.80000000001,6000.800000000002
177428625.1677,30158.80000000001,6000.800000000002
177428627.1677,30158.80000000001,6000.800000000002
177428629.1677,30158.80000000001,6000.800000000002
177428631.1677,30158.80000000001,6000.800000000002
177428633.1677,30158.80000000001,6000.800000000002
177428635.1677,30158.80000000001,6000.800000000002
177428637.1677,30158.80000000001,6000.800000000002
177428639.1677,30158.80000000001,6000.800000000002
177428641.1677,30158.80000000001,6000.800000000002
177428643.1677,30158.80000000001,6000.800000000002
177428645.1677,30158.80000000001,6000.800000000002
177428647.1677,30158.80000000001,6000.800000000002
177428649.1677,30158.80000000001,6000.800000000002
177428651.1677,30158.80000000001,6000.800000000002
177428653.1677,30158.80000000001,6000.800000000002
177428655.1677,30158.80000000001,6000.800000000002
177428657.1677,30158.80000000001,6000.800000000002
177428659.1677,30158.80000000001,6000.800000000002
177428661.1677,30158.80000000001,6000.800000000002
177428663.1677,30158.80000000001,6000.800000000002
177428665.1677,30158.80000000001,6000.800000000002
177428667.1677,30158.80000000001,6000.800000000002
177428669.1677,30158.80000000001,6000.800000000002
177428671.1677,30158.80000000001,6000.800000000002
177428673.1677,30158.80000000001,6000.800000000002
177428675.1677,30158.80000000001,6000.800000000002
177428677.1677,30158.80000000001,6000.800000000002
177428679.1677,30158.80000000001,6000.800000000002
177428681.1677,30158.80000000001,6000.800000000002
177428683.1677,30158.80000000001,6000.800000000002
177428685.1677,30158.80000000001,6000.800000000002
177428687.1677,30158.80000000001,6000.800000000002
177428689.1677,30158.80000000001,6000.800000000002
177428691.1677,30158.80000000001,6000.800000000002
177428693.1677,30158.80000000001,6000.800000000002
177428695.1677,30158.80000000001,6000.800000000002
177428697.1677,30158.80000000001,6000.800000000002
177428699.1677,30158.70000000001,6000.800000000002
177428701.1677,30158.70000000001,6000.800000000002
177428703.1677,30158.70000000001,6000.800000000002
177428705.1677,30158.70000000001,6000.800000000002
177428707.1677,30158.70000000001,6000.800000000002
177428709.1677,30158.70000000001,6000.800000000002
177428711.1677,30158.70000000001,6000.800000000002
177428713.1677,30158.70000000001,6000.800000000002
177428715.1677,30158.70000000001,6000.800000000002
177428717.1677,30158.70000000001,6000.800000000002
177428719.1677,30158.70000000001,6000.800000000002
177428721.1677,30158.70000000001,6000.800000000002
177428723.1677,30158.70000000001,6000.800000000002
177428725.1677,30158.70000000001,6000.800000000002
177428727.1677,30158.70000000001,6000.800000000002
177428729.1677,30158.70000000001,6000.800000000002
177428731.1677,30158.70000000001,6000.800000000002
177428733.1677,30158.70000000001,6000.800000000002
177428735.1677,30158.70000000001,6000.800000000002
177428737.1677,30158.70000000001,6000.800000000002
177428739.1677,30158.70000000001,6000.800000000002
177428741.1677,30158.70000000001,6000.800000000002
177428743.0677,30158.70000000001,6000.800000000002
177428745.0677,30158.70000000001,6000.800000000002
177428747.0677,30158.70000000001,6000.800000000002
177428749.0677,30158.70000000001,6000.800000000002
177428751.0677,30158.70000000001,6000.800000000002
177428753.0677,30158.70000000001,6000.800000000002
177428755.0677,30158.70000000001,6000.800000000002
177428757.0677,30158.70000000001,6000.800000000002
177428759.0677,30158.70000000001,6000.800000000002
177428761.0677,30158.70000000001,6000.800000000002
177428763.0677,30158.70000000001,6000.800000000002
177428765.0677,30158.70000000001,6000.800000000002
177428767.0677,30158.70000000001,6000.800000000002
177428769.0677,30158.70000000001,6000.800000000002
177428771.0677,30158.70000000001,6000.800000000002
177428773.0677,30158.70000000001,6000.800000000002
177428775.0677,30158.70000000001,6000.800000000002
177428777.0677,30158.70000000001,6000.800000000002
177428779.0677,30158.70000000001,6000.800000000002
177428781.0677,30158.70000000001,6000.800000000002
177428783.0677,30158.70000000001,6000.800000000002
177428785.0677,30158.70000000001,6000.800000000002
177428787.0677,30158.70000000001,6000.800000000002
177428789.0677,30158.70000000001,6000.800000000002
177428791.0677,30158.70000000001,6000.800000000002
177428793.0677,30158.70000000001,6000.800000000002
177428795.0677,30158.70000000001,6000.800000000002
177428797.0677,30158.70000000001,6000.800000000002
177428799.0677,30158.70000000001,6000.800000000002
177428801.0677,30158.70000000001,6000.800000000002
177428803.0677,30158.70000000001,6000.800000000002
177428805.0677,30158.70000000001,6000.800000000002
177428807.0677,30158.70000000001,6000.800000000002
177428809.0677,30158.70000000001,6000.800000000002
177428811.0677,30158.70000000001,6000.800000000002
177428813.0677,30158.70000000001,6000.800000000002
177428815.0677,30158.70000000001,6000.800000000002
177428817.0677,30158.70000000001,6000.800000000002
177428819.0677,30158.70000000001,6000.800000000002
177428821.0677,30158.70000000001,6000.800000000002
177428823.0677,30158.70000000001,6000.800000000002
177428825.0677,30158.70000000001,6000.800000000002
177428827.0677,30158.70000000001,6000.800000000002
177428829.0677,30158.70000000001,6000.800000000002
177428831.0677,30158.70000000001,6000.800000000002
177428833.0677,30158.70000000001,6000.800000000002
177428835.0677,30158.70000000001,6000.800000000002
177428837.0677,30158.70000000001,6000.800000000002
177428839.0677,30158.70000000001,6000.800000000002
177428841.0677,30158.70000000001,6000.800000000002
177428843.0677,30158.70000000001,6000.800000000002
177428845.0677,30158.70000000001,6000.800000000002
177428847.0677,30158.70000000001,6000.800000000002
177428849.0677,30158.70000000001,6000.800000000002
177428851.0677,30158.70000000001,6000.800000000002
177428853.0677,30158.70000000001,6000.800000000002
177428855.0677,30158.70000000001,6000.800000000002
177428857.0677,30158.70000000001,6000.800000000002
177428859.0677,30158.70000000001,6000.800000000002
177428861.0677,30158.70000000001,6000.800000000002
177428863.0677,30158.70000000001,6000.800000000002
177428865.0677,30158.70000000001,6000.800000000002
177428867.0677,30158.70000000001,6000.800000000002
177428869.0677,30158.70000000001,6000.800000000002
177428871.0677,30158.70000000001,6000.800000000002
177428873.0677,30158.70000000001,6000.800000000002
177428875.0677,30158.70000000001,6000.800000000002
177428877.0677,30158.70000000001,6000.800000000002
177428879.0677,30158.70000000001,6000.800000000002
177428881.0677,30158.70000000001,6000.800000000002
177428883.0677,30158.70000000001,6000.800000000002
177428885.0677,30158.70000000001,6000.800000000002
177428887.0677,30158.70000000001,6000.800000000002
177428889.0677,30158.70000000001,6000.800000000002
177428891.0677,30158.70000000001,6000.800000000002
177428893.0677,30158.70000000001,6000.800000000002
177428895.0677,30158.70000000001,6000.800000000002
177428897.0677,30158.70000000001,6000.800000000002
177428899.0677,30158.70000000001,6000.800000000002
177428901.0677,30158.70000000001,6000.800000000002
177428903.0677,30158.70000000001,6000.800000000002
177428905.0677,30158.70000000001,6000.800000000002
177428907.0677,30158.70000000001,6000.800000000002
177428909.0677,30158.70000000001,6000.800000000002
177428911.0677,30158.70000000001,6000.800000000002
177428913.0677,30158.70000000001,6000.800000000002
177428915.0677,30158.70000000001,6000.800000000002
177428917.0677,30158.70000000001,6000.800000000002
177428919.0677,30158.70000000001,6000.800000000002
177428921.0677,30158.70000000001,6000.800000000002
177428923.0677,30158.70000000001,6000.800000000002
177428925.0677,30158.70000000001,6000.800000000002
177428927.0677,30158.70000000001,6000.800000000002
177428929.0677,30158.70000000001,6000.800000000002
177428931.0677,30158.70000000001,6000.800000000002
177428933.0677,30158.70000000001,6000.800000000002
177428935.0677,30158.70000000001,6000.800000000002
177428937.0677,30158.70000000001,6000.800000000002
177428939.0677,30158.70000000001,6000.800000000002
177428941.0677,30158.70000000001,6000.800000000002
177428943.0677,30158.70000000001,6000.800000000002
177428945.0677,30158.70000000001,6000.800000000002
177428947.0677,30158.70000000001,6000.800000000002
177428949.0677,30158.70000000001,6000.800000000002
177428951.0677,30158.70000000001,6000.800000000002
177428953.0677,30158.70000000001,6000.800000000002
177428955.0677,30158.70000000001,6000.800000000002
177428957.0677,30158.70000000001,6000.800000000002
177428959.0677,30158.70000000001,6000.800000000002
177428961.0677,30158.70000000001,6000.800000000002
177428963.0677,30158.70000000001,6000.800000000002
177428965.0677,30158.70000000001,6000.800000000002
177428967.0677,30158.70000000001,6000.800000000002
177428969.0677,30158.70000000001,6000.800000000002
177428971.0677,30158.70000000001,6000.800000000002
177428973.0677,30158.70000000001,6000.800000000002
177428975.0677,30158.70000000001,6000.800000000002
177428977.0677,30158.70000000001,6000.800000000002
177428979.0677,30158.70000000001,6000.800000000002
177428981.0677,30158.70000000001,6000.800000000002
177428983.0677,30158.70000000001,6000.800000000002
177428985.0677,30158.70000000001,6000.800000000002
177428987.0677,30158.70000000001,6000.800000000002
177428989.0677,30158.70000000001,6000.800000000002
177428991.0677,30158.70000000001,6000.800000000002
177428993.0677,30158.70000000001,6000.800000000002
177428995.0677,30158.70000000001,6000.800000000002
177428997.0677,30158.70000000001,6000.800000000002
177428999.0677,30158.70000000001,6000.800000000002
177429001.0677,30158.70000000001,6000.800000000002
177429003.0677,30158.70000000001,6000.800000000002
177429005.0677,30158.70000000001,6000.800000000002
177429007.0677,30158.70000000001,6000.800000000002
177429009.0677,30158.70000000001,6000.800000000002
177429011.0677,30158.70000000001,6000.800000000002
177429013.0677,30158.70000000001,6000.800000000002
177429015.0677,30158.70000000001,6000.800000000002
177429017.0677,30158.70000000001,6000.800000000002
177429019.0677,30158.70000000001,6000.800000000002
177429021.0677,30158.70000000001,6000.800000000002
177429023.0677,30158.70000000001,6000.800000000002
177429025.0677,30158.70000000001,6000.800000000002
177429027.0677,30158.70000000001,6000.800000000002
177429029.0677,30158.70000000001,6000.800000000002
177429031.0677,30158.70000000001,6000.800000000002
177429033.0677,30158.70000000001,6000.800000000002
177429035.0677,30158.70000000001,6000.800000000002
177429037.0677,30158.70000000001,6000.800000000002
177429039.0677,30158.70000000001,6000.800000000002
177429041.0677,30158.70000000001,6000.800000000002
177429043.0677,30158.70000000001,6000.800000000002
177429045.0677,30158.70000000001,6000.800000000002
177429047.0677,30158.70000000001,6000.800000000002
177429049.0677,30158.70000000001,6000.800000000002
177429051.0677,30158.70000000001,6000.800000000002
177429053.0677,30158.70000000001,6000.800000000002
177429055.0677,30158.70000000001,6000.800000000002
177429057.0677,30158.70000000001,6000.800000000002
177429059.0677,30158.70000000001,6000.800000000002
177429061.0677,30158.70000000001,6000.800000000002
177429063.0677,30158.70000000001,6000.800000000002
177429065.1677,30158.70000000001,6000.800000000002
177429067.0677,30158.70000000001,6000.800000000002
177429069.0677,30158.70000000001,6000.800000000002
177429071.0677,30158.70000000001,6000.800000000002
177429073.0677,30158.70000000001,6000.800000000002
177429075.0677,30158.70000000001,6000.800000000002
177429077.0677,30158.70000000001,6000.800000000002
177429079.0677,30158.70000000001,6000.800000000002
177429081.0677,30158.70000000001,6000.800000000002
177429083.0677,30158.70000000001,6000.800000000002
177429085.0677,30158.70000000001,6000.800000000002
177429087.0677,30158.70000000001,6000.800000000002
177429089.0677,30158.70000000001,6000.800000000002
177429091.0677,30158.70000000001,6000.800000000002
177429093.0677,30158.70000000001,6000.800000000002
177429095.0677,30158.70000000001,6000.800000000002
177429097.0677,30158.70000000001,6000.800000000002
177429099.0677,30158.70000000001,6000.800000000002
177429101.0677,30158.70000000001,6000.800000000002
177429103.0677,30158.70000000001,6000.800000000002
177429105.0677,30158.70000000001,6000.800000000002
177429107.0677,30158.70000000001,6000.800000000002
177429109.0677,30158.70000000001,6000.800000000002
177429111.0677,30158.70000000001,6000.800000000002
177429113.0677,30158.70000000001,6000.800000000002
177429115.0677,30158.70000000001,6000.800000000002
177429117.0677,30158.70000000001,6000.800000000002
177429119.0677,30158.70000000001,6000.800000000002
177429121.0677,30158.70000000001,6000.800000000002
177429123.0677,30158.70000000001,6000.800000000002
177429125.0677,30158.70000000001,6000.800000000002
177429127.0677,30158.70000000001,6000.800000000002
177429129.0677,30158.70000000001,6000.800000000002
177429131.0677,30158.70000000001,6000.800000000002
177429133.0677,30158.70000000001,6000.800000000002
177429135.0677,30158.70000000001,6000.800000000002
177429137.0677,30158.70000000001,6000.800000000002
177429139.0677,30158.70000000001,6000.800000000002
177429141.0677,30158.70000000001,6000.800000000002
177429143.0677,30158.70000000001,6000.800000000002
177429145.0677,30158.70000000001,6000.800000000002
177429147.0677,30158.70000000001,6000.800000000002
177429149.0677,30158.70000000001,6000.800000000002
177429151.0677,30158.70000000001,6000.800000000002
177429153.0677,30158.70000000001,6000.800000000002
177429155.0677,30158.70000000001,6000.800000000002
177429157.0677,30158.70000000001,6000.800000000002
177429159.0677,30158.70000000001,6000.800000000002
177429161.0677,30158.70000000001,6000.800000000002
177429163.0677,30158.70000000001,6000.800000000002
177429165.0677,30158.70000000001,6000.800000000002
177429167.0677,30158.70000000001,6000.800000000002
177429169.0677,30158.70000000001,6000.800000000002
177429171.0677,30158.70000000001,6000.800000000002
177429173.0677,30158.70000000001,6000.800000000002
177429175.0677,30158.70000000001,6000.800000000002
177429177.0677,30158.70000000001,6000.800000000002
177429179.0677,30158.70000000001,6000.800000000002
177429181.0677,30158.70000000001,6000.800000000002
177429183.0677,30158.70000000001,6000.800000000002
177429185.0677,30158.70000000001,6000.800000000002
177429187.0677,30158.70000000001,6000.800000000002
177429189.0677,30158.70000000001,6000.800000000002
177429191.0677,30158.70000000001,6000.800000000002
177429193.0677,30158.70000000001,6000.800000000002
177429195.0677,30158.70000000001,6000.800000000002
177429197.0677,30158.70000000001,6000.800000000002
177429199.0677,30158.70000000001,6000.800000000002
177429201.0677,30158.70000000001,6000.800000000002
177429203.0677,30158.70000000001,6000.800000000002
177429205.0677,30158.70000000001,6000.800000000002
177429207.0677,30158.70000000001,6000.800000000002
177429209.0677,30158.70000000001,6000.800000000002
177429211.0677,30158.70000000001,6000.800000000002
177429213.0677,30158.70000000001,6000.800000000002
177429215.0677,30158.70000000001,6000.800000000002
177429217.0677,30158.70000000001,6000.800000000002
177429219.0677,30158.70000000001,6000.800000000002
177429221.0677,30158.70000000001,6000.800000000002
177429223.0677,30158.70000000001,6000.800000000002
177429225.0677,30158.70000000001,6000.800000000002
177429227.0677,30158.70000000001,6000.800000000002
177429229.0677,30158.70000000001,6000.800000000002
177429231.0677,30158.70000000001,6000.800000000002
177429233.0677,30158.70000000001,6000.800000000002
177429235.0677,30158.70000000001,6000.800000000002
177429237.0677,30158.70000000001,6000.800000000002
177429239.0677,30158.70000000001,6000.800000000002
177429241.0677,30158.70000000001,6000.800000000002
177429243.0677,30158.70000000001,6000.800000000002
177429245.0677,30158.70000000001,6000.800000000002
177429247.0677,30158.70000000001,6000.800000000002
177429249.0677,30158.70000000001,6000.800000000002
177429251.0677,30158.70000000001,6000.800000000002
177429253.0677,30158.70000000001,6000.800000000002
177429255.0677,30158.70000000001,6000.800000000002
177429257.0677,30158.70000000001,6000.800000000002
177429259.0677,30158.70000000001,6000.800000000002
177429261.0677,30158.70000000001,6000.800000000002
177429263.0677,30158.70000000001,6000.800000000002
177429265.0677,30158.70000000001,6000.800000000002
177429267.0677,30158.70000000001,6000.800000000002
177429269.0677,30158.70000000001,6000.800000000002
177429271.0677,30158.70000000001,6000.800000000002
177429273.0677,30158.70000000001,6000.800000000002
177429275.0677,30158.70000000001,6000.800000000002
177429277.0677,30158.70000000001,6000.800000000002
177429279.0677,30158.70000000001,6000.800000000002
177429281.0677,30158.70000000001,6000.800000000002
177429283.0677,30158.70000000001,6000.800000000002
177429285.0677,30158.70000000001,6000.800000000002
177429287.0677,30158.70000000001,6000.800000000002
177429289.0677,30158.70000000001,6000.800000000002
177429291.0677,30158.70000000001,6000.900000000002
177429293.0677,30158.70000000001,6000.900000000002
177429295.0677,30158.70000000001,6000.900000000002
177429297.0677,30158.70000000001,6000.900000000002
177429299.0677,30158.70000000001,6000.900000000002
177429301.0677,30158.70000000001,6000.900000000002
177429303.0677,30158.70000000001,6000.900000000002
177429305.0677,30158.70000000001,6000.900000000002
177429307.0677,30158.70000000001,6000.900000000002
177429309.0677,30158.70000000001,6000.900000000002
177429311.0677,30158.70000000001,6000.900000000002
177429313.0677,30158.70000000001,6000.900000000002
177429315.0677,30158.70000000001,6000.900000000002
177429317.0677,30158.70000000001,6000.900000000002
177429319.0677,30158.70000000001,6000.900000000002
177429321.0677,30158.70000000001,6000.900000000002
177429323.0677,30158.70000000001,6000.900000000002
177429325.0677,30158.70000000001,6000.900000000002
177429327.0677,30158.70000000001,6000.900000000002
177429329.0677,30158.70000000001,6000.900000000002
177429331.0677,30158.70000000001,6000.900000000002
177429333.0677,30158.70000000001,6000.900000000002
177429335.0677,30158.70000000001,6000.900000000002
177429337.0677,30158.70000000001,6000.900000000002
177429339.0677,30158.70000000001,6000.900000000002
177429341.0677,30158.70000000001,6000.900000000002
177429343.0677,30158.70000000001,6000.900000000002
177429345.0677,30158.70000000001,6000.900000000002
177429347.0677,30158.70000000001,6000.900000000002
177429349.0677,30158.70000000001,6000.900000000002
177429351.0677,30158.70000000001,6000.900000000002
177429353.0677,30158.70000000001,6000.900000000002
177429355.0677,30158.70000000001,6000.900000000002
177429357.0677,30158.70000000001,6000.900000000002
177429359.0677,30158.70000000001,6000.900000000002
177429361.0677,30158.70000000001,6000.900000000002
177429363.0677,30158.70000000001,6000.900000000002
177429365.0677,30158.70000000001,6000.900000000002
177429367.0677,30158.70000000001,6000.900000000002
177429369.0677,30158.70000000001,6000.900000000002
177429371.0677,30158.70000000001,6000.900000000002
177429373.0677,30158.70000000001,6000.900000000002
177429375.0677,30158.70000000001,6000.900000000002
177429377.0677,30158.70000000001,6000.900000000002
177429379.0677,30158.70000000001,6000.900000000002
177429381.0677,30158.70000000001,6000.900000000002
177429383.0677,30158.70000000001,6000.900000000002
177429385.0677,30158.70000000001,6000.900000000002
177429387.0677,30158.70000000001,6000.900000000002
177429389.0677,30158.70000000001,6000.900000000002
177429391.0677,30158.70000000001,6000.900000000002
177429393.0677,30158.70000000001,6000.900000000002
177429395.0677,30158.70000000001,6000.900000000002
177429397.0677,30158.70000000001,6000.900000000002
177429399.0677,30158.70000000001,6000.900000000002
177429401.0677,30158.70000000001,6000.900000000002
177429403.0677,30158.70000000001,6000.900000000002
177429405.0677,30158.70000000001,6000.900000000002
177429407.0677,30158.70000000001,6000.900000000002
177429409.0677,30158.70000000001,6000.900000000002
177429411.0677,30158.70000000001,6000.900000000002
177429413.0677,30158.70000000001,6000.900000000002
177429415.0677,30158.70000000001,6000.900000000002
177429417.0677,30158.70000000001,6000.900000000002
177429419.0677,30158.70000000001,6000.900000000002
177429421.0677,30158.70000000001,6000.900000000002
177429423.0677,30158.70000000001,6000.900000000002
177429425.0677,30158.70000000001,6000.900000000002
177429427.0677,30158.70000000001,6000.900000000002
177429429.0677,30158.70000000001,6000.900000000002
177429431.0677,30158.70000000001,6000.900000000002
177429433.0677,30158.70000000001,6000.900000000002
177429435.0677,30158.70000000001,6000.900000000002
177429437.0677,30158.70000000001,6000.900000000002
177429439.0677,30158.70000000001,6000.900000000002
177429441.0677,30158.70000000001,6000.900000000002
177429443.0677,30158.70000000001,6000.900000000002
177429445.0677,30158.70000000001,6000.900000000002
177429447.0677,30158.70000000001,6000.900000000002
177429449.0677,30158.70000000001,6000.900000000002
177429451.0677,30158.70000000001,6000.900000000002
177429453.0677,30158.70000000001,6000.900000000002
177429455.0677,30158.70000000001,6000.900000000002
177429457.0677,30158.70000000001,6000.900000000002
177429459.0677,30158.70000000001,6000.900000000002
177429461.0677,30158.70000000001,6000.900000000002
177429463.0677,30158.70000000001,6000.900000000002
177429465.0677,30158.70000000001,6000.900000000002
177429467.0677,30158.70000000001,6000.900000000002
177429469.0677,30158.70000000001,6000.900000000002
177429471.0677,30158.70000000001,6000.900000000002
177429473.0677,30158.70000000001,6000.900000000002
177429475.0677,30158.70000000001,6000.900000000002
177429477.0677,30158.70000000001,6000.900000000002
177429479.0677,30158.70000000001,6000.900000000002
177429481.0677,30158.70000000001,6000.900000000002
177429483.0677,30158.70000000001,6000.900000000002
177429485.0677,30158.70000000001,6000.900000000002
177429487.0677,30158.70000000001,6000.900000000002
177429489.0677,30158.70000000001,6000.900000000002
177429491.0677,30158.70000000001,6000.900000000002
177429493.0677,30158.70000000001,6000.900000000002
177429495.0677,30158.70000000001,6000.900000000002
177429497.0677,30158.70000000001,6000.900000000002
177429499.0677,30158.70000000001,6000.900000000002
177429501.0677,30158.70000000001,6000.900000000002
177429503.0677,30158.70000000001,6000.800000000002
177429505.0677,30158.70000000001,6000.800000000002
177429507.0677,30158.70000000001,6000.800000000002
177429509.0677,30158.70000000001,6000.800000000002
177429511.0677,30158.70000000001,6000.800000000002
177429513.0677,30158.70000000001,6000.800000000002
177429515.0677,30158.70000000001,6000.800000000002
177429517.0677,30158.70000000001,6000.800000000002
177429519.0677,30158.70000000001,6000.800000000002
177429521.0677,30158.70000000001,6000.800000000002
177429523.0677,30158.70000000001,6000.800000000002
177429525.0677,30158.70000000001,6000.800000000002
177429527.0677,30158.70000000001,6000.800000000002
177429529.0677,30158.70000000001,6000.700000000002
177429531.0677,30158.70000000001,6000.700000000002
177429533.0677,30158.70000000001,6000.700000000002
177429535.0677,30158.70000000001,6000.700000000002
177429537.0677,30158.70000000001,6000.700000000002
177429539.0677,30158.70000000001,6000.700000000002
177429541.0677,30158.70000000001,6000.700000000002
177429543.0677,30158.70000000001,6000.700000000002
177429545.0677,30158.70000000001,6000.700000000002
177429547.0677,30158.70000000001,6000.700000000002
177429549.0677,30158.70000000001,6000.700000000002
177429551.0677,30158.70000000001,6000.700000000002
177429553.0677,30158.70000000001,6000.700000000002
177429555.0677,30158.70000000001,6000.700000000002
177429557.0677,30158.70000000001,6000.700000000002
177429559.0677,30158.70000000001,6000.700000000002
177429561.0677,30158.70000000001,6000.700000000002
177429563.0677,30158.70000000001,6000.700000000002
177429565.0677,30158.70000000001,6000.700000000002
177429567.0677,30158.70000000001,6000.700000000002
177429569.0677,30158.70000000001,6000.700000000002
177429571.0677,30158.70000000001,6000.700000000002
177429573.0677,30158.70000000001,6000.700000000002
177429575.0677,30158.70000000001,6000.800000000002
177429577.0677,30158.70000000001,6000.800000000002
177429579.0677,30158.70000000001,6000.800000000002
177429581.0677,30158.70000000001,6000.800000000002
177429583.0677,30158.70000000001,6000.800000000002
177429585.0677,30158.70000000001,6000.800000000002
177429587.0677,30158.70000000001,6000.800000000002
177429589.0677,30158.70000000001,6000.800000000002
177429591.0677,30158.70000000001,6000.800000000002
177429593.0677,30158.70000000001,6000.800000000002
177429595.0677,30158.70000000001,6000.800000000002
177429597.0677,30158.70000000001,6000.800000000002
177429599.0677,30158.70000000001,6000.800000000002
177429601.0677,30158.70000000001,6000.800000000002
177429603.0677,30158.70000000001,6000.800000000002
177429605.0677,30158.70000000001,6000.800000000002
177429607.0677,30158.70000000001,6000.800000000002
177429609.0677,30158.70000000001,6000.800000000002
177429611.0677,30158.70000000001,6000.800000000002
177429613.0677,30158.70000000001,6000.800000000002
177429615.0677,30158.70000000001,6000.800000000002
177429617.0677,30158.70000000001,6000.800000000002
177429619.0677,30158.70000000001,6000.800000000002
177429621.0677,30158.70000000001,6000.800000000002
177429623.0677,30158.70000000001,6000.800000000002
177429625.0677,30158.70000000001,6000.800000000002
177429627.0677,30158.70000000001,6000.800000000002
177429629.0677,30158.70000000001,6000.800000000002
177429631.0677,30158.70000000001,6000.800000000002
177429633.0677,30158.70000000001,6000.800000000002
177429635.0677,30158.70000000001,6000.800000000002
177429637.0677,30158.70000000001,6000.800000000002
177429639.0677,30158.70000000001,6000.800000000002
177429641.0677,30158.70000000001,6000.800000000002
177429643.0677,30158.70000000001,6000.800000000002
177429645.0677,30158.70000000001,6000.800000000002
177429647.0677,30158.70000000001,6000.800000000002
177429649.0677,30158.70000000001,6000.800000000002
177429651.0677,30158.70000000001,6000.800000000002
177429653.0677,30158.70000000001,6000.800000000002
177429655.0677,30158.70000000001,6000.800000000002
177429657.0677,30158.70000000001,6000.800000000002
177429659.0677,30158.70000000001,6000.800000000002
177429661.0677,30158.70000000001,6000.800000000002
177429663.0677,30158.70000000001,6000.800000000002
177429665.0677,30158.70000000001,6000.800000000002
177429667.0677,30158.70000000001,6000.800000000002
177429669.0677,30158.70000000001,6000.800000000002
177429671.0677,30158.70000000001,6000.800000000002
177429673.0677,30158.70000000001,6000.800000000002
177429675.0677,30158.70000000001,6000.800000000002
177429677.0677,30158.70000000001,6000.800000000002
177429679.0677,30158.70000000001,6000.800000000002
177429681.0677,30158.70000000001,6000.800000000002
177429683.0677,30158.70000000001,6000.800000000002
177429685.0677,30158.70000000001,6000.800000000002
177429687.0677,30158.70000000001,6000.800000000002
177429689.0677,30158.70000000001,6000.800000000002
177429691.0677,30158.70000000001,6000.800000000002
177429693.0677,30158.70000000001,6000.800000000002
177429695.0677,30158.70000000001,6000.800000000002
177429697.0677,30158.70000000001,6000.800000000002
177429699.0677,30158.70000000001,6000.800000000002
177429701.0677,30158.70000000001,6000.800000000002
177429703.0677,30158.70000000001,6000.800000000002
177429705.0677,30158.70000000001,6000.800000000002
177429707.0677,30158.70000000001,6000.800000000002
177429709.0677,30158.70000000001,6000.800000000002
177429711.0677,30158.70000000001,6000.800000000002
177429713.0677,30158.70000000001,6000.800000000002
177429715.0677,30158.70000000001,6000.800000000002
177429717.0677,30158.70000000001,6000.800000000002
177429719.0677,30158.70000000001,6000.800000000002
177429721.0677,30158.70000000001,6000.800000000002
177429723.0677,30158.70000000001,6000.800000000002
177429725.0677,30158.70000000001,6000.800000000002
177429727.0677,30158.70000000001,6000.800000000002
177429729.0677,30158.70000000001,6000.800000000002
177429731.0677,30158.70000000001,6000.800000000002
177429733.0677,30158.70000000001,6000.800000000002
177429735.0677,30158.70000000001,6000.800000000002
177429737.0677,30158.70000000001,6000.800000000002
177429739.0677,30158.70000000001,6000.800000000002
177429741.0677,30158.70000000001,6000.800000000002
177429743.0677,30158.70000000001,6000.800000000002
177429745.0677,30158.70000000001,6000.800000000002
177429747.0677,30158.70000000001,6000.800000000002
177429749.0677,30158.70000000001,6000.800000000002
177429751.0677,30158.70000000001,6000.800000000002
177429753.0677,30158.70000000001,6000.800000000002
177429755.0677,30158.70000000001,6000.800000000002
177429757.0677,30158.70000000001,6000.800000000002
177429759.0677,30158.70000000001,6000.800000000002
177429761.0677,30158.70000000001,6000.800000000002
177429763.0677,30158.70000000001,6000.800000000002
177429765.0677,30158.70000000001,6000.800000000002
177429767.0677,30158.70000000001,6000.800000000002
177429769.0677,30158.70000000001,6000.800000000002
177429771.0677,30158.70000000001,6000.800000000002
177429773.0677,30158.70000000001,6000.800000000002
177429775.0677,30158.70000000001,6000.800000000002
177429777.0677,30158.70000000001,6000.800000000002
177429779.0677,30158.70000000001,6000.800000000002
177429781.0677,30158.70000000001,6000.800000000002
177429783.0677,30158.70000000001,6000.800000000002
177429785.0677,30158.70000000001,6000.800000000002
177429787.0677,30158.70000000001,6000.800000000002
177429789.0677,30158.70000000001,6000.800000000002
177429791.0677,30158.70000000001,6000.800000000002
177429793.0677,30158.70000000001,6000.800000000002
177429795.0677,30158.70000000001,6000.800000000002
177429797.0677,30158.70000000001,6000.800000000002
177429799.0677,30158.70000000001,6000.800000000002
177429801.0677,30158.70000000001,6000.800000000002
177429803.0677,30158.70000000001,6000.800000000002
177429805.0677,30158.70000000001,6000.800000000002
177429807.0677,30158.70000000001,6000.800000000002
177429809.0677,30158.70000000001,6000.800000000002
177429811.0677,30158.70000000001,6000.800000000002
177429813.0677,30158.70000000001,6000.800000000002
177429815.0677,30158.70000000001,6000.800000000002
177429817.0677,30158.70000000001,6000.800000000002
177429819.0677,30158.70000000001,6000.800000000002
177429821.0677,30158.70000000001,6000.800000000002
177429823.0677,30158.70000000001,6000.800000000002
177429825.0677,30158.70000000001,6000.800000000002
177429827.0677,30158.70000000001,6000.800000000002
177429829.0677,30158.70000000001,6000.800000000002
177429831.0677,30158.70000000001,6000.800000000002
177429833.0677,30158.70000000001,6000.800000000002
177429835.0677,30158.70000000001,6000.800000000002
177429837.0677,30158.70000000001,6000.800000000002
177429839.0677,30158.70000000001,6000.800000000002
177429841.0677,30158.70000000001,6000.800000000002
177429843.0677,30158.70000000001,6000.800000000002
177429845.0677,30158.70000000001,6000.800000000002
177429847.0677,30158.70000000001,6000.800000000002
177429849.0677,30158.70000000001,6000.800000000002
177429851.0677,30158.70000000001,6000.800000000002
177429853.0677,30158.70000000001,6000.800000000002
177429855.0677,30158.70000000001,6000.800000000002
177429857.0677,30158.70000000001,6000.800000000002
177429859.0677,30158.70000000001,6000.800000000002
177429861.0677,30158.70000000001,6000.800000000002
177429863.0677,30158.70000000001,6000.800000000002
177429865.0677,30158.70000000001,6000.800000000002
177429867.0677,30158.70000000001,6000.800000000002
177429869.0677,30158.70000000001,6000.800000000002
177429871.0677,30158.70000000001,6000.800000000002
177429873.0677,30158.70000000001,6000.800000000002
177429875.0677,30158.70000000001,6000.800000000002
177429877.0677,30158.70000000001,6000.800000000002
177429879.0677,30158.70000000001,6000.800000000002
177429881.0677,30158.70000000001,6000.800000000002
177429883.0677,30158.70000000001,6000.800000000002
177429885.0677,30158.70000000001,6000.800000000002
177429887.0677,30158.70000000001,6000.700000000002
177429889.0677,30158.70000000001,6000.800000000002
177429891.0677,30158.70000000001,6000.800000000002
177429893.0677,30158.70000000001,6000.800000000002
177429895.0677,30158.70000000001,6000.800000000002
177429897.0677,30158.70000000001,6000.800000000002
177429899.0677,30158.70000000001,6000.800000000002
177429901.0677,30158.70000000001,6000.800000000002
177429903.0677,30158.70000000001,6000.800000000002
177429905.0677,30158.70000000001,6000.800000000002
177429907.0677,30158.70000000001,6000.800000000002
177429909.0677,30158.70000000001,6000.800000000002
177429911.0677,30158.70000000001,6000.800000000002
177429913.0677,30158.70000000001,6000.800000000002
177429915.0677,30158.70000000001,6000.800000000002
177429917.0677,30158.70000000001,6000.800000000002
177429919.0677,30158.70000000001,6000.800000000002
177429921.0677,30158.70000000001,6000.800000000002
177429923.0677,30158.70000000001,6000.800000000002
177429925.0677,30158.70000000001,6000.800000000002
177429927.0677,30158.70000000001,6000.800000000002
177429929.0677,30158.70000000001,6000.800000000002
177429931.0677,30158.70000000001,6000.800000000002
177429933.0677,30158.70000000001,6000.800000000002
177429935.0677,30158.70000000001,6000.800000000002
177429937.0677,30158.70000000001,6000.800000000002
177429939.0677,30158.70000000001,6000.800000000002
177429941.0677,30158.70000000001,6000.800000000002
177429943.0677,30158.70000000001,6000.800000000002
177429945.0677,30158.70000000001,6000.800000000002
177429947.0677,30158.70000000001,6000.800000000002
177429949.0677,30158.70000000001,6000.800000000002
177429951.0677,30158.70000000001,6000.800000000002
177429953.0677,30158.70000000001,6000.800000000002
177429955.0677,30158.70000000001,6000.800000000002
177429957.0677,30158.70000000001,6000.800000000002
177429959.0677,30158.70000000001,6000.800000000002
177429961.0677,30158.70000000001,6000.800000000002
177429963.0677,30158.70000000001,6000.800000000002
177429965.0677,30158.70000000001,6000.800000000002
177429967.0677,30158.70000000001,6000.800000000002
177429969.0677,30158.70000000001,6000.800000000002
177429971.0677,30158.70000000001,6000.800000000002
177429973.0677,30158.70000000001,6000.800000000002
177429975.0677,30158.70000000001,6000.800000000002
177429977.0677,30158.70000000001,6000.800000000002
177429979.0677,30158.70000000001,6000.800000000002
177429981.0677,30158.70000000001,6000.800000000002
177429983.0677,30158.70000000001,6000.800000000002
177429985.0677,30158.70000000001,6000.800000000002
177429987.0677,30158.70000000001,6000.800000000002
177429989.0677,30158.70000000001,6000.800000000002
177429991.0677,30158.70000000001,6000.800000000002
177429993.0677,30158.70000000001,6000.800000000002
177429995.0677,30158.70000000001,6000.800000000002
177429997.0677,30158.70000000001,6000.800000000002
177429999.0677,30158.70000000001,6000.800000000002
177430001.0677,30158.70000000001,6000.800000000002
177430003.0677,30158.70000000001,6000.800000000002
177430005.0677,30158.70000000001,6000.800000000002
177430007.0677,30158.70000000001,6000.800000000002
177430009.0677,30158.70000000001,6000.800000000002
177430011.0677,30158.70000000001,6000.800000000002
177430013.0677,30158.70000000001,6000.800000000002
177430015.0677,30158.70000000001,6000.800000000002
177430017.0677,30158.70000000001,6000.800000000002
177430019.0677,30158.70000000001,6000.800000000002
177430021.0677,30158.70000000001,6000.800000000002
177430023.0677,30158.70000000001,6000.800000000002
177430025.0677,30158.70000000001,6000.800000000002
177430027.0677,30158.70000000001,6000.800000000002
177430029.0677,30158.70000000001,6000.800000000002
177430031.0677,30158.70000000001,6000.800000000002
177430033.0677,30158.70000000001,6000.800000000002
177430035.0677,30158.70000000001,6000.800000000002
177430037.0677,30158.70000000001,6000.800000000002
177430039.0677,30158.70000000001,6000.800000000002
177430041.0677,30158.70000000001,6000.800000000002
177430043.0677,30158.70000000001,6000.800000000002
177430045.0677,30158.70000000001,6000.900000000002
177430047.0677,30158.70000000001,6000.900000000002
177430049.0677,30158.70000000001,6000.900000000002
177430051.0677,30158.70000000001,6000.900000000002
177430053.0677,30158.70000000001,6000.900000000002
177430055.0677,30158.70000000001,6000.900000000002
177430057.0677,30158.70000000001,6000.900000000002
177430059.0677,30158.70000000001,6000.900000000002
177430061.0677,30158.70000000001,6000.900000000002
177430063.0677,30158.70000000001,6000.900000000002
177430065.0677,30158.70000000001,6000.900000000002
177430067.0677,30158.70000000001,6000.900000000002
177430069.0677,30158.70000000001,6000.900000000002
177430071.0677,30158.70000000001,6000.900000000002
177430073.0677,30158.70000000001,6000.900000000002
177430075.0677,30158.70000000001,6000.900000000002
177430077.0677,30158.70000000001,6000.900000000002
177430079.0677,30158.70000000001,6000.900000000002
177430081.0677,30158.70000000001,6000.900000000002
177430083.0677,30158.70000000001,6000.900000000002
177430085.0677,30158.70000000001,6000.900000000002
177430087.0677,30158.70000000001,6000.900000000002
177430089.0677,30158.70000000001,6000.900000000002
177430091.0677,30158.70000000001,6000.900000000002
177430093.0677,30158.70000000001,6000.900000000002
177430095.0677,30158.70000000001,6000.900000000002
177430097.0677,30158.70000000001,6000.900000000002
177430099.0677,30158.70000000001,6000.900000000002
177430101.0677,30158.70000000001,6000.900000000002
177430103.0677,30158.70000000001,6000.900000000002
177430105.0677,30158.70000000001,6000.900000000002
177430107.0677,30158.70000000001,6000.900000000002
177430109.0677,30158.70000000001,6000.900000000002
177430111.0677,30158.70000000001,6000.900000000002
177430113.0677,30158.70000000001,6000.900000000002
177430115.0677,30158.70000000001,6000.900000000002
177430117.0677,30158.70000000001,6000.900000000002
177430119.0677,30158.70000000001,6000.900000000002
177430121.0677,30158.70000000001,6000.900000000002
177430123.0677,30158.70000000001,6000.900000000002
177430125.0677,30158.70000000001,6000.900000000002
177430127.0677,30158.70000000001,6000.900000000002
177430129.0677,30158.70000000001,6000.900000000002
177430131.0677,30158.70000000001,6000.900000000002
177430133.0677,30158.70000000001,6000.900000000002
177430135.0677,30158.70000000001,6000.900000000002
177430137.0677,30158.70000000001,6000.900000000002
177430139.0677,30158.70000000001,6000.900000000002
177430141.0677,30158.70000000001,6000.900000000002
177430143.0677,30158.70000000001,6000.900000000002
177430145.0677,30158.70000000001,6000.900000000002
177430147.0677,30158.70000000001,6000.900000000002
177430149.1677,30158.70000000001,6000.900000000002
177430151.0677,30158.70000000001,6000.900000000002
177430153.0677,30158.70000000001,6000.900000000002
177430155.0677,30158.70000000001,6000.900000000002
177430157.0677,30158.70000000001,6000.900000000002
177430159.0677,30158.70000000001,6000.900000000002
177430161.0677,30158.70000000001,6000.900000000002
177430163.0677,30158.70000000001,6000.900000000002
177430165.0677,30158.70000000001,6000.900000000002
177430167.0677,30158.70000000001,6000.900000000002
177430169.0677,30158.70000000001,6000.900000000002
177430171.0677,30158.70000000001,6000.900000000002
177430173.0677,30158.70000000001,6000.900000000002
177430175.0677,30158.900000000012,6000.900000000002
177430177.0677,30158.900000000012,6000.900000000002
177430179.0677,30158.900000000012,6000.900000000002
177430181.0677,30158.900000000012,6000.900000000002
177430183.0677,30158.900000000012,6000.900000000002
177430185.0677,30158.900000000012,6000.900000000002
177430187.0677,30158.900000000012,6000.900000000002
177430189.0677,30158.900000000012,6000.900000000002
177430191.0677,30158.900000000012,6000.900000000002
177430193.0677,30158.900000000012,6000.900000000002
177430195.0677,30158.900000000012,6000.900000000002
177430197.0677,30158.900000000012,6000.900000000002
177430199.0677,30158.900000000012,6000.900000000002
177430201.0677,30158.900000000012,6000.900000000002
177430203.0677,30158.900000000012,6000.900000000002
177430205.0677,30158.900000000012,6000.900000000002
177430207.0677,30158.900000000012,6000.900000000002
177430209.0677,30158.900000000012,6000.900000000002
177430211.0677,30158.900000000012,6000.900000000002
177430213.0677,30158.900000000012,6000.900000000002
177430215.0677,30158.900000000012,6000.900000000002
177430217.0677,30158.900000000012,6000.900000000002
177430219.0677,30158.900000000012,6000.900000000002
177430221.0677,30158.900000000012,6000.900000000002
177430223.0677,30158.900000000012,6000.900000000002
177430225.0677,30158.900000000012,6000.900000000002
177430227.0677,30158.900000000012,6000.900000000002
177430229.0677,30158.900000000012,6000.900000000002
177430231.0677,30158.900000000012,6000.900000000002
177430233.0677,30158.900000000012,6000.900000000002
177430235.0677,30158.900000000012,6000.900000000002
177430237.0677,30158.900000000012,6000.900000000002
177430239.0677,30158.900000000012,6000.900000000002
177430241.0677,30158.900000000012,6000.900000000002
177430243.0677,30158.900000000012,6000.900000000002
177430245.0677,30158.900000000012,6000.900000000002
177430247.0677,30158.900000000012,6000.900000000002
177430249.0677,30158.900000000012,6000.900000000002
177430251.0677,30158.900000000012,6000.900000000002
177430253.0677,30158.900000000012,6000.900000000002
177430255.0677,30158.900000000012,6000.900000000002
177430257.0677,30158.900000000012,6000.900000000002
177430259.0677,30158.900000000012,6000.900000000002
177430261.0677,30158.900000000012,6000.900000000002
177430263.0677,30158.900000000012,6000.900000000002
177430265.0677,30158.900000000012,6000.900000000002
177430267.0677,30158.900000000012,6000.900000000002
177430269.0677,30158.900000000012,6000.900000000002
177430271.0677,30158.900000000012,6000.900000000002
177430273.0677,30158.900000000012,6000.900000000002
177430275.0677,30158.900000000012,6000.900000000002
177430277.0677,30158.900000000012,6000.900000000002
177430279.0677,30158.900000000012,6000.900000000002
177430281.0677,30158.900000000012,6000.900000000002
177430283.0677,30158.900000000012,6000.900000000002
177430285.0677,30158.900000000012,6000.900000000002
177430287.0677,30158.900000000012,6000.900000000002
177430289.0677,30158.900000000012,6000.900000000002
177430291.0677,30158.900000000012,6000.900000000002
177430293.0677,30158.900000000012,6000.900000000002
177430295.0677,30158.900000000012,6000.900000000002
177430297.0677,30158.900000000012,6000.900000000002
177430299.0677,30158.900000000012,6000.900000000002
177430301.0677,30158.900000000012,6000.900000000002
177430303.0677,30158.900000000012,6000.900000000002
177430305.0677,30158.900000000012,6000.900000000002
177430307.0677,30158.900000000012,6000.900000000002
177430309.0677,30158.900000000012,6001.000000000003
177430311.0677,30158.900000000012,6001.000000000003
177430313.0677,30158.900000000012,6001.000000000003
177430315.0677,30158.900000000012,6001.000000000003
177430317.0677,30158.900000000012,6001.000000000003
177430319.0677,30158.900000000012,6001.000000000003
177430321.0677,30158.900000000012,6001.000000000003
177430323.0677,30158.900000000012,6001.000000000003
177430325.0677,30158.900000000012,6001.000000000003
177430327.0677,30158.900000000012,6001.000000000003
177430329.0677,30158.900000000012,6001.000000000003
177430331.0677,30158.900000000012,6001.000000000003
177430333.0677,30158.900000000012,6001.000000000003
177430335.0677,30158.900000000012,6001.000000000003
177430337.0677,30158.900000000012,6001.000000000003
177430339.0677,30158.900000000012,6001.000000000003
177430341.0677,30158.900000000012,6001.000000000003
177430343.0677,30158.900000000012,6001.000000000003
177430345.0677,30158.900000000012,6001.000000000003
177430347.0677,30158.900000000012,6001.000000000003
177430349.0677,30158.900000000012,6001.000000000003
177430351.0677,30158.900000000012,6001.000000000003
177430353.0677,30158.900000000012,6001.000000000003
177430355.0677,30158.900000000012,6001.000000000003
177430357.0677,30158.900000000012,6001.000000000003
177430359.0677,30158.900000000012,6001.000000000003
177430361.0677,30158.900000000012,6001.000000000003
177430363.0677,30158.900000000012,6001.000000000003
177430365.0677,30158.900000000012,6001.000000000003
177430367.0677,30158.900000000012,6001.000000000003
177430369.0677,30158.900000000012,6001.000000000003
177430371.0677,30158.900000000012,6001.000000000003
177430373.0677,30158.900000000012,6001.000000000003
177430375.0677,30158.900000000012,6001.000000000003
177430377.0677,30158.900000000012,6001.000000000003
177430379.0677,30158.900000000012,6001.000000000003
177430381.0677,30158.900000000012,6001.000000000003
177430383.0677,30158.900000000012,6001.000000000003
177430385.0677,30158.900000000012,6001.000000000003
177430387.0677,30158.900000000012,6001.000000000003
177430389.0677,30158.900000000012,6001.000000000003
177430391.0677,30158.900000000012,6001.000000000003
177430393.0677,30158.900000000012,6001.000000000003
177430395.0677,30158.900000000012,6001.000000000003
177430397.0677,30158.900000000012,6001.000000000003
177430399.0677,30158.900000000012,6001.000000000003
177430401.0677,30158.900000000012,6001.000000000003
177430403.0677,30158.900000000012,6001.000000000003
177430405.0677,30158.900000000012,6001.000000000003
177430407.0677,30158.900000000012,6001.000000000003
177430409.0677,30158.900000000012,6001.000000000003
177430411.0677,30158.900000000012,6001.000000000003
177430413.0677,30158.900000000012,6001.000000000003
177430415.0677,30158.900000000012,6001.000000000003
177430417.0677,30158.900000000012,6001.000000000003
177430419.0677,30158.900000000012,6001.000000000003
177430421.0677,30158.900000000012,6001.000000000003
177430423.0677,30158.900000000012,6001.000000000003
177430425.0677,30158.900000000012,6001.000000000003
177430427.0677,30158.900000000012,6001.000000000003
177430429.0677,30158.900000000012,6001.000000000003
177430431.0677,30158.900000000012,6001.000000000003
177430433.0677,30158.900000000012,6001.000000000003
177430435.0677,30158.900000000012,6001.000000000003
177430437.0677,30158.900000000012,6001.000000000003
177430439.0677,30158.900000000012,6001.000000000003
177430441.0677,30158.900000000012,6001.000000000003
177430443.0677,30158.900000000012,6001.000000000003
177430445.0677,30158.900000000012,6001.000000000003
177430447.0677,30158.900000000012,6001.000000000003
177430449.0677,30158.900000000012,6001.000000000003
177430451.0677,30158.900000000012,6001.000000000003
177430453.0677,30158.900000000012,6001.000000000003
177430455.0677,30158.900000000012,6001.000000000003
177430457.0677,30158.900000000012,6001.000000000003
177430459.0677,30158.900000000012,6001.000000000003
177430461.0677,30158.900000000012,6001.000000000003
177430463.0677,30158.900000000012,6001.000000000003
177430465.0677,30158.900000000012,6001.000000000003
177430467.0677,30158.900000000012,6001.000000000003
177430469.0677,30158.900000000012,6001.000000000003
177430471.0677,30158.900000000012,6001.000000000003
177430473.0677,30158.900000000012,6001.000000000003
177430475.0677,30158.900000000012,6001.000000000003
177430477.0677,30158.900000000012,6001.000000000003
177430479.0677,30158.900000000012,6001.000000000003
177430481.0677,30158.900000000012,6001.000000000003
177430483.0677,30158.900000000012,6001.000000000003
177430485.0677,30158.900000000012,6001.000000000003
177430487.0677,30158.900000000012,6001.000000000003
177430489.0677,30158.900000000012,6001.000000000003
177430491.0677,30158.900000000012,6001.000000000003
177430493.0677,30158.900000000012,6001.000000000003
177430495.0677,30158.900000000012,6001.000000000003
177430497.0677,30158.900000000012,6001.000000000003
177430499.0677,30158.900000000012,6001.000000000003
177430501.0677,30158.900000000012,6001.000000000003
177430503.0677,30158.900000000012,6001.000000000003
177430505.0677,30158.900000000012,6001.000000000003
177430507.0677,30158.900000000012,6001.000000000003
177430509.0677,30158.900000000012,6001.000000000003
177430511.0677,30158.900000000012,6001.000000000003
177430513.0677,30158.900000000012,6001.000000000003
177430515.0677,30158.900000000012,6001.000000000003
177430517.0677,30158.900000000012,6001.000000000003
177430519.0677,30158.900000000012,6001.000000000003
177430521.0677,30158.900000000012,6001.000000000003
177430523.0677,30158.900000000012,6001.000000000003
177430525.0677,30158.900000000012,6001.000000000003
177430527.0677,30158.900000000012,6001.000000000003
177430529.0677,30158.900000000012,6001.000000000003
177430531.0677,30158.900000000012,6001.000000000003
177430533.0677,30158.900000000012,6001.000000000003
177430535.0677,30158.900000000012,6001.000000000003
177430537.0677,30158.900000000012,6001.000000000003
177430539.0677,30158.900000000012,6001.000000000003
177430541.0677,30158.900000000012,6001.000000000003
177430543.0677,30158.900000000012,6001.000000000003
177430545.0677,30158.900000000012,6001.000000000003
177430547.0677,30158.900000000012,6001.000000000003
177430549.0677,30158.900000000012,6001.000000000003
177430551.0677,30158.900000000012,6001.000000000003
177430553.0677,30158.900000000012,6001.000000000003
177430555.0677,30158.900000000012,6001.000000000003
177430557.0677,30158.900000000012,6001.000000000003
177430559.0677,30158.900000000012,6001.000000000003
177430561.0677,30158.900000000012,6001.000000000003
177430563.0677,30158.900000000012,6001.000000000003
177430565.0677,30158.900000000012,6001.000000000003
177430567.0677,30158.900000000012,6001.000000000003
177430569.0677,30158.900000000012,6001.000000000003
177430571.0677,30158.900000000012,6001.000000000003
177430573.0677,30158.900000000012,6001.000000000003
177430575.0677,30158.900000000012,6001.000000000003
177430577.0677,30158.900000000012,6001.000000000003
177430579.0677,30158.900000000012,6001.000000000003
177430581.0677,30158.900000000012,6001.000000000003
177430583.0677,30158.900000000012,6001.000000000003
177430585.0677,30158.900000000012,6001.000000000003
177430587.0677,30158.900000000012,6001.000000000003
177430589.0677,30158.900000000012,6001.000000000003
177430591.0677,30158.900000000012,6001.000000000003
177430593.0677,30158.900000000012,6001.000000000003
177430595.0677,30158.900000000012,6001.000000000003
177430597.0677,30158.900000000012,6001.000000000003
177430599.0677,30158.900000000012,6001.000000000003
177430601.0677,30158.900000000012,6001.000000000003
177430603.0677,30158.900000000012,6001.000000000003
177430605.0677,30158.900000000012,6001.000000000003
177430607.0677,30158.900000000012,6001.000000000003
177430609.0677,30158.900000000012,6001.000000000003
177430611.0677,30158.900000000012,6001.000000000003
177430613.0677,30158.900000000012,6001.000000000003
177430615.0677,30158.900000000012,6001.000000000003
177430617.0677,30158.900000000012,6001.000000000003
177430619.0677,30158.900000000012,6001.000000000003
177430621.0677,30158.900000000012,6001.000000000003
177430623.0677,30158.900000000012,6001.000000000003
177430625.0677,30158.900000000012,6001.000000000003
177430627.0677,30158.900000000012,6001.000000000003
177430629.0677,30158.900000000012,6001.000000000003
177430631.0677,30158.900000000012,6001.000000000003
177430633.0677,30158.900000000012,6001.000000000003
177430635.0677,30158.900000000012,6001.000000000003
177430637.0677,30158.900000000012,6001.000000000003
177430639.0677,30158.900000000012,6001.000000000003
177430641.0677,30158.900000000012,6001.000000000003
177430643.0677,30158.900000000012,6001.000000000003
177430645.0677,30158.900000000012,6001.000000000003
177430647.0677,30158.900000000012,6001.000000000003
177430649.0677,30158.900000000012,6001.000000000003
177430651.0677,30158.900000000012,6001.000000000003
177430653.0677,30158.900000000012,6001.000000000003
177430655.0677,30158.900000000012,6001.000000000003
177430657.0677,30158.900000000012,6001.000000000003
177430659.0677,30158.900000000012,6001.000000000003
177430661.0677,30158.900000000012,6001.000000000003
177430663.0677,30158.900000000012,6001.000000000003
177430665.0677,30158.900000000012,6001.000000000003
177430667.0677,30158.900000000012,6001.000000000003
177430669.0677,30158.900000000012,6001.000000000003
177430671.0677,30158.900000000012,6001.000000000003
177430673.0677,30158.900000000012,6001.000000000003
177430675.0677,30158.900000000012,6001.000000000003
177430677.0677,30158.900000000012,6001.000000000003
177430679.0677,30158.900000000012,6001.000000000003
177430681.0677,30158.900000000012,6001.000000000003
177430683.0677,30158.900000000012,6001.000000000003
177430685.0677,30158.900000000012,6001.000000000003
177430687.0677,30158.900000000012,6001.000000000003
177430689.0677,30158.900000000012,6001.000000000003
177430691.0677,30158.900000000012,6001.000000000003
177430693.0677,30158.900000000012,6001.000000000003
177430695.0677,30158.900000000012,6001.000000000003
177430697.0677,30158.900000000012,6001.000000000003
177430699.0677,30158.900000000012,6001.000000000003
177430701.0677,30158.900000000012,6001.000000000003
177430703.0677,30158.900000000012,6001.000000000003
177430705.0677,30158.900000000012,6001.000000000003
177430707.0677,30158.900000000012,6001.000000000003
177430709.0677,30158.900000000012,6001.000000000003
177430711.0677,30158.900000000012,6001.000000000003
177430713.0677,30158.900000000012,6001.000000000003
177430715.0677,30158.900000000012,6001.000000000003
177430717.0677,30158.900000000012,6001.000000000003
177430719.0677,30158.900000000012,6001.000000000003
177430721.0677,30158.900000000012,6001.000000000003
177430723.0677,30158.900000000012,6001.000000000003
177430725.0677,30158.900000000012,6001.000000000003
177430727.0677,30158.900000000012,6001.000000000003
177430729.0677,30158.900000000012,6001.000000000003
177430731.0677,30158.900000000012,6001.000000000003
177430733.0677,30158.800000000014,6001.000000000003
177430735.0677,30158.800000000014,6001.000000000003
177430737.0677,30158.800000000014,6001.000000000003
177430739.0677,30158.800000000014,6001.000000000003
177430741.0677,30158.800000000014,6001.000000000003
177430743.0677,30158.800000000014,6001.000000000003
177430745.0677,30158.800000000014,6001.000000000003
177430747.0677,30158.800000000014,6001.000000000003
177430749.0677,30158.800000000014,6001.000000000003
177430751.0677,30158.800000000014,6001.000000000003
177430753.0677,30158.800000000014,6001.000000000003
177430755.0677,30158.800000000014,6001.000000000003
177430757.0677,30158.800000000014,6001.000000000003
177430759.0677,30158.800000000014,6001.000000000003
177430761.0677,30158.800000000014,6001.000000000003
177430763.0677,30158.800000000014,6001.000000000003
177430765.0677,30158.800000000014,6001.000000000003
177430767.0677,30158.800000000014,6001.000000000003
177430769.0677,30158.800000000014,6001.000000000003
177430771.0677,30158.800000000014,6001.000000000003
177430773.0677,30158.800000000014,6001.000000000003
177430775.0677,30158.800000000014,6001.000000000003
177430777.0677,30158.800000000014,6001.000000000003
177430779.1677,30158.800000000014,6001.000000000003
177430781.0677,30158.800000000014,6001.000000000003
177430783.0677,30158.800000000014,6001.000000000003
177430785.0677,30158.800000000014,6001.000000000003
177430787.0677,30158.800000000014,6001.000000000003
177430789.0677,30158.800000000014,6001.000000000003
177430791.0677,30158.800000000014,6001.000000000003
177430793.0677,30158.800000000014,6001.000000000003
177430795.0677,30158.800000000014,6001.000000000003
177430797.0677,30158.800000000014,6001.000000000003
177430799.0677,30158.800000000014,6001.000000000003
177430801.0677,30158.800000000014,6001.000000000003
177430803.0677,30158.800000000014,6001.000000000003
177430805.0677,30158.800000000014,6001.000000000003
177430807.0677,30158.800000000014,6001.000000000003
177430809.0677,30158.800000000014,6001.000000000003
177430811.0677,30158.800000000014,6001.000000000003
177430813.0677,30158.800000000014,6001.000000000003
177430815.0677,30158.800000000014,6001.000000000003
177430817.0677,30158.800000000014,6001.000000000003
177430819.0677,30158.800000000014,6001.000000000003
177430821.0677,30158.800000000014,6001.000000000003
177430823.0677,30158.800000000014,6001.000000000003
177430825.0677,30158.800000000014,6001.000000000003
177430827.0677,30158.800000000014,6001.000000000003
177430829.0677,30158.800000000014,6001.000000000003
177430831.0677,30158.800000000014,6001.000000000003
177430833.0677,30158.800000000014,6001.000000000003
177430835.0677,30158.800000000014,6001.000000000003
177430837.0677,30158.800000000014,6001.000000000003
177430839.0677,30158.800000000014,6001.000000000003
177430841.0677,30158.800000000014,6001.000000000003
177430843.0677,30158.800000000014,6001.000000000003
177430845.0677,30158.800000000014,6001.000000000003
177430847.0677,30158.800000000014,6001.000000000003
177430849.0677,30158.800000000014,6001.000000000003
177430851.0677,30158.800000000014,6001.000000000003
177430853.0677,30158.800000000014,6001.000000000003
177430855.0677,30158.800000000014,6001.000000000003
177430857.0677,30158.800000000014,6001.000000000003
177430859.0677,30158.800000000014,6001.000000000003
177430861.0677,30158.800000000014,6001.000000000003
177430863.0677,30158.800000000014,6001.000000000003
177430865.0677,30158.800000000014,6001.000000000003
177430867.0677,30158.800000000014,6001.000000000003
177430869.0677,30158.800000000014,6001.000000000003
177430871.0677,30158.800000000014,6001.000000000003
177430873.0677,30158.800000000014,6001.000000000003
177430875.0677,30158.800000000014,6001.000000000003
177430877.0677,30158.800000000014,6001.000000000003
177430879.0677,30158.800000000014,6001.000000000003
177430881.0677,30158.800000000014,6001.000000000003
177430883.0677,30158.800000000014,6001.000000000003
177430885.0677,30158.800000000014,6001.000000000003
177430887.0677,30158.800000000014,6001.000000000003
177430889.0677,30158.800000000014,6001.000000000003
177430891.0677,30158.800000000014,6001.000000000003
177430893.0677,30158.800000000014,6001.000000000003
177430895.0677,30158.800000000014,6001.000000000003
177430897.0677,30158.800000000014,6001.000000000003
177430899.0677,30158.800000000014,6001.000000000003
177430901.0677,30158.800000000014,6001.000000000003
177430903.0677,30158.800000000014,6001.000000000003
177430905.0677,30158.800000000014,6001.100000000003
177430907.0677,30158.800000000014,6001.100000000003
177430909.0677,30158.800000000014,6001.100000000003
177430911.0677,30158.800000000014,6001.100000000003
177430913.0677,30158.800000000014,6001.100000000003
177430915.0677,30158.800000000014,6001.100000000003
177430917.0677,30158.800000000014,6001.100000000003
177430919.0677,30158.800000000014,6001.100000000003
177430921.0677,30158.800000000014,6001.100000000003
177430923.0677,30158.800000000014,6001.100000000003
177430925.0677,30158.800000000014,6001.100000000003
177430927.0677,30158.800000000014,6001.100000000003
177430929.0677,30158.800000000014,6001.100000000003
177430931.0677,30158.800000000014,6001.100000000003
177430933.0677,30158.800000000014,6001.100000000003
177430935.0677,30158.800000000014,6001.100000000003
177430937.0677,30158.800000000014,6001.100000000003
177430939.0677,30158.800000000014,6001.100000000003
177430941.0677,30158.800000000014,6001.100000000003
177430943.0677,30158.800000000014,6001.100000000003
177430945.0677,30158.800000000014,6001.100000000003
177430947.0677,30158.800000000014,6001.100000000003
177430949.0677,30158.800000000014,6001.100000000003
177430951.0677,30158.800000000014,6001.100000000003
177430953.0677,30158.800000000014,6001.100000000003
177430955.0677,30158.800000000014,6001.100000000003
177430957.0677,30158.800000000014,6001.100000000003
177430959.0677,30158.800000000014,6001.100000000003
177430961.0677,30158.800000000014,6001.100000000003
177430963.0677,30158.800000000014,6001.100000000003
177430965.0677,30158.800000000014,6001.100000000003
177430967.0677,30158.800000000014,6001.100000000003
177430969.0677,30158.800000000014,6001.100000000003
177430971.0677,30158.800000000014,6001.100000000003
177430973.0677,30158.800000000014,6001.100000000003
177430975.0677,30158.800000000014,6001.100000000003
177430977.0677,30158.800000000014,6001.100000000003
177430979.0677,30158.800000000014,6001.100000000003
177430981.0677,30158.800000000014,6001.100000000003
177430983.0677,30158.800000000014,6001.100000000003
177430985.0677,30158.800000000014,6001.100000000003
177430987.0677,30158.800000000014,6001.100000000003
177430989.0677,30158.800000000014,6001.100000000003
177430991.0677,30158.800000000014,6001.000000000003
177430993.0677,30158.800000000014,6001.000000000003
177430995.0677,30158.800000000014,6001.000000000003
177430997.0677,30158.800000000014,6001.000000000003
177430999.0677,30158.800000000014,6001.000000000003
177431001.0677,30158.800000000014,6001.000000000003
177431003.1677,30158.800000000014,6001.000000000003
177431005.1677,30158.800000000014,6001.000000000003
177431007.1677,30158.800000000014,6001.100000000003
177431009.1677,30158.800000000014,6001.100000000003
177431011.1677,30158.800000000014,6001.100000000003
177431013.1677,30158.800000000014,6001.100000000003
177431015.1677,30158.800000000014,6001.100000000003
177431017.1677,30158.800000000014,6001.100000000003
177431019.1677,30158.800000000014,6001.100000000003
177431021.1677,30158.800000000014,6001.100000000003
177431023.1677,30158.800000000014,6001.100000000003
177431025.1677,30158.800000000014,6001.100000000003
177431027.1677,30158.800000000014,6001.100000000003
177431029.1677,30158.800000000014,6001.100000000003
177431031.1677,30158.800000000014,6001.100000000003
177431033.1677,30158.800000000014,6001.100000000003
177431035.1677,30158.800000000014,6001.100000000003
177431037.1677,30158.800000000014,6001.100000000003
177431039.1677,30158.800000000014,6001.100000000003
177431041.1677,30158.800000000014,6001.100000000003
177431043.1677,30158.800000000014,6001.100000000003
177431045.1677,30158.800000000014,6001.100000000003
177431047.1677,30158.800000000014,6001.100000000003
177431049.1677,30158.800000000014,6001.100000000003
177431051.1677,30158.800000000014,6001.100000000003
177431053.1677,30158.800000000014,6001.100000000003
177431055.1677,30158.800000000014,6001.100000000003
177431057.1677,30158.800000000014,6001.100000000003
177431059.1677,30158.800000000014,6001.100000000003
177431061.1677,30158.800000000014,6001.100000000003
177431063.1677,30158.800000000014,6001.100000000003
177431065.1677,30158.800000000014,6001.100000000003
177431067.1677,30158.800000000014,6001.100000000003
177431069.1677,30158.800000000014,6001.100000000003
177431071.1677,30158.800000000014,6001.100000000003
177431073.1677,30158.800000000014,6001.100000000003
177431075.1677,30158.800000000014,6001.100000000003
177431077.1677,30158.800000000014,6001.100000000003
177431079.1677,30158.800000000014,6001.100000000003
177431081.1677,30158.800000000014,6001.100000000003
177431083.1677,30158.800000000014,6001.100000000003
177431085.1677,30158.800000000014,6001.100000000003
177431087.1677,30158.800000000014,6001.100000000003
177431089.1677,30158.800000000014,6001.100000000003
177431091.1677,30158.800000000014,6001.100000000003
177431093.1677,30158.800000000014,6001.100000000003
177431095.1677,30158.800000000014,6001.100000000003
177431097.1677,30158.800000000014,6001.100000000003
177431099.1677,30158.800000000014,6001.100000000003
177431101.1677,30158.800000000014,6001.100000000003
177431103.1677,30158.800000000014,6001.100000000003
177431105.1677,30158.800000000014,6001.100000000003
177431107.1677,30158.800000000014,6001.100000000003
177431109.1677,30158.800000000014,6001.100000000003
177431111.1677,30158.800000000014,6001.100000000003
177431113.1677,30158.800000000014,6001.100000000003
177431115.1677,30158.800000000014,6001.100000000003
177431117.1677,30158.800000000014,6001.100000000003
177431119.1677,30158.800000000014,6001.100000000003
177431121.1677,30158.800000000014,6001.100000000003
177431123.1677,30158.800000000014,6001.100000000003
177431125.1677,30158.800000000014,6001.100000000003
177431127.1677,30158.800000000014,6001.100000000003
177431129.1677,30158.800000000014,6001.100000000003
177431131.1677,30158.800000000014,6001.100000000003
177431133.1677,30158.800000000014,6001.100000000003
177431135.1677,30158.800000000014,6001.100000000003
177431137.1677,30158.800000000014,6001.100000000003
177431139.1677,30158.800000000014,6001.100000000003
177431141.1677,30158.800000000014,6001.100000000003
177431143.1677,30158.800000000014,6001.100000000003
177431145.1677,30158.800000000014,6001.100000000003
177431147.1677,30158.800000000014,6001.100000000003
177431149.1677,30158.800000000014,6001.100000000003
177431151.1677,30158.800000000014,6001.100000000003
177431153.1677,30158.800000000014,6001.100000000003
177431155.1677,30158.800000000014,6001.100000000003
177431157.1677,30158.800000000014,6001.100000000003
177431159.1677,30158.800000000014,6001.100000000003
177431161.1677,30158.800000000014,6001.100000000003
177431163.1677,30158.800000000014,6001.100000000003
177431165.1677,30158.800000000014,6001.100000000003
177431167.1677,30158.800000000014,6001.100000000003
177431169.1677,30158.800000000014,6001.100000000003
177431171.1677,30158.800000000014,6001.100000000003
177431173.1677,30158.800000000014,6001.100000000003
177431175.1677,30158.800000000014,6001.100000000003
177431177.1677,30158.800000000014,6001.100000000003
177431179.1677,30158.800000000014,6001.100000000003
177431181.1677,30158.800000000014,6001.100000000003
177431183.1677,30158.800000000014,6001.100000000003
177431185.1677,30158.800000000014,6001.100000000003
177431187.1677,30158.800000000014,6001.100000000003
177431189.1677,30158.800000000014,6001.100000000003
177431191.1677,30158.800000000014,6001.100000000003
177431193.1677,30158.800000000014,6001.100000000003
177431195.1677,30158.800000000014,6001.100000000003
177431197.1677,30158.800000000014,6001.100000000003
177431199.1677,30158.800000000014,6001.100000000003
177431201.1677,30158.800000000014,6001.100000000003
177431203.1677,30158.800000000014,6001.100000000003
177431205.1677,30158.800000000014,6001.100000000003
177431207.1677,30158.800000000014,6001.100000000003
177431209.1677,30158.800000000014,6001.100000000003
177431211.1677,30158.800000000014,6001.100000000003
177431213.1677,30158.800000000014,6001.100000000003
177431215.1677,30158.800000000014,6001.100000000003
177431217.1677,30158.800000000014,6001.100000000003
177431219.1677,30158.800000000014,6001.100000000003
177431221.1677,30158.800000000014,6001.100000000003
177431223.1677,30158.800000000014,6001.100000000003
177431225.1677,30158.800000000014,6001.100000000003
177431227.1677,30158.800000000014,6001.100000000003
177431229.1677,30158.800000000014,6001.100000000003
177431231.1677,30158.800000000014,6001.100000000003
177431233.1677,30158.800000000014,6001.100000000003
177431235.1677,30158.800000000014,6001.100000000003
177431237.1677,30158.800000000014,6001.100000000003
177431239.1677,30158.800000000014,6001.100000000003
177431241.1677,30158.800000000014,6001.100000000003
177431243.1677,30158.800000000014,6001.100000000003
177431245.1677,30158.800000000014,6001.100000000003
177431247.1677,30158.800000000014,6001.100000000003
177431249.1677,30158.800000000014,6001.100000000003
177431251.1677,30158.800000000014,6001.100000000003
177431253.1677,30158.800000000014,6001.100000000003
177431255.1677,30158.800000000014,6001.100000000003
177431257.1677,30158.800000000014,6001.100000000003
177431259.1677,30158.800000000014,6001.100000000003
177431261.1677,30158.800000000014,6001.100000000003
177431263.1677,30158.800000000014,6001.100000000003
177431265.1677,30158.800000000014,6001.100000000003
177431267.1677,30158.800000000014,6001.100000000003
177431269.1677,30158.800000000014,6001.100000000003
177431271.1677,30158.800000000014,6001.100000000003
177431273.1677,30158.800000000014,6001.100000000003
177431275.1677,30158.800000000014,6001.100000000003
177431277.1677,30158.800000000014,6001.100000000003
177431279.1677,30158.800000000014,6001.100000000003
177431281.1677,30158.800000000014,6001.100000000003
177431283.1677,30158.800000000014,6001.100000000003
177431285.1677,30158.800000000014,6001.100000000003
177431287.1677,30158.800000000014,6001.100000000003
177431289.1677,30158.800000000014,6001.100000000003
177431291.1677,30158.800000000014,6001.100000000003
177431293.1677,30158.800000000014,6001.100000000003
177431295.1677,30158.800000000014,6001.100000000003
177431297.1677,30158.800000000014,6001.100000000003
177431299.1677,30158.800000000014,6001.100000000003
177431301.1677,30158.800000000014,6001.100000000003
177431303.1677,30158.800000000014,6001.100000000003
177431305.1677,30158.800000000014,6001.100000000003
177431307.1677,30158.800000000014,6001.100000000003
177431309.1677,30158.800000000014,6001.100000000003
177431311.1677,30158.800000000014,6001.100000000003
177431313.1677,30158.800000000014,6001.100000000003
177431315.1677,30158.800000000014,6001.100000000003
177431317.1677,30158.800000000014,6001.100000000003
177431319.1677,30158.800000000014,6001.100000000003
177431321.1677,30158.800000000014,6001.100000000003
177431323.1677,30158.800000000014,6001.100000000003
177431325.1677,30158.800000000014,6001.100000000003
177431327.1677,30158.800000000014,6001.100000000003
177431329.1677,30158.800000000014,6001.100000000003
177431331.1677,30158.800000000014,6001.100000000003
177431333.1677,30158.800000000014,6001.100000000003
177431335.1677,30158.800000000014,6001.100000000003
177431337.1677,30158.800000000014,6001.100000000003
177431339.1677,30158.800000000014,6001.100000000003
177431341.1677,30158.800000000014,6001.100000000003
177431343.1677,30158.800000000014,6001.100000000003
177431345.1677,30158.800000000014,6001.100000000003
177431347.1677,30158.800000000014,6001.100000000003
177431349.1677,30158.800000000014,6001.100000000003
177431351.1677,30158.800000000014,6001.100000000003
177431353.1677,30158.800000000014,6001.100000000003
177431355.1677,30158.800000000014,6001.100000000003
177431357.1677,30158.800000000014,6001.100000000003
177431359.1677,30158.800000000014,6001.100000000003
177431361.1677,30158.800000000014,6001.100000000003
177431363.1677,30158.800000000014,6001.100000000003
177431365.1677,30158.800000000014,6001.100000000003
177431367.1677,30158.800000000014,6001.100000000003
177431369.1677,30158.800000000014,6001.100000000003
177431371.1677,30158.800000000014,6001.100000000003
177431373.1677,30158.800000000014,6001.100000000003
177431375.1677,30158.800000000014,6001.100000000003
177431377.1677,30158.800000000014,6001.100000000003
177431379.1677,30158.800000000014,6001.100000000003
177431381.1677,30158.800000000014,6001.100000000003
177431383.1677,30158.800000000014,6001.100000000003
177431385.1677,30158.800000000014,6001.100000000003
177431387.1677,30158.800000000014,6001.100000000003
177431389.1677,30158.800000000014,6001.100000000003
177431391.1677,30158.800000000014,6001.100000000003
177431393.1677,30158.800000000014,6001.100000000003
177431395.1677,30158.800000000014,6001.100000000003
177431397.1677,30158.800000000014,6001.100000000003
177431399.1677,30158.800000000014,6001.100000000003
177431401.1677,30158.800000000014,6001.100000000003
177431403.1677,30158.800000000014,6001.100000000003
177431405.1677,30158.800000000014,6001.100000000003
177431407.1677,30158.800000000014,6001.100000000003
177431409.1677,30158.800000000014,6001.100000000003
177431411.1677,30158.800000000014,6001.100000000003
177431413.1677,30158.800000000014,6001.100000000003
177431415.1677,30158.800000000014,6001.100000000003
177431417.1677,30158.800000000014,6001.100000000003
177431419.1677,30158.800000000014,6001.100000000003
177431421.1677,30158.800000000014,6001.100000000003
177431423.1677,30158.800000000014,6001.100000000003
177431425.1677,30158.800000000014,6001.100000000003
177431427.1677,30158.800000000014,6001.100000000003
177431429.1677,30158.800000000014,6001.100000000003
177431431.1677,30158.800000000014,6001.100000000003
177431433.1677,30158.800000000014,6001.100000000003
177431435.1677,30158.800000000014,6001.100000000003
177431437.1677,30158.800000000014,6001.100000000003
177431439.1677,30158.800000000014,6001.100000000003
177431441.1677,30158.800000000014,6001.100000000003
177431443.2677,30158.800000000014,6001.100000000003
177431445.1677,30158.800000000014,6001.100000000003
177431447.1677,30158.800000000014,6001.100000000003
177431449.1677,30158.800000000014,6001.100000000003
177431451.1677,30158.800000000014,6001.100000000003
177431453.1677,30158.800000000014,6001.100000000003
177431455.1677,30158.800000000014,6001.100000000003
177431457.1677,30158.800000000014,6001.100000000003
177431459.1677,30158.800000000014,6001.100000000003
177431461.1677,30158.800000000014,6001.100000000003
177431463.1677,30158.800000000014,6001.100000000003
177431465.1677,30158.800000000014,6001.100000000003
177431467.1677,30158.800000000014,6001.100000000003
177431469.1677,30158.800000000014,6001.100000000003
177431471.1677,30158.800000000014,6001.100000000003
177431473.1677,30158.800000000014,6001.100000000003
177431475.1677,30158.800000000014,6001.100000000003
177431477.1677,30158.800000000014,6001.100000000003
177431479.1677,30158.800000000014,6001.100000000003
177431481.1677,30158.800000000014,6001.100000000003
177431483.1677,30158.800000000014,6001.100000000003
177431485.1677,30158.800000000014,6001.100000000003
177431487.1677,30158.800000000014,6001.100000000003
177431489.1677,30158.800000000014,6001.100000000003
177431491.1677,30158.800000000014,6001.100000000003
177431493.1677,30158.800000000014,6001.100000000003
177431495.1677,30158.800000000014,6001.100000000003
177431497.1677,30158.800000000014,6001.100000000003
177431499.1677,30158.800000000014,6001.100000000003
177431501.1677,30158.800000000014,6001.100000000003
177431503.1677,30158.800000000014,6001.100000000003
177431505.1677,30158.800000000014,6001.100000000003
177431507.1677,30158.800000000014,6001.100000000003
177431509.1677,30158.800000000014,6001.100000000003
177431511.1677,30158.800000000014,6001.100000000003
177431513.1677,30158.800000000014,6001.100000000003
177431515.1677,30158.800000000014,6001.100000000003
177431517.1677,30158.800000000014,6001.100000000003
177431519.1677,30158.800000000014,6001.100000000003
177431521.1677,30158.800000000014,6001.100000000003
177431523.1677,30158.800000000014,6001.100000000003
177431525.1677,30158.800000000014,6001.100000000003
177431527.1677,30158.800000000014,6001.100000000003
177431529.1677,30158.800000000014,6001.100000000003
177431531.1677,30158.800000000014,6001.100000000003
177431533.1677,30158.800000000014,6001.100000000003
177431535.1677,30158.800000000014,6001.100000000003
177431537.1677,30158.800000000014,6001.100000000003
177431539.1677,30158.800000000014,6001.100000000003
177431541.1677,30158.800000000014,6001.100000000003
177431543.1677,30158.800000000014,6001.100000000003
177431545.1677,30158.800000000014,6001.100000000003
177431547.1677,30158.800000000014,6001.100000000003
177431549.1677,30158.800000000014,6001.100000000003
177431551.1677,30158.800000000014,6001.100000000003
177431553.1677,30158.800000000014,6001.100000000003
177431555.1677,30158.800000000014,6001.100000000003
177431557.1677,30158.800000000014,6001.100000000003
177431559.1677,30158.800000000014,6001.100000000003
177431561.1677,30158.800000000014,6001.100000000003
177431563.1677,30158.800000000014,6001.100000000003
177431565.1677,30158.800000000014,6001.100000000003
177431567.1677,30158.800000000014,6001.100000000003
177431569.1677,30158.800000000014,6001.100000000003
177431571.1677,30158.800000000014,6001.100000000003
177431573.1677,30158.800000000014,6001.100000000003
177431575.1677,30158.800000000014,6001.100000000003
177431577.1677,30158.800000000014,6001.100000000003
177431579.1677,30158.800000000014,6001.100000000003
177431581.1677,30158.800000000014,6001.100000000003
177431583.1677,30158.800000000014,6001.100000000003
177431585.1677,30158.800000000014,6001.100000000003
177431587.1677,30158.800000000014,6001.100000000003
177431589.1677,30158.800000000014,6001.100000000003
177431591.1677,30158.800000000014,6001.100000000003
177431593.1677,30158.800000000014,6001.100000000003
177431595.1677,30158.800000000014,6001.100000000003
177431597.1677,30158.800000000014,6001.100000000003
177431599.1677,30158.800000000014,6001.100000000003
177431601.1677,30158.800000000014,6001.100000000003
177431603.1677,30158.800000000014,6001.100000000003
177431605.1677,30158.800000000014,6001.100000000003
177431607.1677,30158.800000000014,6001.100000000003
177431609.1677,30158.800000000014,6001.100000000003
177431611.1677,30158.800000000014,6001.100000000003
177431613.1677,30158.800000000014,6001.100000000003
177431615.1677,30158.800000000014,6001.100000000003
177431617.1677,30158.800000000014,6001.100000000003
177431619.1677,30158.800000000014,6001.100000000003
177431621.1677,30158.800000000014,6001.100000000003
177431623.1677,30158.800000000014,6001.100000000003
177431625.1677,30158.800000000014,6001.100000000003
177431627.1677,30158.800000000014,6001.100000000003
177431629.1677,30158.800000000014,6001.100000000003
177431631.1677,30158.800000000014,6001.100000000003
177431633.1677,30158.800000000014,6001.100000000003
177431635.1677,30158.800000000014,6001.100000000003
177431637.1677,30158.800000000014,6001.100000000003
177431639.1677,30158.800000000014,6001.100000000003
177431641.1677,30158.800000000014,6001.100000000003
177431643.1677,30158.800000000014,6001.100000000003
177431645.1677,30158.800000000014,6001.100000000003
177431647.1677,30158.800000000014,6001.100000000003
177431649.1677,30158.800000000014,6001.100000000003
177431651.1677,30158.800000000014,6001.100000000003
177431653.1677,30158.800000000014,6001.100000000003
177431655.1677,30158.800000000014,6001.100000000003
177431657.1677,30158.800000000014,6001.100000000003
177431659.1677,30158.800000000014,6001.100000000003
177431661.1677,30158.800000000014,6001.100000000003
177431663.2677,30158.800000000014,6001.100000000003
177431665.1677,30158.800000000014,6001.100000000003
177431667.1677,30158.800000000014,6001.100000000003
177431669.1677,30158.800000000014,6001.100000000003
177431671.1677,30158.800000000014,6001.100000000003
177431673.1677,30158.800000000014,6001.100000000003
177431675.1677,30158.800000000014,6001.100000000003
177431677.1677,30158.800000000014,6001.100000000003
177431679.1677,30158.800000000014,6001.100000000003
177431681.1677,30158.800000000014,6001.100000000003
177431683.1677,30158.800000000014,6001.100000000003
177431685.1677,30158.800000000014,6001.100000000003
177431687.1677,30158.800000000014,6001.100000000003
177431689.1677,30158.800000000014,6001.100000000003
177431691.1677,30158.800000000014,6001.100000000003
177431693.1677,30158.800000000014,6001.100000000003
177431695.1677,30158.800000000014,6001.100000000003
177431697.1677,30158.800000000014,6001.100000000003
177431699.1677,30158.800000000014,6001.100000000003
177431701.1677,30158.800000000014,6001.100000000003
177431703.1677,30158.800000000014,6001.100000000003
177431705.1677,30158.800000000014,6001.100000000003
177431707.1677,30158.800000000014,6001.100000000003
177431709.1677,30158.800000000014,6001.100000000003
177431711.1677,30158.800000000014,6001.100000000003
177431713.1677,30158.800000000014,6001.100000000003
177431715.1677,30158.800000000014,6001.100000000003
177431717.1677,30158.800000000014,6001.100000000003
177431719.1677,30158.800000000014,6001.100000000003
177431721.1677,30158.800000000014,6001.100000000003
177431723.1677,30158.800000000014,6001.100000000003
177431725.1677,30158.800000000014,6001.100000000003
177431727.1677,30158.800000000014,6001.100000000003
177431729.1677,30158.800000000014,6001.100000000003
177431731.1677,30158.800000000014,6001.100000000003
177431733.1677,30158.800000000014,6001.100000000003
177431735.1677,30158.800000000014,6001.100000000003
177431737.1677,30158.800000000014,6001.100000000003
177431739.1677,30158.800000000014,6001.100000000003
177431741.1677,30158.800000000014,6001.100000000003
177431743.1677,30158.800000000014,6001.100000000003
177431745.1677,30158.800000000014,6001.100000000003
177431747.1677,30158.800000000014,6001.100000000003
177431749.1677,30158.800000000014,6001.100000000003
177431751.1677,30158.800000000014,6001.100000000003
177431753.1677,30158.800000000014,6001.100000000003
177431755.1677,30158.800000000014,6001.100000000003
177431757.1677,30158.800000000014,6001.100000000003
177431759.1677,30158.800000000014,6001.100000000003
177431761.1677,30158.800000000014,6001.100000000003
177431763.1677,30158.800000000014,6001.100000000003
177431765.1677,30158.800000000014,6001.100000000003
177431767.1677,30158.800000000014,6001.100000000003
177431769.1677,30158.800000000014,6001.100000000003
177431771.1677,30158.800000000014,6001.100000000003
177431773.1677,30158.800000000014,6001.100000000003
177431775.1677,30158.800000000014,6001.100000000003
177431777.1677,30158.800000000014,6001.100000000003
177431779.1677,30158.700000000015,6001.100000000003
177431781.1677,30158.700000000015,6001.100000000003
177431783.1677,30158.700000000015,6001.100000000003
177431785.1677,30158.700000000015,6001.100000000003
177431787.1677,30158.700000000015,6001.100000000003
177431789.1677,30158.700000000015,6001.100000000003
177431791.1677,30158.700000000015,6001.100000000003
177431793.1677,30158.700000000015,6001.100000000003
177431795.1677,30158.700000000015,6001.100000000003
177431797.1677,30158.700000000015,6001.100000000003
177431799.1677,30158.700000000015,6001.100000000003
177431801.1677,30158.700000000015,6001.100000000003
177431803.1677,30158.700000000015,6001.100000000003
177431805.1677,30158.700000000015,6200.000000000003
177431807.1677,30158.700000000015,6200.000000000003
177431809.1677,30158.700000000015,6200.000000000003
177431811.1677,30158.700000000015,6200.000000000003
177431813.1677,30158.700000000015,6200.000000000003
177431815.1677,30158.700000000015,6200.000000000003
177431817.1677,30158.700000000015,6200.000000000003
177431819.1677,30158.700000000015,6200.000000000003
177431821.1677,30158.700000000015,6200.000000000003
177431823.1677,30158.700000000015,6200.000000000003
177431825.1677,30158.700000000015,6200.000000000003
177431827.1677,30158.700000000015,6200.000000000003
177431829.1677,30158.700000000015,6200.000000000003
177431831.1677,30158.700000000015,6200.000000000003
177431833.1677,30158.700000000015,6200.000000000003
177431835.1677,30158.700000000015,6200.000000000003
177431837.1677,30158.700000000015,6200.000000000003
177431839.1677,30158.700000000015,6200.000000000003
177431841.1677,30158.700000000015,6200.000000000003
177431843.1677,30158.700000000015,6200.000000000003
177431845.1677,30158.700000000015,6200.000000000003
177431847.1677,30158.700000000015,6001.200000000003
177431849.1677,30158.700000000015,6001.200000000003
177431851.1677,30158.700000000015,6001.200000000003
177431853.1677,30158.900000000016,6001.200000000003
177431855.1677,36060.400000000016,6001.200000000003
177431857.1677,38715.30000000002,6001.200000000003
177431859.1677,41990.70000000002,6001.200000000003
177431861.1677,41990.70000000002,6001.200000000003
177431863.1677,2.1827872842550278e-11,6001.200000000003
177431865.1677,70000.00000000003,6001.200000000003
177431867.1677,70000.00000000003,6001.200000000003
177431869.1677,70000.00000000003,6001.200000000003
177431871.1677,70000.00000000003,6001.200000000003
177431873.1677,70000.00000000003,6001.200000000003
177431875.1677,70000.00000000003,6001.200000000003
177431877.1677,70000.00000000003,6001.200000000003
177431879.1677,69999.90000000002,6001.200000000003
177431881.1677,69999.90000000002,6001.200000000003
177431883.1677,69999.90000000002,6001.200000000003
177431885.1677,69999.90000000002,6001.200000000003
177431887.1677,69999.90000000002,6001.200000000003
177431889.1677,69999.90000000002,6001.200000000003
177431891.1677,69999.90000000002,6001.200000000003
177431893.1677,69999.90000000002,6001.200000000003
177431895.1677,69999.90000000002,6001.200000000003
177431897.1677,69999.90000000002,6001.200000000003
177431899.1677,69999.90000000002,6001.200000000003
177431901.1677,69999.90000000002,6001.200000000003
177431903.1677,69999.90000000002,6001.200000000003
177431905.1677,69999.90000000002,6001.200000000003
177431907.1677,69999.90000000002,6001.200000000003
177431909.1677,69999.90000000002,6001.200000000003
177431911.1677,69999.90000000002,6001.200000000003
177431913.1677,69999.90000000002,6001.200000000003
177431915.1677,69999.90000000002,6001.200000000003
177431917.1677,69999.90000000002,6001.200000000003
177431919.1677,69999.90000000002,6001.200000000003
177431921.1677,69999.90000000002,6001.200000000003
177431923.1677,69999.90000000002,6001.200000000003
177431925.1677,69999.90000000002,6001.200000000003
177431927.1677,69999.90000000002,6001.200000000003
177431929.1677,69999.90000000002,6001.200000000003
177431931.1677,69999.90000000002,6001.200000000003
177431933.1677,69999.90000000002,6001.200000000003
177431935.1677,69999.90000000002,6001.200000000003
177431937.1677,69999.90000000002,6001.200000000003
177431939.1677,69999.90000000002,6001.200000000003
177431941.1677,69999.90000000002,6001.200000000003
177431943.1677,69999.90000000002,6001.300000000003
177431945.1677,69999.90000000002,6001.300000000003
177431947.1677,69999.90000000002,6001.300000000003
177431949.1677,69999.90000000002,6001.300000000003
177431951.1677,69999.90000000002,6001.300000000003
177431953.1677,69999.90000000002,6001.300000000003
177431955.1677,69999.90000000002,6001.300000000003
177431957.1677,69999.90000000002,6001.300000000003
177431959.1677,69999.90000000002,6001.300000000003
177431961.1677,69999.90000000002,6001.300000000003
177431963.1677,69999.90000000002,6001.300000000003
177431965.1677,69999.90000000002,6001.300000000003
177431967.1677,69999.90000000002,6001.300000000003
177431969.1677,69999.90000000002,6001.300000000003
177431971.1677,69999.90000000002,6001.300000000003
177431973.1677,69999.90000000002,6001.300000000003
177431975.1677,69999.90000000002,6001.300000000003
177431977.1677,69999.90000000002,6001.300000000003
177431979.1677,69999.80000000002,6001.300000000003
177431981.1677,69999.80000000002,6001.300000000003
177431983.1677,69999.80000000002,6001.300000000003
177431985.1677,69999.80000000002,6001.300000000003
177431987.1677,69999.80000000002,6001.300000000003
177431989.1677,69999.80000000002,6001.300000000003
177431991.1677,69999.80000000002,6001.300000000003
177431993.1677,69999.80000000002,6001.300000000003
177431995.1677,69999.80000000002,6001.300000000003
177431997.1677,69999.80000000002,6001.300000000003
177431999.1677,69999.80000000002,6001.300000000003
177432001.1677,69999.80000000002,6001.300000000003
177432003.1677,69999.80000000002,6001.300000000003
177432005.1677,69999.80000000002,6001.300000000003
177432007.1677,69999.80000000002,6001.300000000003
177432009.1677,69999.80000000002,6001.300000000003
177432011.1677,69999.80000000002,6001.300000000003
177432013.1677,69999.80000000002,6001.300000000003
177432015.1677,69999.80000000002,6001.300000000003
177432017.1677,69999.80000000002,6001.300000000003
177432019.1677,69999.80000000002,6001.300000000003
177432021.1677,69999.80000000002,6001.300000000003
177432023.1677,69999.80000000002,6001.300000000003
177432025.1677,69999.80000000002,6001.300000000003
177432027.1677,69999.80000000002,6001.300000000003
177432029.1677,69999.80000000002,6001.300000000003
177432031.1677,69999.80000000002,6001.300000000003
177432033.1677,69999.80000000002,6001.300000000003
177432035.1677,69999.80000000002,6001.300000000003
177432037.1677,69999.80000000002,6001.300000000003
177432039.1677,69999.80000000002,6001.300000000003
177432041.1677,69999.80000000002,6001.300000000003
177432043.1677,69999.80000000002,6001.300000000003
177432045.1677,69999.80000000002,6001.300000000003
177432047.1677,69999.80000000002,6001.300000000003
177432049.1677,69999.80000000002,6001.300000000003
177432051.1677,69999.80000000002,6001.300000000003
177432053.1677,69999.80000000002,6001.300000000003
177432055.1677,69999.80000000002,6001.300000000003
177432057.1677,69999.80000000002,6001.300000000003
177432059.1677,69999.80000000002,6001.300000000003
177432061.1677,69999.80000000002,6001.300000000003
177432063.1677,69999.80000000002,6001.300000000003
177432065.1677,69999.80000000002,6001.300000000003
177432067.1677,69999.80000000002,6001.300000000003
177432069.1677,69999.80000000002,6001.300000000003
177432071.1677,69999.80000000002,6001.300000000003
177432073.1677,69999.80000000002,6001.300000000003
177432075.1677,69999.80000000002,6001.300000000003
177432077.1677,69999.80000000002,6001.300000000003
177432079.1677,69999.80000000002,6001.300000000003
177432081.1677,69999.80000000002,6001.300000000003
177432083.1677,69999.80000000002,6001.300000000003
177432085.1677,69999.80000000002,6001.300000000003
177432087.1677,69999.80000000002,6001.300000000003
177432089.1677,69999.80000000002,6001.300000000003
177432091.1677,69999.80000000002,6001.300000000003
177432093.1677,69999.80000000002,6001.300000000003
177432095.1677,69999.80000000002,6001.300000000003
177432097.1677,69999.80000000002,6001.300000000003
177432099.1677,69999.80000000002,6001.300000000003
177432101.1677,69999.80000000002,6001.300000000003
177432103.1677,69999.80000000002,6001.300000000003
177432105.1677,69999.80000000002,6001.300000000003
177432107.1677,69999.80000000002,6001.300000000003
177432109.1677,69999.80000000002,6001.300000000003
177432111.1677,69999.80000000002,6001.300000000003
177432113.1677,69999.80000000002,6001.300000000003
177432115.1677,69999.80000000002,6001.300000000003
177432117.1677,69999.80000000002,6001.300000000003
177432119.1677,69999.80000000002,6001.300000000003
177432121.1677,69999.80000000002,6001.300000000003
177432123.1677,69999.80000000002,6001.300000000003
177432125.1677,69999.80000000002,6001.300000000003
177432127.1677,69999.80000000002,6001.300000000003
177432129.1677,69999.80000000002,6001.300000000003
177432131.1677,69999.80000000002,6001.300000000003
177432133.1677,69999.80000000002,6001.300000000003
177432135.1677,69999.80000000002,6001.300000000003
177432137.1677,69999.80000000002,6001.300000000003
177432139.1677,69999.80000000002,6001.300000000003
177432141.1677,69999.80000000002,6001.300000000003
177432143.1677,69999.80000000002,6001.300000000003
177432145.1677,69999.80000000002,6001.300000000003
177432147.1677,69999.80000000002,6001.300000000003
177432149.1677,69999.80000000002,6001.300000000003
177432151.1677,69999.80000000002,6001.300000000003
177432153.1677,69999.80000000002,6001.300000000003
177432155.1677,69999.80000000002,6001.300000000003
177432157.1677,69999.80000000002,6001.300000000003
177432159.1677,69999.80000000002,6001.300000000003
177432161.1677,69999.80000000002,6001.300000000003
177432163.1677,69999.80000000002,6001.300000000003
177432165.1677,69999.80000000002,6001.300000000003
177432167.1677,69999.80000000002,6001.300000000003
177432169.1677,69999.80000000002,6001.300000000003
177432171.1677,69999.80000000002,6001.300000000003
177432173.1677,69999.80000000002,6001.300000000003
177432175.1677,69999.80000000002,6001.300000000003
177432177.1677,69999.80000000002,6001.300000000003
177432179.1677,69999.80000000002,6001.300000000003
177432181.1677,69999.80000000002,6001.300000000003
177432183.1677,69999.80000000002,6001.300000000003
177432185.1677,69999.80000000002,6001.300000000003
177432187.1677,69999.80000000002,6001.300000000003
177432189.1677,69999.80000000002,6001.300000000003
177432191.1677,69999.80000000002,6001.300000000003
177432193.1677,69999.80000000002,6001.300000000003
177432195.1677,69999.80000000002,6001.300000000003
177432197.1677,69999.80000000002,6001.300000000003
177432199.1677,69999.80000000002,6001.300000000003
177432201.1677,69999.80000000002,6001.300000000003
177432203.1677,69999.80000000002,6001.300000000003
177432205.1677,69999.80000000002,6001.300000000003
177432207.1677,69999.80000000002,6001.300000000003
177432209.1677,69999.80000000002,6001.300000000003
177432211.1677,69999.80000000002,6001.300000000003
177432213.1677,69999.80000000002,6001.300000000003
177432215.1677,69999.80000000002,6001.300000000003
177432217.1677,69999.80000000002,6001.300000000003
177432219.1677,69999.80000000002,6001.300000000003
177432221.1677,69999.80000000002,6001.300000000003
177432223.1677,69999.80000000002,6001.300000000003
177432225.1677,69999.80000000002,6001.300000000003
177432227.1677,69999.80000000002,6001.300000000003
177432229.1677,69999.80000000002,6001.300000000003
177432231.1677,69999.80000000002,6001.300000000003
177432233.1677,69999.80000000002,6001.300000000003
177432235.1677,69999.80000000002,6001.300000000003
177432237.1677,69999.80000000002,6001.300000000003
177432239.1677,69999.80000000002,6001.300000000003
177432241.1677,69999.80000000002,6001.300000000003
177432243.1677,69999.80000000002,6001.300000000003
177432245.1677,69999.80000000002,6001.300000000003
177432247.1677,69999.80000000002,6001.300000000003
177432249.1677,69999.80000000002,6001.300000000003
177432251.1677,69999.80000000002,6001.300000000003
177432253.1677,69999.80000000002,6001.300000000003
177432255.1677,69999.80000000002,6001.300000000003
177432257.1677,69999.80000000002,6001.300000000003
177432259.1677,69999.80000000002,6001.300000000003
177432261.1677,69999.80000000002,6001.300000000003
177432263.1677,69999.80000000002,6001.300000000003
177432265.1677,69999.80000000002,6001.300000000003
177432267.1677,69999.80000000002,6001.300000000003
177432269.1677,69999.80000000002,6001.300000000003
177432271.1677,69999.80000000002,6001.300000000003
177432273.1677,69999.80000000002,6001.300000000003
177432275.1677,69999.80000000002,6001.300000000003
177432277.1677,69999.80000000002,6001.300000000003
177432279.1677,69999.80000000002,6001.300000000003
177432281.1677,69999.80000000002,6001.300000000003
177432283.1677,69999.80000000002,6001.300000000003
177432285.1677,69999.80000000002,6001.300000000003
177432287.1677,69999.80000000002,6001.300000000003
177432289.1677,69999.80000000002,6001.300000000003
177432291.1677,69999.80000000002,6001.300000000003
177432293.1677,69999.80000000002,6001.300000000003
177432295.1677,69999.80000000002,6001.300000000003
177432297.1677,69999.80000000002,6001.300000000003
177432299.1677,69999.80000000002,6001.300000000003
177432301.1677,69999.80000000002,6001.300000000003
177432303.1677,69999.80000000002,6001.300000000003
177432305.1677,69999.80000000002,6001.300000000003
177432307.1677,69999.80000000002,6001.300000000003
177432309.1677,69999.80000000002,6001.300000000003
177432311.1677,69999.80000000002,6001.300000000003
177432313.1677,69999.80000000002,6001.300000000003
177432315.1677,69999.80000000002,6001.300000000003
177432317.1677,69999.80000000002,6001.300000000003
177432319.1677,69999.80000000002,6001.300000000003
177432321.1677,69999.80000000002,6001.300000000003
177432323.1677,69999.80000000002,6001.300000000003
177432325.1677,69999.80000000002,6001.300000000003
177432327.1677,69999.80000000002,6001.300000000003
177432329.1677,69999.80000000002,6001.300000000003
177432331.1677,69999.80000000002,6001.300000000003
177432333.1677,69999.80000000002,6001.300000000003
177432335.1677,69999.80000000002,6001.300000000003
177432337.1677,69999.80000000002,6001.300000000003
177432339.1677,69999.80000000002,6001.300000000003
177432341.1677,69999.80000000002,6001.300000000003
177432343.1677,69999.80000000002,6001.300000000003
177432345.1677,69999.80000000002,6001.300000000003
177432347.1677,69999.80000000002,6001.300000000003
177432349.1677,69999.80000000002,6001.300000000003
177432351.1677,69999.80000000002,6001.300000000003
177432353.1677,69999.80000000002,6001.300000000003
177432355.1677,69999.80000000002,6001.300000000003
177432357.1677,69999.80000000002,6001.300000000003
177432359.1677,69999.80000000002,6001.300000000003
177432361.1677,69999.80000000002,6001.300000000003
177432363.1677,69999.80000000002,6001.300000000003
177432365.1677,69999.80000000002,6001.300000000003
177432367.1677,69999.80000000002,6001.300000000003
177432369.1677,69999.80000000002,6001.300000000003
177432371.1677,69999.80000000002,6001.300000000003
177432373.1677,69999.80000000002,6001.300000000003
177432375.1677,69999.80000000002,6001.300000000003
177432377.1677,69999.80000000002,6001.300000000003
177432379.1677,69999.80000000002,6001.300000000003
177432381.1677,69999.80000000002,6001.300000000003
177432383.1677,69999.80000000002,6001.300000000003
177432385.1677,69999.80000000002,6001.300000000003
177432387.1677,69999.80000000002,6001.300000000003
177432389.1677,69999.80000000002,6001.300000000003
177432391.1677,69999.80000000002,6001.300000000003
177432393.1677,69999.80000000002,6001.300000000003
177432395.1677,69999.80000000002,6001.300000000003
177432397.1677,69999.80000000002,6001.300000000003
177432399.1677,69999.80000000002,6001.300000000003
177432401.1677,69999.80000000002,6001.300000000003
177432403.1677,69999.80000000002,6001.300000000003
177432405.1677,69999.80000000002,6001.300000000003
177432407.1677,69999.80000000002,6001.300000000003
177432409.1677,69999.80000000002,6001.300000000003
177432411.1677,69999.80000000002,6001.300000000003
177432413.1677,69999.80000000002,6001.300000000003
177432415.1677,69999.80000000002,6001.300000000003
177432417.1677,69999.80000000002,6001.300000000003
177432419.1677,69999.80000000002,6001.300000000003
177432421.1677,69999.80000000002,6001.300000000003
177432423.1677,69999.80000000002,6001.300000000003
177432425.1677,69999.80000000002,6001.300000000003
177432427.1677,69999.80000000002,6001.300000000003
177432429.1677,69999.80000000002,6001.300000000003
177432431.1677,69999.80000000002,6001.300000000003
177432433.1677,69999.80000000002,6001.300000000003
177432435.1677,69999.80000000002,6001.300000000003
177432437.1677,69999.80000000002,6001.300000000003
177432439.1677,69999.80000000002,6001.300000000003
177432441.1677,69999.80000000002,6001.300000000003
177432443.1677,69999.80000000002,6001.300000000003
177432445.1677,69999.80000000002,6001.300000000003
177432447.1677,69999.80000000002,6001.300000000003
177432449.1677,69999.80000000002,6001.300000000003
177432451.1677,69999.80000000002,6001.300000000003
177432453.1677,69999.80000000002,6001.300000000003
177432455.1677,69999.80000000002,6001.300000000003
177432457.1677,69999.80000000002,6001.300000000003
177432459.1677,69999.80000000002,6001.300000000003
177432461.1677,69999.80000000002,6001.300000000003
177432463.1677,69999.80000000002,6001.300000000003
177432465.1677,69999.80000000002,6001.300000000003
177432467.1677,69999.80000000002,6001.300000000003
177432469.1677,69999.80000000002,6001.300000000003
177432471.1677,69999.80000000002,6001.300000000003
177432473.1677,69999.80000000002,6001.300000000003
177432475.1677,69999.80000000002,6001.300000000003
177432477.1677,69999.80000000002,6001.300000000003
177432479.1677,69999.80000000002,6001.300000000003
177432481.1677,69999.80000000002,6001.300000000003
177432483.1677,69999.80000000002,6001.300000000003
177432485.1677,69999.80000000002,6001.300000000003
177432487.1677,69999.80000000002,6001.300000000003
177432489.1677,69999.80000000002,6001.300000000003
177432491.1677,69999.80000000002,6001.300000000003
177432493.1677,69999.80000000002,6001.300000000003
177432495.1677,69999.80000000002,6001.300000000003
177432497.1677,69999.80000000002,6001.300000000003
177432499.1677,69999.80000000002,6001.300000000003
177432501.1677,69999.80000000002,6001.300000000003
177432503.1677,69999.80000000002,6001.300000000003
177432505.1677,69999.80000000002,6001.300000000003
177432507.1677,69999.80000000002,6001.300000000003
177432509.1677,69999.80000000002,6001.300000000003
177432511.1677,69999.80000000002,6001.300000000003
177432513.1677,69999.80000000002,6001.300000000003
177432515.1677,69999.80000000002,6001.300000000003
177432517.1677,69999.80000000002,6001.300000000003
177432519.1677,69999.80000000002,6001.300000000003
177432521.1677,69999.80000000002,6001.300000000003
177432523.1677,69999.80000000002,6001.300000000003
177432525.1677,69999.80000000002,6001.300000000003
177432527.1677,69999.80000000002,6001.300000000003
177432529.1677,69999.80000000002,6001.300000000003
177432531.1677,69999.80000000002,6001.300000000003
177432533.1677,69999.80000000002,6001.300000000003
177432535.1677,69999.80000000002,6001.300000000003
177432537.1677,69999.80000000002,6001.300000000003
177432539.1677,69999.80000000002,6001.300000000003
177432541.1677,69999.80000000002,6001.300000000003
177432543.1677,69999.80000000002,6001.300000000003
177432545.1677,69999.80000000002,6001.300000000003
177432547.1677,69999.80000000002,6001.300000000003
177432549.1677,69999.80000000002,6001.300000000003
177432551.1677,69999.80000000002,6001.300000000003
177432553.1677,69999.80000000002,6001.300000000003
177432555.1677,69999.80000000002,6001.300000000003
177432557.1677,69999.80000000002,6001.300000000003
177432559.1677,69999.80000000002,6001.300000000003
177432561.1677,69999.80000000002,6001.300000000003
177432563.1677,69999.80000000002,6001.300000000003
177432565.1677,69999.80000000002,6001.300000000003
177432567.1677,69999.80000000002,6001.300000000003
177432569.1677,69999.80000000002,6001.300000000003
177432571.1677,69999.80000000002,6001.300000000003
177432573.1677,69999.80000000002,6001.300000000003
177432575.1677,69999.80000000002,6001.300000000003
177432577.1677,69999.80000000002,6001.300000000003
177432579.1677,69999.80000000002,6001.300000000003
177432581.1677,69999.80000000002,6001.300000000003
177432583.1677,69999.80000000002,6001.300000000003
177432585.1677,69999.80000000002,6001.300000000003
177432587.1677,69999.80000000002,6001.300000000003
177432589.1677,69999.80000000002,6001.300000000003
177432591.1677,69999.80000000002,6001.300000000003
177432593.1677,69999.80000000002,6001.300000000003
177432595.1677,69999.80000000002,6001.300000000003
177432597.1677,69999.80000000002,6001.300000000003
177432599.1677,69999.80000000002,6001.300000000003
177432601.1677,69999.80000000002,6001.300000000003
177432603.1677,69999.80000000002,6001.300000000003
177432605.1677,69999.80000000002,6001.300000000003
177432607.1677,69999.80000000002,6001.300000000003
177432609.1677,69999.80000000002,6001.300000000003
177432611.1677,69999.80000000002,6001.300000000003
177432613.1677,69999.80000000002,6001.300000000003
177432615.1677,69999.80000000002,6001.300000000003
177432617.2677,69999.80000000002,6001.300000000003
177432619.1677,69999.80000000002,6001.300000000003
177432621.1677,69999.80000000002,6001.300000000003
177432623.1677,69999.80000000002,6001.300000000003
177432625.1677,69999.80000000002,6001.300000000003
177432627.1677,69999.80000000002,6001.300000000003
177432629.1677,69999.80000000002,6001.300000000003
177432631.1677,69999.80000000002,6001.300000000003
177432633.1677,69999.80000000002,6001.300000000003
177432635.1677,69999.80000000002,6001.300000000003
177432637.1677,69999.80000000002,6001.300000000003
177432639.1677,69999.80000000002,6001.300000000003
177432641.1677,69999.80000000002,6001.300000000003
177432643.1677,69999.80000000002,6001.300000000003
177432645.1677,69999.80000000002,6001.300000000003
177432647.1677,69999.80000000002,6001.300000000003
177432649.1677,69999.80000000002,6001.300000000003
177432651.1677,69999.80000000002,6001.300000000003
177432653.1677,69999.80000000002,6001.300000000003
177432655.1677,69999.80000000002,6001.300000000003
177432657.1677,69999.80000000002,6001.300000000003
177432659.1677,69999.80000000002,6001.300000000003
177432661.1677,69999.80000000002,6001.300000000003
177432663.1677,69999.80000000002,6001.300000000003
177432665.1677,69999.80000000002,6001.300000000003
177432667.1677,69999.80000000002,6001.300000000003
177432669.1677,69999.80000000002,6001.300000000003
177432671.1677,69999.80000000002,6001.300000000003
177432673.1677,69999.80000000002,6001.300000000003
177432675.1677,69999.80000000002,6001.300000000003
177432677.1677,69999.80000000002,6001.300000000003
177432679.1677,69999.80000000002,6001.300000000003
177432681.1677,69999.80000000002,6001.300000000003
177432683.1677,69999.80000000002,6001.300000000003
177432685.1677,69999.80000000002,6001.300000000003
177432687.1677,69999.80000000002,6001.300000000003
177432689.1677,69999.80000000002,6001.300000000003
177432691.1677,69999.80000000002,6001.300000000003
177432693.1677,69999.80000000002,6001.300000000003
177432695.1677,69999.80000000002,6001.300000000003
177432697.1677,69999.80000000002,6001.300000000003
177432699.1677,69999.80000000002,6001.300000000003
177432701.1677,69999.80000000002,6001.300000000003
177432703.1677,69999.80000000002,6001.300000000003
177432705.1677,69999.80000000002,6001.300000000003
177432707.1677,69999.80000000002,6001.300000000003
177432709.1677,69999.80000000002,6001.300000000003
177432711.1677,69999.80000000002,6001.300000000003
177432713.1677,69999.80000000002,6001.300000000003
177432715.1677,69999.80000000002,6001.300000000003
177432717.1677,69999.80000000002,6001.300000000003
177432719.1677,69999.80000000002,6001.300000000003
177432721.1677,69999.80000000002,6001.300000000003
177432723.1677,69999.80000000002,6001.300000000003
177432725.1677,69999.80000000002,6001.300000000003
177432727.1677,69999.80000000002,6001.300000000003
177432729.1677,69999.80000000002,6001.300000000003
177432731.1677,69999.80000000002,6001.300000000003
177432733.1677,69999.80000000002,6001.300000000003
177432735.1677,69999.80000000002,6001.300000000003
177432737.1677,69999.80000000002,6001.300000000003
177432739.1677,69999.80000000002,6001.300000000003
177432741.1677,69999.80000000002,6001.300000000003
177432743.1677,69999.80000000002,6001.300000000003
177432745.1677,69999.80000000002,6001.300000000003
177432747.1677,69999.80000000002,6001.300000000003
177432749.1677,69999.80000000002,6001.300000000003
177432751.1677,69999.80000000002,6001.300000000003
177432753.1677,69999.80000000002,6001.300000000003
177432755.1677,69999.80000000002,6001.300000000003
177432757.1677,69999.80000000002,6001.300000000003
177432759.1677,69999.80000000002,6001.300000000003
177432761.1677,69999.80000000002,6001.300000000003
177432763.1677,69999.80000000002,6001.300000000003
177432765.1677,69999.80000000002,6001.300000000003
177432767.1677,69999.80000000002,6001.300000000003
177432769.1677,69999.80000000002,6001.300000000003
177432771.1677,69999.80000000002,6001.300000000003
177432773.1677,69999.80000000002,6001.300000000003
177432775.1677,69999.80000000002,6001.300000000003
177432777.1677,69999.80000000002,6001.300000000003
177432779.1677,69999.80000000002,6001.300000000003
177432781.1677,69999.80000000002,6001.300000000003
177432783.1677,69999.80000000002,6001.300000000003
177432785.1677,69999.80000000002,6001.300000000003
177432787.1677,69999.80000000002,6001.300000000003
177432789.1677,69999.80000000002,6001.300000000003
177432791.1677,69999.80000000002,6001.300000000003
177432793.1677,69999.80000000002,6001.300000000003
177432795.1677,69999.80000000002,6001.300000000003
177432797.1677,60000.000000000015,6001.300000000003
177432799.1677,60000.000000000015,6001.300000000003
177432801.1677,60000.000000000015,6001.300000000003
177432803.1677,60000.000000000015,6001.300000000003
177432805.1677,60000.000000000015,6001.300000000003
177432807.1677,60000.000000000015,6001.300000000003
177432809.1677,60000.000000000015,6001.300000000003
177432811.1677,60000.000000000015,6001.300000000003
177432813.1677,60000.000000000015,6001.300000000003
177432815.1677,60000.000000000015,6001.300000000003
177432817.1677,60000.000000000015,6001.300000000003
177432819.1677,60000.000000000015,6001.300000000003
177432821.1677,60000.000000000015,6001.300000000003
177432823.1677,60000.000000000015,6001.300000000003
177432825.1677,60000.000000000015,6001.300000000003
177432827.1677,60000.000000000015,6001.300000000003
177432829.1677,60000.000000000015,6001.300000000003
177432831.1677,60000.000000000015,6001.300000000003
177432833.1677,60000.000000000015,6001.300000000003
177432835.1677,60000.000000000015,6001.300000000003
177432837.1677,60000.000000000015,6001.300000000003
177432839.1677,60000.000000000015,6001.300000000003
177432841.1677,60000.000000000015,6001.300000000003
177432843.1677,60000.000000000015,6001.300000000003
177432845.1677,60000.000000000015,6001.300000000003
177432847.1677,60000.000000000015,6001.300000000003
177432849.1677,60000.000000000015,6001.300000000003
177432851.1677,60000.000000000015,6001.300000000003
177432853.1677,60000.000000000015,6001.300000000003
177432855.1677,60000.000000000015,6001.300000000003
177432857.1677,60000.000000000015,6001.300000000003
177432859.1677,60000.000000000015,6001.300000000003
177432861.1677,60000.000000000015,6001.300000000003
177432863.1677,60000.000000000015,6001.300000000003
177432865.1677,60000.000000000015,6001.300000000003
177432867.1677,60000.000000000015,6001.300000000003
177432869.1677,60000.000000000015,6001.300000000003
177432871.1677,60000.000000000015,6001.300000000003
177432873.1677,60000.000000000015,6001.300000000003
177432875.1677,60000.000000000015,6001.300000000003
177432877.1677,60000.000000000015,6001.300000000003
177432879.1677,60000.000000000015,6001.300000000003
177432881.1677,60000.000000000015,6001.300000000003
177432883.1677,60000.000000000015,6001.300000000003
177432885.1677,60000.000000000015,6001.300000000003
177432887.1677,60000.000000000015,6001.300000000003
177432889.1677,60000.000000000015,6001.300000000003
177432891.1677,60000.000000000015,6001.300000000003
177432893.1677,60000.000000000015,6001.300000000003
177432895.1677,60000.000000000015,6001.300000000003
177432897.1677,60000.000000000015,6001.300000000003
177432899.1677,60000.000000000015,6001.300000000003
177432901.1677,60000.000000000015,6001.300000000003
177432903.1677,60000.000000000015,6001.300000000003
177432905.1677,60000.000000000015,6001.300000000003
177432907.1677,60000.000000000015,6001.300000000003
177432909.1677,60000.000000000015,6001.300000000003
177432911.1677,60000.000000000015,6001.300000000003
177432913.1677,60000.000000000015,6001.300000000003
177432915.1677,60000.000000000015,6001.300000000003
177432917.1677,60000.000000000015,6001.300000000003
177432919.1677,60000.000000000015,6001.300000000003
177432921.1677,60000.000000000015,6001.300000000003
177432923.1677,60000.000000000015,6001.300000000003
177432925.1677,60000.000000000015,6001.300000000003
177432927.1677,60000.000000000015,6001.300000000003
177432929.1677,60000.000000000015,6001.300000000003
177432931.1677,60000.000000000015,6001.300000000003
177432933.1677,60000.000000000015,6001.300000000003
177432935.1677,60000.000000000015,6001.300000000003
177432937.1677,60000.000000000015,6001.300000000003
177432939.1677,60000.000000000015,6001.300000000003
177432941.1677,60000.000000000015,6001.300000000003
177432943.1677,60000.000000000015,6001.300000000003
177432945.1677,60000.000000000015,6001.300000000003
177432947.1677,60000.000000000015,6001.300000000003
177432949.1677,60000.000000000015,6001.300000000003
177432951.1677,60000.000000000015,6001.300000000003
177432953.1677,60000.000000000015,6001.300000000003
177432955.1677,60000.000000000015,6001.300000000003
177432957.1677,60000.000000000015,6001.300000000003
177432959.1677,60000.000000000015,6001.300000000003
177432961.1677,60000.000000000015,6001.300000000003
177432963.1677,60000.000000000015,6001.300000000003
177432965.1677,60000.000000000015,6001.300000000003
177432967.1677,60000.000000000015,6001.300000000003
177432969.1677,60000.000000000015,6001.300000000003
177432971.1677,60000.000000000015,6001.300000000003
177432973.1677,60000.000000000015,6001.300000000003
177432975.1677,60000.000000000015,6001.300000000003
177432977.1677,60000.000000000015,6001.300000000003
177432979.1677,60000.000000000015,6001.300000000003
177432981.1677,60000.000000000015,6001.300000000003
177432983.1677,60000.000000000015,6001.300000000003
177432985.1677,60000.000000000015,6001.300000000003
177432987.1677,60000.000000000015,6001.300000000003
177432989.1677,60000.000000000015,6001.300000000003
177432991.1677,60000.000000000015,6001.300000000003
177432993.1677,60000.000000000015,6001.300000000003
177432995.1677,60000.000000000015,6001.300000000003
177432997.1677,60000.000000000015,6001.300000000003
177432999.1677,60000.000000000015,6001.300000000003
177433001.1677,60000.000000000015,6001.300000000003
177433003.1677,60000.000000000015,6001.300000000003
177433005.1677,60000.000000000015,6001.300000000003
177433007.1677,60000.000000000015,6001.300000000003
177433009.1677,60000.000000000015,6001.300000000003
177433011.1677,60000.000000000015,6001.300000000003
177433013.1677,60000.000000000015,6001.300000000003
177433015.1677,60000.000000000015,6001.300000000003
177433017.1677,60000.000000000015,6001.300000000003
177433019.1677,60000.000000000015,6001.300000000003
177433021.1677,60000.000000000015,6001.300000000003
177433023.1677,60000.000000000015,6001.300000000003
177433025.1677,60000.000000000015,6001.300000000003
177433027.1677,60000.000000000015,6001.300000000003
177433029.1677,60000.000000000015,6001.300000000003
177433031.1677,60000.000000000015,6001.300000000003
177433033.1677,60000.000000000015,6001.300000000003
177433035.1677,60000.000000000015,6001.300000000003
177433037.1677,60000.000000000015,6001.300000000003
177433039.1677,60000.000000000015,6001.300000000003
177433041.1677,60000.000000000015,6001.300000000003
177433043.1677,60000.000000000015,6001.400000000003
177433045.1677,60000.000000000015,6001.400000000003
177433047.1677,60000.000000000015,6001.400000000003
177433049.1677,60000.000000000015,6001.400000000003
177433051.1677,60000.000000000015,6001.400000000003
177433053.1677,60000.000000000015,6001.400000000003
177433055.1677,60000.000000000015,6001.400000000003
177433057.1677,60000.000000000015,6001.400000000003
177433059.1677,60000.000000000015,6001.400000000003
177433061.1677,60000.000000000015,6001.400000000003
177433063.1677,60000.000000000015,6001.400000000003
177433065.1677,60000.000000000015,6001.400000000003
177433067.1677,60000.000000000015,6001.400000000003
177433069.1677,60000.000000000015,6001.400000000003
177433071.1677,60000.000000000015,6001.400000000003
177433073.1677,60000.000000000015,6001.400000000003
177433075.1677,60000.000000000015,6001.400000000003
177433077.1677,60000.000000000015,6001.400000000003
177433079.1677,60000.000000000015,6001.400000000003
177433081.1677,60000.000000000015,6001.400000000003
177433083.1677,60000.000000000015,6001.400000000003
177433085.1677,60000.000000000015,6001.400000000003
177433087.1677,60000.000000000015,6001.400000000003
177433089.1677,60000.000000000015,6001.400000000003
177433091.1677,60000.000000000015,6001.400000000003
177433093.1677,60000.000000000015,6001.400000000003
177433095.1677,60000.000000000015,6001.400000000003
177433097.1677,60000.000000000015,6001.400000000003
177433099.1677,60000.000000000015,6001.400000000003
177433101.1677,60000.000000000015,6001.400000000003
177433103.1677,60000.000000000015,6001.400000000003
177433105.1677,60000.000000000015,6001.400000000003
177433107.1677,60000.000000000015,6001.400000000003
177433109.1677,60000.000000000015,6001.400000000003
177433111.1677,60000.000000000015,6001.400000000003
177433113.1677,60000.000000000015,6001.400000000003
177433115.1677,60000.000000000015,6001.400000000003
177433117.1677,60000.000000000015,6001.400000000003
177433119.1677,60000.000000000015,6001.400000000003
177433121.1677,60000.000000000015,6001.400000000003
177433123.1677,60000.000000000015,6001.400000000003
177433125.1677,60000.000000000015,6001.400000000003
177433127.1677,60000.000000000015,6001.400000000003
177433129.1677,60000.000000000015,6001.400000000003
177433131.1677,60000.000000000015,6001.400000000003
177433133.1677,60000.000000000015,6001.400000000003
177433135.1677,60000.000000000015,6001.400000000003
177433137.1677,60000.000000000015,6001.400000000003
177433139.1677,60000.000000000015,6001.400000000003
177433141.1677,60000.000000000015,6001.400000000003
177433143.1677,60000.000000000015,6001.400000000003
177433145.1677,60000.000000000015,6001.400000000003
177433147.1677,60000.000000000015,6001.400000000003
177433149.1677,60000.000000000015,6001.400000000003
177433151.1677,60000.000000000015,6001.400000000003
177433153.1677,60000.000000000015,6001.400000000003
177433155.1677,60000.000000000015,6001.400000000003
177433157.1677,60000.000000000015,6001.400000000003
177433159.1677,60000.000000000015,6001.400000000003
177433161.1677,60000.000000000015,6001.400000000003
177433163.1677,60000.000000000015,6001.400000000003
177433165.1677,60000.000000000015,6001.400000000003
177433167.1677,60000.000000000015,6001.400000000003
177433169.1677,60000.000000000015,6001.400000000003
177433171.1677,60000.000000000015,6001.400000000003
177433173.1677,60000.000000000015,6001.400000000003
177433175.1677,60000.000000000015,6001.400000000003
177433177.1677,60000.000000000015,6001.400000000003
177433179.1677,60000.000000000015,6001.400000000003
177433181.1677,60000.000000000015,6001.400000000003
177433183.1677,60000.000000000015,6001.400000000003
177433185.1677,60000.000000000015,6001.400000000003
177433187.1677,60000.000000000015,6001.400000000003
177433189.1677,60000.000000000015,6001.400000000003
177433191.1677,60000.000000000015,6001.400000000003
177433193.1677,60000.000000000015,6001.400000000003
177433195.1677,60000.000000000015,6001.400000000003
177433197.1677,60000.000000000015,6001.400000000003
177433199.1677,60000.000000000015,6001.400000000003
177433201.1677,60000.000000000015,6001.400000000003
177433203.1677,60000.000000000015,6001.400000000003
177433205.1677,60000.000000000015,6001.400000000003
177433207.1677,60000.000000000015,6001.400000000003
177433209.1677,60000.000000000015,6001.400000000003
177433211.1677,60000.000000000015,6001.400000000003
177433213.1677,60000.000000000015,6001.400000000003
177433215.1677,60000.000000000015,6001.400000000003
177433217.1677,60000.000000000015,6001.400000000003
177433219.1677,60000.000000000015,6001.400000000003
177433221.1677,60000.000000000015,6001.400000000003
177433223.1677,60000.000000000015,6001.400000000003
177433225.1677,60000.000000000015,6001.400000000003
177433227.1677,60000.000000000015,6001.400000000003
177433229.1677,60000.000000000015,6001.400000000003
177433231.1677,60000.000000000015,6001.400000000003
177433233.1677,60000.000000000015,6001.400000000003
177433235.1677,60000.000000000015,6001.400000000003
177433237.1677,60000.000000000015,6001.400000000003
177433239.1677,60000.000000000015,6001.400000000003
177433241.1677,60000.000000000015,6001.400000000003
177433243.1677,60000.000000000015,6001.400000000003
177433245.1677,60000.000000000015,6001.400000000003
177433247.1677,60000.000000000015,6001.400000000003
177433249.1677,60000.000000000015,6001.400000000003
177433251.1677,60000.000000000015,6001.400000000003
177433253.1677,60000.000000000015,6001.400000000003
177433255.1677,60000.000000000015,6001.400000000003
177433257.1677,60000.000000000015,6001.400000000003
177433259.1677,60000.000000000015,6001.400000000003
177433261.1677,60000.000000000015,6001.400000000003
177433263.1677,60000.000000000015,6001.400000000003
177433265.1677,60000.000000000015,6001.400000000003
177433267.1677,60000.000000000015,6001.400000000003
177433269.1677,60000.000000000015,6001.400000000003
177433271.1677,60000.000000000015,6001.400000000003
177433273.1677,60000.000000000015,6001.400000000003
177433275.1677,60000.000000000015,6001.400000000003
177433277.1677,60000.000000000015,6001.400000000003
177433279.1677,60000.000000000015,6001.400000000003
177433281.1677,60000.000000000015,6001.400000000003
177433283.1677,60000.000000000015,6001.400000000003
177433285.1677,60000.000000000015,6001.400000000003
177433287.1677,60000.000000000015,6001.400000000003
177433289.1677,60000.000000000015,6001.400000000003
177433291.1677,60000.000000000015,6001.400000000003
177433293.1677,60000.000000000015,6001.400000000003
177433295.2677,60000.000000000015,6001.400000000003
177433297.1677,60000.000000000015,6001.400000000003
177433299.1677,60000.000000000015,6001.400000000003
177433301.1677,60000.000000000015,6001.400000000003
177433303.1677,60000.000000000015,6001.400000000003
177433305.1677,60000.000000000015,6001.400000000003
177433307.1677,60000.000000000015,6001.400000000003
177433309.1677,60000.000000000015,6001.400000000003
177433311.1677,60000.000000000015,6001.400000000003
177433313.1677,60000.000000000015,6001.400000000003
177433315.1677,60000.000000000015,6001.400000000003
177433317.1677,60000.000000000015,6001.400000000003
177433319.1677,60000.000000000015,6001.400000000003
177433321.1677,60000.000000000015,6001.400000000003
177433323.1677,60000.000000000015,6001.400000000003
177433325.1677,60000.000000000015,6001.400000000003
177433327.1677,60000.000000000015,6001.400000000003
177433329.1677,60000.000000000015,6001.400000000003
177433331.1677,60000.000000000015,6001.400000000003
177433333.1677,60000.000000000015,6001.400000000003
177433335.1677,60000.000000000015,6001.400000000003
177433337.1677,60000.000000000015,6001.400000000003
177433339.1677,60000.000000000015,6001.400000000003
177433341.1677,60000.000000000015,6001.400000000003
177433343.1677,60000.000000000015,6001.400000000003
177433345.1677,60000.000000000015,6001.400000000003
177433347.1677,60000.000000000015,6001.400000000003
177433349.1677,60000.000000000015,6001.400000000003
177433351.1677,60000.000000000015,6001.400000000003
177433353.1677,60000.000000000015,6001.400000000003
177433355.1677,60000.000000000015,6001.400000000003
177433357.1677,60000.000000000015,6001.400000000003
177433359.1677,60000.000000000015,6001.400000000003
177433361.1677,60000.000000000015,6001.400000000003
177433363.1677,60000.000000000015,6001.400000000003
177433365.1677,60000.000000000015,6001.400000000003
177433367.1677,60000.000000000015,6001.400000000003
177433369.1677,60000.000000000015,6001.400000000003
177433371.1677,60000.000000000015,6001.400000000003
177433373.1677,60000.000000000015,6001.400000000003
177433375.1677,60000.000000000015,6001.400000000003
177433377.1677,60000.000000000015,6001.400000000003
177433379.1677,60000.000000000015,6001.400000000003
177433381.1677,60000.000000000015,6001.400000000003
177433383.1677,60000.000000000015,6001.400000000003
177433385.1677,60000.000000000015,6001.400000000003
177433387.1677,60000.000000000015,6001.400000000003
177433389.1677,60000.000000000015,6001.400000000003
177433391.1677,60000.000000000015,6001.400000000003
177433393.1677,60000.000000000015,6001.400000000003
177433395.1677,60000.000000000015,6001.400000000003
177433397.1677,60000.000000000015,6001.400000000003
177433399.1677,60000.000000000015,6001.400000000003
177433401.1677,60000.000000000015,6001.400000000003
177433403.1677,60000.000000000015,6001.400000000003
177433405.1677,60000.000000000015,6001.400000000003
177433407.1677,60000.000000000015,6001.500000000004
177433409.1677,60000.000000000015,6001.500000000004
177433411.1677,60000.000000000015,6001.500000000004
177433413.1677,60000.000000000015,6001.500000000004
177433415.1677,60000.000000000015,6001.500000000004
177433417.1677,60000.000000000015,6001.500000000004
177433419.1677,60000.000000000015,6001.500000000004
177433421.1677,60000.000000000015,6001.500000000004
177433423.1677,60000.000000000015,6001.500000000004
177433425.1677,60000.000000000015,6001.500000000004
177433427.1677,60000.000000000015,6001.500000000004
177433429.1677,60000.000000000015,6001.500000000004
177433431.1677,60000.000000000015,6001.500000000004
177433433.1677,60000.000000000015,6001.500000000004
177433435.1677,60000.000000000015,6001.500000000004
177433437.1677,60000.000000000015,6001.500000000004
177433439.1677,60000.000000000015,6001.500000000004
177433441.1677,60000.000000000015,6001.500000000004
177433443.1677,60000.000000000015,6001.500000000004
177433445.1677,60000.000000000015,6001.500000000004
177433447.1677,60000.000000000015,6001.500000000004
177433449.1677,60000.000000000015,6001.500000000004
177433451.1677,60000.000000000015,6001.500000000004
177433453.1677,60000.000000000015,6001.500000000004
177433455.1677,60000.000000000015,6001.500000000004
177433457.1677,60000.000000000015,6001.500000000004
177433459.1677,60000.000000000015,6001.500000000004
177433461.1677,60000.000000000015,6001.500000000004
177433463.1677,60000.000000000015,6001.500000000004
177433465.1677,60000.000000000015,6001.500000000004
177433467.1677,60000.000000000015,6001.500000000004
177433469.1677,60000.000000000015,6001.500000000004
177433471.1677,60000.000000000015,6001.500000000004
177433473.1677,60000.000000000015,6001.500000000004
177433475.1677,60000.000000000015,6001.500000000004
177433477.1677,60000.000000000015,6001.500000000004
177433479.1677,60000.000000000015,6001.500000000004
177433481.1677,60000.000000000015,6001.500000000004
177433483.1677,60000.000000000015,6001.500000000004
177433485.1677,60000.000000000015,6001.500000000004
177433487.1677,60000.000000000015,6001.500000000004
177433489.1677,60000.000000000015,6001.500000000004
177433491.1677,60000.000000000015,6001.500000000004
177433493.1677,60000.000000000015,6001.500000000004
177433495.1677,60000.000000000015,6001.500000000004
177433497.1677,60000.000000000015,6001.500000000004
177433499.1677,60000.000000000015,6001.500000000004
177433501.1677,60000.000000000015,6001.500000000004
177433503.1677,60000.000000000015,6001.500000000004
177433505.1677,60000.000000000015,6001.500000000004
177433507.1677,60000.000000000015,6001.500000000004
177433509.1677,60000.000000000015,6001.500000000004
177433511.1677,60000.000000000015,6001.500000000004
177433513.1677,60000.000000000015,6001.500000000004
177433515.1677,60000.000000000015,6001.500000000004
177433517.1677,60000.000000000015,6001.500000000004
177433519.1677,60000.000000000015,6001.500000000004
177433521.1677,60000.000000000015,6001.500000000004
177433523.1677,60000.000000000015,6001.500000000004
177433525.1677,60000.000000000015,6001.500000000004
177433527.1677,60000.000000000015,6001.500000000004
177433529.1677,60000.000000000015,6001.500000000004
177433531.1677,60000.000000000015,6001.500000000004
177433533.1677,60000.000000000015,6001.500000000004
177433535.1677,60000.000000000015,6001.500000000004
177433537.1677,60000.000000000015,6001.500000000004
177433539.1677,60000.000000000015,6001.500000000004
177433541.1677,60000.000000000015,6001.500000000004
177433543.1677,60000.000000000015,6001.500000000004
177433545.1677,60000.000000000015,6001.500000000004
177433547.1677,60000.000000000015,6001.500000000004
177433549.1677,60000.000000000015,6001.500000000004
177433551.1677,60000.000000000015,6001.500000000004
177433553.1677,60000.000000000015,6001.500000000004
177433555.1677,60000.000000000015,6001.500000000004
177433557.1677,60000.000000000015,6001.500000000004
177433559.1677,60000.000000000015,6001.500000000004
177433561.1677,60000.000000000015,6001.500000000004
177433563.1677,60000.000000000015,6001.500000000004
177433565.1677,60000.000000000015,6001.500000000004
177433567.1677,60000.000000000015,6001.500000000004
177433569.1677,60000.000000000015,6001.500000000004
177433571.1677,60000.000000000015,6001.500000000004
177433573.1677,60000.000000000015,6001.500000000004
177433575.1677,60000.000000000015,6001.500000000004
177433577.1677,60000.000000000015,6001.500000000004
177433579.1677,60000.000000000015,6001.500000000004
177433581.1677,60000.000000000015,6001.500000000004
177433583.1677,60000.000000000015,6001.500000000004
177433585.1677,60000.000000000015,6001.500000000004
177433587.1677,60000.000000000015,6001.500000000004
177433589.1677,60000.000000000015,6001.500000000004
177433591.1677,60000.000000000015,6001.500000000004
177433593.1677,60000.000000000015,6001.500000000004
177433595.1677,60000.000000000015,6001.500000000004
177433597.1677,60000.000000000015,6001.500000000004
177433599.1677,60000.000000000015,6001.500000000004
177433601.1677,60000.000000000015,6001.500000000004
177433603.1677,60000.000000000015,6001.500000000004
177433605.1677,60000.000000000015,6001.500000000004
177433607.1677,60000.000000000015,6001.500000000004
177433609.1677,60000.000000000015,6001.500000000004
177433611.1677,60000.000000000015,6001.500000000004
177433613.1677,60000.000000000015,6001.500000000004
177433615.1677,60000.000000000015,6001.500000000004
177433617.1677,60000.000000000015,6001.500000000004
177433619.1677,60000.000000000015,6001.500000000004
177433621.1677,60000.000000000015,6001.500000000004
177433623.1677,60000.000000000015,6001.500000000004
177433625.1677,60000.000000000015,6001.500000000004
177433627.1677,60000.000000000015,6001.500000000004
177433629.1677,60000.000000000015,6001.500000000004
177433631.1677,60000.000000000015,6001.500000000004
177433633.1677,60000.000000000015,6001.500000000004
177433635.1677,60000.000000000015,6001.500000000004
177433637.1677,60000.000000000015,6001.500000000004
177433639.1677,60000.000000000015,6001.500000000004
177433641.1677,60000.000000000015,6001.500000000004
177433643.1677,60000.000000000015,6001.500000000004
177433645.1677,60000.000000000015,6001.500000000004
177433647.1677,60000.000000000015,6001.500000000004
177433649.1677,60000.000000000015,6001.500000000004
177433651.1677,60000.000000000015,6001.500000000004
177433653.1677,60000.000000000015,6001.500000000004
177433655.1677,60000.000000000015,6001.500000000004
177433657.1677,60000.000000000015,6001.500000000004
177433659.1677,60000.000000000015,6001.500000000004
177433661.1677,60000.000000000015,6001.500000000004
177433663.1677,60000.000000000015,6001.500000000004
177433665.1677,60000.000000000015,6001.500000000004
177433667.1677,60000.000000000015,6001.500000000004
177433669.1677,60000.000000000015,6001.500000000004
177433671.1677,60000.000000000015,6001.500000000004
177433673.1677,60000.000000000015,6001.500000000004
177433675.1677,60000.000000000015,6001.500000000004
177433677.1677,60000.000000000015,6001.500000000004
177433679.1677,60000.000000000015,6001.500000000004
177433681.1677,60000.000000000015,6001.500000000004
177433683.1677,60000.000000000015,6001.500000000004
177433685.1677,60000.000000000015,6001.500000000004
177433687.1677,60000.000000000015,6001.500000000004
177433689.1677,60000.000000000015,6001.500000000004
177433691.1677,60000.000000000015,6001.500000000004
177433693.1677,60000.000000000015,6001.500000000004
177433695.1677,60000.000000000015,6001.500000000004
177433697.1677,60000.000000000015,6001.500000000004
177433699.1677,60000.000000000015,6001.500000000004
177433701.1677,60000.000000000015,6001.500000000004
177433703.1677,60000.000000000015,6001.500000000004
177433705.1677,60000.000000000015,6001.500000000004
177433707.1677,60000.000000000015,6001.500000000004
177433709.1677,60000.000000000015,6001.500000000004
177433711.1677,60000.000000000015,6001.500000000004
177433713.1677,60000.000000000015,6001.500000000004
177433715.1677,60000.000000000015,6001.500000000004
177433717.1677,60000.000000000015,6001.500000000004
177433719.1677,60000.000000000015,6001.500000000004
177433721.1677,60000.000000000015,6001.500000000004
177433723.1677,60000.000000000015,6001.500000000004
177433725.1677,60000.000000000015,6001.500000000004
177433727.1677,60000.000000000015,6001.500000000004
177433729.1677,60000.000000000015,6001.500000000004
177433731.1677,60000.000000000015,6001.500000000004
177433733.1677,60000.000000000015,6001.500000000004
177433735.1677,60000.000000000015,6001.500000000004
177433737.1677,60000.000000000015,6001.500000000004
177433739.1677,60000.000000000015,6001.500000000004
177433741.1677,60000.000000000015,6001.500000000004
177433743.1677,60000.000000000015,6001.500000000004
177433745.1677,60000.000000000015,6001.500000000004
177433747.1677,60000.000000000015,6001.500000000004
177433749.1677,60000.000000000015,6001.500000000004
177433751.1677,60000.000000000015,6001.500000000004
177433753.1677,60000.000000000015,6001.500000000004
177433755.1677,60000.000000000015,6001.500000000004
177433757.1677,60000.000000000015,6001.500000000004
177433759.1677,60000.000000000015,6001.500000000004
177433761.1677,60000.000000000015,6001.500000000004
177433763.1677,60000.000000000015,6001.500000000004
177433765.1677,60000.000000000015,6001.500000000004
177433767.1677,60000.000000000015,6001.500000000004
177433769.1677,60000.000000000015,6001.500000000004
177433771.1677,60000.000000000015,6001.500000000004
177433773.1677,60000.000000000015,6001.500000000004
177433775.1677,60000.000000000015,6001.500000000004
177433777.1677,60000.000000000015,6001.500000000004
177433779.1677,60000.000000000015,6001.500000000004
177433781.1677,60000.000000000015,6001.500000000004
177433783.1677,60000.000000000015,6001.500000000004
177433785.1677,60000.000000000015,6001.500000000004
177433787.1677,60000.000000000015,6001.500000000004
177433789.1677,60000.000000000015,6001.500000000004
177433791.1677,60000.000000000015,6001.500000000004
177433793.1677,60000.000000000015,6001.500000000004
177433795.1677,60000.000000000015,6001.500000000004
177433797.1677,60000.000000000015,6001.500000000004
177433799.1677,60000.000000000015,6001.500000000004
177433801.1677,60000.000000000015,6001.500000000004
177433803.1677,60000.000000000015,6001.500000000004
177433805.1677,60000.000000000015,6001.500000000004
177433807.1677,60000.000000000015,6001.500000000004
177433809.1677,60000.000000000015,6001.500000000004
177433811.1677,60000.000000000015,6001.500000000004
177433813.1677,60000.000000000015,6001.500000000004
177433815.1677,60000.000000000015,6001.500000000004
177433817.1677,60000.000000000015,6001.500000000004
177433819.1677,60000.000000000015,6001.500000000004
177433821.1677,60000.000000000015,6001.500000000004
177433823.1677,60000.000000000015,6001.500000000004
177433825.1677,60000.000000000015,6001.500000000004
177433827.1677,60000.000000000015,6001.500000000004
177433829.1677,60000.000000000015,6001.500000000004
177433831.1677,60000.000000000015,6001.500000000004
177433833.1677,60000.000000000015,6001.500000000004
177433835.1677,60000.000000000015,6001.500000000004
177433837.1677,60000.000000000015,6001.500000000004
177433839.1677,60000.000000000015,6001.500000000004
177433841.1677,60000.000000000015,6001.500000000004
177433843.1677,60000.000000000015,6001.500000000004
177433845.1677,60000.000000000015,6001.500000000004
177433847.1677,60000.000000000015,6001.500000000004
177433849.1677,60000.000000000015,6001.500000000004
177433851.1677,60000.000000000015,6001.500000000004
177433853.1677,60000.000000000015,6001.500000000004
177433855.1677,60000.000000000015,6001.500000000004
177433857.1677,60000.000000000015,6001.500000000004
177433859.1677,60000.000000000015,6001.500000000004
177433861.1677,60000.000000000015,6001.500000000004
177433863.1677,60000.000000000015,6001.500000000004
177433865.1677,60000.000000000015,6001.500000000004
177433867.1677,60000.000000000015,6001.500000000004
177433869.1677,60000.000000000015,6001.500000000004
177433871.1677,60000.000000000015,6001.500000000004
177433873.1677,60000.000000000015,6001.500000000004
177433875.1677,60000.000000000015,6001.500000000004
177433877.1677,60000.000000000015,6001.500000000004
177433879.1677,60000.000000000015,6001.500000000004
177433881.1677,60000.000000000015,6001.500000000004
177433883.1677,60000.000000000015,6001.500000000004
177433885.1677,60000.000000000015,6001.500000000004
177433887.1677,60000.000000000015,6001.500000000004
177433889.1677,60000.000000000015,6001.500000000004
177433891.1677,60000.000000000015,6001.500000000004
177433893.1677,60000.000000000015,6001.500000000004
177433895.1677,60000.000000000015,6001.500000000004
177433897.1677,60000.000000000015,6001.500000000004
177433899.1677,60000.000000000015,6001.500000000004
177433901.1677,60000.000000000015,6001.500000000004
177433903.1677,60000.000000000015,6001.500000000004
177433905.1677,60000.000000000015,6001.500000000004
177433907.1677,60000.000000000015,6001.500000000004
177433909.1677,60000.000000000015,6001.500000000004
177433911.1677,60000.000000000015,6001.500000000004
177433913.1677,60000.000000000015,6001.500000000004
177433915.1677,60000.000000000015,6001.500000000004
177433917.1677,60000.000000000015,6001.500000000004
177433919.1677,60000.000000000015,6001.500000000004
177433921.1677,60000.000000000015,6001.500000000004
177433923.1677,60000.000000000015,6001.500000000004
177433925.1677,60000.000000000015,6001.500000000004
177433927.1677,60000.000000000015,6001.500000000004
177433929.1677,60000.000000000015,6001.500000000004
177433931.1677,60000.000000000015,6001.500000000004
177433933.1677,60000.000000000015,6001.500000000004
177433935.1677,60000.000000000015,6001.500000000004
177433937.1677,60000.000000000015,6001.500000000004
177433939.1677,59999.900000000016,6001.500000000004
177433941.1677,59999.900000000016,6001.500000000004
177433943.1677,59999.900000000016,6001.500000000004
177433945.1677,59999.900000000016,6001.500000000004
177433947.1677,59999.900000000016,6001.500000000004
177433949.1677,59999.900000000016,6001.500000000004
177433951.1677,59999.900000000016,6001.500000000004
177433953.1677,59999.900000000016,6001.500000000004
177433955.1677,59999.900000000016,6001.500000000004
177433957.1677,59999.900000000016,6001.500000000004
177433959.1677,59999.900000000016,6001.500000000004
177433961.1677,59999.900000000016,6001.500000000004
177433963.1677,59999.900000000016,6001.500000000004
177433965.1677,59999.900000000016,6001.500000000004
177433967.1677,59999.900000000016,6001.500000000004
177433969.1677,59999.900000000016,6001.500000000004
177433971.1677,59999.900000000016,6001.500000000004
177433973.1677,59999.900000000016,6001.500000000004
177433975.1677,59999.900000000016,6001.500000000004
177433977.1677,59999.900000000016,6001.500000000004
177433979.1677,59999.900000000016,6001.500000000004
177433981.1677,59999.900000000016,6001.500000000004
177433983.1677,59999.900000000016,6001.500000000004
177433985.1677,59999.900000000016,6001.500000000004
177433987.1677,59999.900000000016,6001.500000000004
177433989.1677,59999.900000000016,6001.500000000004
177433991.1677,59999.900000000016,6001.500000000004
177433993.1677,59999.900000000016,6001.500000000004
177433995.1677,59999.900000000016,6001.500000000004
177433997.1677,59999.900000000016,6001.500000000004
177433999.1677,59999.900000000016,6001.500000000004
177434001.1677,59999.900000000016,6001.500000000004
177434003.1677,59999.900000000016,6001.500000000004
177434005.1677,59999.900000000016,6001.500000000004
177434007.1677,59999.900000000016,6001.500000000004
177434009.1677,59999.900000000016,6001.500000000004
177434011.1677,59999.900000000016,6001.500000000004
177434013.1677,59999.900000000016,6001.500000000004
177434015.1677,59999.900000000016,6001.500000000004
177434017.1677,59999.900000000016,6001.500000000004
177434019.1677,59999.900000000016,6001.500000000004
177434021.1677,59999.900000000016,6001.500000000004
177434023.1677,59999.900000000016,6001.500000000004
177434025.1677,59999.900000000016,6001.500000000004
177434027.1677,59999.900000000016,6001.500000000004
177434029.1677,59999.900000000016,6001.500000000004
177434031.1677,59999.900000000016,6001.500000000004
177434033.1677,59999.900000000016,6001.500000000004
177434035.1677,59999.900000000016,6001.500000000004
177434037.1677,59999.900000000016,6001.500000000004
177434039.1677,59999.900000000016,6001.500000000004
177434041.1677,59999.900000000016,6001.500000000004
177434043.1677,59999.900000000016,6001.500000000004
177434045.1677,59999.900000000016,6001.500000000004
177434047.1677,59999.900000000016,6001.500000000004
177434049.1677,59999.900000000016,6001.500000000004
177434051.1677,59999.900000000016,6001.500000000004
177434053.1677,59999.900000000016,6001.500000000004
177434055.1677,59999.900000000016,6001.500000000004
177434057.1677,59999.900000000016,6001.500000000004
177434059.1677,59999.900000000016,6001.500000000004
177434061.1677,59999.900000000016,6001.500000000004
177434063.1677,59999.900000000016,6001.500000000004
177434065.1677,59999.900000000016,6001.500000000004
177434067.1677,59999.900000000016,6001.500000000004
177434069.1677,59999.900000000016,6001.500000000004
177434071.1677,59999.900000000016,6001.500000000004
177434073.1677,59999.900000000016,6001.500000000004
177434075.1677,59999.900000000016,6001.500000000004
177434077.1677,59999.900000000016,6001.500000000004
177434079.1677,59999.900000000016,6001.500000000004
177434081.1677,59999.900000000016,6001.500000000004
177434083.1677,59999.900000000016,6001.500000000004
177434085.1677,59999.900000000016,6001.500000000004
177434087.1677,59999.900000000016,6001.500000000004
177434089.1677,59999.900000000016,6001.500000000004
177434091.1677,59999.900000000016,6001.500000000004
177434093.1677,59999.900000000016,6001.500000000004
177434095.1677,59999.900000000016,6001.500000000004
177434097.1677,59999.900000000016,6001.500000000004
177434099.1677,59999.900000000016,6001.500000000004
177434101.1677,59999.900000000016,6001.500000000004
177434103.1677,59999.900000000016,6001.500000000004
177434105.1677,59999.900000000016,6001.500000000004
177434107.1677,59999.900000000016,6001.500000000004
177434109.1677,59999.900000000016,6001.500000000004
177434111.1677,59999.900000000016,6001.500000000004
177434113.1677,59999.900000000016,6001.500000000004
177434115.1677,59999.900000000016,6001.500000000004
177434117.1677,59999.900000000016,6001.500000000004
177434119.1677,59999.900000000016,6001.500000000004
177434121.1677,59999.900000000016,6001.500000000004
177434123.1677,59999.900000000016,6001.500000000004
177434125.1677,59999.900000000016,6001.500000000004
177434127.1677,59999.900000000016,6001.500000000004
177434129.1677,59999.900000000016,6001.500000000004
177434131.1677,59999.900000000016,6001.500000000004
177434133.1677,59999.900000000016,6001.500000000004
177434135.1677,59999.900000000016,6001.500000000004
177434137.1677,59999.900000000016,6001.500000000004
177434139.1677,59999.900000000016,6001.500000000004
177434141.1677,59999.900000000016,6001.500000000004
177434143.1677,59999.900000000016,6001.500000000004
177434145.1677,59999.900000000016,6001.500000000004
177434147.1677,59999.900000000016,6001.500000000004
177434149.1677,59999.900000000016,6001.500000000004
177434151.1677,59999.900000000016,6001.500000000004
177434153.1677,59999.900000000016,6001.500000000004
177434155.1677,59999.900000000016,6001.500000000004
177434157.1677,59999.900000000016,6001.500000000004
177434159.1677,59999.900000000016,6001.500000000004
177434161.1677,59999.900000000016,6001.500000000004
177434163.1677,59999.900000000016,6001.500000000004
177434165.1677,59999.900000000016,6001.500000000004
177434167.1677,59999.900000000016,6001.500000000004
177434169.1677,59999.900000000016,6001.500000000004
177434171.1677,59999.900000000016,6001.500000000004
177434173.1677,59999.900000000016,6001.500000000004
177434175.1677,59999.900000000016,6001.500000000004
177434177.1677,59999.900000000016,6001.500000000004
177434179.1677,59999.900000000016,6001.500000000004
177434181.1677,59999.900000000016,6001.500000000004
177434183.1677,59999.900000000016,6001.500000000004
177434185.1677,59999.900000000016,6001.500000000004
177434187.1677,59999.900000000016,6001.500000000004
177434189.1677,59999.900000000016,6001.500000000004
177434191.1677,59999.900000000016,6001.500000000004
177434193.1677,59999.900000000016,6001.500000000004
177434195.1677,59999.900000000016,6001.500000000004
177434197.1677,59999.900000000016,6001.500000000004
177434199.1677,59999.900000000016,6001.500000000004
177434201.1677,59999.900000000016,6001.500000000004
177434203.1677,59999.900000000016,6001.500000000004
177434205.1677,59999.900000000016,6001.500000000004
177434207.1677,59999.900000000016,6001.500000000004
177434209.1677,59999.900000000016,6001.500000000004
177434211.1677,59999.900000000016,6001.500000000004
177434213.1677,59999.900000000016,6001.500000000004
177434215.1677,59999.900000000016,6001.500000000004
177434217.1677,59999.900000000016,6001.500000000004
177434219.1677,59999.900000000016,6001.500000000004
177434221.1677,59999.900000000016,6001.500000000004
177434223.1677,59999.900000000016,6001.500000000004
177434225.1677,59999.900000000016,6001.500000000004
177434227.1677,59999.900000000016,6001.500000000004
177434229.1677,59999.900000000016,6001.500000000004
177434231.1677,59999.900000000016,6001.500000000004
177434233.1677,59999.900000000016,6001.500000000004
177434235.1677,59999.900000000016,6001.500000000004
177434237.1677,59999.900000000016,6001.500000000004
177434239.1677,59999.900000000016,6001.500000000004
177434241.1677,59999.900000000016,6001.500000000004
177434243.1677,59999.900000000016,6001.500000000004
177434245.1677,59999.900000000016,6001.500000000004
177434247.1677,59999.900000000016,6001.500000000004
177434249.1677,59999.900000000016,6001.500000000004
177434251.1677,59999.900000000016,6001.500000000004
177434253.1677,59999.900000000016,6001.500000000004
177434255.1677,59999.900000000016,6001.500000000004
177434257.1677,59999.900000000016,6001.500000000004
177434259.1677,59999.900000000016,6001.500000000004
177434261.1677,59999.900000000016,6001.500000000004
177434263.1677,59999.900000000016,6001.500000000004
177434265.1677,59999.900000000016,6001.500000000004
177434267.1677,59999.900000000016,6001.500000000004
177434269.1677,59999.900000000016,6001.500000000004
177434271.1677,59999.900000000016,6001.500000000004
177434273.1677,59999.900000000016,6001.500000000004
177434275.1677,59999.900000000016,6001.500000000004
177434277.1677,59999.900000000016,6001.500000000004
177434279.1677,59999.900000000016,6001.500000000004
177434281.1677,59999.900000000016,6001.500000000004
177434283.1677,59999.900000000016,6001.500000000004
177434285.1677,59999.900000000016,6001.500000000004
177434287.1677,59999.900000000016,6001.500000000004
177434289.1677,59999.900000000016,6001.500000000004
177434291.1677,60000.000000000015,6001.500000000004
177434293.1677,60000.000000000015,6001.500000000004
177434295.1677,60000.000000000015,6001.500000000004
177434297.1677,60000.000000000015,6001.500000000004
177434299.1677,60000.000000000015,6001.500000000004
177434301.1677,60000.000000000015,6001.500000000004
177434303.1677,60000.000000000015,6001.500000000004
177434305.1677,60000.000000000015,6001.500000000004
177434307.1677,60000.000000000015,6001.500000000004
177434309.1677,60000.000000000015,6001.500000000004
177434311.1677,60000.000000000015,6001.500000000004
177434313.1677,60000.000000000015,6001.500000000004
177434315.1677,60000.000000000015,6001.500000000004
177434317.1677,60000.000000000015,6001.500000000004
177434319.1677,60000.000000000015,6001.500000000004
177434321.1677,60000.000000000015,6001.500000000004
177434323.1677,60000.000000000015,6001.500000000004
177434325.1677,60000.000000000015,6001.500000000004
177434327.1677,60000.000000000015,6001.500000000004
177434329.1677,60000.000000000015,6001.500000000004
177434331.1677,60000.000000000015,6001.500000000004
177434333.1677,60000.000000000015,6001.500000000004
177434335.1677,60000.000000000015,6001.500000000004
177434337.1677,60000.000000000015,6001.500000000004
177434339.1677,60000.000000000015,6001.500000000004
177434341.1677,60000.000000000015,6001.500000000004
177434343.1677,60000.000000000015,6001.500000000004
177434345.1677,60000.000000000015,6001.500000000004
177434347.1677,60000.000000000015,6001.500000000004
177434349.1677,60000.000000000015,6001.500000000004
177434351.1677,60000.000000000015,6001.500000000004
177434353.1677,60000.000000000015,6001.500000000004
177434355.1677,60000.000000000015,6001.500000000004
177434357.1677,60000.000000000015,6001.500000000004
177434359.1677,60000.000000000015,6001.500000000004
177434361.1677,60000.000000000015,6001.500000000004
177434363.1677,60000.000000000015,6001.500000000004
177434365.1677,60000.000000000015,6001.500000000004
177434367.1677,60000.000000000015,6001.500000000004
177434369.1677,60000.000000000015,6001.500000000004
177434371.1677,60000.000000000015,6001.500000000004
177434373.1677,60000.000000000015,6001.500000000004
177434375.1677,60000.000000000015,6001.500000000004
177434377.1677,60000.000000000015,6001.500000000004
177434379.1677,60000.000000000015,6001.500000000004
177434381.1677,60000.000000000015,6001.500000000004
177434383.1677,60000.000000000015,6001.500000000004
177434385.1677,60000.000000000015,6001.500000000004
177434387.1677,60000.000000000015,6001.500000000004
177434389.1677,60000.000000000015,6001.500000000004
177434391.1677,60000.000000000015,6001.500000000004
177434393.1677,60000.000000000015,6001.500000000004
177434395.1677,60000.000000000015,6001.500000000004
177434397.1677,60000.000000000015,6001.500000000004
177434399.1677,60000.000000000015,6001.500000000004
177434401.1677,60000.000000000015,6001.500000000004
177434403.1677,60000.000000000015,6001.500000000004
177434405.1677,60000.000000000015,6001.500000000004
177434407.1677,60000.000000000015,6001.500000000004
177434409.1677,60000.000000000015,6001.500000000004
177434411.1677,60000.000000000015,6001.500000000004
177434413.1677,60000.000000000015,6001.500000000004
177434415.1677,60000.000000000015,6001.500000000004
177434417.1677,60000.000000000015,6001.500000000004
177434419.1677,60000.000000000015,6001.500000000004
177434421.1677,60000.000000000015,6001.500000000004
177434423.1677,60000.000000000015,6001.500000000004
177434425.1677,60000.000000000015,6001.500000000004
177434427.1677,60000.000000000015,6001.500000000004
177434429.1677,60000.000000000015,6001.500000000004
177434431.1677,60000.000000000015,6001.500000000004
177434433.1677,60000.000000000015,6001.500000000004
177434435.1677,60000.000000000015,6001.500000000004
177434437.1677,60000.000000000015,6001.500000000004
177434439.1677,60000.000000000015,6001.500000000004
177434441.1677,60000.000000000015,6001.500000000004
177434443.1677,60000.000000000015,6001.500000000004
177434445.1677,60000.000000000015,6001.500000000004
177434447.1677,60000.000000000015,6001.500000000004
177434449.1677,60000.000000000015,6001.500000000004
177434451.1677,60000.000000000015,6001.500000000004
177434453.1677,60000.000000000015,6001.500000000004
177434455.1677,60000.000000000015,6001.500000000004
177434457.1677,60000.000000000015,6001.500000000004
177434459.1677,60000.000000000015,6001.500000000004
177434461.1677,60000.000000000015,6001.500000000004
177434463.1677,60000.000000000015,6001.500000000004
177434465.1677,60000.000000000015,6001.500000000004
177434467.1677,60000.000000000015,6001.500000000004
177434469.1677,60000.000000000015,6001.500000000004
177434471.1677,60000.000000000015,6001.500000000004
177434473.1677,60000.000000000015,6001.500000000004
177434475.1677,60000.000000000015,6001.500000000004
177434477.1677,60000.000000000015,6001.500000000004
177434479.1677,60000.000000000015,6001.500000000004
177434481.1677,60000.000000000015,6001.500000000004
177434483.1677,60000.000000000015,6001.500000000004
177434485.1677,60000.000000000015,6001.500000000004
177434487.1677,60000.000000000015,6001.500000000004
177434489.1677,60000.000000000015,6001.500000000004
177434491.1677,60000.000000000015,6001.500000000004
177434493.1677,60000.000000000015,6001.500000000004
177434495.1677,60000.000000000015,6001.500000000004
177434497.1677,60000.000000000015,6001.500000000004
177434499.1677,60000.000000000015,6001.500000000004
177434501.1677,60000.000000000015,6001.500000000004
177434503.1677,60000.000000000015,6001.500000000004
177434505.1677,60000.000000000015,6001.500000000004
177434507.1677,60000.000000000015,6001.500000000004
177434509.1677,60000.000000000015,6001.500000000004
177434511.1677,60000.000000000015,6001.500000000004
177434513.1677,60000.000000000015,6001.500000000004
177434515.1677,60000.000000000015,6001.500000000004
177434517.1677,60000.000000000015,6001.500000000004
177434519.1677,60000.000000000015,6001.500000000004
177434521.1677,60000.000000000015,6001.500000000004
177434523.1677,60000.000000000015,6001.500000000004
177434525.1677,60000.000000000015,6001.500000000004
177434527.1677,60000.000000000015,6001.500000000004
177434529.1677,60000.000000000015,6001.500000000004
177434531.1677,60000.000000000015,6001.500000000004
177434533.1677,60000.000000000015,6001.500000000004
177434535.1677,60000.000000000015,6001.500000000004
177434537.1677,60000.000000000015,6001.500000000004
177434539.1677,60000.000000000015,6001.500000000004
177434541.1677,60000.000000000015,6001.500000000004
177434543.1677,60000.000000000015,6001.500000000004
177434545.1677,60000.000000000015,6001.500000000004
177434547.1677,60000.000000000015,6001.500000000004
177434549.1677,60000.000000000015,6001.500000000004
177434551.1677,60000.000000000015,6001.500000000004
177434553.1677,60000.000000000015,6001.500000000004
177434555.1677,60000.000000000015,6001.500000000004
177434557.1677,60000.000000000015,6001.500000000004
177434559.1677,60000.000000000015,6001.500000000004
177434561.1677,60000.000000000015,6001.500000000004
177434563.1677,60000.000000000015,6001.500000000004
177434565.1677,60000.000000000015,6001.500000000004
177434567.1677,60000.000000000015,6001.500000000004
177434569.1677,60000.000000000015,6001.500000000004
177434571.1677,60000.000000000015,6001.500000000004
177434573.1677,60000.000000000015,6001.500000000004
177434575.1677,60000.000000000015,6001.500000000004
177434577.1677,60000.000000000015,6001.500000000004
177434579.1677,60000.000000000015,6001.500000000004
177434581.1677,60000.000000000015,6001.500000000004
177434583.1677,60000.000000000015,6001.500000000004
177434585.1677,60000.000000000015,6001.500000000004
177434587.1677,60000.000000000015,6001.500000000004
177434589.1677,60000.000000000015,6001.500000000004
177434591.1677,60000.000000000015,6001.500000000004
177434593.1677,60000.000000000015,6001.500000000004
177434595.1677,60000.000000000015,6001.500000000004
177434597.1677,60000.000000000015,6001.500000000004
177434599.1677,60000.000000000015,6001.500000000004
177434601.1677,60000.000000000015,6001.500000000004
177434603.1677,60000.000000000015,6001.500000000004
177434605.1677,60000.000000000015,6001.500000000004
177434607.1677,60000.000000000015,6001.500000000004
177434609.1677,60000.000000000015,6001.500000000004
177434611.1677,60000.000000000015,6001.500000000004
177434613.1677,60000.000000000015,6001.500000000004
177434615.1677,60000.000000000015,6001.500000000004
177434617.1677,60000.000000000015,6001.500000000004
177434619.1677,60000.000000000015,6001.500000000004
177434621.1677,60000.000000000015,6001.500000000004
177434623.1677,60000.000000000015,6001.500000000004
177434625.1677,60000.000000000015,6001.500000000004
177434627.1677,60000.000000000015,6001.500000000004
177434629.1677,60000.000000000015,6001.500000000004
177434631.1677,60000.000000000015,6001.500000000004
177434633.1677,60000.000000000015,6001.500000000004
177434635.1677,60000.000000000015,6001.500000000004
177434637.1677,60000.000000000015,6001.500000000004
177434639.1677,60000.000000000015,6001.600000000004
177434641.1677,60000.000000000015,6001.600000000004
177434643.1677,60000.000000000015,6001.600000000004
177434645.1677,60000.000000000015,6001.600000000004
177434647.1677,60000.000000000015,6001.600000000004
177434649.1677,60000.000000000015,6001.600000000004
177434651.1677,60000.000000000015,6001.600000000004
177434653.1677,60000.000000000015,6001.600000000004
177434655.1677,60000.000000000015,6001.600000000004
177434657.1677,60000.000000000015,6001.600000000004
177434659.1677,60000.000000000015,6001.600000000004
177434661.1677,60000.000000000015,6001.600000000004
177434663.1677,60000.000000000015,6001.600000000004
177434665.1677,60000.000000000015,6001.600000000004
177434667.1677,60000.000000000015,6001.600000000004
177434669.1677,60000.000000000015,6001.600000000004
177434671.1677,60000.000000000015,6001.600000000004
177434673.1677,60000.000000000015,6001.600000000004
177434675.1677,60000.000000000015,6001.600000000004
177434677.1677,60000.000000000015,6001.600000000004
177434679.1677,60000.000000000015,6001.600000000004
177434681.1677,60000.000000000015,6001.600000000004
177434683.1677,60000.000000000015,6001.600000000004
177434685.1677,60000.000000000015,6001.600000000004
177434687.1677,60000.000000000015,6001.600000000004
177434689.1677,60000.000000000015,6001.600000000004
177434691.1677,60000.000000000015,6001.600000000004
177434693.1677,60000.000000000015,6001.600000000004
177434695.1677,60000.000000000015,6001.600000000004
177434697.1677,60000.000000000015,6001.600000000004
177434699.1677,60000.000000000015,6001.600000000004
177434701.1677,60000.000000000015,6001.600000000004
177434703.1677,60000.000000000015,6001.600000000004
177434705.1677,60000.000000000015,6001.600000000004
177434707.1677,60000.000000000015,6001.600000000004
177434709.1677,60000.000000000015,6001.600000000004
177434711.1677,60000.000000000015,6001.600000000004
177434713.1677,60000.000000000015,6001.600000000004
177434715.1677,60000.000000000015,6001.600000000004
177434717.1677,60000.000000000015,6001.600000000004
177434719.1677,60000.000000000015,6001.600000000004
177434721.1677,60000.000000000015,6001.600000000004
177434723.1677,60000.000000000015,6001.600000000004
177434725.1677,60000.000000000015,6001.600000000004
177434727.1677,60000.000000000015,6001.600000000004
177434729.1677,60000.000000000015,6001.600000000004
177434731.1677,60000.000000000015,6001.600000000004
177434733.1677,60000.000000000015,6001.600000000004
177434735.1677,60000.000000000015,6001.600000000004
177434737.1677,60000.000000000015,6001.600000000004
177434739.1677,60000.000000000015,6001.600000000004
177434741.1677,60000.000000000015,6001.600000000004
177434743.1677,60000.000000000015,6001.600000000004
177434745.1677,60000.000000000015,6001.600000000004
177434747.1677,60000.000000000015,6001.600000000004
177434749.1677,60000.000000000015,6001.600000000004
177434751.1677,60000.000000000015,6001.600000000004
177434753.1677,60000.000000000015,6001.600000000004
177434755.1677,60000.000000000015,6001.600000000004
177434757.1677,60000.000000000015,6001.600000000004
177434759.1677,60000.000000000015,6001.600000000004
177434761.1677,60000.000000000015,6001.600000000004
177434763.1677,60000.000000000015,6001.600000000004
177434765.1677,60000.000000000015,6001.600000000004
177434767.1677,60000.000000000015,6001.600000000004
177434769.1677,60000.000000000015,6001.600000000004
177434771.1677,60000.000000000015,6001.600000000004
177434773.1677,60000.000000000015,6001.600000000004
177434775.1677,60000.000000000015,6001.600000000004
177434777.1677,60000.000000000015,6001.600000000004
177434779.1677,60000.000000000015,6001.600000000004
177434781.1677,60000.000000000015,6001.600000000004
177434783.1677,60000.000000000015,6001.600000000004
177434785.1677,60000.000000000015,6001.600000000004
177434787.1677,60000.000000000015,6001.600000000004
177434789.1677,60000.000000000015,6001.600000000004
177434791.1677,60000.000000000015,6001.600000000004
177434793.1677,60000.000000000015,6001.600000000004
177434795.1677,60000.000000000015,6001.600000000004
177434797.1677,60000.000000000015,6001.600000000004
177434799.1677,60000.000000000015,6001.600000000004
177434801.1677,60000.000000000015,6001.600000000004
177434803.1677,60000.000000000015,6001.600000000004
177434805.1677,60000.000000000015,6001.600000000004
177434807.1677,60000.000000000015,6001.600000000004
177434809.1677,60000.000000000015,6001.600000000004
177434811.1677,60000.000000000015,6001.600000000004
177434813.1677,60000.000000000015,6001.600000000004
177434815.1677,60000.000000000015,6001.600000000004
177434817.1677,60000.000000000015,6001.600000000004
177434819.1677,60000.000000000015,6001.600000000004
177434821.1677,60000.000000000015,6001.600000000004
177434823.1677,60000.000000000015,6001.600000000004
177434825.1677,60000.000000000015,6001.600000000004
177434827.1677,60000.000000000015,6001.600000000004
177434829.1677,60000.000000000015,6001.600000000004
177434831.1677,60000.000000000015,6001.600000000004
177434833.1677,60000.000000000015,6001.600000000004
177434835.1677,60000.000000000015,6001.600000000004
177434837.1677,60000.000000000015,6001.600000000004
177434839.1677,60000.000000000015,6001.600000000004
177434841.1677,60000.000000000015,6001.600000000004
177434843.1677,60000.000000000015,6001.600000000004
177434845.1677,60000.000000000015,6001.600000000004
177434847.1677,60000.000000000015,6001.600000000004
177434849.1677,60000.000000000015,6001.600000000004
177434851.1677,60000.000000000015,6001.600000000004
177434853.1677,60000.000000000015,6001.600000000004
177434855.1677,60000.000000000015,6001.600000000004
177434857.1677,60000.000000000015,6001.600000000004
177434859.1677,60000.000000000015,6001.600000000004
177434861.1677,60000.000000000015,6001.600000000004
177434863.1677,60000.000000000015,6001.600000000004
177434865.1677,60000.000000000015,6001.600000000004
177434867.1677,60000.000000000015,6001.600000000004
177434869.1677,60000.000000000015,6001.600000000004
177434871.1677,60000.000000000015,6001.600000000004
177434873.1677,60000.000000000015,6001.600000000004
177434875.1677,60000.000000000015,6001.600000000004
177434877.1677,60000.000000000015,6001.600000000004
177434879.1677,60000.000000000015,6001.600000000004
177434881.1677,60000.000000000015,6001.600000000004
177434883.1677,60000.000000000015,6001.600000000004
177434885.1677,60000.000000000015,6001.600000000004
177434887.1677,60000.000000000015,6001.600000000004
177434889.1677,60000.000000000015,6001.600000000004
177434891.1677,60000.000000000015,6001.600000000004
177434893.1677,60000.000000000015,6001.600000000004
177434895.1677,60000.000000000015,6001.600000000004
177434897.1677,60000.000000000015,6001.600000000004
177434899.1677,60000.000000000015,6001.600000000004
177434901.1677,60000.000000000015,6001.600000000004
177434903.1677,60000.000000000015,6001.600000000004
177434905.1677,60000.000000000015,6001.600000000004
177434907.1677,60000.000000000015,6001.600000000004
177434909.1677,60000.000000000015,6001.600000000004
177434911.1677,60000.000000000015,6001.600000000004
177434913.1677,60000.000000000015,6001.600000000004
177434915.1677,60000.000000000015,6001.600000000004
177434917.1677,60000.000000000015,6001.600000000004
177434919.1677,60000.000000000015,6001.600000000004
177434921.1677,60000.000000000015,6001.600000000004
177434923.1677,60000.000000000015,6001.600000000004
177434925.1677,60000.000000000015,6001.600000000004
177434927.1677,60000.000000000015,6001.600000000004
177434929.1677,60000.000000000015,6001.600000000004
177434931.1677,60000.000000000015,6001.600000000004
177434933.1677,60000.000000000015,6001.600000000004
177434935.1677,60000.000000000015,6001.600000000004
177434937.1677,60000.000000000015,6001.600000000004
177434939.1677,60000.000000000015,6001.600000000004
177434941.1677,60000.000000000015,6001.600000000004
177434943.1677,60000.000000000015,6001.600000000004
177434945.1677,60000.000000000015,6001.600000000004
177434947.1677,60000.000000000015,6001.600000000004
177434949.1677,60000.000000000015,6001.600000000004
177434951.1677,60000.000000000015,6001.600000000004
177434953.1677,60000.000000000015,6001.600000000004
177434955.1677,60000.000000000015,6001.600000000004
177434957.1677,60000.000000000015,6001.600000000004
177434959.1677,60000.000000000015,6001.600000000004
177434961.1677,60000.000000000015,6001.600000000004
177434963.1677,60000.000000000015,6001.600000000004
177434965.1677,60000.000000000015,6001.600000000004
177434967.1677,60000.000000000015,6001.600000000004
177434969.1677,60000.000000000015,6001.600000000004
177434971.1677,60000.000000000015,6001.600000000004
177434973.1677,60000.000000000015,6001.600000000004
177434975.1677,60000.000000000015,6001.600000000004
177434977.1677,60000.000000000015,6001.600000000004
177434979.1677,60000.000000000015,6001.600000000004
177434981.1677,60000.000000000015,6001.600000000004
177434983.1677,60000.000000000015,6001.600000000004
177434985.1677,60000.000000000015,6001.600000000004
177434987.1677,60000.000000000015,6001.600000000004
177434989.1677,60000.000000000015,6001.600000000004
177434991.1677,60000.000000000015,6001.600000000004
177434993.1677,60000.000000000015,6001.600000000004
177434995.1677,60000.000000000015,6001.600000000004
177434997.1677,60000.000000000015,6001.600000000004
177434999.1677,60000.000000000015,6001.600000000004
177435001.1677,60000.000000000015,6001.600000000004
177435003.1677,60000.000000000015,6001.600000000004
177435005.1677,60000.000000000015,6001.600000000004
177435007.1677,60000.000000000015,6001.600000000004
177435009.1677,60000.000000000015,6001.600000000004
177435011.1677,60000.000000000015,6001.600000000004
177435013.1677,60000.000000000015,6001.600000000004
177435015.1677,60000.000000000015,6001.600000000004
177435017.1677,60000.000000000015,6001.600000000004
177435019.1677,60000.000000000015,6001.600000000004
177435021.1677,60000.000000000015,6001.600000000004
177435023.1677,60000.000000000015,6001.600000000004
177435025.1677,60000.000000000015,6001.600000000004
177435027.1677,60000.000000000015,6001.600000000004
177435029.1677,60000.000000000015,6001.600000000004
177435031.1677,60000.000000000015,6001.600000000004
177435033.1677,60000.000000000015,6001.600000000004
177435035.1677,60000.000000000015,6001.600000000004
177435037.1677,60000.000000000015,6001.600000000004
177435039.1677,60000.000000000015,6001.600000000004
177435041.1677,60000.000000000015,6001.600000000004
177435043.1677,60000.000000000015,6001.600000000004
177435045.1677,60000.000000000015,6001.600000000004
177435047.1677,60000.000000000015,6001.600000000004
177435049.1677,60000.000000000015,6001.600000000004
177435051.1677,60000.000000000015,6001.600000000004
177435053.1677,60000.000000000015,6001.600000000004
177435055.1677,60000.000000000015,6001.600000000004
177435057.1677,60000.000000000015,6001.600000000004
177435059.1677,60000.000000000015,6001.600000000004
177435061.1677,60000.000000000015,6001.600000000004
177435063.1677,60000.000000000015,6001.600000000004
177435065.1677,60000.000000000015,6001.600000000004
177435067.1677,60000.000000000015,6001.600000000004
177435069.1677,60000.000000000015,6001.600000000004
177435071.1677,60000.000000000015,6001.600000000004
177435073.1677,60000.000000000015,6001.600000000004
177435075.1677,60000.000000000015,6001.600000000004
177435077.1677,60000.000000000015,6001.600000000004
177435079.1677,60000.000000000015,6001.600000000004
177435081.1677,60000.000000000015,6001.700000000004
177435083.1677,60000.000000000015,6001.700000000004
177435085.1677,60000.000000000015,6001.700000000004
177435087.1677,60000.000000000015,6001.700000000004
177435089.1677,60000.000000000015,6001.700000000004
177435091.1677,60000.000000000015,6001.700000000004
177435093.1677,60000.000000000015,6001.700000000004
177435095.1677,60000.000000000015,6001.700000000004
177435097.1677,60000.000000000015,6001.700000000004
177435099.1677,60000.000000000015,6001.700000000004
177435101.1677,60000.000000000015,6001.700000000004
177435103.1677,60000.000000000015,6001.700000000004
177435105.1677,60000.000000000015,6001.700000000004
177435107.1677,60000.000000000015,6001.700000000004
177435109.1677,60000.000000000015,6001.700000000004
177435111.1677,60000.000000000015,6001.700000000004
177435113.1677,60000.000000000015,6001.700000000004
177435115.1677,60000.000000000015,6001.700000000004
177435117.1677,60000.000000000015,6001.700000000004
177435119.1677,60000.000000000015,6001.700000000004
177435121.1677,60000.000000000015,6001.700000000004
177435123.1677,60000.000000000015,6001.700000000004
177435125.1677,60000.000000000015,6001.700000000004
177435127.1677,60000.000000000015,6001.700000000004
177435129.1677,60000.000000000015,6001.700000000004
177435131.1677,60000.000000000015,6001.700000000004
177435133.1677,60000.000000000015,6001.700000000004
177435135.1677,60000.000000000015,6001.700000000004
177435137.1677,60000.000000000015,6001.700000000004
177435139.1677,60000.000000000015,6001.700000000004
177435141.1677,60000.000000000015,6001.700000000004
177435143.1677,60000.000000000015,6001.700000000004
177435145.1677,60000.000000000015,6001.700000000004
177435147.1677,60000.000000000015,6001.700000000004
177435149.1677,60000.000000000015,6001.700000000004
177435151.1677,60000.000000000015,6001.700000000004
177435153.1677,60000.000000000015,6001.700000000004
177435155.1677,60000.000000000015,6001.700000000004
177435157.1677,60000.000000000015,6001.700000000004
177435159.1677,59999.900000000016,6001.700000000004
177435161.1677,59999.900000000016,6001.700000000004
177435163.1677,59999.900000000016,6001.700000000004
177435165.1677,59999.900000000016,6001.700000000004
177435167.1677,59999.900000000016,6001.700000000004
177435169.1677,59999.900000000016,6001.700000000004
177435171.1677,59999.900000000016,6001.700000000004
177435173.1677,59999.80000000002,6001.700000000004
177435175.1677,59999.80000000002,6001.700000000004
177435177.1677,59999.80000000002,6001.700000000004
177435179.1677,59999.80000000002,6001.700000000004
177435181.1677,59999.80000000002,6001.700000000004
177435183.1677,59999.80000000002,6001.700000000004
177435185.1677,59999.80000000002,6001.700000000004
177435187.1677,59999.80000000002,6001.700000000004
177435189.1677,59999.80000000002,6001.700000000004
177435191.1677,59999.70000000002,6001.700000000004
177435193.1677,59999.900000000016,6001.700000000004
177435195.1677,59999.80000000002,6001.700000000004
177435197.1677,59999.80000000002,6001.700000000004
177435199.1677,59999.80000000002,6001.700000000004
177435201.1677,59999.80000000002,6001.700000000004
177435203.1677,59999.80000000002,6001.700000000004
177435205.1677,59999.80000000002,6001.700000000004
177435207.1677,59999.80000000002,6001.700000000004
177435209.1677,59999.80000000002,6001.700000000004
177435211.1677,59999.80000000002,6001.800000000005
177435213.1677,59999.80000000002,6001.800000000005
177435215.1677,59999.80000000002,6001.800000000005
177435217.1677,59999.80000000002,6001.800000000005
177435219.1677,59999.80000000002,6001.800000000005
177435221.1677,59999.80000000002,6001.800000000005
177435223.1677,59999.70000000002,6001.800000000005
177435225.1677,59999.70000000002,6001.800000000005
177435227.1677,59999.70000000002,6001.800000000005
177435229.1677,59999.70000000002,6001.800000000005
177435231.1677,59999.70000000002,6001.800000000005
177435233.1677,59999.70000000002,6001.800000000005
177435235.1677,59999.70000000002,6001.800000000005
177435237.1677,59999.70000000002,6001.800000000005
177435239.1677,59999.70000000002,6001.800000000005
177435241.1677,59999.70000000002,6001.800000000005
177435243.1677,59999.70000000002,6001.800000000005
177435245.1677,59999.70000000002,6001.800000000005
177435247.1677,59999.70000000002,6001.800000000005
177435249.1677,59999.70000000002,6001.800000000005
177435251.1677,59999.70000000002,6001.800000000005
177435253.1677,59999.70000000002,6001.800000000005
177435255.1677,59999.70000000002,6001.800000000005
177435257.1677,59999.70000000002,6001.800000000005
177435259.1677,59999.70000000002,6001.800000000005
177435261.1677,59999.70000000002,6001.800000000005
177435263.1677,59999.70000000002,6001.800000000005
177435265.1677,59999.70000000002,6001.800000000005
177435267.1677,59999.70000000002,6001.800000000005
177435269.1677,59999.70000000002,6001.800000000005
177435271.1677,59999.70000000002,6001.800000000005
177435273.1677,59999.70000000002,6001.800000000005
177435275.1677,59999.70000000002,6001.800000000005
177435277.1677,59999.70000000002,6001.800000000005
177435281.1677,59999.70000000002,6001.800000000005
177435291.1677,59999.70000000002,6001.800000000005
177435293.1677,59999.70000000002,6001.800000000005
177435295.1677,59999.70000000002,6001.800000000005
177435297.1677,59999.70000000002,6001.800000000005
177435299.1677,59999.70000000002,6001.800000000005
177435301.1677,59999.70000000002,6001.800000000005
177435303.1677,59999.70000000002,6001.800000000005
177435305.1677,59999.70000000002,6001.800000000005
177435307.1677,59999.70000000002,6001.800000000005
177435309.1677,59999.70000000002,6001.800000000005
177435311.1677,59999.70000000002,6001.800000000005
177435313.1677,59999.70000000002,6001.800000000005
177435315.1677,59999.70000000002,6001.800000000005
177435317.1677,59999.70000000002,6001.800000000005
177435319.1677,59999.70000000002,6001.800000000005
177435321.1677,59999.70000000002,6001.800000000005
177435323.1677,59999.70000000002,6001.800000000005
177435325.1677,59999.70000000002,6001.800000000005
177435327.1677,59999.70000000002,6001.800000000005
177435329.1677,59999.70000000002,6001.800000000005
177435331.1677,59999.70000000002,6001.800000000005
177435333.1677,59999.70000000002,6001.800000000005
177435335.1677,59999.70000000002,6001.800000000005
177435337.1677,59999.70000000002,6001.800000000005
177435339.1677,59999.70000000002,6001.800000000005
177435341.1677,59999.70000000002,6001.800000000005
177435343.1677,59999.70000000002,6001.800000000005
177435345.1677,59999.70000000002,6001.800000000005
177435347.1677,59999.70000000002,6001.800000000005
177435349.1677,59999.70000000002,6001.800000000005
177435351.1677,59999.70000000002,6001.800000000005
177435353.1677,59999.70000000002,6001.800000000005
177435355.1677,59999.70000000002,6001.800000000005
177435357.1677,59999.70000000002,6001.800000000005
177435359.1677,59999.70000000002,6001.800000000005
177435361.1677,59999.70000000002,6001.800000000005
177435363.1677,59999.70000000002,6001.800000000005
177435365.1677,59999.70000000002,6001.800000000005
177435367.1677,59999.70000000002,6001.800000000005
177435369.1677,59999.70000000002,6001.800000000005
177435371.1677,59999.70000000002,6001.800000000005
177435373.1677,59999.70000000002,6001.800000000005
177435375.1677,59999.70000000002,6001.800000000005
177435377.1677,59999.70000000002,6001.800000000005
177435379.1677,59999.70000000002,6001.800000000005
177435381.1677,59999.70000000002,6001.800000000005
177435383.1677,59999.70000000002,6001.800000000005
177435385.1677,59999.70000000002,6001.800000000005
177435387.1677,59999.70000000002,6001.800000000005
177435389.1677,59999.70000000002,6001.800000000005
177435391.1677,59999.70000000002,6001.800000000005
177435393.1677,59999.70000000002,6001.800000000005
177435395.1677,59999.70000000002,6001.800000000005
177435397.1677,59999.70000000002,6001.800000000005
177435399.1677,59999.70000000002,6001.800000000005
177435401.1677,59999.70000000002,6001.800000000005
177435403.1677,59999.70000000002,6001.800000000005
177435405.1677,59999.70000000002,6001.800000000005
177435407.1677,59999.70000000002,6001.800000000005
177435409.1677,59999.70000000002,6001.800000000005
177435411.1677,59999.70000000002,6001.800000000005
177435413.1677,59999.70000000002,6001.800000000005
177435415.1677,59999.70000000002,6001.800000000005
177435417.1677,59999.70000000002,6001.800000000005
177435419.1677,59999.70000000002,6001.800000000005
177435421.1677,59999.70000000002,6001.800000000005
177435423.1677,59999.70000000002,6001.800000000005
177435425.1677,59999.70000000002,6001.800000000005
177435427.1677,59999.70000000002,6001.800000000005
177435429.1677,59999.70000000002,6001.800000000005
177435431.1677,59999.70000000002,6001.800000000005
177435433.1677,59999.70000000002,6001.800000000005
177435435.1677,59999.70000000002,6001.800000000005
177435437.1677,59999.70000000002,6001.800000000005
177435439.1677,59999.70000000002,6001.800000000005
177435441.1677,59999.70000000002,6001.800000000005
177435443.1677,59999.70000000002,6001.800000000005
177435445.1677,59999.70000000002,6001.800000000005
177435447.1677,59999.70000000002,6001.800000000005
177435449.1677,59999.70000000002,6001.800000000005
177435451.1677,59999.70000000002,6001.800000000005
177435453.1677,59999.70000000002,6001.800000000005
177435455.1677,59999.70000000002,6001.800000000005
177435457.1677,59999.70000000002,6001.800000000005
177435459.1677,59999.70000000002,6001.800000000005
177435461.1677,59999.70000000002,6001.800000000005
177435463.1677,59999.70000000002,6001.800000000005
177435465.1677,59999.70000000002,6001.800000000005
177435467.1677,54599.900000000016,6001.800000000005
177435469.1677,54599.900000000016,6001.800000000005
177435471.1677,54599.900000000016,6001.800000000005
177435473.1677,54599.900000000016,6001.800000000005
177435475.1677,54599.900000000016,6001.800000000005
177435477.1677,54599.900000000016,6001.800000000005
177435479.1677,54599.900000000016,6001.800000000005
177435481.1677,54599.900000000016,6001.800000000005
177435483.1677,54599.900000000016,6001.800000000005
177435485.1677,54599.900000000016,6001.800000000005
177435487.1677,54599.900000000016,6001.800000000005
177435489.1677,54599.900000000016,6001.800000000005
177435491.1677,54599.900000000016,6001.800000000005
177435493.1677,54599.900000000016,6001.800000000005
177435495.1677,54599.900000000016,6001.800000000005
177435497.1677,54599.900000000016,6001.800000000005
177435499.1677,54599.900000000016,6001.800000000005
177435501.1677,54599.900000000016,6001.800000000005
177435503.1677,54599.900000000016,6001.800000000005
177435505.1677,54599.900000000016,6001.800000000005
177435507.1677,54599.900000000016,6001.800000000005
177435509.1677,54599.900000000016,6001.800000000005
177435511.1677,54599.900000000016,6001.800000000005
177435513.1677,54599.900000000016,6001.800000000005
177435515.1677,54599.900000000016,6001.800000000005
177435517.1677,54599.900000000016,6001.800000000005
177435519.1677,54599.900000000016,6001.800000000005
177435521.1677,54599.900000000016,6001.800000000005
177435523.1677,54599.900000000016,6001.800000000005
177435525.1677,54599.900000000016,6001.800000000005
177435527.1677,54599.900000000016,6001.800000000005
177435529.1677,54599.900000000016,6001.800000000005
177435531.1677,54599.900000000016,6001.800000000005
177435533.1677,54599.900000000016,6001.800000000005
177435535.1677,54599.900000000016,6001.800000000005
177435537.1677,54599.900000000016,6001.800000000005
177435539.1677,54599.900000000016,6001.800000000005
177435541.1677,54599.900000000016,6001.800000000005
177435543.1677,54599.900000000016,6001.800000000005
177435545.1677,54599.900000000016,6001.800000000005
177435547.1677,54599.900000000016,6001.800000000005
177435549.1677,54599.900000000016,6001.800000000005
177435551.1677,54599.900000000016,6001.800000000005
177435553.1677,54599.900000000016,6001.800000000005
177435555.1677,54599.900000000016,6001.800000000005
177435557.1677,54599.900000000016,6001.800000000005
177435559.1677,54599.900000000016,6001.800000000005
177435561.1677,54599.900000000016,6001.800000000005
177435563.1677,54599.900000000016,6001.800000000005
177435565.1677,54599.900000000016,6001.800000000005
177435567.1677,54599.900000000016,6001.800000000005
177435569.1677,54599.900000000016,6001.800000000005
177435571.1677,54599.900000000016,6001.800000000005
177435573.1677,54599.900000000016,6001.800000000005
177435575.1677,54599.900000000016,6001.800000000005
177435577.1677,54599.900000000016,6001.800000000005
177435579.1677,54599.900000000016,6001.800000000005
177435581.1677,54599.900000000016,6001.800000000005
177435583.1677,54599.900000000016,6001.800000000005
177435585.1677,54599.900000000016,6001.800000000005
177435587.1677,54599.900000000016,6001.800000000005
177435589.1677,54599.900000000016,6001.800000000005
177435591.1677,54599.900000000016,6001.800000000005
177435593.1677,54599.900000000016,6001.800000000005
177435595.1677,54599.900000000016,6001.800000000005
177435597.1677,54599.900000000016,6001.800000000005
177435599.1677,54599.900000000016,6001.800000000005
177435601.1677,54599.900000000016,6001.800000000005
177435603.1677,54599.900000000016,6001.800000000005
177435605.1677,54599.900000000016,6001.900000000005
177435607.1677,54599.900000000016,6001.900000000005
177435609.1677,60000.000000000015,6001.900000000005
177435611.1677,60000.000000000015,6001.900000000005
177435613.1677,60000.000000000015,6001.900000000005
177435615.1677,60000.000000000015,6001.900000000005
177435617.1677,60000.000000000015,6001.900000000005
177435619.1677,60000.000000000015,6001.900000000005
177435621.1677,60000.000000000015,6001.900000000005
177435623.1677,60000.000000000015,6001.900000000005
177435625.1677,60000.000000000015,6001.900000000005
177435627.1677,69999.80000000002,6001.900000000005
177435629.1677,69999.80000000002,6001.900000000005
177435631.1677,69999.80000000002,6001.900000000005
177435633.1677,69999.80000000002,6001.900000000005
177435635.1677,69999.80000000002,6001.900000000005
177435637.1677,69999.80000000002,6001.900000000005
177435639.1677,69999.80000000002,6001.900000000005
177435641.1677,69999.80000000002,6001.900000000005
177435643.1677,69999.80000000002,6001.900000000005
177435645.1677,69999.80000000002,6001.900000000005
177435647.1677,69999.80000000002,6001.900000000005
177435649.1677,69999.80000000002,6001.900000000005
177435651.1677,69999.80000000002,6001.900000000005
177435653.1677,69999.80000000002,6001.900000000005
177435655.1677,69999.80000000002,6001.900000000005
177435657.1677,69999.80000000002,6001.900000000005
177435659.1677,69999.80000000002,6001.900000000005
177435661.1677,69999.80000000002,6001.900000000005
177435663.1677,69999.80000000002,6001.900000000005
177435665.1677,69999.80000000002,6001.900000000005
177435667.1677,69999.80000000002,6001.900000000005
177435669.1677,69999.80000000002,6001.900000000005
177435671.1677,69999.80000000002,6001.900000000005
177435673.1677,69999.80000000002,6001.900000000005
177435675.1677,69999.80000000002,6001.900000000005
177435677.1677,69999.80000000002,6001.900000000005
177435679.1677,69999.80000000002,6001.900000000005
177435681.1677,69999.80000000002,6001.900000000005
177435683.1677,69999.80000000002,6001.900000000005
177435685.1677,69999.80000000002,6001.900000000005
177435687.1677,69999.80000000002,6001.900000000005
177435689.1677,69999.80000000002,6001.900000000005
177435691.1677,69999.80000000002,6001.900000000005
177435693.1677,69999.80000000002,6001.900000000005
177435695.1677,69999.80000000002,6001.900000000005
177435697.1677,69999.80000000002,6001.900000000005
177435699.1677,69999.80000000002,6001.900000000005
177435701.1677,69999.80000000002,6001.900000000005
177435703.1677,69999.80000000002,6001.900000000005
177435705.1677,69999.80000000002,6001.900000000005
177435707.1677,69999.80000000002,6001.900000000005
177435709.1677,69999.80000000002,6001.900000000005
177435711.1677,69999.80000000002,6001.900000000005
177435713.1677,69999.80000000002,6001.900000000005
177435715.1677,69999.80000000002,6001.900000000005
177435717.1677,69999.80000000002,6001.900000000005
177435719.1677,69999.80000000002,6001.900000000005
177435721.1677,69999.80000000002,6001.900000000005
177435723.1677,69999.80000000002,6001.900000000005
177435725.1677,69999.80000000002,6001.900000000005
177435727.1677,69999.80000000002,6001.900000000005
177435729.1677,69999.80000000002,6001.900000000005
177435731.1677,69999.80000000002,6001.900000000005
177435733.1677,69999.80000000002,6001.900000000005
177435735.1677,69999.80000000002,6001.900000000005
177435737.1677,69999.80000000002,6001.900000000005
177435739.1677,69999.80000000002,6001.900000000005
177435741.1677,69999.80000000002,6001.900000000005
177435743.1677,69999.80000000002,6001.900000000005
177435745.1677,69999.80000000002,6001.900000000005
177435747.1677,69999.80000000002,6001.900000000005
177435749.1677,69999.80000000002,6001.900000000005
177435751.1677,69999.80000000002,6001.900000000005
177435753.1677,69999.80000000002,6001.900000000005
177435755.1677,69999.80000000002,6001.900000000005
177435757.1677,69999.80000000002,6001.900000000005
177435759.1677,69999.80000000002,6001.900000000005
177435761.1677,69999.80000000002,6001.900000000005
177435763.1677,69999.80000000002,6001.900000000005
177435765.1677,69999.80000000002,6001.900000000005
177435767.1677,69999.80000000002,6001.900000000005
177435769.1677,69999.80000000002,6001.900000000005
177435771.1677,69999.80000000002,6001.900000000005
177435773.1677,69999.80000000002,6001.900000000005
177435775.1677,69999.80000000002,6001.900000000005
177435777.1677,69999.80000000002,6001.900000000005
177435779.2677,69999.80000000002,6001.900000000005
177435781.1677,69999.80000000002,6001.900000000005
177435783.1677,69999.80000000002,6001.900000000005
177435785.1677,69999.80000000002,6001.900000000005
177435787.1677,69999.80000000002,6001.900000000005
177435789.1677,69999.80000000002,6001.900000000005
177435791.1677,69999.80000000002,6001.900000000005
177435793.1677,69999.80000000002,6001.900000000005
177435795.1677,69999.80000000002,6001.900000000005
177435797.1677,69999.80000000002,6001.900000000005
177435799.1677,69999.80000000002,6001.900000000005
177435801.1677,69999.80000000002,6001.900000000005
